epoch,train_loss,train_mse,train_pde_mse,train_pde_mse_absolute,train_state_rel_l2,val_loss,val_pde_mse,val_pde_mse_absolute,val_state_mse,val_mse,val_state_rel_l2,test_loss,test_mse,test_pde_mse,test_pde_mse_absolute,test_state_rel_l2,lr
1,0.1671529784798622,0.11437560617923737,1.0555474758148193,1.3525495529174805,0.9982870817184448,0.18247279524803162,1.3362013101577759,1.7121716737747192,0.11566272377967834,0.11566272377967834,1.0266308784484863,0.09824717789888382,0.07514561712741852,0.46203121542930603,0.5920341610908508,1.0217959880828857,0.0009999983722015927
2,0.16635393351316452,0.11357925832271576,1.0554935932159424,1.3524805903434753,0.9993159174919128,0.18506267666816711,1.3360551595687866,1.711984634399414,0.11825990676879883,0.11825990676879883,1.0581690073013306,0.10045728832483292,0.077360138297081,0.46194297075271606,0.5919210314750671,1.0470296144485474,0.0009999934888175275
3,0.16584136337041855,0.11308484897017479,1.0551303625106812,1.3520150780677795,1.0013458728790283,0.1869479864835739,1.3356044292449951,1.711406946182251,0.12016776204109192,0.12016776204109192,1.0827964544296265,0.10210494697093964,0.07902032136917114,0.46169257164001465,0.591600239276886,1.066945195198059,0.0009999853498812749
4,0.16596268117427826,0.11323864758014679,1.054480642080307,1.3511828184127808,1.005580872297287,0.18886709213256836,1.3349601030349731,1.7105814218521118,0.12211908400058746,0.12211908400058746,1.1083811521530151,0.1038084477186203,0.08074165880680084,0.46133577823638916,0.591143012046814,1.087989091873169,0.000999973955448618
5,0.16600415855646133,0.11331622675061226,1.053758680820465,1.3502575755119324,1.0096353888511658,0.19009169936180115,1.3340517282485962,1.709417462348938,0.1233891099691391,0.1233891099691391,1.1251449584960938,0.10492347925901413,0.08187642693519592,0.46094101667404175,0.59063720703125,1.1020023822784424,0.000999959305597653
6,0.16592016071081161,0.11328195407986641,1.0527641773223877,1.3489831686019897,1.0099433362483978,0.19021564722061157,1.332819938659668,1.7078388929367065,0.1235746443271637,0.1235746443271637,1.1278588771820068,0.10508063435554504,0.08205254375934601,0.4605618119239807,0.590151309967041,1.1043291091918945,0.0009999414004287885
7,0.16585781425237656,0.11327706649899483,1.0516148805618286,1.347510576248169,1.010215163230896,0.18975627422332764,1.3311091661453247,1.7056466341018677,0.12320081889629364,0.12320081889629364,1.1234405040740967,0.10474175214767456,0.0817362368106842,0.4601103663444519,0.5895727872848511,1.1007064580917358,0.0009999202400647444
8,0.1657329872250557,0.11322193220257759,1.0502209961414337,1.3457245230674744,1.0095217823982239,0.1893104612827301,1.328696608543396,1.7025552988052368,0.1228756383061409,0.1228756383061409,1.1197872161865234,0.10444175451993942,0.08146925270557404,0.45945003628730774,0.5887266397476196,1.0977638959884644,0.0009998958246505512
9,0.1656043529510498,0.11320611089468002,1.0479649007320404,1.342833399772644,1.0090050101280212,0.18810585141181946,1.3253060579299927,1.6982108354568481,0.12184054404497147,0.12184054404497147,1.1071473360061646,0.10351084917783737,0.08058208972215652,0.45857521891593933,0.5876057147979736,1.0874042510986328,0.0009998681543535498
10,0.1652609407901764,0.11302010342478752,1.0448166728019714,1.3387995958328247,1.006219744682312,0.18694978952407837,1.3203566074371338,1.6918686628341675,0.1209319531917572,0.1209319531917572,1.0965404510498047,0.10268498957157135,0.0798233300447464,0.45723316073417664,0.5858860611915588,1.0788764953613281,0.0009998372293633891
11,0.16500858217477798,0.1129717081785202,1.040737509727478,1.3335726857185364,1.0045477449893951,0.18562176823616028,1.3131030797958374,1.6825742721557617,0.11996661126613617,0.11996661126613617,1.0857880115509033,0.10179764032363892,0.07903643697500229,0.45522400736808777,0.5833115577697754,1.0703961849212646,0.000999803049892026
12,0.16435972601175308,0.11271551996469498,1.0328840613365173,1.3235094249248505,1.0025483965873718,0.18467387557029724,1.3028825521469116,1.669477939605713,0.11952975392341614,0.11952975392341614,1.0827406644821167,0.10134918987751007,0.07873609662055969,0.4522617757320404,0.5795158743858337,1.0683395862579346,0.000999765616173722
13,0.16368963569402695,0.11252047121524811,1.0233832895755768,1.311335414648056,1.0011197328567505,0.18327295780181885,1.287656307220459,1.6499676704406738,0.11889015138149261,0.11889015138149261,1.078554630279541,0.100694440305233,0.07830321043729782,0.4478245973587036,0.5738301277160645,1.0656296014785767,0.000999724928465044
14,0.16278856992721558,0.11227452009916306,1.0102810263633728,1.2945464849472046,0.9993323087692261,0.18133842945098877,1.2645035982131958,1.62030029296875,0.11811325699090958,0.11811325699090958,1.0747206211090088,0.09986647963523865,0.07781174778938293,0.44109460711479187,0.5652065873146057,1.063529133796692,0.000999680987044861
15,0.16123128682374954,0.111823420971632,0.9881573617458344,1.2661978006362915,0.9968937933444977,0.17848752439022064,1.2295960187911987,1.575570821762085,0.11700771749019623,0.11700771749019623,1.0699596405029297,0.09866148978471756,0.07711631804704666,0.4309033751487732,0.5521478056907654,1.0610252618789673,0.0009996337922143427
16,0.15899410843849182,0.11111755669116974,0.9575309455394745,1.2269539833068848,0.9929499626159668,0.17457368969917297,1.1787545680999756,1.5104236602783203,0.11563596874475479,0.11563596874475479,1.0674968957901,0.09715773165225983,0.07634429633617401,0.4162687361240387,0.5333954095840454,1.0611538887023926,0.000999583344296957
17,0.1558295302093029,0.11010896414518356,0.9144113212823868,1.1717016398906708,0.9876193106174469,0.16919156908988953,1.1110786199569702,1.423705816268921,0.11363764107227325,0.11363764107227325,1.0643078088760376,0.09503490477800369,0.07520683109760284,0.39656147360801697,0.5081430673599243,1.061320424079895,0.0009995296436384681
18,0.1526242047548294,0.10887410491704941,0.8750019669532776,1.1212035417556763,0.9811270833015442,0.16250239312648773,1.0332417488098145,1.3239675760269165,0.11084030568599701,0.11084030568599701,1.0599963665008545,0.0922909826040268,0.07362730801105499,0.37327340245246887,0.47830232977867126,1.06134033203125,0.0009994726906069349
19,0.14843516051769257,0.10639510676264763,0.8408010900020599,1.0773795545101166,0.9679884612560272,0.15602324903011322,0.9674578905105591,1.2396739721298218,0.10765035450458527,0.10765035450458527,1.0576472282409668,0.08948489278554916,0.07183109223842621,0.3530760407447815,0.4524219334125519,1.0626291036605835,0.0009994124855927063
20,0.14508448541164398,0.10390372574329376,0.8236150741577148,1.055357813835144,0.9548186957836151,0.15037353336811066,0.9176926016807556,1.1759061813354492,0.10448890179395676,0.10448890179395676,1.052183985710144,0.08666945993900299,0.0697065144777298,0.3392588496208191,0.43471699953079224,1.059309720993042,0.0009993490290084214
21,0.14201734215021133,0.10214977711439133,0.7973513305187225,1.021704226732254,0.9435539245605469,0.14542779326438904,0.8592662811279297,1.101040244102478,0.10246448218822479,0.10246448218822479,1.0468432903289795,0.0841493085026741,0.06797079741954803,0.323570191860199,0.4146139919757843,1.0542564392089844,0.0009992823212890045
22,0.13682281970977783,0.10040872544050217,0.7282819151878357,0.9332004487514496,0.9344262182712555,0.1422746777534485,0.8089168071746826,1.0365239381790161,0.10182884335517883,0.10182884335517883,1.050826072692871,0.08243594318628311,0.06710948795080185,0.30652907490730286,0.3927779495716095,1.0560455322265625,0.0009992123628916624
23,0.13259514793753624,0.09896530210971832,0.6725969910621643,0.8618473708629608,0.9267056584358215,0.13921889662742615,0.7623770833015442,0.9768891930580139,0.10110004246234894,0.10110004246234894,1.0490339994430542,0.08021004498004913,0.0658428966999054,0.28734302520751953,0.36819347739219666,1.0516711473464966,0.0009991391542958825
24,0.1285242885351181,0.09753695502877235,0.6197466254234314,0.7941263020038605,0.9190350770950317,0.13584406673908234,0.7177155017852783,0.9196610450744629,0.09995828568935394,0.09995828568935394,1.0435700416564941,0.0772843211889267,0.0639645904302597,0.26639464497566223,0.341350793838501,1.0429201126098633,0.000999062696003428
25,0.12376996502280235,0.09508565068244934,0.5736862421035767,0.7351058721542358,0.9063170552253723,0.13368509709835052,0.6852624416351318,0.8780766129493713,0.09942197799682617,0.09942197799682617,1.042675495147705,0.07441935688257217,0.062102340161800385,0.24634027481079102,0.3156536817550659,1.0350627899169922,0.0009989829885383356
26,0.11997871100902557,0.09262241423130035,0.5471259504556656,0.7010722458362579,0.8918086588382721,0.13266512751579285,0.6710156798362732,0.8598210215568542,0.09911434352397919,0.09911434352397919,1.0401607751846313,0.0716821551322937,0.06013817340135574,0.23087961971759796,0.2958427965641022,1.0248496532440186,0.0009989000324469113
27,0.11614435166120529,0.08980441465973854,0.5267987549304962,0.6750254780054092,0.8769538104534149,0.1322077214717865,0.6535559892654419,0.83744877576828,0.0995299220085144,0.0995299220085144,1.0406227111816406,0.0698450580239296,0.05913335829973221,0.21423403918743134,0.2745136618614197,1.018014669418335,0.000998813828297727
28,0.11224233731627464,0.08781721442937851,0.48850248754024506,0.6259537041187286,0.8668765425682068,0.13128337264060974,0.6232557892799377,0.7986229658126831,0.10012058913707733,0.10012058913707733,1.0497791767120361,0.06897158175706863,0.0591130256652832,0.1971711665391922,0.25264972448349,1.021597146987915,0.0009987243766816161
29,0.10890312865376472,0.08645455539226532,0.4489714801311493,0.5752997398376465,0.8628940880298615,0.130179300904274,0.5968160629272461,0.7647438645362854,0.10033849626779556,0.10033849626779556,1.0567845106124878,0.06797267496585846,0.05882420763373375,0.1829693466424942,0.23445191979408264,1.0222363471984863,0.0009986316782116702
30,0.10571478679776192,0.08484035357832909,0.4174886792898178,0.53495854139328,0.8565455675125122,0.128478541970253,0.5715087056159973,0.7323155999183655,0.09990310668945312,0.09990310668945312,1.0605523586273193,0.0666527971625328,0.0581054762005806,0.17094646394252777,0.21904613077640533,1.0197041034698486,0.0009985357335232344
31,0.10270687192678452,0.08291434869170189,0.39585044980049133,0.5072319507598877,0.8457792401313782,0.12512633204460144,0.5474950075149536,0.7015451788902283,0.09775158017873764,0.09775158017873764,1.058107614517212,0.06413216143846512,0.05609365925192833,0.16077007353305817,0.20600637793540955,1.0120254755020142,0.0009984365432739021
32,0.0997254028916359,0.08093910291790962,0.37572596967220306,0.48144498467445374,0.8322828412055969,0.12172152101993561,0.5248528122901917,0.6725320816040039,0.09547887742519379,0.09547887742519379,1.0484639406204224,0.061818208545446396,0.054234832525253296,0.151667520403862,0.19434261322021484,0.9981943368911743,0.0009983341081435128
33,0.0964110977947712,0.07897531241178513,0.34871572256088257,0.4468347877264023,0.8221031427383423,0.11982579529285431,0.49778395891189575,0.6378467679023743,0.09493659436702728,0.09493659436702728,1.0581746101379395,0.0614749975502491,0.05417466163635254,0.14600670337677002,0.1870889961719513,1.0006569623947144,0.0009982284288341454
34,0.0938207320868969,0.07772580161690712,0.32189860194921494,0.41247205436229706,0.82143834233284,0.11899431049823761,0.4796181917190552,0.6145696043968201,0.09501340240240097,0.09501340240240097,1.0762882232666016,0.06176023185253143,0.05459678918123245,0.14326882362365723,0.18358074128627777,1.0092113018035889,0.0009981195060701138
35,0.09106342121958733,0.07569070160388947,0.30745433270931244,0.3939635753631592,0.8150009214878082,0.11655019223690033,0.4658734202384949,0.5969575047492981,0.09325651824474335,0.09325651824474335,1.076799750328064,0.0598401315510273,0.052877284586429596,0.13925696909427643,0.17844006419181824,0.999646782875061,0.0009980073405979624
36,0.088585015386343,0.07332155480980873,0.30526918172836304,0.39116357266902924,0.798440009355545,0.11304128170013428,0.4532804489135742,0.5808212161064148,0.09037725627422333,0.09037725627422333,1.0625920295715332,0.056621696799993515,0.04985416680574417,0.13535061478614807,0.17343458533287048,0.974753737449646,0.000997891933186461
37,0.08615156635642052,0.07168508321046829,0.2893296182155609,0.37073907256126404,0.7859330177307129,0.11050407588481903,0.42871206998825073,0.5493398904800415,0.0890684723854065,0.0890684723854065,1.058053970336914,0.05541915446519852,0.04886939749121666,0.13099513947963715,0.16785359382629395,0.9656081199645996,0.000997773284626599
38,0.08346930146217346,0.07038668170571327,0.2616523876786232,0.33527421206235886,0.779061883687973,0.10930021107196808,0.41645142436027527,0.5336294770240784,0.08847764134407043,0.08847764134407043,1.0688385963439941,0.05478612333536148,0.04829161986708641,0.1298900544643402,0.16643758118152618,0.9681854248046875,0.0009976513957315803
39,0.08156624063849449,0.06910127028822899,0.24929940700531006,0.3194454312324524,0.777831107378006,0.10992377996444702,0.4120764434337616,0.5280234813690186,0.08931995928287506,0.08931995928287506,1.0941405296325684,0.05498369783163071,0.04844461381435394,0.13078171014785767,0.16758012771606445,0.9781794548034668,0.0009975262673368177
40,0.07901488617062569,0.06708741188049316,0.23854950070381165,0.3056707978248596,0.7692657113075256,0.10826167464256287,0.4085133373737335,0.5234578251838684,0.08783600479364395,0.08783600479364395,1.0963819026947021,0.05290991812944412,0.04631746560335159,0.13184906542301178,0.16894778609275818,0.9662389755249023,0.0009973979002999274
41,0.07759705185890198,0.06516288220882416,0.24868342280387878,0.3186561167240143,0.7555638551712036,0.10708454996347427,0.404636412858963,0.5184900164604187,0.08685272932052612,0.08685272932052612,1.1019351482391357,0.05130793899297714,0.04463570564985275,0.13344469666481018,0.1709923893213272,0.9564712047576904,0.0009972662955007225
42,0.07577013224363327,0.06378456391394138,0.23971132189035416,0.30715952813625336,0.7503249645233154,0.10766428709030151,0.396060049533844,0.5075005292892456,0.08786128461360931,0.08786128461360931,1.1252596378326416,0.05233515053987503,0.04589296504855156,0.12884369492530823,0.16509678959846497,0.9791456460952759,0.000997131453841208
43,0.07428949698805809,0.06307907775044441,0.22420836240053177,0.2872944623231888,0.7475364506244659,0.10607094317674637,0.3901883661746979,0.49997663497924805,0.08656152337789536,0.08656152337789536,1.118715763092041,0.051027923822402954,0.044728342443704605,0.12599165737628937,0.16144226491451263,0.9703283309936523,0.0009969933762455727
44,0.07310882583260536,0.06225394830107689,0.21709752827882767,0.27818281948566437,0.7432184219360352,0.10489211976528168,0.37868532538414,0.4852370619773865,0.0859578549861908,0.0859578549861908,1.1239789724349976,0.05054730921983719,0.04433710128068924,0.124204121530056,0.15915176272392273,0.9731706380844116,0.0009968520636601855
45,0.07166220247745514,0.06101571209728718,0.21292976289987564,0.2728423625230789,0.73397496342659,0.10291723906993866,0.3697749078273773,0.47381946444511414,0.08442848920822144,0.08442848920822144,1.1207548379898071,0.049204811453819275,0.042904116213321686,0.12601393461227417,0.16147081553936005,0.9646738767623901,0.0009967075170535873
46,0.07142225466668606,0.06065620109438896,0.21532108634710312,0.2759065479040146,0.7249469459056854,0.10042405873537064,0.3574754297733307,0.4580592215061188,0.0825502872467041,0.0825502872467041,1.1096760034561157,0.04791498929262161,0.041831210255622864,0.12167561799287796,0.15591181814670563,0.9584871530532837,0.000996559737416484
47,0.06971636414527893,0.0596217792481184,0.2018917128443718,0.2586985155940056,0.7268490195274353,0.10388854891061783,0.3528279960155487,0.4521041810512543,0.08624714612960815,0.08624714612960815,1.1628317832946777,0.05178983509540558,0.045938245952129364,0.1170317530632019,0.14996129274368286,1.012790322303772,0.0009964087257617405
48,0.06857320666313171,0.059267040342092514,0.18612337857484818,0.2384934201836586,0.732428640127182,0.1005033627152443,0.3329140245914459,0.42658692598342896,0.08385766297578812,0.08385766297578812,1.1498191356658936,0.04919896647334099,0.043484874069690704,0.11428182572126389,0.1464376002550125,0.9876670837402344,0.0009962544831243743
49,0.06709630787372589,0.057889267802238464,0.18414077162742615,0.2359529361128807,0.7187823951244354,0.09618216753005981,0.31785938143730164,0.407296359539032,0.08028919994831085,0.08028919994831085,1.1251332759857178,0.04612725228071213,0.040180087089538574,0.11894326657056808,0.15241064131259918,0.952136754989624,0.0009960970105615467
50,0.0661814957857132,0.05663803592324257,0.19086916744709015,0.24457450956106186,0.7048750817775726,0.09447205066680908,0.3082449436187744,0.3949766755104065,0.07905980199575424,0.07905980199575424,1.121797800064087,0.04542190954089165,0.03964642807841301,0.11550961434841156,0.14801086485385895,0.9486528635025024,0.0009959363091525573
51,0.06596219353377819,0.057156067341566086,0.1761225014925003,0.22567855566740036,0.7172264754772186,0.0987190380692482,0.3124420642852783,0.4003547132015228,0.0830969363451004,0.0830969363451004,1.1765856742858887,0.0500287227332592,0.04460809752345085,0.1084124892950058,0.13891679048538208,1.0124694108963013,0.0009957723799988354
52,0.0640487503260374,0.055752769112586975,0.16591961681842804,0.2126048505306244,0.7175333201885223,0.09487617760896683,0.3043462038040161,0.38998091220855713,0.0796588659286499,0.0796588659286499,1.1505109071731567,0.04737819731235504,0.0420353040099144,0.10685784369707108,0.13692472875118256,0.9832147359848022,0.000995605224223933
53,0.06251611933112144,0.054316071793437004,0.16400092840194702,0.21014630794525146,0.7024725079536438,0.09086433798074722,0.30152642726898193,0.3863677382469177,0.07578801363706589,0.07578801363706589,1.1219847202301025,0.04485272616147995,0.03927794098854065,0.1114957258105278,0.1428675651550293,0.9536508321762085,0.0009954348429735173
54,0.061622004956007004,0.053018227219581604,0.1720755249261856,0.2204928696155548,0.6881476044654846,0.08901869505643845,0.3029538094997406,0.3881967067718506,0.07387100160121918,0.07387100160121918,1.1143200397491455,0.04392556846141815,0.03829525411128998,0.11260626465082169,0.14429061114788055,0.9457485675811768,0.000995261237415362
55,0.06081909127533436,0.05236773565411568,0.16902708262205124,0.216586671769619,0.6826288104057312,0.0879402607679367,0.299815833568573,0.3841758370399475,0.07294946908950806,0.07294946908950806,1.1158723831176758,0.04386524111032486,0.03829939290881157,0.11131696403026581,0.14263850450515747,0.948804497718811,0.0009950844087393406
56,0.0600172970443964,0.05204683355987072,0.15940925478935242,0.2042626515030861,0.6873077154159546,0.08971457183361053,0.3015892505645752,0.3864482641220093,0.0746351107954979,0.0746351107954979,1.1493315696716309,0.046226151287555695,0.04066693037748337,0.11118444800376892,0.14246870577335358,0.9840034246444702,0.0009949043581574167
57,0.0589415542781353,0.05127520672976971,0.15332698076963425,0.1964689940214157,0.6909388601779938,0.08743360638618469,0.299846351146698,0.3842149078845978,0.07244128733873367,0.07244128733873367,1.1430048942565918,0.04486003518104553,0.039007458835840225,0.11705155670642853,0.14998666942119598,0.9692313075065613,0.000994721086903637
58,0.05771300569176674,0.0499553456902504,0.15515320748090744,0.19880907982587814,0.6786876618862152,0.08502299338579178,0.3063834309577942,0.39259132742881775,0.06970382481813431,0.06970382481813431,1.124171257019043,0.042874716222286224,0.03684548661112785,0.12058459967374802,0.15451380610466003,0.9441581964492798,0.0009945345962341218
59,0.0570127684623003,0.04894773289561272,0.1613006591796875,0.20668624341487885,0.6683611571788788,0.08372955024242401,0.30934521555900574,0.3963865041732788,0.06826228648424149,0.06826228648424149,1.112120270729065,0.041820090264081955,0.036010757088661194,0.11618664860725403,0.14887839555740356,0.9329584836959839,0.0009943448874270577
60,0.05605587363243103,0.04827562905848026,0.15560487657785416,0.1993878334760666,0.6628327667713165,0.08328017592430115,0.3057951033115387,0.3918375074863434,0.06799042224884033,0.06799042224884033,1.1158149242401123,0.042060721665620804,0.03661349415779114,0.10894452780485153,0.1395985335111618,0.9461856484413147,0.0009941519617826875
61,0.05550582520663738,0.0482243113219738,0.14563023298978806,0.18660660088062286,0.6670742332935333,0.08319064974784851,0.2998334467411041,0.3841983675956726,0.06819897890090942,0.06819897890090942,1.1255214214324951,0.04273166507482529,0.03732093423604965,0.10821465402841568,0.13866329193115234,0.9584875702857971,0.0009939558206233019
62,0.05467751808464527,0.04745796322822571,0.14439111202955246,0.18501881510019302,0.6604131460189819,0.0795339047908783,0.3026979863643646,0.3878689408302307,0.06439900398254395,0.06439900398254395,1.0879130363464355,0.039717260748147964,0.03398749977350235,0.1145951896905899,0.14683914184570312,0.9171619415283203,0.0009937564652932305
63,0.053726041689515114,0.04634186625480652,0.1476835310459137,0.18923763930797577,0.6460780501365662,0.0793340653181076,0.2994248569011688,0.3836748003959656,0.06436282396316528,0.06436282396316528,1.0909080505371094,0.03969850763678551,0.0340755432844162,0.11245929449796677,0.14410224556922913,0.9174582958221436,0.0009935538971588324
64,0.053098419681191444,0.04616362415254116,0.13869589194655418,0.17772112041711807,0.651018351316452,0.08172059804201126,0.29689157009124756,0.3804287314414978,0.06687601655721664,0.06687601655721664,1.1254563331604004,0.04166081175208092,0.036360107362270355,0.10601411759853363,0.13584358990192413,0.948336124420166,0.0009933481176084868
65,0.052667781710624695,0.04610894434154034,0.13117675110697746,0.16808629781007767,0.6623332798480988,0.08166740089654922,0.292764812707901,0.37514084577560425,0.06702916324138641,0.06702916324138641,1.1383962631225586,0.04194193333387375,0.03664951026439667,0.10584844648838043,0.13563130795955658,0.9586114883422852,0.0009931391280525838
66,0.05139641650021076,0.04481462202966213,0.1316358894109726,0.16867463290691376,0.6502137780189514,0.07904499769210815,0.2991858422756195,0.38336852192878723,0.0640857070684433,0.0640857070684433,1.1058521270751953,0.03932608664035797,0.03370318561792374,0.11245802789926529,0.1441006362438202,0.9175993800163269,0.0009929269299235144
67,0.05121422931551933,0.04410157538950443,0.1422531083226204,0.18227924406528473,0.6349032819271088,0.0767565667629242,0.3016915023326874,0.3865792751312256,0.061671990901231766,0.061671990901231766,1.072597861289978,0.03718886151909828,0.031569138169288635,0.11239448934793472,0.144019216299057,0.8859530091285706,0.0009927115246756608
68,0.05035892501473427,0.04374950472265482,0.13218842074275017,0.16938263922929764,0.6324431300163269,0.07891373336315155,0.2900395393371582,0.37164875864982605,0.06441175937652588,0.06441175937652588,1.112375259399414,0.03994113206863403,0.03471280634403229,0.10456650704145432,0.13398867845535278,0.9342948198318481,0.0009924929137853865
69,0.04952455312013626,0.043332748115062714,0.12383607402443886,0.15868015587329865,0.6368789970874786,0.07821090519428253,0.28550800681114197,0.36584213376045227,0.06393550336360931,0.06393550336360931,1.112816572189331,0.03980095311999321,0.03447550907731056,0.10650885850191116,0.1364775449037552,0.9354540109634399,0.0009922710987510263
70,0.04876156896352768,0.042638104408979416,0.12246932461857796,0.15692885220050812,0.63080695271492,0.07681591063737869,0.28995928168296814,0.3715459108352661,0.062317948788404465,0.062317948788404465,1.0952250957489014,0.038452841341495514,0.032942794263362885,0.1102009192109108,0.1412084400653839,0.9137372374534607,0.0009920460810928752
71,0.04825472831726074,0.04182136058807373,0.12866735458374023,0.16487081348896027,0.6187819540500641,0.07560639083385468,0.29681652784347534,0.3803325891494751,0.06076556444168091,0.06076556444168091,1.0762566328048706,0.037016645073890686,0.03132360801100731,0.11386074870824814,0.14589804410934448,0.8887717723846436,0.000991817862353179
72,0.04756435193121433,0.04127260111272335,0.12583498284220695,0.16124151647090912,0.61318039894104,0.07719516009092331,0.2945844829082489,0.37747249007225037,0.062465935945510864,0.062465935945510864,1.1016627550125122,0.03874124214053154,0.03330572694540024,0.10871029645204544,0.13929839432239532,0.9198688268661499,0.0009915864440961236
73,0.04707466810941696,0.04106970131397247,0.12009933218359947,0.15389201045036316,0.6166854500770569,0.07727193832397461,0.2915516197681427,0.3735862970352173,0.06269435584545135,0.06269435584545135,1.111249566078186,0.03923942521214485,0.03376397490501404,0.10950902849435806,0.14032188057899475,0.9320791363716125,0.0009913518279078238
74,0.04646189510822296,0.040592821314930916,0.1173814907670021,0.15040943026542664,0.6182275712490082,0.07757555693387985,0.28828272223472595,0.3693976104259491,0.06316141784191132,0.06316141784191132,1.1193923950195312,0.03957580029964447,0.033963266760110855,0.11225070059299469,0.14383497834205627,0.9342865347862244,0.0009911140153963127
75,0.045719707384705544,0.03979661874473095,0.11846178397536278,0.1517936959862709,0.6104312539100647,0.07598459720611572,0.2922218441963196,0.3744451403617859,0.061373502016067505,0.061373502016067505,1.0973541736602783,0.03790915012359619,0.03194678947329521,0.11924723535776138,0.15280014276504517,0.9049612283706665,0.0009908730081915308
76,0.04537021927535534,0.03916194476187229,0.12416549026966095,0.15910226851701736,0.6006966531276703,0.07546397298574448,0.2931290566921234,0.37560755014419556,0.060807518661022186,0.060807518661022186,1.085342526435852,0.03728943318128586,0.031444400548934937,0.11690061539411545,0.14979323744773865,0.8949676752090454,0.000990628807945314
77,0.044651275500655174,0.03868816327303648,0.1192622259259224,0.15281934291124344,0.5970985889434814,0.07704246789216995,0.29516658186912537,0.378218412399292,0.06228414177894592,0.06228414177894592,1.1038661003112793,0.038383595645427704,0.03282485529780388,0.11117478460073471,0.1424563229084015,0.9148059487342834,0.000990381416331384
78,0.04411534406244755,0.038272228091955185,0.11686230450868607,0.1497441530227661,0.5990110486745834,0.07620609551668167,0.2927266061306,0.3750918209552765,0.06156976521015167,0.06156976521015167,1.0967249870300293,0.03777661919593811,0.032105300575494766,0.11342640221118927,0.14534148573875427,0.9061697721481323,0.0009901308350453348
79,0.04341188631951809,0.03757680580019951,0.11670158430933952,0.14953820407390594,0.5923654139041901,0.07620733976364136,0.29768648743629456,0.38144731521606445,0.06132301688194275,0.06132301688194275,1.099327802658081,0.03771369904279709,0.03166975826025009,0.12087879329919815,0.154890775680542,0.9025430679321289,0.0009898770658046227
80,0.042913537472486496,0.03698671981692314,0.11853634938597679,0.15188923478126526,0.587361752986908,0.07617359608411789,0.3070961833000183,0.39350467920303345,0.060818783938884735,0.060818783938884735,1.0895071029663086,0.037192203104496,0.031184956431388855,0.12014491856098175,0.15395040810108185,0.8929908275604248,0.0009896201103485537
81,0.0424078144133091,0.036509426310658455,0.11796774715185165,0.15116064995527267,0.5859699249267578,0.07738279551267624,0.3006266951560974,0.38521483540534973,0.06235146149992943,0.06235146149992943,1.1152836084365845,0.038534436374902725,0.03270085155963898,0.11667169630527496,0.14949993789196014,0.9205856919288635,0.0009893599704382716
82,0.041953859850764275,0.03615255281329155,0.11602616682648659,0.14867275953292847,0.58614781498909,0.0762101262807846,0.298816055059433,0.38289472460746765,0.06126932054758072,0.06126932054758072,1.1056740283966064,0.03769715502858162,0.03165614232420921,0.12082026898860931,0.15481579303741455,0.9091403484344482,0.0009890966478567462
83,0.04102046228945255,0.03523448295891285,0.11571960523724556,0.14827994257211685,0.574996292591095,0.07485171407461166,0.2992126941680908,0.38340291380882263,0.05989108234643936,0.05989108234643936,1.0842214822769165,0.03653259947896004,0.03052380681037903,0.12017588317394257,0.15399008989334106,0.8917721509933472,0.000988830144408761
84,0.04057187959551811,0.03484649211168289,0.1145077496767044,0.14672710001468658,0.5711700618267059,0.07594215869903564,0.30678606033325195,0.39310723543167114,0.060602858662605286,0.060602858662605286,1.0906503200531006,0.0371013879776001,0.03121913969516754,0.11764493584632874,0.15074701607227325,0.8993791341781616,0.0009885604619209007
85,0.039831485599279404,0.0340580940246582,0.11546781286597252,0.14795731008052826,0.5643181204795837,0.07477576285600662,0.3033197522163391,0.3886656165122986,0.059609778225421906,0.059609778225421906,1.075685739517212,0.03582311049103737,0.029906727373600006,0.11832769215106964,0.15162184834480286,0.8768113255500793,0.0009882876022415392
86,0.039328739047050476,0.03344710357487202,0.11763272061944008,0.15073134005069733,0.557407557964325,0.07545784115791321,0.30678239464759827,0.3931025564670563,0.060118719935417175,0.060118719935417175,1.0880613327026367,0.036419861018657684,0.030335808172822,0.12168107181787491,0.15591879189014435,0.8873746991157532,0.0009880115672408262
87,0.038774335756897926,0.03313024714589119,0.11288179084658623,0.1446436494588852,0.5622902810573578,0.07750474661588669,0.30049434304237366,0.38504526019096375,0.062480028718709946,0.062480028718709946,1.1180044412612915,0.03855453059077263,0.03256258741021156,0.11983887106180191,0.15355823934078217,0.9203696846961975,0.0009877323588106742
88,0.038433726876974106,0.032824356108903885,0.11218743398785591,0.14375391229987144,0.5673089027404785,0.0763869658112526,0.30696600675582886,0.39333778619766235,0.06103866547346115,0.06103866547346115,1.095884084701538,0.03732147067785263,0.030947495251893997,0.12747947871685028,0.1633487045764923,0.8924238681793213,0.0009874499788647467
89,0.037876054644584656,0.03168510179966688,0.12381904199719429,0.15865832567214966,0.548135370016098,0.0730862021446228,0.31620290875434875,0.40517374873161316,0.057276055216789246,0.057276055216789246,1.0286047458648682,0.03379356488585472,0.027115199714899063,0.13356728851795197,0.17114947736263275,0.8197677135467529,0.0009871644293384444
90,0.03691333346068859,0.030986586585640907,0.11853494495153427,0.151887446641922,0.5364555567502975,0.0774746835231781,0.31014585494995117,0.3974124491214752,0.0619673915207386,0.0619673915207386,1.104665756225586,0.03762858361005783,0.0317072793841362,0.11842610687017441,0.15174798667430878,0.9048826694488525,0.0009868757121888917
91,0.036440422758460045,0.030691219493746758,0.11498405411839485,0.1473374366760254,0.5483754575252533,0.07696743309497833,0.30937275290489197,0.39642179012298584,0.06149879842996597,0.06149879842996597,1.1015846729278564,0.03772634267807007,0.031752146780490875,0.11948394775390625,0.15310345590114594,0.9080913066864014,0.0009865838293949237
92,0.03557517006993294,0.03008067887276411,0.10988983511924744,0.1408098265528679,0.5431147217750549,0.07564548403024673,0.3247881233692169,0.41617467999458313,0.05940607935190201,0.05940607935190201,1.0783092975616455,0.03674328327178955,0.03007732331752777,0.1333191990852356,0.1708315759897232,0.8838898539543152,0.0009862887829570723
93,0.03548810351639986,0.02926248498260975,0.12451237067580223,0.15954674780368805,0.5244492739439011,0.07426515966653824,0.33153611421585083,0.42482131719589233,0.057688355445861816,0.057688355445861816,1.0416005849838257,0.034495990723371506,0.027760572731494904,0.13470834493637085,0.17261159420013428,0.8364343643188477,0.000985990574897553
94,0.03474828042089939,0.02886175736784935,0.11773045733571053,0.1508565917611122,0.5238578021526337,0.08001309633255005,0.3268149793148041,0.41877180337905884,0.06367234885692596,0.06367234885692596,1.12967848777771,0.03904179483652115,0.03293248265981674,0.12218622863292694,0.1565660834312439,0.922992467880249,0.00098568920726025
95,0.03393842838704586,0.028403292410075665,0.11070271581411362,0.14185143634676933,0.5357041656970978,0.07781050354242325,0.3323076367378235,0.42580991983413696,0.061195120215415955,0.061195120215415955,1.0945944786071777,0.03768841549754143,0.030780253931879997,0.138163223862648,0.17703858017921448,0.8880429267883301,0.0009853846821107036
96,0.03286622278392315,0.027074748650193214,0.11582950130105019,0.1484207585453987,0.5111248791217804,0.07350192219018936,0.3285045027732849,0.4209366738796234,0.057076696306467056,0.057076696306467056,1.0254814624786377,0.03470753878355026,0.027421025559306145,0.14573022723197937,0.18673472106456757,0.828736424446106,0.000985077001536095
97,0.03247316926717758,0.026541615836322308,0.11863107606768608,0.15201061964035034,0.5005883127450943,0.0761885792016983,0.32635238766670227,0.4181790351867676,0.05987095832824707,0.05987095832824707,1.0651957988739014,0.035686902701854706,0.02967364713549614,0.12026512622833252,0.15410444140434265,0.8692172765731812,0.0009847661676452323
98,0.03160916920751333,0.026204174384474754,0.10809990018606186,0.13851626962423325,0.5117827653884888,0.0802898108959198,0.32927536964416504,0.4219244718551636,0.06382603943347931,0.06382603943347931,1.1254284381866455,0.03877432271838188,0.033024802803993225,0.11499040573835373,0.14734557271003723,0.9247872829437256,0.0009844521825685365
99,0.03129938431084156,0.025896066799759865,0.1080663651227951,0.1384732909500599,0.5080643147230148,0.07473154366016388,0.34119030833244324,0.437191903591156,0.05767202749848366,0.05767202749848366,1.0307409763336182,0.03471381962299347,0.027660280466079712,0.14107075333595276,0.18076421320438385,0.82744300365448,0.000984135048458026
100,0.03128429967910051,0.02552826516330242,0.11512067541480064,0.14751248806715012,0.5031826347112656,0.07849776744842529,0.3376373052597046,0.4326392114162445,0.061615899205207825,0.061615899205207825,1.091085433959961,0.03775901347398758,0.03100552409887314,0.13506978750228882,0.17307472229003906,0.8843233585357666,0.0009838147674873024
101,0.029491511173546314,0.024050401523709297,0.10882218554615974,0.13944177329540253,0.492414265871048,0.07655254006385803,0.3389241397380829,0.4342881441116333,0.05960633605718613,0.05960633605718613,1.0549771785736084,0.0356210432946682,0.029013296589255333,0.1321549117565155,0.16933968663215637,0.8492546677589417,0.0009834913418515358
102,0.028887740336358547,0.023444284684956074,0.10886910185217857,0.1395018920302391,0.47979940474033356,0.07529933750629425,0.3384518027305603,0.433682918548584,0.058376744389534,0.058376744389534,1.0405247211456299,0.034784212708473206,0.028412356972694397,0.12743712961673737,0.16329443454742432,0.8468738794326782,0.000983164773767449
103,0.02852325141429901,0.023135699331760406,0.1077510342001915,0.13806921988725662,0.47928401827812195,0.07703230530023575,0.34057602286338806,0.4364047944545746,0.060003504157066345,0.060003504157066345,1.0582661628723145,0.03560981899499893,0.029453065246343613,0.12313508242368698,0.1577819287776947,0.8610161542892456,0.0009828350654733033
104,0.027955487370491028,0.02279283758252859,0.10325299948453903,0.1323055624961853,0.48447829484939575,0.07960633188486099,0.3489421308040619,0.4471248984336853,0.0621592253446579,0.0621592253446579,1.0958638191223145,0.03788219764828682,0.03136478364467621,0.1303483098745346,0.16702476143836975,0.8924247026443481,0.0009825022192288823
105,0.027259234338998795,0.022054833360016346,0.10408804565668106,0.13337557017803192,0.47859902679920197,0.07619155198335648,0.3523271977901459,0.45146244764328003,0.05857519060373306,0.05857519060373306,1.0544205904006958,0.03633676469326019,0.028995901346206665,0.14681729674339294,0.18812766671180725,0.854010820388794,0.000982166237315477
106,0.026484018191695213,0.020906751044094563,0.11154533550143242,0.14293114095926285,0.45640282332897186,0.07584144175052643,0.3492327034473419,0.44749727845191956,0.05837980657815933,0.05837980657815933,1.0370879173278809,0.03487498685717583,0.02823399007320404,0.13281990587711334,0.17019179463386536,0.8373216986656189,0.00098182712203587
107,0.025927463546395302,0.020772491116076708,0.10309945046901703,0.13210882246494293,0.46081680059432983,0.0794292688369751,0.3495486080646515,0.4479020833969116,0.06195183843374252,0.06195183843374252,1.0802874565124512,0.03696571663022041,0.0309834536164999,0.11964523792266846,0.1533101350069046,0.882731556892395,0.000981484875714319
108,0.0256111491471529,0.020686542615294456,0.09849214553833008,0.12620513886213303,0.4723880887031555,0.07613980025053024,0.35288816690444946,0.45218122005462646,0.05849539116024971,0.05849539116024971,1.0227798223495483,0.0346931517124176,0.028080813586711884,0.13224674761295319,0.16945737600326538,0.8269468545913696,0.0009811395006965424
109,0.02446095272898674,0.019170311279594898,0.10581282526254654,0.13558565080165863,0.4428822994232178,0.07445473968982697,0.35876572132110596,0.45971259474754333,0.05651644989848137,0.05651644989848137,0.9939244985580444,0.033612027764320374,0.026466714218258858,0.1429063081741333,0.18311624228954315,0.7964333891868591,0.0009807909993497016
110,0.02414057031273842,0.018919811584055424,0.1044151708483696,0.13379473984241486,0.44223958253860474,0.07899442315101624,0.3551548719406128,0.45508572459220886,0.0612366758286953,0.0612366758286953,1.0737725496292114,0.03663410618901253,0.03054412268102169,0.12179968506097794,0.1560707837343216,0.8722071647644043,0.000980439374062386
111,0.02360836323350668,0.0185249256901443,0.10166874527931213,0.13027555122971535,0.44058671593666077,0.07629239559173584,0.3560672998428345,0.45625489950180054,0.058489032089710236,0.058489032089710236,1.026872158050537,0.03427167609333992,0.02802492491900921,0.12493500113487244,0.16008830070495605,0.8262531757354736,0.0009800846272445959
112,0.022645430639386177,0.017623303458094597,0.1004425510764122,0.12870434671640396,0.4266524612903595,0.07675216346979141,0.35362493991851807,0.4531252682209015,0.05907091498374939,0.05907091498374939,1.0356881618499756,0.035240646451711655,0.028864510357379913,0.12752272188663483,0.16340412199497223,0.8406245708465576,0.0009797267613277261
113,0.022117413580417633,0.017217064276337624,0.09800698608160019,0.1255834735929966,0.42657342553138733,0.07801563292741776,0.3561569154262543,0.4563697576522827,0.0602077841758728,0.0602077841758728,1.0491292476654053,0.03629318252205849,0.029934126883745193,0.12718114256858826,0.16296644508838654,0.856334388256073,0.0009793657787645499
114,0.022029824554920197,0.01725582778453827,0.09547992795705795,0.12234535813331604,0.4344797879457474,0.07732025533914566,0.35648587346076965,0.4567912518978119,0.0594959631562233,0.0594959631562233,1.0437860488891602,0.03572583198547363,0.029393725097179413,0.1266421675682068,0.16227582097053528,0.8454204797744751,0.0009790016820292009
115,0.021367615088820457,0.01647564908489585,0.09783931076526642,0.1253686249256134,0.41822196543216705,0.07521051913499832,0.3642720878124237,0.4667683243751526,0.0569969117641449,0.0569969117641449,0.9943365454673767,0.03301924467086792,0.02667086571455002,0.12696754932403564,0.16269275546073914,0.7931588292121887,0.0009786344736171578
116,0.02076137065887451,0.01595308445394039,0.0961657240986824,0.12322413176298141,0.412396639585495,0.07998407632112503,0.36419180035591125,0.4666654169559479,0.06177448481321335,0.06177448481321335,1.074373483657837,0.03735695034265518,0.03136652708053589,0.11980846524238586,0.15351928770542145,0.8820284008979797,0.0009782641560452255
117,0.020211897790431976,0.015595096163451672,0.0923360250890255,0.11831685900688171,0.418257936835289,0.0759894996881485,0.3659614622592926,0.4689330458641052,0.05769142508506775,0.05769142508506775,1.0093927383422852,0.03463554382324219,0.02781837433576584,0.13634341955184937,0.17470671236515045,0.8152674436569214,0.0009778907318515194
118,0.019687526393681765,0.0147881880402565,0.09798676520586014,0.1255575641989708,0.3972949683666229,0.0781889259815216,0.3691178560256958,0.47297751903533936,0.059733033180236816,0.059733033180236816,1.0289297103881836,0.03501216322183609,0.028609277680516243,0.12805767357349396,0.16408957540988922,0.8235223293304443,0.0009775142035954472
119,0.01911516860127449,0.014643765985965729,0.08942805230617523,0.11459066718816757,0.40584683418273926,0.07973426580429077,0.3704215884208679,0.47464805841445923,0.061213187873363495,0.061213187873363495,1.0525983572006226,0.035995420068502426,0.030058719217777252,0.11873400956392288,0.1521425098180771,0.8514660596847534,0.0009771345738576913
120,0.019407721236348152,0.01465277886018157,0.0950988344848156,0.12185703590512276,0.40322262048721313,0.07489213347434998,0.3744257092475891,0.47977882623672485,0.05617085099220276,0.05617085099220276,0.9701616168022156,0.03240685164928436,0.025995396077632904,0.1282290816307068,0.16430923342704773,0.7817877531051636,0.0009767518452401915
121,0.019430777058005333,0.014911831356585026,0.09037891402840614,0.11580906435847282,0.4123934805393219,0.08206526190042496,0.3751213550567627,0.4806702733039856,0.0633091926574707,0.0633091926574707,1.0901340246200562,0.03814814239740372,0.03214077651500702,0.12014728039503098,0.1539534330368042,0.8894107341766357,0.0009763660203661267
122,0.017997284419834614,0.013669811189174652,0.08654946833848953,0.11090212687849998,0.3964754492044449,0.07494154572486877,0.3815511167049408,0.48890912532806396,0.055863991379737854,0.055863991379737854,0.9697329998016357,0.03182722255587578,0.02532818540930748,0.12998077273368835,0.1665538102388382,0.761353075504303,0.0009759771018798979
123,0.017551062162965536,0.013089280109852552,0.08923562988638878,0.11434409394860268,0.38013774156570435,0.08059380948543549,0.38039106130599976,0.4874226748943329,0.06157425791025162,0.06157425791025162,1.0552103519439697,0.03614816069602966,0.03038477897644043,0.11526761949062347,0.14770075678825378,0.8545958995819092,0.0009755850924471081
124,0.016935696825385094,0.01284113060683012,0.08189131692051888,0.10493328794836998,0.38901977241039276,0.07709984481334686,0.3819376230239868,0.48940443992614746,0.05800296366214752,0.05800296366214752,0.9883300065994263,0.03277275711297989,0.026871860027313232,0.11801791936159134,0.15122492611408234,0.7914763689041138,0.0009751899947545466
125,0.016295344568789005,0.012074613478034735,0.08441461250185966,0.10816656798124313,0.36994799971580505,0.07584360241889954,0.38244614005088806,0.49005603790283203,0.056721292436122894,0.056721292436122894,0.9748022556304932,0.032550226897001266,0.026419322937726974,0.12261805683374405,0.15711942315101624,0.7765291929244995,0.0009747918115101687
126,0.016122146043926477,0.01200576638802886,0.08232760056853294,0.10549234971404076,0.3732692524790764,0.07913660258054733,0.3806469142436981,0.4877505302429199,0.060104258358478546,0.060104258358478546,1.031697154045105,0.03550470620393753,0.029567908495664597,0.11873596906661987,0.15214501321315765,0.8312646150588989,0.0009743905454430774
127,0.01593518676236272,0.011975912377238274,0.07918548583984375,0.1014661118388176,0.3761227875947952,0.07457861304283142,0.38269317150115967,0.49037253856658936,0.05544394999742508,0.05544394999742508,0.9528195261955261,0.03130393475294113,0.02542562410235405,0.11756618320941925,0.15064609050750732,0.758689820766449,0.0009739861993035058
128,0.015438959933817387,0.011199483647942543,0.08478952944278717,0.10864698514342308,0.35443927347660065,0.0756017416715622,0.387196809053421,0.4961434304714203,0.05624190345406532,0.05624190345406532,0.9509977698326111,0.03129500150680542,0.025495745241642,0.11598516255617142,0.14862021803855896,0.7567400932312012,0.0009735787758627971
129,0.015295925084501505,0.011502052657306194,0.07587745785713196,0.09722729027271271,0.36908772587776184,0.08186601102352142,0.3889256715774536,0.49835866689682007,0.062419723719358444,0.062419723719358444,1.0391967296600342,0.035742536187171936,0.030428286641836166,0.10628495365381241,0.13619065284729004,0.8389811515808105,0.0009731682779133855
130,0.016103378497064114,0.012081508059054613,0.08043742179870605,0.10307031124830246,0.3768400102853775,0.07351218163967133,0.3896579146385193,0.49929699301719666,0.05402928590774536,0.05402928590774536,0.9063413143157959,0.028960339725017548,0.023369215428829193,0.1118224710226059,0.14328625798225403,0.708534836769104,0.0009727547082687784
131,0.014062984846532345,0.010235199704766273,0.07655569911003113,0.09809637442231178,0.33996856212615967,0.08178029954433441,0.3874453604221344,0.4964618980884552,0.06240803003311157,0.06240803003311157,1.0423637628555298,0.036118049174547195,0.030861372128129005,0.10513351112604141,0.13471519947052002,0.8439977169036865,0.0009723380697635356
132,0.01409541442990303,0.010556030552834272,0.07078767567873001,0.09070539474487305,0.3577610105276108,0.07593636959791183,0.38594555854797363,0.49454009532928467,0.056639090180397034,0.056639090180397034,0.9598168134689331,0.03177455812692642,0.026299573481082916,0.10949969291687012,0.1403099000453949,0.7615166902542114,0.0009719183652532508
133,0.0137373604811728,0.009866971056908369,0.07740779221057892,0.09918822720646858,0.33587805926799774,0.07531684637069702,0.3900732398033142,0.49982917308807373,0.05581318214535713,0.05581318214535713,0.933524489402771,0.030026394873857498,0.024787630885839462,0.10477527976036072,0.13425618410110474,0.7326844930648804,0.0009714955976145317
134,0.013351139146834612,0.009869156405329704,0.0696396566927433,0.08923434838652611,0.3407980501651764,0.08147715032100677,0.38816410303115845,0.49738284945487976,0.06206894665956497,0.06206894665956497,1.0240644216537476,0.03493095934391022,0.02993636019527912,0.09989194571971893,0.12799881398677826,0.8231702446937561,0.0009710697697449805
135,0.012910798192024231,0.009621475357562304,0.0657864548265934,0.08429696410894394,0.34237968921661377,0.07436943799257278,0.3920789361000061,0.5023992657661438,0.0547654926776886,0.0547654926776886,0.9217389822006226,0.030455872416496277,0.024668723344802856,0.11574298143386841,0.14830990135669708,0.7250217199325562,0.0009706408845631738
136,0.01321814302355051,0.00942770391702652,0.07580878213047981,0.09713930264115334,0.3294602185487747,0.077077716588974,0.39869174361228943,0.5108727216720581,0.05714312940835953,0.05714312940835953,0.9552810788154602,0.03195859491825104,0.026379313319921494,0.11158565431833267,0.14298281073570251,0.7561755776405334,0.0009702089450086423
137,0.012561670038849115,0.009355167159810662,0.06413006037473679,0.08217450603842735,0.3429500013589859,0.08258095383644104,0.3926500678062439,0.5031309723854065,0.06294845044612885,0.06294845044612885,1.0479282140731812,0.03669195994734764,0.031615860760211945,0.10152196884155273,0.1300874799489975,0.8490766882896423,0.0009697739540418514
138,0.01256438996642828,0.009274696232751012,0.06579387374222279,0.08430647477507591,0.3370090425014496,0.0729069784283638,0.3971347212791443,0.5088775157928467,0.053050242364406586,0.053050242364406586,0.8770673871040344,0.0279088132083416,0.022485608235001564,0.1084640771150589,0.13898290693759918,0.6774874329566956,0.0009693359146441808
139,0.012050013057887554,0.008638387080281973,0.06823251768946648,0.08743127807974815,0.31511513888835907,0.07810983061790466,0.40325161814689636,0.5167155861854553,0.057947251945734024,0.057947251945734024,0.9513615965843201,0.03162597492337227,0.026544688269495964,0.10162575542926788,0.1302204579114914,0.7553972601890564,0.0009688948298179032
140,0.011572734452784061,0.008393603377044201,0.06358261965215206,0.08147303387522697,0.31759458035230637,0.07840640842914581,0.3998117446899414,0.5123078227043152,0.05841582268476486,0.05841582268476486,0.9653548002243042,0.0326814241707325,0.02758302167057991,0.10196805000305176,0.1306590735912323,0.7712819576263428,0.0009684507025861646
141,0.011359354015439749,0.00824322272092104,0.06232261657714844,0.07985849305987358,0.31668104231357574,0.0746588483452797,0.3977739214897156,0.5096966028213501,0.054770153015851974,0.054770153015851974,0.9312858581542969,0.03121158480644226,0.025940634310245514,0.10541900992393494,0.13508103787899017,0.7402661442756653,0.0009680035359929635
142,0.011048756539821625,0.007887628860771656,0.06322255358099937,0.08101165667176247,0.3065991699695587,0.07397878170013428,0.3973313570022583,0.509129524230957,0.054112210869789124,0.054112210869789124,0.9114815592765808,0.029604146257042885,0.024677637964487076,0.09853017330169678,0.1262538731098175,0.7145547866821289,0.0009675533331031295
143,0.010797040071338415,0.007733705919235945,0.06126668490469456,0.07850545272231102,0.30405963957309723,0.07774434983730316,0.4007655084133148,0.5135299563407898,0.0577060729265213,0.0577060729265213,0.9510772228240967,0.031371910125017166,0.026566727086901665,0.09610363841056824,0.12314457446336746,0.7511416673660278,0.0009671000970023028
144,0.010666485875844955,0.007794142933562398,0.057446859776973724,0.0736108310520649,0.3096698224544525,0.0758926123380661,0.4017827808856964,0.5148334503173828,0.05580347403883934,0.05580347403883934,0.9304025173187256,0.030663717538118362,0.02558819204568863,0.10151049494743347,0.13007277250289917,0.7318528890609741,0.000966643830796913
145,0.01041099475696683,0.0075285485945641994,0.05764891766011715,0.0738697499036789,0.30176883190870285,0.07303503900766373,0.40204551815986633,0.5151700973510742,0.05293276533484459,0.05293276533484459,0.8892954587936401,0.02880564145743847,0.023613646626472473,0.10383988171815872,0.1330575942993164,0.6897045969963074,0.0009661845376141577
146,0.010516855400055647,0.007444586604833603,0.06144537217915058,0.07873441651463509,0.2961518168449402,0.07398739457130432,0.39542293548583984,0.5066841244697571,0.05421625077724457,0.05421625077724457,0.9062093496322632,0.02934138849377632,0.024620668962597847,0.09441440552473068,0.12098004668951035,0.7103073596954346,0.0009657222206019806
147,0.009974864777177572,0.007160114357247949,0.0562950074672699,0.07213488593697548,0.2962328791618347,0.07735752314329147,0.3886498510837555,0.4980052709579468,0.0579250305891037,0.0579250305891037,0.9673324823379517,0.03292516991496086,0.02843814343214035,0.08974049985408783,0.11499101668596268,0.778257429599762,0.000965256882929051
148,0.0099495779722929,0.00727151776663959,0.05356120876967907,0.0686318650841713,0.3003022074699402,0.07122799009084702,0.40079745650291443,0.5135709047317505,0.05118811875581741,0.05118811875581741,0.860466718673706,0.028116263449192047,0.02299709990620613,0.10238327085971832,0.13119113445281982,0.672042727470398,0.0009647885277847412
149,0.010143706109374762,0.0071846735663712025,0.05918065272271633,0.07583246752619743,0.2937605082988739,0.07220428436994553,0.3982999920845032,0.5103707313537598,0.05228928476572037,0.05228928476572037,0.8848119378089905,0.02936340495944023,0.024259906262159348,0.10206995904445648,0.130789652466774,0.6931775808334351,0.0009643171583791048
150,0.009620645549148321,0.006830174010246992,0.05580942891538143,0.07151267305016518,0.2867327332496643,0.07357484102249146,0.3991692066192627,0.5114845633506775,0.05361638218164444,0.05361638218164444,0.897659420967102,0.029580606147646904,0.024900667369365692,0.09359876066446304,0.11993489414453506,0.7092974185943604,0.0009638427779428549
151,0.009279781952500343,0.006630232324823737,0.052990997210145,0.06790121644735336,0.2837195321917534,0.0721520408987999,0.3967793881893158,0.5084221959114075,0.05231307074427605,0.05231307074427605,0.8725783228874207,0.028479039669036865,0.023775167763233185,0.09407743066549301,0.12054824829101562,0.6856250762939453,0.000963365389727342
152,0.009395898319780827,0.00663713994435966,0.055175162851810455,0.07069994509220123,0.2815067023038864,0.0721244364976883,0.3957597017288208,0.5071156620979309,0.05233645439147949,0.05233645439147949,0.8751257658004761,0.028814980760216713,0.024137061089277267,0.09355839341878891,0.11988316476345062,0.6898976564407349,0.0009628849970045315
153,0.008967297384515405,0.00637610093690455,0.0518239326775074,0.0664057694375515,0.27709832787513733,0.07503235340118408,0.39677074551582336,0.508411169052124,0.055193811655044556,0.055193811655044556,0.9227592945098877,0.031458500772714615,0.02675076201558113,0.09415479749441147,0.1206473857164383,0.7325900793075562,0.0009624016030669813
154,0.008932457771152258,0.00646802457049489,0.049288662150502205,0.06315714120864868,0.28220249712467194,0.07082805037498474,0.39373597502708435,0.5045225024223328,0.05114125460386276,0.05114125460386276,0.8576103448867798,0.028072968125343323,0.02338050864636898,0.09384918212890625,0.12025576829910278,0.6712422370910645,0.0009619152112278192
155,0.008768790867179632,0.006236677756533027,0.05064225383102894,0.06489159911870956,0.2744099199771881,0.07072196900844574,0.388230562210083,0.4974680542945862,0.05131043866276741,0.05131043866276741,0.8555182218551636,0.027538593858480453,0.023216795176267624,0.0864359512925148,0.11075667291879654,0.6725494265556335,0.0009614258248207205
156,0.00875072693452239,0.006258899811655283,0.0498365368694067,0.06385917216539383,0.2733258008956909,0.0719277560710907,0.38799670338630676,0.4971683919429779,0.05252791941165924,0.05252791941165924,0.8784809708595276,0.02899804152548313,0.024669792503118515,0.08656498044729233,0.11092199385166168,0.6942940950393677,0.0009609334471998847
157,0.008537829853594303,0.006236412329599261,0.04602834768593311,0.0589794646948576,0.2768062651157379,0.07197975367307663,0.3917694389820099,0.5020025968551636,0.052391283214092255,0.052391283214092255,0.8899939656257629,0.029983922839164734,0.025450969114899635,0.09065906703472137,0.1161680519580841,0.7082394361495972,0.0009604380817400133
158,0.008971698582172394,0.006423276616260409,0.050968436524271965,0.0653095655143261,0.279885932803154,0.06870970129966736,0.38524794578552246,0.49364617466926575,0.049447305500507355,0.049447305500507355,0.8355495929718018,0.027234863489866257,0.02273980900645256,0.08990108966827393,0.11519680917263031,0.6514609456062317,0.0009599397318362853
159,0.008993142051622272,0.006592246703803539,0.04801790416240692,0.061528827995061874,0.28462566435337067,0.07220108807086945,0.37608131766319275,0.48190027475357056,0.05339701846241951,0.05339701846241951,0.9076377153396606,0.030795637518167496,0.02670898661017418,0.08173301815986633,0.10473046451807022,0.7300267219543457,0.0009594384009043353
160,0.007993346313014627,0.005832739872857928,0.043212128803133965,0.055370843037962914,0.26798684895038605,0.06605775654315948,0.38904011249542236,0.4985053241252899,0.04660574719309807,0.04660574719309807,0.7936041355133057,0.025847438722848892,0.02118014171719551,0.09334592521190643,0.11961091309785843,0.6224324703216553,0.0009589340923802293
161,0.008798983879387379,0.006142286118119955,0.053133951500058174,0.06808439269661903,0.2711477726697922,0.07100921124219894,0.3883391320705414,0.49760714173316956,0.051592253148555756,0.051592253148555756,0.8785783648490906,0.02996004931628704,0.025448836386203766,0.0902242437005043,0.11561088263988495,0.7033839225769043,0.0009584268097204415
162,0.008991203270852566,0.0066895391792058945,0.04603327997028828,0.05898577906191349,0.29222309589385986,0.07234135270118713,0.3772459924221039,0.4833926856517792,0.05347905308008194,0.05347905308008194,0.9116055965423584,0.031055297702550888,0.02701973170042038,0.08071131259202957,0.10342126339673996,0.7320717573165894,0.0009579165564018304
163,0.007861447054892778,0.00565580278635025,0.044112881645560265,0.05652504041790962,0.2625536695122719,0.0636487603187561,0.38256481289863586,0.49020808935165405,0.04452051967382431,0.04452051967382431,0.7580133080482483,0.02337508089840412,0.019056785851716995,0.08636590093374252,0.1106669083237648,0.5869745016098022,0.0009574033359216153
164,0.008577736560255289,0.006104503758251667,0.04946465417742729,0.06338265538215637,0.27167004346847534,0.07159925252199173,0.38381853699684143,0.4918145537376404,0.05240832269191742,0.05240832269191742,0.8831081390380859,0.029460253193974495,0.025276225060224533,0.08368054777383804,0.10722596943378448,0.6960541009902954,0.0009568871517973516
165,0.007784869289025664,0.005737407598644495,0.04094923473894596,0.05247122794389725,0.26700761914253235,0.07002858817577362,0.3767007887363434,0.4826940894126892,0.05119355022907257,0.05119355022907257,0.8741059303283691,0.029105858877301216,0.02501567266881466,0.08180371671915054,0.10482104122638702,0.6929988861083984,0.0009563680075669077
166,0.007476618280634284,0.005418298067525029,0.0411664005368948,0.052749497815966606,0.2586037293076515,0.06491869688034058,0.37246689200401306,0.47726890444755554,0.04629535228013992,0.04629535228013992,0.7976782321929932,0.025286797434091568,0.02115720883011818,0.08259177953004837,0.1058308556675911,0.6188533306121826,0.0009558459067884399
167,0.007757021812722087,0.0055663317907601595,0.0438137985765934,0.05614180117845535,0.25741349905729294,0.06787199527025223,0.37242627143859863,0.47721683979034424,0.049250680953264236,0.049250680953264236,0.8414817452430725,0.027756348252296448,0.023642810061573982,0.08227075636386871,0.10541950911283493,0.6578220725059509,0.0009553208530403685
168,0.008753733010962605,0.006614581681787968,0.04278302937746048,0.05482100881636143,0.2891837954521179,0.06987719982862473,0.373715877532959,0.4788692891597748,0.05119140446186066,0.05119140446186066,0.8796350359916687,0.029753299430012703,0.02570163831114769,0.08103322237730026,0.10383374989032745,0.7025715112686157,0.0009547928499213533
169,0.007364209974184632,0.005375668173655868,0.039770836010575294,0.05096126347780228,0.2576911002397537,0.0626325011253357,0.3823460638523102,0.4899277985095978,0.043515197932720184,0.043515197932720184,0.7542432546615601,0.024226415902376175,0.019694820046424866,0.09063190966844559,0.11613325774669647,0.5927178859710693,0.0009542619010502682
170,0.007691461592912674,0.005468787392601371,0.04445348121225834,0.05696147680282593,0.2554795444011688,0.06956733763217926,0.36948999762535095,0.4734543561935425,0.051092833280563354,0.051092833280563354,0.8822448253631592,0.029519667848944664,0.02564656361937523,0.07746206969022751,0.09925777465105057,0.7006969451904297,0.0009537280100661779
171,0.0077398905996233225,0.005727156065404415,0.040254688821733,0.05158125422894955,0.2682054787874222,0.0673813670873642,0.3667893707752228,0.46999385952949524,0.04904189705848694,0.04904189705848694,0.8463966846466064,0.027634060010313988,0.023828839883208275,0.07610440254211426,0.09751810133457184,0.6634242534637451,0.0009531911806283107
172,0.008012820966541767,0.005900598596781492,0.0422444473952055,0.054130883887410164,0.2673145830631256,0.06239374727010727,0.37710386514663696,0.48321059346199036,0.04353855550289154,0.04353855550289154,0.7618937492370605,0.024537060409784317,0.02014685422182083,0.08780413866043091,0.1125098392367363,0.5930593013763428,0.0009526514164160361
173,0.00696714292280376,0.004917268641293049,0.04099748097360134,0.052533047273755074,0.24318968504667282,0.0701582059264183,0.3711506724357605,0.4755823612213135,0.05160067230463028,0.05160067230463028,0.8974441885948181,0.031124509871006012,0.0271449014544487,0.07959217578172684,0.10198723524808884,0.72273850440979,0.000952108721128837
174,0.0076806931756436825,0.005716096377000213,0.039291929453611374,0.05034760758280754,0.2693187743425369,0.06507013738155365,0.36434268951416016,0.46685877442359924,0.04685300588607788,0.04685300588607788,0.8160814046859741,0.027112405747175217,0.02322326973080635,0.07778272777795792,0.09966865926980972,0.6471244692802429,0.0009515630984862864
175,0.007134855026379228,0.005150648532435298,0.039684126153588295,0.05085015669465065,0.24963486939668655,0.0610065720975399,0.3720287084579468,0.476707398891449,0.0424051359295845,0.0424051359295845,0.749089241027832,0.024280019104480743,0.020024696364998817,0.08510645478963852,0.10905309021472931,0.5966923236846924,0.0009510145522280209
176,0.006915726698935032,0.004979654448106885,0.038721440359950066,0.04961659386754036,0.24730593711137772,0.06769002228975296,0.36418744921684265,0.46665987372398376,0.04948065057396889,0.04948065057396889,0.8770323395729065,0.030072832480072975,0.026212552562355995,0.0772056132555008,0.09892915934324265,0.7068701982498169,0.0009504630861137151
177,0.006995184812694788,0.005267316242679954,0.03455737046897411,0.04428086616098881,0.2578061893582344,0.06381462514400482,0.36216050386428833,0.46406257152557373,0.045706599950790405,0.045706599950790405,0.8153607845306396,0.027112223207950592,0.02314966358244419,0.07925119996070862,0.10155032575130463,0.6452971696853638,0.0009499087039230559
178,0.00647012609988451,0.0047235924284905195,0.034930674359202385,0.04475920833647251,0.24031000584363937,0.06055189669132233,0.3640969693660736,0.46654388308525085,0.04234704747796059,0.04234704747796059,0.7563759088516235,0.02454463765025139,0.020475370809435844,0.08138531446456909,0.10428491234779358,0.5925233364105225,0.0009493514094557168
179,0.006793455220758915,0.004979122430086136,0.036286658607423306,0.04649672843515873,0.24687305092811584,0.0643487274646759,0.35933396220207214,0.4604407250881195,0.046382032334804535,0.046382032334804535,0.8261151313781738,0.02767379954457283,0.023988191038370132,0.07371215522289276,0.09445274621248245,0.6648933291435242,0.0009487912065313317
180,0.006444794125854969,0.004784878809005022,0.033198305405676365,0.04253939911723137,0.24204962700605392,0.061558354645967484,0.3566383421421051,0.45698660612106323,0.04372643679380417,0.04372643679380417,0.7775537967681885,0.025662343949079514,0.021927133202552795,0.07470421493053436,0.0957239419221878,0.6211316585540771,0.0009482280989894687
181,0.006249982630833983,0.004568873671814799,0.033622175455093384,0.04308253526687622,0.23564451187849045,0.06268804520368576,0.36437538266181946,0.46690067648887634,0.04446927458047867,0.04446927458047867,0.7863686680793762,0.026528680697083473,0.022505182772874832,0.08046994358301163,0.10311198234558105,0.6231632828712463,0.0009476620906896039
182,0.006273853126913309,0.004587563220411539,0.03372579347342253,0.04321531020104885,0.2356201633810997,0.06285770237445831,0.3603569269180298,0.4617515206336975,0.044839855283498764,0.044839855283498764,0.7889090776443481,0.026440924033522606,0.022609755396842957,0.07662336528301239,0.09818308800458908,0.6255980134010315,0.0009470931855110946
183,0.0063040368258953094,0.004698383156210184,0.03211307432502508,0.04114881530404091,0.24081838876008987,0.063026562333107,0.354851096868515,0.45469650626182556,0.04528401046991348,0.04528401046991348,0.8042487502098083,0.026724090799689293,0.02315087430179119,0.07146432250738144,0.09157243371009827,0.6482423543930054,0.0009465213873531535
184,0.006295243976637721,0.0046305867144837976,0.033293142914772034,0.042660921812057495,0.23878689110279083,0.06003398448228836,0.35889294743537903,0.45987561345100403,0.04208933562040329,0.04208933562040329,0.7487583756446838,0.024371717125177383,0.02053823508322239,0.07666962593793869,0.0982423722743988,0.5879477262496948,0.0009459467001348209
185,0.006414508912712336,0.004750436404719949,0.033281453885138035,0.04264594428241253,0.23965156078338623,0.0636073425412178,0.36156967282295227,0.4633055329322815,0.04552885890007019,0.04552885890007019,0.8123946189880371,0.02736731804907322,0.023564308881759644,0.07606017589569092,0.09746142476797104,0.6432846784591675,0.0009453691277949389
186,0.00595244811847806,0.004420126089826226,0.03064644057303667,0.03926951251924038,0.23377873003482819,0.05983343720436096,0.3567275404930115,0.4571009576320648,0.04199706017971039,0.04199706017971039,0.7508329153060913,0.024641960859298706,0.020830955356359482,0.07622011005878448,0.09766635298728943,0.5970704555511475,0.0009447886742921233
187,0.006042822264134884,0.004389377194456756,0.03306889720261097,0.04237358085811138,0.23062704503536224,0.06117846071720123,0.35799503326416016,0.45872506499290466,0.043278709053993225,0.043278709053993225,0.7701501846313477,0.025898544117808342,0.022089194506406784,0.07618699222803116,0.09762392193078995,0.6174581050872803,0.0009442053436047377
188,0.006213581655174494,0.004672639071941376,0.030818848870694637,0.039490433409810066,0.2413424700498581,0.06295798718929291,0.35780975222587585,0.4584876596927643,0.045067496597766876,0.045067496597766876,0.8041515350341797,0.027457602322101593,0.02364354208111763,0.07628121972084045,0.0977446660399437,0.6451441645622253,0.0009436191397308651
189,0.005679152440279722,0.004179082694463432,0.030001397244632244,0.03844297118484974,0.22802391648292542,0.05801261216402054,0.35676002502441406,0.45714250206947327,0.040174610912799835,0.040174610912799835,0.7216752767562866,0.023629525676369667,0.019617777317762375,0.08023497462272644,0.10281089693307877,0.5702906250953674,0.0009430300666882817
190,0.006033675279468298,0.0043831870425492525,0.03300976287573576,0.042297808453440666,0.23126813769340515,0.06091280281543732,0.35484954714775085,0.4546944499015808,0.043170325458049774,0.043170325458049774,0.7697460055351257,0.025382472202181816,0.021697334945201874,0.07370274513959885,0.09444069117307663,0.6106306314468384,0.0009424381285144275
191,0.005946616409346461,0.004466816899366677,0.0295959934592247,0.03792349994182587,0.23546545952558517,0.06177137792110443,0.3537214994430542,0.4532490372657776,0.0440853014588356,0.0440853014588356,0.7940540313720703,0.026443541049957275,0.022814488038420677,0.07258104532957077,0.09300336986780167,0.6329325437545776,0.0009418433292663809
192,0.005518685095012188,0.004085667664185166,0.028660349547863007,0.03672458790242672,0.22615842521190643,0.057815760374069214,0.3547973930835724,0.4546276926994324,0.040075890719890594,0.040075890719890594,0.7258657217025757,0.023537172004580498,0.01966874673962593,0.07736852020025253,0.09913790225982666,0.5682804584503174,0.0009412456730208292
193,0.005839149001985788,0.00423550303094089,0.03207292128354311,0.04109736531972885,0.22764349728822708,0.06011401116847992,0.35242268443107605,0.4515847861766815,0.04249287769198418,0.04249287769198418,0.7600424289703369,0.0250372476875782,0.021397309377789497,0.07279878109693527,0.09328236430883408,0.6012612581253052,0.0009406451638740416
194,0.005705435527488589,0.004259990877471864,0.028908894397318363,0.03704306669533253,0.22881918400526047,0.0617847666144371,0.35103392601013184,0.44980528950691223,0.04423307254910469,0.04423307254910469,0.793209969997406,0.02667047269642353,0.02309432625770569,0.07152293622493744,0.09164752811193466,0.6357224583625793,0.0009400418059418403
195,0.005373493069782853,0.003991738893091679,0.027635078877210617,0.03541083261370659,0.22246110439300537,0.05672170966863632,0.350894570350647,0.44962671399116516,0.03917698189616203,0.03917698189616203,0.7061382532119751,0.023148829117417336,0.019228370860219002,0.07840916514396667,0.10047135502099991,0.5554155111312866,0.0009394356033595729
196,0.005647889571264386,0.004106505773961544,0.030827675014734268,0.0395017396658659,0.22285402566194534,0.05871693044900894,0.34838375449180603,0.4464094340801239,0.04129774123430252,0.04129774123430252,0.7493597269058228,0.02505643665790558,0.021306462585926056,0.07499947398900986,0.096102274954319,0.598861575126648,0.0009388265602820842
197,0.005394063191488385,0.003998781437985599,0.027905636467039585,0.03575752303004265,0.2207236811518669,0.060415297746658325,0.3475669324398041,0.44536271691322327,0.04303695261478424,0.04303695261478424,0.7718979120254517,0.026168521493673325,0.022575246170163155,0.0718655213713646,0.09208650887012482,0.6217959523200989,0.0009382146808836873
198,0.005382551113143563,0.00401527842041105,0.02734545525163412,0.03503971919417381,0.22263409197330475,0.058882199227809906,0.34662318229675293,0.44415345788002014,0.04155103862285614,0.04155103862285614,0.745717465877533,0.024995220825076103,0.02136494219303131,0.07260558754205704,0.09303481876850128,0.5963850617408752,0.0009375999693581351
199,0.0052134443540126085,0.003881850279867649,0.026631884276866913,0.03412536811083555,0.21875441074371338,0.05777175724506378,0.3468068838119507,0.44438883662223816,0.04043141007423401,0.04043141007423401,0.7360800504684448,0.024620598182082176,0.02084767073392868,0.07545853406190872,0.09669050574302673,0.5876299142837524,0.0009369824299185914
200,0.005162854446098208,0.003797932295128703,0.02729844581335783,0.034979481250047684,0.2168714553117752,0.05789056792855263,0.3468451499938965,0.4444379210472107,0.040548309683799744,0.040548309683799744,0.741957426071167,0.02485143579542637,0.021131429821252823,0.07440011203289032,0.0953342616558075,0.5944824814796448,0.0009363620667976027
201,0.005314152454957366,0.00397865567356348,0.026709936559200287,0.03422538656741381,0.22310443967580795,0.05847214162349701,0.34895971417427063,0.4471474587917328,0.04102415591478348,0.04102415591478348,0.7461285591125488,0.025163784623146057,0.021418513730168343,0.0749054029583931,0.09598173946142197,0.5960575342178345,0.000935738884247068
202,0.0050679834093898535,0.003748509334400296,0.026389476843178272,0.03381475247442722,0.21495334059000015,0.05661000311374664,0.3466755449771881,0.44422054290771484,0.03927622735500336,0.03927622735500336,0.7100591063499451,0.02352111227810383,0.019789807498455048,0.07462611049413681,0.09562385827302933,0.5631598234176636,0.0009351128865382109
203,0.005017392337322235,0.003675369545817375,0.026840457692742348,0.03439262881875038,0.21202586591243744,0.059082940220832825,0.3441796600818634,0.44102242588996887,0.041873954236507416,0.041873954236507416,0.7621026635169983,0.025617586448788643,0.022126132622361183,0.069829061627388,0.0894770473241806,0.6165733933448792,0.0009344840779615496
204,0.005028547253459692,0.0037332214415073395,0.025906512513756752,0.03319589700549841,0.21619174629449844,0.0572759285569191,0.3429025113582611,0.43938592076301575,0.04013080522418022,0.04013080522418022,0.7287997007369995,0.024189932271838188,0.020626302808523178,0.0712725967168808,0.0913267433643341,0.5849565267562866,0.0009338524628268676
205,0.0048884383868426085,0.003603637800551951,0.025696013122797012,0.0329261664301157,0.21099501103162766,0.05723711848258972,0.3454459607601166,0.44264498353004456,0.039964817464351654,0.039964817464351654,0.7230883836746216,0.024286795407533646,0.020472534000873566,0.0762852355837822,0.09774982184171677,0.5702337026596069,0.0009332180454631845
206,0.00489825545810163,0.0036150352098047733,0.025664405897259712,0.03288566879928112,0.2107461914420128,0.057547248899936676,0.34254008531570435,0.4389215111732483,0.04042024165391922,0.04042024165391922,0.7318452596664429,0.024604028090834618,0.020966071635484695,0.07275912910699844,0.09323156625032425,0.5871874690055847,0.0009325808302187257
207,0.004791840445250273,0.0035472902236506343,0.024891001172363758,0.03189464844763279,0.20968316495418549,0.056491222232580185,0.34007272124290466,0.43575990200042725,0.03948758542537689,0.03948758542537689,0.7122577428817749,0.023696325719356537,0.020183689892292023,0.07025270164012909,0.09001988917589188,0.5771624445915222,0.0009319408214608931
208,0.004998521180823445,0.0036924101877957582,0.02612221986055374,0.033472299575805664,0.21322382986545563,0.05742712691426277,0.34296712279319763,0.43946871161460876,0.04027877002954483,0.04027877002954483,0.729034423828125,0.024590423330664635,0.020997701212763786,0.07185442745685577,0.09207230806350708,0.5849916934967041,0.0009312980235762353
209,0.00473735376726836,0.0035233142552897334,0.02428078930824995,0.031112737953662872,0.20915228128433228,0.05802690237760544,0.34360894560813904,0.4402911365032196,0.04084645211696625,0.04084645211696625,0.742362380027771,0.02525753527879715,0.0215997826308012,0.07315505295991898,0.09373888373374939,0.5934971570968628,0.0009306524409704167
210,0.004713480127975345,0.0034972357098013163,0.024324885569512844,0.031169245019555092,0.20920930057764053,0.0546976663172245,0.33743417263031006,0.4323789179325104,0.03782595694065094,0.03782595694065094,0.6957335472106934,0.023159515112638474,0.01950222998857498,0.07314569503068924,0.09372690320014954,0.5578113794326782,0.0009300040780681884
211,0.004741215379908681,0.003463900648057461,0.025546296499669552,0.03273432515561581,0.20766662061214447,0.05644167214632034,0.33700060844421387,0.43182337284088135,0.03959164395928383,0.03959164395928383,0.7190761566162109,0.02422076091170311,0.020700396969914436,0.07040726393461227,0.0902179405093193,0.5825363397598267,0.0009293529393133572
212,0.004670478170737624,0.0034751214552670717,0.023907135240733624,0.030633949674665928,0.20761144906282425,0.05704423785209656,0.33859339356422424,0.4338642954826355,0.040114570409059525,0.040114570409059525,0.7253518104553223,0.024739673361182213,0.021156983450055122,0.07165379077196121,0.09181521087884903,0.582244873046875,0.000928699029168755
213,0.004713689675554633,0.0035155846271663904,0.023962102830410004,0.030704383738338947,0.21023745089769363,0.05517091602087021,0.33892419934272766,0.4342881739139557,0.038224704563617706,0.038224704563617706,0.7105575203895569,0.02419215254485607,0.02047126740217209,0.07441770285367966,0.09535679966211319,0.5714099407196045,0.000928042352116209
214,0.004643285181373358,0.0033815944334492087,0.02523381356149912,0.0323339169844985,0.20364072173833847,0.05449716001749039,0.3364812135696411,0.43115782737731934,0.03767310082912445,0.03767310082912445,0.6957294940948486,0.023476142436265945,0.01989276334643364,0.07166757434606552,0.09183287620544434,0.5625433921813965,0.00092738291265651
215,0.004690189613029361,0.0034753583604469895,0.02429662737995386,0.031133036129176617,0.20814970880746841,0.056863151490688324,0.3376981317996979,0.43271714448928833,0.03997824341058731,0.03997824341058731,0.7321761846542358,0.025017956271767616,0.021512145176529884,0.07011621445417404,0.08984499424695969,0.5949918031692505,0.0009267207153093822
216,0.004796634311787784,0.003588282852433622,0.02416703011840582,0.030966972932219505,0.21241893619298935,0.05387277901172638,0.3377628028392792,0.4328000247478485,0.0369846373796463,0.0369846373796463,0.6703500151634216,0.02241954766213894,0.018769990652799606,0.07299115508794785,0.0935288667678833,0.5372118949890137,0.0009260557646134519
217,0.004418263793922961,0.00322723516728729,0.023820574395358562,0.030523032881319523,0.19999613612890244,0.057404689490795135,0.3373219072818756,0.43223506212234497,0.040538594126701355,0.040538594126701355,0.7479795217514038,0.025696195662021637,0.02220897749066353,0.06974436342716217,0.08936851471662521,0.6094067692756653,0.0009253880651262172
218,0.004604728426784277,0.0034588570706546307,0.022917425259947777,0.029365760274231434,0.2101825773715973,0.0544905886054039,0.3331575095653534,0.4268989562988281,0.03783271089196205,0.03783271089196205,0.6977438926696777,0.023623017594218254,0.02002531848847866,0.07195398956537247,0.09219987690448761,0.5596550703048706,0.0009247176214240154
219,0.004810239654034376,0.003569384221918881,0.024817110039293766,0.03179996646940708,0.21052264422178268,0.05400663614273071,0.33337724208831787,0.4271804690361023,0.037337776273489,0.037337776273489,0.6741302609443665,0.022663772106170654,0.019172731786966324,0.0698208212852478,0.08946648985147476,0.5436532497406006,0.0009240444381019922
220,0.004439291078597307,0.003281919751316309,0.023147428408265114,0.0296604810282588,0.20266909152269363,0.0574212521314621,0.33400869369506836,0.42798957228660583,0.04072081670165062,0.04072081670165062,0.739869236946106,0.025707801803946495,0.022220972925424576,0.06973657011985779,0.08935853093862534,0.6057760715484619,0.0009233685197740714
221,0.004528263350948691,0.0033558113500475883,0.023449036292731762,0.030046955682337284,0.20291681587696075,0.05274147540330887,0.329588919878006,0.4223262667655945,0.03626202791929245,0.03626202791929245,0.6630436182022095,0.02220185473561287,0.018519295379519463,0.07365117222070694,0.09437460452318192,0.5297415256500244,0.0009226898710729209
222,0.004348008893430233,0.003140826942399144,0.024143637157976627,0.03093699738383293,0.1977965533733368,0.056557051837444305,0.33359387516975403,0.4274580776691437,0.039877358824014664,0.039877358824014664,0.7302665114402771,0.024865543469786644,0.02134450152516365,0.07042085379362106,0.09023535996675491,0.5899784564971924,0.0009220084966499233
223,0.004352468531578779,0.00325502036139369,0.021948963403701782,0.028124801814556122,0.20376898348331451,0.055300235748291016,0.331704705953598,0.4250373840332031,0.038714997470378876,0.038714997470378876,0.7004435658454895,0.023428959771990776,0.020013004541397095,0.06831910461187363,0.08754222095012665,0.564460277557373,0.0009213244011751424
224,0.004172822460532188,0.0030691211577504873,0.022074024192988873,0.028285051696002483,0.19522464275360107,0.053359244018793106,0.3315085172653198,0.42478591203689575,0.036783818155527115,0.036783818155527115,0.6606706380844116,0.021835578605532646,0.01831662654876709,0.07037904858589172,0.09018179029226303,0.5299906134605408,0.000920637589337292
225,0.004425979219377041,0.0033101157750934362,0.02231726422905922,0.028596733696758747,0.20272277295589447,0.05591718852519989,0.3312910795211792,0.4245073199272156,0.03935263305902481,0.03935263305902481,0.7256604433059692,0.024725280702114105,0.021174635738134384,0.07101289927959442,0.0909939780831337,0.5885592103004456,0.0009199480658437039
226,0.004081845749169588,0.00303343974519521,0.020968119613826275,0.026867976412177086,0.19630369544029236,0.052422188222408295,0.32865220308303833,0.42112594842910767,0.03598957508802414,0.03598957508802414,0.6668551564216614,0.022371087223291397,0.018648728728294373,0.0744471549987793,0.0953945443034172,0.5313666462898254,0.0009192558354202945
227,0.004146947292611003,0.0030287441331893206,0.022364064119756222,0.02865669969469309,0.19478490948677063,0.05373171716928482,0.3292692005634308,0.42191654443740845,0.0372682586312294,0.0372682586312294,0.6842104196548462,0.023127548396587372,0.019632790237665176,0.0698951706290245,0.08956176042556763,0.5557002425193787,0.0009185609028115337
228,0.004043548251502216,0.002992484485730529,0.02102127391844988,0.026936084032058716,0.19294720888137817,0.05463281273841858,0.32921192049980164,0.42184317111968994,0.03817221522331238,0.03817221522331238,0.6947098970413208,0.02369244210422039,0.020299850031733513,0.06785183399915695,0.08694349229335785,0.5704678297042847,0.0009178632727804119
229,0.004031899385154247,0.0029941259417682886,0.020755469799041748,0.02659549005329609,0.19428806751966476,0.05314740538597107,0.33027854561805725,0.42320993542671204,0.03663347661495209,0.03663347661495209,0.670924186706543,0.022961875423789024,0.019336847588419914,0.0725005641579628,0.09290024638175964,0.5446854829788208,0.0009171629501084071
230,0.004082542611286044,0.0029826504178345203,0.021997842006385326,0.028187434189021587,0.19389666616916656,0.052935000509023666,0.32675808668136597,0.41869884729385376,0.03659709542989731,0.03659709542989731,0.6689406633377075,0.022691676393151283,0.019183307886123657,0.07016737759113312,0.08991055190563202,0.5401909351348877,0.0009164599395954524
231,0.003932431689463556,0.0028954450972378254,0.02073973324149847,0.026575329713523388,0.19015151262283325,0.05452974885702133,0.32978683710098267,0.4225798547267914,0.0380404070019722,0.0380404070019722,0.6976194381713867,0.023786358535289764,0.02038613334298134,0.06800451874732971,0.08713912218809128,0.5707169771194458,0.0009157542460599035
232,0.0039371231105178595,0.002855016035027802,0.021642139181494713,0.027731644921004772,0.189137801527977,0.05175574868917465,0.3266853392124176,0.41860562562942505,0.03542148321866989,0.03542148321866989,0.6469987630844116,0.0217098630964756,0.018210161477327347,0.06999403238296509,0.08968843519687653,0.5222364664077759,0.0009150458743385046
233,0.0039981703739613295,0.002868069801479578,0.02260200772434473,0.02896159514784813,0.18956424295902252,0.05385813117027283,0.3300401568412781,0.42290443181991577,0.03735612332820892,0.03735612332820892,0.6864904165267944,0.02342071942985058,0.019815761595964432,0.07209914922714233,0.09238588064908981,0.5565917491912842,0.000914334829286356
234,0.003945176722481847,0.002807802869938314,0.022747473791241646,0.029147989116609097,0.1890394538640976,0.05354275554418564,0.3295937478542328,0.42233240604400635,0.03706306964159012,0.03706306964159012,0.6786269545555115,0.023101042956113815,0.01956736110150814,0.07067364454269409,0.09055928140878677,0.550355076789856,0.0009136211157768811
235,0.003930072765797377,0.0028626121929846704,0.021349207498133183,0.027356291189789772,0.19097315520048141,0.05228140205144882,0.3240768313407898,0.41526317596435547,0.03607755899429321,0.03607755899429321,0.6562347412109375,0.021946877241134644,0.018573883920907974,0.06745985150337219,0.08644121140241623,0.5349230766296387,0.0009129047387017925
236,0.0038048280403017998,0.002763953641988337,0.020817487500607967,0.026674959808588028,0.1864479035139084,0.05241189897060394,0.32732751965522766,0.4194285273551941,0.03604552149772644,0.03604552149772644,0.6565842032432556,0.02234831266105175,0.018641086295247078,0.07414452731609344,0.09500676393508911,0.5275511741638184,0.0009121857029710581
237,0.0037710373289883137,0.002689702028874308,0.021626705303788185,0.027711864560842514,0.18449261039495468,0.05376368761062622,0.32578808069229126,0.4174559712409973,0.03747428208589554,0.03747428208589554,0.6877942085266113,0.023576322942972183,0.020077843219041824,0.06996957957744598,0.08965709805488586,0.5611516237258911,0.0009114640135128688
238,0.0040151760913431644,0.0029515584465116262,0.021272354759275913,0.02725781686604023,0.1926748901605606,0.05223331227898598,0.3241724371910095,0.41538572311401367,0.03602468967437744,0.03602468967437744,0.6589654088020325,0.02256103605031967,0.01909570023417473,0.06930671632289886,0.08880773186683655,0.5413569211959839,0.000910739675273603
239,0.0037157863844186068,0.002657177043147385,0.021172186359763145,0.027129460126161575,0.18325966596603394,0.053361885249614716,0.3268236219882965,0.4187828302383423,0.03702070564031601,0.03702070564031601,0.6764747500419617,0.023570626974105835,0.019943781197071075,0.07253692299127579,0.09294682741165161,0.5542755126953125,0.0009100126932177938
240,0.003818203927949071,0.002696401788853109,0.022436042316257954,0.02874893043190241,0.18380479514598846,0.05140647292137146,0.3201460540294647,0.41022640466690063,0.035399168729782104,0.035399168729782104,0.6437828540802002,0.02189537137746811,0.018413957208395004,0.0696282908320427,0.08921978622674942,0.5205010175704956,0.000909283072328095
241,0.003641101298853755,0.0026330684777349234,0.020160656422376633,0.02583331521600485,0.18165133148431778,0.05240591615438461,0.3217775821685791,0.4123170077800751,0.03631703555583954,0.03631703555583954,0.6666350364685059,0.02267436310648918,0.01926550455391407,0.06817716360092163,0.08736035227775574,0.5466671586036682,0.0009085508176052465
242,0.0035802918719127774,0.002619369770400226,0.01921844109892845,0.024625984020531178,0.18274565786123276,0.0518476665019989,0.3217117190361023,0.41223257780075073,0.03576207906007767,0.03576207906007767,0.6571320295333862,0.022293591871857643,0.018863564357161522,0.06860056519508362,0.08790290355682373,0.5380858182907104,0.00090781593406804
243,0.003720379900187254,0.0026704553165473044,0.02099849283695221,0.026906894519925117,0.18611283600330353,0.052278876304626465,0.3228159248828888,0.41364750266075134,0.036138080060482025,0.036138080060482025,0.6601262092590332,0.022427184507250786,0.01900455169379711,0.06845264881849289,0.08771336078643799,0.5341618657112122,0.000907078426753285
244,0.0035316001158207655,0.002574139041826129,0.01914922147989273,0.024537289515137672,0.18063312768936157,0.052619606256484985,0.3232230246067047,0.41416919231414795,0.03645845502614975,0.03645845502614975,0.6623703241348267,0.022595111280679703,0.01924896612763405,0.06692288815975189,0.08575316518545151,0.5408651828765869,0.0009063383007157744
245,0.0037042881594970822,0.0027034744853153825,0.02001627255231142,0.02564830519258976,0.1853281371295452,0.050584837794303894,0.3175332546234131,0.40687844157218933,0.034708172082901,0.034708172082901,0.6268961429595947,0.021180767565965652,0.01788259670138359,0.06596340984106064,0.08452371507883072,0.515531063079834,0.0009055955610282487
246,0.0036069205962121487,0.002610378200188279,0.01993084792047739,0.025538841262459755,0.1815786063671112,0.05210156366229057,0.3181528151035309,0.40767228603363037,0.03619392216205597,0.03619392216205597,0.6608524322509766,0.022721190005540848,0.01931542530655861,0.06811527907848358,0.08728105574846268,0.5414493083953857,0.000904850212781363
247,0.0039072418585419655,0.0029040785739198327,0.020063266158103943,0.025708521716296673,0.1908615082502365,0.050369709730148315,0.3168407082557678,0.4059910476207733,0.034527674317359924,0.034527674317359924,0.6310117244720459,0.021434448659420013,0.01796983927488327,0.06929220259189606,0.08878914266824722,0.5103614330291748,0.0009041022610836503
248,0.0035745317582041025,0.002618333208374679,0.019123971462249756,0.024504934437572956,0.18328505754470825,0.052980437874794006,0.31814518570899963,0.407662570476532,0.037073176354169846,0.037073176354169846,0.6820568442344666,0.023692835122346878,0.020335258916020393,0.0671515241265297,0.08604613691568375,0.565605878829956,0.0009033517110614881
249,0.003473763936199248,0.0025403437903150916,0.018668404780328274,0.023921183310449123,0.18186956644058228,0.04902739077806473,0.31646397709846497,0.4055083096027374,0.03320419415831566,0.03320419415831566,0.604797899723053,0.020781496539711952,0.01718693971633911,0.07189112901687622,0.09211932867765427,0.49914368987083435,0.0009025985678590621
250,0.0035075602354481816,0.0025266320444643497,0.019618564285337925,0.025138691067695618,0.17713194340467453,0.05248599499464035,0.32010483741760254,0.41017353534698486,0.03648075461387634,0.03648075461387634,0.675751805305481,0.023743635043501854,0.020223991945385933,0.07039285451173782,0.09019947797060013,0.5607298612594604,0.0009018428366383317
251,0.0034478360321372747,0.0025228759041056037,0.018499201629310846,0.02370437141507864,0.1794801503419876,0.04958285391330719,0.3130684792995453,0.40115734934806824,0.033929429948329926,0.033929429948329926,0.6281964778900146,0.021579045802354813,0.018118493258953094,0.06921103596687317,0.08868513256311417,0.5165256261825562,0.0009010845225789934
252,0.0033462123246863484,0.002431187895126641,0.01830048905685544,0.02344974596053362,0.1767841801047325,0.05010685324668884,0.3155421018600464,0.40432700514793396,0.03432974964380264,0.03432974964380264,0.6327015161514282,0.02165951021015644,0.01823008805513382,0.06858844310045242,0.08788735419511795,0.5211013555526733,0.0009003236308784478
253,0.0032608257606625557,0.0023648168426007032,0.01792017836123705,0.022962426766753197,0.17404109239578247,0.051928117871284485,0.3145308494567871,0.40303125977516174,0.03620157390832901,0.03620157390832901,0.6592620611190796,0.02268231473863125,0.01937119849026203,0.06622233241796494,0.08485548198223114,0.546266496181488,0.0008995601667517607
254,0.0033240895718336105,0.0024420227855443954,0.017641335725784302,0.022605126723647118,0.17775434255599976,0.04995991662144661,0.3122406303882599,0.400096595287323,0.034347884356975555,0.034347884356975555,0.6215984225273132,0.021043390035629272,0.017692243680357933,0.06702294200658798,0.08588135987520218,0.5039949417114258,0.0008987941354316301
255,0.0033278422197327018,0.0024533625692129135,0.01748959068208933,0.02241068333387375,0.17835374176502228,0.049807336181402206,0.31145817041397095,0.39909398555755615,0.0342344269156456,0.0342344269156456,0.6261337995529175,0.021108781918883324,0.017802927643060684,0.06611707806587219,0.08472061902284622,0.512241542339325,0.0008980255421683486
256,0.0035078285727649927,0.0025735829258337617,0.018684913404285908,0.02394233550876379,0.18366849422454834,0.05011231452226639,0.310686856508255,0.398105651140213,0.03457797318696976,0.03457797318696976,0.632739782333374,0.021465467289090157,0.018191713839769363,0.06547506153583527,0.08389795571565628,0.5205937027931213,0.0008972543922297687
257,0.0036478587426245213,0.002739289775490761,0.018171382136642933,0.023284313268959522,0.18754205480217934,0.051809489727020264,0.3162344992160797,0.40521425008773804,0.03599776700139046,0.03599776700139046,0.648208498954773,0.022340772673487663,0.01892690733075142,0.06827729195356369,0.08748865127563477,0.5253866910934448,0.0008964806909012655
258,0.0034231975441798568,0.0025080163031816483,0.018303624354302883,0.02345376368612051,0.1764310672879219,0.048333991318941116,0.3090994954109192,0.3960716426372528,0.03287901729345322,0.03287901729345322,0.5873461961746216,0.019621923565864563,0.01630253717303276,0.06638772040605545,0.08506740629673004,0.47976022958755493,0.0008957044434857014
259,0.003152222721837461,0.002279150648973882,0.017461441457271576,0.022374612279236317,0.17254970967769623,0.054069481790065765,0.3178873062133789,0.4073321223258972,0.03817511722445488,0.03817511722445488,0.6983822584152222,0.02412530593574047,0.020864777266979218,0.06521057337522507,0.083559051156044,0.5819642543792725,0.0008949256553033892
260,0.0035545105347409844,0.002645110129378736,0.018188009038567543,0.023305616341531277,0.18630698323249817,0.048947013914585114,0.30894142389297485,0.39586910605430603,0.03349994122982025,0.03349994122982025,0.6018468737602234,0.02004731260240078,0.016649940982460976,0.06794744729995728,0.08706600219011307,0.47993314266204834,0.0008941443316920559
261,0.003394356230273843,0.002425437094643712,0.019378380849957466,0.02483092900365591,0.17513222247362137,0.049547258764505386,0.30978426337242126,0.3969491124153137,0.03405804559588432,0.03405804559588432,0.6065601110458374,0.020478812977671623,0.017216892912983894,0.06523841619491577,0.08359473198652267,0.49209392070770264,0.0008933604780068062
262,0.0034439623123034835,0.002588503761216998,0.01710916869342327,0.021923222579061985,0.18320753425359726,0.052148573100566864,0.31417950987815857,0.40258103609085083,0.036439597606658936,0.036439597606658936,0.6608846187591553,0.022736169397830963,0.0195428766310215,0.06386584788560867,0.08183595538139343,0.5536117553710938,0.0008925740996200851
263,0.0035655394895002246,0.002678199205547571,0.01774680521339178,0.022740271873772144,0.187799371778965,0.04768616706132889,0.30677443742752075,0.39309239387512207,0.03234744444489479,0.03234744444489479,0.5789585113525391,0.01925741136074066,0.015912557020783424,0.06689707934856415,0.08572008460760117,0.4656449258327484,0.0008917852019216424
264,0.0030867557507008314,0.002215044107288122,0.017434232868254185,0.022339748218655586,0.16945883631706238,0.05309943109750748,0.3184029757976532,0.4079928696155548,0.037179283797740936,0.037179283797740936,0.669866144657135,0.023425867781043053,0.020154070109128952,0.06543596088886261,0.08384784311056137,0.5535680651664734,0.0008909937903184945
265,0.003303262870758772,0.002416881383396685,0.017727630212903023,0.022715700790286064,0.1772546023130417,0.04753195494413376,0.30437445640563965,0.39001718163490295,0.032313231378793716,0.032313231378793716,0.5818731784820557,0.01980016566812992,0.01655130460858345,0.06497722864151001,0.08326003700494766,0.4854757785797119,0.000890199870234888
266,0.0032057779608294368,0.002294396224897355,0.018227633088827133,0.02335638925433159,0.17135749757289886,0.04902327433228493,0.3093961477279663,0.3964517414569855,0.03355346620082855,0.03355346620082855,0.6027145385742188,0.020950395613908768,0.01760256290435791,0.06695666164159775,0.08579643815755844,0.49828726053237915,0.0008894034471122621
267,0.003104890580289066,0.00228832452557981,0.016331322491168976,0.02092651091516018,0.17159095406532288,0.05084502696990967,0.3119637370109558,0.3997417688369751,0.035246841609478,0.035246841609478,0.638005793094635,0.022206228226423264,0.01893443614244461,0.06543583422899246,0.08384769409894943,0.5269776582717896,0.0008886045264092117
268,0.0030439981492236257,0.002246860589366406,0.015942750498652458,0.020428605377674103,0.16871658712625504,0.04685627669095993,0.3021501898765564,0.38716697692871094,0.03174876794219017,0.03174876794219017,0.5766180753707886,0.019427573308348656,0.016210677102208138,0.06433792412281036,0.08244085311889648,0.4795443117618561,0.0008878031136014499
269,0.0033058415865525603,0.0024670271668583155,0.016776287462562323,0.021496674977242947,0.1787673979997635,0.05081956088542938,0.3090023994445801,0.39594727754592896,0.03536944091320038,0.03536944091320038,0.6478210687637329,0.02246886119246483,0.01917462982237339,0.06588464230298996,0.0844227746129036,0.5372138023376465,0.0008869992141817703
270,0.0028966213576495647,0.002126664388924837,0.015399138443171978,0.01973203383386135,0.1660534143447876,0.04774637520313263,0.3068053424358368,0.39313197135925293,0.03240610659122467,0.03240610659122467,0.5845651030540466,0.019716311246156693,0.0163780115544796,0.06676600873470306,0.08555213361978531,0.4748271107673645,0.0008861928336600095
271,0.0030643215868622065,0.0021863621659576893,0.017559190280735493,0.022499866783618927,0.16821040213108063,0.049744799733161926,0.30881789326667786,0.3957107663154602,0.034303903579711914,0.034303903579711914,0.6194231510162354,0.02105856128036976,0.01783198118209839,0.0645315945148468,0.08268902450799942,0.5142693519592285,0.0008853839775630094
272,0.0032676657428964972,0.0023897037608549,0.017559239640831947,0.022499930113554,0.17705686390399933,0.050011321902275085,0.3067987859249115,0.3931235671043396,0.03467138111591339,0.03467138111591339,0.6159706115722656,0.02084748074412346,0.01762937568128109,0.06436209380626678,0.0824718251824379,0.5022897720336914,0.000884572651434579
273,0.0030106636695563793,0.0021440060809254646,0.01733315270394087,0.022210226394236088,0.1666780561208725,0.047605060040950775,0.30517148971557617,0.3910384178161621,0.032346487045288086,0.032346487045288086,0.5650048851966858,0.018669111654162407,0.015446649864315987,0.0644492357969284,0.08258349448442459,0.4597514569759369,0.0008837588608354571
274,0.002967685111798346,0.0021278992062434554,0.016795717179775238,0.021521572023630142,0.16425107419490814,0.05213239789009094,0.3120805025100708,0.3998914659023285,0.03652837127447128,0.03652837127447128,0.6550168991088867,0.022399626672267914,0.019210850819945335,0.06377553194761276,0.08172022551298141,0.5458945035934448,0.0008829426113432729
275,0.003075514337979257,0.0022398027358576655,0.016714232973754406,0.021417160518467426,0.17297738045454025,0.048236701637506485,0.30292415618896484,0.3881586790084839,0.0330904945731163,0.0330904945731163,0.5855039358139038,0.019535038620233536,0.01635117083787918,0.0636773407459259,0.08159440755844116,0.4774261713027954,0.0008821239085525091
276,0.002818593638949096,0.0020337847527116537,0.01569617772474885,0.020112653262913227,0.1610286571085453,0.050143051892519,0.3061145544052124,0.3922468423843384,0.03483732417225838,0.03483732417225838,0.6183017492294312,0.02097967639565468,0.017773063853383064,0.06413225084543228,0.0821773111820221,0.505731463432312,0.0008813027580744632
277,0.0029313480481505394,0.0021743931574746966,0.015139097347855568,0.019398826174438,0.16910263150930405,0.04829705134034157,0.301291286945343,0.38606637716293335,0.03323248773813248,0.03323248773813248,0.5976898074150085,0.02025069296360016,0.016971394419670105,0.06558596342802048,0.08404006063938141,0.4971427619457245,0.0008804791655372085
278,0.002718246658332646,0.001955453713890165,0.015255860053002834,0.0195484422147274,0.1589960753917694,0.047299616038799286,0.298002690076828,0.38185250759124756,0.032399483025074005,0.032399483025074005,0.5808217525482178,0.019577398896217346,0.01632435992360115,0.06506079435348511,0.08336713165044785,0.4761570692062378,0.0008796531365855559
279,0.0027446445310488343,0.001984052243642509,0.01521184341982007,0.019492038525640965,0.16029363870620728,0.05044664815068245,0.30769971013069153,0.39427801966667175,0.035061661154031754,0.035061661154031754,0.628675639629364,0.021614640951156616,0.01841500774025917,0.06399267911911011,0.08199846744537354,0.5206325054168701,0.0008788246768810155
280,0.002742548706009984,0.002007318485993892,0.01470460370182991,0.018842077814042568,0.1611223928630352,0.048408519476652145,0.3008477985858917,0.3854981064796448,0.0333661288022995,0.0333661288022995,0.5960432291030884,0.020376410335302353,0.017241578549146652,0.06269663572311401,0.080337755382061,0.5014676451683044,0.0008779937921017574
281,0.0027138020377606153,0.0019621889805421233,0.015032260678708553,0.019261926412582397,0.1592341810464859,0.047942280769348145,0.29935452342033386,0.38358473777770996,0.03297455236315727,0.03297455236315727,0.5828322768211365,0.019890638068318367,0.01672433689236641,0.06332602351903915,0.08114424347877502,0.4838181734085083,0.0008771604879425725
282,0.002628378802910447,0.0019004438363481313,0.014558699913322926,0.018655121326446533,0.15712103620171547,0.04963500797748566,0.3040584623813629,0.3896121680736542,0.03443208336830139,0.03443208336830139,0.6156402826309204,0.02127249538898468,0.018023312091827393,0.06498365104198456,0.08326826244592667,0.510615348815918,0.0008763247701148346
283,0.0026776245795190334,0.0019639002857729793,0.014274484943598509,0.018290936015546322,0.16019956022500992,0.04718766734004021,0.2997201085090637,0.38405317068099976,0.03220166265964508,0.03220166265964508,0.5728179812431335,0.019339004531502724,0.01611689105629921,0.06444225460290909,0.08257455378770828,0.47322773933410645,0.00087548664434646
284,0.0028712935745716095,0.0020699938759207726,0.016025993041694164,0.02053526882082224,0.1636277288198471,0.04868416488170624,0.30359554290771484,0.38901904225349426,0.033504385501146317,0.033504385501146317,0.5941107869148254,0.020100824534893036,0.016972996294498444,0.06255657225847244,0.0801582783460617,0.4921298623085022,0.0008746461163818687
285,0.002887394861318171,0.002141920034773648,0.014909495133906603,0.019104620441794395,0.16752571612596512,0.05018860474228859,0.3065846264362335,0.3928492069244385,0.03485937416553497,0.03485937416553497,0.6174544095993042,0.021026384085416794,0.0178206879645586,0.06411391496658325,0.0821538120508194,0.5073682069778442,0.0008738031919819456
286,0.0030019290279597044,0.0022048481041565537,0.015941618476063013,0.020427153445780277,0.16631066799163818,0.04616653546690941,0.2966342866420746,0.3800990879535675,0.03133482113480568,0.03133482113480568,0.5509594678878784,0.018154190853238106,0.015025224536657333,0.06257931143045425,0.08018742501735687,0.4523506164550781,0.0008729578769239999
287,0.002566721406765282,0.001834520255215466,0.014644023030996323,0.018764451146125793,0.15492596477270126,0.0519876554608345,0.3051539957523346,0.3910159766674042,0.036729954183101654,0.036729954183101654,0.6562223434448242,0.022781286388635635,0.01962997019290924,0.06302633881568909,0.08076022565364838,0.5510582327842712,0.0008721101770017265
288,0.003053543856367469,0.002272177138365805,0.01562733529135585,0.02002443838864565,0.17311078682541847,0.04709496721625328,0.29642531275749207,0.3798312544822693,0.03227370232343674,0.03227370232343674,0.5685842037200928,0.019476983696222305,0.01619398593902588,0.06565994024276733,0.08413484692573547,0.4661676585674286,0.0008712600980251656
289,0.00266542995814234,0.0018869175692088902,0.015570247545838356,0.019951289519667625,0.1562805399298668,0.046477317810058594,0.29631900787353516,0.3796950876712799,0.031661368906497955,0.031661368906497955,0.5570732355117798,0.018881333991885185,0.01570431888103485,0.06354030966758728,0.08141881227493286,0.4622117877006531,0.0008704076458206632
290,0.00265787064563483,0.0019357959972694516,0.014441493898630142,0.018504935316741467,0.1592237651348114,0.05068055912852287,0.3021547794342041,0.3871728777885437,0.03557281941175461,0.03557281941175461,0.6368060111999512,0.021808208897709846,0.018699146807193756,0.062181249260902405,0.07967735081911087,0.5340362787246704,0.0008695528262308317
291,0.002558720763772726,0.0018480033031664789,0.0142143489792943,0.018213878385722637,0.15602679550647736,0.04639778286218643,0.29601430892944336,0.3793046176433563,0.031597066670656204,0.031597066670656204,0.5540152192115784,0.018400467932224274,0.01518872007727623,0.06423496454954147,0.08230893313884735,0.4495556354522705,0.0008686956451145084
292,0.0026850062422454357,0.001957131375093013,0.014557498507201672,0.018653579987585545,0.16115572303533554,0.048887260258197784,0.3016619086265564,0.38654133677482605,0.033804163336753845,0.033804163336753845,0.5932657718658447,0.019860530272126198,0.01669386774301529,0.06333323568105698,0.08115347474813461,0.4834015369415283,0.0008678361083467171
293,0.002419699798338115,0.0017566457390785217,0.013261081650853157,0.016992387361824512,0.15181944519281387,0.04853266850113869,0.2963741719722748,0.37976571917533875,0.03371395915746689,0.03371395915746689,0.5902847051620483,0.01962846890091896,0.016585901379585266,0.06085135042667389,0.07797325402498245,0.4896678328514099,0.0008669742218186262
294,0.0024863090948201716,0.0018115550046786666,0.013495081569999456,0.017292230390012264,0.15409620851278305,0.047787439078092575,0.2958884835243225,0.3791434168815613,0.03299301490187645,0.03299301490187645,0.5736528635025024,0.019091254100203514,0.01599736511707306,0.061877764761447906,0.07928847521543503,0.47122320532798767,0.0008661099914375098
295,0.0024250675342045724,0.001771812210790813,0.013065106235444546,0.016741270199418068,0.15161175280809402,0.04902363196015358,0.2994697391986847,0.3837323486804962,0.034050144255161285,0.034050144255161285,0.597015380859375,0.020240461453795433,0.017067801207304,0.06345319002866745,0.08130716532468796,0.4899694323539734,0.0008652434231267059
296,0.002377256751060486,0.0017267126822844148,0.013010878581553698,0.016671784222126007,0.1519722044467926,0.04661477357149124,0.29098597168922424,0.37286147475242615,0.03206547349691391,0.03206547349691391,0.5629616975784302,0.01892521046102047,0.015808306634426117,0.06233808025717735,0.0798783227801323,0.47032198309898376,0.0008643745228255767
297,0.0023978600511327386,0.0017339378828182817,0.013278442434966564,0.017014632932841778,0.15066852420568466,0.0487670823931694,0.29819366335868835,0.38209718465805054,0.033857397735118866,0.033857397735118866,0.5922515392303467,0.02022630348801613,0.017066452652215958,0.06319703161716461,0.08097894489765167,0.49380505084991455,0.0008635032964894676
298,0.0023904930567368865,0.001740067615173757,0.013008507899940014,0.01666874624788761,0.15131184458732605,0.04783123359084129,0.29685458540916443,0.38038134574890137,0.03298850357532501,0.03298850357532501,0.5801639556884766,0.019770881161093712,0.016625963151454926,0.06289835274219513,0.08059623092412949,0.47902926802635193,0.0008626297500896666
299,0.0023120854748412967,0.0016797728603705764,0.012646251823753119,0.016204561572521925,0.14892631024122238,0.04645034670829773,0.29404792189598083,0.37678495049476624,0.03174794837832451,0.03174794837832451,0.5610767006874084,0.01891786977648735,0.015764035284519196,0.0630766972899437,0.08082474768161774,0.4660552740097046,0.0008617538896133625
300,0.002342639723792672,0.0016892692656256258,0.01306740939617157,0.01674422062933445,0.14955201745033264,0.048091962933540344,0.29590335488319397,0.379162460565567,0.033296793699264526,0.033296793699264526,0.5866206884384155,0.01986183598637581,0.016825057566165924,0.060735587030649185,0.0778249129652977,0.4931420087814331,0.0008608757210636052
301,0.0022956397151574492,0.001672352897003293,0.012465734966099262,0.015973251778632402,0.1484326869249344,0.04817792400717735,0.2973286211490631,0.380988746881485,0.03331149369478226,0.03331149369478226,0.5792546272277832,0.019617334008216858,0.016518644988536835,0.06197376921772957,0.07941149175167084,0.477312833070755,0.0008599952504592636
302,0.0023739978787489235,0.001748497597873211,0.012510005850344896,0.01602997910231352,0.15313320606946945,0.047056980431079865,0.294542133808136,0.3774182200431824,0.032329872250556946,0.032329872250556946,0.5619959831237793,0.019025979563593864,0.015913981944322586,0.06223994866013527,0.07975257188081741,0.46543389558792114,0.0008591124838349845
303,0.002616669866256416,0.001961221802048385,0.013108961284160614,0.016797464340925217,0.15990931540727615,0.04799443855881691,0.2931188941001892,0.37559449672698975,0.03333849459886551,0.03333849459886551,0.5849924683570862,0.019912071526050568,0.016832523047924042,0.06159096956253052,0.07892098277807236,0.488889217376709,0.0008582274272411517
304,0.00215813989052549,0.0015527211362496018,0.012108375318348408,0.015515340492129326,0.1433054804801941,0.045294541865587234,0.290153443813324,0.3717947006225586,0.030786868184804916,0.030786868184804916,0.5318793654441833,0.017923347651958466,0.014742638915777206,0.06361418962478638,0.08151348680257797,0.4378594756126404,0.0008573400867438438
305,0.0023619915591552854,0.0017119208932854235,0.013001412618905306,0.016659655142575502,0.14948808401823044,0.049029815942049026,0.29874733090400696,0.3828066885471344,0.03409244865179062,0.03409244865179062,0.5965239405632019,0.02050774358212948,0.017399415373802185,0.06216655299067497,0.07965851575136185,0.4985738694667816,0.0008564504684247932
306,0.0024736758787184954,0.001821449026465416,0.013044536113739014,0.0167149119079113,0.15499738976359367,0.047092683613300323,0.2918631136417389,0.3739853799343109,0.0324995294213295,0.0324995294213295,0.5648625493049622,0.019271640107035637,0.016161838546395302,0.062196023762226105,0.07969629019498825,0.47248780727386475,0.0008555585783813443
307,0.002676995121873915,0.0019701929995790124,0.014136040583252907,0.018113533966243267,0.15975438058376312,0.04600171372294426,0.2916019856929779,0.37365084886550903,0.031421612948179245,0.031421612948179245,0.5369833707809448,0.01796821318566799,0.014938371255993843,0.06059684231877327,0.0776471346616745,0.4419226050376892,0.0008546644227264119
308,0.002718079020269215,0.002052509575150907,0.013311389368027449,0.017056851647794247,0.16413608938455582,0.05006423220038414,0.2984713912010193,0.3824530839920044,0.035140663385391235,0.035140663385391235,0.6175157427787781,0.021067418158054352,0.018080098554491997,0.0597463920712471,0.07655739784240723,0.5169655084609985,0.0008537680075884382
309,0.0023393903393298388,0.0016911677084863186,0.012964452616870403,0.01661229506134987,0.14956523478031158,0.044184621423482895,0.2892666161060333,0.37065836787223816,0.02972128987312317,0.02972128987312317,0.516120195388794,0.017249958589673042,0.014035681262612343,0.06428554654121399,0.08237374573945999,0.4271227717399597,0.0008528693391113527
310,0.002511680359020829,0.0018180562183260918,0.013872482813894749,0.017775820568203926,0.15508340299129486,0.04948560893535614,0.30324894189834595,0.38857489824295044,0.03432316333055496,0.03432316333055496,0.6011483073234558,0.020794471725821495,0.017650900408625603,0.06287143379449844,0.08056174218654633,0.498039573431015,0.0008519684234545282
311,0.0023400267818942666,0.001679187931586057,0.013216775842010975,0.01693561626598239,0.14872993528842926,0.04590722918510437,0.2897937595844269,0.3713338077068329,0.031417541205883026,0.031417541205883026,0.5479766130447388,0.018738606944680214,0.01573449932038784,0.06008215621113777,0.07698763906955719,0.46388930082321167,0.0008510652667927398
312,0.0023699627490714192,0.0017163326847366989,0.013072600588202477,0.01675087260082364,0.15128544718027115,0.046345584094524384,0.29084712266921997,0.3726835250854492,0.031803227961063385,0.031803227961063385,0.5559870004653931,0.019092882052063942,0.016054784879088402,0.0607619509100914,0.07785870134830475,0.46681708097457886,0.0008501598753161223
313,0.002513652783818543,0.0018415863160043955,0.013441328424960375,0.017223350703716278,0.1550609990954399,0.04800719767808914,0.29699277877807617,0.38055849075317383,0.033157557249069214,0.033157557249069214,0.5851189494132996,0.020279478281736374,0.01708758808672428,0.06383778899908066,0.08179999887943268,0.48460909724235535,0.0008492522552301272
314,0.0021655523451045156,0.00154298625420779,0.012451320420950651,0.015954781789332628,0.14297879487276077,0.044303249567747116,0.2860679626464844,0.3665596544742584,0.029999850317835808,0.029999850317835808,0.5199596881866455,0.01768457144498825,0.014515219256281853,0.06338702887296677,0.08122240006923676,0.4350195527076721,0.0008483424127554811
315,0.0022160651278682053,0.00158368083066307,0.012647684663534164,0.016206396743655205,0.14586661383509636,0.04945199191570282,0.29533371329307556,0.37843257188796997,0.03468530625104904,0.03468530625104904,0.6098982095718384,0.020920265465974808,0.017883311957120895,0.06073905527591705,0.07782936841249466,0.5139681100845337,0.0008474303541281425
316,0.002369352034293115,0.0017159697017632425,0.01306764641776681,0.016744523774832487,0.15090113133192062,0.04652232304215431,0.28871840238571167,0.3699558973312378,0.03208640217781067,0.03208640217781067,0.5503378510475159,0.018450312316417694,0.015424919314682484,0.060507845133543015,0.07753309607505798,0.45072245597839355,0.000846516085599259
317,0.0021999423624947667,0.0015786701696924865,0.012425444088876247,0.015921623446047306,0.14464086294174194,0.04555101320147514,0.28591686487197876,0.36636605858802795,0.031255170702934265,0.031255170702934265,0.53667151927948,0.01798919215798378,0.014937801286578178,0.061027828603982925,0.07819937914609909,0.4431593418121338,0.0008455996134351248
318,0.002003501052968204,0.0014269702951423824,0.011530616320669651,0.014775014948099852,0.13830188661813736,0.049949683248996735,0.2952021062374115,0.378263920545578,0.03518957644701004,0.03518957644701004,0.6091325879096985,0.0209657009691,0.017957579344511032,0.060162439942359924,0.07709051668643951,0.5143683552742004,0.0008446809439171374
319,0.0022822016617283225,0.0016771566588431597,0.012100899126380682,0.015505761373788118,0.15086086094379425,0.046209514141082764,0.2875736355781555,0.36848902702331543,0.03183083236217499,0.03183083236217499,0.5329262018203735,0.017890051007270813,0.014939337968826294,0.05901425704360008,0.07561924308538437,0.4447086453437805,0.0008437600833417549
320,0.0021082034800201654,0.0015199430054053664,0.011765210889279842,0.015075619798153639,0.14070651680231094,0.04670776426792145,0.28906717896461487,0.3704027533531189,0.032254405319690704,0.032254405319690704,0.545947253704071,0.01857166923582554,0.015530282631516457,0.06082771718502045,0.07794297486543655,0.45331019163131714,0.0008428370380204527
321,0.002002107328735292,0.001442122331354767,0.01119969878345728,0.014350987505167723,0.1379050314426422,0.04810243099927902,0.2919824719429016,0.37413835525512695,0.03350330889225006,0.03350330889225006,0.5868474245071411,0.02016083523631096,0.01706361398100853,0.06194441393017769,0.07937388122081757,0.4945266842842102,0.0008419118142796799
322,0.002074975986033678,0.0015128586092032492,0.011242348235100508,0.014405637513846159,0.14274606853723526,0.0454292930662632,0.28678807616233826,0.36748239398002625,0.031089888885617256,0.031089888885617256,0.5331251621246338,0.01794658973813057,0.014912971295416355,0.06067238375544548,0.07774393260478973,0.4455820322036743,0.0008409844184608164
323,0.0020739634055644274,0.0014924052520655096,0.011631162837147713,0.014903854113072157,0.1414654552936554,0.046679966151714325,0.2899070382118225,0.37147897481918335,0.03218461200594902,0.03218461200594902,0.5465626120567322,0.01842840202152729,0.01543671265244484,0.05983377620577812,0.0766693651676178,0.45567837357521057,0.0008400548569201295
324,0.0019887922098860145,0.0014355124440044165,0.011065593920648098,0.014179148711264133,0.1385602280497551,0.04790334776043892,0.2906673550605774,0.37245315313339233,0.03336998075246811,0.03336998075246811,0.5743228197097778,0.019568882882595062,0.016564272344112396,0.060092199593782425,0.07700049877166748,0.4813375771045685,0.0008391231360287296
325,0.0019622883410193026,0.0014122906723059714,0.010999953374266624,0.014095040038228035,0.13764555379748344,0.04496799781918526,0.28483420610427856,0.36497873067855835,0.03072628751397133,0.03072628751397133,0.533353328704834,0.018056627362966537,0.014989856630563736,0.06133541837334633,0.07859352976083755,0.4478980004787445,0.0008381892621725278
326,0.002106989501044154,0.001516160904429853,0.011816571466624737,0.015141430776566267,0.14257226511836052,0.04637197032570839,0.2872914671897888,0.3681274354457855,0.03200739622116089,0.03200739622116089,0.553369402885437,0.018860071897506714,0.015853004530072212,0.06014135107398033,0.07706347852945328,0.46581846475601196,0.0008372532417521906
327,0.0019421990728005767,0.0013849539682269096,0.011144903022795916,0.014280774164944887,0.13666685670614243,0.04780614748597145,0.28971219062805176,0.37122929096221924,0.03332053869962692,0.03332053869962692,0.5689687728881836,0.01951986737549305,0.016496781259775162,0.06046172231435776,0.07747400552034378,0.47553229331970215,0.0008363150811830972
328,0.0019915272714570165,0.0014317233581095934,0.011196076404303312,0.01434634393081069,0.138449065387249,0.0450039803981781,0.2841879725456238,0.36415067315101624,0.030794579535722733,0.030794579535722733,0.5258232355117798,0.01797826960682869,0.014937110245227814,0.060823190957307816,0.07793717086315155,0.44472265243530273,0.0008353747868952953
329,0.0019577285856939852,0.001389985263813287,0.011354866437613964,0.01454981416463852,0.13696660101413727,0.04706152155995369,0.28699636459350586,0.36774927377700806,0.0327117033302784,0.0327117033302784,0.5715537667274475,0.019489478319883347,0.016479890793561935,0.06019173935055733,0.07712806016206741,0.4801126718521118,0.0008344323653334563
330,0.001963728806003928,0.0014149477938190103,0.010975620709359646,0.014063860289752483,0.138581320643425,0.04621991515159607,0.2875232398509979,0.3684244155883789,0.031843751668930054,0.031843751668930054,0.5428246259689331,0.018324704840779305,0.015303553082048893,0.060423046350479126,0.07742444425821304,0.4462990462779999,0.0008334878229568325
331,0.0019967244588769972,0.0014221302117221057,0.01149188308045268,0.014725384768098593,0.1368543952703476,0.04578949883580208,0.28662243485450745,0.3672701418399811,0.031458377838134766,0.031458377838134766,0.5316668748855591,0.017895303666591644,0.014957994222640991,0.05874617397785187,0.07527574896812439,0.4473848342895508,0.0008325411662392112
332,0.0019173092441633344,0.0013855956494808197,0.010634271427989006,0.013626464642584324,0.1364932432770729,0.0475594587624073,0.2884610891342163,0.36962613463401794,0.03313640505075455,0.03313640505075455,0.5738010406494141,0.0194830484688282,0.01658325269818306,0.05799590423703194,0.07431436330080032,0.4872487485408783,0.0008315924016688717
333,0.0019072268041782081,0.001382424758048728,0.010496039874851704,0.013449338264763355,0.13624221459031105,0.04517293721437454,0.28548547625541687,0.365813285112381,0.03089866414666176,0.03089866414666176,0.5215567946434021,0.017519434913992882,0.014473272487521172,0.0609232634305954,0.0780654028058052,0.4250183403491974,0.0008306415357485403
334,0.0018942718161270022,0.001356493216007948,0.010755571536719799,0.01378189492970705,0.13521162420511246,0.04691833257675171,0.2869005501270294,0.36762651801109314,0.03257330507040024,0.03257330507040024,0.5556835532188416,0.01880502514541149,0.015827052295207977,0.05955944582819939,0.07631783932447433,0.4641607999801636,0.0008296885749953453
335,0.0019464634824544191,0.0014144094311632216,0.010641081258654594,0.013635190203785896,0.1379312500357628,0.0457228347659111,0.2817701995372772,0.36105263233184814,0.03163432329893112,0.03163432329893112,0.5390713810920715,0.018042121082544327,0.01519433967769146,0.05695563182234764,0.07298139482736588,0.45797938108444214,0.000828733525940773
336,0.0018554526614025235,0.0013308961933944374,0.010491128545254469,0.013443044852465391,0.13461056351661682,0.04518939554691315,0.2842842936515808,0.3642740845680237,0.030975181609392166,0.030975181609392166,0.5223307609558105,0.017518386244773865,0.014547452330589294,0.05941867455840111,0.07613746076822281,0.4310770034790039,0.0008277763951306229
337,0.0018226098036393523,0.0013044284714851528,0.010363627225160599,0.013279668986797333,0.13411329686641693,0.04749984294176102,0.2876753807067871,0.36861932277679443,0.03311607241630554,0.03311607241630554,0.5737746953964233,0.01957307942211628,0.01658904366195202,0.05968072637915611,0.07647325843572617,0.4838932156562805,0.0008268171891249622
338,0.0018711121520027518,0.0013525814283639193,0.010370615404099226,0.013288622722029686,0.13528601825237274,0.044728606939315796,0.2814866006374359,0.36068928241729736,0.03065427765250206,0.03065427765250206,0.5204892158508301,0.017487984150648117,0.014509976841509342,0.05956016108393669,0.07631876319646835,0.4342484474182129,0.0008258559144980815
339,0.002022065920755267,0.001475780038163066,0.010925717651844025,0.013999916147440672,0.14148827642202377,0.045845989137887955,0.2843729257583618,0.3643876910209656,0.031627342104911804,0.031627342104911804,0.5379577875137329,0.01819797046482563,0.01525773387402296,0.058804742991924286,0.0753507912158966,0.45059478282928467,0.0008248925778384496
340,0.0017875973135232925,0.0012817617389373481,0.010116711258888245,0.012963277287781239,0.13191336020827293,0.047916606068611145,0.28959837555885315,0.37108346819877625,0.03343668580055237,0.03343668580055237,0.5721378922462463,0.01956387422978878,0.01661030948162079,0.05907130241394043,0.07569235563278198,0.48090749979019165,0.0008239271857486681
341,0.0019165934063494205,0.001390610123053193,0.0105196638032794,0.013479609973728657,0.1365460902452469,0.044014837592840195,0.27985310554504395,0.3585960865020752,0.030022181570529938,0.030022181570529938,0.5027366876602173,0.016795722767710686,0.01390273030847311,0.057859838008880615,0.07414001226425171,0.4259442090988159,0.0008229597448454262
342,0.0018386944429948926,0.0013270130730234087,0.010233626700937748,0.013113089837133884,0.13322661444544792,0.04681050404906273,0.2856021225452423,0.3659627139568329,0.032530397176742554,0.032530397176742554,0.5616694092750549,0.01917271688580513,0.016215424984693527,0.05914581939578056,0.07578783482313156,0.4751172661781311,0.0008219902617594552
343,0.0018340875394642353,0.0013342773891054094,0.009996202774345875,0.012808860745280981,0.13441934436559677,0.04480486735701561,0.2826955020427704,0.3622382879257202,0.03067009150981903,0.03067009150981903,0.5214189291000366,0.01770724728703499,0.014690596610307693,0.060333020985126495,0.07730908691883087,0.4326448440551758,0.0008210187431354841
344,0.001975109218619764,0.0014195172698237002,0.01111183874309063,0.014238405972719193,0.13759863376617432,0.045186951756477356,0.28207436203956604,0.36144232749938965,0.031083233654499054,0.031083233654499054,0.5303596258163452,0.01787376031279564,0.014968572184443474,0.05810374394059181,0.07445254921913147,0.444649875164032,0.0008200451956321928
345,0.0021690300200134516,0.0016033878200687468,0.011312843766063452,0.014495969284325838,0.14505434781312943,0.04701601713895798,0.284461110830307,0.3645007014274597,0.03279295936226845,0.03279295936226845,0.5775518417358398,0.019653918221592903,0.0167048592120409,0.058981187641620636,0.07557688653469086,0.48864486813545227,0.0008190696259221665
346,0.002161673502996564,0.0015685585094615817,0.011862298473715782,0.0152000249363482,0.14321279525756836,0.04361303895711899,0.279842346906662,0.3585823178291321,0.02962091937661171,0.02962091937661171,0.49652186036109924,0.016767168417572975,0.013725937344133854,0.06082460656762123,0.0779389813542366,0.40867161750793457,0.000818092040691851
347,0.001846594619564712,0.0013358196010813117,0.010215499438345432,0.0130898617208004,0.133833609521389,0.04896506667137146,0.2895600497722626,0.37103432416915894,0.03448706492781639,0.03448706492781639,0.5943154096603394,0.020446497946977615,0.017486944794654846,0.05919104814529419,0.07584579288959503,0.5029812455177307,0.0008171124466415059
348,0.0021387574961408973,0.0015669402782805264,0.011436344124376774,0.014654218684881926,0.1478246971964836,0.04411701858043671,0.2764512598514557,0.3542371094226837,0.03029445745050907,0.03029445745050907,0.5021898746490479,0.01675921306014061,0.013978496193885803,0.05561434105038643,0.07126269489526749,0.4299856424331665,0.0008161308504851593
349,0.001830508466809988,0.0013053081929683685,0.010504005011171103,0.013459544628858566,0.13204344734549522,0.0464865043759346,0.28429317474365234,0.36428549885749817,0.032271843403577805,0.032271843403577805,0.540878176689148,0.018428711220622063,0.015518740750849247,0.05819942429661751,0.07457514852285385,0.4483468234539032,0.0008151472589505611
350,0.001717873732559383,0.0012175136362202466,0.010007202159613371,0.012822954915463924,0.1291179284453392,0.0464668832719326,0.28181859850883484,0.36111465096473694,0.03237595409154892,0.03237595409154892,0.5473617315292358,0.018543796613812447,0.015687454491853714,0.05712682753801346,0.0732007548213005,0.457780122756958,0.0008141616787791377
351,0.0017810672870837152,0.0012627020478248596,0.010367303621023893,0.013284378685057163,0.1308327615261078,0.044270407408475876,0.2763408422470093,0.35409560799598694,0.030453365296125412,0.030453365296125412,0.5131686329841614,0.017033621668815613,0.014212014153599739,0.05643215775489807,0.07231061905622482,0.425899863243103,0.0008131741167259453
352,0.0018189068650826812,0.0012427764595486224,0.011522606946527958,0.014764754101634026,0.13017601519823074,0.04520382732152939,0.2804541289806366,0.359366238117218,0.03118112124502659,0.03118112124502659,0.5254605412483215,0.01745668053627014,0.014593294821679592,0.057267725467681885,0.07338129729032516,0.43194761872291565,0.0008121845795596236
353,0.001881489239167422,0.0013602451072074473,0.010424882639199495,0.013358159456402063,0.13609684258699417,0.04614289104938507,0.28373658657073975,0.3635723292827606,0.031956061720848083,0.031956061720848083,0.5380585193634033,0.017846448346972466,0.015097913332283497,0.05497068911790848,0.0704379454255104,0.44916486740112305,0.0008111930740623492
354,0.0018328978912904859,0.001300619449466467,0.010645569302141666,0.013640941120684147,0.13315580040216446,0.04458317160606384,0.28062495589256287,0.35958513617515564,0.03055192530155182,0.03055192530155182,0.5057642459869385,0.016761794686317444,0.013993163593113422,0.05537263676524162,0.07095298171043396,0.42792510986328125,0.0008101996070297903
355,0.0018495437689125538,0.0012882297160103917,0.011226281058043242,0.01438504969701171,0.1328864023089409,0.04724087566137314,0.28479206562042236,0.3649247884750366,0.03300127387046814,0.03300127387046814,0.5580464005470276,0.01896069385111332,0.01605520024895668,0.05810987949371338,0.07446041703224182,0.46788907051086426,0.0008092041852710587
356,0.0016828016377985477,0.0011973161599598825,0.009709708858281374,0.012441755272448063,0.12841757386922836,0.043735865503549576,0.27729374170303345,0.3553166091442108,0.029871178790926933,0.029871178790926933,0.4938260614871979,0.016550743952393532,0.013635169714689255,0.05831148102879524,0.07471872866153717,0.41449737548828125,0.0008082068156086631
357,0.0019579995423555374,0.0013400139869190753,0.012359711807221174,0.01583739649504423,0.13327708840370178,0.045778922736644745,0.28034707903862,0.35922908782958984,0.031761568039655685,0.031761568039655685,0.5309180021286011,0.01780632697045803,0.01495535671710968,0.057019419968128204,0.07306312769651413,0.4493219256401062,0.0008072075048784639
358,0.001966996176633984,0.001382568181725219,0.01168855931609869,0.014977398328483105,0.136701051145792,0.046443499624729156,0.279527485370636,0.35817888379096985,0.03246712684631348,0.03246712684631348,0.5495420694351196,0.01837877929210663,0.015512866899371147,0.057318247854709625,0.07344603538513184,0.45763808488845825,0.0008062062599296249
359,0.0019592250464484096,0.0014113141223788261,0.010958218481391668,0.014041561633348465,0.13891888037323952,0.043474696576595306,0.2758047878742218,0.35340869426727295,0.029684457927942276,0.029684457927942276,0.4944230914115906,0.01628943718969822,0.013447016477584839,0.05684841796755791,0.0728440061211586,0.41328537464141846,0.0008052030876245668
360,0.0016507189138792455,0.0011314828298054636,0.010384720750153065,0.013306697830557823,0.1240915060043335,0.048309389501810074,0.2843918800354004,0.36441197991371155,0.034089796245098114,0.034089796245098114,0.5852324366569519,0.01984330266714096,0.01698753423988819,0.05711538717150688,0.07318609952926636,0.4935692548751831,0.0008041979948389203
361,0.0019265346927568316,0.0013938711490482092,0.0106532690115273,0.013650807552039623,0.13766761869192123,0.04447082057595253,0.27775704860687256,0.3559102416038513,0.030582968145608902,0.030582968145608902,0.5022169351577759,0.016655053943395615,0.01387154869735241,0.055670108646154404,0.07133415341377258,0.41895419359207153,0.0008031909884614789
362,0.0017019800143316388,0.0012233562301844358,0.00957247568294406,0.012265908531844616,0.12820516526699066,0.045237667858600616,0.2802145481109619,0.35905921459198,0.03122694045305252,0.03122694045305252,0.5219672322273254,0.01744673028588295,0.014623627066612244,0.05646207928657532,0.07234896719455719,0.43946900963783264,0.0008021820753941513
363,0.0017154794186353683,0.0012367082526907325,0.009575421921908855,0.012269683182239532,0.12909821420907974,0.04613260179758072,0.27919110655784607,0.3577478229999542,0.032173044979572296,0.032173044979572296,0.5481013655662537,0.018306836485862732,0.015487311407923698,0.05639050155878067,0.07225724309682846,0.45920729637145996,0.000801171262551915
364,0.0016627164441160858,0.0011933109199162573,0.009388110134750605,0.012029667850583792,0.12881238013505936,0.043702032417058945,0.27545616030693054,0.3529619574546814,0.029929224401712418,0.029929224401712418,0.4944712519645691,0.016270240768790245,0.013440482318401337,0.056595154106616974,0.07251948863267899,0.40876370668411255,0.000800158556862768
365,0.0015925493789836764,0.0011416211200412363,0.009018565062433481,0.011556143406778574,0.12521548569202423,0.047148674726486206,0.2831478714942932,0.3628179728984833,0.032991282641887665,0.032991282641887665,0.5552591681480408,0.018519582226872444,0.01573798432946205,0.05563196912407875,0.07128528505563736,0.4667413830757141,0.0007991439652676816
366,0.0017731740372255445,0.0012826206511817873,0.009811066556721926,0.012571632862091064,0.13177275657653809,0.04433533549308777,0.2747630774974823,0.35207390785217285,0.030597181990742683,0.030597181990742683,0.5007089376449585,0.016437657177448273,0.01372496411204338,0.054253846406936646,0.06951939314603806,0.41496753692626953,0.000798127494720553
367,0.0015667384723201394,0.0011225047055631876,0.008884674403816462,0.011384578421711922,0.12364998832345009,0.0435514859855175,0.27223289012908936,0.34883177280426025,0.029939841479063034,0.029939841479063034,0.49243593215942383,0.016160013154149055,0.013442151248455048,0.05435725301504135,0.06965190172195435,0.4114508032798767,0.0007971091521881574
368,0.0015610504196956754,0.0011213722173124552,0.008793564047664404,0.011267833411693573,0.12297424674034119,0.046402737498283386,0.27735668420791626,0.3553972542285919,0.03253490477800369,0.03253490477800369,0.5454980134963989,0.018247859552502632,0.01549117173999548,0.05513374134898186,0.07064685970544815,0.4578976035118103,0.0007960889446501008
369,0.0015889956266619265,0.0011415579938329756,0.008948751725256443,0.011466685682535172,0.1256331466138363,0.04482779651880264,0.2735574543476105,0.3505290448665619,0.03114992380142212,0.03114992380142212,0.5124977827072144,0.017114726826548576,0.014358855783939362,0.0551174134016037,0.07062594592571259,0.4235977530479431,0.000795066879098771
370,0.0015303250984288752,0.0010898432810790837,0.008809636812657118,0.01128842681646347,0.12190781533718109,0.044286079704761505,0.2738329768180847,0.35088208317756653,0.03059443086385727,0.03059443086385727,0.5044400691986084,0.016753779724240303,0.014060700312256813,0.0538615956902504,0.06901677697896957,0.42445108294487,0.0007940429625392913
371,0.0015617748722434044,0.0011058356612920761,0.00911878445185721,0.011684560682624578,0.1234813705086708,0.045502401888370514,0.2754339873790741,0.3529336154460907,0.03173070400953293,0.03173070400953293,0.5344141125679016,0.01783333159983158,0.015097839757800102,0.05470985174179077,0.0701037049293518,0.45126479864120483,0.000793017201989471
372,0.001512255403213203,0.0010862096678465605,0.008520915172994137,0.010918467305600643,0.12228605896234512,0.043858885765075684,0.27235984802246094,0.3489944636821747,0.030240895226597786,0.030240895226597786,0.4996226727962494,0.01657874695956707,0.013746095821261406,0.056653015315532684,0.07259362936019897,0.40740346908569336,0.0007919896044797579
373,0.0016207650187425315,0.0011828416027128696,0.008758467622101307,0.011222861241549253,0.12818385288119316,0.0442206934094429,0.2744917869567871,0.35172632336616516,0.030496105551719666,0.030496105551719666,0.5095813870429993,0.016897697001695633,0.014133809134364128,0.055277761071920395,0.07083141058683395,0.42730340361595154,0.0007909601770531903
374,0.0015265410183928907,0.0011024806299246848,0.008481208700686693,0.0108675891533494,0.12301186099648476,0.04427732154726982,0.2730400562286377,0.3498660624027252,0.030625317245721817,0.030625317245721817,0.5115815997123718,0.016895433887839317,0.014214636757969856,0.05361595004796982,0.06870201230049133,0.43301281332969666,0.0007899289267653487
375,0.0015065596671774983,0.001089576748199761,0.008339657913893461,0.010686209425330162,0.12191340327262878,0.04413168132305145,0.27195611596107483,0.3484771251678467,0.03053387627005577,0.03053387627005577,0.5060286521911621,0.016678914427757263,0.013951823115348816,0.054541829973459244,0.0698884129524231,0.41739362478256226,0.0007888958606843069
376,0.0014971061027608812,0.0010738841665443033,0.008464438607916236,0.010846100747585297,0.12007109820842743,0.04433303326368332,0.2731761634349823,0.350040465593338,0.030674222856760025,0.030674222856760025,0.5129125714302063,0.01712774857878685,0.014345531351864338,0.055644355714321136,0.0713011622428894,0.42986446619033813,0.0007878609858905844
377,0.001433687750250101,0.0010230240586679429,0.008213273016735911,0.010524263139814138,0.1184314489364624,0.04520365595817566,0.27342477440834045,0.3503590226173401,0.031532417982816696,0.031532417982816696,0.5336946249008179,0.017907120287418365,0.015162475407123566,0.05489290878176689,0.07033827155828476,0.4542217254638672,0.0007868243094770969
378,0.0014855147455818951,0.0010657947277650237,0.008394400589168072,0.010756355244666338,0.12132243812084198,0.04381901025772095,0.2705951929092407,0.3467332720756531,0.03028924949467182,0.03028924949467182,0.5057227611541748,0.01683000475168228,0.014080436900258064,0.054991357028484344,0.07046442478895187,0.42545875906944275,0.0007857858385491085
379,0.0014545362209901214,0.0010403443593531847,0.008283837931230664,0.010614683851599693,0.11860096082091331,0.0443519651889801,0.27315253019332886,0.3500101566314697,0.03069433756172657,0.03069433756172657,0.5143440961837769,0.01709948666393757,0.01431947946548462,0.05560014024376869,0.0712445080280304,0.4265349209308624,0.0007847455802241828
380,0.0015729227452538908,0.0011477551888674498,0.008503350429236889,0.010895961429923773,0.1264527142047882,0.044553909450769424,0.27232667803764343,0.34895193576812744,0.030937574803829193,0.030937574803829193,0.5266112685203552,0.017543241381645203,0.014802958816289902,0.05480566248297691,0.07022648304700851,0.44781142473220825,0.0007837035416321337
381,0.0017314395518042147,0.0012713037431240082,0.0092027154751122,0.011792107485234737,0.12941734120249748,0.043092578649520874,0.26924651861190796,0.3450051546096802,0.029630251228809357,0.029630251228809357,0.4940308928489685,0.016465317457914352,0.01374389324337244,0.054428476840257645,0.06974316388368607,0.41956835985183716,0.0007826597299149774
382,0.0014085614820942283,0.0009951414249371737,0.008268400561064482,0.01059490256011486,0.11719681695103645,0.04630516469478607,0.27664169669151306,0.3544811010360718,0.03247307986021042,0.03247307986021042,0.5542798042297363,0.018822986632585526,0.016017306596040726,0.0561135932803154,0.07190242409706116,0.46702468395233154,0.0007816141522268821
383,0.0015615822630934417,0.0011214475962333381,0.008802692871540785,0.011279530357569456,0.12420058250427246,0.04222559556365013,0.2671549916267395,0.3423251509666443,0.028867844492197037,0.028867844492197037,0.4794004261493683,0.016207445412874222,0.013401590287685394,0.05611710622906685,0.0719069316983223,0.4083632230758667,0.0007805668157341204
384,0.001654396124649793,0.0011670244275592268,0.009747433476150036,0.012490095105022192,0.12548767030239105,0.043629396706819534,0.26872581243515015,0.34433794021606445,0.030193105340003967,0.030193105340003967,0.5120336413383484,0.017093855887651443,0.014389011077582836,0.05409688875079155,0.0693182721734047,0.4375138580799103,0.0007795177276150193
385,0.0015398355899378657,0.0011162548325955868,0.008471614681184292,0.010855295695364475,0.12271531671285629,0.04590146243572235,0.2749711573123932,0.3523405194282532,0.03215290606021881,0.03215290606021881,0.5489924550056458,0.018175575882196426,0.015420304611325264,0.05510541424155235,0.07061057537794113,0.45492327213287354,0.0007784668950599113
386,0.0015481923473998904,0.0011195089318789542,0.008573668077588081,0.01098606362938881,0.12269425392150879,0.041991591453552246,0.2663602828979492,0.34130680561065674,0.028673576191067696,0.028673576191067696,0.4745490252971649,0.01544951368123293,0.012715218588709831,0.05468590557575226,0.07007301598787308,0.3991621434688568,0.0007774143252710853
387,0.001528004591818899,0.0011139248381368816,0.008281595073640347,0.01061180979013443,0.1245054192841053,0.04569989815354347,0.27466824650764465,0.35195234417915344,0.03196648508310318,0.03196648508310318,0.5485830903053284,0.01820531114935875,0.015483280643820763,0.05444060638546944,0.06975870579481125,0.4660891592502594,0.0007763600254627364
388,0.001483675790950656,0.0010731552029028535,0.008210411760956049,0.010520597454160452,0.1214444562792778,0.0433124378323555,0.26823219656944275,0.3437053859233856,0.02990082837641239,0.02990082837641239,0.5007414817810059,0.016503730788826942,0.013804363086819649,0.05398734658956528,0.06917790323495865,0.42030230164527893,0.0007753040028609179
389,0.0014864421682432294,0.0010725882602855563,0.008277079090476036,0.010606023017317057,0.11978911608457565,0.043121226131916046,0.2673976421356201,0.3426360487937927,0.02975134178996086,0.02975134178996086,0.5005571842193604,0.016563864424824715,0.013794546946883202,0.05538635328412056,0.0709705501794815,0.41980981826782227,0.00077424626470349
390,0.0013450600672513247,0.0009570425609126687,0.007760350126773119,0.00994389969855547,0.11457493901252747,0.04544850438833237,0.27123385667800903,0.3475516140460968,0.031886812299489975,0.031886812299489975,0.5524062514305115,0.018394717946648598,0.015658490359783173,0.054724548012018204,0.07012253999710083,0.46912044286727905,0.0007731868182400717
391,0.0014574676752090454,0.0010519468924030662,0.008110415656119585,0.010392464697360992,0.12029637023806572,0.04328300058841705,0.2680884599685669,0.34352120757102966,0.02987857535481453,0.02987857535481453,0.5000320076942444,0.016220806166529655,0.013586639426648617,0.05268334969878197,0.06750700622797012,0.4146465063095093,0.0007721256707319907
392,0.0014474567142315209,0.0010409999231342226,0.0081291354727,0.010416452307254076,0.11938000097870827,0.04441545531153679,0.27063727378845215,0.3467872440814972,0.03088359162211418,0.03088359162211418,0.5221555829048157,0.016906563192605972,0.014269271865487099,0.052745845168828964,0.06758707761764526,0.43415313959121704,0.0007710628294522329
393,0.0013918019249103963,0.0010068411938846111,0.0076992150861769915,0.009865563828498125,0.11823560297489166,0.04464360699057579,0.26966893672943115,0.3455463945865631,0.031160160899162292,0.031160160899162292,0.5319600105285645,0.01723361946642399,0.014569617807865143,0.05328001827001572,0.06827155500650406,0.4434654116630554,0.0007699983016853936
394,0.0014132008654996753,0.0010141082457266748,0.007981852162629366,0.010227727238088846,0.11763419583439827,0.04276563972234726,0.2653213441371918,0.339975506067276,0.02949957363307476,0.02949957363307476,0.48956000804901123,0.01571532152593136,0.013064024969935417,0.05302593484520912,0.06794598698616028,0.40176814794540405,0.000768932094727627
395,0.001340483722742647,0.000963344587944448,0.0075427822303026915,0.009665114805102348,0.11492454633116722,0.04550858959555626,0.27120256423950195,0.34751155972480774,0.03194846212863922,0.03194846212863922,0.5410535335540771,0.01760100945830345,0.014982836320996284,0.052363451570272446,0.06709709018468857,0.4500998854637146,0.0007678642158865958
396,0.0014295540750026703,0.0010370896197855473,0.007849289570003748,0.010057864710688591,0.11990562453866005,0.043671250343322754,0.26599153876304626,0.34083425998687744,0.03037167340517044,0.03037167340517044,0.5074089765548706,0.01652468740940094,0.01393771730363369,0.051739394664764404,0.06629744917154312,0.4274905323982239,0.0007667946724814224
397,0.0013477224856615067,0.000977822404820472,0.007398000452667475,0.00947959627956152,0.11598968133330345,0.043425701558589935,0.2664417028427124,0.34141111373901367,0.030103616416454315,0.030103616416454315,0.505294680595398,0.016616901382803917,0.013897210359573364,0.05439383536577225,0.0696987733244896,0.4196878969669342,0.0007657234718426375
398,0.0013241130509413779,0.0009457819687668234,0.007566621759906411,0.009695661254227161,0.11456342041492462,0.043411824852228165,0.26647379994392395,0.3414522409439087,0.030088134109973907,0.030088134109973907,0.5084468722343445,0.016685815528035164,0.013988461345434189,0.0539470873773098,0.06912632286548615,0.4240242838859558,0.0007646506213121302
399,0.0013026949600316584,0.000930220412556082,0.007449490483850241,0.009545573499053717,0.11318117380142212,0.04399854317307472,0.2671852111816406,0.3423638343811035,0.03063928335905075,0.03063928335905075,0.5191216468811035,0.01707693189382553,0.014439677819609642,0.05274508520960808,0.06758610159158707,0.43841254711151123,0.0007635761282430981
400,0.0013710723142139614,0.000999884883640334,0.007423748495057225,0.009512587450444698,0.11728429049253464,0.04302133619785309,0.2652953565120697,0.33994224667549133,0.029756566509604454,0.029756566509604454,0.4957953095436096,0.016268152743577957,0.013621591031551361,0.052931223064661026,0.06782462447881699,0.4137727618217468,0.0007624999999999961
401,0.0013834433048032224,0.0009910236112773418,0.007848392939195037,0.010056715924292803,0.1170152984559536,0.04306734725832939,0.2659029960632324,0.3407208323478699,0.0297721978276968,0.0297721978276968,0.4965437948703766,0.01633782871067524,0.013712922111153603,0.05249813571572304,0.06726966798305511,0.4200129508972168,0.000761422243958487
402,0.0013699952978640795,0.0009882408776320517,0.007635088870301843,0.009783393703401089,0.1172494888305664,0.04447371885180473,0.26716285943984985,0.34233516454696655,0.03111557476222515,0.03111557476222515,0.5296458601951599,0.01764790527522564,0.014985610730946064,0.053245894610881805,0.06822782754898071,0.4517744779586792,0.0007603428675053898
403,0.0012783784186467528,0.0009199034248013049,0.0071694988291710615,0.009186799637973309,0.11277230829000473,0.04168294370174408,0.26046404242515564,0.33375152945518494,0.028659742325544357,0.028659742325544357,0.4693886637687683,0.015422647818922997,0.012800450436770916,0.052443936467170715,0.06720022112131119,0.3921447694301605,0.0007592618780386299
404,0.0014875439810566604,0.0010572036262601614,0.008606807561591268,0.01102852774783969,0.11937452852725983,0.044063933193683624,0.2671149671077728,0.34227386116981506,0.030708186328411102,0.030708186328411102,0.5150206089019775,0.01701638661324978,0.014390267431735992,0.05252239108085632,0.06730075925588608,0.4320656657218933,0.0007581792829671881
405,0.001330763567239046,0.0009529170347377658,0.00755693088285625,0.009683243930339813,0.11420538648962975,0.04501020163297653,0.27168694138526917,0.34813225269317627,0.03142585605382919,0.03142585605382919,0.5313194990158081,0.01762979105114937,0.014988405629992485,0.05282768979668617,0.06769195944070816,0.45127320289611816,0.0007570950897110498
406,0.001403462782036513,0.0010045206872746348,0.007978842128068209,0.010223869699984789,0.11617536470293999,0.04231239855289459,0.2638821005821228,0.33813127875328064,0.029118292033672333,0.029118292033672333,0.4702478051185608,0.015321383252739906,0.012749780900776386,0.051432054489851,0.06590364128351212,0.3910138010978699,0.0007560093057011541
407,0.001309388899244368,0.0009362688288092613,0.007462401408702135,0.009562117047607899,0.11294960975646973,0.0454009547829628,0.269834965467453,0.3457590937614441,0.03190920501947403,0.03190920501947403,0.534308135509491,0.017669953405857086,0.015043839812278748,0.052522286772727966,0.06730061769485474,0.4483683109283447,0.0007549219383793432
408,0.0014416304766200483,0.0010501539800316095,0.007829529931768775,0.010032545309513807,0.12044651806354523,0.04332133010029793,0.26448002457618713,0.3388974666595459,0.03009732812643051,0.03009732812643051,0.49903759360313416,0.016428153961896896,0.013789004646241665,0.052782975137233734,0.06763466447591782,0.4213254153728485,0.0007538329951983108
409,0.0012942748726345599,0.0009150239056907594,0.007585018407553434,0.009719235822558403,0.11296888440847397,0.04252450540661812,0.26340118050575256,0.33751508593559265,0.02935444563627243,0.02935444563627243,0.47946906089782715,0.015597298741340637,0.012958566658198833,0.052774637937545776,0.06762398034334183,0.394101619720459,0.0007527424836215516
410,0.0012659919448196888,0.0009082208562176675,0.007155421189963818,0.009168761316686869,0.11123273149132729,0.045523591339588165,0.2704545855522156,0.34655311703681946,0.032000862061977386,0.032000862061977386,0.5402505397796631,0.017719781026244164,0.015094565227627754,0.05250433087348938,0.06727761775255203,0.4516911208629608,0.0007516504111233101
411,0.00135614670580253,0.0009696338966023177,0.007730256067588925,0.00990533921867609,0.11592154577374458,0.04253201559185982,0.26155155897140503,0.3351450264453888,0.029454436153173447,0.029454436153173447,0.48481088876724243,0.01574915647506714,0.013171994127333164,0.051543232053518295,0.0660460889339447,0.40777790546417236,0.0007505567851885283
412,0.001332651183474809,0.0009621394565328956,0.007410234538838267,0.009495271369814873,0.11399050429463387,0.043121498078107834,0.2630106508731842,0.33701467514038086,0.029970966279506683,0.029970966279506683,0.4927259683609009,0.016100140288472176,0.013493068516254425,0.05214142054319382,0.06681258976459503,0.4083288908004761,0.0007494616133127967
413,0.0013994980254210532,0.001031241554301232,0.007365129189565778,0.009437474887818098,0.11849052831530571,0.0445919930934906,0.2650563716888428,0.33963602781295776,0.03133917599916458,0.03133917599916458,0.5303107500076294,0.017496218904852867,0.014896210283041,0.05200017988681793,0.06663160771131516,0.44722411036491394,0.0007483649030023002
414,0.0012441229773685336,0.0008925460278987885,0.0070315394550561905,0.009010022273287177,0.11212814599275589,0.041276171803474426,0.25907501578330994,0.3319716453552246,0.02832242101430893,0.02832242101430893,0.46647682785987854,0.015248660929501057,0.012675555422902107,0.05146210640668869,0.06594213843345642,0.39681246876716614,0.0007472666617737685
415,0.0013261194108054042,0.0009726803400553763,0.007068780949339271,0.009057742077857256,0.11628605425357819,0.04445262625813484,0.26830044388771057,0.3437928557395935,0.031037602573633194,0.031037602573633194,0.5266254544258118,0.017355987802147865,0.014721503481268883,0.05268968641757965,0.06751512736082077,0.44045209884643555,0.000746166897154424
416,0.001251293288078159,0.0009048955544130877,0.00692795543000102,0.00887729274109006,0.11214771121740341,0.04297059029340744,0.26304230093955994,0.3370552062988281,0.029818473383784294,0.029818473383784294,0.49981173872947693,0.016345730051398277,0.01378788985311985,0.051156818866729736,0.06555094569921494,0.4220326244831085,0.0007450656166819305
417,0.0012663694215007126,0.0009247449925169349,0.0068324890453368425,0.008754964917898178,0.11368818581104279,0.04256586730480194,0.2613943815231323,0.33494362235069275,0.029496148228645325,0.029496148228645325,0.4949759840965271,0.016177566722035408,0.013618143275380135,0.05118845775723457,0.0655914843082428,0.42105236649513245,0.0007439628279043408
418,0.0011989886406809092,0.0008664772030897439,0.006650228286162019,0.008521420881152153,0.10984000936150551,0.04396703839302063,0.26619166135787964,0.34109073877334595,0.0306574534624815,0.0306574534624815,0.5206764936447144,0.01712174154818058,0.014470094814896584,0.05303293094038963,0.06795495003461838,0.4347960352897644,0.0007428585383800457
419,0.0012031749356538057,0.0008660542080178857,0.006742415251210332,0.00863954657688737,0.10954010859131813,0.04174305126070976,0.26040002703666687,0.3336694836616516,0.02872304990887642,0.02872304990887642,0.4801326096057892,0.01570754684507847,0.01311398297548294,0.051871273666620255,0.06646643579006195,0.4039124846458435,0.0007417527556777223
420,0.0013412744738161564,0.0009775646904017776,0.007274196017533541,0.009320955257862806,0.11552407965064049,0.042866192758083344,0.2611279785633087,0.3346022367477417,0.029809793457388878,0.029809793457388878,0.5084185600280762,0.016612522304058075,0.014058735221624374,0.05107572674751282,0.06544703990221024,0.433211088180542,0.0007406454873762809
421,0.0011693781125359237,0.0008424860134255141,0.006537842331454158,0.008377411868423223,0.10776866227388382,0.04439592361450195,0.26612430810928345,0.3410044312477112,0.03108971007168293,0.03108971007168293,0.5337755084037781,0.01745893992483616,0.014868595637381077,0.05180687457323074,0.06638390570878983,0.44949162006378174,0.0007395367410648148
422,0.0012296123313717544,0.0008903678390197456,0.00678489007987082,0.00869397260248661,0.11140607297420502,0.04169648885726929,0.2600385248661041,0.3332062363624573,0.02869456261396408,0.02869456261396408,0.47537386417388916,0.015364781022071838,0.012830248102545738,0.05069064721465111,0.06495361030101776,0.3969178795814514,0.000738426524342547
423,0.001211486291140318,0.000876901758601889,0.006691689835861325,0.00857454864308238,0.10966264083981514,0.04273586720228195,0.2611238956451416,0.33459699153900146,0.0296796727925539,0.0296796727925539,0.5049711465835571,0.016420627012848854,0.013891978189349174,0.05057298019528389,0.06480283290147781,0.4306194484233856,0.0007373148448187787
424,0.0011639203876256943,0.0008400336373597383,0.0064777343068271875,0.008300392422825098,0.10811411216855049,0.04297303780913353,0.2623683214187622,0.3361915946006775,0.02985462173819542,0.02985462173819542,0.5086224675178528,0.01658138632774353,0.013999998569488525,0.05162777006626129,0.06615441292524338,0.4280579388141632,0.0007362017101128366
425,0.0011716792942024767,0.0008430697489529848,0.006572190439328551,0.008421424776315689,0.10834512859582901,0.042188018560409546,0.2612215280532837,0.3347221314907074,0.02912694402039051,0.02912694402039051,0.49161529541015625,0.015949303284287453,0.013357574120163918,0.0518345981836319,0.06641943752765656,0.40722450613975525,0.0007350871278540218
426,0.001372448226902634,0.0010107586858794093,0.0072337903548032045,0.00926918163895607,0.11745335161685944,0.04281233251094818,0.2614520192146301,0.33501744270324707,0.029739730060100555,0.029739730060100555,0.5073980689048767,0.016455454751849174,0.01393574196845293,0.050394266843795776,0.06457383185625076,0.43198826909065247,0.0007339711056815558
427,0.0014782178914174438,0.0011005393462255597,0.007553569972515106,0.009678938426077366,0.12200488150119781,0.04353209584951401,0.26173678040504456,0.3353823721408844,0.03044525533914566,0.03044525533914566,0.5280196666717529,0.017201701179146767,0.014613012783229351,0.05177375674247742,0.06634147465229034,0.44750165939331055,0.0007328536512445299
428,0.001183618267532438,0.000841170665808022,0.006848951568827033,0.008776059374213219,0.10791325941681862,0.0404677614569664,0.25693926215171814,0.3292349576950073,0.027620799839496613,0.027620799839496613,0.45913663506507874,0.014801081269979477,0.012186992913484573,0.05228177458047867,0.06699243932962418,0.37909725308418274,0.0007317347722018518
429,0.0013155462220311165,0.0009537921578157693,0.007235081167891622,0.009270835667848587,0.11394721269607544,0.04443098604679108,0.26488250494003296,0.33941319584846497,0.031186861917376518,0.031186861917376518,0.5491331815719604,0.017844801768660545,0.015262329950928688,0.05164942145347595,0.06618215888738632,0.4641847312450409,0.0007306144762221927
430,0.0014019313966855407,0.001030006562359631,0.007438495755195618,0.009531484451144934,0.1183493547141552,0.04143398255109787,0.2576594650745392,0.3301578164100647,0.028551010414958,0.028551010414958,0.48626264929771423,0.01554211787879467,0.013053014874458313,0.04978206381201744,0.06378936767578125,0.41018444299697876,0.0007294927709839364
431,0.0012404946028254926,0.0008996553660836071,0.006816785084083676,0.008734842296689749,0.11088468134403229,0.04106226935982704,0.2572993338108063,0.32969632744789124,0.028197303414344788,0.028197303414344788,0.46980416774749756,0.014958027750253677,0.012455154210329056,0.05005746707320213,0.06414226442575455,0.3893354833126068,0.0007283696641751246
432,0.001273473200853914,0.0009313692862633616,0.00684207770973444,0.008767250925302505,0.1142045296728611,0.04450270161032677,0.26351720094680786,0.3376637399196625,0.031326841562986374,0.031326841562986374,0.5446333885192871,0.017581181600689888,0.015024535357952118,0.051132939755916595,0.06552035361528397,0.4586160480976105,0.0007272451634934057
433,0.0012136496370658278,0.0008824401593301445,0.006624189903959632,0.008488055784255266,0.11146263778209686,0.04071386158466339,0.2541630268096924,0.3256775736808777,0.02800571173429489,0.02800571173429489,0.46884286403656006,0.01507524587213993,0.012547019869089127,0.05056452378630638,0.06479199975728989,0.39677777886390686,0.0007261192766459815
434,0.0012548337690532207,0.0008987771579995751,0.007121131755411625,0.00912482338026166,0.11052831262350082,0.04306679964065552,0.26179608702659607,0.33545833826065063,0.029976993799209595,0.029976993799209595,0.5113847851753235,0.01649457775056362,0.01392094511538744,0.05147266760468483,0.06595566123723984,0.42673414945602417,0.0007249920113495545
435,0.0016396490391343832,0.0012454570678528398,0.007883838610723615,0.01010213466361165,0.12945673614740372,0.04302936792373657,0.2613830864429474,0.3349291682243347,0.029960215091705322,0.029960215091705322,0.5144344568252563,0.016475070267915726,0.013954081572592258,0.05041976273059845,0.06460650265216827,0.43469667434692383,0.0007238633753302745
436,0.0012697724159806967,0.0009197340114042163,0.007000767393037677,0.00897059217095375,0.11066365242004395,0.04022703692317009,0.2551320791244507,0.32691922783851624,0.027470434084534645,0.027470434084534645,0.453832745552063,0.014429859817028046,0.011901909485459328,0.05055900663137436,0.064784936606884,0.3808925747871399,0.0007227333763236868
437,0.0011892165057361126,0.0008424599363934249,0.006935131270438433,0.00888648722320795,0.10754169523715973,0.04593238979578018,0.26935136318206787,0.3451395034790039,0.03246482089161873,0.03246482089161873,0.5748114585876465,0.018763286992907524,0.01612844504415989,0.052696842700242996,0.06752429157495499,0.48837748169898987,0.0007216020220746778
438,0.0015847688191570342,0.0011433801846578717,0.00882777338847518,0.011311666574329138,0.12379858642816544,0.04184415563941002,0.25906598567962646,0.33196011185646057,0.028890855610370636,0.028890855610370636,0.48582884669303894,0.015537365339696407,0.013030773028731346,0.050131846219301224,0.064237579703331,0.4076421856880188,0.0007204693203374228
439,0.0012441618600860238,0.0008889953605830669,0.007103330688551068,0.009102013427764177,0.10912027955055237,0.0406702384352684,0.25547805428504944,0.327362596988678,0.0278963353484869,0.0278963353484869,0.4644584357738495,0.014812652952969074,0.012303927913308144,0.050174493342638016,0.06429222226142883,0.3899100720882416,0.000719335278875333
440,0.0011772072757594287,0.0008462962287012488,0.006618219893425703,0.008480406599119306,0.10687975585460663,0.045113854110240936,0.26436927914619446,0.3387555778026581,0.03189539164304733,0.03189539164304733,0.5625826120376587,0.018161464482545853,0.015600771643221378,0.051213838160037994,0.06562400609254837,0.47694993019104004,0.0007181999054610013
441,0.0013198833330534399,0.0009649496641941369,0.007098672911524773,0.009096045978367329,0.11434312164783478,0.04101289436221123,0.2555029094219208,0.32739442586898804,0.02823774889111519,0.02823774889111519,0.47676414251327515,0.015095527283847332,0.012583552859723568,0.05023948848247528,0.06437550485134125,0.3954394459724426,0.0007170632078761502
442,0.0015865442110225558,0.0011550300405360758,0.008630283875390887,0.011058609932661057,0.12526346743106842,0.0416964516043663,0.2571350038051605,0.32948577404022217,0.028839699923992157,0.028839699923992157,0.4868820905685425,0.01542669627815485,0.012955285608768463,0.04942821338772774,0.06333595514297485,0.40627598762512207,0.0007159251939115774
443,0.0015607497771270573,0.0011793575249612331,0.007627843879163265,0.009774111211299896,0.1282266490161419,0.04542924463748932,0.264317125082016,0.33868876099586487,0.03221338987350464,0.03221338987350464,0.5644808411598206,0.01806240901350975,0.015565158799290657,0.049944985657930374,0.06399813294410706,0.4734448492527008,0.0007147858713671033
444,0.0012900751316919923,0.0009231209987774491,0.00733908312395215,0.009404100477695465,0.11128357797861099,0.03944260999560356,0.25155702233314514,0.3223383128643036,0.026864759624004364,0.026864759624004364,0.44199609756469727,0.01378316804766655,0.011319034732878208,0.04928266257047653,0.06314945220947266,0.36770692467689514,0.000713645248051517
445,0.001455404271837324,0.0010292567312717438,0.00852294941432774,0.010921074077486992,0.11690837889909744,0.04448627680540085,0.2621710002422333,0.3359386920928955,0.031377725303173065,0.031377725303173065,0.5564329624176025,0.017611153423786163,0.015053050592541695,0.051162056624889374,0.06555765867233276,0.46209657192230225,0.0007125033317825232
446,0.001377067994326353,0.0010050777927972376,0.007439804030582309,0.009533161763101816,0.11647758260369301,0.042926885187625885,0.26010721921920776,0.33329424262046814,0.029921522364020348,0.029921522364020348,0.5166353583335876,0.01608855463564396,0.013634935021400452,0.04907238110899925,0.0628800094127655,0.4265132546424866,0.0007113601303866878
447,0.0012849217746406794,0.0009623882942833006,0.006450669141486287,0.008265711134299636,0.11496715620160103,0.040291640907526016,0.2546696960926056,0.32632678747177124,0.027558157220482826,0.027558157220482826,0.45541131496429443,0.014112591743469238,0.011722301132977009,0.04780580475926399,0.061257049441337585,0.3797467350959778,0.0007102156516993857
448,0.0011372427106834948,0.0008125156746245921,0.006494540488347411,0.008321926463395357,0.10623806715011597,0.044906482100486755,0.264390230178833,0.338782399892807,0.031686969101428986,0.031686969101428986,0.5538393259048462,0.017587611451745033,0.015076514333486557,0.05022193491458893,0.06435301899909973,0.46226993203163147,0.000709069903564745
449,0.0013140513910911977,0.000977255665929988,0.006735914386808872,0.008631216827780008,0.11557352915406227,0.04198470711708069,0.2572839558124542,0.32967662811279297,0.029120508581399918,0.029120508581399918,0.4925854802131653,0.01537659764289856,0.012927291914820671,0.04898612201213837,0.06276947259902954,0.4056661128997803,0.0007079228938355956
450,0.0011401823139749467,0.0008265759679488838,0.006272126222029328,0.008036930346861482,0.10737801715731621,0.04164872318506241,0.2558246850967407,0.3278067708015442,0.028857490047812462,0.028857490047812462,0.48965340852737427,0.015214094892144203,0.012786424718797207,0.048553403466939926,0.06221500411629677,0.4079456329345703,0.0007067746303734138
451,0.0010954108438454568,0.000796440668636933,0.005979402689263225,0.007661842741072178,0.10481375455856323,0.04367639869451523,0.2612576484680176,0.3347684442996979,0.03061351738870144,0.03061351738870144,0.5276250839233398,0.016577236354351044,0.014102950692176819,0.04948572441935539,0.06340964883565903,0.4416099786758423,0.0007056251210482685
452,0.0012447896879166365,0.0009111298422794789,0.006673196330666542,0.008550850907340646,0.11170926690101624,0.04233737289905548,0.2573813498020172,0.32980141043663025,0.02946830354630947,0.02946830354630947,0.5016926527023315,0.015616489574313164,0.013176701962947845,0.04879574477672577,0.06252553313970566,0.4154907464981079,0.0007044743737387681
453,0.001116141735110432,0.0008012935577426106,0.006296963198110461,0.008068756200373173,0.10649706050753593,0.04078551381826401,0.25434452295303345,0.32591012120246887,0.028068285435438156,0.028068285435438156,0.4667792022228241,0.014396846294403076,0.011969088576734066,0.0485551618039608,0.062217261642217636,0.38504379987716675,0.0007033223963320057
454,0.0012197352480143309,0.0008981197606772184,0.006432309513911605,0.008242185693234205,0.11067608371376991,0.044094741344451904,0.26121824979782104,0.33471792936325073,0.031033830717206,0.031033830717206,0.5406169891357422,0.01703857071697712,0.014521435834467411,0.05034269019961357,0.06450774520635605,0.4527025818824768,0.0007021691967235054
455,0.0011186496121808887,0.0008056364022195339,0.006260263733565807,0.00802173069678247,0.10557610541582108,0.04128101468086243,0.2541863024234772,0.3257073760032654,0.028571700677275658,0.028571700677275658,0.4758646488189697,0.01479826495051384,0.012350844219326973,0.04894840717315674,0.0627211481332779,0.3944688141345978,0.0007010147828171683
456,0.001104858412873,0.0007915028254501522,0.006267112214118242,0.00803050585091114,0.1040545403957367,0.04176207631826401,0.2554221749305725,0.32729098200798035,0.0289909690618515,0.0289909690618515,0.48415979743003845,0.015167457982897758,0.012710480019450188,0.049139562994241714,0.06296609342098236,0.40477806329727173,0.0006998591625252183
457,0.0011049103923141956,0.000796225358499214,0.006173699861392379,0.007910809945315123,0.10537295043468475,0.043209001421928406,0.25899243354797363,0.3318658173084259,0.030259378254413605,0.030259378254413605,0.5155835151672363,0.01635771244764328,0.013874928466975689,0.049655694514513016,0.0636274516582489,0.43317675590515137,0.0006987023437681469
458,0.0011165920295752585,0.0008207773207686841,0.0059162937104702,0.0075809769332408905,0.10815085843205452,0.04140745848417282,0.2546583414077759,0.32631224393844604,0.028674539178609848,0.028674539178609848,0.47906526923179626,0.01521084364503622,0.01272563822567463,0.04970410093665123,0.06368947774171829,0.4009760618209839,0.0006975443344746609
459,0.0010372569086030126,0.0007455347222276032,0.005834443960338831,0.007476096739992499,0.10162738710641861,0.04307396337389946,0.2585833966732025,0.3313416838645935,0.030144792050123215,0.030144792050123215,0.5156950950622559,0.01646263711154461,0.013968497514724731,0.04988278076052666,0.06391843408346176,0.4365621507167816,0.000696385142581626
460,0.0010570230660960078,0.0007670956547372043,0.005798549158498645,0.007430102676153183,0.10310449451208115,0.042251989245414734,0.2566961646080017,0.32892343401908875,0.02941717952489853,0.02941717952489853,0.49689432978630066,0.01565743051469326,0.013234207406640053,0.048464469611644745,0.06210104748606682,0.41793403029441833,0.0006952247760340137
461,0.0010675140074454248,0.0007800690946169198,0.00574889755807817,0.007366479840129614,0.10426237434148788,0.04195617884397507,0.25550875067710876,0.32740187644958496,0.0291807409375906,0.0291807409375906,0.4921000003814697,0.015429927036166191,0.013005686923861504,0.04848480969667435,0.06212710589170456,0.4122028946876526,0.0006940632427848466
462,0.0010806967038661242,0.0007949681021273136,0.005714572733268142,0.007322497200220823,0.10459259524941444,0.04288783669471741,0.2578382194042206,0.33038684725761414,0.029995927587151527,0.029995927587151527,0.5143053531646729,0.016180746257305145,0.013724216260015965,0.04913058504462242,0.06295458972454071,0.4322412610054016,0.0006929005507951433
463,0.0010370592644903809,0.0007580279489047825,0.005580626428127289,0.007150862133130431,0.10188577696681023,0.04137261211872101,0.25536656379699707,0.32721972465515137,0.028604283928871155,0.028604283928871155,0.4724760353565216,0.01464134082198143,0.01224455889314413,0.04793563485145569,0.0614234060049057,0.3887682855129242,0.0006917367080338646
464,0.0010308015043847263,0.0007502486987505108,0.0056110555306077,0.007189853815361857,0.10184527188539505,0.04301808029413223,0.2573310136795044,0.3297368884086609,0.030151527374982834,0.030151527374982834,0.511813223361969,0.016049610450863838,0.013643279671669006,0.04812660813331604,0.061668120324611664,0.43052250146865845,0.0006905717224778584
465,0.001129655633121729,0.0008306187810376287,0.00598073611035943,0.007663551019504666,0.10741301253437996,0.04221487417817116,0.25465127825737,0.3263031840324402,0.029482310637831688,0.029482310637831688,0.4996427893638611,0.015664421021938324,0.013236718252301216,0.04855406656861305,0.06221585348248482,0.42044925689697266,0.0006894056021118053
466,0.001168288174085319,0.0008727587992325425,0.005910586100071669,0.007573663257062435,0.10927429050207138,0.040859758853912354,0.25226297974586487,0.32324284315109253,0.02824660949409008,0.02824660949409008,0.46675172448158264,0.014494206756353378,0.012075388804078102,0.048376359045505524,0.06198814511299133,0.3834149241447449,0.0006882383549281639
467,0.0010203460697084665,0.0007376316352747381,0.0056542891543358564,0.0072452526073902845,0.10201014578342438,0.04433154687285423,0.2588302791118622,0.3316580355167389,0.03139003366231918,0.03139003366231918,0.54628586769104,0.0173299852758646,0.014849605038762093,0.049607615917921066,0.06356584280729294,0.4592924118041992,0.0006870699889271154
468,0.0011597059201449156,0.000849637552164495,0.00620136596262455,0.007946261204779148,0.10829055681824684,0.04126476123929024,0.25175395607948303,0.3225906193256378,0.028677063062787056,0.028677063062787056,0.47988805174827576,0.014793035574257374,0.012435735203325748,0.047146011143922806,0.06041160598397255,0.39875853061676025,0.0006859005121165097
469,0.0012514950358308852,0.0009198643383570015,0.006632612785324454,0.008498847717419267,0.11110367253422737,0.04119215905666351,0.2516425848007202,0.32244789600372314,0.028610030189156532,0.028610030189156532,0.47625932097435,0.014638951048254967,0.012277836911380291,0.047222282737493515,0.060509342700242996,0.3943122625350952,0.0006847299325118098
470,0.0010882248752750456,0.0007890284759923816,0.00598392728716135,0.007667641155421734,0.10382134467363358,0.04499705508351326,0.2603616714477539,0.3336203098297119,0.031978972256183624,0.031978972256183624,0.5582315921783447,0.017553221434354782,0.015041573904454708,0.05023295804858208,0.0643671303987503,0.4648091197013855,0.0006835582581360373
471,0.0011240809690207243,0.0008159766148310155,0.0061620865017175674,0.007895928341895342,0.10522807389497757,0.04034174978733063,0.25067758560180664,0.32121139764785767,0.027807870879769325,0.027807870879769325,0.45850276947021484,0.01415015384554863,0.011724445968866348,0.04851416498422623,0.062164727598428726,0.3761134743690491,0.0006823854970197172
472,0.0012694410979747772,0.000938079523621127,0.006627232534810901,0.008491954300552607,0.11174777895212173,0.041703835129737854,0.2541252672672272,0.3256291449069977,0.028997570276260376,0.028997570276260376,0.48884207010269165,0.015075787901878357,0.01271042600274086,0.04730724170804024,0.06061820685863495,0.4104839563369751,0.0006812116572008231
473,0.0011655667622108012,0.0008711869013495743,0.005887596635147929,0.00754420505836606,0.11000043526291847,0.044434163719415665,0.25977811217308044,0.33287253975868225,0.03144525736570358,0.03144525736570358,0.5489279627799988,0.01706118695437908,0.014609074220061302,0.049042265862226486,0.06284140795469284,0.458070307970047,0.0006800367467247214
474,0.0010680147097446024,0.0007834142597857863,0.005692007951438427,0.0072935838252305984,0.10554327070713043,0.03968155011534691,0.24829718470573425,0.3181612193584442,0.027266690507531166,0.027266690507531166,0.44946545362472534,0.01372387632727623,0.011325690895318985,0.0479637086391449,0.06145938113331795,0.36943596601486206,0.0006788607736441172
475,0.001184494176413864,0.0008679713937453926,0.006330456119030714,0.008111673407256603,0.10790111124515533,0.0424109548330307,0.2546312212944031,0.3262774646282196,0.029679391533136368,0.029679391533136368,0.5129254460334778,0.01579980179667473,0.013414658606052399,0.04770286753773689,0.06112515181303024,0.42922717332839966,0.0006776837460189979
476,0.0010340489097870886,0.0007433193386532366,0.0058145911898463964,0.007450657896697521,0.102404261007905,0.04327993467450142,0.25752896070480347,0.32999056577682495,0.030403487384319305,0.030403487384319305,0.5303021669387817,0.01645265892148018,0.014031972736120224,0.04841374233365059,0.062036044895648956,0.4456654489040375,0.0006765056719165794
477,0.001020920928567648,0.0007469645061064512,0.005479128332808614,0.007020804798230529,0.1013776957988739,0.04020855203270912,0.2511253356933594,0.3217851221561432,0.027652285993099213,0.027652285993099213,0.4637329578399658,0.014209541492164135,0.01179430540651083,0.048304714262485504,0.06189633905887604,0.3821185231208801,0.0006753265594112496
478,0.00104709027800709,0.000761709176003933,0.00570762250572443,0.007313591195270419,0.10217947885394096,0.04260939732193947,0.25663334131240845,0.3288429379463196,0.029777729883790016,0.029777729883790016,0.5196545720100403,0.016031626611948013,0.013579011894762516,0.04905228689312935,0.06285426020622253,0.4315783381462097,0.0006741464165845136
479,0.000985931430477649,0.0007184417336247861,0.0053497941698879,0.0068550799041986465,0.09963934123516083,0.04218878597021103,0.2549728453159332,0.32671526074409485,0.029440144076943398,0.029440144076943398,0.5103745460510254,0.015712276101112366,0.013316202908754349,0.04792146384716034,0.061405256390571594,0.42816609144210815,0.0006729652515249381
480,0.0009741175454109907,0.0007098371279425919,0.005285607185214758,0.006772833177819848,0.09914707392454147,0.041445665061473846,0.25262609124183655,0.3237081468105316,0.02881436236202717,0.02881436236202717,0.49239781498908997,0.015080003999173641,0.012676438316702843,0.04807130619883537,0.06159725785255432,0.40709662437438965,0.0006717830723280962
481,0.0009673105669207871,0.0007044486992526799,0.005257237935438752,0.006736481562256813,0.09892981871962547,0.041507914662361145,0.2533353269100189,0.324616938829422,0.02884114719927311,0.02884114719927311,0.49089932441711426,0.014995899051427841,0.012566862627863884,0.04858071729540825,0.062250006943941116,0.4010099768638611,0.0006705998870965119
482,0.000954730436205864,0.0006933531549293548,0.0052275455091148615,0.006698433542624116,0.09825075045228004,0.04192202538251877,0.25279295444488525,0.32392194867134094,0.029282378032803535,0.029282378032803535,0.500993549823761,0.015417332760989666,0.013012808747589588,0.048090483993291855,0.061621829867362976,0.41806185245513916,0.0006694157039396041
483,0.001065515010850504,0.000792608130723238,0.0054581372532993555,0.0069939077366143465,0.10468105971813202,0.041715942323207855,0.25131428241729736,0.3220272660255432,0.029150227084755898,0.029150227084755898,0.50224769115448,0.015512966550886631,0.013107298873364925,0.048113349825143814,0.06165113300085068,0.422105997800827,0.0006682305309736318
484,0.000994893372990191,0.0007358740258496255,0.005180387059226632,0.006638006307184696,0.10009333118796349,0.04080680385231972,0.2514347434043884,0.3221815824508667,0.028235066682100296,0.028235066682100296,0.471966952085495,0.014434382319450378,0.012053566053509712,0.047616325318813324,0.06101425737142563,0.38553309440612793,0.0006670443763216375
485,0.0011034929775632918,0.0008249159436672926,0.00557154044508934,0.0071392187383025885,0.10623987764120102,0.042877186089754105,0.2555137574672699,0.3274083733558655,0.03010149672627449,0.03010149672627449,0.5231729745864868,0.016173100098967552,0.013781413435935974,0.04783374443650246,0.061292845755815506,0.43696075677871704,0.0006658572481133926
486,0.0009676777699496597,0.0007086574332788587,0.005180407082661986,0.006638031918555498,0.09950718656182289,0.0403289869427681,0.24871353805065155,0.31869471073150635,0.02789331041276455,0.02789331041276455,0.47427642345428467,0.014648291282355785,0.012287642806768417,0.04721297323703766,0.060497406870126724,0.40135711431503296,0.0006646691544853408
487,0.000983312027528882,0.0007163033878896385,0.005340173142030835,0.0068427519872784615,0.09907268360257149,0.04195502772927284,0.2540200352668762,0.32549434900283813,0.02925402671098709,0.02925402671098709,0.5092810988426208,0.01580049656331539,0.013346802443265915,0.049073897302150726,0.0628819540143013,0.42314374446868896,0.0006634801035805428
488,0.0009612160210963339,0.0007022062200121582,0.00518019637092948,0.00663776183500886,0.09877771511673927,0.0416872538626194,0.25367751717567444,0.32505542039871216,0.029003378003835678,0.029003378003835678,0.5018706321716309,0.015508230775594711,0.01308208703994751,0.048522867262363434,0.062175869941711426,0.4155961871147156,0.0006622901035486204
489,0.0009761393303051591,0.0007163827540352941,0.005195131758227944,0.006656899582594633,0.09896847233176231,0.04065458104014397,0.25036871433258057,0.3208156228065491,0.02813614532351494,0.02813614532351494,0.47835078835487366,0.014799034222960472,0.012445516884326935,0.047070350497961044,0.06031465902924538,0.40512269735336304,0.0006610991625457006
490,0.000934351235628128,0.0006795671943109483,0.0050956804770976305,0.006529465084895492,0.09676573798060417,0.04250871762633324,0.255087286233902,0.3268618583679199,0.02975435182452202,0.02975435182452202,0.5172712802886963,0.01622319594025612,0.013814039528369904,0.0481831356883049,0.06174055114388466,0.43916600942611694,0.0006599072887343597
491,0.0009552551491651684,0.0006975203286856413,0.005154696758836508,0.006605086848139763,0.09877672791481018,0.04158619046211243,0.2527945935726166,0.32392406463623047,0.02894645929336548,0.02894645929336548,0.4952988028526306,0.01541741844266653,0.012976136058568954,0.04882564768195152,0.06256385147571564,0.4085696339607239,0.0006587144902835672
492,0.0009288067230954766,0.0006761289841961116,0.005053555127233267,0.006475487956777215,0.09723364189267159,0.04090866073966026,0.24963213503360748,0.31987178325653076,0.02842705324292183,0.02842705324292183,0.4847424030303955,0.014949954114854336,0.012574037536978722,0.047518324106931686,0.060888681560754776,0.40529826283454895,0.0006575207753686304
493,0.0009315866627730429,0.0006777079543098807,0.005077573470771313,0.006506263744086027,0.09683412313461304,0.04132942110300064,0.25096631050109863,0.32158133387565613,0.02878110483288765,0.02878110483288765,0.4932793080806732,0.015180577524006367,0.012828070670366287,0.04705013334751129,0.06028875708580017,0.41575875878334045,0.0006563261521711373
494,0.0009121476614382118,0.0006637357291765511,0.004968238528817892,0.006366165587678552,0.0960843451321125,0.042252786457538605,0.254223495721817,0.3257550597190857,0.029541609808802605,0.029541609808802605,0.5082037448883057,0.015581388026475906,0.013193667866289616,0.04775441065430641,0.061191197484731674,0.41959407925605774,0.0006551306288789019
495,0.0009152241400443017,0.0006640266219619662,0.005023951176553965,0.006437553325667977,0.09596667066216469,0.04101194068789482,0.2505391240119934,0.3210339844226837,0.02848498523235321,0.02848498523235321,0.4837031364440918,0.014722537249326706,0.012370984070003033,0.04703105613589287,0.060264308005571365,0.3986012935638428,0.0006539342136859066
496,0.0009215042518917471,0.0006736752402503043,0.004956580698490143,0.0063512264750897884,0.09629637002944946,0.04169648140668869,0.2509680986404419,0.32158371806144714,0.029148075729608536,0.029148075729608536,0.5045548677444458,0.015335177071392536,0.013015730306506157,0.04638893902301788,0.05944151431322098,0.4243198335170746,0.0006527369147922476
497,0.0009627174877095968,0.0007099518552422523,0.00505531276576221,0.006477739429101348,0.09963736683130264,0.04132276028394699,0.25077033042907715,0.3213302493095398,0.028784241527318954,0.028784241527318954,0.4927498996257782,0.01488889753818512,0.012545950710773468,0.04685894027352333,0.06004376336932182,0.4051060676574707,0.0006515387404040772
498,0.001066658936906606,0.0007993884792085737,0.005345409037545323,0.006849461002275348,0.10517609491944313,0.040693946182727814,0.24996896088123322,0.32030338048934937,0.028195496648550034,0.028195496648550034,0.4785500764846802,0.014583978801965714,0.012207888066768646,0.047521818429231644,0.06089315190911293,0.39416375756263733,0.0006503396987335486
499,0.0008769194828346372,0.0006292816251516342,0.004952756687998772,0.00634632701985538,0.0935414582490921,0.043231088668107986,0.2548317313194275,0.3265343904495239,0.030489500612020493,0.030489500612020493,0.5352619886398315,0.01664934866130352,0.014223268255591393,0.04852161556482315,0.06217426806688309,0.45175057649612427,0.0006491397979987589
500,0.000991559587419033,0.0007267399050761014,0.005296394228935242,0.006786654470488429,0.10019755363464355,0.040443647652864456,0.24738892912864685,0.31699737906455994,0.028074201196432114,0.028074201196432114,0.4764728248119354,0.01465258002281189,0.012310406193137169,0.04684348404407501,0.0600239560008049,0.40112370252609253,0.0006479390464236939
501,0.0009338949457742274,0.0006750024040229619,0.005177850369364023,0.006634755525738001,0.0967765748500824,0.04072190448641777,0.24931001663208008,0.31945905089378357,0.028256403282284737,0.028256403282284737,0.4832271635532379,0.014826565980911255,0.01244501955807209,0.047630928456783295,0.0610329732298851,0.3995985686779022,0.0006467374522381699
502,0.000888810318429023,0.0006458477873820812,0.004859250271692872,0.006226510740816593,0.0949079804122448,0.04229523986577988,0.25363513827323914,0.3250011205673218,0.02961348369717598,0.02961348369717598,0.515955924987793,0.015924332663416862,0.013540741056203842,0.047671835869550705,0.06108539178967476,0.4329252243041992,0.0006455350236777791
503,0.0009308196895290166,0.0006695236370433122,0.0052259210497140884,0.00669635203666985,0.09669507294893265,0.04130249470472336,0.2506396472454071,0.32116279006004333,0.028770513832569122,0.028770513832569122,0.49030256271362305,0.014927171170711517,0.012627162039279938,0.04600019007921219,0.05894338712096214,0.40914785861968994,0.0006443317689838323
504,0.0008868040749803185,0.0006477852002717555,0.004780377959832549,0.006125445710495114,0.09471173584461212,0.04084937274456024,0.2486933320760727,0.31866884231567383,0.028414703905582428,0.028414703905582428,0.48405224084854126,0.014741413295269012,0.01243516057729721,0.046125058084726334,0.059103384613990784,0.40386998653411865,0.0006431276964033024
505,0.0009106230281759053,0.0006557306769536808,0.005097847431898117,0.006532241823151708,0.09520109370350838,0.041414208710193634,0.25101739168167114,0.3216468393802643,0.028863340616226196,0.028863340616226196,0.49444159865379333,0.015082173980772495,0.012698264792561531,0.04767818748950958,0.0610935240983963,0.40821951627731323,0.0006419228141887682
506,0.000926015607547015,0.0006781280389986932,0.004957751603797078,0.006352727767080069,0.09699564054608345,0.04190924018621445,0.25144919753074646,0.32220011949539185,0.029336780309677124,0.029336780309677124,0.5083495378494263,0.015539051964879036,0.013154607266187668,0.04768889769911766,0.061107248067855835,0.4233628213405609,0.0006407171305983572
507,0.0009077178547158837,0.000663440179778263,0.004885553382337093,0.006260214140638709,0.09635421633720398,0.040188826620578766,0.24749411642551422,0.3171321749687195,0.027814120054244995,0.027814120054244995,0.4712904095649719,0.014317795634269714,0.012012011371552944,0.046115677803754807,0.059091366827487946,0.3936081826686859,0.0006395106538956899
508,0.0008879473607521504,0.0006423149316105992,0.0049126476515084505,0.006294932682067156,0.09426734410226345,0.04206372797489166,0.25277841091156006,0.32390332221984863,0.02942480891942978,0.02942480891942978,0.5099313855171204,0.015600766986608505,0.01322762668132782,0.04746279492974281,0.06081753596663475,0.4237394332885742,0.0006383033923498224
509,0.0009461670415475965,0.0006909889634698629,0.00510356156155467,0.006539563648402691,0.09809565544128418,0.04147663712501526,0.25019702315330505,0.3205956220626831,0.028966784477233887,0.028966784477233887,0.5003736019134521,0.015223262831568718,0.01288661826401949,0.04673289135098457,0.05988224968314171,0.41662734746932983,0.0006370953542351904
510,0.0009902187739498913,0.0007309895008802414,0.00518458615988493,0.00664338655769825,0.10078419744968414,0.04018239304423332,0.24779640138149261,0.31751954555511475,0.02779257297515869,0.02779257297515869,0.4683390259742737,0.01421169750392437,0.011911462992429733,0.04600469022989273,0.05894915759563446,0.39224278926849365,0.0006358865478315516
511,0.0009853472583927214,0.0007316701230593026,0.005073542939499021,0.006501099793240428,0.10026341676712036,0.04275503754615784,0.2544099688529968,0.32599395513534546,0.030034538358449936,0.030034538358449936,0.5253261923789978,0.01614544354379177,0.01374686136841774,0.047971658408641815,0.06146957725286484,0.43989554047584534,0.00063467698142393
512,0.0008948550384957343,0.0006435196555685252,0.005026707425713539,0.006441085133701563,0.09467433020472527,0.040094755589962006,0.24765953421592712,0.31734415888786316,0.02771177887916565,0.02771177887916565,0.46796566247940063,0.014215380884706974,0.011872361414134502,0.04686038941144943,0.060045622289180756,0.3875979483127594,0.0006334666633025581
513,0.0009235164907295257,0.0006719943776261061,0.0050304417964071035,0.0064458700362592936,0.09590357542037964,0.04088699445128441,0.2489444464445114,0.318990558385849,0.028439773246645927,0.028439773246645927,0.48790720105171204,0.014819947071373463,0.012515900656580925,0.046080924570560455,0.05904683470726013,0.4099823236465454,0.0006322556017628209
514,0.000855028658406809,0.0006231833394849673,0.0046369064366444945,0.005941604962572455,0.09294666722416878,0.0422159805893898,0.25218290090560913,0.32314029335975647,0.029606835916638374,0.029606835916638374,0.5158295631408691,0.015670306980609894,0.013318391516804695,0.04703831300139427,0.060273610055446625,0.4302799105644226,0.0006310438051051985
515,0.0008939198742154986,0.0006521450559375808,0.004835497122257948,0.006196073489263654,0.09518789499998093,0.04052621126174927,0.24744154512882233,0.3170647919178009,0.02815413475036621,0.02815413475036621,0.4800514578819275,0.014351054094731808,0.012053603306412697,0.04594901576638222,0.05887780711054802,0.39555472135543823,0.0006298312816352096
516,0.0010665039881132543,0.0007855622097849846,0.005618836032226682,0.007199823623523116,0.10258874297142029,0.04080220311880112,0.2481045424938202,0.31791436672210693,0.028396977111697197,0.028396977111697197,0.486220121383667,0.01449222769588232,0.01221908163279295,0.045462921261787415,0.058254946023225784,0.40214401483535767,0.0006286180396633544
517,0.0009208154515363276,0.0006654815515503287,0.005106678232550621,0.006543558556586504,0.0961974635720253,0.04341579228639603,0.2545209228992462,0.32613617181777954,0.030689746141433716,0.030689746141433716,0.5434748530387878,0.016371240839362144,0.014028547331690788,0.04685388132929802,0.060037288814783096,0.45349591970443726,0.0006274040875050573
518,0.0010142650280613452,0.0007629189640283585,0.00502692093141377,0.006441359408199787,0.10302520170807838,0.039791449904441833,0.2465890794992447,0.31597253680229187,0.02746199443936348,0.02746199443936348,0.4647112786769867,0.013806798495352268,0.011508164927363396,0.04597266763448715,0.058908116072416306,0.3823084831237793,0.0006261894334806104
519,0.0009650597930885851,0.0007019045006018132,0.005263106198981404,0.0067440003622323275,0.09800853952765465,0.04209239408373833,0.2514505088329315,0.32220178842544556,0.02951986901462078,0.02951986901462078,0.5203370451927185,0.015596059150993824,0.013262968510389328,0.04666180536150932,0.05979115515947342,0.432900607585907,0.0006249740859151167
520,0.0008807871490716934,0.0006366720917867497,0.004882300505414605,0.0062560467049479485,0.09402425959706306,0.042364709079265594,0.251865029335022,0.32273295521736145,0.029771458357572556,0.029771458357572556,0.5300966501235962,0.015977751463651657,0.013621877878904343,0.04711746424436569,0.06037503108382225,0.44250380992889404,0.0006237580531384323
521,0.001026871905196458,0.0007704129093326628,0.005129180150106549,0.006572390906512737,0.10266374424099922,0.04002691060304642,0.24616976082324982,0.31543517112731934,0.027718421071767807,0.027718421071767807,0.476362943649292,0.014175915159285069,0.01186672504991293,0.04618379473686218,0.05917865410447121,0.3917243480682373,0.0006225413434851095
522,0.0008534302760381252,0.0006173695146571845,0.004721214761957526,0.00604963512159884,0.09246731549501419,0.04219399392604828,0.25057461857795715,0.32107943296432495,0.02966526336967945,0.02966526336967945,0.5251063704490662,0.0157852154225111,0.01345147006213665,0.04667489975690842,0.05980794131755829,0.4376048743724823,0.00062132396529434
523,0.0009026584448292851,0.0006688007852062583,0.004677152959629893,0.005993175320327282,0.09584642574191093,0.040801890194416046,0.24729426205158234,0.3168761134147644,0.02843717858195305,0.02843717858195305,0.4932023882865906,0.014662912115454674,0.012381087988615036,0.045636482536792755,0.058477338403463364,0.4066040515899658,0.0006201059269098977
524,0.0008340647327713668,0.000608239701250568,0.004516500746831298,0.005787320202216506,0.09175388142466545,0.040615908801555634,0.24673515558242798,0.3161596655845642,0.028279151767492294,0.028279151767492294,0.4951113760471344,0.01478236448019743,0.012489719316363335,0.0458528995513916,0.05875464528799057,0.41076138615608215,0.0006188872366800814
525,0.0009609073167666793,0.0007133065373636782,0.004952015122398734,0.006345376605167985,0.09877346456050873,0.0408029705286026,0.24874421954154968,0.3187340497970581,0.028365757316350937,0.028365757316350937,0.49549031257629395,0.014853577129542828,0.012550022453069687,0.046071093529462814,0.05903424322605133,0.4109024107456207,0.0006176679029576576
526,0.0008655932615511119,0.0006228743586689234,0.004854378290474415,0.006220267619937658,0.0936571229249239,0.04193698614835739,0.2510567605495453,0.3216972351074219,0.029384149238467216,0.029384149238467216,0.5228474140167236,0.01586242765188217,0.013534409925341606,0.046560343354940414,0.059661149978637695,0.4389217793941498,0.0006164479340998026
527,0.0008317631727550179,0.0006047184288036078,0.004540894879028201,0.005818578414618969,0.0915401428937912,0.039448413997888565,0.2445133626461029,0.31331273913383484,0.02722274512052536,0.02722274512052536,0.4726889729499817,0.014247293584048748,0.011944951489567757,0.04604683816432953,0.059003159403800964,0.39438724517822266,0.0006152273384680468
528,0.0009005551401060075,0.0006617078324779868,0.004776946501806378,0.006121048936620355,0.09567005932331085,0.040382951498031616,0.24728502333164215,0.3168642520904541,0.02801869809627533,0.02801869809627533,0.49504709243774414,0.014912300743162632,0.01258506067097187,0.04654480516910553,0.059641242027282715,0.41355788707733154,0.0006140061244282158
529,0.0008380516665056348,0.0006141874910099432,0.00447728275321424,0.005737067898735404,0.09223325178027153,0.04098441079258919,0.2487306147813797,0.3187166154384613,0.028547879308462143,0.028547879308462143,0.5080461502075195,0.015303641557693481,0.012977815233170986,0.04651651903986931,0.05960499495267868,0.42532384395599365,0.0006127843003503739
530,0.0008160915458574891,0.0005925699952058494,0.004470431013032794,0.00572828808799386,0.09049389883875847,0.04005157947540283,0.2459663450717926,0.31517452001571655,0.027753261849284172,0.027753261849284172,0.4846818149089813,0.014484027400612831,0.012206662446260452,0.045547302812337875,0.058363061398267746,0.401836097240448,0.0006115618746087666
531,0.0008327786345034838,0.0006070769741199911,0.0045140336733311415,0.005784159759059548,0.09139778837561607,0.04049154371023178,0.247422993183136,0.3170410990715027,0.02812039479613304,0.02812039479613304,0.49445998668670654,0.01471780240535736,0.012448124587535858,0.04539354518055916,0.05816604197025299,0.41186779737472534,0.0006103388555817632
532,0.000807801028713584,0.0005892501503694803,0.004371017683297396,0.005600902484729886,0.09045038372278214,0.04069734364748001,0.24760963022708893,0.3172801733016968,0.028316862881183624,0.028316862881183624,0.49830546975135803,0.014813931658864021,0.012539511546492577,0.045488391071558,0.05828758329153061,0.4157825708389282,0.0006091152516517988
533,0.000802268332336098,0.0005854787887074053,0.0043357908725738525,0.005555764073505998,0.0901968665421009,0.040748611092567444,0.24748268723487854,0.3171175420284271,0.028374474495649338,0.028374474495649338,0.4985188841819763,0.014801510609686375,0.012507680803537369,0.04587659239768982,0.05878501012921333,0.41158661246299744,0.000607891071205318
534,0.0008272863342426717,0.0006049111834727228,0.004447503248229623,0.005698909051716328,0.09163052961230278,0.04039155691862106,0.24661962687969208,0.3160116374492645,0.02806057408452034,0.02806057408452034,0.49242210388183594,0.014676080085337162,0.012398207560181618,0.04555744677782059,0.05837606266140938,0.4101148843765259,0.0006066663226327162
535,0.000805182266049087,0.0005889781314181164,0.004324083216488361,0.005540761630982161,0.09053102880716324,0.040053654462099075,0.24645587801933289,0.31580182909965515,0.02773086167871952,0.02773086167871952,0.4830516576766968,0.014352565631270409,0.012093691155314445,0.04517747834324837,0.0578891783952713,0.4025293290615082,0.0006054410143282833
536,0.0008122506260406226,0.0005926627782173455,0.004391757305711508,0.005627477308735251,0.09038117527961731,0.040691666305065155,0.2477995753288269,0.3175235986709595,0.02830168791115284,0.02830168791115284,0.49626466631889343,0.014761850237846375,0.012480199337005615,0.04563301056623459,0.058472890406847,0.41149574518203735,0.0006042151546901453
537,0.000860052154166624,0.0006347031012410298,0.004506981233134866,0.005775122903287411,0.09307625517249107,0.04116120934486389,0.2486976981163025,0.3186744451522827,0.028726322576403618,0.028726322576403618,0.509936511516571,0.015167930163443089,0.012857042253017426,0.04621775075793266,0.059222158044576645,0.42285311222076416,0.0006029887521202067
538,0.0009560980543028563,0.0007183640846051276,0.004754679976031184,0.006092516938224435,0.09965528547763824,0.03973338007926941,0.24511943757534027,0.3140893578529358,0.027477409690618515,0.027477409690618515,0.4761531352996826,0.014078839682042599,0.011820448562502861,0.04516781494021416,0.05787680298089981,0.3951289653778076,0.0006017618150240934
539,0.0008440911187790334,0.0006215481553226709,0.004450859501957893,0.005703209666535258,0.09306126087903976,0.04199213162064552,0.24935229122638702,0.3195132315158844,0.02952451817691326,0.02952451817691326,0.5274474620819092,0.01579931192100048,0.013502897694706917,0.045928288251161575,0.05885125324130058,0.4432399272918701,0.0006005343518110949
540,0.0008554491796530783,0.0006238975911401212,0.004631031770259142,0.005934077315032482,0.09232432022690773,0.0396370105445385,0.24502164125442505,0.31396400928497314,0.027385927736759186,0.027385927736759186,0.4728386104106903,0.013969091698527336,0.011698544025421143,0.04541095718741417,0.05818835645914078,0.3891461193561554,0.0005993063708941065
541,0.0009480228764005005,0.0007103034877218306,0.004754388239234686,0.006092142080888152,0.09666554629802704,0.040570907294750214,0.24767929315567017,0.3173694908618927,0.028186941519379616,0.028186941519379616,0.495328426361084,0.01473876740783453,0.012452136725187302,0.04573261737823486,0.0586005300283432,0.4135865867137909,0.0005980778806895721
542,0.0011462378897704184,0.0008764645317569375,0.005395466927438974,0.0069136039819568396,0.10888328775763512,0.04199562966823578,0.24988926947116852,0.3202013075351715,0.029501166194677353,0.029501166194677353,0.5343357920646667,0.01592559739947319,0.013605494052171707,0.04640205204486847,0.059458326548337936,0.4487016201019287,0.000596848889617426
543,0.0009149181714747101,0.0006768172897864133,0.0047620178665965796,0.006101919570937753,0.09492344781756401,0.038427308201789856,0.2431001216173172,0.3115018308162689,0.026272302493453026,0.026272302493453026,0.4465649724006653,0.012973548844456673,0.01073274202644825,0.044816143810749054,0.05742618441581726,0.364657461643219,0.0005956194061010353
544,0.0009491743112448603,0.0006977983866818249,0.005027518607676029,0.006442124955356121,0.09638037905097008,0.04222296178340912,0.2527936100959778,0.3239228427410126,0.02958328276872635,0.02958328276872635,0.5310717225074768,0.015607792884111404,0.01332671009004116,0.045621659606695175,0.0584583505988121,0.44136708974838257,0.0005943894385671424
545,0.0010757091513369232,0.0007952518062666059,0.005609146086499095,0.007187406765297055,0.10171969793736935,0.04151409864425659,0.24916791915893555,0.31927692890167236,0.029055703431367874,0.029055703431367874,0.5220067501068115,0.015270157717168331,0.013013524003326893,0.045132678002119064,0.0578317828476429,0.4342294931411743,0.0005931589954458069
546,0.0007619633979629725,0.0005417568318080157,0.004404131090268493,0.005643332842737436,0.08747028186917305,0.03804313763976097,0.24155454337596893,0.3095213770866394,0.025965409353375435,0.025965409353375435,0.44349560141563416,0.012923411093652248,0.010675130411982536,0.044965606182813644,0.05761770159006119,0.3619701862335205,0.0005919280851703486
547,0.0009990434045903385,0.0007290772628039122,0.005399322137236595,0.006918543949723244,0.09883089363574982,0.041354719549417496,0.24991756677627563,0.32023754715919495,0.028858840465545654,0.028858840465545654,0.5202289819717407,0.015459630638360977,0.013159027323126793,0.04601205512881279,0.05895858258008957,0.4342760443687439,0.0005906967161772884
548,0.0013300487480591983,0.0010001552291214466,0.0065978700295090675,0.008454329567030072,0.11605163663625717,0.04156435281038284,0.24928690493106842,0.3194294273853302,0.02910000830888748,0.02910000830888748,0.5321159362792969,0.015849025920033455,0.013540579006075859,0.04616893082857132,0.05915960669517517,0.44719016551971436,0.0005894648969062915
549,0.0007814132841303945,0.000547236209968105,0.0046835418324917555,0.006001362111419439,0.08701016008853912,0.03733125701546669,0.2411348819732666,0.3089836835861206,0.02527451142668724,0.02527451142668724,0.4313276708126068,0.012715339660644531,0.010420495644211769,0.045896876603364944,0.0588110089302063,0.35353511571884155,0.0005882326358001093
550,0.0011377036571502686,0.0008276203880086541,0.006201664684340358,0.007946643512696028,0.10345622152090073,0.04216171056032181,0.2529217004776001,0.3240869343280792,0.029515624046325684,0.029515624046325684,0.540523886680603,0.01587013714015484,0.013571612536907196,0.04597049206495285,0.05890532582998276,0.4492085576057434,0.0005869999413045214
551,0.0009842945728451014,0.0006981832848396152,0.005722225643694401,0.007332303328439593,0.09747231751680374,0.04136722534894943,0.25028038024902344,0.320702463388443,0.02885320410132408,0.02885320410132408,0.5205581188201904,0.015176789835095406,0.012940092012286186,0.044733963906764984,0.05732087790966034,0.4330475926399231,0.0005857668218682779
552,0.0007822286570444703,0.0005612873064819723,0.004418826662003994,0.005662164185196161,0.08817507699131966,0.03839896246790886,0.2425379902124405,0.3107815682888031,0.026272062212228775,0.026272062212228775,0.4545329213142395,0.013130983337759972,0.010923333466053009,0.04415299743413925,0.0565764419734478,0.3739929497241974,0.0005845332859430413
553,0.000977247313130647,0.000696120347129181,0.0056225392036139965,0.007204568479210138,0.09699718281626701,0.04130323603749275,0.24881722033023834,0.3188275992870331,0.028862375766038895,0.028862375766038895,0.5178173780441284,0.01512286625802517,0.012872322462499142,0.04501088336110115,0.057675715535879135,0.428852379322052,0.0005832993419833289
554,0.0009460306609980762,0.0006830761558376253,0.005259090103209019,0.006738854572176933,0.09561160951852798,0.04188995808362961,0.24896323680877686,0.31901469826698303,0.029441798105835915,0.029441798105835915,0.5331429839134216,0.01565772294998169,0.013385113328695297,0.04545219615101814,0.05824119597673416,0.4434102177619934,0.0005820649984464542
555,0.0007770564989186823,0.0005513629294000566,0.004513871390372515,0.005783952074125409,0.08694293349981308,0.03815717250108719,0.24000513553619385,0.3075360655784607,0.026156913489103317,0.026156913489103317,0.4479638338088989,0.012999182567000389,0.010804342105984688,0.04389680549502373,0.05624816566705704,0.3696654438972473,0.0005808302637924698
556,0.0009807647438719869,0.0007078289636410773,0.005458714906126261,0.006994648138061166,0.0973566472530365,0.040715478360652924,0.24705757200717926,0.3165728747844696,0.02836259827017784,0.02836259827017784,0.5036749839782715,0.014767360873520374,0.012513190507888794,0.04508339986205101,0.05776863172650337,0.4175297021865845,0.0005795951464841086
557,0.001016789086861536,0.0007613709167344496,0.005108363460749388,0.006545716896653175,0.09963052719831467,0.04237257316708565,0.2500719428062439,0.3204353451728821,0.029868975281715393,0.029868975281715393,0.5385335683822632,0.01589048095047474,0.0136021189391613,0.045767247676849365,0.05864490196108818,0.4482879638671875,0.0005783596549867263
558,0.0007596754876431078,0.0005403934046626091,0.004385641543194652,0.005619640927761793,0.08548730984330177,0.038402386009693146,0.24033960700035095,0.30796459317207336,0.02638540416955948,0.02638540416955948,0.4460892677307129,0.012814105488359928,0.010633952915668488,0.04360305145382881,0.055871766060590744,0.36523565649986267,0.0005771237977682435
559,0.0011201112647540867,0.0008345824899151921,0.005710575031116605,0.007317374227568507,0.10403130203485489,0.04035261645913124,0.2456648051738739,0.31478819251060486,0.028069376945495605,0.028069376945495605,0.48998162150382996,0.014158351346850395,0.01194983534514904,0.044170308858156204,0.05659862980246544,0.4054550528526306,0.000575887583299087
560,0.0008611614757683128,0.000615676719462499,0.0049096953589469194,0.0062911491841077805,0.09129811823368073,0.043279144912958145,0.2520204484462738,0.32293209433555603,0.030678123235702515,0.030678123235702515,0.5577152967453003,0.01645130291581154,0.01414522435516119,0.04612157121300697,0.059098921716213226,0.4662160277366638,0.0005746510200521325
561,0.0009465304319746792,0.0007081547955749556,0.004767512436956167,0.006108960136771202,0.09903260506689548,0.03876231238245964,0.24215629696846008,0.31029245257377625,0.026654496788978577,0.026654496788978577,0.4555177092552185,0.013074416667222977,0.010847159661352634,0.04454513266682625,0.057078905403614044,0.370022714138031,0.0005734141165026458
562,0.0008903323032427579,0.0006510065286420286,0.004786515608429909,0.006133310263976455,0.09406895935535431,0.04030003771185875,0.2466881424188614,0.31609946489334106,0.02796563133597374,0.02796563133597374,0.49479103088378906,0.014255261979997158,0.012029179371893406,0.044521648436784744,0.057048823684453964,0.40979301929473877,0.0005721768811282256
563,0.0008306762902066112,0.0006130192487034947,0.004353140946477652,0.005577995441854,0.09088994935154915,0.041427478194236755,0.249004527926445,0.3190675973892212,0.028977252542972565,0.028977252542972565,0.5220514535903931,0.01518749725073576,0.012931088916957378,0.045128170400857925,0.057826004922389984,0.4351361095905304,0.0005709393224087445
564,0.000756751571316272,0.000545049348147586,0.0042340445797890425,0.0054253891576081514,0.0869780033826828,0.039072610437870026,0.2430214285850525,0.31140100955963135,0.026921536773443222,0.026921536773443222,0.47061029076576233,0.013661796227097511,0.01141567062586546,0.044922515749931335,0.05756247416138649,0.38582003116607666,0.0005697014488262915
565,0.0008472347399219871,0.0006190046551637352,0.004564601229503751,0.005848955130204558,0.09169906005263329,0.04016383737325668,0.24586662650108337,0.3150467574596405,0.027870506048202515,0.027870506048202515,0.4963495135307312,0.014576898887753487,0.012327183969318867,0.0449942909181118,0.057654447853565216,0.4133876860141754,0.0005684632688651133
566,0.0008332390862051398,0.0006146426894702017,0.004371927585452795,0.005602068733423948,0.09276435151696205,0.04160403087735176,0.24867907166481018,0.31865060329437256,0.029170077294111252,0.029170077294111252,0.5293026566505432,0.015658648684620857,0.013401725329458714,0.04513847827911377,0.05783921480178833,0.44700437784194946,0.0005672247910115569
567,0.000923372630495578,0.0007000681944191456,0.004466088488698006,0.005722723202779889,0.097318846732378,0.03888953477144241,0.24150076508522034,0.30945247411727905,0.026814498007297516,0.026814498007297516,0.46372517943382263,0.013339530676603317,0.011165879666805267,0.0434730090200901,0.05570511892437935,0.3818521499633789,0.0005659860237540107
568,0.0008498670358676463,0.0006319498643279076,0.0043583434307947755,0.005584662314504385,0.09373385459184647,0.041118521243333817,0.24756711721420288,0.31722572445869446,0.028740163892507553,0.028740163892507553,0.517185628414154,0.01493795681744814,0.012703322805464268,0.04469268023967743,0.05726797878742218,0.42752766609191895,0.0005647469755828469
569,0.0007740498404018581,0.0005634888948407024,0.004211219027638435,0.005396140739321709,0.08845208585262299,0.03988473862409592,0.24510151147842407,0.3140663504600525,0.027629662305116653,0.027629662305116653,0.49066609144210815,0.014066102914512157,0.011869100853800774,0.04394003748893738,0.056303564459085464,0.40674951672554016,0.000563507654990363
570,0.000785197044024244,0.0005811025621369481,0.0040818891720846295,0.005230421433225274,0.08834073320031166,0.03952287137508392,0.24368268251419067,0.3122483491897583,0.02733873575925827,0.02733873575925827,0.4809764325618744,0.013735076412558556,0.011548378504812717,0.04373396560549736,0.05603950843214989,0.39598625898361206,0.0005622680704707234
571,0.0008034066995605826,0.0005953780782874674,0.004160572192631662,0.005331243155524135,0.09057804569602013,0.04127682372927666,0.247695192694664,0.3173898756504059,0.028892062604427338,0.028892062604427338,0.5263344049453735,0.015197547152638435,0.012937428429722786,0.04520237073302269,0.05792107805609703,0.43665415048599243,0.0005610282305199017
572,0.0007801115280017257,0.0005737591127399355,0.004127048188820481,0.00528828683309257,0.08891035616397858,0.03929882496595383,0.2430068403482437,0.31138232350349426,0.027148481458425522,0.027148481458425522,0.487506628036499,0.014009999111294746,0.011770720593631268,0.04478556290268898,0.05738699808716774,0.4037708044052124,0.0005597881436356221
573,0.0007622667471878231,0.0005565257597481832,0.00411481992341578,0.005272618494927883,0.08795936033129692,0.039145272225141525,0.24185390770435333,0.30990496277809143,0.02705257758498192,0.02705257758498192,0.4838581085205078,0.01388783473521471,0.0116738211363554,0.044280268251895905,0.056739527732133865,0.39935266971588135,0.0005585478183173013
574,0.0007527655106969178,0.0005503110878635198,0.004049088223837316,0.005188391311094165,0.08700362965464592,0.04058904945850372,0.24538038671016693,0.31442373991012573,0.028320029377937317,0.028320029377937317,0.5109176635742188,0.014709070324897766,0.012486337684094906,0.0444546602666378,0.0569629892706871,0.42138877511024475,0.00055730726306599
575,0.0007487951079383492,0.0005434136255644262,0.0041076295310631394,0.005263404455035925,0.08669863641262054,0.03997356444597244,0.24411575496196747,0.3128032386302948,0.02776777744293213,0.02776777744293213,0.4955625534057617,0.014227601699531078,0.012033335864543915,0.04388532042503357,0.056233443319797516,0.4094938337802887,0.0005560664863843152
576,0.0007717669941484928,0.0005710379627998918,0.004014580510556698,0.0051441737450659275,0.08789461106061935,0.039246488362550735,0.2419097125530243,0.3099765181541443,0.02715100347995758,0.02715100347995758,0.4792476296424866,0.013793433085083961,0.011617607437074184,0.04351650923490524,0.05576086789369583,0.3986617922782898,0.0005548254967764211
577,0.0007488476985599846,0.0005453134945128113,0.004070683848112822,0.005216063000261784,0.08610165491700172,0.04094038903713226,0.24540500342845917,0.3144552409648895,0.028670139610767365,0.028670139610767365,0.5196216106414795,0.01506132073700428,0.012832415290176868,0.044578105211257935,0.05712117254734039,0.4328549802303314,0.0005535843027479116
578,0.0007610900793224573,0.0005543939769268036,0.004133921582251787,0.005297094117850065,0.08751150593161583,0.03979514539241791,0.24393990635871887,0.3125779330730438,0.027598151937127113,0.027598151937127113,0.489890992641449,0.013966379687190056,0.011756468564271927,0.04419821873307228,0.056634388864040375,0.39899352192878723,0.0005523429128057918
579,0.0007537665369454771,0.0005516334495041519,0.00404266151599586,0.00518015562556684,0.08628876879811287,0.03923935070633888,0.24325409531593323,0.31169918179512024,0.02707664668560028,0.02707664668560028,0.4759646952152252,0.013542489148676395,0.011376773938536644,0.04331430792808533,0.05550177022814751,0.39150768518447876,0.000551101335458409
580,0.0007620658143423498,0.0005607828206848353,0.004025659523904324,0.005158369895070791,0.08737729489803314,0.040923018008470535,0.24596399068832397,0.31517159938812256,0.028624817728996277,0.028624817728996277,0.5215823650360107,0.01502990536391735,0.01283363625407219,0.04392538219690323,0.056284788995981216,0.43821442127227783,0.0005498595792153957
581,0.0007444079965353012,0.0005412189202615991,0.004063781350851059,0.005207218462601304,0.08651099726557732,0.03977574408054352,0.24394477903842926,0.31258419156074524,0.027578502893447876,0.027578502893447876,0.4936213493347168,0.014027412980794907,0.011816990561783314,0.04420844838023186,0.056647490710020065,0.4040834903717041,0.0005486176525876099
582,0.000752969877794385,0.0005514119839062914,0.004031158168800175,0.005165415583178401,0.08693214505910873,0.039645250886678696,0.24437904357910156,0.3131406307220459,0.027426298707723618,0.027426298707723618,0.48810437321662903,0.013853641226887703,0.011648932471871376,0.04409416392445564,0.05650104954838753,0.39935415983200073,0.0005473755640870776
583,0.0007055859023239464,0.0005117856635479257,0.0038760044844821095,0.004966606153175235,0.08374418318271637,0.04084114357829094,0.24578554928302765,0.314942866563797,0.028551865369081497,0.028551865369081497,0.5195772647857666,0.014910302124917507,0.01271732896566391,0.043859466910362244,0.05620032176375389,0.43536144495010376,0.0005461333222269346
584,0.0007613398192916065,0.0005585380713455379,0.004056034842506051,0.005197291960939765,0.08756183832883835,0.040022701025009155,0.24366401135921478,0.3122243583202362,0.027839500457048416,0.027839500457048416,0.5019800662994385,0.014350352808833122,0.012155547738075256,0.04389609768986702,0.05624725669622421,0.41659265756607056,0.0005448909355213672
585,0.0007539423822890967,0.0005530545313376933,0.004017757251858711,0.0051482440903782845,0.08748392388224602,0.03903907537460327,0.24265073239803314,0.31092599034309387,0.026906536892056465,0.026906536892056465,0.4765048027038574,0.013565181754529476,0.011352308094501495,0.044257473200559616,0.05671031400561333,0.388854444026947,0.0005436484124855549
586,0.0007290932408068329,0.0005311631539370865,0.003958601504564285,0.005072443978860974,0.08509817719459534,0.04083273559808731,0.24533995985984802,0.3143719434738159,0.02856573835015297,0.02856573835015297,0.520461916923523,0.015105457976460457,0.012868466787040234,0.04473983123898506,0.057328395545482635,0.43474265933036804,0.0005424057616356117
587,0.0007998600776772946,0.0005833948380313814,0.00432930514216423,0.005547452950850129,0.08938225731253624,0.04029475152492523,0.2430764138698578,0.31147146224975586,0.028140932321548462,0.028140932321548462,0.5117032527923584,0.014785060659050941,0.012582238763570786,0.044056445360183716,0.056452732533216476,0.42789196968078613,0.000541162991488527
588,0.000704808539012447,0.0005118862900417298,0.0038584447465837,0.0049441056326031685,0.08387085795402527,0.03851330652832985,0.2405698597431183,0.30825963616371155,0.026484813541173935,0.026484813541173935,0.46573352813720703,0.013209475204348564,0.011040516197681427,0.04337916895747185,0.055584874004125595,0.3809968829154968,0.0005399201105621082
589,0.0007659844704903662,0.0005596977716777474,0.004125734092667699,0.005286602769047022,0.08770895004272461,0.040539029985666275,0.2449771910905838,0.31390705704689026,0.028290171176195145,0.028290171176195145,0.5124993324279785,0.014608120545744896,0.012411733157932758,0.04392774775624275,0.05628781020641327,0.42393624782562256,0.0005386771273749226
590,0.0007762590248603374,0.0005711628473363817,0.004101923434063792,0.005256092408671975,0.08906608819961548,0.04063349589705467,0.24343974888324738,0.3119370639324188,0.028461508452892303,0.028461508452892303,0.5177983641624451,0.0147585803642869,0.012577300891280174,0.043625593185424805,0.055900633335113525,0.43100762367248535,0.0005374340504462371
591,0.0006927824579179287,0.0005004065169487149,0.003847518702968955,0.004930105060338974,0.08300090208649635,0.03868633136153221,0.24000518023967743,0.3075360953807831,0.02668607234954834,0.02668607234954834,0.46777936816215515,0.01311410591006279,0.01097720768302679,0.04273797199130058,0.05476326867938042,0.38244006037712097,0.0005361908882959623
592,0.0007881747442297637,0.000580885011004284,0.004145794315263629,0.005312307272106409,0.08837099000811577,0.040237151086330414,0.24481646716594696,0.3137011229991913,0.027996329590678215,0.027996329590678215,0.49972647428512573,0.014077682048082352,0.011913061141967773,0.04329242184758186,0.05547372251749039,0.41067230701446533,0.0005349476494445919
593,0.0007622307166457176,0.0005582360026892275,0.004079893813468516,0.005227864254266024,0.08810396119952202,0.04122132435441017,0.24532490968704224,0.3143526613712311,0.02895507775247097,0.02895507775247097,0.528073787689209,0.015085216611623764,0.01288386806845665,0.04402696713805199,0.05641495808959007,0.44035103917121887,0.0005337043424131462
594,0.0007309998036362231,0.000537264917511493,0.0038746976060792804,0.004964931635186076,0.0850109364837408,0.03855936601758003,0.23917832970619202,0.30647656321525574,0.02660045027732849,0.02660045027732849,0.46847283840179443,0.013307290151715279,0.011150481179356575,0.04313617944717407,0.055273521691560745,0.3876050114631653,0.0005324609757231121
595,0.0008235820569097996,0.0006111683615017682,0.004248273791745305,0.005443621892482042,0.09072181954979897,0.03981933742761612,0.2441439926624298,0.31283941864967346,0.02761213853955269,0.02761213853955269,0.49596747756004333,0.01419215276837349,0.012010934762656689,0.04362436756491661,0.05589907243847847,0.41263091564178467,0.0005312175578963859
596,0.0007677600078750402,0.0005628104554489255,0.00409899081569165,0.005252334754914045,0.08827785402536392,0.041506633162498474,0.24753603339195251,0.3171858787536621,0.029129832983016968,0.029129832983016968,0.5370421409606934,0.015565994195640087,0.013335833325982094,0.044603221118450165,0.05715334042906761,0.4504427909851074,0.000529974097455214
597,0.0007820098544470966,0.0005817447090521455,0.004005303024314344,0.005132285878062248,0.09080062620341778,0.03857335448265076,0.24015751481056213,0.3077312707901001,0.02656547725200653,0.02656547725200653,0.46652066707611084,0.013188919052481651,0.011043239384889603,0.042913589626550674,0.05498829856514931,0.3814813792705536,0.0005287306029221352
598,0.0007585460552945733,0.0005555503303185105,0.0040599138010293245,0.005202262429520488,0.08677933365106583,0.03994666039943695,0.24342824518680573,0.3119222819805145,0.027775246649980545,0.027775246649980545,0.49820762872695923,0.014167211949825287,0.012019887566566467,0.04294649139046669,0.0550304614007473,0.4142327904701233,0.0005274870828199215
599,0.0006862327572889626,0.0004988965520169586,0.003746723639778793,0.004800949478521943,0.08307041972875595,0.040934521704912186,0.24531115591526031,0.3143349885940552,0.0286689642816782,0.0286689642816782,0.5200051069259644,0.014881612733006477,0.012699882499873638,0.04363459348678589,0.05591217428445816,0.43309155106544495,0.0005262435456715208
600,0.000720399635611102,0.0005272170528769493,0.0038636517710983753,0.00495077739469707,0.08549314364790916,0.039894189685583115,0.24244283139705658,0.31065958738327026,0.027772046625614166,0.027772046625614166,0.49725621938705444,0.01402845699340105,0.0118519002571702,0.043531130999326706,0.0557795986533165,0.40620458126068115,0.0005249999999999973
601,0.0006926697969902307,0.0005055953661212698,0.0037414884427562356,0.0047942406963557005,0.08345830254256725,0.039452262222766876,0.24180597066879272,0.3098435699939728,0.02736196294426918,0.02736196294426918,0.48840242624282837,0.013765374198555946,0.011609438806772232,0.04311870411038399,0.05525112897157669,0.4015529453754425,0.0005237564543284737
602,0.0007273894443642348,0.0005380719376262277,0.0037863499019294977,0.004851725418120623,0.0858314223587513,0.040308527648448944,0.24372346699237823,0.31230053305625916,0.028122354298830032,0.028122354298830032,0.5123333930969238,0.014545158483088017,0.012373987585306168,0.04342342168092728,0.05564158782362938,0.42723244428634644,0.000522512917180073
603,0.000698100368026644,0.0005145006871316582,0.003671993617899716,0.004705192055553198,0.08464068919420242,0.039221569895744324,0.24103765189647675,0.30885908007621765,0.027169685810804367,0.027169685810804367,0.4859990179538727,0.013617845252156258,0.011471884325146675,0.04291921481490135,0.05499550700187683,0.3976031541824341,0.0005212693970778594
604,0.0006927931390237063,0.0005078246467746794,0.0036993696121498942,0.004740271717309952,0.08365979045629501,0.03991800174117088,0.24266168475151062,0.31094005703926086,0.027784917503595352,0.027784917503595352,0.5043710470199585,0.014262760058045387,0.012101891450583935,0.04321736842393875,0.055377546697854996,0.4172021150588989,0.0005200259025447805
605,0.000735772802727297,0.0005470669275382534,0.003774117329157889,0.004836050560697913,0.08622413501143456,0.040332239121198654,0.24374473094940186,0.3123278319835663,0.02814500220119953,0.02814500220119953,0.5162403583526611,0.01460608746856451,0.01243186742067337,0.0434843972325325,0.05571971833705902,0.4286818504333496,0.0005187824421036086
606,0.0006664853426627815,0.0004853094869758934,0.0036235174629837275,0.004643076332286,0.08168362081050873,0.03876383602619171,0.23995740711688995,0.30747485160827637,0.026765964925289154,0.026765964925289154,0.4789714813232422,0.013363729231059551,0.011217649094760418,0.042921606451272964,0.05499856919050217,0.391743540763855,0.0005175390242768824
607,0.0008556825923733413,0.0006457498529925942,0.004198655020445585,0.005380041664466262,0.09247270599007607,0.039289962500333786,0.24101340770721436,0.3088279962539673,0.02723929099738598,0.02723929099738598,0.4887230694293976,0.01373804546892643,0.01158660463988781,0.043028805404901505,0.05513594299554825,0.4027077853679657,0.0005162956575868483
608,0.0007283634913619608,0.0005329328414518386,0.0039086127653717995,0.005008389241993427,0.08584939874708652,0.04167916253209114,0.24725762009620667,0.3168291449546814,0.029316280037164688,0.029316280037164688,0.5431054830551147,0.015483628958463669,0.013258717954158783,0.04449821636080742,0.05701879784464836,0.45132118463516235,0.0005150523505554026
609,0.0007749668438918889,0.0005739411571994424,0.004020513617433608,0.005151776131242514,0.08867156878113747,0.03858551010489464,0.2400594800710678,0.3076056241989136,0.026582537218928337,0.026582537218928337,0.4742404818534851,0.013229846954345703,0.011076623573899269,0.04306447505950928,0.05518163740634918,0.3882182836532593,0.0005138091117040321
610,0.000729169900296256,0.0005310203123372048,0.003962991293519735,0.005078068934381008,0.0855562835931778,0.03957592695951462,0.24217666685581207,0.31031858921051025,0.027467094361782074,0.027467094361782074,0.500546395778656,0.013961901888251305,0.011792929843068123,0.043379440903663635,0.05558522418141365,0.411893755197525,0.0005125659495537572
611,0.0007222195854410529,0.0005363341770134866,0.003717707935720682,0.0047637689858675,0.08608074113726616,0.040646180510520935,0.2454298734664917,0.31448715925216675,0.0283746886998415,0.0283746886998415,0.5241050124168396,0.014604542404413223,0.012415708974003792,0.04377666860818863,0.056094225496053696,0.4312739670276642,0.0005113228726250718
612,0.0006761999684385955,0.0004925141693092883,0.0036737159825861454,0.00470739952288568,0.08207657933235168,0.038929276168346405,0.24133983254432678,0.3092462718486786,0.026862286031246185,0.026862286031246185,0.48412761092185974,0.01334954984486103,0.011203212663531303,0.04292674735188484,0.055005162954330444,0.3955172300338745,0.0005100798894378861
613,0.0006857628759462386,0.0005037948722019792,0.003639360424131155,0.0046633766032755375,0.08321039378643036,0.03967805951833725,0.24261295795440674,0.31087762117385864,0.027547409757971764,0.027547409757971764,0.5029793977737427,0.014030191116034985,0.011863499879837036,0.04333382099866867,0.05552677437663078,0.4156413674354553,0.0005088370085114675
614,0.0006650783761870116,0.0004856918385485187,0.0035877306945621967,0.004597219871357083,0.08191829174757004,0.040089476853609085,0.24351073801517487,0.3120279908180237,0.027913939207792282,0.027913939207792282,0.5114412903785706,0.014392778277397156,0.012208707630634308,0.043681420385837555,0.055972177535295486,0.423885315656662,0.0005075942383643828
615,0.0006730589084327221,0.0004939494247082621,0.0035821896744892,0.004590120282955468,0.08207335695624352,0.0391978994011879,0.24144546687602997,0.3093816041946411,0.027125626802444458,0.027125626802444458,0.4887126684188843,0.01364603079855442,0.011489571072161198,0.04312918707728386,0.055264562368392944,0.4007391035556793,0.0005063515875144395
616,0.0006659976788796484,0.0004885931994067505,0.00354808964766562,0.004546425072476268,0.08150601387023926,0.039651818573474884,0.24197211861610413,0.3100564479827881,0.027553213760256767,0.027553213760256767,0.5028162002563477,0.014104204252362251,0.011952263303101063,0.043038807809352875,0.05514875426888466,0.41797441244125366,0.0005051090644786272
617,0.0006683737738057971,0.000491793776745908,0.0035315999994054437,0.0045252954587340355,0.08248469978570938,0.039563775062561035,0.24182403087615967,0.30986663699150085,0.02747257426381111,0.02747257426381111,0.5022438168525696,0.014021612703800201,0.011862436309456825,0.043183520436286926,0.0553341843187809,0.4147402048110962,0.00050386667777306
618,0.0006588533287867904,0.00048138310376089066,0.0035494043258950114,0.0045481096021831036,0.08162739127874374,0.03923628851771355,0.24173298478126526,0.3097500205039978,0.027149638161063194,0.027149638161063194,0.49234724044799805,0.013601434417068958,0.011450178921222687,0.04302510619163513,0.05513119325041771,0.4009171426296234,0.0005026244359129168
619,0.000676483556162566,0.0004993552720407024,0.0035425658570602536,0.0045393467880785465,0.08285773731768131,0.04003707319498062,0.24380208551883698,0.31240132451057434,0.027846967801451683,0.027846967801451683,0.512745201587677,0.014249367639422417,0.012099947780370712,0.04298839718103409,0.05508415400981903,0.42384767532348633,0.0005013823474123845
620,0.00067338184453547,0.000495725660584867,0.003553123213350773,0.004552874714136124,0.08209311962127686,0.03932104632258415,0.24230079352855682,0.3104776442050934,0.02720600552856922,0.02720600552856922,0.494881808757782,0.01371881552040577,0.011589777655899525,0.04258076101541519,0.05456182360649109,0.40872666239738464,0.0005001404207845987
621,0.0006722953112330288,0.0004955287877237424,0.003535330411978066,0.0045300754718482494,0.08199337124824524,0.03990599885582924,0.24332262575626373,0.311786949634552,0.027739867568016052,0.027739867568016052,0.5077640414237976,0.014196171425282955,0.012034600600600243,0.04323141649365425,0.05539555475115776,0.4189116358757019,0.0004988986645415853
622,0.000669731292873621,0.0004885512171313167,0.003623601282015443,0.004643183667212725,0.08186547085642815,0.04022296518087387,0.24363172054290771,0.3121830224990845,0.028041377663612366,0.028041377663612366,0.5173200964927673,0.014538615942001343,0.012355562299489975,0.043661076575517654,0.05594611167907715,0.42869067192077637,0.0004976570871942026
623,0.0007103258103597909,0.0005263082566671073,0.0036803511902689934,0.004715901566669345,0.08432954922318459,0.03877144679427147,0.24048244953155518,0.3081476390361786,0.02674732357263565,0.02674732357263565,0.4824429750442505,0.01337056327611208,0.011228379793465137,0.04284367337822914,0.054898712784051895,0.3958359956741333,0.0004964156972520826
624,0.0006638019985985011,0.0004878486361121759,0.0035190669586881995,0.004509235732257366,0.08190261572599411,0.04004441574215889,0.24306972324848175,0.3114628493785858,0.027890929952263832,0.027890929952263832,0.5178723931312561,0.014512044377624989,0.012343190610408783,0.04337707906961441,0.0555822029709816,0.4324946701526642,0.0004951745032235732
625,0.0006924071349203587,0.000511740414367523,0.0036133346147835255,0.00463002803735435,0.0834797564893961,0.03989420458674431,0.24331575632095337,0.31177809834480286,0.02772841602563858,0.02772841602563858,0.5124964714050293,0.014267386868596077,0.012092635035514832,0.04349503666162491,0.05573335289955139,0.4222677946090698,0.000493933513615679
626,0.0007207970193121582,0.0005361248477129266,0.0036934438394382596,0.004732677713036537,0.08631754294037819,0.03855133429169655,0.24040453135967255,0.3080478012561798,0.02653110772371292,0.02653110772371292,0.4774838984012604,0.013204443268477917,0.011084307916462421,0.042402710765600204,0.054333675652742386,0.3927578628063202,0.0004926927369340041
627,0.0006541944312630221,0.00047938637726474553,0.003496161079965532,0.004479885101318359,0.08141107112169266,0.040576159954071045,0.24531042575836182,0.31433406472206116,0.028310637921094894,0.028310637921094894,0.5201098918914795,0.014539076015353203,0.012398110702633858,0.0428193099796772,0.054867491126060486,0.43265119194984436,0.0004914521816826927
628,0.0007018495816737413,0.0005077164678368717,0.00388266216032207,0.004975137067958713,0.08363055065274239,0.03981849551200867,0.24273839592933655,0.3110383152961731,0.02768157422542572,0.02768157422542572,0.5047208666801453,0.01400319766253233,0.011873645707964897,0.04259103909134865,0.05457499250769615,0.41726499795913696,0.0004902118563643719
629,0.0006965366774238646,0.0005148235359229147,0.0036342625971883535,0.004656844772398472,0.08285241946578026,0.03853806108236313,0.24005863070487976,0.3076045513153076,0.02653512731194496,0.02653512731194496,0.4750922918319702,0.01312747411429882,0.010986125096678734,0.04282698407769203,0.054877325892448425,0.38864219188690186,0.0004889717694800922
630,0.0006550121470354497,0.0004755068221129477,0.003590106382034719,0.004600264132022858,0.08062288537621498,0.040365252643823624,0.2443603277206421,0.3131166696548462,0.02814723551273346,0.02814723551273346,0.5211424827575684,0.014551917091012001,0.012378311716020107,0.04347209632396698,0.055703964084386826,0.43330422043800354,0.0004877319295292706
631,0.0007696866523474455,0.00057394546456635,0.0039148235227912664,0.00501634762622416,0.08897464722394943,0.04000643268227577,0.2434210628271103,0.31191307306289673,0.027835380285978317,0.027835380285978317,0.5147901773452759,0.014252418652176857,0.012098824605345726,0.043071869760751724,0.05519111081957817,0.4255785644054413,0.000486492345009631
632,0.0006584020447917283,0.000478486210340634,0.0035983165726065636,0.004610784351825714,0.0800877083092928,0.038039401173591614,0.23898552358150482,0.30622950196266174,0.026090124621987343,0.026090124621987343,0.4692700505256653,0.01277349516749382,0.0106660770252347,0.04214835166931152,0.05400775000452995,0.38176023960113525,0.000485253024417147
633,0.0007059069175738841,0.0005172266100998968,0.0037736055674031377,0.0048353951424360275,0.08443040773272514,0.04029417410492897,0.2442684769630432,0.3129989802837372,0.02808075025677681,0.02808075025677681,0.5232956409454346,0.014496048912405968,0.012348758056759834,0.04294580966234207,0.05502958968281746,0.433187872171402,0.00048401397624598335
634,0.0007144387491280213,0.0005253274139249697,0.003782226936891675,0.004846442257985473,0.08420703932642937,0.040143921971321106,0.2430945336818695,0.3114946782588959,0.02798919565975666,0.02798919565975666,0.5226573944091797,0.014485853724181652,0.012340087443590164,0.04291532561182976,0.05499052628874779,0.4335436224937439,0.0004827752089884372
635,0.0006466647610068321,0.0004738355928566307,0.003456583246588707,0.004429171094670892,0.08113537169992924,0.03804013505578041,0.23834003508090973,0.3054024279117584,0.026123134419322014,0.026123134419322014,0.47160178422927856,0.012903483584523201,0.010781198740005493,0.042445696890354156,0.054388757795095444,0.3845099210739136,0.00048153673113488085
636,0.00069258754956536,0.0005076751112937927,0.00369824911467731,0.004738835617899895,0.08293427526950836,0.03980299085378647,0.24310800433158875,0.31151193380355835,0.02764759212732315,0.02764759212732315,0.5123289823532104,0.014173407107591629,0.012012075632810593,0.04322662204504013,0.0553894117474556,0.42205101251602173,0.00048029855117370253
637,0.0006522726616822183,0.0004736228729598224,0.0035729955416172743,0.004578338703140616,0.08022858388721943,0.04015782102942467,0.24324719607830048,0.3116902709007263,0.027995459735393524,0.027995459735393524,0.5218617916107178,0.014471970498561859,0.012321462854743004,0.0430101603269577,0.05511203780770302,0.4336795210838318,0.0004790606775912495
638,0.0006643337837886065,0.0004898887855233625,0.003488900256343186,0.004470581654459238,0.0814034566283226,0.03844642639160156,0.2388949990272522,0.3061135411262512,0.026501674205064774,0.026501674205064774,0.48208171129226685,0.013207007199525833,0.011106530204415321,0.04200953245162964,0.0538298673927784,0.39789360761642456,0.0004778231188717684
639,0.0006464956677518785,0.0004728102358058095,0.0034737081732600927,0.004451114684343338,0.08022269606590271,0.03957466408610344,0.2424471080303192,0.3106651306152344,0.02745230868458748,0.02745230868458748,0.5076197385787964,0.013930324465036392,0.011784859001636505,0.04290930926799774,0.05498282238841057,0.4163933992385864,0.00047658588349734827
640,0.0006371327326633036,0.00046626779658254236,0.003417298896238208,0.004378833342343569,0.07992901653051376,0.03989548236131668,0.24332351982593536,0.3117881119251251,0.027729306370019913,0.027729306370019913,0.513995349407196,0.014112556353211403,0.011972634121775627,0.042798448354005814,0.05484076216816902,0.4228907525539398,0.00047534897994786163
641,0.0006480675947386771,0.0004737856943393126,0.0034856381826102734,0.00446640164591372,0.0805099755525589,0.03937249258160591,0.2411653846502304,0.3090227544307709,0.02731422334909439,0.02731422334909439,0.5070698857307434,0.013885707594454288,0.011774193495512009,0.042230285704135895,0.05411273613572121,0.4206363558769226,0.000474112416700907
642,0.0007079473580233753,0.0005272463313303888,0.0036140199517831206,0.0046309062745422125,0.08483441174030304,0.038654595613479614,0.2401004433631897,0.3076581656932831,0.02664957381784916,0.02664957381784916,0.48595497012138367,0.013206997886300087,0.011108584702014923,0.041968267410993576,0.053776998072862625,0.397629052400589,0.0004728762022317505
643,0.0006320411630440503,0.00046158629993442446,0.003409096971154213,0.004368323367089033,0.07943114079535007,0.04053887352347374,0.24498680233955383,0.31391939520835876,0.028289534151554108,0.028289534151554108,0.5278958678245544,0.014493409544229507,0.012341255322098732,0.04304308071732521,0.0551542267203331,0.4339020252227783,0.00047164034501326763
644,0.0006789220205973834,0.0004955009353579953,0.003668421762995422,0.004700615536421537,0.08228902518749237,0.039184875786304474,0.2407553791999817,0.3084973692893982,0.02714710496366024,0.02714710496366024,0.5015693306922913,0.013649169355630875,0.011529223993420601,0.04239891469478607,0.054328802973032,0.4122970700263977,0.00047040485351588547
645,0.0006228470301721245,0.0004503403906710446,0.003450132440775633,0.004420905141159892,0.07852722704410553,0.03829585760831833,0.23862959444522858,0.30577343702316284,0.02636437863111496,0.02636437863111496,0.48119115829467773,0.013044069521129131,0.010923240333795547,0.042416587471961975,0.05435146018862724,0.3929682970046997,0.0004691697362075242
646,0.000660308898659423,0.0004886798124061897,0.003432581899687648,0.004398416494950652,0.08052573725581169,0.03987763822078705,0.24279062449932098,0.31110528111457825,0.02773810550570488,0.02773810550570488,0.5202085375785828,0.014256792142987251,0.012101389467716217,0.043108053505420685,0.05523747205734253,0.4289514422416687,0.0004679350015535398
647,0.0006366179150063545,0.000463666336145252,0.003459031693637371,0.004432308720424771,0.07975020818412304,0.03937007486820221,0.24142596125602722,0.3093566298484802,0.02729877457022667,0.02729877457022667,0.5073480606079102,0.013821977190673351,0.01169813796877861,0.04247678071260452,0.0544285885989666,0.41671207547187805,0.000466700658016665
648,0.0006135083385743201,0.0004481163778109476,0.0033078388078138232,0.0042385742999613285,0.07867477834224701,0.0384998582303524,0.23907950520515442,0.3063499331474304,0.02654588222503662,0.02654588222503662,0.4878694415092468,0.013253890909254551,0.011148739606142044,0.042103029787540436,0.05394967272877693,0.40068721771240234,0.0004654667140569526
649,0.0006250016595004126,0.00045721905189566314,0.003355652093887329,0.004299840657040477,0.07889912091195583,0.03941939026117325,0.24139882624149323,0.3093218505382538,0.027349449694156647,0.027349449694156647,0.5093401074409485,0.013955991715192795,0.011823214590549469,0.04265553131699562,0.05465763807296753,0.4205668568611145,0.00046423317813171607
650,0.0006425084138754755,0.00046968134120106697,0.0034565412206575274,0.004429117077961564,0.08044597692787647,0.039652783423662186,0.24158784747123718,0.3095640540122986,0.027573391795158386,0.027573391795158386,0.5170301795005798,0.014216376468539238,0.012073269113898277,0.042862143367528915,0.054922379553318024,0.428292453289032,0.0004630000586954727
651,0.0006069270020816475,0.00044248648919165134,0.0032888103742152452,0.004214191809296608,0.07784081622958183,0.03835569694638252,0.2386966198682785,0.3058592975139618,0.026420865207910538,0.026420865207910538,0.48876380920410156,0.013267578557133675,0.011150567792356014,0.04234021157026291,0.05425359308719635,0.4007643461227417,0.00046176736419988485
652,0.0006599240878131241,0.0004838238819502294,0.003522004117257893,0.004512999905273318,0.08115680515766144,0.038854047656059265,0.2408999800682068,0.3086826503276825,0.026809047907590866,0.026809047907590866,0.49797117710113525,0.013496719300746918,0.011391349136829376,0.04210739955306053,0.05395527184009552,0.4094647169113159,0.0004605351030937026
653,0.0007193458150140941,0.0005390971928136423,0.003604972385801375,0.004619313171133399,0.08521348983049393,0.04032858461141586,0.24395811557769775,0.312601238489151,0.028130678460001945,0.028130678460001945,0.5358295440673828,0.014716671779751778,0.012566806748509407,0.04299730435013771,0.05509556829929352,0.44506657123565674,0.00045930328382270556
654,0.0006547896919073537,0.0004857500025536865,0.003380793728865683,0.004332056967541575,0.0816849134862423,0.0379536896944046,0.23790507018566132,0.30484506487846375,0.026058437302708626,0.026058437302708626,0.47856128215789795,0.012966707348823547,0.01087045669555664,0.04192500561475754,0.05372155085206032,0.39258283376693726,0.0004580719148296454
655,0.0006508655496872962,0.0004774085246026516,0.003469140618108213,0.004445262253284454,0.08028235659003258,0.03895426541566849,0.2402028888463974,0.3077894151210785,0.026944121345877647,0.026944121345877647,0.5031477808952332,0.013772400096058846,0.011657822877168655,0.0422915518283844,0.05419124290347099,0.4174407124519348,0.0004568410045541871
656,0.0006310793687589467,0.0004628699243767187,0.0033641892950981855,0.004310780204832554,0.07973060756921768,0.039986591786146164,0.24283553659915924,0.3111628293991089,0.027844814583659172,0.027844814583659172,0.5259573459625244,0.014478398486971855,0.012333795428276062,0.04289206117391586,0.0549607127904892,0.43632644414901733,0.0004556105614328519
657,0.0006300697277765721,0.00045906432205811143,0.00342010788153857,0.00438243243843317,0.07951812818646431,0.03834488242864609,0.23810617625713348,0.30510273575782776,0.026439575478434563,0.026439575478434563,0.4916445314884186,0.013322289101779461,0.011218303814530373,0.04207969829440117,0.053919773548841476,0.4041184186935425,0.00045438059389895887
658,0.0006690768350381404,0.0004892175202257931,0.003597186296246946,0.004609336378052831,0.08204490505158901,0.03809468075633049,0.23775991797447205,0.3046590983867645,0.026206685230135918,0.026206685230135918,0.48636648058891296,0.013140726834535599,0.011050626635551453,0.041801996529102325,0.053563933819532394,0.400962769985199,0.00045315111038256816
659,0.0005988354096189141,0.00043410484795458615,0.003294611000455916,0.0042216244619339705,0.07660508900880814,0.04026104137301445,0.24403658509254456,0.3127017915248871,0.028059210628271103,0.028059210628271103,0.5339223742485046,0.014644932933151722,0.012502755969762802,0.0428435318171978,0.05489853024482727,0.4440566301345825,0.0004519221193104221
660,0.0006968032394070178,0.000507658813148737,0.003782888175919652,0.004847289761528373,0.08281772211194038,0.03984367847442627,0.24279561638832092,0.3111116588115692,0.027703896164894104,0.027703896164894104,0.5236826539039612,0.014211449772119522,0.012088747695088387,0.04245403781533241,0.054399438202381134,0.43109697103500366,0.0004506936291058878
661,0.000587298272876069,0.00042370427399873734,0.003271880093961954,0.004192497581243515,0.07617952302098274,0.03779178112745285,0.23768219351768494,0.30455946922302246,0.025907669216394424,0.025907669216394424,0.4756963551044464,0.012728370726108551,0.01064562052488327,0.04165499284863472,0.053375568240880966,0.3877587914466858,0.00044946564818889933
662,0.0007036002061795443,0.0005129618803039193,0.0038127668667584658,0.0048855755012482405,0.08326461166143417,0.03919193893671036,0.2410695105791092,0.3088998794555664,0.027138464152812958,0.027138464152812958,0.5082765817642212,0.01364140398800373,0.011542979627847672,0.04196847975254059,0.05377725884318352,0.41709262132644653,0.00044823818497590086
663,0.0006399107223842293,0.000469074075226672,0.0034167327685281634,0.004378107842057943,0.07938322424888611,0.04065800830721855,0.24414291977882385,0.312838077545166,0.02845086343586445,0.02845086343586445,0.5427833795547485,0.01479815598577261,0.012660451233386993,0.042754095047712326,0.05478392913937569,0.4507525563240051,0.0004470112478797875
664,0.000661664322251454,0.00048144892207346857,0.003604307654313743,0.004618461476638913,0.0798860564827919,0.038173433393239975,0.23789620399475098,0.30483371019363403,0.026278622448444366,0.026278622448444366,0.4830652177333832,0.012833917513489723,0.010761404410004616,0.04145025461912155,0.05311322212219238,0.3926053047180176,0.0004457848453098487
665,0.0006402780127245933,0.00046946480870246887,0.003416264080442488,0.004377507604658604,0.07993080466985703,0.038817938417196274,0.2392822653055191,0.30660974979400635,0.02685382589697838,0.02685382589697838,0.501319944858551,0.013444345444440842,0.011345873586833477,0.04196944087743759,0.05377849563956261,0.41084444522857666,0.0004445589856717107
666,0.0005990921490592882,0.00043675638153217733,0.0032467151759192348,0.00416025216691196,0.07698468491435051,0.03973890095949173,0.2416951209306717,0.309701532125473,0.027654144912958145,0.027654144912958145,0.5221379995346069,0.014142649248242378,0.012026788666844368,0.04231720045208931,0.054224107414484024,0.43232059478759766,0.0004433336773672779
667,0.0006134258292149752,0.00044677051482722163,0.003333106404170394,0.004270951263606548,0.07817953638732433,0.03893422707915306,0.2393687665462494,0.3067206144332886,0.02696578949689865,0.02696578949689865,0.5029668807983398,0.013472402468323708,0.011384885758161545,0.04175034165382385,0.05349774286150932,0.4119976758956909,0.00044210892879467634
668,0.0005955261585768312,0.00043413511593826115,0.003227821085602045,0.004136041738092899,0.07709299027919769,0.038361094892024994,0.2381361722946167,0.3051411509513855,0.02645428478717804,0.02645428478717804,0.49173328280448914,0.013179137371480465,0.011101221665740013,0.04155831038951874,0.05325167998671532,0.4037984013557434,0.00044088474834819537
669,0.0006086488137952983,0.0004455778980627656,0.003261418198235333,0.0041790921241045,0.07790855318307877,0.03890702873468399,0.2399691641330719,0.30748993158340454,0.026908569037914276,0.026908569037914276,0.5053985714912415,0.013654257170855999,0.011552989482879639,0.04202534630894661,0.05385013297200203,0.41740137338638306,0.0004396611444182309
670,0.0005837972421431914,0.0004248045734129846,0.0031798535492271185,0.004074577474966645,0.07620797492563725,0.03918742388486862,0.24069435894489288,0.3084191679954529,0.027152707800269127,0.027152707800269127,0.5095935463905334,0.013775326311588287,0.011673463508486748,0.04203725606203079,0.05386539176106453,0.4197545051574707,0.0004384381253912274
671,0.0006133763235993683,0.0004505813994910568,0.003255898831412196,0.004172019544057548,0.07805286534130573,0.038874171674251556,0.2398747354745865,0.3073689043521881,0.026880433782935143,0.026880433782935143,0.5002102851867676,0.013446399942040443,0.011366975493729115,0.04158848896622658,0.05329035595059395,0.41026628017425537,0.00043721569964962016
672,0.0005911518237553537,0.0004306148621253669,0.0032107389997690916,0.004114153096452355,0.07621987909078598,0.03921985626220703,0.24039502441883087,0.30803564190864563,0.02720010280609131,0.02720010280609131,0.5131930112838745,0.013883561827242374,0.01179384533315897,0.041794322431087494,0.05355410650372505,0.4265761375427246,0.0004359938755717782
673,0.0006139237084425986,0.000452906999271363,0.003220333601348102,0.0041264473693445325,0.07893429696559906,0.038648590445518494,0.23934493958950043,0.3066900372505188,0.026681341230869293,0.026681341230869293,0.5001625418663025,0.01340548973530531,0.011320495046675205,0.041699886322021484,0.053433094173669815,0.41184476017951965,0.00043477266153194727
674,0.0005967351607978344,0.00043586172978393734,0.003217468853108585,0.004122776445001364,0.07675899751484394,0.039350926876068115,0.24095873534679413,0.3087579011917114,0.02730298973619938,0.02730298973619938,0.5181074142456055,0.013871265575289726,0.011763964779675007,0.04214600473642349,0.0540047362446785,0.4249701499938965,0.0004335520659001914
675,0.0005859136581420898,0.0004270608478691429,0.0031770559726282954,0.00407099281437695,0.07665588147938251,0.03870660439133644,0.23944798111915588,0.30682212114334106,0.026734204962849617,0.026734204962849617,0.5032953023910522,0.013448554091155529,0.011366698890924454,0.04163709655404091,0.053352635353803635,0.41424769163131714,0.0004323320970423364
676,0.0006054687401046976,0.0004446675884537399,0.0032160228583961725,0.00412092381156981,0.07799367606639862,0.03868657350540161,0.23989519476890564,0.3073951303958893,0.02669181302189827,0.02669181302189827,0.5008829832077026,0.013376410119235516,0.011304018087685108,0.04144784435629845,0.05311013385653496,0.41217905282974243,0.0004311127633199125
677,0.0005748826661147177,0.00041783649066928774,0.0031409236835315824,0.0040246936259791255,0.0755123645067215,0.039584215730428696,0.24154525995254517,0.3095094859600067,0.027506953105330467,0.027506953105330467,0.5224663019180298,0.014081044122576714,0.011986283585429192,0.04189521074295044,0.05368337407708168,0.43219053745269775,0.0004298940730900963
678,0.0005952453066129237,0.0004349591472418979,0.003205723245628178,0.00410772580653429,0.07733173668384552,0.03867475688457489,0.23892106115818024,0.3061469495296478,0.026728704571723938,0.026728704571723938,0.5022559762001038,0.013502160087227821,0.011418668553233147,0.0416698232293129,0.05339457094669342,0.4145391285419464,0.00042867603470565405
679,0.000578605046030134,0.0004218408575979993,0.0031352838268503547,0.004017467377707362,0.07582933269441128,0.03847513347864151,0.2385873943567276,0.3057193458080292,0.02654576487839222,0.02654576487839222,0.49887615442276,0.013386201113462448,0.011297930032014847,0.04176541045308113,0.05351705476641655,0.4105910062789917,0.00042745865651488453
680,0.00058343171258457,0.0004267711628926918,0.0031332109356299043,0.00401481066364795,0.07618502154946327,0.03878702595829964,0.23972253501415253,0.3071739077568054,0.02680089883506298,0.02680089883506298,0.5037966966629028,0.013513351790606976,0.011428963392972946,0.041687771677970886,0.053417570888996124,0.4143948256969452,0.0004262419468615617
681,0.0006339751125779003,0.00047219687257893384,0.003235564916394651,0.004145964281633496,0.08044371381402016,0.039389196783304214,0.24067053198814392,0.3083886206150055,0.027355670928955078,0.027355670928955078,0.521424412727356,0.013989293947815895,0.011898375116288662,0.04181837663054466,0.053584929555654526,0.43078500032424927,0.00042502591408487733
682,0.0006040177249815315,0.00044593095663003623,0.003161735483445227,0.004051361232995987,0.0784017015248537,0.03808141127228737,0.23782004415988922,0.30473610758781433,0.026190409436821938,0.026190409436821938,0.49108630418777466,0.012969400733709335,0.01090333703905344,0.0413212813436985,0.052947964519262314,0.40088969469070435,0.0004238105665193837
683,0.0006043762114131823,0.0004403076891321689,0.003281370270997286,0.004204658209346235,0.07753440365195274,0.03915699943900108,0.24064068496227264,0.3083503842353821,0.027124963700771332,0.027124963700771332,0.5162421464920044,0.013684114441275597,0.01160091906785965,0.04166390001773834,0.053386978805065155,0.4236556887626648,0.00042259591249493687
684,0.0006610143464058638,0.0004886223759967834,0.003447839175350964,0.00441796681843698,0.08127164840698242,0.03989375755190849,0.242447167634964,0.31066516041755676,0.027771398425102234,0.027771398425102234,0.5342012643814087,0.014212126843631268,0.01210841629654169,0.04207421466708183,0.05391274765133858,0.4391247034072876,0.00042138196033663977
685,0.0006050073716323823,0.0004387557855807245,0.003325031604617834,0.004260604735463858,0.07723522000014782,0.037558022886514664,0.2368101328611374,0.3034420311450958,0.025717517361044884,0.025717517361044884,0.48057544231414795,0.012638933025300503,0.010571195743978024,0.041354741901159286,0.052990835160017014,0.3914340138435364,0.00042016871836478455
686,0.0006394337397068739,0.00047121316310949624,0.0033644114155322313,0.004311064723879099,0.08019373565912247,0.03875892981886864,0.23925547301769257,0.3065754473209381,0.02679615467786789,0.02679615467786789,0.5131343603134155,0.013728130608797073,0.01163371093571186,0.04188840091228485,0.05367464944720268,0.4262089729309082,0.00041895619489479557
687,0.0005734528531320393,0.0004172505286987871,0.003124045906588435,0.004003066918812692,0.07508545741438866,0.039189331233501434,0.24077187478542328,0.3085184693336487,0.02715073525905609,0.02715073525905609,0.5225107669830322,0.014070439152419567,0.011946226470172405,0.04248425364494324,0.05443815886974335,0.43313562870025635,0.00041774439823717333
688,0.0005822860694024712,0.0004237529938109219,0.0031706609297543764,0.004062797874212265,0.07579570263624191,0.03822300210595131,0.2387685328722,0.30595147609710693,0.02628457546234131,0.02628457546234131,0.4985079765319824,0.013266496360301971,0.011184165254235268,0.041646625846624374,0.053364843130111694,0.409645140171051,0.0004165333366974361
689,0.0005933190695941448,0.00043807391193695366,0.003104902687482536,0.003978537395596504,0.077296182513237,0.038573186844587326,0.23920035362243652,0.3065048158168793,0.02661316841840744,0.02661316841840744,0.5105658769607544,0.013586796820163727,0.01151916105300188,0.04135272279381752,0.05298824980854988,0.4230889678001404,0.0004153230185760642
690,0.0005785022513009608,0.00042289744305890054,0.0031120958738029003,0.003987754229456186,0.07587311789393425,0.038394927978515625,0.23872920870780945,0.30590105056762695,0.026458468288183212,0.026458468288183212,0.505286455154419,0.013376682996749878,0.011320529505610466,0.041123077273368835,0.05269398167729378,0.41726982593536377,0.0004141134521684424
691,0.0005666796350851655,0.0004134636837989092,0.0030643190257251263,0.003926534554921091,0.07519535720348358,0.038961198180913925,0.24009673297405243,0.3076533377170563,0.026956360787153244,0.026956360787153244,0.5176005363464355,0.013771383091807365,0.011683683842420578,0.04175398498773575,0.053502410650253296,0.42651253938674927,0.00041290464576480373
692,0.0005710707046091557,0.00041669749771244824,0.0030874641379341483,0.003956191940233111,0.07547906786203384,0.03889188542962074,0.23990653455257416,0.3074096739292145,0.026896558701992035,0.026896558701992035,0.5153226852416992,0.013707295060157776,0.011628050357103348,0.04158488288521767,0.05328572541475296,0.4249984920024872,0.00041169660765017174
693,0.0005715514707844704,0.00041887746192514896,0.003053479711525142,0.003912645508535206,0.07564257830381393,0.038566187024116516,0.2391170859336853,0.30639809370040894,0.02661033347249031,0.02661033347249031,0.5071318745613098,0.013471763581037521,0.011405939236283302,0.04131649434566498,0.05294182524085045,0.41830527782440186,0.0004104893461043044
694,0.0005617791466647759,0.00040944688953459263,0.0030466450843960047,0.0039038878167048097,0.07478390634059906,0.038733117282390594,0.23919832706451416,0.30650219321250916,0.026773199439048767,0.026773199439048767,0.5128967761993408,0.013602601364254951,0.011530118994414806,0.0414496511220932,0.0531124509871006,0.42290714383125305,0.0004092828694016369
695,0.0005681740876752883,0.00041593899368308485,0.003044702112674713,0.003901398042216897,0.07530534267425537,0.038995787501335144,0.2397739738225937,0.307239830493927,0.0270070880651474,0.0270070880651474,0.5209987163543701,0.013800537213683128,0.011710474267601967,0.04180125147104263,0.05356298014521599,0.42886820435523987,0.0004080771858112259
696,0.000612797011854127,0.0004537092027021572,0.0031817564740777016,0.004077016026712954,0.07837251760065556,0.03828408569097519,0.23860904574394226,0.3057471215724945,0.026353631168603897,0.026353631168603897,0.5021533966064453,0.013183069415390491,0.011112133041024208,0.04141872748732567,0.05307282507419586,0.4109927713871002,0.0004068723035966917
697,0.0005568544002017006,0.000404853155487217,0.0030400247778743505,0.0038954047486186028,0.07413769885897636,0.039189159870147705,0.24046151340007782,0.30812081694602966,0.027166083455085754,0.027166083455085754,0.5250712037086487,0.01391775906085968,0.011829289607703686,0.041769396513700485,0.05352216213941574,0.4342171251773834,0.00040566823101616164
698,0.0005749331903643906,0.0004188434104435146,0.0031217955984175205,0.004000183194875717,0.07524234429001808,0.03908021003007889,0.2399533987045288,0.3074697256088257,0.027082540094852448,0.027082540094852448,0.5216412544250488,0.013797310180962086,0.011714469641447067,0.04165680706501007,0.053377892822027206,0.42978429794311523,0.00040446497632221496
699,0.0005515819357242435,0.000399861135520041,0.0030344160040840507,0.0038882173830643296,0.07402165234088898,0.038071900606155396,0.23778903484344482,0.30469638109207153,0.026182446628808975,0.026182446628808975,0.4958688020706177,0.013008037582039833,0.010950561612844467,0.04114951938390732,0.05272786691784859,0.40544724464416504,0.00040326254776182433
700,0.0005891396722290665,0.0004360857419669628,0.0030610781395807862,0.003922382136806846,0.07666920125484467,0.038529641926288605,0.23864531517028809,0.30579355359077454,0.02659737691283226,0.02659737691283226,0.5083901286125183,0.013429300859570503,0.011362745426595211,0.04133109748363495,0.05296053737401962,0.4187203049659729,0.00040206095357630037
701,0.0005625785561278462,0.0004118681827094406,0.0030142077011987567,0.0038623231230303645,0.07481291517615318,0.03838791698217392,0.23831148445606232,0.30536583065986633,0.026472341269254684,0.026472341269254684,0.5047425031661987,0.013342078775167465,0.011278994381427765,0.041261691600084305,0.05287159979343414,0.41626518964767456,0.0004008602020012351
702,0.0005810291040688753,0.000427745544584468,0.003065671306103468,0.0039282673969864845,0.07647771760821342,0.03895461559295654,0.2394336611032486,0.30680373311042786,0.026982933282852173,0.026982933282852173,0.5204870700836182,0.013814155012369156,0.011731884442269802,0.04164540022611618,0.05336328223347664,0.43001270294189453,0.0003996603012664456
703,0.0005516609235201031,0.0004005166265415028,0.003022885648533702,0.0038734431145712733,0.07384365797042847,0.03807364031672478,0.23769883811473846,0.30458077788352966,0.026188697665929794,0.026188697665929794,0.4997376501560211,0.013095557689666748,0.011038191616535187,0.04114731028676033,0.052725035697221756,0.40926289558410645,0.000398461259595917
704,0.0005591562076006085,0.00040702728438191116,0.0030425783479586244,0.0038986768340691924,0.07469121925532818,0.03837377578020096,0.238256573677063,0.305295467376709,0.02646094560623169,0.02646094560623169,0.50837242603302,0.013359547592699528,0.011309370398521423,0.04100354015827179,0.052540816366672516,0.41993412375450134,0.00039726308520774664
705,0.0005530154448933899,0.0004035833990201354,0.002988640684634447,0.003829562454484403,0.07419835403561592,0.03881445899605751,0.23971736431121826,0.30716729164123535,0.026828590780496597,0.026828590780496597,0.5178694725036621,0.013636316172778606,0.011573316529393196,0.04125998914241791,0.05286942049860954,0.427518367767334,0.00039606578631408743
706,0.0005473575729411095,0.0003983911155955866,0.0029793292051181197,0.003817630815319717,0.07382595352828503,0.03833996504545212,0.23891030251979828,0.30613312125205994,0.026394449174404144,0.026394449174404144,0.5058372020721436,0.013249089941382408,0.011189088225364685,0.041200023144483566,0.052792586386203766,0.4148288667201996,0.00039486937112109225
707,0.0005759111663792282,0.0004254869854776189,0.003008483094163239,0.003854988142848015,0.07596622034907341,0.03821622580289841,0.23856967687606812,0.3056966960430145,0.026287741959095,0.026287741959095,0.5023868083953857,0.01319078542292118,0.011134051717817783,0.04113466665148735,0.052708834409713745,0.413179874420166,0.00039367384782885685
708,0.0005399503570515662,0.0003922749310731888,0.0029535082867369056,0.0037845446495339274,0.07288115844130516,0.039086297154426575,0.2402239888906479,0.3078164756298065,0.02707509696483612,0.02707509696483612,0.524277925491333,0.013867191970348358,0.011790614575147629,0.04153154790401459,0.053217384964227676,0.4335212707519531,0.0003924792246313637
709,0.0005590567889157683,0.00040634402830619365,0.0030542552703991532,0.003913639229722321,0.07442350313067436,0.03848985955119133,0.2386767566204071,0.3058338463306427,0.026556020602583885,0.026556020602583885,0.5106396675109863,0.013447832316160202,0.011387712322175503,0.041202396154403687,0.05279562622308731,0.4216204285621643,0.00039128550971642684
710,0.0005809333233628422,0.0004275879909982905,0.0030669067054986954,0.003929850412532687,0.0757814384996891,0.037927478551864624,0.2377614676952362,0.3046610355377197,0.026039402931928635,0.026039402931928635,0.4967261552810669,0.012965546920895576,0.010914507322013378,0.04102078080177307,0.052562911063432693,0.40684133768081665,0.0003900927112656345
711,0.0005426043644547462,0.0003937423389288597,0.002977240364998579,0.003814954310655594,0.07327229157090187,0.03897471725940704,0.240037202835083,0.30757713317871094,0.026972858235239983,0.026972858235239983,0.5239307880401611,0.013823260553181171,0.011749517172574997,0.04147487133741379,0.05314477160573006,0.43352174758911133,0.0003889008374542935
712,0.0005921119009144604,0.00043495518912095577,0.003143134410493076,0.004027526709251106,0.0764329582452774,0.03889216110110283,0.2394912838935852,0.30687758326530457,0.02691759541630745,0.02691759541630745,0.5254249572753906,0.013873518444597721,0.011795958504080772,0.04155119135975838,0.053242556750774384,0.4358476996421814,0.00038770989645137355
713,0.0005784449749626219,0.00042587520147208124,0.0030513949459418654,0.003909974009729922,0.07519925385713577,0.037473034113645554,0.2368837296962738,0.3035363554954529,0.025628848001360893,0.025628848001360893,0.48892924189567566,0.01272326335310936,0.010673744603991508,0.040990374982357025,0.05252394825220108,0.3990209102630615,0.0003865198964194513
714,0.0005724393704440445,0.00041878726915456355,0.0030730420257896185,0.003937712172046304,0.07541284710168839,0.038842812180519104,0.24054363369941711,0.3082260191440582,0.02681563049554825,0.02681563049554825,0.52045738697052,0.013639491982758045,0.011573114432394505,0.04132755473256111,0.0529559962451458,0.42767333984375,0.0003853308455146533
715,0.0005474977660924196,0.0003975336949224584,0.0029992813942953944,0.0038431971333920956,0.07362497970461845,0.03884430229663849,0.23975785076618195,0.30721914768218994,0.026856407523155212,0.026856407523155212,0.5227072834968567,0.013734188862144947,0.011681814678013325,0.04104747623205185,0.052597105503082275,0.433460533618927,0.0003841427518866014
716,0.0005586524493992329,0.0004080365761183202,0.0030123174656182528,0.003859901335090399,0.07454179227352142,0.038135647773742676,0.2376250922679901,0.30448630452156067,0.02625439316034317,0.02625439316034317,0.507146418094635,0.013222732581198215,0.01116752065718174,0.041104238480329514,0.05266984552145004,0.41689354181289673,0.00038295562367835655
717,0.0005724046495743096,0.0004195414439891465,0.0030572639079764485,0.003917494439519942,0.07497351616621017,0.03766487538814545,0.2368423491716385,0.3034832775592804,0.025822758674621582,0.025822758674621582,0.49284857511520386,0.012775891460478306,0.010725301690399647,0.041011787950992584,0.05255138501524925,0.4013441801071167,0.00038176946902636225
718,0.0005745081871282309,0.0004250549973221496,0.002989063737913966,0.0038301044842228293,0.0761309452354908,0.03917381539940834,0.24009090662002563,0.30764591693878174,0.02716926857829094,0.02716926857829094,0.5310283303260803,0.0139618543908,0.011887602508068085,0.04148504137992859,0.05315780267119408,0.43927568197250366,0.00038058429606038985
719,0.0005722310161218047,0.0004197796806693077,0.00304902670904994,0.003906939411535859,0.07562291249632835,0.038206979632377625,0.23756282031536102,0.3044064939022064,0.026328837499022484,0.026328837499022484,0.508066713809967,0.013242974877357483,0.011203685775399208,0.0407857820391655,0.05226178094744682,0.4193136394023895,0.000379400112903482
720,0.0005896325455978513,0.0004388160596136004,0.0030163294868543744,0.0038650420028716326,0.0768568366765976,0.03811824694275856,0.23785503208637238,0.3047809600830078,0.026225496083498,0.026225496083498,0.503193736076355,0.01309240609407425,0.011052537709474564,0.040797363966703415,0.05227662995457649,0.41282185912132263,0.0003782169276718977
721,0.0005748546973336488,0.0004258874396327883,0.002979345270432532,0.0038176517700776458,0.07611339911818504,0.03936014696955681,0.24069970846176147,0.30842599272727966,0.027325160801410675,0.027325160801410675,0.5355108380317688,0.014045476913452148,0.01197289302945137,0.04145166650414467,0.053115036338567734,0.4421137273311615,0.00037703474847505596
722,0.0005566397594520822,0.0004060612991452217,0.0030115689150989056,0.0038589423056691885,0.07429102435708046,0.037967748939991,0.23715339601039886,0.3038819134235382,0.026110081002116203,0.026110081002116203,0.5053591728210449,0.01310979388654232,0.011070700362324715,0.04078187420964241,0.05225677788257599,0.41621023416519165,0.0003758535834154804
723,0.0005421274690888822,0.00039519500569440424,0.0029386491514742374,0.003765504457987845,0.07353110238909721,0.03766586631536484,0.23670563101768494,0.3033080995082855,0.02583058550953865,0.02583058550953865,0.4978499114513397,0.012848621234297752,0.010811710730195045,0.04073820263147354,0.052200816571712494,0.4075593948364258,0.00037467344058874426
724,0.0005537273245863616,0.0004061510117026046,0.00295152619946748,0.0037820051657035947,0.07469654269516468,0.03840301185846329,0.23876771330833435,0.3059503734111786,0.02646462433040142,0.02646462433040142,0.5153379440307617,0.013362782076001167,0.011312790215015411,0.04099983721971512,0.05253606289625168,0.4232233464717865,0.0003734943280834145
725,0.0005337340553523973,0.00038778815360274166,0.0029189179185777903,0.0037402217276394367,0.07269430160522461,0.03855682909488678,0.23920339345932007,0.3065086603164673,0.026596657931804657,0.026596657931804657,0.5178358554840088,0.013445567339658737,0.011392093263566494,0.04106948524713516,0.05262531712651253,0.4248723089694977,0.00037231625398099604
726,0.0005584026803262532,0.0004085448745172471,0.0029971559997648,0.0038404733641073108,0.07445521652698517,0.03844883665442467,0.2382173389196396,0.30524516105651855,0.026537969708442688,0.026537969708442688,0.5190359354019165,0.013557232916355133,0.01151033490896225,0.04093794897198677,0.05245677009224892,0.43043479323387146,0.00037113922635587674
727,0.000533006270416081,0.0003871517110383138,0.00291709101293236,0.003737880731932819,0.07271242141723633,0.037616416811943054,0.23663373291492462,0.30321598052978516,0.025784729048609734,0.025784729048609734,0.49807682633399963,0.012896357104182243,0.010857423767447472,0.04077867418527603,0.05225268006324768,0.40960896015167236,0.00036996325327527245
728,0.0005396886845119298,0.0003928333753719926,0.0029371060663834214,0.003763527376577258,0.0732275489717722,0.03837950527667999,0.23870770633220673,0.3058735430240631,0.026444118469953537,0.026444118469953537,0.514715313911438,0.013410568237304688,0.011347821913659573,0.0412549264729023,0.05286293476819992,0.4237369894981384,0.0003687883427991707
729,0.0005378814094001427,0.00038949542795307934,0.002967719454318285,0.0038027543341740966,0.07267972081899643,0.03872004896402359,0.23911352455615997,0.3063935339450836,0.02676437422633171,0.02676437422633171,0.5237130522727966,0.013704266399145126,0.011633161455392838,0.04142208769917488,0.053077131509780884,0.4327099621295929,0.0003676145029802766
730,0.0005401640373747796,0.00039307594124693424,0.002941761864349246,0.003769493428990245,0.0730479545891285,0.03793542832136154,0.23695583641529083,0.30362871289253235,0.02608763426542282,0.02608763426542282,0.507415771484375,0.013165554963052273,0.011125997640192509,0.04079114645719528,0.052268657833337784,0.41911184787750244,0.0003664417418639565
731,0.0005546484899241477,0.00040371654904447496,0.003018639050424099,0.003868001396767795,0.07408961839973927,0.03762616962194443,0.23687219619750977,0.3035215437412262,0.02578256092965603,0.02578256092965603,0.4968145191669464,0.012809708714485168,0.010784477926790714,0.04050462320446968,0.05190151184797287,0.4073207378387451,0.00036527006748818426
732,0.0005311416171025485,0.00038605378358624876,0.0029017560882493854,0.0037182309897616506,0.07158214598894119,0.03894748166203499,0.2401193082332611,0.3076823353767395,0.026941515505313873,0.026941515505313873,0.5293905138969421,0.013782492838799953,0.011729609221220016,0.04105766490101814,0.05261017009615898,0.4372756779193878,0.0003640994878834844
733,0.0005439137166831642,0.0003940886817872524,0.0029965006979182363,0.0038396338932216167,0.07302775233983994,0.03854246437549591,0.23882654309272766,0.30602580308914185,0.026601137593388557,0.026601137593388557,0.5205124616622925,0.013492347672581673,0.011451954953372478,0.040807850658893585,0.052290067076683044,0.42930424213409424,0.00036293001107287875
734,0.0005208630173001438,0.00037711235927417874,0.002875013160519302,0.0036839632084593177,0.07177509739995003,0.037592992186546326,0.23654115200042725,0.30309736728668213,0.025765934959053993,0.025765934959053993,0.4978465437889099,0.012822066433727741,0.010797029361128807,0.04050074517726898,0.05189654603600502,0.40806126594543457,0.0003617616450718302
735,0.0005337817710824311,0.00038844786467961967,0.00290667824447155,0.0037245380226522684,0.07251326739788055,0.038117825984954834,0.23768934607505798,0.30456864833831787,0.026233356446027756,0.026233356446027756,0.5115722417831421,0.013276299461722374,0.01123521663248539,0.04082164913415909,0.05230775102972984,0.42160069942474365,0.0003605943978881887
736,0.0005403798131737858,0.00039387775177601725,0.0029300410533323884,0.00375447457190603,0.07390165328979492,0.03866855055093765,0.23891480267047882,0.30613887310028076,0.02672281116247177,0.02672281116247177,0.5259204506874084,0.013739163056015968,0.011681998148560524,0.04114328697323799,0.052719879895448685,0.435619980096817,0.0003594282775221357
737,0.0005258496385067701,0.00038191251223906875,0.0028787425253540277,0.0036887418245896697,0.07194014266133308,0.03769170492887497,0.23667018115520477,0.30326271057128906,0.0258581954985857,0.0258581954985857,0.503853440284729,0.013040892779827118,0.011000944301486015,0.040798962116241455,0.05227867141366005,0.4150012731552124,0.00035826329196612944
738,0.0005420809320639819,0.0003955914289690554,0.0029297894798219204,0.0037541519850492477,0.07295459881424904,0.03785419091582298,0.2374330312013626,0.30424022674560547,0.025982540100812912,0.025982540100812912,0.5059691667556763,0.013099245727062225,0.011057615280151367,0.040832605212926865,0.05232178419828415,0.41627568006515503,0.0003570994492048507
739,0.000511354228365235,0.0003698480795719661,0.0028301230631768703,0.003626442514359951,0.07063916325569153,0.038740821182727814,0.23936142027378082,0.30671119689941406,0.026772750541567802,0.026772750541567802,0.5277564525604248,0.013774295337498188,0.011719037778675556,0.04110515117645264,0.05267101898789406,0.4374352693557739,0.00035593675721514747
740,0.0005350196443032473,0.00038748866063542664,0.002950619556941092,0.0037808431079611182,0.07248304039239883,0.03832018002867699,0.23790255188941956,0.3048418462276459,0.02642505243420601,0.02642505243420601,0.5190523862838745,0.013502586632966995,0.011457670480012894,0.04089832678437233,0.05240599811077118,0.42956408858299255,0.00035477522396598035
741,0.000511016376549378,0.0003693418693728745,0.002833489910699427,0.0036307566333562136,0.07075579650700092,0.03761213272809982,0.23635053634643555,0.3028530776500702,0.025794604793190956,0.025794604793190956,0.5022446513175964,0.012931637465953827,0.010902173817157745,0.040589265525341034,0.05200997740030289,0.4126381278038025,0.000353614857418368
742,0.0005305558734107763,0.0003860516007989645,0.002890084986574948,0.0037032756954431534,0.07240046747028828,0.038054659962654114,0.23776286840438843,0.30466288328170776,0.026166517287492752,0.026166517287492752,0.5125194787979126,0.013170151039958,0.011132806539535522,0.04074688255786896,0.0522119402885437,0.42067795991897583,0.0003524556655253332
743,0.0005141682049725205,0.0003727281291503459,0.0028288010507822037,0.0036247483221814036,0.07116784527897835,0.038369692862033844,0.23849382996559143,0.30559948086738586,0.02644500322639942,0.02644500322639942,0.5194413661956787,0.013381036929786205,0.011342465877532959,0.04077141359448433,0.05224337801337242,0.4275623559951782,0.00035129765623184706
744,0.0005146420153323561,0.00037287957820808515,0.0028352488297969103,0.0036330102011561394,0.07110350579023361,0.03826199099421501,0.23796920478343964,0.3049272298812866,0.02636353112757206,0.02636353112757206,0.5157248973846436,0.013241928070783615,0.011213647201657295,0.040565624833106995,0.05197968706488609,0.42335230112075806,0.000350140837474776
745,0.0005194695550017059,0.00037803406303282827,0.0028287097811698914,0.0036246312083676457,0.07157044112682343,0.03809899464249611,0.2373339831829071,0.3041132688522339,0.026232296600937843,0.026232296600937843,0.5138990879058838,0.013228509575128555,0.011198680847883224,0.040596574544906616,0.05201933532953262,0.42347508668899536,0.00034898521718282566
746,0.0005117717082612216,0.00037114998121978715,0.0028124343371018767,0.003603776218369603,0.07099738344550133,0.037870317697525024,0.23683170974254608,0.3034696578979492,0.02602873370051384,0.02602873370051384,0.5075930953025818,0.01303356047719717,0.011005565524101257,0.04055990278720856,0.05197235196828842,0.41699278354644775,0.0003478308032764887
747,0.000512334518134594,0.00037182568485150114,0.0028101764619350433,0.003600883181206882,0.07101348228752613,0.03800537809729576,0.23717010021209717,0.3039033114910126,0.026146871969103813,0.026146871969103813,0.5103816390037537,0.013109859079122543,0.011079967021942139,0.04059784859418869,0.052020978182554245,0.4192235469818115,0.0003466776036679885
748,0.0005097138928249478,0.00036951471702195704,0.002803983516059816,0.003592947847209871,0.07078078016638756,0.03822879120707512,0.2377902865409851,0.3046979606151581,0.026339275762438774,0.026339275762438774,0.5165704488754272,0.013288122601807117,0.01125707384198904,0.04062097892165184,0.05205061286687851,0.42569637298583984,0.000345525626261226
749,0.0005094251246191561,0.00036935317621100694,0.0028014390263706446,0.003589687286876142,0.0707630030810833,0.038270436227321625,0.23813585937023163,0.30514076352119446,0.026363644748926163,0.026363644748926163,0.5191261768341064,0.013366257771849632,0.011332683265209198,0.04067148640751839,0.05211533233523369,0.42853930592536926,0.0003443748789517256
750,0.0005563028680626303,0.00041280635923612863,0.0028699302347376943,0.0036774497712031007,0.0744689516723156,0.03791394829750061,0.23723071813583374,0.3039809763431549,0.026052411645650864,0.026052411645650864,0.5092906951904297,0.013043283484876156,0.011024154722690582,0.04038257896900177,0.05174512416124344,0.4189065098762512,0.00034322536962658033
751,0.0005046079750172794,0.0003650259313872084,0.0027916404651477933,0.0035771317780017853,0.07033128291368484,0.03864602744579315,0.23843678832054138,0.30552637577056885,0.026724187657237053,0.026724187657237053,0.5279244184494019,0.013625876978039742,0.011590445414185524,0.040708623826503754,0.05216291546821594,0.4369528889656067,0.0003420771061643985
752,0.0005209720984566957,0.0003780115075642243,0.00285921199247241,0.00366371579002589,0.071723697707057,0.03814588487148285,0.23751960694789886,0.3043510913848877,0.026269905269145966,0.026269905269145966,0.5170499682426453,0.013222353532910347,0.011191964149475098,0.040607791393995285,0.052033714950084686,0.425005704164505,0.0003409300964352491
753,0.0005256675358396024,0.0003855944814858958,0.00280146102886647,0.0035897153429687023,0.07211925461888313,0.03773606941103935,0.2370179295539856,0.3037082850933075,0.025885172188282013,0.025885172188282013,0.5049651861190796,0.01282245572656393,0.010807164944708347,0.040305815637111664,0.051646772772073746,0.41252821683883667,0.00033978434830060866
754,0.0005103891890030354,0.0003706319403136149,0.0027951449155807495,0.0035816222662106156,0.07087219879031181,0.0383647084236145,0.23815521597862244,0.305165559053421,0.02645694836974144,0.02645694836974144,0.5210667848587036,0.013355396687984467,0.011330087669193745,0.040506184101104736,0.05190351605415344,0.4296957552433014,0.00033863986961330634
755,0.0005227712681517005,0.0003820410929620266,0.002814602805301547,0.003606555168516934,0.0717979148030281,0.03839624673128128,0.23808211088180542,0.3050718903541565,0.02649213932454586,0.02649213932454586,0.5222758054733276,0.013456721790134907,0.011424420401453972,0.0406460203230381,0.052082691341638565,0.432134211063385,0.0003374966682174711
756,0.0005103762960061431,0.00036905508022755384,0.002826424315571785,0.0036217026645317674,0.07066039927303791,0.03821757808327675,0.23797644674777985,0.3049364686012268,0.026318755000829697,0.026318755000829697,0.5192962884902954,0.013335980474948883,0.011297821998596191,0.04076315835118294,0.05223279818892479,0.4280063807964325,0.00033635475194847714
757,0.000509632212924771,0.000370124340406619,0.00279015745036304,0.003575231647118926,0.07084064930677414,0.03771132230758667,0.23696734011173248,0.30364349484443665,0.025862956419587135,0.025862956419587135,0.5083751678466797,0.012993347831070423,0.010960220359265804,0.04066254943609238,0.052103880792856216,0.41754400730133057,0.00033521412863289103
758,0.0005069410399300978,0.0003666697011794895,0.0028054267168045044,0.0035947972210124135,0.07053805142641068,0.03816136717796326,0.23770327866077423,0.3045864701271057,0.026276204735040665,0.026276204735040665,0.5214027762413025,0.013388901017606258,0.011351901106536388,0.0407399944961071,0.05220310762524605,0.43101513385772705,0.000334074806088417
759,0.0005213418626226485,0.00038088642759248614,0.002809108584187925,0.00359951495192945,0.07187329605221748,0.03819046914577484,0.23782584071159363,0.30474352836608887,0.02629917487502098,0.02629917487502098,0.5223701596260071,0.013335863128304482,0.011309107765555382,0.0405350960791111,0.051940567791461945,0.4307071566581726,0.0003329367921238441
760,0.0005015509959775954,0.0003631869149103295,0.002767281257547438,0.0035459185019135475,0.07029436714947224,0.03750842064619064,0.23649775981903076,0.3030417859554291,0.025683531537652016,0.025683531537652016,0.5045432448387146,0.012781413272023201,0.010774406604468822,0.04014012962579727,0.0514344647526741,0.413882851600647,0.00033180009453899283
761,0.0005131939833518118,0.0003732165350811556,0.002799548674374819,0.003587265033274889,0.07104625552892685,0.03799823671579361,0.2375071942806244,0.30433520674705505,0.02612287551164627,0.02612287551164627,0.5181523561477661,0.01325059775263071,0.01122751273214817,0.0404617041349411,0.051846522837877274,0.4284307658672333,0.0003306647211246612
762,0.000505818345118314,0.0003674181498354301,0.002768003847450018,0.0035468445857986808,0.07042278163135052,0.038123633712530136,0.23795579373836517,0.3049100339412689,0.026225842535495758,0.026225842535495758,0.5182149410247803,0.013257780112326145,0.011229297146201134,0.04056965559720993,0.051984842866659164,0.4269232749938965,0.0003295306796625715
763,0.0005039848037995398,0.00036547394120134413,0.0027702173683792353,0.0035496808122843504,0.07035471126437187,0.03806032985448837,0.23764126002788544,0.3045070171356201,0.0261782668530941,0.0261782668530941,0.5168549418449402,0.013216421939432621,0.011193135753273964,0.04046571999788284,0.05185167118906975,0.4263036847114563,0.00032839797792531654
764,0.0004986509738955647,0.00036069066845811903,0.0027592062251642346,0.003535571275278926,0.06981109827756882,0.03800515830516815,0.23730458319187164,0.30407559871673584,0.02613992989063263,0.02613992989063263,0.5163851380348206,0.013189069926738739,0.011174509301781654,0.0402912013232708,0.05162804573774338,0.42688775062561035,0.0003272666236763076
765,0.0005122724978718907,0.0003729121381184086,0.0027872074861079454,0.0035714516416192055,0.07120809704065323,0.037980180233716965,0.23699186742305756,0.3036748766899109,0.026130586862564087,0.026130586862564087,0.5183790922164917,0.013267619535326958,0.011244416236877441,0.04046405479311943,0.05184953287243843,0.4299001097679138,0.0003261366246697199
766,0.0005078150425106287,0.0003695285995490849,0.0027657292084768414,0.0035439301282167435,0.07066301256418228,0.037705451250076294,0.23668405413627625,0.30328047275543213,0.025871247053146362,0.025871247053146362,0.5121461153030396,0.012998769991099834,0.010961884632706642,0.04073769971728325,0.05220017582178116,0.4202602505683899,0.00032500798865044015
767,0.0005465663271024823,0.00040099081525113434,0.0029115101788192987,0.0037307296879589558,0.07327747717499733,0.03748755529522896,0.23668472468852997,0.30328133702278137,0.02565331757068634,0.02565331757068634,0.5038239359855652,0.012699941173195839,0.010683640837669373,0.04032600671052933,0.051672641187906265,0.41121095418930054,0.00032388072335401294
768,0.0005253347626421601,0.00038337986916303635,0.0028390982188284397,0.0036379427183419466,0.0717308260500431,0.03878913074731827,0.23931804299354553,0.30665555596351624,0.02682323008775711,0.02682323008775711,0.5375567674636841,0.01378953829407692,0.011755944229662418,0.040671881288290024,0.05211583152413368,0.44610339403152466,0.00032275483650658863
769,0.0005180862353881821,0.0003739070234587416,0.0028835840057581663,0.003694945713505149,0.07081247679889202,0.03792735934257507,0.23698590695858002,0.30366721749305725,0.026078062132000923,0.026078062132000923,0.5171456336975098,0.013114024884998798,0.011110253632068634,0.04007542505860329,0.051351550966501236,0.4263157248497009,0.0003216303358248698
770,0.0004908205737592652,0.00035320763709023595,0.002752258675172925,0.00352666899561882,0.06914704293012619,0.037412580102682114,0.23575015366077423,0.302083820104599,0.025625072419643402,0.025625072419643402,0.5052356719970703,0.012755641713738441,0.010745653882622719,0.04019975662231445,0.05151087045669556,0.41402870416641235,0.0003205072290160579
771,0.000528538177604787,0.00038654517265968025,0.0028398596914485097,0.003638918395154178,0.07231421023607254,0.038010429590940475,0.23689092695713043,0.30354559421539307,0.026165883988142014,0.026165883988142014,0.5202745795249939,0.013261480256915092,0.011230017058551311,0.04062926769256592,0.05206122621893883,0.42897823452949524,0.00031938552377780156
772,0.0005054717767052352,0.00036706026003230363,0.002768230391666293,0.003547134925611317,0.0700400061905384,0.037763532251119614,0.23624521493911743,0.3027181625366211,0.025951270014047623,0.025951270014047623,0.513030469417572,0.013034450821578503,0.011015620082616806,0.040376607328653336,0.051737476140260696,0.42241203784942627,0.0003182652277981427
773,0.0005013663612771779,0.00036385147541295737,0.0027502975426614285,0.003524156054481864,0.07042661309242249,0.03823205456137657,0.23732422292232513,0.30410078167915344,0.026365842670202255,0.026365842670202255,0.5244748592376709,0.013350781053304672,0.011335726827383041,0.04030108451843262,0.05164070427417755,0.43293797969818115,0.00031714634875546453
774,0.0004913912853226066,0.0003554009599611163,0.002719806507229805,0.0034850857919082046,0.06935479119420052,0.037765201181173325,0.2363964170217514,0.3029119372367859,0.025945380330085754,0.025945380330085754,0.5137501955032349,0.013037598691880703,0.011034902185201645,0.04005393385887146,0.051324013620615005,0.4238777756690979,0.0003160288943184385
775,0.0005014232156099752,0.00036401848774403334,0.002748094266280532,0.003521332866512239,0.07006151974201202,0.03761598840355873,0.2362142652273178,0.30267852544784546,0.0258052758872509,0.0258052758872509,0.5093920230865479,0.012903946451842785,0.010901507921516895,0.04004877433180809,0.05131739750504494,0.41952499747276306,0.0003149128721459727
776,0.0004934613825753331,0.00035714093246497214,0.002726408769376576,0.003493545693345368,0.06930341571569443,0.03833372890949249,0.23802603781223297,0.30500003695487976,0.026432424783706665,0.026432424783706665,0.5269091129302979,0.013424145057797432,0.011400257237255573,0.040477752685546875,0.05186708644032478,0.43472373485565186,0.0003137982898871578
777,0.0005174983234610409,0.00038008026604074985,0.0027483609737828374,0.003521674661897123,0.07169496268033981,0.03781003877520561,0.2369891256093979,0.30367138981819153,0.025960581377148628,0.025960581377148628,0.5132530331611633,0.012974799610674381,0.010970250703394413,0.04009097442030907,0.05137147381901741,0.4216979742050171,0.00031268515518121574
778,0.000489376689074561,0.0003540524048730731,0.002706485567614436,0.003468016628175974,0.06932209804654121,0.03805583715438843,0.2374972701072693,0.3043224811553955,0.026180973276495934,0.026180973276495934,0.5200234055519104,0.013212073594331741,0.01120622269809246,0.04011702537536621,0.051404863595962524,0.42975664138793945,0.00031157347565744745
779,0.00048795275506563485,0.0003527211956679821,0.0027046314207836986,0.003465640707872808,0.06901870295405388,0.037965886294841766,0.23710376024246216,0.3038182854652405,0.0261106975376606,0.0261106975376606,0.519749641418457,0.013163487426936626,0.011149080470204353,0.04028813913464546,0.0516241230070591,0.42808324098587036,0.00031046325893517953
780,0.0004922065127175301,0.0003564814542187378,0.002714501228183508,0.003478287602774799,0.06952495127916336,0.03781894966959953,0.23640845715999603,0.3029273450374603,0.025998525321483612,0.025998525321483612,0.5175589323043823,0.013103577308356762,0.011085020378232002,0.04037114232778549,0.051730476319789886,0.4262509346008301,0.0003093545126237135
781,0.0004927316040266305,0.00035609326732810587,0.002732766908593476,0.0035016926703974605,0.06939570233225822,0.03752162307500839,0.23608553409576416,0.3025135099887848,0.025717347860336304,0.025717347860336304,0.5095411539077759,0.012813025154173374,0.010808165185153484,0.0400971919298172,0.05137944221496582,0.4181022346019745,0.0003082472443222721
782,0.00048721619532443583,0.00035233247035648674,0.002697674324735999,0.0034567260881885886,0.06904006376862526,0.03801337257027626,0.23739048838615417,0.304185688495636,0.02614384889602661,0.02614384889602661,0.5221238732337952,0.013235810212790966,0.011222900822758675,0.04025818407535553,0.05158573016524315,0.43163779377937317,0.0003071414616199486
783,0.0004872714780503884,0.0003527287335600704,0.002690854831598699,0.003447987954132259,0.06902918964624405,0.038028087466955185,0.23730528354644775,0.30407649278640747,0.026162823662161827,0.026162823662161827,0.52262282371521,0.013252178207039833,0.011234728619456291,0.04034898802638054,0.05170208960771561,0.4313916265964508,0.0003060371720956537
784,0.0005114036030136049,0.0003731963806785643,0.0027641444467008114,0.0035418991465121508,0.07078893110156059,0.037967514246702194,0.23686844110488892,0.3035167455673218,0.02612409181892872,0.02612409181892872,0.5230827331542969,0.013244880363345146,0.01122516393661499,0.04039432853460312,0.05176018923521042,0.4314402937889099,0.000304934383318064
785,0.0005149405915290117,0.00037813399103470147,0.0027361316606402397,0.003506004111841321,0.07162388414144516,0.03714539483189583,0.23530928790569305,0.30151888728141785,0.025379931554198265,0.025379931554198265,0.4997524619102478,0.012497770600020885,0.0105058578774333,0.03983824700117111,0.051047638058662415,0.40812820196151733,0.0003038331028455703
786,0.0005091883649583906,0.00037324472214095294,0.002718872856348753,0.0034838892752304673,0.07107128202915192,0.038218069821596146,0.23778101801872253,0.3046860992908478,0.02632902003824711,0.02632902003824711,0.5275250673294067,0.013360405340790749,0.011345959268510342,0.04028892144560814,0.051625121384859085,0.43524235486984253,0.00030273333822622596
787,0.0004895946476608515,0.00035274379479233176,0.0027370169991627336,0.00350713892839849,0.06892254203557968,0.03799334168434143,0.23689936101436615,0.3035563826560974,0.026148375123739243,0.026148375123739243,0.5227396488189697,0.01319682877510786,0.011190783232450485,0.04012091085314751,0.05140984058380127,0.43058377504348755,0.0003016350969976943
788,0.0004790794919244945,0.00034522493660915643,0.0026770912809297442,0.0034303517313674092,0.06813321076333523,0.03752049058675766,0.2355702519416809,0.3018532991409302,0.025741979479789734,0.025741979479789734,0.5121650099754333,0.01285634096711874,0.010861421003937721,0.03989839181303978,0.051124706864356995,0.42079371213912964,0.0003005383866871976
789,0.0004835947183892131,0.0003491924289846793,0.002688045729883015,0.0034443881595507264,0.06869195401668549,0.03764890134334564,0.23596076667308807,0.3023536801338196,0.02585086226463318,0.02585086226463318,0.5160207748413086,0.01293768361210823,0.010936714708805084,0.04001937434077263,0.05127973482012749,0.4238862991333008,0.00029944321481146564
790,0.0004892349388683215,0.0003549950633896515,0.0026847972767427564,0.0034402257297188044,0.0691186711192131,0.037886764854192734,0.23694822192192078,0.30361899733543396,0.026039354503154755,0.026039354503154755,0.5201469659805298,0.013052496127784252,0.011049989610910416,0.04005013033747673,0.05131914094090462,0.4272787272930145,0.0002983495888766842
791,0.0004975119954906404,0.00036175445711705834,0.002715150942094624,0.003479120205156505,0.06954093649983406,0.03836273401975632,0.23796500265598297,0.30492186546325684,0.02646448276937008,0.02646448276937008,0.5324326157569885,0.013462492264807224,0.01144944317638874,0.040260981768369675,0.051589325070381165,0.43978428840637207,0.0002972575163784426
792,0.00048179554869420826,0.0003476451092865318,0.0026830084389075637,0.0034379337448626757,0.06836916506290436,0.03747691214084625,0.23583608865737915,0.30219390988349915,0.025685105472803116,0.025685105472803116,0.5121999979019165,0.012811420485377312,0.010822635143995285,0.03977570682764053,0.0509675070643425,0.4210287928581238,0.00029616700480168337
793,0.0005303171637933701,0.00038953841431066394,0.0028155749896541238,0.003607800928875804,0.07216563075780869,0.03716789931058884,0.23535731434822083,0.3015804588794708,0.025400031358003616,0.025400031358003616,0.5026825666427612,0.012543638236820698,0.010562676936388016,0.03961922600865364,0.05076700076460838,0.41221457719802856,0.0002950780616206511
794,0.0005083988362457603,0.00037302100099623203,0.0027075567049905658,0.0034693890484049916,0.0704611036926508,0.03867793455719948,0.2389666736125946,0.3062053918838501,0.026729600504040718,0.026729600504040718,0.5401028394699097,0.013689033687114716,0.01166778989136219,0.04042486846446991,0.05179932713508606,0.4471845030784607,0.0002939906942988402
795,0.0005041357362642884,0.00036493121297098696,0.002784090698696673,0.003567457781173289,0.07006977871060371,0.03786027804017067,0.23717878758907318,0.3039143979549408,0.0260013397783041,0.0260013397783041,0.5196391344070435,0.012997178360819817,0.010995782911777496,0.04002790153026581,0.051290661096572876,0.42649686336517334,0.0002929049102889447
796,0.0004725942708319053,0.00034088380925823003,0.002634209464304149,0.0033754039322957397,0.06793581694364548,0.03736509382724762,0.2360798418521881,0.3025062680244446,0.025561101734638214,0.025561101734638214,0.5077073574066162,0.012630848214030266,0.010640769265592098,0.03980158641934395,0.05100066214799881,0.4153611660003662,0.0002918207170328063
797,0.0004862303758272901,0.00035202514845877886,0.0026841042563319206,0.003439338062889874,0.06884270906448364,0.03762831166386604,0.23670029640197754,0.30330130457878113,0.025793295353651047,0.025793295353651047,0.5142624378204346,0.012835999019443989,0.010843617841601372,0.03984762728214264,0.05105965584516525,0.42181727290153503,0.00029073812196136464
798,0.0004779539885930717,0.00034373004746157676,0.002684478764422238,0.003439817694015801,0.06788578256964684,0.03816571831703186,0.23762694001197815,0.3044886887073517,0.026284370571374893,0.026284370571374893,0.5290384292602539,0.013368765823543072,0.01135961152613163,0.040183085948228836,0.05148950591683388,0.438368022441864,0.0002896571324946049
799,0.0004817781154997647,0.0003471605887170881,0.0026923500699922442,0.003449903684668243,0.06839296780526638,0.03776301443576813,0.23664434254169464,0.30322960019111633,0.025930795818567276,0.025930795818567276,0.5195181369781494,0.013059761375188828,0.011056221090257168,0.04007081314921379,0.051345646381378174,0.42858266830444336,0.00028857775604150754
800,0.0004775335983140394,0.00034344963205512613,0.0026816792087629437,0.0034362305887043476,0.06799952685832977,0.03749340772628784,0.2363438755273819,0.3028445839881897,0.025676215067505836,0.025676215067505836,0.5119316577911377,0.012770021334290504,0.010771558620035648,0.03996926173567772,0.0512155219912529,0.41908901929855347,0.0002874999999999982
801,0.0004781027091667056,0.00034485057403799146,0.0026650425279513,0.003414912847802043,0.06823731027543545,0.03774719312787056,0.2367582768201828,0.30337560176849365,0.02590927854180336,0.02590927854180336,0.519988477230072,0.013039540499448776,0.011044839397072792,0.03989402577280998,0.051119115203619,0.4292685389518738,0.0002864238717568964
802,0.0004767557402374223,0.0003437611449044198,0.002659892081283033,0.0034083129139617085,0.06782478466629982,0.037949927151203156,0.23697024583816528,0.30364716053009033,0.02610141411423683,0.02610141411423683,0.5269267559051514,0.01328299567103386,0.0112809082493186,0.040041737258434296,0.051308393478393555,0.43730223178863525,0.0002853493786878643
803,0.00047323849867098033,0.0003411418874748051,0.0026419322239235044,0.0033852995838969946,0.0677412673830986,0.03762441873550415,0.23630692064762115,0.30279722809791565,0.025809071958065033,0.025809071958065033,0.5172809362411499,0.012898103334009647,0.01090620830655098,0.039837900549173355,0.0510471947491169,0.42509302496910095,0.0002842765281573569
804,0.00047607980377506465,0.00034482686896808445,0.0026250587543472648,0.003363678464666009,0.06830620393157005,0.03762287274003029,0.2364080250263214,0.3029267489910126,0.02580247074365616,0.02580247074365616,0.5171147584915161,0.012842078693211079,0.01085110567510128,0.03981945291161537,0.051023561507463455,0.42358630895614624,0.0002832053275185721
805,0.0004791330429725349,0.0003471521195024252,0.002639618469402194,0.00338233495131135,0.06830973736941814,0.03741128742694855,0.23593644797801971,0.30232247710227966,0.025614462792873383,0.025614462792873383,0.5116198658943176,0.012702295556664467,0.010720220394432545,0.039641499519348145,0.0507955364882946,0.41948795318603516,0.0002821357841133988
806,0.0004696168762166053,0.0003382330760359764,0.0026276756543666124,0.003367031691595912,0.0673080924898386,0.03789178654551506,0.2367943376302719,0.3034217953681946,0.026052068918943405,0.026052068918943405,0.5254278182983398,0.013123946264386177,0.011130563914775848,0.039867646992206573,0.05108531191945076,0.4334951937198639,0.00028106790527236784
807,0.00047173432540148497,0.00033997213176917285,0.0026352438144385815,0.0033767293207347393,0.06767337024211884,0.03782578557729721,0.2366536408662796,0.3032415211200714,0.02599310129880905,0.02599310129880905,0.5246704816818237,0.013113833963871002,0.01111893355846405,0.03989799693226814,0.051124200224876404,0.43297478556632996,0.000280001698314601
808,0.00048270911793224514,0.000351138980477117,0.002631402458064258,0.0033718071645125747,0.06851967051625252,0.03748059645295143,0.23620209097862244,0.3026628792285919,0.02567049115896225,0.02567049115896225,0.5150902271270752,0.012801303528249264,0.010812433436512947,0.039777401834726334,0.050969675183296204,0.4224573075771332,0.0002789371705477618
809,0.000480451388284564,0.0003487782378215343,0.0026334626600146294,0.003374447231180966,0.06827745214104652,0.037901293486356735,0.2370002120733261,0.30368557572364807,0.02605128288269043,0.02605128288269043,0.5275989770889282,0.013178611174225807,0.011179076507687569,0.039990682154893875,0.05124296993017197,0.4349963963031769,0.00027787432926800414
810,0.00047046568943187594,0.0003400114073883742,0.0026090857572853565,0.0033432110212743282,0.06723765842616558,0.03742283955216408,0.23569034039974213,0.30200713872909546,0.02563832327723503,0.02563832327723503,0.5158001184463501,0.012810686603188515,0.010826712474226952,0.03967948257923126,0.05084419623017311,0.4243898391723633,0.0002768131817599229
811,0.0004741401644423604,0.0003430500364629552,0.0026218022685498,0.003359505790285766,0.06807670369744301,0.03744801878929138,0.23573528230190277,0.3020647466182709,0.025661254301667213,0.025661254301667213,0.5169607400894165,0.012845276854932308,0.01085844449698925,0.03973664343357086,0.050917450338602066,0.42533454298973083,0.0002757537352965046
812,0.00048021311522461474,0.0003490859817247838,0.002622542786411941,0.0033604545751586556,0.06832491233944893,0.03809192031621933,0.2371998429298401,0.30394139885902405,0.026231927797198296,0.026231927797198296,0.5340276956558228,0.01335467491298914,0.011349963024258614,0.04009423777461052,0.05137566849589348,0.4411054849624634,0.0002746959971390768
813,0.0004711989895440638,0.00034017444704659283,0.002620490500703454,0.0033578246366232634,0.06766939908266068,0.037478476762771606,0.23570634424686432,0.3020276725292206,0.02569315955042839,0.02569315955042839,0.5190912485122681,0.012887653894722462,0.01089921873062849,0.039768707007169724,0.0509585365653038,0.4273715913295746,0.00027363997453725824
814,0.0004822266200790182,0.0003506404609652236,0.0026317230658605695,0.0033722177613526583,0.0687310267239809,0.037131428718566895,0.2350768893957138,0.3012210428714752,0.025377582758665085,0.025377582758665085,0.5092422962188721,0.01257986668497324,0.010601051151752472,0.03957631066441536,0.05071199685335159,0.41773542761802673,0.0002725856747289093
815,0.000467090547317639,0.0003367387689650059,0.0026070355670526624,0.003340583760291338,0.06724934466183186,0.03803370147943497,0.2373153120279312,0.3040893077850342,0.026167934760451317,0.026167934760451317,0.5305214524269104,0.01318606361746788,0.011190002784132957,0.03992120921611786,0.05115395039319992,0.43636298179626465,0.0002715331049400833
816,0.00046928483061492443,0.00033793684997363016,0.0026269593508914113,0.0033661136403679848,0.06737135723233223,0.0379643477499485,0.23694533109664917,0.3036152720451355,0.026117080822587013,0.026117080822587013,0.5300713181495667,0.013154340907931328,0.011163116432726383,0.03982449322938919,0.05103001371026039,0.436370313167572,0.00027048227238497547
817,0.00046464279876090586,0.0003347575620864518,0.0025977041805163026,0.003328627208247781,0.06705104187130928,0.03742102533578873,0.23556293547153473,0.30184388160705566,0.02564287930727005,0.02564287930727005,0.5184077024459839,0.012814298272132874,0.010832399129867554,0.0396379753947258,0.05079101771116257,0.4262769818305969,0.0002694331842658745
818,0.00046438856224995106,0.0003345426666783169,0.002596918144263327,0.003327620099298656,0.06738356128334999,0.03723784163594246,0.23534980416297913,0.3015708327293396,0.025470351800322533,0.025470351800322533,0.5132087469100952,0.012624019756913185,0.010642314329743385,0.039634108543395996,0.05078606307506561,0.42009079456329346,0.0002683858477731127
819,0.00046474811097141355,0.00033493887167423964,0.0025961846113204956,0.003326679696328938,0.06728832051157951,0.037668000906705856,0.23632468283176422,0.30281999707221985,0.025851767510175705,0.025851767510175705,0.5236313343048096,0.012979025021195412,0.010986315086483955,0.03985419496893883,0.05106807127594948,0.43062645196914673,0.00026734027008501753
820,0.0004597715160343796,0.00033053511288017035,0.0025847277138382196,0.0033119991421699524,0.06666169315576553,0.03781196102499962,0.23662212491035461,0.3032011091709137,0.025980854406952858,0.025980854406952858,0.5269182324409485,0.01308378018438816,0.011089792475104332,0.03987974300980568,0.05110080912709236,0.4339199662208557,0.00026629645836786115
821,0.000465400138637051,0.00033500787685625255,0.0026078448863700032,0.0033416212536394596,0.06710398569703102,0.03763637691736221,0.2360934615135193,0.3025237023830414,0.02583170309662819,0.02583170309662819,0.522722601890564,0.012975750491023064,0.010988421738147736,0.039746567606925964,0.05093016475439072,0.43015891313552856,0.00026525441977581207
822,0.0004905859532300383,0.00035890116123482585,0.0026336959563195705,0.003374745836481452,0.06898298859596252,0.03712339699268341,0.23486407101154327,0.3009483516216278,0.025380194187164307,0.025380194187164307,0.5098569393157959,0.012596391141414642,0.010624997317790985,0.03942788392305374,0.05052180588245392,0.41888242959976196,0.0002642141614508862
823,0.00045940838754177094,0.0003310170432087034,0.0025678270030766726,0.0032903433311730623,0.0668908841907978,0.03783939778804779,0.2364770621061325,0.30301526188850403,0.026015544310212135,0.026015544310212135,0.529327929019928,0.01317425537854433,0.011186173185706139,0.03976164013147354,0.05094948410987854,0.4377126097679138,0.00026317569052289796
824,0.000516128697199747,0.00038085851701907814,0.002705403370782733,0.0034666300052776933,0.07109220698475838,0.03816871717572212,0.2370958924293518,0.30380818247795105,0.02631392329931259,0.02631392329931259,0.5395956039428711,0.013460486195981503,0.011456679552793503,0.04007613658905029,0.05135246366262436,0.44664430618286133,0.0002621390141094105
825,0.000481179406051524,0.0003525919164530933,0.0025717493845149875,0.0032953692134469748,0.06954662501811981,0.03680412471294403,0.23425661027431488,0.30017003417015076,0.025091294199228287,0.025091294199228287,0.5031952857971191,0.012304508127272129,0.01033869944512844,0.039316173642873764,0.050378672778606415,0.41084280610084534,0.00026110413931568785
826,0.0004996984644094482,0.00036452697531785816,0.002703429781831801,0.003464100882411003,0.06989884376525879,0.037181198596954346,0.23529985547065735,0.30150678753852844,0.025416206568479538,0.025416206568479538,0.5107065439224243,0.012568889185786247,0.010607104748487473,0.0392356812953949,0.0502755306661129,0.4192662835121155,0.00026007107323464617
827,0.00045592692913487554,0.0003262088430346921,0.002594361547380686,0.0033243439393118024,0.06614886038005352,0.03841608390212059,0.2381773144006729,0.3051939010620117,0.026507219299674034,0.026507219299674034,0.5405027270317078,0.013485554605722427,0.011499159038066864,0.03972790017724037,0.05090624839067459,0.4472982883453369,0.0002590398229468046
828,0.0004931704752380028,0.00035500653029885143,0.0027632786659523845,0.00354078970849514,0.06903638131916523,0.0378696583211422,0.23640917241573334,0.30292826890945435,0.02604919858276844,0.02604919858276844,0.5296645760536194,0.013152808882296085,0.011173764243721962,0.03958088532090187,0.05071786791086197,0.4376060664653778,0.0002580103955202371
829,0.00045850203605368733,0.0003290929671493359,0.0025881812907755375,0.003316424903459847,0.067251430824399,0.03681587055325508,0.2340622842311859,0.2999210059642792,0.025112757459282875,0.025112757459282875,0.5041316747665405,0.012322786264121532,0.010351349599659443,0.03942872956395149,0.05052289739251137,0.411546528339386,0.00025698279801052387
830,0.00048309002886526287,0.00034779991256073117,0.0027058018604293466,0.00346714083570987,0.06848444044589996,0.0373031347990036,0.23550179600715637,0.3017655611038208,0.025528043508529663,0.025528043508529663,0.5151680707931519,0.012643720023334026,0.010665841400623322,0.0395575650036335,0.05068797990679741,0.42191189527511597,0.00025595703746070355
831,0.0004516105109360069,0.00032374451984651387,0.0025573200546205044,0.003276880015619099,0.06626946479082108,0.03814937174320221,0.23751065135002136,0.3043396770954132,0.02627384103834629,0.02627384103834629,0.5358186364173889,0.013305294327437878,0.011313329450786114,0.03983929753303528,0.051048990339040756,0.442743718624115,0.00025493312090122365
832,0.0004717829287983477,0.0003383960065548308,0.00266773859038949,0.0034183672396466136,0.06728671863675117,0.037882521748542786,0.23670077323913574,0.3033018708229065,0.02604748122394085,0.02604748122394085,0.530203104019165,0.013144494965672493,0.011157885193824768,0.0397321842610836,0.050911735743284225,0.4376767873764038,0.00025391105534989405
833,0.0004523203242570162,0.00032456436019856483,0.0025551191065460443,0.00327405973803252,0.06609607860445976,0.03714491054415703,0.2349458932876587,0.3010532557964325,0.025397615507245064,0.025397615507245064,0.5131644010543823,0.012585077434778214,0.010610503144562244,0.03949148952960968,0.05060330778360367,0.42062968015670776,0.00025289084781183725
834,0.00047813361743465066,0.00034521298948675394,0.002658412209711969,0.0034064167411997914,0.06791441887617111,0.03714815527200699,0.23515838384628296,0.30132555961608887,0.02539023756980896,0.02539023756980896,0.5128192901611328,0.012571328319609165,0.010595971718430519,0.03950712829828262,0.05062335729598999,0.42016518115997314,0.0002518725052794418
835,0.00046001150622032583,0.00033110962249338627,0.002578037907369435,0.0033034271327778697,0.0665967520326376,0.03805631399154663,0.2370564043521881,0.3037576377391815,0.026203494518995285,0.026203494518995285,0.5371828079223633,0.013345354236662388,0.011347522959113121,0.03995662182569504,0.051199328154325485,0.444705069065094,0.0002508560347323132
836,0.0004895615275017917,0.0003558067255653441,0.002675095573067665,0.003427794319577515,0.06869842112064362,0.03783348202705383,0.23625239729881287,0.3027273714542389,0.02602086216211319,0.02602086216211319,0.5342044830322266,0.013224415481090546,0.011226985603570938,0.03994860500097275,0.05118904635310173,0.441567599773407,0.00024984144313722667
837,0.0004549564473563805,0.00032748302328400314,0.0025494687724858522,0.0032668195199221373,0.06630884669721127,0.03671885281801224,0.23380371928215027,0.29958969354629517,0.025028664618730545,0.025028664618730545,0.5050308704376221,0.012336463667452335,0.01036782469600439,0.03937278315424919,0.05045120790600777,0.41372281312942505,0.0002488287374480797
838,0.0004779664450325072,0.0003459433210082352,0.002640462131239474,0.003383415867574513,0.06805447116494179,0.03716064617037773,0.23508675396442413,0.3012337386608124,0.025406308472156525,0.025406308472156525,0.5144190788269043,0.012641441076993942,0.01067380141466856,0.039352793246507645,0.05042559653520584,0.4230673313140869,0.0002478179246058435
839,0.00045097272959537804,0.0003229580179322511,0.0025602940004318953,0.003280690871179104,0.06559482961893082,0.0380173921585083,0.23696762323379517,0.3036438822746277,0.026169009506702423,0.026169009506702423,0.5359476804733276,0.013326426967978477,0.011339073069393635,0.039747074246406555,0.05093081295490265,0.4442070722579956,0.00024680901153851614
840,0.0004764610348502174,0.00034334925294388086,0.002662235521711409,0.003411315963603556,0.06780637800693512,0.037710562348365784,0.23579438030719757,0.302140474319458,0.025920841842889786,0.025920841842889786,0.5306887626647949,0.013132576830685139,0.01115250401198864,0.039601460099220276,0.05074423551559448,0.4394037127494812,0.00024580200516107463
841,0.00044586679723579437,0.00031954931910149753,0.0025263495044782758,0.0032371950801461935,0.06549504771828651,0.03688026964664459,0.23401717841625214,0.29986318945884705,0.025179408490657806,0.025179408490657806,0.511336088180542,0.012484598904848099,0.010512945242226124,0.0394330769777298,0.05052847042679787,0.4193257689476013,0.0002447969123754282
842,0.0004688383487518877,0.00033786969288485125,0.002619373262859881,0.0033563931938260794,0.06715988926589489,0.03688844293355942,0.2345157414674759,0.3005020320415497,0.025162657722830772,0.025162657722830772,0.5104914903640747,0.012439546175301075,0.010469412431120872,0.03940267488360405,0.050489507615566254,0.41782552003860474,0.00024379374007037007
843,0.0004531407612375915,0.0003263091930421069,0.0025366315385326743,0.0032503700349479914,0.06621324829757214,0.037730395793914795,0.23664842545986176,0.3032347857952118,0.025897976011037827,0.025897976011037827,0.5312620997428894,0.013087633065879345,0.011101439595222473,0.03972386196255684,0.05090106651186943,0.43814024329185486,0.0002427924951215309
844,0.00045598366705235094,0.00032586336601525545,0.002602405846118927,0.003334651468321681,0.06594051793217659,0.03804059326648712,0.2369634360074997,0.3036384582519531,0.026192422956228256,0.026192422956228256,0.5406140089035034,0.013416965492069721,0.011421159841120243,0.03991611674427986,0.05114741623401642,0.4481792151927948,0.00024179318439133176
845,0.0004598583764163777,0.00032970920437946916,0.0026029831496998668,0.003335391520522535,0.06624965369701385,0.03718256205320358,0.23477986454963684,0.30084046721458435,0.02544356882572174,0.02544356882572174,0.5207329988479614,0.012774255126714706,0.010797634720802307,0.03953240066766739,0.05065573379397392,0.42917555570602417,0.00024079581472893628
846,0.00044966414861846715,0.00032160252885660157,0.0025612321915104985,0.003281892859376967,0.0658053532242775,0.03703601658344269,0.23460793495178223,0.3006201684474945,0.025305617600679398,0.025305617600679398,0.5164919495582581,0.012634828686714172,0.010658198967576027,0.039532601833343506,0.050655994564294815,0.42453640699386597,0.00023980039297020447
847,0.0004509812279138714,0.0003242780949221924,0.0025340624852105975,0.0032470785081386566,0.06605731323361397,0.0374714657664299,0.23553568124771118,0.3018089532852173,0.025694679468870163,0.025694679468870163,0.5272212028503418,0.012930436991155148,0.01094808243215084,0.039647094905376434,0.050802700221538544,0.43424689769744873,0.00023880692593764542
848,0.00047093119064811617,0.0003413499362068251,0.0025916247395798564,0.003320837044157088,0.06722358800470829,0.037879783660173416,0.2362510710954666,0.3027256727218628,0.026067230850458145,0.026067230850458145,0.5370048880577087,0.0132445078343153,0.011254794895648956,0.03979426249861717,0.05099128186702728,0.443634033203125,0.0002378154204403713
849,0.00044883844384457916,0.0003212315932614729,0.0025521370116621256,0.0032702385215088725,0.06564405746757984,0.03705644607543945,0.23440098762512207,0.30035504698753357,0.02533639594912529,0.02533639594912529,0.5166835784912109,0.012589353136718273,0.010624215006828308,0.0393027625977993,0.05036148801445961,0.42409369349479675,0.00023682588327404957
850,0.00044849068217445165,0.00032247132185148075,0.0025203870609402657,0.0032295548589900136,0.06587030738592148,0.03702273219823837,0.23456594347953796,0.3005664050579071,0.025294434279203415,0.025294434279203415,0.5150809288024902,0.01256592757999897,0.01060265488922596,0.03926544263958931,0.05031365901231766,0.4229516088962555,0.0002358383212208572
851,0.00044735486153513193,0.0003219400823581964,0.0025082952342927456,0.003214061027392745,0.06582766398787498,0.037452537566423416,0.2356841266155243,0.30199921131134033,0.025668330490589142,0.025668330490589142,0.5249000191688538,0.012883774004876614,0.010914750397205353,0.039380475878715515,0.0504610650241375,0.4326755106449127,0.00023485274104943372
852,0.0004442905628820881,0.00031862943433225155,0.002513222862035036,0.0032203750452026725,0.06535770185291767,0.0375586673617363,0.23593761026859283,0.30232396721839905,0.025761784985661507,0.025761784985661507,0.5269381999969482,0.012934936210513115,0.010966849513351917,0.03936173766851425,0.05043705925345421,0.43435150384902954,0.00023386914951483565
853,0.00044595194049179554,0.0003204449894838035,0.0025101392529904842,0.0032164239091798663,0.0656447522342205,0.037288300693035126,0.23515474796295166,0.301320880651474,0.025530563667416573,0.025530563667416573,0.5214802622795105,0.012775328941643238,0.010807346552610397,0.039359644055366516,0.050434377044439316,0.42967724800109863,0.00023288755335848884
854,0.0004429985710885376,0.0003183095541317016,0.0024937804555520415,0.003195462399162352,0.06527704373002052,0.037204451858997345,0.2350700944662094,0.3012124300003052,0.025450946763157845,0.025450946763157845,0.5193025469779968,0.012705883011221886,0.010740779340267181,0.03930208086967468,0.05036061257123947,0.4275972247123718,0.00023190795930814366
855,0.00044152709597256035,0.0003172381257172674,0.0024857795797288418,0.0031852101674303412,0.06522305682301521,0.03745981678366661,0.2358473837375641,0.3022083342075348,0.025667447596788406,0.025667447596788406,0.5252841711044312,0.012850562110543251,0.010880528017878532,0.03940068557858467,0.05048695579171181,0.4321075677871704,0.0002309303740778282
856,0.0004487391997827217,0.0003237169439671561,0.002500444883480668,0.0032040015794336796,0.06573319062590599,0.03758913278579712,0.23598483204841614,0.30238449573516846,0.025789890438318253,0.025789890438318253,0.5297235250473022,0.012954882346093655,0.010985704138875008,0.03938355669379234,0.050465017557144165,0.43611353635787964,0.00022995480436780198
857,0.00044052425073459744,0.00031624536495655775,0.0024855773663148284,0.0031849509105086327,0.06508038565516472,0.03719107806682587,0.23497706651687622,0.301093190908432,0.025442223995923996,0.025442223995923996,0.5206397771835327,0.012643042020499706,0.010689137503504753,0.039078082889318466,0.050073593854904175,0.427662193775177,0.00022898125686451055
858,0.00044208861072547734,0.0003175004239892587,0.0024917636765167117,0.0031928778626024723,0.06536481902003288,0.037122391164302826,0.23491916060447693,0.30101901292800903,0.02537643350660801,0.02537643350660801,0.518783688545227,0.012601690366864204,0.010645251721143723,0.039128780364990234,0.05013854801654816,0.4260563850402832,0.0002280097382405394
859,0.0004410955880302936,0.00031692799529992044,0.002483351854607463,0.0031820990843698382,0.06526537239551544,0.03743876516819,0.23584440350532532,0.30220454931259155,0.025646544992923737,0.025646544992923737,0.525451123714447,0.012825189158320427,0.010858310386538506,0.039337579160928726,0.05040610209107399,0.43210968375205994,0.00022704025515456867
860,0.00044431252172216773,0.00031975422461982816,0.0024911658838391304,0.003192111849784851,0.06538929417729378,0.03765682131052017,0.23605971038341522,0.3024804890155792,0.02585383504629135,0.02585383504629135,0.531846284866333,0.013013960793614388,0.011041858233511448,0.0394420400261879,0.050539955496788025,0.4381392300128937,0.00022607281425132667
861,0.00044381950283423066,0.0003193115844624117,0.002490157843567431,0.0031908201053738594,0.06542269140481949,0.03709946200251579,0.23455867171287537,0.30055710673332214,0.025371529161930084,0.025371529161930084,0.5186071991920471,0.01264558732509613,0.010688573122024536,0.039140284061431885,0.05015328899025917,0.4272341728210449,0.0002251074221615451
862,0.00044115190394222736,0.00031778085394762456,0.0024674212327226996,0.003161685890518129,0.0652620978653431,0.03716838359832764,0.2346985936164856,0.30073633790016174,0.025433454662561417,0.025433454662561417,0.520957350730896,0.012733077630400658,0.01077120378613472,0.039237476885318756,0.05027783289551735,0.42954081296920776,0.0002241440855019131
863,0.0004374885174911469,0.0003143381036352366,0.002463008277118206,0.003156031481921673,0.06487155146896839,0.03717834874987602,0.23484021425247192,0.3009178340435028,0.025436338037252426,0.025436338037252426,0.5211037993431091,0.012737355194985867,0.010773184709250927,0.03928340598940849,0.05033668503165245,0.4295315146446228,0.00022318281087503253
864,0.00044313794933259487,0.00031950151605997235,0.0024727284908294678,0.0031684866407886147,0.06549288332462311,0.037460312247276306,0.23557311296463013,0.3018569350242615,0.02568165771663189,0.02568165771663189,0.5283055305480957,0.012916597537696362,0.010943676345050335,0.039458420127630234,0.05056094005703926,0.43503105640411377,0.00022222360486937176
865,0.00044797630107495934,0.0003235921249142848,0.0024876833194866776,0.0031876496504992247,0.06581492722034454,0.03707892447710037,0.23464888334274292,0.30067265033721924,0.025346480309963226,0.025346480309963226,0.5191745758056641,0.012625692412257195,0.010665902867913246,0.03919578343629837,0.05022440105676651,0.4267161786556244,0.00022126647405922153
866,0.0004467694088816643,0.0003232058952562511,0.0024712701560929418,0.0031666181748732924,0.06564472615718842,0.03743739798665047,0.2352902740240097,0.3014945387840271,0.025672882795333862,0.025672882795333862,0.5303670167922974,0.01294620055705309,0.0109797902405262,0.039328206330537796,0.05039408802986145,0.43799924850463867,0.00022031142500464942
867,0.00043774036748800427,0.000314405100652948,0.002466705278493464,0.0031607685377821326,0.06492754444479942,0.03724389523267746,0.23499327898025513,0.30111393332481384,0.025494232773780823,0.025494232773780823,0.524889349937439,0.012791885994374752,0.010827767662703991,0.039282362908124924,0.050335343927145004,0.43275266885757446,0.00021935846425145445
868,0.00044060837535653263,0.0003169494157191366,0.0024731792509555817,0.0031690640607848763,0.06506928242743015,0.03708258271217346,0.23500210046768188,0.30112528800964355,0.025332476943731308,0.025332476943731308,0.5194987058639526,0.01260773278772831,0.01064462773501873,0.03926209360361099,0.05030937120318413,0.4262191653251648,0.000218407598331123
869,0.0004403253842610866,0.0003169167321175337,0.002468172926455736,0.0031626493437215686,0.06542236730456352,0.037490371614694595,0.235916867852211,0.3022974133491516,0.025694526731967926,0.025694526731967926,0.5297914147377014,0.012892895378172398,0.010924411937594414,0.03936966136097908,0.05044720694422722,0.4356934726238251,0.00021745883376078344
870,0.0004359850863693282,0.00031254321220330894,0.002468837541528046,0.003163500688970089,0.06461723893880844,0.03731423616409302,0.23529696464538574,0.30150309205055237,0.02554938942193985,0.02554938942193985,0.5267802476882935,0.012818733230233192,0.010854063555598259,0.039293382316827774,0.050349462777376175,0.433986097574234,0.00021651217704316225
871,0.0004321626911405474,0.0003097852459177375,0.0024475487880408764,0.0031362221343442798,0.06443656049668789,0.03708015754818916,0.23472395539283752,0.3007689118385315,0.025343958288431168,0.025343958288431168,0.5211340188980103,0.012645566835999489,0.010685035958886147,0.03921062499284744,0.05024342238903046,0.42871326208114624,0.00021556763466653835
872,0.0004356524004833773,0.00031301095441449434,0.002452828804962337,0.0031429878436028957,0.06470295786857605,0.037048086524009705,0.23468554019927979,0.30071964859962463,0.025313809514045715,0.025313809514045715,0.520109236240387,0.012624703347682953,0.01066509447991848,0.03919218108057976,0.050219789147377014,0.42808547616004944,0.0002146252131046995
873,0.00043304162682034075,0.0003108346136286855,0.0024441402638331056,0.0031318545807152987,0.064474543556571,0.03741409629583359,0.23569683730602264,0.30201542377471924,0.025629254058003426,0.025629254058003426,0.5289163589477539,0.012860658578574657,0.010891317389905453,0.039386820048093796,0.050469186156988144,0.43541818857192993,0.00021368491881689739
874,0.0004325659974711016,0.00030993352993391454,0.0024526490597054362,0.0031427574576810002,0.06438203901052475,0.03738374263048172,0.2355484515428543,0.3018253445625305,0.025606319308280945,0.025606319308280945,0.5290125608444214,0.012857113964855671,0.010887643322348595,0.03938940539956093,0.05047250911593437,0.4356551766395569,0.00021274675824780405
875,0.000431827807915397,0.0003095676947850734,0.002445202087983489,0.003133215010166168,0.06431655958294868,0.03719062730669975,0.23498167097568512,0.30109912157058716,0.025441542267799377,0.025441542267799377,0.52500319480896,0.012739667668938637,0.01077670231461525,0.03925929591059685,0.05030578002333641,0.4324412941932678,0.00021181073782746673
876,0.0004319577128626406,0.0003098847228102386,0.0024414596846327186,0.0031284195138141513,0.06432455405592918,0.037055037915706635,0.2346934825181961,0.30072981119155884,0.02532036229968071,0.02532036229968071,0.5206314325332642,0.01261591911315918,0.01066247746348381,0.03906882181763649,0.05006171762943268,0.4284455180168152,0.0002108768639712647
877,0.00043160319910384715,0.0003097415901720524,0.0024372320622205734,0.0031230023596435785,0.0643891990184784,0.037182703614234924,0.23503410816192627,0.30116626620292664,0.02543099969625473,0.02543099969625473,0.5236746072769165,0.012727065943181515,0.010769142769277096,0.03915845602750778,0.05017657205462456,0.4313952326774597,0.00020994514307986494
878,0.000435335241490975,0.000313097465550527,0.002444755402393639,0.003132642712444067,0.06458486244082451,0.03742590174078941,0.23550854623317719,0.3017742335796356,0.025650475174188614,0.025650475174188614,0.531043529510498,0.012939115054905415,0.010972769930958748,0.03932690620422363,0.05039242282509804,0.4381619989871979,0.00020901558153917806
879,0.00045135167601983994,0.0003268972650403157,0.002489088219590485,0.003189449547789991,0.06585007160902023,0.037326958030462265,0.23513899743556976,0.30130067467689514,0.025570007041096687,0.025570007041096687,0.5299076437950134,0.012878473848104477,0.010912889614701271,0.03931167349219322,0.0503729023039341,0.43685972690582275,0.00020808818572031463
880,0.000436223010183312,0.0003125267248833552,0.0024739253567531705,0.003170020296238363,0.06473472341895103,0.036662664264440536,0.2336958646774292,0.2994515299797058,0.024977870285511017,0.024977870285511017,0.5135498046875,0.012342707253992558,0.010394444689154625,0.03896524757146835,0.049928996711969376,0.421067476272583,0.00020716296197954175
881,0.0004427661478985101,0.0003186422982253134,0.0024824769934639335,0.0031809781212359667,0.06521356105804443,0.037172697484493256,0.23500728607177734,0.301131933927536,0.025422334671020508,0.025422334671020508,0.5259005427360535,0.012725697830319405,0.010766535997390747,0.03918323293328285,0.05020832642912865,0.4328908920288086,0.00020623991665823956
882,0.0004359240992926061,0.00031323508301284164,0.002453780616633594,0.0031442074105143547,0.06451045349240303,0.037544142454862595,0.23588067293167114,0.30225104093551636,0.025750108063220978,0.025750108063220978,0.5349790453910828,0.013014455325901508,0.01104547455906868,0.03937961161136627,0.050459958612918854,0.4414416551589966,0.0002053190560828572
883,0.00043709768215194345,0.00031324676820077,0.0024770182790234685,0.003173983423039317,0.06457793340086937,0.037266384810209274,0.23512671887874603,0.3012849688529968,0.025510048493742943,0.025510048493742943,0.5281775593757629,0.012782939709722996,0.010821472853422165,0.03922933340072632,0.05026739835739136,0.4344053864479065,0.0002044003865648699
884,0.00042662571649998426,0.00030521622102241963,0.0024281898513436317,0.0031114162411540747,0.06395882181823254,0.03678015619516373,0.2339128851890564,0.299729585647583,0.025084512308239937,0.025084512308239937,0.5152496099472046,0.01239095814526081,0.01044552307575941,0.0389086976647377,0.04985654354095459,0.42214494943618774,0.00020348391440073562
885,0.00043764647853095084,0.00031499781471211463,0.0024529731599614024,0.003143172711133957,0.0647821631282568,0.03700888156890869,0.23417358100414276,0.3000636398792267,0.025300201028585434,0.025300201028585434,0.5222727060317993,0.012626837939023972,0.010679567232728004,0.03894541412591934,0.049903590232133865,0.4304444193840027,0.000202569645871852
886,0.00042686655069701374,0.0003058463043998927,0.002420404925942421,0.0031014407286420465,0.06396127492189407,0.03725762292742729,0.2347889095544815,0.30085211992263794,0.025518177077174187,0.025518177077174187,0.528030276298523,0.012810071930289268,0.010854283347725868,0.03911576420068741,0.05012186989188194,0.435732364654541,0.00020165758724451346
887,0.0004281251458451152,0.00030641129706054926,0.0024342769756913185,0.003119216300547123,0.06398439966142178,0.03738304227590561,0.23512694239616394,0.3012852370738983,0.02562669664621353,0.02562669664621353,0.5314244031906128,0.012877115048468113,0.01091628149151802,0.03921666368842125,0.050251156091690063,0.43778732419013977,0.00020074774476986729
888,0.0004340492596384138,0.00031201052479445934,0.002440774580463767,0.003127541742287576,0.06443637236952782,0.037052519619464874,0.23455533385276794,0.3005528151988983,0.025324754416942596,0.025324754416942596,0.5220630168914795,0.01254945620894432,0.010600322857499123,0.03898267447948456,0.04995133355259895,0.4276006817817688,0.0001998401246838723
889,0.000438651506556198,0.00031698356906417757,0.0024333589244633913,0.003118039225228131,0.06510975584387779,0.03725180774927139,0.23484742641448975,0.3009271025657654,0.025509435683488846,0.025509435683488846,0.5289282202720642,0.012752684764564037,0.010803475975990295,0.038984183222055435,0.049953266978263855,0.43535250425338745,0.0001989347332072547
890,0.0004249701014487073,0.0003042053067474626,0.0024152955738827586,0.0030948937637731433,0.06382240727543831,0.03702504187822342,0.23431043326854706,0.3002389967441559,0.025309517979621887,0.025309517979621887,0.5241143703460693,0.012627657502889633,0.010681955143809319,0.038914043456315994,0.04986339062452316,0.4318143129348755,0.0001980315765454664
891,0.000426936341682449,0.0003059165319427848,0.002420396194793284,0.0031014297856017947,0.06397542357444763,0.03709346055984497,0.23457998037338257,0.3005844056606293,0.025364462286233902,0.025364462286233902,0.5259644985198975,0.01268779020756483,0.010736001655459404,0.039035771042108536,0.05001936852931976,0.4334627389907837,0.0001971306608886418
892,0.0004233223880873993,0.00030296445765998214,0.0024071584921330214,0.0030844671418890357,0.0636867918074131,0.03713158145546913,0.23486556112766266,0.300950288772583,0.025388304144144058,0.025388304144144058,0.5260106921195984,0.012681104242801666,0.010726690292358398,0.03908827155828476,0.050086650997400284,0.432745099067688,0.00019623199241155628
893,0.00042421603575348854,0.00030354799673659727,0.0024133605184033513,0.0030924143502488732,0.06366047635674477,0.0371255949139595,0.2349366843700409,0.30104145407676697,0.025378761813044548,0.025378761813044548,0.5254957675933838,0.012683352455496788,0.01072853896766901,0.03909626975655556,0.050096891820430756,0.4324262738227844,0.00019533557727358282
894,0.00042828205914702266,0.000307534312014468,0.0024149551754817367,0.0030944576719775796,0.06412128359079361,0.03721989691257477,0.2350471168756485,0.30118295550346375,0.025467541068792343,0.025467541068792343,0.5291976928710938,0.01277638878673315,0.010819830000400543,0.03913116827607155,0.05014161020517349,0.43590253591537476,0.00019444142161865034
895,0.0004222598217893392,0.00030209140095394105,0.00240336824208498,0.003079610294662416,0.0635207649320364,0.03702167421579361,0.23442523181438446,0.30038610100746155,0.025300413370132446,0.025300413370132446,0.5256971716880798,0.01267155073583126,0.010717988945543766,0.03907124325633049,0.050064824521541595,0.43319427967071533,0.0001935495315752015
896,0.00042614559060893953,0.00030542681633960456,0.002414375660009682,0.003093714825809002,0.06387340649962425,0.036988746374845505,0.23426590859889984,0.30018195509910583,0.025275450199842453,0.025275450199842453,0.526286244392395,0.0126976128667593,0.010740556754171848,0.03914112597703934,0.050154369324445724,0.43431979417800903,0.0001926599132561509
897,0.00043641062802635133,0.0003151867203996517,0.0024244784144684672,0.003106660209596157,0.06479757279157639,0.03720351681113243,0.2348601222038269,0.3009433150291443,0.025460509583353996,0.025460509583353996,0.531478226184845,0.012847976759076118,0.010885784402489662,0.039243850857019424,0.05028599128127098,0.4388144016265869,0.00019177257275884303
898,0.00042094613309018314,0.0003009223873959854,0.0024004748556762934,0.0030759026994928718,0.06339770369231701,0.03698598966002464,0.23458747565746307,0.3005940020084381,0.02525661513209343,0.02525661513209343,0.5248866677284241,0.012605894356966019,0.01065052393823862,0.039107415825128555,0.05011117085814476,0.4310610294342041,0.00019088751616501006
899,0.00042389941518194973,0.00030341210367623717,0.002409745939075947,0.003087782533839345,0.06362988986074924,0.03687237203121185,0.23441869020462036,0.3003777265548706,0.025151435285806656,0.025151435285806656,0.5207692980766296,0.012489627115428448,0.010543624870479107,0.03892004117369652,0.04987107962369919,0.4273046851158142,0.00019000474954073107
900,0.0004253389633959159,0.00030508018971886486,0.0024051753571256995,0.003081926144659519,0.06369962356984615,0.0371747761964798,0.2349655032157898,0.30107834935188293,0.025426499545574188,0.025426499545574188,0.528766393661499,0.012740720994770527,0.010793197900056839,0.038950469344854355,0.04991006851196289,0.4358248710632324,0.00018912427893638946
901,0.00042220747855026275,0.0003022937453351915,0.002398274838924408,0.003073083935305476,0.0635490994900465,0.03712228685617447,0.23467950522899628,0.30071189999580383,0.025388311594724655,0.025388311594724655,0.5284598469734192,0.012747117318212986,0.010799089446663857,0.03896056488156319,0.04992299899458885,0.4364272952079773,0.0001882461103866322
902,0.0004346248315414414,0.00031378476705867797,0.0024168010568246245,0.00309682241640985,0.06451044045388699,0.03698194772005081,0.23448774218559265,0.3004661798477173,0.02525756135582924,0.02525756135582924,0.5238207578659058,0.012589804828166962,0.010642544366419315,0.03894520178437233,0.04990330711007118,0.4310503602027893,0.0001873702499103281
903,0.00043102522613480687,0.0003107078227913007,0.0024063478922471404,0.003083428367972374,0.0645937193185091,0.03744558244943619,0.2355031967163086,0.30176734924316406,0.025670424103736877,0.025670424103736877,0.5357258319854736,0.012903342954814434,0.010943339206278324,0.0392000675201416,0.050229888409376144,0.4408445954322815,0.00018649670351052704
904,0.00042447632586117834,0.0003041845338884741,0.0024058357812464237,0.0030827722512185574,0.06375224515795708,0.0370628722012043,0.23470072448253632,0.3007391095161438,0.025327837094664574,0.025327837094664574,0.5265793800354004,0.012602490372955799,0.0106526929885149,0.03899594768881798,0.04996834695339203,0.43207600712776184,0.00018562547717441803
905,0.000420788666815497,0.000301260530250147,0.002390562673099339,0.0030632016714662313,0.06335229426622391,0.03700868412852287,0.23445364832878113,0.30042245984077454,0.025286002084612846,0.025286002084612846,0.5264682769775391,0.012604366056621075,0.010658545419573784,0.03891642019152641,0.049866437911987305,0.43290427327156067,0.00018475657687328892
906,0.00041939649963751435,0.00029999516846146435,0.0023880263324826956,0.003059951588511467,0.06329463422298431,0.03698234260082245,0.23443813621997833,0.30040261149406433,0.025260433554649353,0.025260433554649353,0.5252202153205872,0.012582859955728054,0.010640542954206467,0.03884633630514145,0.04977663233876228,0.43213626742362976,0.0001838900085624849
907,0.00042588905489537865,0.0003061381430597976,0.0023950182367116213,0.003068910795263946,0.06391368061304092,0.036993663758039474,0.2344944030046463,0.30047470331192017,0.02526894211769104,0.02526894211769104,0.5247742533683777,0.01259863656014204,0.010654370300471783,0.03888532146811485,0.049826592206954956,0.4320237934589386,0.0001830257781813683
908,0.00043193223245907575,0.00031121590291149914,0.0024143264163285494,0.003093652077950537,0.06445973366498947,0.037459589540958405,0.23548129200935364,0.30173930525779724,0.025685524567961693,0.025685524567961693,0.5368442535400391,0.012971066869795322,0.011012330651283264,0.039174728095531464,0.05019742622971535,0.44328534603118896,0.00018216389165327752
909,0.00043553968134801835,0.00031441466126125306,0.0024225005181506276,0.0031041258480399847,0.0645463764667511,0.036884039640426636,0.23418784141540527,0.30008190870285034,0.025174647569656372,0.025174647569656372,0.5224727988243103,0.012527680955827236,0.010583448223769665,0.03888465464115143,0.04982573539018631,0.42990851402282715,0.000181304354885486
910,0.00041946831333916634,0.00030051981593715027,0.002378969802521169,0.003048346727155149,0.06334327906370163,0.03703249990940094,0.23439331352710724,0.30034515261650085,0.025312835350632668,0.025312835350632668,0.5271438956260681,0.012677687220275402,0.010727359913289547,0.0390065498650074,0.04998192936182022,0.4345054030418396,0.00018044717376916293
911,0.00041700123983900994,0.0002981740835821256,0.002376543008722365,0.003045236924663186,0.06307845935225487,0.03708980605006218,0.2345125377178192,0.30049794912338257,0.02536417916417122,0.02536417916417122,0.5284595489501953,0.012698513455688953,0.010749372653663158,0.0389828234910965,0.04995152726769447,0.43542516231536865,0.00017959235417933138
912,0.0004178838571533561,0.0002992249937960878,0.0023731773253530264,0.003040924435481429,0.06308993324637413,0.036944299936294556,0.2341422438621521,0.30002349615097046,0.02523718774318695,0.02523718774318695,0.5251646041870117,0.012609301134943962,0.010665278881788254,0.038880445063114166,0.04982034116983414,0.43302121758461,0.0001787399019748292
913,0.0004158692026976496,0.0002974608214572072,0.002368167624808848,0.0030345050618052483,0.06296002119779587,0.03701598569750786,0.23434825241565704,0.3002874255180359,0.025298573076725006,0.025298573076725006,0.5271762013435364,0.012664434500038624,0.010720493271946907,0.03887881711125374,0.0498182438313961,0.4350520968437195,0.00017788982299826814
914,0.0004159716045251116,0.0002972498259623535,0.0023744356585666537,0.003042536904104054,0.06285755150020123,0.037124380469322205,0.23478193581104279,0.30084314942359924,0.025385282933712006,0.025385282933712006,0.5301339626312256,0.012708840891718864,0.010760894976556301,0.03895891085267067,0.049920886754989624,0.43674007058143616,0.0001770421230759947
915,0.00041646954196039587,0.00029798023751936853,0.002369785914197564,0.0030365788843482733,0.06300699152052402,0.037058088928461075,0.2348398119211197,0.30091726779937744,0.02531609684228897,0.02531609684228897,0.5276222825050354,0.012600786983966827,0.01065618172287941,0.03889210522174835,0.04983528330922127,0.43333548307418823,0.00017619680801804905
916,0.00042847017175517976,0.00030837194935884327,0.002401964389719069,0.0030778113286942244,0.06389239802956581,0.03722897171974182,0.23509247601032257,0.3012411296367645,0.025474349036812782,0.025474349036812782,0.5330021381378174,0.012768866494297981,0.010820450261235237,0.03896832838654518,0.049932949244976044,0.4389142394065857,0.00017535388361812596
917,0.0004143654805375263,0.00029576316592283547,0.0023720463505014777,0.0030394751811400056,0.0627720020711422,0.03685510531067848,0.23412489891052246,0.30000123381614685,0.02514886111021042,0.02514886111021042,0.5240103602409363,0.012472452595829964,0.010536480695009232,0.03871944174170494,0.04961403086781502,0.4304456412792206,0.0001745133556535347
918,0.0004329418734414503,0.0003129188989987597,0.0024004593724384904,0.003075883025303483,0.06488276645541191,0.036657437682151794,0.2337387651205063,0.29950645565986633,0.02497049979865551,0.02497049979865551,0.5184277296066284,0.012329171411693096,0.010397877544164658,0.03862587362527847,0.04949413985013962,0.4258534610271454,0.00017367522988516001
919,0.00041599922406021506,0.00029789135442115366,0.0023621575674042106,0.0030268041882663965,0.06307103484869003,0.03731986880302429,0.2353777289390564,0.3016066253185272,0.02555098384618759,0.02555098384618759,0.5341808795928955,0.012806614860892296,0.010859781876206398,0.03893665969371796,0.0498923733830452,0.4403170347213745,0.00017283951205742212
920,0.0004167095758020878,0.00029716402059420943,0.002390911104157567,0.003063648473471403,0.06288377195596695,0.03734735772013664,0.23543649911880493,0.30168190598487854,0.025575531646609306,0.025575531646609306,0.5343997478485107,0.01280937809497118,0.010861203074455261,0.03896349295973778,0.0499267578125,0.44006508588790894,0.0001720062078982373
921,0.00041845439409371465,0.0002986011531902477,0.0023970644688233733,0.003071532933972776,0.06297462433576584,0.03709593415260315,0.23465698957443237,0.30068302154541016,0.02536308392882347,0.02536308392882347,0.5288009643554688,0.012634726241230965,0.01069178432226181,0.038858845829963684,0.04979266598820686,0.43462327122688293,0.0001711753231189792
922,0.00041268847417086363,0.00029439007630571723,0.0023659677244722843,0.0030316862976178527,0.06281399168074131,0.036682870239019394,0.23362164199352264,0.2993564009666443,0.025001786649227142,0.025001786649227142,0.5196371078491211,0.012351603247225285,0.010415117256343365,0.0387297160923481,0.04962720349431038,0.4261311888694763,0.00017034686341443875
923,0.00042154591938015074,0.00030245223024394363,0.0023818736663088202,0.003052067942917347,0.06344566494226456,0.036887750029563904,0.23408249020576477,0.2999469041824341,0.025183625519275665,0.025183625519275665,0.5256599187850952,0.012534908950328827,0.01059513259679079,0.03879552707076073,0.04971152916550636,0.43249720335006714,0.00016952083446278627
924,0.0004122307582292706,0.00029446289408952,0.002355357282795012,0.003018090268597007,0.06262136623263359,0.03697725385427475,0.234503835439682,0.30048680305480957,0.02525206282734871,0.02525206282734871,0.5274006128311157,0.012586289085447788,0.010645216330885887,0.03882146254181862,0.04974476620554924,0.4340760111808777,0.0001686972419255314
925,0.00041375648288521916,0.0002953683870146051,0.0023677615681663156,0.0030339849181473255,0.06254516914486885,0.03715946897864342,0.2349518984556198,0.3010609447956085,0.025411874055862427,0.025411874055862427,0.5324174165725708,0.012753844261169434,0.010805519297719002,0.038966499269008636,0.04993060603737831,0.43900150060653687,0.00016787609144748545
926,0.00042533333180472255,0.0003050290542887524,0.0024060854921117425,0.0030830922769382596,0.06372664496302605,0.03716748207807541,0.23492564260959625,0.3010272979736328,0.025421200320124626,0.025421200320124626,0.5330257415771484,0.01275147870182991,0.010802563279867172,0.03897830471396446,0.049945734441280365,0.4389791488647461,0.00016705738865672182
927,0.0004086027474841103,0.0002911639166995883,0.002348776441067457,0.0030096578411757946,0.062256745994091034,0.03665963560342789,0.23374566435813904,0.29951533675193787,0.024972353130578995,0.024972353130578995,0.5207400918006897,0.01237545907497406,0.010440241545438766,0.03870434686541557,0.049594685435295105,0.42754608392715454,0.0001662411391645376
928,0.00042786297854036093,0.00030790342134423554,0.0023991912603378296,0.0030742582166567445,0.06402171775698662,0.03653888776898384,0.23352602124214172,0.2992338538169861,0.024862585589289665,0.024862585589289665,0.5172096490859985,0.01227245107293129,0.010343079455196857,0.03858742490410805,0.04944486916065216,0.42428258061408997,0.00016542734856541546
929,0.0004235126543790102,0.00030533704557456076,0.0023635118268430233,0.003028539475053549,0.0638798214495182,0.03729801997542381,0.23519599437713623,0.3013737201690674,0.02553822100162506,0.02553822100162506,0.5373104810714722,0.012889251112937927,0.010942097753286362,0.03894307091832161,0.04990058019757271,0.4437592625617981,0.0001646160224369851
930,0.0004152688052272424,0.0002959594567073509,0.00238618697039783,0.0030575947603210807,0.06272082962095737,0.03724202141165733,0.23503436148166656,0.3011666238307953,0.025490304455161095,0.025490304455161095,0.5359742045402527,0.01283568050712347,0.010891268029808998,0.03888825699687004,0.049830347299575806,0.4425047039985657,0.00016380716633998502
931,0.00042003179260063916,0.0003010021391673945,0.0023805933305993676,0.003050427418202162,0.06303701736032963,0.03672581911087036,0.23389245569705963,0.2997033894062042,0.02503119595348835,0.02503119595348835,0.5230919122695923,0.01243356242775917,0.010500782169401646,0.038655612617731094,0.049532242119312286,0.4301984906196594,0.00016300078581822424
932,0.0004176090733380988,0.0002989501954289153,0.0023731773253530264,0.0030409246683120728,0.06300339475274086,0.03669828921556473,0.23392228782176971,0.29974162578582764,0.02500217594206333,0.02500217594206333,0.5224661827087402,0.012394221499562263,0.010462021455168724,0.038644008338451385,0.049517374485731125,0.42916858196258545,0.0001621968863985447
933,0.00040903779154177755,0.0002918067330028862,0.0023446211125701666,0.0030043335864320397,0.06236593425273895,0.03711283206939697,0.23486119508743286,0.3009447157382965,0.02536977082490921,0.02536977082490921,0.5330848693847656,0.0127352150157094,0.010791972279548645,0.0388648584485054,0.049800362437963486,0.4396716356277466,0.00016139547359078288
934,0.0004097696510143578,0.00029215785616543144,0.0023522357223555446,0.003014090470969677,0.06236143410205841,0.03723546117544174,0.23516273498535156,0.30133113265037537,0.025477323681116104,0.025477323681116104,0.5358629822731018,0.012807141058146954,0.010860342532396317,0.03893596678972244,0.04989148676395416,0.4416990876197815,0.00016059655288773252
935,0.00042771751759573817,0.0003082420880673453,0.0023895084159448743,0.0030618506716564298,0.06391651183366776,0.03717188537120819,0.2347564697265625,0.3008105158805847,0.025434063747525215,0.025434063747525215,0.5361827611923218,0.012792757712304592,0.010846102610230446,0.03893309459090233,0.049887798726558685,0.4419979155063629,0.00015980012976510652
936,0.0004530359001364559,0.00033251114655286074,0.0024104949552565813,0.0030887422617524862,0.06640023179352283,0.036300987005233765,0.23285894095897675,0.2983790934085846,0.024658041074872017,0.024658041074872017,0.5137174725532532,0.012120204046368599,0.010194957256317139,0.038504939526319504,0.0493391789495945,0.4210968017578125,0.00015900620968149992
937,0.00042727791878860444,0.0003068701771553606,0.002408154890872538,0.0030857438687235117,0.06397370994091034,0.036681339144706726,0.23377811908721924,0.2995569109916687,0.024992432445287704,0.024992432445287704,0.5239277482032776,0.012469211593270302,0.010535363107919693,0.03867696225643158,0.04955960065126419,0.4321838617324829,0.00015821479807835208
938,0.00040447688661515713,0.0002878875093301758,0.0023317874874919653,0.002987888758070767,0.06217573024332523,0.03745338320732117,0.23564007878303528,0.30194273591041565,0.025671377778053284,0.025671377778053284,0.5424066781997681,0.013041635043919086,0.01109035313129425,0.03902563452720642,0.05000637471675873,0.4492962956428528,0.00015742590037990937
939,0.0004312492092140019,0.0003080709429923445,0.0024635654408484697,0.0031567453406751156,0.0637822151184082,0.0374835729598999,0.23558242619037628,0.30186891555786133,0.02570445090532303,0.02570445090532303,0.5438830256462097,0.013057952746748924,0.011103514581918716,0.03908875957131386,0.05008726567029953,0.4496525228023529,0.00015663952199318837
940,0.00041830557165667415,0.000298429949907586,0.0023975122021511197,0.003072106628678739,0.06291080638766289,0.03680509701371193,0.23382657766342163,0.29961898922920227,0.025113768875598907,0.025113768875598907,0.5283838510513306,0.012545793317258358,0.010607240721583366,0.038771048188209534,0.049680162221193314,0.43431416153907776,0.00015585566830793863
941,0.0004167942752246745,0.0002973670852952637,0.0023885436821728945,0.0030606144573539495,0.06286459788680077,0.036125361919403076,0.23238280415534973,0.2977689504623413,0.02450622245669365,0.02450622245669365,0.5104931592941284,0.011989309452474117,0.0100672272965312,0.038441650569438934,0.04925807937979698,0.4168891906738281,0.00015507434469660543
942,0.0004336641577538103,0.00031233433401212096,0.0024265965912491083,0.0031093747820705175,0.06475072354078293,0.036742061376571655,0.23381447792053223,0.29960349202156067,0.025051336735486984,0.025051336735486984,0.5266452431678772,0.012461644597351551,0.010531125590205193,0.03861038014292717,0.04947428032755852,0.43269777297973633,0.00015429555651429316
943,0.00041344971396028996,0.0002949924528365955,0.0023691451642662287,0.0030357579234987497,0.06256124377250671,0.037406452000141144,0.2353973388671875,0.30163171887397766,0.02563658356666565,0.02563658356666565,0.542851448059082,0.012959505431354046,0.011014453135430813,0.03890104964375496,0.049846746027469635,0.44815593957901,0.0001535193090987291
944,0.0004193378845229745,0.00029836571775376797,0.0024194432189688087,0.0031002083560451865,0.06283324211835861,0.03721112012863159,0.23489467799663544,0.3009876310825348,0.02546638622879982,0.02546638622879982,0.5383222103118896,0.012811791151762009,0.010869547724723816,0.038844868540763855,0.04977474734187126,0.4435379207134247,0.00015274560777022597
945,0.00041863608930725604,0.0003008554922416806,0.0023556118831038475,0.003018416464328766,0.06316598691046238,0.03648483008146286,0.2332882434129715,0.2989291846752167,0.024820417165756226,0.024820417165756226,0.5194992423057556,0.012251826003193855,0.01032397523522377,0.0385570228099823,0.049405913800001144,0.42551931738853455,0.0001519744578316461
946,0.00043089213431812823,0.0003101464972132817,0.0024149128003045917,0.0030944031896069646,0.06431258283555508,0.03644576668739319,0.23328590393066406,0.2989262044429779,0.024781472980976105,0.024781472980976105,0.5185563564300537,0.012225574813783169,0.010298450477421284,0.038542490452528,0.04938729852437973,0.4246917963027954,0.00015120586456836467
947,0.00040768765029497445,0.0002909320464823395,0.002335112076252699,0.00299214874394238,0.06226779893040657,0.037078965455293655,0.23481813073158264,0.3008895218372345,0.025338059291243553,0.025338059291243553,0.5339116454124451,0.01270862016826868,0.01077177468687296,0.038736917078495026,0.049636419862508774,0.43992525339126587,0.00015043983324823402
948,0.00040914109558798373,0.0002905123692471534,0.002372574177570641,0.0030401517869904637,0.06215578690171242,0.03754591941833496,0.23573562502861023,0.3020651936531067,0.0257591400295496,0.0257591400295496,0.5463342666625977,0.013119308277964592,0.011168517172336578,0.03901582583785057,0.04999381676316261,0.4523225426673889,0.00014967636912154703
949,0.00043026942876167595,0.00030787628929829225,0.0024478629929944873,0.0031366245821118355,0.06387818418443203,0.0371558852493763,0.23451769351959229,0.30050456523895264,0.025429999455809593,0.025429999455809593,0.5387718081474304,0.012846113182604313,0.010905154049396515,0.03881918638944626,0.049741845577955246,0.4450858235359192,0.0001489154774210012
950,0.0004022429930046201,0.00028563058003783226,0.0023322481429204345,0.0029884789837524295,0.06175969913601875,0.03638609126210213,0.23278632760047913,0.2982860207557678,0.02474677562713623,0.02474677562713623,0.5199049115180969,0.012238165363669395,0.010309716686606407,0.038568973541259766,0.04942123219370842,0.4262239933013916,0.00014815716336166314
951,0.0004156835493631661,0.0002964730156236328,0.0023842104710638523,0.003055062028579414,0.06306095607578754,0.036399733275175095,0.2328859120607376,0.29841363430023193,0.024755436927080154,0.024755436927080154,0.520304799079895,0.01227074209600687,0.01033817045390606,0.03865142539143562,0.0495268814265728,0.4268980622291565,0.00014740143214093265
952,0.0004168097075307742,0.00029865416581742465,0.002363110543228686,0.0030280251521617174,0.06316768750548363,0.03671860694885254,0.23378366231918335,0.2995639741420746,0.02502942457795143,0.02502942457795143,0.5271328091621399,0.012481768615543842,0.010548538528382778,0.038664598017930984,0.049543753266334534,0.43374010920524597,0.00014664828893850676
953,0.00042615123675204813,0.00030669918487546965,0.002389041124843061,0.0030612520640715957,0.0636975597590208,0.03749536722898483,0.2354355901479721,0.3016807436943054,0.025723587721586227,0.025723587721586227,0.5467847585678101,0.01310781855136156,0.011157141998410225,0.039013538509607315,0.049990881234407425,0.4529854655265808,0.00014589773891634448
954,0.00041873427107930183,0.0002979440687340684,0.0024158041924238205,0.0030955453403294086,0.06261982582509518,0.0370178297162056,0.23422101140022278,0.3001243770122528,0.025306779891252518,0.025306779891252518,0.5351036787033081,0.012718015350401402,0.010785266757011414,0.03865497559309006,0.04953142628073692,0.44165629148483276,0.00014514978721863196
955,0.0004121149977436289,0.00029536974034272134,0.0023349049733951688,0.0029918834334239364,0.06252975389361382,0.03643641248345375,0.23300467431545258,0.2985658049583435,0.024786178022623062,0.024786178022623062,0.5196707248687744,0.012234312482178211,0.010315666906535625,0.038372915238142014,0.04917000234127045,0.42629316449165344,0.00014440443897174618
956,0.00041230363422073424,0.00029477775387931615,0.002350517315790057,0.003011888707987964,0.06249802000820637,0.03671278804540634,0.2336537390947342,0.2993974983692169,0.025030098855495453,0.025030098855495453,0.527299702167511,0.012453783303499222,0.010525436140596867,0.038566939532756805,0.049418628215789795,0.43323761224746704,0.00014366169928422062
957,0.0004073450108990073,0.00029132932831998914,0.0023203135933727026,0.002973186085000634,0.06236392259597778,0.03700623661279678,0.23425187170505524,0.30016395449638367,0.02529364451766014,0.02529364451766014,0.5354832410812378,0.012720979750156403,0.010783970355987549,0.038740187883377075,0.04964062198996544,0.4418587386608124,0.00014292157324670982
958,0.00040755777445156127,0.0002912141499109566,0.0023268723161891103,0.002981590456329286,0.06204269453883171,0.03683425113558769,0.2339763343334198,0.29981088638305664,0.025135435163974762,0.025135435163974762,0.5298137068748474,0.012521679513156414,0.010592015460133553,0.03859328851103783,0.04945238307118416,0.43568986654281616,0.00014218406593195502
959,0.00040071540570352226,0.0002851796889444813,0.002310714218765497,0.0029608859913423657,0.061558570712804794,0.03681906685233116,0.23391571640968323,0.2997331917285919,0.02512327954173088,0.02512327954173088,0.5295758247375488,0.012512520886957645,0.01058313436806202,0.038587722927331924,0.049445249140262604,0.43548357486724854,0.0001414491823947486
960,0.00040000418084673584,0.0002849590528057888,0.0023009026190266013,0.0029483138350769877,0.06156600080430508,0.03679987043142319,0.23385505378246307,0.2996554672718048,0.025107119232416153,0.025107119232416153,0.5298289060592651,0.012509636580944061,0.010580319911241531,0.0385863296687603,0.04944346472620964,0.4357905089855194,0.00014071692767189998
961,0.0003997615567641333,0.00028476284205680713,0.002299974439665675,0.0029471241869032383,0.061556555330753326,0.03689702972769737,0.23413896560668945,0.3000192642211914,0.0251900814473629,0.0251900814473629,0.5324841737747192,0.012592431157827377,0.010659140534698963,0.03866581246256828,0.04954531416296959,0.4383687376976013,0.0001399873067822011
962,0.00040107141830958426,0.00028604271210497245,0.0023005743278190494,0.002947893110103905,0.0617423914372921,0.03677308186888695,0.23393061757087708,0.29975229501724243,0.025076549500226974,0.025076549500226974,0.529650866985321,0.012517793104052544,0.010584648698568344,0.03866289556026459,0.049541573971509933,0.4359242618083954,0.00013926032472639198
963,0.00039991995436139405,0.00028471346013247967,0.0023041298845782876,0.0029524489073082805,0.06140379421412945,0.036885395646095276,0.23417644202709198,0.300067275762558,0.025176571682095528,0.025176571682095528,0.5325788855552673,0.012615134008228779,0.01067941915243864,0.038714297115802765,0.04960744455456734,0.43892091512680054,0.00013853598648712619
964,0.0004081627557752654,0.00029260158771649003,0.0023112233029678464,0.0029615380335599184,0.06220359541475773,0.036719296127557755,0.2338847517967224,0.2996935248374939,0.025025058537721634,0.025025058537721634,0.5272678136825562,0.01244320161640644,0.010514804162085056,0.03856794908642769,0.04941991716623306,0.4335406422615051,0.00013781429702893668
965,0.00041004746162798256,0.0002944941370515153,0.0023110666079446673,0.0029613374499604106,0.06265630386769772,0.037032436579465866,0.23447290062904358,0.30044716596603394,0.025308791548013687,0.025308791548013687,0.536300539970398,0.01272575929760933,0.010787594132125378,0.038763295859098434,0.04967022314667702,0.4423699378967285,0.0001370952612982025
966,0.00040062316111288965,0.0002851849640137516,0.0023087641457095742,0.0029583872528746724,0.06145315617322922,0.03687248378992081,0.23408855497837067,0.29995468258857727,0.025168057531118393,0.025168057531118393,0.5330928564071655,0.012626106850802898,0.01068915892392397,0.038738951086997986,0.049639031291007996,0.4394596815109253,0.00013637888422311393
967,0.00040544923103880137,0.00029012328013777733,0.0023065191926434636,0.002955510630272329,0.062150947749614716,0.036514900624752045,0.23338529467582703,0.2990535795688629,0.024845637381076813,0.024845637381076813,0.5234812498092651,0.012315597385168076,0.0103894779458642,0.0385223813354969,0.04936152324080467,0.4300178289413452,0.0001356651707136392
968,0.00040270206227432936,0.0002874071360565722,0.0023058983497321606,0.002954714698716998,0.06188116408884525,0.03667467087507248,0.23370952904224396,0.299468994140625,0.02498919516801834,0.02498919516801834,0.527524471282959,0.012458745390176773,0.010530565865337849,0.03856359422206879,0.049414340406656265,0.4344952702522278,0.0001349541256614906
969,0.0003963441267842427,0.00028181561356177554,0.0022905701771378517,0.0029350739205256104,0.06109870225191116,0.03698710724711418,0.23440541326999664,0.30036070942878723,0.02526683732867241,0.02526683732867241,0.5356638431549072,0.012694353237748146,0.010758684016764164,0.03871338441967964,0.04960627108812332,0.441777765750885,0.00013424575394009169
970,0.00039876854862086475,0.00028347052284516394,0.002305960515514016,0.0029547945596277714,0.06129831075668335,0.03704074025154114,0.23448924720287323,0.3004681169986725,0.025316279381513596,0.025316279381513596,0.537286639213562,0.012729008682072163,0.010792689397931099,0.038726385682821274,0.04962293058633804,0.4429487884044647,0.0001335400604045427
971,0.00039819188532419503,0.00028309476329013705,0.0023019424406811595,0.0029496464412659407,0.06133806332945824,0.03683597594499588,0.2340185046195984,0.29986491799354553,0.02513504959642887,0.02513504959642887,0.5321747064590454,0.012569534592330456,0.010639315471053123,0.038604386150836945,0.04946659877896309,0.43816402554512024,0.00013283704989158803
972,0.00039628110243938863,0.00028195668710395694,0.002286488306708634,0.002929843496531248,0.06127034313976765,0.03662693127989769,0.2334759533405304,0.29916971921920776,0.02495313249528408,0.02495313249528408,0.5275309085845947,0.012438003905117512,0.010512633249163628,0.03850742056965828,0.049342356622219086,0.4344192147254944,0.00013213672721958315
973,0.00039962974551599473,0.0002847457508323714,0.0022976798936724663,0.002944184117950499,0.06149115040898323,0.03660302981734276,0.2335004359483719,0.2992010712623596,0.024928007274866104,0.024928007274866104,0.5263352990150452,0.012382733635604382,0.010458097793161869,0.03849270939826965,0.04932351037859917,0.43248653411865234,0.00013143909718846137
974,0.0003980414185207337,0.0002833558392012492,0.0022937115281820297,0.0029390992131084204,0.06127641163766384,0.03690611571073532,0.23417021334171295,0.3000592887401581,0.025197606533765793,0.025197606533765793,0.5338917970657349,0.012606705538928509,0.010674665682017803,0.03864079713821411,0.04951326176524162,0.43941211700439453,0.00013074416457970058
975,0.00041017284092959017,0.00029413995798677206,0.002320657717064023,0.00297362741548568,0.062383413314819336,0.03709365427494049,0.23444554209709167,0.3004120886325836,0.025371376425027847,0.025371376425027847,0.5399199724197388,0.012774256989359856,0.010836498811841011,0.038755159825086594,0.04965979978442192,0.4451117515563965,0.00013005193415629106
976,0.0004002354689873755,0.0002854420890798792,0.002295867772772908,0.0029418623307719827,0.06132143549621105,0.036619603633880615,0.23336826264858246,0.29903170466423035,0.024951189756393433,0.024951189756393433,0.5280629396438599,0.012426449917256832,0.010500391013920307,0.0385211706161499,0.04935998097062111,0.43440067768096924,0.00012936241066270287
977,0.0003971860569436103,0.000282930675894022,0.0022851076209917665,0.002928074332885444,0.061458855867385864,0.03649129718542099,0.2331644892692566,0.29877060651779175,0.0248330719769001,0.0248330719769001,0.5248613953590393,0.01232775766402483,0.010404372587800026,0.03846769779920578,0.049291446805000305,0.43138420581817627,0.00012867559882485266
978,0.00040502169576939195,0.00029013241874054074,0.0022977852495387197,0.0029443190433084965,0.06212863698601723,0.036594752222299576,0.23351043462753296,0.2992139160633087,0.024919230490922928,0.024919230490922928,0.527052640914917,0.012393515557050705,0.01046859659254551,0.03849837929010391,0.04933077469468117,0.4334605932235718,0.00012799150335007184
979,0.00039416317304130644,0.00027999276062473655,0.002283408190123737,0.0029258967842906713,0.06097448244690895,0.037073537707328796,0.23465311527252197,0.3006780445575714,0.025340883061289787,0.025340883061289787,0.538569450378418,0.012741937302052975,0.010807300917804241,0.03869272768497467,0.04957980290055275,0.4440857172012329,0.00012731012892707418
980,0.0003993204445578158,0.0002837919309968129,0.002310570445843041,0.0029607017058879137,0.06135029345750809,0.03711386024951935,0.234621062874794,0.30063700675964355,0.02538280561566353,0.02538280561566353,0.5405288934707642,0.01279593538492918,0.010860816575586796,0.03870236873626709,0.04959215968847275,0.4462093114852905,0.00012663148022592377
981,0.00039788830326870084,0.0002830401645042002,0.0022969626588746905,0.0029432650189846754,0.06130640208721161,0.03675451874732971,0.23372501134872437,0.2994888126850128,0.025068268179893494,0.025068268179893494,0.5320117473602295,0.012514990754425526,0.01058804988861084,0.038538817316293716,0.049382589757442474,0.437775194644928,0.00012595556189800284
982,0.0003936696448363364,0.00027994022821076214,0.0022745883325114846,0.0029145953012630343,0.061030562967061996,0.03654690831899643,0.23320060968399048,0.29881685972213745,0.024886878207325935,0.024886878207325935,0.5275309681892395,0.01236695609986782,0.010443123057484627,0.038476668298244476,0.049302954226732254,0.4334094524383545,0.00012528237857597978
983,0.0003989769029431045,0.00028445310454117134,0.002290475880727172,0.0029349533142521977,0.061705728992819786,0.03650795668363571,0.23315510153770447,0.2987585663795471,0.02485020086169243,0.02485020086169243,0.5265896320343018,0.012345665134489536,0.010421845130622387,0.03847639262676239,0.0493025928735733,0.4328364133834839,0.00012461193487377773
984,0.0003945021890103817,0.00028096796449972317,0.002270684693939984,0.0029095931677147746,0.061263348907232285,0.036850303411483765,0.23399066925048828,0.29982927441596985,0.02515076845884323,0.02515076845884323,0.5347044467926025,0.012604087591171265,0.010675374418497086,0.03857426717877388,0.049428004771471024,0.4409504234790802,0.00012394423538654298
985,0.0003959520399803296,0.00028168434801045805,0.0022853538393974304,0.002928389934822917,0.061236098408699036,0.037028130143880844,0.23442943394184113,0.3003914952278137,0.02530665695667267,0.02530665695667267,0.5387932062149048,0.01271788775920868,0.010786738246679306,0.03862299397587776,0.04949045181274414,0.4443686008453369,0.0001232792846906129
986,0.0003993698046542704,0.00028455108986236155,0.0022963741794228554,0.002942511113360524,0.06150547415018082,0.03672395274043083,0.23373068869113922,0.2994961142539978,0.02503741718828678,0.02503741718828678,0.5307934880256653,0.012469702400267124,0.010547517798841,0.03844369575381279,0.0492606982588768,0.43668121099472046,0.000122617087343485
987,0.0003926585923181847,0.00027930972282774746,0.002266977448016405,0.00290484307333827,0.060897598043084145,0.03669179603457451,0.23359359800815582,0.2993204593658447,0.025012116879224777,0.025012116879224777,0.5304496884346008,0.012457122094929218,0.01053458172827959,0.03845081478357315,0.049269821494817734,0.43622449040412903,0.00012195764788378597
988,0.00039477353857364506,0.00028148270212113857,0.0022658167872577906,0.0029033555183559656,0.06116935610771179,0.03670563921332359,0.23350359499454498,0.29920512437820435,0.025030460208654404,0.025030460208654404,0.5323063135147095,0.012520375661551952,0.01059503573924303,0.03850679099559784,0.04934154823422432,0.4385874271392822,0.00012130097083123988
989,0.0003917529684258625,0.00027851448976434767,0.0022647695150226355,0.0029020135989412665,0.06083960831165314,0.03665092960000038,0.23340529203414917,0.29907917976379395,0.024980664253234863,0.024980664253234863,0.5313342213630676,0.012497751042246819,0.010571401566267014,0.0385269857943058,0.04936743155121803,0.4379408359527588,0.00012064706068663775
990,0.0003982069611083716,0.0002847688811016269,0.002268761512823403,0.002907128888182342,0.061582326889038086,0.03655346482992172,0.2333276867866516,0.2989797294139862,0.0248870812356472,0.0248870812356472,0.5282735824584961,0.01240534707903862,0.010480860248208046,0.03848973289132118,0.049319684505462646,0.4349789619445801,0.00011999592193180642
991,0.0003965648211305961,0.00028260079852771014,0.002279280568473041,0.0029206076869741082,0.06092447228729725,0.036902181804180145,0.2341860681772232,0.30007967352867126,0.025192877277731895,0.025192877277731895,0.5370810031890869,0.012666329741477966,0.010731741786003113,0.03869175538420677,0.049578554928302765,0.44282832741737366,0.0001193475590295782
992,0.0003931474784621969,0.0002792526938719675,0.002277895458973944,0.0029188329353928566,0.06080072745680809,0.03686020150780678,0.2341233193874359,0.2999992370605469,0.025154035538434982,0.025154035538434982,0.5355289578437805,0.012612012214958668,0.010682322084903717,0.03859381005167961,0.049453046172857285,0.4412337839603424,0.00011870197642375958
993,0.0003918319707736373,0.0002784708922263235,0.002267221687361598,0.0029051557648926973,0.06078094616532326,0.0367518849670887,0.23382259905338287,0.2996138632297516,0.025060754269361496,0.025060754269361496,0.5333421230316162,0.012527787126600742,0.010602949187159538,0.038496751338243484,0.049328673630952835,0.4390726089477539,0.00011805917853910158
994,0.00039121149166021496,0.0002778935158858076,0.0022663595154881477,0.0029040509834885597,0.060723476111888885,0.036585647612810135,0.23343271017074585,0.29911428689956665,0.024914011359214783,0.024914011359214783,0.5291529893875122,0.012388440780341625,0.01046956516802311,0.038377512246370316,0.049175892025232315,0.435011625289917,0.00011741916978126905
995,0.00039725251554045826,0.00028371949156280607,0.002270660479553044,0.002909562084823847,0.061350200325250626,0.03652258217334747,0.23327839374542236,0.2989165782928467,0.024858662858605385,0.024858662858605385,0.5273619294166565,0.01233804039657116,0.010422231629490852,0.03831617534160614,0.04909730330109596,0.433593213558197,0.00011678195453681021
996,0.0003913874679710716,0.0002783710297080688,0.002260328852571547,0.0028963234508410096,0.06074324622750282,0.036828916519880295,0.23389220237731934,0.29970309138298035,0.025134306401014328,0.025134306401014328,0.5356014966964722,0.012614162638783455,0.010689315386116505,0.0384969525039196,0.049328938126564026,0.442126989364624,0.00011614753717312706
997,0.00040734303183853626,0.0002919895632658154,0.0023070693714544177,0.002956215525045991,0.062027186155319214,0.03707007318735123,0.2343422919511795,0.30027976632118225,0.02535295858979225,0.02535295858979225,0.5425638556480408,0.012823955155909061,0.010888979770243168,0.038699500262737274,0.049588486552238464,0.4485265910625458,0.00011551592203844503
998,0.0003953761770389974,0.0002810818696161732,0.002285886090248823,0.002929072128608823,0.06098630279302597,0.03662196546792984,0.2333763688802719,0.29904210567474365,0.024953145533800125,0.024953145533800125,0.5307818055152893,0.012449365109205246,0.010524921119213104,0.03848888352513313,0.04931860417127609,0.4368412494659424,0.00011488711346178371
999,0.00039236110751517117,0.0002796275948639959,0.002254670253023505,0.0028890727553516626,0.061107099056243896,0.03636803478002548,0.23287174105644226,0.2983954846858978,0.02472444623708725,0.02472444623708725,0.5240087509155273,0.012245097197592258,0.010325462557375431,0.038392700254917145,0.04919535294175148,0.4302893877029419,0.00011426111575292664
1000,0.0003975776780862361,0.00028350838692858815,0.0022813858231529593,0.002923305262811482,0.06137770973145962,0.03650612756609917,0.23335230350494385,0.2990112602710724,0.024838510900735855,0.024838510900735855,0.5268875360488892,0.012307987548410892,0.010388754308223724,0.03838466852903366,0.04918506741523743,0.43248987197875977,0.00011363793320239197
1001,0.0003893986431648955,0.00027718865021597594,0.0022441998589783907,0.0028756560059264302,0.06084398925304413,0.03691546618938446,0.23426097631454468,0.30017560720443726,0.025202415883541107,0.025202415883541107,0.5374802350997925,0.012634286656975746,0.01070877443999052,0.038510240614414215,0.04934597387909889,0.4430629312992096,0.00011301757008140304
1002,0.00039106440090108663,0.00027745576517190784,0.002272172598168254,0.002911499817855656,0.060639239847660065,0.03697805479168892,0.23430174589157104,0.3002278506755829,0.025262968614697456,0.025262968614697456,0.5394117832183838,0.012709029950201511,0.010782591998577118,0.03852875903248787,0.0493696965277195,0.4454643130302429,0.00011240003064185949
1003,0.0003933467378374189,0.00027985645283479244,0.0022698057582601905,0.002908466965891421,0.060916632413864136,0.03670557960867882,0.23355908691883087,0.2992762327194214,0.025027625262737274,0.025027625262737274,0.5334553122520447,0.012510456144809723,0.010589741170406342,0.038414306938648224,0.049223046749830246,0.43969184160232544,0.00011178531911630718
1004,0.0003944423369830474,0.0002817528074956499,0.002253790502436459,0.0028879455057904124,0.06110026501119137,0.03645684942603111,0.23299434781074524,0.298552542924881,0.02480713278055191,0.02480713278055191,0.5274320244789124,0.012320478446781635,0.010403456166386604,0.03834043815732002,0.04912839084863663,0.43379825353622437,0.0001111734397179102
1005,0.00039093206578399986,0.0002779561036732048,0.0022595191840082407,0.002895285841077566,0.06081409007310867,0.0365862213075161,0.2333877682685852,0.299056738615036,0.02491683140397072,0.02491683140397072,0.5307623744010925,0.012398451566696167,0.010476255789399147,0.038443922996520996,0.04926099255681038,0.43620434403419495,0.00011056439664042159
1006,0.0003940414317185059,0.00028091917920392007,0.002262445050291717,0.0028990351129323244,0.061049290001392365,0.0369650200009346,0.23428401350975037,0.30020514130592346,0.025250820443034172,0.025250820443034172,0.5403327941894531,0.0126797528937459,0.010749395936727524,0.03860713168978691,0.04947012662887573,0.44493967294692993,0.00010995819405815428
1007,0.00039066684257704765,0.0002773558226181194,0.0022662205155938864,0.0029038729844614863,0.06056337244808674,0.03687434643507004,0.23403650522232056,0.2998879551887512,0.02517252042889595,0.02517252042889595,0.538068950176239,0.012612925842404366,0.010687810368835926,0.03850231692194939,0.049335818737745285,0.44315099716186523,0.00010935483612595288
1008,0.00038908200804144144,0.00027634124853648245,0.0022548154229298234,0.0028892590198665857,0.060485370457172394,0.03667093813419342,0.2334694117307663,0.29916131496429443,0.024997465312480927,0.024997465312480927,0.5339794158935547,0.012478251941502094,0.010558833368122578,0.038388364017009735,0.04918980225920677,0.43966221809387207,0.00010875432697916504
1009,0.0003955489082727581,0.00028255884535610676,0.002259801491163671,0.002895647892728448,0.06137827783823013,0.036345675587654114,0.23279352486133575,0.298295259475708,0.024705998599529266,0.024705998599529266,0.5255492329597473,0.012225942686200142,0.010314290411770344,0.03823304548859596,0.04899077117443085,0.43184855580329895,0.00010815667073361336
1010,0.0003916143177775666,0.0002787163102766499,0.0022579601500183344,0.0028932885034009814,0.060809243470430374,0.03659471496939659,0.23342680931091309,0.2991067171096802,0.024923373013734818,0.024923373013734818,0.5320756435394287,0.012433275580406189,0.010513605549931526,0.03839339688420296,0.04919624701142311,0.43807435035705566,0.00010756187148556673
1011,0.0003903421893483028,0.00027791443426394835,0.0022485549561679363,0.0028812370728701353,0.060699231922626495,0.03669817000627518,0.23383627831935883,0.29963141679763794,0.025006353855133057,0.025006353855133057,0.5336366295814514,0.012481787241995335,0.01056000404059887,0.03843566030263901,0.04925040155649185,0.4392525553703308,0.00010696993331171266
1012,0.0003862705343635753,0.00027397237136028707,0.0022459630854427814,0.002877915627323091,0.060242846608161926,0.03687586635351181,0.23424434661865234,0.30015426874160767,0.025163650512695312,0.025163650512695312,0.5375689268112183,0.01261074747890234,0.010685155168175697,0.03851184993982315,0.04934803768992424,0.4428757429122925,0.00010638086026912896
1013,0.0003884416801156476,0.0002754168526735157,0.002260496374219656,0.0028965382371097803,0.060356516391038895,0.036895930767059326,0.2340996414422989,0.2999688386917114,0.02519094944000244,0.02519094944000244,0.5389280319213867,0.012655718252062798,0.010729070752859116,0.03853295370936394,0.04937507212162018,0.44440901279449463,0.0001057946563952565
1014,0.0003881020093103871,0.00027563163894228637,0.0022494071163237095,0.0028823288157582283,0.06046455726027489,0.03663156181573868,0.233323872089386,0.29897481203079224,0.02496536821126938,0.02496536821126938,0.5331025123596191,0.01249499712139368,0.010574441403150558,0.03841111436486244,0.049218952655792236,0.43969598412513733,0.00010521132570787084
1015,0.0003910528321284801,0.0002787636040011421,0.002245784387923777,0.0028776867548003793,0.060821203514933586,0.0363801084458828,0.23279106616973877,0.2982921302318573,0.0247405543923378,0.0247405543923378,0.5266460180282593,0.01228304859250784,0.010369203984737396,0.038276899605989456,0.049046970903873444,0.43323129415512085,0.00010463087220505528
1016,0.0003889927756972611,0.00027677173784468323,0.0022444205824285746,0.002875939244404435,0.0605931393802166,0.03649584949016571,0.23314039409160614,0.2987397313117981,0.024838827550411224,0.024838827550411224,0.5290359258651733,0.01236037164926529,0.010445008985698223,0.03830726072192192,0.04908587411046028,0.43553492426872253,0.00010405329986517322
1017,0.0003853624366456643,0.0002734075969783589,0.002239096676930785,0.0028691174229606986,0.060110606253147125,0.03679452836513519,0.2338675856590271,0.2996715307235718,0.02510114759206772,0.02510114759206772,0.5367147922515869,0.012573499232530594,0.010650817304849625,0.03845363110303879,0.04927343130111694,0.4423028230667114,0.00010347861264684072
1018,0.00039721404027659446,0.0002836671774275601,0.0022709370823577046,0.00290991656947881,0.06127329729497433,0.036985788494348526,0.23420533537864685,0.3001043200492859,0.025275520980358124,0.025275520980358124,0.5422897338867188,0.012732629664242268,0.010805513709783554,0.03854232281446457,0.04938707873225212,0.4475577771663666,0.00010290681448889955
1019,0.0003904766490450129,0.000277943181572482,0.002250669407658279,0.002883946057409048,0.06065582111477852,0.03659588098526001,0.23334424197673798,0.29900094866752625,0.024928666651248932,0.024928666651248932,0.5322974324226379,0.012402268126606941,0.010485383681952953,0.03833768889307976,0.049124862998723984,0.4375208020210266,0.00010233790931039032
1020,0.0003848946507787332,0.00027313793543726206,0.00223513413220644,0.002864039735868573,0.06021752581000328,0.03648551553487778,0.233076810836792,0.29865825176239014,0.024831674993038177,0.024831674993038177,0.5300068259239197,0.012331520207226276,0.010416880249977112,0.03829280659556389,0.04906735569238663,0.4354715347290039,0.0001017719010105255
1021,0.0003879933065036312,0.0002758810296654701,0.002242245594970882,0.002873151912353933,0.06041974574327469,0.03655097261071205,0.2332657426595688,0.2989003360271454,0.024887684732675552,0.024887684732675552,0.5319864749908447,0.012397999875247478,0.010480830445885658,0.03834338113665581,0.04913216084241867,0.437583327293396,0.00010120879346866256
1022,0.00038489821599796414,0.00027331685123499483,0.0022316271206364036,0.0028595461044460535,0.060240838676691055,0.036548130214214325,0.23336261510849,0.2990244925022125,0.024880001321434975,0.024880001321434975,0.531275749206543,0.012376127764582634,0.010461023077368736,0.03830209746956825,0.04907926172018051,0.4368956685066223,0.00010064859054427746
1023,0.0003904802433680743,0.00027852402126882225,0.00223912438377738,0.002869152696803212,0.06049560569226742,0.036770716309547424,0.233815997838974,0.29960545897483826,0.025079917162656784,0.025079917162656784,0.5375211238861084,0.012576748616993427,0.010654168203473091,0.03845161199569702,0.04927084967494011,0.4431179463863373,0.00010009129607693832
1024,0.000389674911275506,0.0002776121546048671,0.002241255366243422,0.0028718834510073066,0.06048004329204559,0.0365910679101944,0.23342590034008026,0.29910558462142944,0.024919774383306503,0.024919774383306503,0.5321290493011475,0.012411842122673988,0.010494614019989967,0.03834456950426102,0.04913368076086044,0.4378174841403961,9.953691388627918e-05
1025,0.00038633403892163187,0.0002745824458543211,0.0022350316867232323,0.002863908652216196,0.06017358601093292,0.03668512403964996,0.23355400562286377,0.2992697060108185,0.025007423013448715,0.025007423013448715,0.5351017713546753,0.01249608676880598,0.010575133375823498,0.03841906040906906,0.04922914132475853,0.4405404031276703,9.898544777197328e-05
1026,0.00038347982626874,0.0002719466428970918,0.0022306637838482857,0.002858311519958079,0.059970857575535774,0.036634258925914764,0.2333783358335495,0.2990446090698242,0.02496534027159214,0.02496534027159214,0.53404700756073,0.012467509135603905,0.010547474958002567,0.03840067982673645,0.049205582588911057,0.4396623373031616,9.843690151370771e-05
1027,0.0003825053572654724,0.0002712986315600574,0.0022241345141083,0.002849945332854986,0.0599361676722765,0.03652966767549515,0.23313188552856445,0.2987288236618042,0.024873072281479836,0.024873072281479836,0.5316059589385986,0.012384602800011635,0.01046673208475113,0.03835741803050041,0.049150146543979645,0.43721482157707214,9.789127887115725e-05
1028,0.0003878321003867313,0.00027632617275230587,0.0022301183780655265,0.0028576123295351863,0.060566987842321396,0.03643599525094032,0.23299585282802582,0.29855450987815857,0.024786202237010002,0.024786202237010002,0.5291681885719299,0.01230554562062025,0.010390624403953552,0.03829842805862427,0.04907456412911415,0.43490326404571533,9.734858358395826e-05
1029,0.0003829602210316807,0.00027188083913642913,0.0022215875796973705,0.0028466813964769244,0.06009843200445175,0.03664414584636688,0.23346799612045288,0.29915952682495117,0.02497074380517006,0.02497074380517006,0.5348009467124939,0.01246833149343729,0.010551288723945618,0.03834085538983345,0.04912891983985901,0.4404448866844177,9.680881937168352e-05
1030,0.0003828088229056448,0.0002715443624765612,0.002225288888439536,0.0028514243895187974,0.05993685871362686,0.036808572709560394,0.23382680118083954,0.29961925745010376,0.025117233395576477,0.025117233395576477,0.5391654968261719,0.012601183727383614,0.010680974461138248,0.0384041927754879,0.049210075289011,0.44473373889923096,9.627198993381637e-05
1031,0.00038491227314807475,0.0002730145206442103,0.0022379549918696284,0.0028676544316112995,0.060015447437763214,0.036762602627277374,0.23372682929039001,0.29949116706848145,0.025076260790228844,0.025076260790228844,0.538460373878479,0.012567208148539066,0.010646183975040913,0.03842049092054367,0.049230966717004776,0.44375747442245483,9.573809894972587e-05
1032,0.00038446114922408015,0.0002729271800490096,0.002230679150670767,0.0028583314269781113,0.06007039546966553,0.03661558777093887,0.23337383568286896,0.299038827419281,0.024946894496679306,0.024946894496679306,0.5354043841362,0.01246015913784504,0.010540932416915894,0.03838454186916351,0.049184899777173996,0.44066813588142395,9.520715007864097e-05
1033,0.00038244324969127774,0.0002714007714530453,0.0022208496229723096,0.0028457362204790115,0.05997154861688614,0.03637886047363281,0.232924222946167,0.29846274852752686,0.024732649326324463,0.024732649326324463,0.5287633538246155,0.012269844301044941,0.010356280952692032,0.03827126324176788,0.049039747565984726,0.4344552755355835,9.46791469596257e-05
1034,0.00038743157347198576,0.0002755616296781227,0.002237398992292583,0.002866941737011075,0.06035581976175308,0.036359090358018875,0.23294158279895782,0.2984849810600281,0.024712011218070984,0.024712011218070984,0.5274755954742432,0.012234828434884548,0.010325264185667038,0.038191284984350204,0.04893726855516434,0.43337059020996094,9.415409321155435e-05
1035,0.000383188234991394,0.00027204920479562134,0.002222780603915453,0.0028482102788984776,0.06017310917377472,0.03661558777093887,0.2335433065891266,0.29925602674484253,0.024938423186540604,0.024938423186540604,0.533576250076294,0.012429856695234776,0.010516902431845665,0.03825909271836281,0.04902415722608566,0.43948453664779663,9.363199243308662e-05
1036,0.00038729341758880764,0.0002750023268163204,0.002245821407996118,0.002877733903005719,0.06017800234258175,0.03692159801721573,0.23418119549751282,0.30007338523864746,0.025212539359927177,0.025212539359927177,0.5417696237564087,0.012684463523328304,0.010762308724224567,0.03844308853149414,0.04925992339849472,0.44731342792510986,9.31128482026426e-05
1037,0.00038673001108691096,0.0002745987003436312,0.002242626156657934,0.0028736398089677095,0.06016886606812477,0.036700259894132614,0.2336547076702118,0.2993987798690796,0.025017524138092995,0.025017524138092995,0.5364335775375366,0.012518140487372875,0.010599780827760696,0.03836720064282417,0.04916267842054367,0.4421809911727905,9.259666407837888e-05
1038,0.0003832489310298115,0.00027210071857552975,0.002222964190877974,0.0028484452050179243,0.060082096606492996,0.03647609427571297,0.23313914239406586,0.29873812198638916,0.024819135665893555,0.024819135665893555,0.5311360359191895,0.012340174987912178,0.010425839573144913,0.038286712020635605,0.04905955120921135,0.43688780069351196,9.208344359816365e-05
1039,0.0003827337350230664,0.00027186371153220534,0.002217400702647865,0.0028413166292011738,0.05991750583052635,0.03653669357299805,0.23325634002685547,0.29888829588890076,0.024873875081539154,0.024873875081539154,0.5333820581436157,0.012406766414642334,0.0104894507676363,0.0383463129401207,0.04913591966032982,0.43915122747421265,9.157319027955257e-05
1040,0.00038402822974603623,0.00027314973704051226,0.0022175696212798357,0.002841533161699772,0.06021576747298241,0.036469921469688416,0.23315609991550446,0.2987598478794098,0.024812117218971252,0.024812117218971252,0.5315407514572144,0.012340971268713474,0.010426091030240059,0.03829760476946831,0.04907350614666939,0.4372695982456207,9.106590761976478e-05
1041,0.0003813522489508614,0.00027080059226136655,0.002211033133789897,0.0028331574285402894,0.05992443487048149,0.036678388714790344,0.23360615968704224,0.2993365526199341,0.024998079985380173,0.024998079985380173,0.536882758140564,0.012510525994002819,0.010590890422463417,0.03839270770549774,0.049195367842912674,0.44246089458465576,9.056159909565868e-05
1042,0.00038076951750554144,0.0002699561882764101,0.0022162668174132705,0.002839863649569452,0.059742704033851624,0.03674851730465889,0.23379386961460114,0.2995770573616028,0.025058822706341743,0.025058822706341743,0.5383449196815491,0.012544333003461361,0.010623551905155182,0.03841562941670418,0.04922473058104515,0.4433538317680359,9.006026816370866e-05
1043,0.00038144877180457115,0.0002706400991883129,0.0022161734523251653,0.0028397440910339355,0.059845827519893646,0.03659287467598915,0.23342585563659668,0.29910552501678467,0.024921581149101257,0.024921581149101257,0.5342870950698853,0.012420715764164925,0.010505272075533867,0.038308870047330856,0.04908793792128563,0.43964511156082153,8.956191825998066e-05
1044,0.00037990641430951655,0.0002693125352379866,0.0022118776105344296,0.002834239392541349,0.059683142229914665,0.03655402362346649,0.23327524960041046,0.29891252517700195,0.024890262633562088,0.024890262633562088,0.5341329574584961,0.012414857745170593,0.010499617084860802,0.03830481320619583,0.049082741141319275,0.439760684967041,8.90665528001092e-05
1045,0.0003819628618657589,0.000271309312665835,0.0022130708675831556,0.002835768391378224,0.05990317650139332,0.036587487906217575,0.23331639170646667,0.2989652752876282,0.024921666830778122,0.024921666830778122,0.5355587601661682,0.012452970258891582,0.010537708178162575,0.03830524906516075,0.049083296209573746,0.4412685036659241,8.85741751792735e-05
1046,0.0003841876896331087,0.00027328393480274826,0.0022180750966072083,0.002842180896550417,0.060048794373869896,0.0366087444126606,0.23333203792572021,0.2989852726459503,0.02494214102625847,0.02494214102625847,0.5366004705429077,0.012492725625634193,0.01057526096701622,0.03834929317235947,0.049139734357595444,0.4424384832382202,8.808478877217474e-05
1047,0.0003794228832703084,0.00026897143106907606,0.0022090290440246463,0.002830589422956109,0.0597535464912653,0.0364367850124836,0.23300962150096893,0.2985721230506897,0.02478630468249321,0.02478630468249321,0.5317252278327942,0.012335257604718208,0.010421769693493843,0.0382697619497776,0.04903782531619072,0.437292218208313,8.75983969330127e-05
1048,0.00038615196535829455,0.0002754270826699212,0.0022144975373521447,0.0028375964611768723,0.06044587306678295,0.03633401542901993,0.23281143605709076,0.29831820726394653,0.0246934425085783,0.0246934425085783,0.5284671783447266,0.01223607175052166,0.010325746610760689,0.03820649906992912,0.04895676299929619,0.43406611680984497,8.711500299546234e-05
1049,0.00037973152939230204,0.0002693999485927634,0.0022066313540562987,0.0028275172226130962,0.05981173552572727,0.03655032813549042,0.23326019942760468,0.29889318346977234,0.024887319654226303,0.024887319654226303,0.5341314077377319,0.012405765242874622,0.010492593981325626,0.03826342895627022,0.04902971535921097,0.4395555257797241,8.663461027265183e-05
1050,0.00037842745950911194,0.00026819829508895054,0.00220458343392238,0.00282489275559783,0.059609994292259216,0.03677447885274887,0.23370221257209778,0.29945963621139526,0.025089368224143982,0.025089368224143982,0.5401003956794739,0.012589618563652039,0.010672656819224358,0.038339242339134216,0.04912685975432396,0.4454815089702606,8.615722205713893e-05
1051,0.0003801891871262342,0.00026920529489871114,0.002219677669927478,0.0028442339971661568,0.059618545696139336,0.03671490401029587,0.233506977558136,0.29920947551727295,0.0250395555049181,0.0250395555049181,0.5387724041938782,0.012559493072330952,0.010643940418958664,0.038311053067445755,0.049090735614299774,0.44453680515289307,8.568284162088912e-05
1052,0.0003804075240623206,0.0002694863796932623,0.0022184227127581835,0.0028426264179870486,0.05962776765227318,0.036637455224990845,0.23329706490039825,0.2989404499530792,0.02497260272502899,0.02497260272502899,0.5370706915855408,0.012508830986917019,0.010593919083476067,0.038298238068819046,0.04907431825995445,0.44298025965690613,8.521147221525264e-05
1053,0.00037960102781653404,0.00026929943851428106,0.002206031931564212,0.002826749114319682,0.05964176915585995,0.03637215122580528,0.23273588716983795,0.2982214093208313,0.024735357612371445,0.024735357612371445,0.5303125977516174,0.01228981651365757,0.010381034575402737,0.03817563131451607,0.04891721159219742,0.4363378882408142,8.474311707094275e-05
1054,0.00038017476617824286,0.0002696685114642605,0.002210125094279647,0.002831993857398629,0.059703003615140915,0.03632169961929321,0.23267331719398499,0.2981412410736084,0.024688033387064934,0.024688033387064934,0.5289856195449829,0.012247717007994652,0.010339103639125824,0.038172271102666855,0.04891291260719299,0.43498504161834717,8.427777939801318e-05
1055,0.0003804961306741461,0.00027009112818632275,0.0022080998169258237,0.0028293986106291413,0.059676822274923325,0.0365496501326561,0.23323695361614227,0.2988634705543518,0.024887803941965103,0.024887803941965103,0.5351101160049438,0.012430700473487377,0.010514375753700733,0.03832650184631348,0.0491105280816555,0.4406682848930359,8.381546238583621e-05
1056,0.00037949002580717206,0.0002691864501684904,0.0022060717456042767,0.0028268001042306423,0.05964519456028938,0.03672296181321144,0.23365607857704163,0.2994005084037781,0.02504015900194645,0.02504015900194645,0.5395267009735107,0.012568163685500622,0.010648412629961967,0.03839501738548279,0.04919832572340965,0.44497042894363403,8.335616920308072e-05
1057,0.0003783734136959538,0.0002678096207091585,0.002211275976151228,0.0028334689559414983,0.059461809694767,0.03666118159890175,0.23354583978652954,0.299259215593338,0.02498389035463333,0.02498389035463333,0.5379064083099365,0.012505597434937954,0.010589534416794777,0.038321252912282944,0.04910380020737648,0.4431852102279663,8.289990299769094e-05
1058,0.00037907977821305394,0.00026876659103436396,0.0022062637144699693,0.0028270460898056626,0.05961133912205696,0.03658543899655342,0.23332621157169342,0.2989778220653534,0.02491912804543972,0.02491912804543972,0.5363443493843079,0.01245614979416132,0.010542860254645348,0.03826579824090004,0.049032747745513916,0.44183456897735596,8.244666689686438e-05
1059,0.00037659732333850116,0.00026662064192350954,0.0021995336282998323,0.0028184219263494015,0.059393614530563354,0.03643656522035599,0.23295901715755463,0.29850733280181885,0.024788612499833107,0.024788612499833107,0.5330246686935425,0.012355816550552845,0.010445741005241871,0.03820151090621948,0.04895037040114403,0.4389083981513977,8.199646400703035e-05
1060,0.0003842406877083704,0.00027366918220650405,0.002211429993622005,0.002833665697835386,0.06004908308386803,0.03623325377702713,0.23253989219665527,0.2979702651500702,0.024606257677078247,0.024606257677078247,0.5272641777992249,0.012187708169221878,0.010283946990966797,0.03807523101568222,0.04878855124115944,0.43357694149017334,8.154929741382928e-05
1061,0.0003804929001489654,0.00027006112941307947,0.0022086353274062276,0.002830084995366633,0.05983398295938969,0.03639096021652222,0.23295795917510986,0.298505961894989,0.024743063375353813,0.024743063375353813,0.5310018062591553,0.012284120544791222,0.010377190075814724,0.038138605654239655,0.04886976629495621,0.4367293119430542,8.110517018209074e-05
1062,0.0003803321669693105,0.0002702911151573062,0.002200820774305612,0.002820071647875011,0.05983763001859188,0.03675994649529457,0.233779177069664,0.29955822229385376,0.02507098764181137,0.02507098764181137,0.5401749610900879,0.012558418326079845,0.010643361136317253,0.038301143795251846,0.04907803609967232,0.445134699344635,8.066408535581314e-05
1063,0.0003782070707529783,0.00026751421683002263,0.002213857020251453,0.0028367757331579924,0.05942267179489136,0.036792658269405365,0.23382897675037384,0.2996220290660858,0.025101210922002792,0.025101210922002792,0.5409715175628662,0.01257756631821394,0.010662452317774296,0.03830227628350258,0.04907948151230812,0.4457571506500244,8.022604595814239e-05
1064,0.00037837329728063196,0.00026786504895426333,0.0022101650247350335,0.002832045080140233,0.05952354520559311,0.036592185497283936,0.23327626287937164,0.2989138066768646,0.024928372353315353,0.024928372353315353,0.5366973876953125,0.012455441057682037,0.010544401593506336,0.038220781832933426,0.048975057899951935,0.4422571361064911,7.979105499135165e-05
1065,0.00037707362207584083,0.0002671956463018432,0.002197559573687613,0.002815892919898033,0.05938931927084923,0.03648640960454941,0.23295287787914276,0.2984994351863861,0.0248387660831213,0.0248387660831213,0.5348480939865112,0.01239414419978857,0.010484527796506882,0.03819232061505318,0.04893859475851059,0.4406220316886902,7.935911543682016e-05
1066,0.00037510765832848847,0.0002655369899002835,0.00219141342677176,0.0028080171905457973,0.059264566749334335,0.03635035827755928,0.23266524076461792,0.2981308400630951,0.024717096239328384,0.024717096239328384,0.5312473773956299,0.012289232574403286,0.010382842272520065,0.03812780603766441,0.04885592684149742,0.43733662366867065,7.893023025501332e-05
1067,0.00037877497379668057,0.00026883964892476797,0.002198706497438252,0.0028173624305054545,0.05969768017530441,0.03629019111394882,0.23263290524482727,0.2980894446372986,0.02465854585170746,0.02465854585170746,0.5294790267944336,0.012231886386871338,0.010325904935598373,0.03811962902545929,0.048845455050468445,0.4354650378227234,7.850440238546205e-05
1068,0.00038241498987190425,0.00027212353597860783,0.0022058290196582675,0.0028264890424907207,0.0600384883582592,0.0363805927336216,0.2329796403646469,0.29853373765945435,0.02473161183297634,0.02473161183297634,0.530834436416626,0.012269382365047932,0.010362989269196987,0.03812785446643829,0.048855993896722794,0.43643128871917725,7.808163474674299e-05
1069,0.0003783483407460153,0.0002685477084014565,0.0021960126468911767,0.0028139108326286077,0.05951874703168869,0.03674938902258873,0.23377259075641632,0.29954981803894043,0.025060757994651794,0.025060757994651794,0.5405778884887695,0.012574221938848495,0.010658458806574345,0.038315266370773315,0.049096137285232544,0.4458528459072113,7.766193023645818e-05
1070,0.00037875633279327303,0.0002679488534340635,0.0022161495871841908,0.002839713473804295,0.059459388256073,0.03682228550314903,0.23385044932365417,0.29964956641197205,0.025129761546850204,0.025129761546850204,0.5429834127426147,0.012645012699067593,0.010727391578257084,0.038352418690919876,0.04914373531937599,0.44821688532829285,7.724529173121533e-05
1071,0.00037808617344126105,0.0002673509152373299,0.0022147048730403185,0.002837862470187247,0.05941266380250454,0.03662583976984024,0.2333241105079651,0.2989751398563385,0.024959633126854897,0.024959633126854897,0.5386484861373901,0.012493959628045559,0.010581204667687416,0.038255102932453156,0.04901904985308647,0.4438786208629608,7.683172208660811e-05
1072,0.0003805615706369281,0.0002706546656554565,0.0021981379250064492,0.0028166334377601743,0.05969013832509518,0.036284543573856354,0.2325463593006134,0.29797855019569397,0.024657223373651505,0.024657223373651505,0.5298330783843994,0.012233013287186623,0.010328330099582672,0.03809367120265961,0.04881218075752258,0.4357137084007263,7.64212241371966e-05
1073,0.0003768813330680132,0.00026711005193646997,0.002195425797253847,0.0028131589060649276,0.05951461009681225,0.036283381283283234,0.23258475959300995,0.29802775382995605,0.024654142558574677,0.024654142558574677,0.5299375057220459,0.012222415767610073,0.010318085551261902,0.038086604326963425,0.04880313575267792,0.43552839756011963,7.601380069648772e-05
1074,0.00037591221916954964,0.00026625073223840445,0.002193229738622904,0.0028103446820750833,0.05935787968337536,0.03646930679678917,0.2330465018749237,0.29861941933631897,0.024816982448101044,0.024816982448101044,0.5348677635192871,0.012372282333672047,0.010462772101163864,0.038190197199583054,0.04893587529659271,0.44027280807495117,7.560945455691606e-05
1075,0.00037824590981472284,0.00026867045380640775,0.002191508829127997,0.0028081394266337156,0.05965526960790157,0.036700643599033356,0.2335527539253235,0.29926809668540955,0.02502300590276718,0.02502300590276718,0.54100102186203,0.012565013021230698,0.010649459436535835,0.03831106424331665,0.049090754240751266,0.44622254371643066,7.520818848982493e-05
1076,0.00038080352533143014,0.00027020708512282,0.0022119289496913552,0.002834305167198181,0.059628305956721306,0.03672611713409424,0.23356537520885468,0.29928427934646606,0.025047848001122475,0.025047848001122475,0.5420074462890625,0.01259684283286333,0.010680126026272774,0.03833433985710144,0.04912056773900986,0.44729429483413696,7.481000524544694e-05
1077,0.00037968059768900275,0.00027003530703950673,0.0021929056383669376,0.002809929195791483,0.059767939150333405,0.03639577701687813,0.23287349939346313,0.2983977496623993,0.02475210279226303,0.02475210279226303,0.533056914806366,0.012310738675296307,0.010402238927781582,0.03817000240087509,0.0489099957048893,0.4383730888366699,7.441490755288545e-05
1078,0.00038037897320464253,0.000270757736871019,0.0021924248430877924,0.0028093132423236966,0.05992640554904938,0.03621958941221237,0.23252630233764648,0.2979528605937958,0.024593275040388107,0.024593275040388107,0.5282666683197021,0.012162293307483196,0.01025792770087719,0.03808731958270073,0.04880405217409134,0.4336000084877014,7.40228981200958e-05
1079,0.00037691055331379175,0.00026731840625870973,0.0021918428828939795,0.0028085674857720733,0.05952919460833073,0.036355454474687576,0.2328471541404724,0.29836398363113403,0.024713095277547836,0.024713095277547836,0.5315251350402832,0.012262982316315174,0.010357632301747799,0.038107000291347504,0.04882926493883133,0.4368321895599365,7.363397963386676e-05
1080,0.0003789960246649571,0.00026937863731291145,0.0021923474268987775,0.002809214172884822,0.05982166528701782,0.03670020028948784,0.23357348144054413,0.299294650554657,0.025021526962518692,0.025021526962518692,0.5405586361885071,0.012545283883810043,0.010632477700710297,0.038256119936704636,0.049020349979400635,0.44568341970443726,7.324815475980216e-05
1081,0.00037495209835469723,0.000265159789705649,0.0021958459401503205,0.0028136972105130553,0.05913124419748783,0.036724116653203964,0.2335672378540039,0.2992866635322571,0.02504575438797474,0.02504575438797474,0.5416722297668457,0.01257338933646679,0.010659740306437016,0.038272980600595474,0.049041952937841415,0.4467775523662567,7.286542614230237e-05
1082,0.0003755113575607538,0.00026567347231321037,0.0021967573557049036,0.0028148647397756577,0.059161885641515255,0.036618828773498535,0.23326130211353302,0.29889464378356934,0.024955764412879944,0.024955764412879944,0.539559006690979,0.01249897014349699,0.010587146505713463,0.038236480206251144,0.048995181918144226,0.44472628831863403,7.248579640454658e-05
1083,0.00037381255242507905,0.0002645404383656569,0.0021854424849152565,0.0028003661427646875,0.05918097123503685,0.0363604910671711,0.23266954720020294,0.2981363832950592,0.02472701482474804,0.02472701482474804,0.5331920385360718,0.012299876660108566,0.01039339229464531,0.03812968730926514,0.04885834455490112,0.43864351511001587,7.21092681484745e-05
1084,0.0003751411131815985,0.00026582393184071407,0.002186343597713858,0.0028015209827572107,0.05944762006402016,0.036250002682209015,0.23247021436691284,0.29788097739219666,0.024626491591334343,0.024626491591334343,0.5302383303642273,0.01221598032861948,0.010311033576726913,0.038098935037851334,0.048818930983543396,0.43587714433670044,7.173584395476858e-05
1085,0.0003745479480130598,0.00026525475550442934,0.002185864024795592,0.0028009063098579645,0.05927678942680359,0.03635254502296448,0.23277638852596283,0.2982732951641083,0.024713724851608276,0.024713724851608276,0.5326471924781799,0.012291386723518372,0.01038432214409113,0.038141291588544846,0.04887320473790169,0.4381968379020691,7.136552638283643e-05
1086,0.00037350875209085643,0.0002645551576279104,0.002179071889258921,0.002792203100398183,0.05912726745009422,0.03648462891578674,0.23313987255096436,0.29873907566070557,0.024827633053064346,0.024827633053064346,0.535489559173584,0.012379863299429417,0.010471029207110405,0.03817667439579964,0.04891854152083397,0.44085079431533813,7.099831797079326e-05
1087,0.00037972882273606956,0.00027020738343708217,0.0021904287859797478,0.002806755597703159,0.05975321866571903,0.03677745908498764,0.23374243080615997,0.2995111644268036,0.025090336799621582,0.025090336799621582,0.5432815551757812,0.012623760849237442,0.010707137174904346,0.03833247348666191,0.04911818355321884,0.4483318626880646,7.063422123544448e-05
1088,0.000376893556676805,0.0002666425352799706,0.002205020166002214,0.0028254524804651737,0.059265945106744766,0.03661918640136719,0.23336444795131683,0.29902684688568115,0.024950962513685226,0.024950962513685226,0.5392721891403198,0.012488909997045994,0.010576995089650154,0.038238298147916794,0.048997506499290466,0.444304883480072,7.027323867226813e-05
1089,0.0003726696304511279,0.0002635593118611723,0.002182206488214433,0.0027962197782471776,0.058992281556129456,0.036454278975725174,0.2328936904668808,0.2984236180782318,0.024809595197439194,0.024809595197439194,0.5357803702354431,0.012393536046147346,0.010484334081411362,0.0381840355694294,0.04892797768115997,0.4414941668510437,6.99153727553985e-05
1090,0.0003714522172231227,0.0002627197027322836,0.002174650551751256,0.002786537865176797,0.058916784822940826,0.036362454295158386,0.2326728254556656,0.2981405556201935,0.024728812277317047,0.024728812277317047,0.533501148223877,0.012311513535678387,0.010404981672763824,0.03813064098358154,0.04885955899953842,0.4390075206756592,6.956062593760838e-05
1091,0.0003719614032888785,0.0002631934839882888,0.0021753584733232856,0.002787444507703185,0.05901392176747322,0.03636716306209564,0.23267365992069244,0.2981416583061218,0.02473348006606102,0.02473348006606102,0.5337767601013184,0.012316505424678326,0.010410761460661888,0.03811487928032875,0.04883936792612076,0.4393281638622284,6.920900065029282e-05
1092,0.00037222521496005356,0.0002634906704770401,0.0021746906568296254,0.002786588971503079,0.059080224484205246,0.036428939551115036,0.23280750215053558,0.2983131408691406,0.024788564071059227,0.024788564071059227,0.5355272889137268,0.01237586047500372,0.010468428954482079,0.038148630410432816,0.048882607370615005,0.44125041365623474,6.886049930345211e-05
1093,0.0003713442856678739,0.0002627511785249226,0.0021718619391322136,0.002782964496873319,0.05893520638346672,0.0364203080534935,0.23282848298549652,0.2983400523662567,0.024778885766863823,0.024778885766863823,0.5351853370666504,0.01237060409039259,0.010462678037583828,0.038158513605594635,0.048895273357629776,0.4410560727119446,6.851512428567553e-05
1094,0.0003711937752086669,0.00026259956939611584,0.002171883941628039,0.0027829926693812013,0.05892827361822128,0.036485955119132996,0.23301883041858673,0.2985839545726776,0.02483501471579075,0.02483501471579075,0.5368735790252686,0.012404865585267544,0.010495522990822792,0.03818684443831444,0.04893157631158829,0.44221043586730957,6.817287796412468e-05
1095,0.0003712064353749156,0.00026252436509821564,0.0021736413473263383,0.0027852446073666215,0.05891876854002476,0.03651893883943558,0.23310673236846924,0.2986965775489807,0.024863602593541145,0.024863602593541145,0.537891149520874,0.012426833622157574,0.010517032817006111,0.03819602355360985,0.04894334450364113,0.4430009424686432,6.783376268451766e-05
1096,0.000370702167856507,0.00026211875956505537,0.0021716681076213717,0.0027827160665765405,0.05882410705089569,0.036455027759075165,0.23297692835330963,0.298530250787735,0.024806180968880653,0.024806180968880653,0.5362807512283325,0.012374840676784515,0.010466736741364002,0.03816208243370056,0.048899851739406586,0.4414407014846802,6.749778077111247e-05
1097,0.0003706360439537093,0.000262058965745382,0.002171541447751224,0.0027825537836179137,0.05884271487593651,0.0364200696349144,0.23289836943149567,0.29842960834503174,0.024775151163339615,0.024775151163339615,0.5356470942497253,0.012347552925348282,0.010441170074045658,0.038127657026052475,0.0488557405769825,0.4408092498779297,6.716493452669165e-05
1098,0.00037175991747062653,0.0002630896124173887,0.0021734059555456042,0.0027849427424371243,0.05894095078110695,0.036373287439346313,0.2327696979045868,0.2982647716999054,0.024734804406762123,0.024734804406762123,0.5346717238426208,0.012318658642470837,0.010414287447929382,0.038087427616119385,0.048804182559251785,0.44012337923049927,6.683522623254604e-05
1099,0.00037003208126407117,0.00026163422444369644,0.002167956903576851,0.002777960617095232,0.05881986953318119,0.03645147383213043,0.2329641580581665,0.29851388931274414,0.024803265929222107,0.024803265929222107,0.5365837216377258,0.012375164777040482,0.010469073429703712,0.038121823221445084,0.048848263919353485,0.4419134855270386,6.650865814845932e-05
1100,0.0003698002838063985,0.00026139619876630604,0.0021680815843865275,0.0027781202225014567,0.058754581958055496,0.03653740882873535,0.23315660655498505,0.2987605035305023,0.02487957663834095,0.02487957663834095,0.5388160943984985,0.012446705251932144,0.010538056492805481,0.03817298263311386,0.04891381040215492,0.4440933167934418,6.618523251269263e-05
1101,0.0003721988759934902,0.00026344334764871746,0.002175110508687794,0.002787127159535885,0.05894559249281883,0.0364697128534317,0.2329934984445572,0.2985514998435974,0.02482003904879093,0.02482003904879093,0.5370148420333862,0.012389610521495342,0.010482806712388992,0.0381360799074173,0.04886653646826744,0.4423140585422516,6.586495154196912e-05
1102,0.00037153909215703607,0.00026300724130123854,0.0021706370171159506,0.0027813948690891266,0.05892108753323555,0.036543019115924835,0.23310218751430511,0.2986907958984375,0.02488790825009346,0.02488790825009346,0.5392584800720215,0.01246681623160839,0.010556641966104507,0.03820348531007767,0.04895290359854698,0.44462430477142334,6.554781743145862e-05
1103,0.0003700836532516405,0.00026162879657931626,0.0021690971916541457,0.002779421745799482,0.05874551087617874,0.03644872456789017,0.23287349939346313,0.2983977496623993,0.02480504848062992,0.02480504848062992,0.5370163917541504,0.012409208342432976,0.010500533506274223,0.03817350044846535,0.04891447722911835,0.44282034039497375,6.523383235476278e-05
1104,0.00037441079621203244,0.00026562401035334915,0.002175735658966005,0.002787928213365376,0.05916453152894974,0.03629554808139801,0.23258042335510254,0.29802218079566956,0.024666525423526764,0.024666525423526764,0.5327876806259155,0.012277965433895588,0.01037360355257988,0.03808724135160446,0.04880394786596298,0.4387214779853821,6.49229984639003e-05
1105,0.00037077514571137726,0.0002624972985358909,0.002165556885302067,0.0027748853899538517,0.05890679731965065,0.03632611408829689,0.23268982768058777,0.2981623411178589,0.024691622704267502,0.024691622704267502,0.5334353446960449,0.012295753695070744,0.010390441864728928,0.03810624033212662,0.04882828891277313,0.4391782283782959,6.461531788929177e-05
1106,0.00036904246371705085,0.0002608796348795295,0.0021632565185427666,0.0027719378704205155,0.05868219770491123,0.0364566445350647,0.2330138087272644,0.29857751727104187,0.024805951863527298,0.024805951863527298,0.5368398427963257,0.012388497591018677,0.010480271652340889,0.03816451504826546,0.0489029623568058,0.4421435594558716,6.431079273974535e-05
1107,0.0003685803239932284,0.00026032133609987795,0.0021651798160746694,0.0027744023827835917,0.05861065536737442,0.036552391946315765,0.23320496082305908,0.29882246255874634,0.02489214390516281,0.02489214390516281,0.5394280552864075,0.012470581568777561,0.010560479946434498,0.03820202872157097,0.04895103722810745,0.44478344917297363,6.400942510244239e-05
1108,0.00036991998786106706,0.00026143656577914953,0.002169668674468994,0.0027801539981737733,0.05870993435382843,0.03653349727392197,0.2331453263759613,0.2987460494041443,0.02487623132765293,0.02487623132765293,0.5388665199279785,0.012450377456843853,0.010541854426264763,0.0381704606115818,0.048910584300756454,0.4442165493965149,6.371121704292297e-05
1109,0.0003693033941090107,0.0002609635703265667,0.00216679647564888,0.0027764736441895366,0.05867164209485054,0.03650687262415886,0.23304103314876556,0.2986123859882355,0.02485482022166252,0.02485482022166252,0.5387438535690308,0.012436223216354847,0.010527996346354485,0.03816453367471695,0.04890298843383789,0.4439980983734131,6.341617060507163e-05
1110,0.0003685828560264781,0.00026041756791528314,0.0021633056458085775,0.002772000851109624,0.05861007235944271,0.036447521299123764,0.23286694288253784,0.29838934540748596,0.024804173037409782,0.024804173037409782,0.5373912453651428,0.012394658289849758,0.010488204658031464,0.038129065185785294,0.04885753616690636,0.4428746700286865,6.312428781110369e-05
1111,0.00036855081270914525,0.0002604831170174293,0.002161353942938149,0.0027695000171661377,0.05867321789264679,0.036367226392030716,0.23269356787204742,0.2981671988964081,0.024732548743486404,0.024732548743486404,0.5355690717697144,0.012329595163464546,0.010425050742924213,0.038090892136096954,0.04880863055586815,0.4410466253757477,6.283557066155111e-05
1112,0.00036892130447085947,0.0002608019858598709,0.0021623863140121102,0.0027708227280527353,0.058673422783613205,0.03638515993952751,0.23274749517440796,0.29823628067970276,0.024747785180807114,0.024747785180807114,0.5361914038658142,0.012347608804702759,0.010441544465720654,0.038121286779642105,0.04884757474064827,0.44157516956329346,6.255002113524892e-05
1113,0.00036897952668368816,0.00026102853735210374,0.002159019699320197,0.0027665088418871164,0.05878065153956413,0.03635508939623833,0.23273010551929474,0.29821401834487915,0.02471858263015747,0.02471858263015747,0.5351937413215637,0.012321531772613525,0.010416360571980476,0.03810341656208038,0.048824675381183624,0.44068747758865356,6.226764118932163e-05
1114,0.0003684534749481827,0.00026048508880194277,0.002159367548301816,0.0027669547125697136,0.05865258164703846,0.03642873466014862,0.23289896547794342,0.2984303832054138,0.0247837882488966,0.0247837882488966,0.5371076464653015,0.012385389767587185,0.010478787124156952,0.03813204541802406,0.04886136204004288,0.44265854358673096,6.198843275916973e-05
1115,0.00036834362254012376,0.0002602616004878655,0.002161640441045165,0.002769867074675858,0.05861207842826843,0.036502208560705185,0.23309466242790222,0.2986811399459839,0.024847473949193954,0.024847473949193954,0.5386369824409485,0.01241663284599781,0.010510021820664406,0.038132213056087494,0.048861581832170486,0.4436938762664795,6.171239775845655e-05
1116,0.00037379356217570603,0.00026533380150794983,0.002169195329770446,0.002779547590762377,0.059060005471110344,0.03638143837451935,0.2328680455684662,0.2983907461166382,0.02473803423345089,0.02473803423345089,0.5349218249320984,0.01229582168161869,0.010394196957349777,0.038032498210668564,0.048733800649642944,0.43991610407829285,6.143953807909508e-05
1117,0.00036846262810286134,0.0002606090856716037,0.0021570706740021706,0.002764011616818607,0.05866839736700058,0.03638776019215584,0.23285746574401855,0.2983771860599518,0.02474488690495491,0.02474488690495491,0.5350919961929321,0.01229934487491846,0.01039857603609562,0.038015369325876236,0.048711858689785004,0.4401347041130066,6.116985559123498e-05
1118,0.0003676946071209386,0.00025982424995163456,0.0021574072306975722,0.00276444258634001,0.058555249124765396,0.03647668659687042,0.2329949140548706,0.29855331778526306,0.024826940149068832,0.024826940149068832,0.5377438068389893,0.012392396107316017,0.010489072650671005,0.038066472858190536,0.04877733811736107,0.44308191537857056,6.090335214324984e-05
1119,0.00036856200313195586,0.0002605012559797615,0.0021612150594592094,0.0027693219017237425,0.05853339284658432,0.03652959689497948,0.2330719381570816,0.2986520230770111,0.024876000359654427,0.024876000359654427,0.5396261215209961,0.012443441897630692,0.010537486523389816,0.038119103759527206,0.048844773322343826,0.44476762413978577,6.064002956172453e-05
1120,0.00036973699752707034,0.0002616798592498526,0.0021611425327137113,0.0027692290022969246,0.05877813696861267,0.03639946132898331,0.23275324702262878,0.2982436716556549,0.024761799722909927,0.024761799722909927,0.5366028547286987,0.012353844940662384,0.010450340807437897,0.03807007893919945,0.04878195375204086,0.4420968294143677,6.037988965144241e-05
1121,0.0003669416910270229,0.000259172054938972,0.002155392779968679,0.0027618614258244634,0.058494240045547485,0.03640597313642502,0.23277142643928528,0.2982669472694397,0.024767400696873665,0.024767400696873665,0.5367180109024048,0.01235615462064743,0.010452769696712494,0.03806770592927933,0.048778921365737915,0.44214868545532227,6.012293419537334e-05
1122,0.00036894308868795633,0.000261158449575305,0.002155692665837705,0.002762245829217136,0.05880524590611458,0.03633192554116249,0.23265154659748077,0.29811331629753113,0.024699348956346512,0.024699348956346512,0.5347437262535095,0.01229711715131998,0.01039421558380127,0.03805803135037422,0.048766523599624634,0.44017642736434937,5.986916495466128e-05
1123,0.00036785540578421205,0.0002601376618258655,0.00215435482095927,0.0027605314971879125,0.058629270642995834,0.03634834662079811,0.23272675275802612,0.29820969700813293,0.024712009355425835,0.024712009355425835,0.5349521040916443,0.012300576083362103,0.01039811596274376,0.03804919496178627,0.04875519126653671,0.4403241276741028,5.961858366861222e-05
1124,0.00036651418486144394,0.0002588554998510517,0.0021531734382733703,0.002759017748758197,0.058467473834753036,0.03644051030278206,0.23294194042682648,0.2984854280948639,0.024793412536382675,0.024793412536382675,0.5372993350028992,0.012364212423563004,0.010460473597049713,0.038074783980846405,0.04878799244761467,0.4423947334289551,5.937119205468223e-05
1125,0.00036696126335300505,0.0002592058590380475,0.002155108144506812,0.0027614965802058578,0.058514298871159554,0.03652788698673248,0.23309002816677094,0.29867517948150635,0.024873387068510056,0.024873387068510056,0.5399629473686218,0.012447143904864788,0.0105414018034935,0.03811484947800636,0.048839326947927475,0.44510701298713684,5.91269918084656e-05
1126,0.0003703794354805723,0.0002620290615595877,0.0021670075366273522,0.0027767440769821405,0.05867642164230347,0.03656565397977829,0.23312272131443024,0.29871711134910583,0.024909518659114838,0.024909518659114838,0.5415869355201721,0.012498189695179462,0.010590177960693836,0.038160230964422226,0.04889747500419617,0.4467999339103699,5.8885984603683615e-05
1127,0.00036757376801688224,0.0002595533078419976,0.0021604093490168452,0.0027682892978191376,0.05849039740860462,0.036463070660829544,0.23290304839611053,0.29843559861183167,0.024817917495965958,0.024817917495965958,0.5392038226127625,0.012410156428813934,0.01050500851124525,0.03810296207666397,0.04882409796118736,0.44429177045822144,5.864817209217264e-05
1128,0.0003670237201731652,0.00025963741063605994,0.002147726365365088,0.0027520378353074193,0.058645134791731834,0.03626289218664169,0.23246991634368896,0.297880619764328,0.024639394134283066,0.024639394134283066,0.5340728759765625,0.012258544564247131,0.010357732884585857,0.03801623359322548,0.04871296510100365,0.43956291675567627,5.8413555903872954e-05
1129,0.00036827810981776565,0.00026049001462524757,0.0021557618165388703,0.0027623340720310807,0.05865708738565445,0.03628598898649216,0.23252959549427032,0.29795706272125244,0.02465950697660446,0.02465950697660446,0.5348317623138428,0.012286634184420109,0.010384434834122658,0.03804398328065872,0.04874851927161217,0.44041961431503296,5.818213764681764e-05
1130,0.0003664934483822435,0.0002589431023807265,0.002151006949134171,0.0027562412433326244,0.0585177019238472,0.036284126341342926,0.23256874084472656,0.2980072498321533,0.024655688554048538,0.024655688554048538,0.534659743309021,0.012275354005396366,0.010373239405453205,0.03804229944944382,0.04874636232852936,0.4401179552078247,5.795391890712165e-05
1131,0.00036600048770196736,0.0002585874462965876,0.002148260595276952,0.0027527225902304053,0.05845612473785877,0.036346353590488434,0.23274795711040497,0.2982368469238281,0.024708956480026245,0.024708956480026245,0.5358720421791077,0.012315180152654648,0.010412114672362804,0.03806130960583687,0.048770722001791,0.44127368927001953,5.772890124897052e-05
1132,0.00037164907553233206,0.00026370128034614027,0.002158955787308514,0.0027664267690852284,0.0589563250541687,0.03654348477721214,0.23318207263946533,0.29879313707351685,0.024884382262825966,0.024884382262825966,0.5410257577896118,0.012466918677091599,0.010559091344475746,0.03815653920173645,0.04889274761080742,0.44600141048431396,5.750708621461015e-05
1133,0.00036625732900574803,0.00025841634487733245,0.0021568196825683117,0.0027636897284537554,0.05834200233221054,0.036499734967947006,0.23308125138282776,0.2986639738082886,0.0248456709086895,0.0248456709086895,0.5397827625274658,0.012423836626112461,0.010517587885260582,0.038124967366456985,0.048852287232875824,0.4446898400783539,5.7288475324335926e-05
1134,0.00036635997821576893,0.0002586223999969661,0.002154751564376056,0.002761039766483009,0.058397453278303146,0.036449920386075974,0.2329227477312088,0.29846087098121643,0.024803783744573593,0.024803783744573593,0.5386098623275757,0.012389126233756542,0.010484648868441582,0.03808953985571861,0.048806898295879364,0.4436376094818115,5.707307007648245e-05
1135,0.00036774505861103535,0.00026031491142930463,0.002148602972738445,0.0027531611267477274,0.05866701900959015,0.036257948726415634,0.23249363899230957,0.29791098833084106,0.024633267894387245,0.024633267894387245,0.533612072467804,0.01224005501717329,0.01034070085734129,0.037987079471349716,0.04867560788989067,0.43901029229164124,5.686087194741311e-05
1136,0.00037110631819814444,0.0002634004267747514,0.002154117915779352,0.002760227886028588,0.05906154587864876,0.03615698218345642,0.2322562336921692,0.29760679602622986,0.02454417012631893,0.02454417012631893,0.5309313535690308,0.012162987142801285,0.010267211124300957,0.03791551664471626,0.04858390986919403,0.43671900033950806,5.665188239151017e-05
1137,0.0003663626412162557,0.0002589964205981232,0.0021473243250511587,0.0027515225810930133,0.05847986415028572,0.03631243854761124,0.23258240520954132,0.2980247437953949,0.02468331716954708,0.02468331716954708,0.5351371765136719,0.012294923886656761,0.010396026074886322,0.037977952510118484,0.0486639104783535,0.4409460723400116,5.64461028411647e-05
1138,0.00036678464675787836,0.00025922471832018346,0.002151198568753898,0.002756487112492323,0.05840513855218887,0.036510445177555084,0.23300430178642273,0.2985653281211853,0.024860229343175888,0.024860229343175888,0.540550947189331,0.012454641982913017,0.010550458915531635,0.03808365762233734,0.048799362033605576,0.4460298418998718,5.624353470676659e-05
1139,0.000365599975339137,0.0002579273859737441,0.002153451554477215,0.0027593738632276654,0.058285923674702644,0.03652901574969292,0.23306423425674438,0.2986421287059784,0.024875802919268608,0.024875802919268608,0.5409278869628906,0.012456932105123997,0.01055203191936016,0.03809799626469612,0.048817723989486694,0.4461227059364319,5.604417937669519e-05
1140,0.00036571007512975484,0.00025806714984355494,0.0021528586512431502,0.0027586142532527447,0.05828164145350456,0.036498602479696274,0.23299722373485565,0.29855626821517944,0.02484874241054058,0.02484874241054058,0.540291428565979,0.012433535419404507,0.01052828598767519,0.038104988634586334,0.04882669076323509,0.4453521966934204,5.5848038217309645e-05
1141,0.00036666901723947376,0.0002591770244180225,0.002149840001948178,0.002754746121354401,0.058513619005680084,0.03634027764201164,0.23267482221126556,0.2981431484222412,0.024706536903977394,0.024706536903977394,0.5360999703407288,0.012292828410863876,0.010391619056463242,0.038024190813302994,0.048723164945840836,0.44101065397262573,5.565511257293943e-05
1142,0.00036673611612059176,0.0002594934485387057,0.002144853409845382,0.002748356433585286,0.05858885124325752,0.036240510642528534,0.2324623167514801,0.2978708744049072,0.024617396295070648,0.024617396295070648,0.5335233211517334,0.012222769670188427,0.010323458351194859,0.03798622637987137,0.048674505203962326,0.4387243092060089,5.546540376587535e-05
1143,0.00036569155054166913,0.00025840690796030685,0.002145692822523415,0.002749432111158967,0.05840694718062878,0.03628997132182121,0.23258298635482788,0.298025518655777,0.02466082200407982,0.02466082200407982,0.5345377326011658,0.012252829037606716,0.010354215279221535,0.03797227144241333,0.048656631261110306,0.4397280216217041,5.5278913096360385e-05
1144,0.000364942112355493,0.0002578155545052141,0.002142531215213239,0.0027453808579593897,0.058324020355939865,0.03637035936117172,0.23277653753757477,0.298273503780365,0.024731531739234924,0.024731531739234924,0.5364261865615845,0.012313603423535824,0.010414592921733856,0.037980206310749054,0.04866679385304451,0.4417014718055725,5.509564184258057e-05
1145,0.00036496578832156956,0.0002578603016445413,0.002142109675332904,0.0027448406908661127,0.05828742869198322,0.03652745857834816,0.23308199644088745,0.2986648678779602,0.024873357266187668,0.024873357266187668,0.5409458875656128,0.012451853603124619,0.010548600926995277,0.038065049797296524,0.048775508999824524,0.4461517333984375,5.491559126065666e-05
1146,0.00036513943632598966,0.0002576581173343584,0.0021496261470019817,0.0027544720796868205,0.05823907069861889,0.036488309502601624,0.23295621573925018,0.29850372672080994,0.024840500205755234,0.024840500205755234,0.5403388738632202,0.012434007599949837,0.010531196370720863,0.03805621713399887,0.048764195293188095,0.44577479362487793,5.473876258463519e-05
1147,0.00036433244531508535,0.00025701249251142144,0.0021463988814502954,0.002750336774624884,0.058183979243040085,0.03645091503858566,0.23285949230194092,0.2983797490596771,0.024807939305901527,0.024807939305901527,0.5395551919937134,0.012400579638779163,0.010498592630028725,0.03803974762558937,0.04874309524893761,0.44487249851226807,5.4565157026480045e-05
1148,0.0003683626709971577,0.000261189226876013,0.0021434688242152333,0.0027465822640806437,0.058766208589076996,0.036277975887060165,0.23248618841171265,0.297901451587677,0.024653665721416473,0.024653665721416473,0.5352073311805725,0.01227199099957943,0.010372686199843884,0.037986088544130325,0.0486743338406086,0.4408024549484253,5.4394775776064313e-05
1149,0.00036409436143003404,0.00025709344481583685,0.002140018274076283,0.002742160693742335,0.05825980752706528,0.03628817945718765,0.2325558066368103,0.2979906499385834,0.024660389870405197,0.024660389870405197,0.5354002714157104,0.012268098071217537,0.010368146002292633,0.03799903392791748,0.04869091883301735,0.44071024656295776,5.4227620001162025e-05
1150,0.00036473703221417964,0.00025764646125026047,0.002141811652109027,0.0027444588486105204,0.05827121064066887,0.036312833428382874,0.23264731466770172,0.29810792207717896,0.02468046545982361,0.02468046545982361,0.5359320640563965,0.012280131690204144,0.010379943996667862,0.03800375014543533,0.04869696870446205,0.44106346368789673,5.406369084744009e-05
1151,0.00036757094494532794,0.00026046410494018346,0.0021421368001028895,0.0027448757318779826,0.05846165120601654,0.03650355711579323,0.2330782264471054,0.2986600697040558,0.024849645793437958,0.024849645793437958,0.5410798788070679,0.012428391724824905,0.010523593053221703,0.03809596598148346,0.048815127462148666,0.44580191373825073,5.3902989438450625e-05
1152,0.00036378974618855864,0.00025662622647359967,0.0021432703942991793,0.00274632778018713,0.05812472850084305,0.036470118910074234,0.23299765586853027,0.2985568344593048,0.0248202346265316,0.0248202346265316,0.5402500629425049,0.012405029498040676,0.01050160825252533,0.038068417459726334,0.04877982288599014,0.44508594274520874,5.374551687562308e-05
1153,0.0003673126921057701,0.0002601612941361964,0.0021430279593914747,0.0027460174169391394,0.05848774313926697,0.036334328353405,0.23266080021858215,0.29812517762184143,0.024701286107301712,0.024701286107301712,0.5367434620857239,0.012308677658438683,0.010409316048026085,0.03798723220825195,0.04867580533027649,0.4420900344848633,5.359127423825671e-05
1154,0.0003627413680078462,0.00025595487386453897,0.002135729999281466,0.0027366658905521035,0.05809837765991688,0.03634212911128998,0.2326284497976303,0.29808375239372253,0.024710707366466522,0.024710707366466522,0.537315845489502,0.012332279235124588,0.010432355105876923,0.037998490035533905,0.048690225929021835,0.44288378953933716,5.344026258351339e-05
1155,0.0003649003629107028,0.0002577488048700616,0.002143031219020486,0.002746021607890725,0.05817936919629574,0.03640742599964142,0.23272915184497833,0.29821276664733887,0.02477096952497959,0.02477096952497959,0.5394742488861084,0.012402975931763649,0.01049979031085968,0.038063716143369675,0.04877380654215813,0.4450695514678955,5.3292482946410026e-05
1156,0.00036275899037718773,0.00025587545678718016,0.00213767058448866,0.002739152521826327,0.05807946063578129,0.0363558828830719,0.2326064109802246,0.298055499792099,0.02472556382417679,0.02472556382417679,0.5383446216583252,0.012368299067020416,0.010465455241501331,0.038056883960962296,0.04876505583524704,0.44401347637176514,5.31479363398117e-05
1157,0.0003629277925938368,0.0002561306901043281,0.002135941991582513,0.0027369378367438912,0.058151476085186005,0.03628876432776451,0.23249471187591553,0.2979123890399933,0.024664027616381645,0.024664027616381645,0.5365959405899048,0.012313286773860455,0.01041137333959341,0.038038261234760284,0.048741187900304794,0.44228029251098633,5.3006623754424726e-05
1158,0.00036274919693823904,0.000256049374002032,0.002133996575139463,0.0027344445697963238,0.058145010843873024,0.03629036992788315,0.23255734145641327,0.29799261689186096,0.024662502110004425,0.024662502110004425,0.5364210605621338,0.012292635627090931,0.010391381569206715,0.038025084882974625,0.048724304884672165,0.4416801333427429,5.2868546158789644e-05
1159,0.0003626972174970433,0.00025595245824661106,0.002134895185008645,0.0027355962665751576,0.05809151567518711,0.03636438399553299,0.23274759948253632,0.2982364296913147,0.024727001786231995,0.024727001786231995,0.5381671190261841,0.012343661859631538,0.010441122576594353,0.03805078938603401,0.04875724017620087,0.4431963264942169,5.2733704499274955e-05
1160,0.00036205768992658705,0.00025535594613756984,0.002134034875780344,0.0027344939298927784,0.058019913733005524,0.03637507185339928,0.23276647925376892,0.2982605993747711,0.02473674714565277,0.02473674714565277,0.5383930206298828,0.012350626289844513,0.010448835790157318,0.0380358025431633,0.048738040030002594,0.4435412883758545,5.260209970007019e-05
1161,0.00036200982867740095,0.0002552985097281635,0.002134226495400071,0.0027347393333911896,0.05799065716564655,0.0363670289516449,0.23272034525871277,0.2982015311717987,0.02473101019859314,0.02473101019859314,0.5382117629051208,0.012341259978711605,0.010440874844789505,0.038007695227861404,0.048702020198106766,0.4433639645576477,5.2473732663179926e-05
1162,0.0003619328635977581,0.00025526560057187453,0.002133345347829163,0.0027336105704307556,0.05801323428750038,0.036355867981910706,0.23269197344779968,0.29816511273384094,0.024721268564462662,0.024721268564462662,0.5378698706626892,0.01232290267944336,0.010424400679767132,0.03797003626823425,0.04865376651287079,0.44296780228614807,5.234860426841754e-05
1163,0.00036295245809014887,0.0002562647277954966,0.002133754314854741,0.0027341345557942986,0.05814230069518089,0.03639635443687439,0.23272556066513062,0.2982081472873688,0.02476007677614689,0.02476007677614689,0.5391916632652283,0.012367635034024715,0.010468673892319202,0.03797923028469086,0.04866555333137512,0.44447576999664307,5.2226715373398944e-05
1164,0.00036430571344681084,0.0002572951707406901,0.002140210708603263,0.002742407377809286,0.05818083696067333,0.03641491010785103,0.23273234069347382,0.298216849565506,0.024778291583061218,0.024778291583061218,0.5400896668434143,0.012392363511025906,0.010491965338587761,0.03800796717405319,0.04870237037539482,0.4453341066837311,5.2108066813537e-05
1165,0.00036178185837343335,0.0002551885409047827,0.002131866291165352,0.0027317152125760913,0.058024512603878975,0.03629552200436592,0.23247843980789185,0.2978915572166443,0.02467159926891327,0.02467159926891327,0.5372803211212158,0.012310878373682499,0.010411263443529606,0.03799229487776756,0.04868229106068611,0.44274306297302246,5.199265940203566e-05
1166,0.00036144907062407583,0.0002549397759139538,0.0021301857195794582,0.002729561645537615,0.05797819420695305,0.036260172724723816,0.23242145776748657,0.29781848192214966,0.024639101698994637,0.024639101698994637,0.5363415479660034,0.012281490489840508,0.010381616652011871,0.037997473031282425,0.04868892952799797,0.44176214933395386,5.188049392988447e-05
1167,0.0003632142033893615,0.0002564616734161973,0.0021350503666326404,0.0027357949875295162,0.05811932310461998,0.03620440512895584,0.23236025869846344,0.29774007201194763,0.0245863925665617,0.0245863925665617,0.5345239639282227,0.012213229201734066,0.010315664112567902,0.03795130178332329,0.0486297532916069,0.43965500593185425,5.1771571165852905e-05
1168,0.00036412669578567147,0.0002573857855168171,0.0021348181180655956,0.002735497779212892,0.05817296355962753,0.03634537756443024,0.23268860578536987,0.2981607913970947,0.024710945785045624,0.024710945785045624,0.5381125211715698,0.012316924519836903,0.010416447184979916,0.03800954669713974,0.048704396933317184,0.4429035186767578,5.1665891856485427e-05
1169,0.00036184013879392296,0.0002551844372646883,0.002133114030584693,0.0027333140606060624,0.05801289156079292,0.0364023819565773,0.2328244298696518,0.29833483695983887,0.024761158972978592,0.024761158972978592,0.5393084287643433,0.01235725823789835,0.01045687310397625,0.0380077064037323,0.04870203882455826,0.444094181060791,5.156345672609624e-05
1170,0.00036327974521555007,0.00025637244107201695,0.002138146315701306,0.0027397621888667345,0.05805716849863529,0.03644373267889023,0.2328593134880066,0.2983795404434204,0.02480076625943184,0.02480076625943184,0.5408041477203369,0.012410563416779041,0.010509055107831955,0.038030169904232025,0.048730816692113876,0.44589802622795105,5.146426647676422e-05
1171,0.0003612239088397473,0.0002546438845456578,0.002131600398570299,0.0027313746977597475,0.05790486931800842,0.036335889250040054,0.232583150267601,0.29802563786506653,0.024706730619072914,0.024706730619072914,0.5383747220039368,0.012339257635176182,0.01044013723731041,0.037982404232025146,0.048669617623090744,0.44384920597076416,5.1368321788328216e-05
1172,0.0003619899071054533,0.000255535269388929,0.002129092754330486,0.0027281614020466805,0.05804374814033508,0.036319550126791,0.23250778019428253,0.2979290783405304,0.024694159626960754,0.024694159626960754,0.5382919311523438,0.012336320243775845,0.010437337681651115,0.03797965124249458,0.0486660934984684,0.4438551664352417,5.127562331838241e-05
1173,0.00036088345223106444,0.0002546230243751779,0.0021252084989100695,0.0027231841813772917,0.05797896906733513,0.036222152411937714,0.23233579099178314,0.29770880937576294,0.024605363607406616,0.024605363607406616,0.5355854630470276,0.01225338689982891,0.010356818325817585,0.03793136402964592,0.04860421642661095,0.4411979019641876,5.118617170227173e-05
1174,0.0003635376924648881,0.0002569788266555406,0.002131177287083119,0.002730832318775356,0.058161212131381035,0.03616783767938614,0.2322801947593689,0.2976374924182892,0.024553827941417694,0.024553827941417694,0.5338307619094849,0.012189602479338646,0.010294921696186066,0.037893615663051605,0.04855583980679512,0.43919581174850464,5.109996755308749e-05
1175,0.00036206266668159515,0.00025562301743775606,0.002128792926669121,0.0027277772314846516,0.058079738169908524,0.03630594164133072,0.2325868159532547,0.29803037643432617,0.024676600471138954,0.024676600471138954,0.5374125838279724,0.012297135777771473,0.010398952290415764,0.037963662296533585,0.04864559695124626,0.44251951575279236,5.101701146166335e-05
1176,0.0003601589269237593,0.0002538599510444328,0.0021259795175865293,0.0027241719653829932,0.057816145941615105,0.03636833280324936,0.23273725807666779,0.2982231676578522,0.02473146840929985,0.02473146840929985,0.5391833782196045,0.012347446754574776,0.01044778898358345,0.03799315541982651,0.048683393746614456,0.44420796632766724,5.093730399657101e-05
1177,0.0003632202133303508,0.00025652624026406556,0.002133879403118044,0.0027342946268618107,0.058048104867339134,0.03647441044449806,0.23292823135852814,0.29846787452697754,0.024827998131513596,0.024827998131513596,0.5422466993331909,0.012435868382453918,0.010533997789025307,0.03803740814328194,0.04874008893966675,0.44717928767204285,5.086084570411652e-05
1178,0.00036201204056851566,0.00025542511139065027,0.002131738467141986,0.0027315515326336026,0.05799675174057484,0.03635656088590622,0.23263303935527802,0.2980895936489105,0.024724910035729408,0.024724910035729408,0.5394104719161987,0.012359975837171078,0.010460786521434784,0.03798378258943558,0.048671379685401917,0.444853276014328,5.0787637108336547e-05
1179,0.00036112907400820404,0.00025467915111221373,0.0021289983997121453,0.0027280404465273023,0.05787214636802673,0.03634367883205414,0.23257555067539215,0.29801592230796814,0.02471490018069744,0.02471490018069744,0.5392743349075317,0.012355395592749119,0.010456030257046223,0.03798730671405792,0.04867589473724365,0.4447101950645447,5.071767871099448e-05
1180,0.00036343358806334436,0.0002570056385593489,0.0021285589318722486,0.0027274772292003036,0.05815684422850609,0.036351367831230164,0.23260487616062164,0.298053503036499,0.02472112327814102,0.02472112327814102,0.5395804643630981,0.012345817871391773,0.010446799919009209,0.03798035904765129,0.04866698756814003,0.4445952773094177,5.0650970991577424e-05
1181,0.00036556633131112903,0.000258710264461115,0.0021371215116232634,0.002738448907621205,0.0584141630679369,0.03615191951394081,0.2322348952293396,0.29757943749427795,0.02454017475247383,0.02454017475247383,0.5340423583984375,0.012173187918961048,0.01027972623705864,0.037869226187467575,0.04852459952235222,0.439156711101532,5.058751440729254e-05
1182,0.00036096219264436513,0.0002547487092670053,0.002124269842170179,0.0027219810290262103,0.05800963565707207,0.03617868199944496,0.23231810331344604,0.2976861000061035,0.0245627760887146,0.0245627760887146,0.5346019268035889,0.012185187079012394,0.010291770100593567,0.03786833584308624,0.048523448407649994,0.4396025836467743,5.0527309393064295e-05
1183,0.00036033194919582456,0.0002543091250117868,0.002120456425473094,0.002717095077969134,0.05794643610715866,0.03630007058382034,0.23260951042175293,0.2980594336986542,0.024669595062732697,0.024669595062732697,0.5375295281410217,0.01228101272135973,0.010385041125118732,0.03791942447423935,0.048588912934064865,0.44247758388519287,5.047035636153093e-05
1184,0.00035935510823037475,0.00025334652309538797,0.0021201716735959053,0.0027167301159352064,0.05779443867504597,0.03639620542526245,0.23282356560230255,0.2983337342739105,0.024755027145147324,0.024755027145147324,0.5398889183998108,0.012354088947176933,0.01045622956007719,0.03795718029141426,0.04863729327917099,0.444713294506073,5.0416655703042264e-05
1185,0.00035941835085395724,0.0002531866339268163,0.002124634338542819,0.002722448203712702,0.057723697274923325,0.03643123432993889,0.23284277319908142,0.29835835099220276,0.024789096787571907,0.024789096787571907,0.5411741733551025,0.012397990562021732,0.0104982890188694,0.037994034588336945,0.048684511333703995,0.4461137652397156,5.036620778565662e-05
1186,0.00036025770532432944,0.0002538312764954753,0.0021285286638885736,0.002727438462898135,0.05777915567159653,0.03635866567492485,0.2326420098543167,0.2981010973453522,0.024726565927267075,0.024726565927267075,0.5395547151565552,0.012346240691840649,0.010448474436998367,0.037955328822135925,0.04863492026925087,0.44465094804763794,5.031901295513829e-05
1187,0.00035909224243368953,0.00025303193979198113,0.002121205907315016,0.0027180553879588842,0.05772172287106514,0.036324162036180496,0.2324991673231125,0.29791808128356934,0.024699203670024872,0.024699203670024872,0.539120078086853,0.012339829467236996,0.010441912338137627,0.03795834258198738,0.048638783395290375,0.4444895386695862,5.027507153495538e-05
1188,0.00035914868931286037,0.00025315296079497784,0.0021199146285653114,0.0027164005441591144,0.057760218158364296,0.03625547140836716,0.23232029378414154,0.29768887162208557,0.02463945746421814,0.02463945746421814,0.5376287698745728,0.012300814501941204,0.010403675958514214,0.03794276714324951,0.04861881956458092,0.443284273147583,5.023438382627749e-05
1189,0.00035891233710572124,0.00025296844978583977,0.0021188779501244426,0.002715072128921747,0.057726990431547165,0.03623317927122116,0.23229070007801056,0.2976509630680084,0.024618646129965782,0.024618646129965782,0.5370170474052429,0.012276491150259972,0.010380074381828308,0.03792834281921387,0.04860033839941025,0.44253718852996826,5.019695010797366e-05
1190,0.00035890412982553244,0.0002530649508116767,0.002116783638484776,0.00271238898858428,0.05775635689496994,0.0362386479973793,0.23235829174518585,0.29773756861686707,0.02462073415517807,0.02462073415517807,0.5368907451629639,0.012270886451005936,0.010374266654253006,0.037932392209768295,0.048605531454086304,0.4422548711299896,5.01627706366103e-05
1191,0.0003596758469939232,0.0002537720647524111,0.002118075732141733,0.0027140441816300154,0.057817183434963226,0.03632999211549759,0.23258966207504272,0.29803404211997986,0.024700509384274483,0.024700509384274483,0.5392798781394958,0.01233403105288744,0.010435469448566437,0.03797123208642006,0.048655297607183456,0.4443089962005615,5.0131845646449734e-05
1192,0.0003588371182559058,0.00025287621247116476,0.002119218115694821,0.0027155084535479546,0.05772075429558754,0.036343809217214584,0.23264868557453156,0.29810965061187744,0.024711376056075096,0.024711376056075096,0.5394783020019531,0.012326277792453766,0.010429253801703453,0.037940479815006256,0.048615895211696625,0.44429099559783936,5.010417534944839e-05
1193,0.0003584372316254303,0.00025259201356675476,0.0021169042447581887,0.002712543122470379,0.05767776444554329,0.036305151879787445,0.23254777491092682,0.29798033833503723,0.024677760899066925,0.024677760899066925,0.538716733455658,0.012306195683777332,0.010410133749246597,0.0379212461411953,0.0485912524163723,0.4438084065914154,5.0079759935255375e-05
1194,0.0003582044300856069,0.000252403347985819,0.002116021583788097,0.0027114126132801175,0.05767056345939636,0.036288369446992874,0.23248904943466187,0.2979051172733307,0.02466391772031784,0.02466391772031784,0.5384398698806763,0.012302744202315807,0.010407119058072567,0.03791249543428421,0.04858003929257393,0.443731427192688,5.005859957121122e-05
1195,0.0003600960480980575,0.00025432273105252534,0.0021154662827029824,0.002710700733587146,0.057928331196308136,0.03622879460453987,0.23239322006702423,0.2977823317050934,0.02460913360118866,0.02460913360118866,0.5367046594619751,0.012240820564329624,0.010346818715333939,0.03788004070520401,0.0485384464263916,0.44179201126098633,5.0040694402346674e-05
1196,0.00036147555510979146,0.00025557822664268315,0.0021179465111345053,0.002713878871873021,0.05799615569412708,0.03619178757071495,0.23230646550655365,0.29767119884490967,0.024576464667916298,0.024576464667916298,0.5357171297073364,0.012221735902130604,0.010328622534871101,0.037862274795770645,0.0485156774520874,0.4411453306674957,5.0026044551381734e-05
1197,0.00035779146128334105,0.00025211073079844937,0.0021136144641786814,0.0027083277236670256,0.05761615000665188,0.03629617020487785,0.2325277328491211,0.2979546785354614,0.02466978318989277,0.02466978318989277,0.538640558719635,0.012312562204897404,0.010416670702397823,0.03791782259941101,0.04858686402440071,0.4440268278121948,5.001465011872491e-05
1198,0.0003576640592655167,0.00025187392020598054,0.002115802781190723,0.0027111315866932273,0.05757673271000385,0.0363975390791893,0.23275795578956604,0.29824966192245483,0.02475964091718197,0.02475964091718197,0.541252613067627,0.012382476590573788,0.010484310798346996,0.037963319569826126,0.048645153641700745,0.4462631940841675,5.0006511182472296e-05
1199,0.00035869191924575716,0.00025275053485529497,0.0021188274258747697,0.0027150075184181333,0.05761871859431267,0.036374956369400024,0.2327023148536682,0.29817837476730347,0.024739840999245644,0.024739840999245644,0.5406704545021057,0.012363187037408352,0.010465973056852818,0.03794427216053009,0.04862075299024582,0.44573503732681274,5.000162779840723e-05
1200,0.00035901022783946246,0.00025321744033135474,0.0021158555755391717,0.0027111995732411742,0.05776809900999069,0.036306723952293396,0.2325708121061325,0.2980099022388458,0.02467818185687065,0.02467818185687065,0.5389344096183777,0.012306343764066696,0.010410012677311897,0.03792661428451538,0.04859812930226326,0.4439767599105835,5e-05
