epoch,train_pde_mse,train_pde_mse_absolute,train_state_rel_l2,val_pde_mse,val_pde_mse_absolute,val_state_mse,val_state_rel_l2,lr
1,1.0655373334884644,12190.5341796875,1.0023871958255768,1.4296413660049438,16356.1533203125,0.29870665073394775,1.0091099739074707,0.0009999983722015927
2,1.063563585281372,12167.95263671875,1.0035947561264038,1.4278405904769897,16335.5517578125,0.29973137378692627,1.0130705833435059,0.0009999934888175275
3,1.0623061656951904,12153.5673828125,1.005018711090088,1.4266278743743896,16321.6767578125,0.3011241555213928,1.0177199840545654,0.0009999853498812749
4,1.0614132583141327,12143.35107421875,1.007722020149231,1.4256986379623413,16311.044921875,0.3026569187641144,1.0224378108978271,0.000999973955448618
5,1.0607388019561768,12135.634765625,1.0109561085700989,1.4247404336929321,16300.08203125,0.30437445640563965,1.0274605751037598,0.000999959305597653
6,1.0599837899208069,12126.99658203125,1.0141070485115051,1.4234645366668701,16285.484375,0.3059369921684265,1.0319318771362305,0.0009999414004287885
7,1.0588999390602112,12114.59765625,1.0174819231033325,1.4215795993804932,16263.919921875,0.307539701461792,1.036479115486145,0.0009999202400647444
8,1.057352364063263,12096.89208984375,1.0205850005149841,1.4186973571777344,16230.9453125,0.3089819550514221,1.040651798248291,0.0009998958246505512
9,1.0547428727149963,12067.037109375,1.0232510566711426,1.414412260055542,16181.919921875,0.31021589040756226,1.044398307800293,0.0009998681543535498
10,1.0509067177772522,12023.1484375,1.0254016518592834,1.4081841707229614,16110.6650390625,0.31122714281082153,1.0477856397628784,0.0009998372293633891
11,1.0456955134868622,11963.52880859375,1.0284925699234009,1.398886799812317,16004.298828125,0.31231287121772766,1.0516862869262695,0.000999803049892026
12,1.0384902954101562,11881.095703125,1.0317777395248413,1.3848845958709717,15844.1015625,0.3132396340370178,1.055671215057373,0.000999765616173722
13,1.0267592370510101,11746.8837890625,1.0338513255119324,1.3640046119689941,15605.2197265625,0.31396210193634033,1.0598397254943848,0.000999724928465044
14,1.0067882239818573,11518.40087890625,1.036452293395996,1.3338319063186646,15260.01953125,0.3141922354698181,1.0636496543884277,0.000999680987044861
15,0.9810722768306732,11224.19140625,1.0395026206970215,1.2908533811569214,14768.3154296875,0.3139062821865082,1.0673489570617676,0.0009996337922143427
16,0.9446715414524078,10807.740234375,1.0426775813102722,1.230000615119934,14072.115234375,0.3130339980125427,1.0709142684936523,0.000999583344296957
17,0.8939047455787659,10226.9306640625,1.0452205538749695,1.145976185798645,13110.8134765625,0.311735063791275,1.0747015476226807,0.0009995296436384681
18,0.8268951177597046,9460.291015625,1.0515933632850647,1.0351892709732056,11843.330078125,0.31061550974845886,1.079575777053833,0.0009994726906069349
19,0.7361298203468323,8421.869384765625,1.0561178922653198,0.9009495377540588,10307.52734375,0.3112565875053406,1.087435007095337,0.0009994124855927063
20,0.6209961473941803,7104.654541015625,1.070226788520813,0.7627493143081665,8726.416015625,0.31636178493499756,1.1019928455352783,0.0009993490290084214
21,0.5341455787420273,6111.0194091796875,1.093397855758667,0.6686074137687683,7649.36279296875,0.33007219433784485,1.1302194595336914,0.0009992823212890045
22,0.4824107587337494,5519.135498046875,1.1373078227043152,0.6620566844940186,7574.41748046875,0.3514466881752014,1.170955777168274,0.0009992123628916624
23,0.4995788335800171,5715.55078125,1.182295024394989,0.6665384769439697,7625.69189453125,0.3708253502845764,1.20650315284729,0.0009991391542958825
24,0.5034118741750717,5759.4039306640625,1.212805986404419,0.6231261491775513,7129.0234375,0.38189345598220825,1.226682186126709,0.000999062696003428
25,0.451395645737648,5164.299072265625,1.2257185578346252,0.5579063296318054,6382.8603515625,0.38269102573394775,1.229027509689331,0.0009989829885383356
26,0.395731583237648,4527.4613037109375,1.222658395767212,0.5161737203598022,5905.40869140625,0.38164910674095154,1.2275199890136719,0.0009989000324469113
27,0.3615235611796379,4136.0968017578125,1.219316840171814,0.5060208439826965,5789.251953125,0.382784903049469,1.2298028469085693,0.000998813828297727
28,0.3506162762641907,4011.308837890625,1.2207491397857666,0.4939551055431366,5651.2119140625,0.3887658715248108,1.2406601905822754,0.0009987243766816161
29,0.3369843363761902,3855.349365234375,1.2320361733436584,0.4654944837093353,5325.60009765625,0.399566113948822,1.259953498840332,0.0009986316782116702
30,0.3133864998817444,3585.373046875,1.250672698020935,0.428455114364624,4901.8427734375,0.4146578907966614,1.2865679264068604,0.0009985357335232344
31,0.28754259645938873,3289.6993408203125,1.2808144092559814,0.3975042402744293,4547.7421875,0.43460121750831604,1.3209757804870605,0.0009984365432739021
32,0.27065224945545197,3096.46142578125,1.3139269351959229,0.3779197633266449,4323.681640625,0.4547247886657715,1.3546645641326904,0.0009983341081435128
33,0.2600806802511215,2975.514892578125,1.3432377576828003,0.35730379819869995,4087.81884765625,0.4677814543247223,1.3761146068572998,0.0009982284288341454
34,0.24563706666231155,2810.2694091796875,1.3577200174331665,0.3334406316280365,3814.807373046875,0.47299471497535706,1.38482666015625,0.0009981195060701138
35,0.22724103927612305,2599.80517578125,1.3634715676307678,0.31650832295417786,3621.08935546875,0.47681504487991333,1.3914421796798706,0.0009980073405979624
36,0.21638298779726028,2475.5810546875,1.3653308153152466,0.30236437916755676,3459.271240234375,0.48167335987091064,1.399932622909546,0.000997891933186461
37,0.20763058960437775,2375.4473266601562,1.373606264591217,0.28014910221099854,3205.112548828125,0.49478679895401,1.421436071395874,0.000997773284626599
38,0.1946360319852829,2226.7799072265625,1.3922545313835144,0.2565852999687195,2935.525146484375,0.5084990859031677,1.4441049098968506,0.0009976513957315803
39,0.18165042996406555,2078.2149047851562,1.4070495963096619,0.23813103139400482,2724.39501953125,0.5143103003501892,1.455257773399353,0.0009975262673368177
40,0.17108508571982384,1957.3397216796875,1.407543420791626,0.2223069965839386,2543.356201171875,0.5035146474838257,1.442124605178833,0.0009973979002999274
41,0.1603708602488041,1834.7610473632812,1.3821268677711487,0.20693542063236237,2367.493896484375,0.47430145740509033,1.4010210037231445,0.0009972662955007225
42,0.14891347661614418,1703.68017578125,1.3313705921173096,0.1941172331571579,2220.844482421875,0.4336687922477722,1.340322494506836,0.000997131453841208
43,0.13938353210687637,1594.6505126953125,1.2651556730270386,0.1817578822374344,2079.444580078125,0.39054203033447266,1.2724953889846802,0.0009969933762455727
44,0.13016802072525024,1489.2183227539062,1.2007405161857605,0.16782084107398987,1919.994384765625,0.3462830185890198,1.1987286806106567,0.0009968520636601855
45,0.11906923353672028,1362.2398681640625,1.1231791377067566,0.15521091222763062,1775.7276611328125,0.29840385913848877,1.1126278638839722,0.0009967075170535873
46,0.10965277999639511,1254.5087890625,1.0322961807250977,0.14332875609397888,1639.786865234375,0.2492963969707489,1.0163075923919678,0.000996559737416484
47,0.10083163902163506,1153.58837890625,0.9460527002811432,0.1315297931432724,1504.7979736328125,0.20305681228637695,0.9164679050445557,0.0009964087257617405
48,0.09214526042342186,1054.2098388671875,0.8537484407424927,0.1209368035197258,1383.6063232421875,0.1654255986213684,0.8264273405075073,0.0009962544831243743
49,0.08445923030376434,966.2759704589844,0.7763184607028961,0.11141497641801834,1274.6695556640625,0.14005236327648163,0.7584092617034912,0.0009960970105615467
50,0.07808163948357105,893.3115844726562,0.7294641137123108,0.10152526199817657,1161.5240478515625,0.1251370906829834,0.7101064920425415,0.0009959363091525573
51,0.07115981914103031,814.1208801269531,0.7073012888431549,0.09186478704214096,1051.0010986328125,0.11850341409444809,0.6773306727409363,0.0009957723799988354
52,0.06572994217276573,751.9991149902344,0.6996322274208069,0.08364178985357285,956.9238891601562,0.1170184314250946,0.6531542539596558,0.000995605224223933
53,0.06009042635560036,687.4788513183594,0.700283408164978,0.07576636224985123,866.8231201171875,0.11767418682575226,0.6337113976478577,0.0009954348429735173
54,0.055186524987220764,631.3746032714844,0.6936977505683899,0.06854648143053055,784.222412109375,0.11861506849527359,0.6170516014099121,0.000995261237415362
55,0.05072447843849659,580.3255310058594,0.6901589632034302,0.06141218915581703,702.600830078125,0.11989863961935043,0.6025632619857788,0.0009950844087393406
56,0.04696456529200077,537.3092956542969,0.6760589480400085,0.054467618465423584,623.1497802734375,0.12140161544084549,0.5970207452774048,0.0009949043581574167
57,0.04294235073029995,491.29222106933594,0.6547362804412842,0.048881255090236664,559.2376708984375,0.12345360219478607,0.6059908270835876,0.000994721086903637
58,0.04017541743814945,459.63645935058594,0.630174309015274,0.04460756108164787,510.3434753417969,0.12817442417144775,0.6321674585342407,0.0009945345962341218
59,0.037793394178152084,432.3843078613281,0.6148409247398376,0.04110495373606682,470.27105712890625,0.13821041584014893,0.6732175350189209,0.0009943448874270577
60,0.03527753800153732,403.60105895996094,0.6099952757358551,0.038239311426877975,437.4859619140625,0.1512838453054428,0.7135124206542969,0.0009941519617826875
61,0.03382118325680494,386.9393005371094,0.6122498214244843,0.03623621165752411,414.56903076171875,0.16409343481063843,0.7466892004013062,0.0009939558206233019
62,0.03254309855401516,372.31707763671875,0.6191411018371582,0.03500477597117424,400.4804992675781,0.1743953973054886,0.7737269401550293,0.0009937564652932305
63,0.03156424220651388,361.1182403564453,0.6219501495361328,0.03375594690442085,386.1930236816406,0.17949143052101135,0.7876495122909546,0.0009935538971588324
64,0.030840596184134483,352.8391876220703,0.6207124590873718,0.03244685009121895,371.2159118652344,0.18001046776771545,0.7906662225723267,0.0009933481176084868
65,0.029385795816779137,336.1951904296875,0.6166903972625732,0.03124210424721241,357.4327392578125,0.17429611086845398,0.7804030179977417,0.0009931391280525838
66,0.02827683463692665,323.50787353515625,0.6044028401374817,0.029780976474285126,340.71636962890625,0.16657152771949768,0.7637667655944824,0.0009929269299235144
67,0.02715778537094593,310.7051239013672,0.5921605825424194,0.028763869777321815,329.07989501953125,0.15868371725082397,0.7467570304870605,0.0009927115246756608
68,0.026129188016057014,298.9372253417969,0.5813999176025391,0.027699928730726242,316.90765380859375,0.1509278416633606,0.7294284105300903,0.0009924929137853865
69,0.025298559106886387,289.43421936035156,0.569526344537735,0.026978664100170135,308.6558837890625,0.14467868208885193,0.7148707509040833,0.0009922710987510263
70,0.024439632892608643,279.6074523925781,0.5622966587543488,0.026181982830166817,299.5412292480469,0.13964124023914337,0.7001699209213257,0.0009920460810928752
71,0.023661707527935505,270.7074203491211,0.5512309372425079,0.025476153939962387,291.4660339355469,0.1369306445121765,0.6905291080474854,0.000991817862353179
72,0.022991872392594814,263.0440139770508,0.5447665452957153,0.024923814460635185,285.1468200683594,0.13506560027599335,0.6825639009475708,0.0009915864440961236
73,0.022550910711288452,257.9990539550781,0.543601006269455,0.024238353595137596,277.3046569824219,0.13456608355045319,0.6764601469039917,0.0009913518279078238
74,0.021794996224343777,249.35083770751953,0.5378760695457458,0.023684237152338028,270.96514892578125,0.13562291860580444,0.6759217977523804,0.0009911140153963127
75,0.021103798411786556,241.44305419921875,0.5361592769622803,0.023065952584147453,263.8915100097656,0.13772226870059967,0.6802994012832642,0.0009908730081915308
76,0.020555617287755013,235.17142486572266,0.5374391078948975,0.022593814879655838,258.48992919921875,0.14085382223129272,0.6905601024627686,0.000990628807945314
77,0.019918860867619514,227.886474609375,0.53956139087677,0.02230897732079029,255.23117065429688,0.14365233480930328,0.7007967829704285,0.000990381416331384
78,0.01936869788914919,221.59221649169922,0.5409018993377686,0.022136900573968887,253.26248168945312,0.14599120616912842,0.7095931768417358,0.0009901308350453348
79,0.018911678344011307,216.3635711669922,0.5431473106145859,0.021670004352927208,247.92086791992188,0.1494431495666504,0.718858003616333,0.0009898770658046227
80,0.01836475543677807,210.10636138916016,0.5476705133914948,0.021230265498161316,242.88990783691406,0.1512691080570221,0.7255363464355469,0.0009896201103485537
81,0.01790604181587696,204.85832977294922,0.5484859943389893,0.020718926563858986,237.03982543945312,0.1521940529346466,0.7277430295944214,0.0009893599704382716
82,0.017343969084322453,198.4278106689453,0.5523214340209961,0.02033206820487976,232.61387634277344,0.1528145968914032,0.7315391302108765,0.0009890966478567462
83,0.016897004563361406,193.31421661376953,0.5507568717002869,0.019628820940852165,224.56820678710938,0.15274803340435028,0.7283982634544373,0.000988830144408761
84,0.016478114295750856,188.52181243896484,0.5487972795963287,0.018980534747242928,217.15130615234375,0.15340065956115723,0.7279026508331299,0.0009885604619209007
85,0.015901990700513124,181.93051147460938,0.5507302582263947,0.01862066239118576,213.03411865234375,0.15207920968532562,0.7232440114021301,0.0009882876022415392
86,0.015556488651782274,177.97771453857422,0.5514555275440216,0.018551116809248924,212.2384490966797,0.15170645713806152,0.7234371304512024,0.0009880115672408262
87,0.014988405164331198,171.47842025756836,0.5503720343112946,0.017789583653211594,203.5259552001953,0.15166215598583221,0.718342661857605,0.0009877323588106742
88,0.014695321209728718,168.12532806396484,0.5486758947372437,0.017476582899689674,199.9449920654297,0.15166203677654266,0.7177037596702576,0.0009874499788647467
89,0.014316961634904146,163.79661560058594,0.550803005695343,0.01670915260910988,191.16505432128906,0.15117104351520538,0.7117124795913696,0.0009871644293384444
90,0.013795091304928064,157.8260269165039,0.5457713603973389,0.016321683302521706,186.7321014404297,0.15006600320339203,0.7120249271392822,0.0009868757121888917
91,0.013408856000751257,153.40720748901367,0.5476725697517395,0.015989890322089195,182.93614196777344,0.1523125171661377,0.7190612554550171,0.0009865838293949237
92,0.012908903416246176,147.68737411499023,0.5475538372993469,0.015594751574099064,178.41546630859375,0.15338698029518127,0.7202564477920532,0.0009862887829570723
93,0.012608275283128023,144.24797821044922,0.5505158007144928,0.01532175112515688,175.2921600341797,0.15393519401550293,0.719840943813324,0.000985990574897553
94,0.012351114302873611,141.30587005615234,0.5460149347782135,0.015245991759002209,174.4254150390625,0.15392163395881653,0.7222414016723633,0.00098568920726025
95,0.011970787774771452,136.95464324951172,0.5489444136619568,0.01482557225972414,169.61549377441406,0.1565677523612976,0.7261810302734375,0.0009853846821107036
96,0.011490534991025925,131.4601936340332,0.5496389269828796,0.014463046565651894,165.46792602539062,0.15539146959781647,0.7246369123458862,0.000985077001536095
97,0.011077406350523233,126.73370742797852,0.5465399026870728,0.014079454354941845,161.07936096191406,0.1538781374692917,0.7228398323059082,0.0009847661676452323
98,0.010795132257044315,123.5042839050293,0.5465039908885956,0.013658937066793442,156.26834106445312,0.1560021936893463,0.7292076945304871,0.0009844521825685365
99,0.010367178823798895,118.60817337036133,0.5462552309036255,0.01343114860355854,153.66226196289062,0.15660697221755981,0.7301433086395264,0.000984135048458026
100,0.010116717778146267,115.74271774291992,0.5473212897777557,0.01326647587120533,151.77825927734375,0.15546071529388428,0.7315552234649658,0.0009838147674873024
101,0.009817651705816388,112.3211898803711,0.5461709797382355,0.01291972491890192,147.81118774414062,0.15605853497982025,0.7300235033035278,0.0009834913418515358
102,0.009421968832612038,107.79428482055664,0.5448260605335236,0.01248714979737997,142.86221313476562,0.15473520755767822,0.7259796857833862,0.000983164773767449
103,0.009183112531900406,105.06158828735352,0.5425918400287628,0.012081149965524673,138.21726989746094,0.15351243317127228,0.721542239189148,0.0009828350654733033
104,0.008825980126857758,100.97572326660156,0.5406087338924408,0.011893182061612606,136.06680297851562,0.15496975183486938,0.7224974632263184,0.0009825022192288823
105,0.00860489928163588,98.4463996887207,0.5409687459468842,0.011564120650291443,132.3020782470703,0.15400443971157074,0.7227159738540649,0.000982166237315477
106,0.008283240254968405,94.7663803100586,0.5389626622200012,0.011423029936850071,130.6879119873047,0.15332821011543274,0.7229939699172974,0.00098182712203587
107,0.008052790304645896,92.1298599243164,0.5388275384902954,0.011281058192253113,129.06362915039062,0.15305095911026,0.7216323614120483,0.000981484875714319
108,0.007922738790512085,90.64198684692383,0.5384204089641571,0.010864023119211197,124.2924575805664,0.1522979438304901,0.7187678813934326,0.0009811395006965424
109,0.007622976554557681,87.21247863769531,0.5362665057182312,0.010840357281267643,124.02166748046875,0.1528840959072113,0.7222974300384521,0.0009807909993497016
110,0.007410949096083641,84.7867431640625,0.536170244216919,0.010621421039104462,121.51689147949219,0.15175139904022217,0.7220427989959717,0.000980439374062386
111,0.007275392068549991,83.23585891723633,0.5385450571775436,0.010215803980827332,116.87633514404297,0.14999693632125854,0.7161222696304321,0.0009800846272445959
112,0.007033170200884342,80.46466064453125,0.5366982817649841,0.010106699541211128,115.62809753417969,0.1507483422756195,0.7217227220535278,0.0009797267613277261
113,0.006816805340349674,77.98928833007812,0.5352820158004761,0.01007433794438839,115.25786590576172,0.1522422581911087,0.724948525428772,0.0009793657787645499
114,0.006680314429104328,76.42773056030273,0.5338388085365295,0.009698807261884212,110.96150970458984,0.15031003952026367,0.7191148996353149,0.0009790016820292009
115,0.006545390235260129,74.88409042358398,0.5321109294891357,0.009426675736904144,107.84813690185547,0.14907896518707275,0.7176564931869507,0.0009786344736171578
116,0.006345398956909776,72.59605026245117,0.5317476689815521,0.009401950053870678,107.56524658203125,0.15106430649757385,0.7210135459899902,0.0009782641560452255
117,0.006264849100261927,71.67450332641602,0.5326565206050873,0.009214093908667564,105.4160385131836,0.14884942770004272,0.7161546945571899,0.0009778907318515194
118,0.006155841983854771,70.42737579345703,0.5313506424427032,0.009128314442932606,104.43465423583984,0.1459023505449295,0.7136038541793823,0.0009775142035954472
119,0.005910362116992474,67.6189079284668,0.5295981466770172,0.008869543671607971,101.4741439819336,0.14825132489204407,0.7142750024795532,0.0009771345738576913
120,0.005739008774980903,65.65850067138672,0.5282506346702576,0.008699096739292145,99.52408599853516,0.14800342917442322,0.714759886264801,0.0009767518452401915
121,0.005606357008218765,64.1408634185791,0.5266365855932236,0.008398081175982952,96.08024597167969,0.14501279592514038,0.7093628644943237,0.0009763660203661267
122,0.005448696203529835,62.33710861206055,0.5242290198802948,0.008277331478893757,94.69879150390625,0.1435973346233368,0.7070144414901733,0.0009759771018798979
123,0.005394347477704287,61.7153205871582,0.5241203010082245,0.008238008245825768,94.2489013671875,0.1458319127559662,0.7115049958229065,0.0009755850924471081
124,0.005298540461808443,60.61920928955078,0.5242933034896851,0.007933412678539753,90.76409912109375,0.14445164799690247,0.7084770798683167,0.0009751899947545466
125,0.005089241778478026,58.224687576293945,0.5230455696582794,0.007757521700114012,88.75177764892578,0.1438898742198944,0.7063592672348022,0.0009747918115101687
126,0.005038155009970069,57.640214920043945,0.5227211713790894,0.007673518266528845,87.79071044921875,0.14366230368614197,0.7072868943214417,0.0009743905454430774
127,0.004943213425576687,56.55401039123535,0.5252139568328857,0.0077008469961583614,88.1033706665039,0.1423940658569336,0.7069868445396423,0.0009739861993035058
128,0.0048180383164435625,55.121917724609375,0.5235016345977783,0.007532833144068718,86.1811752319336,0.14302781224250793,0.7043896913528442,0.0009735787758627971
129,0.004741523880511522,54.24653434753418,0.5201314389705658,0.007364065386354923,84.2503433227539,0.14226728677749634,0.7014366388320923,0.0009731682779133855
130,0.004641768988221884,53.10526466369629,0.5174299776554108,0.007196822203695774,82.33696746826172,0.13981449604034424,0.6960883140563965,0.0009727547082687784
131,0.0045532111544162035,52.09210205078125,0.5162157267332077,0.007168486248701811,82.01277923583984,0.14103181660175323,0.6984630823135376,0.0009723380697635356
132,0.004447408951818943,50.881643295288086,0.5173787176609039,0.007021607365459204,80.3323745727539,0.1404770016670227,0.6991358995437622,0.0009719183652532508
133,0.0043847153428941965,50.164384841918945,0.5159087926149368,0.006950875278562307,79.52315521240234,0.13907700777053833,0.6974794864654541,0.0009714955976145317
134,0.004302954766899347,49.22897911071777,0.5169803947210312,0.006831799168139696,78.16082763671875,0.13915768265724182,0.695295512676239,0.0009710697697449805
135,0.004187475889921188,47.90781784057617,0.5140295624732971,0.006740253884345293,77.11347961425781,0.13863295316696167,0.6949137449264526,0.0009706408845631738
136,0.004090962582267821,46.803632736206055,0.5128365457057953,0.006638998165726662,75.95503997802734,0.13747581839561462,0.6924713850021362,0.0009702089450086423
137,0.004059871542267501,46.447927474975586,0.5118308514356613,0.006515010725706816,74.53652954101562,0.13760687410831451,0.6922609806060791,0.0009697739540418514
138,0.003940120106562972,45.0778865814209,0.5115976333618164,0.006436659023165703,73.64012908935547,0.1385992169380188,0.6939481496810913,0.0009693359146441808
139,0.003951279097236693,45.20555114746094,0.5144410580396652,0.006355088669806719,72.70690155029297,0.13742294907569885,0.690101146697998,0.0009688948298179032
140,0.003796539385803044,43.43521308898926,0.5097812116146088,0.006297532934695482,72.04842376708984,0.1348031759262085,0.6854003667831421,0.0009684507025861646
141,0.0037897182628512383,43.357173919677734,0.5084429383277893,0.006155627314001322,70.42491149902344,0.13521191477775574,0.6857794523239136,0.0009680035359929635
142,0.0036941140424460173,42.26339530944824,0.5092407315969467,0.00606374628841877,69.37373352050781,0.13532276451587677,0.6876811981201172,0.0009675533331031295
143,0.0036590087693184614,41.86176109313965,0.5081120431423187,0.006034496705979109,69.03910064697266,0.13541686534881592,0.6872549057006836,0.0009671000970023028
144,0.0035750068491324782,40.90071678161621,0.5077808946371078,0.006003100425004959,68.67990112304688,0.13388720154762268,0.6818107962608337,0.000966643830796913
145,0.0035036192275583744,40.0839900970459,0.50572070479393,0.005920497700572014,67.73486328125,0.1344994306564331,0.6820576786994934,0.0009661845376141577
146,0.0034786511678248644,39.79833793640137,0.5096612274646759,0.005859050899744034,67.03186798095703,0.13501018285751343,0.6858034133911133,0.0009657222206019806
147,0.003377207787707448,38.63775062561035,0.5061976909637451,0.005696900188922882,65.17674255371094,0.13407793641090393,0.6826906204223633,0.000965256882929051
148,0.003374824416823685,38.61048126220703,0.5052265971899033,0.005626397673040628,64.3701400756836,0.1321195662021637,0.6761908531188965,0.0009647885277847412
149,0.0033715656027197838,38.57320213317871,0.5034266114234924,0.005705141928046942,65.27103424072266,0.13263054192066193,0.6794660687446594,0.0009643171583791048
150,0.00325847789645195,37.27939224243164,0.50397589802742,0.005572186317294836,63.74992370605469,0.13286910951137543,0.6790501475334167,0.0009638427779428549
151,0.003217928227968514,36.815473556518555,0.5042492151260376,0.005441451445221901,62.25422668457031,0.1309003382921219,0.6762017011642456,0.000963365389727342
152,0.003149238182231784,36.029611587524414,0.5018677711486816,0.005311271175742149,60.764862060546875,0.13020023703575134,0.6743306517601013,0.0009628849970045315
153,0.00308463117107749,35.29045867919922,0.5009717792272568,0.005318859592080116,60.8516845703125,0.13143804669380188,0.6762133836746216,0.0009624016030669813
154,0.003105426556430757,35.528371810913086,0.5003817528486252,0.00527742737904191,60.37766647338867,0.1299199014902115,0.6721255779266357,0.0009619152112278192
155,0.0029896018095314503,34.20325469970703,0.4977499842643738,0.005364021752029657,61.36837387084961,0.1279912143945694,0.6671274900436401,0.0009614258248207205
156,0.0029818323673680425,34.114362716674805,0.49912188947200775,0.00522194430232048,59.742897033691406,0.13132840394973755,0.6738023161888123,0.0009609334471998847
157,0.0030036483658477664,34.363956451416016,0.5019641518592834,0.005303279031068087,60.67342758178711,0.132068932056427,0.6724891662597656,0.0009604380817400133
158,0.002903052605688572,33.213067054748535,0.5001015216112137,0.005208465736359358,59.58869171142578,0.12839359045028687,0.6684478521347046,0.0009599397318362853
159,0.002896808087825775,33.14162349700928,0.49741917848587036,0.0051668486557900906,59.11256790161133,0.1274735927581787,0.6678184270858765,0.0009594384009043353
160,0.0028211709577590227,32.27628135681152,0.49558183550834656,0.005006546154618263,57.27858352661133,0.12947362661361694,0.668880045413971,0.0009589340923802293
161,0.0028375147376209497,32.463263511657715,0.4976320415735245,0.004843919537961483,55.418025970458984,0.1275252401828766,0.6641418933868408,0.0009584268097204415
162,0.0027226717211306095,31.149374961853027,0.49281124770641327,0.005028018727898598,57.52424240112305,0.1258949339389801,0.6628763675689697,0.0009579165564018304
163,0.0027017880929633975,30.910454750061035,0.494643896818161,0.004741753917187452,54.24916458129883,0.12777967751026154,0.6650009155273438,0.0009574033359216153
164,0.0026861545629799366,30.731592178344727,0.4956425428390503,0.00476050516590476,54.46369171142578,0.1284448653459549,0.6667147278785706,0.0009568871517973516
165,0.002579934662207961,29.516356468200684,0.4952440857887268,0.004783040843904018,54.72152328491211,0.1254109889268875,0.662929892539978,0.0009563680075669077
166,0.0025787227787077427,29.502492904663086,0.4921295642852783,0.004706066567450762,53.840877532958984,0.12523892521858215,0.6605821847915649,0.0009558459067884399
167,0.002547477139160037,29.145018577575684,0.49147576093673706,0.004665262531489134,53.37405014038086,0.12818999588489532,0.6642443537712097,0.0009553208530403685
168,0.0025314021622762084,28.96110725402832,0.4961804896593094,0.00459665572270751,52.58913803100586,0.1269981861114502,0.6638185381889343,0.0009547928499213533
169,0.0024893864756450057,28.48041820526123,0.4914837181568146,0.004702578764408827,53.80097579956055,0.12438996136188507,0.6583791375160217,0.0009542619010502682
170,0.002432477893307805,27.829343795776367,0.4890517294406891,0.004469042178243399,51.1291389465332,0.12583473324775696,0.6587889194488525,0.0009537280100661779
171,0.002404989907518029,27.51486301422119,0.4900982975959778,0.004446463193744421,50.870819091796875,0.12573203444480896,0.6583237051963806,0.0009531911806283107
172,0.0023347276728600264,26.711007118225098,0.4893588423728943,0.004517776425927877,51.68669891357422,0.12400776892900467,0.6565343737602234,0.0009526514164160361
173,0.002338093938305974,26.749523162841797,0.4882171303033829,0.004336491227149963,49.6126594543457,0.12269476801156998,0.6529462933540344,0.000952108721128837
174,0.0022931855637580156,26.235737800598145,0.48699551820755005,0.004261001944541931,48.74900817871094,0.12321515381336212,0.653714656829834,0.0009515630984862864
175,0.0022559213684871793,25.809407234191895,0.48885874450206757,0.004276575520634651,48.927181243896484,0.12366265058517456,0.6562443971633911,0.0009510145522280209
176,0.0022037933813408017,25.213024139404297,0.488076388835907,0.004247818607836962,48.59817886352539,0.12366822361946106,0.6544315218925476,0.0009504630861137151
177,0.0021822612616233528,24.966679573059082,0.4875279814004898,0.004162705037742853,47.62441635131836,0.12286713719367981,0.6511961221694946,0.0009499087039230559
178,0.0021353307529352605,24.42976188659668,0.4861362725496292,0.004151443485170603,47.495582580566406,0.1225113570690155,0.6514279246330261,0.0009493514094557168
179,0.0021148500964045525,24.195448875427246,0.4855644553899765,0.004150564782321453,47.48552322387695,0.12203183770179749,0.6501018404960632,0.0009487912065313317
180,0.0020857503404840827,23.862523078918457,0.48557859659194946,0.004119697026908398,47.13237380981445,0.12260478734970093,0.6515898704528809,0.0009482280989894687
181,0.0020580384298227727,23.54547882080078,0.48502375185489655,0.004073138814419508,46.59971618652344,0.12168610841035843,0.6489800214767456,0.0009476620906896039
182,0.002054190670605749,23.501458168029785,0.48476727306842804,0.004012905992567539,45.91060256958008,0.1203879863023758,0.6437719464302063,0.0009470931855110946
183,0.0020157202379778028,23.06132698059082,0.4823128879070282,0.003982969559729099,45.56810760498047,0.12091483175754547,0.645521342754364,0.0009465213873531535
184,0.00199586758390069,22.83419895172119,0.48412299156188965,0.003910716623067856,44.741485595703125,0.12049055099487305,0.6446404457092285,0.0009459467001348209
185,0.0019714092486537993,22.55437660217285,0.4824647009372711,0.0038988704327493906,44.605960845947266,0.11982870101928711,0.6436071395874023,0.0009453691277949389
186,0.0019382730242796242,22.17527484893799,0.48169101774692535,0.0038768379017710686,44.35388946533203,0.12061769515275955,0.6474848985671997,0.0009447886742921233
187,0.0019210741738788784,21.978507041931152,0.4825165867805481,0.0038317313883453608,43.83784103393555,0.12057585269212723,0.6480964422225952,0.0009442053436047377
188,0.0018975709681399167,21.709614753723145,0.483416885137558,0.0038085298147052526,43.572391510009766,0.12066709995269775,0.648693323135376,0.0009436191397308651
189,0.0018876823596656322,21.596479415893555,0.48433490097522736,0.003806432243436575,43.54840087890625,0.12022005021572113,0.6456081867218018,0.0009430300666882817
190,0.0018798527889885008,21.50690269470215,0.48220495879650116,0.00378160597756505,43.264366149902344,0.1189499944448471,0.6407465934753418,0.0009424381285144275
191,0.00191386544611305,21.896032333374023,0.48317164182662964,0.00379708269611001,43.44143295288086,0.11998607963323593,0.6455363631248474,0.0009418433292663809
192,0.0018491758382879198,21.15593719482422,0.4829592704772949,0.0037233042530715466,42.59734344482422,0.11915996670722961,0.6435596942901611,0.0009412456730208292
193,0.0018686279654502869,21.378483772277832,0.4819118231534958,0.0036875924561172724,42.18878173828125,0.11715377867221832,0.6354038715362549,0.0009406451638740416
194,0.0018122837063856423,20.733861923217773,0.4766353964805603,0.003652412910014391,41.78629684448242,0.11753787100315094,0.6357803344726562,0.0009400418059418403
195,0.0017880771774798632,20.456923484802246,0.47813908755779266,0.0036742694210261106,42.036354064941406,0.11684148013591766,0.632223904132843,0.0009394356033595729
196,0.0017854936886578798,20.427366256713867,0.47751474380493164,0.0036031659692525864,41.22288513183594,0.1174074113368988,0.6361631751060486,0.0009388265602820842
197,0.0017884342232719064,20.461009979248047,0.4818873405456543,0.0035619698464870453,40.751564025878906,0.11622291803359985,0.6323449611663818,0.0009382146808836873
198,0.0017601675353944302,20.13761615753174,0.474289670586586,0.0035920992959290743,41.09626770019531,0.11637766659259796,0.6349631547927856,0.0009375999693581351
199,0.0017148611950688064,19.619277954101562,0.4772152602672577,0.0035723852925002575,40.87071990966797,0.11868282407522202,0.6415342092514038,0.0009369824299185914
200,0.001726954069454223,19.757628440856934,0.48144885897636414,0.0035434779711067677,40.540000915527344,0.11964128911495209,0.6450760364532471,0.0009363620667976027
201,0.001703051442746073,19.484166145324707,0.48190125823020935,0.0035411911085247993,40.51383590698242,0.1175161749124527,0.640911340713501,0.000935738884247068
202,0.0016883930074982345,19.31646156311035,0.4794158786535263,0.003473713295534253,39.74184036254883,0.115983746945858,0.6341599225997925,0.0009351128865382109
203,0.0016602204414084554,18.99414825439453,0.4756348729133606,0.0034533250145614147,39.50858688354492,0.11550284177064896,0.6323425769805908,0.0009344840779615496
204,0.0016462261555716395,18.8340425491333,0.47461867332458496,0.0034299634862691164,39.24131393432617,0.11434920132160187,0.6271477341651917,0.0009338524628268676
205,0.0016249873442575336,18.591055870056152,0.4728516936302185,0.003387618809938431,38.75686264038086,0.11492334306240082,0.6293164491653442,0.0009332180454631845
206,0.0016138407518155873,18.463531017303467,0.4731966555118561,0.0033718617632985115,38.57658767700195,0.11465528607368469,0.6283403635025024,0.0009325808302187257
207,0.0016005038633011281,18.310945987701416,0.47248345613479614,0.0033692610450088978,38.54682922363281,0.11393396556377411,0.6270104646682739,0.0009319408214608931
208,0.0015983726480044425,18.286563396453857,0.47176942229270935,0.003353577572852373,38.36740493774414,0.11415153741836548,0.6272158622741699,0.0009312980235762353
209,0.0015902348095551133,18.193459510803223,0.4780329167842865,0.0033754052128642797,38.617130279541016,0.11516506224870682,0.6329083442687988,0.0009306524409704167
210,0.0015675027389079332,17.933388233184814,0.47474537789821625,0.0033112706150859594,37.88338088989258,0.11496073007583618,0.6317366361618042,0.0009300040780681884
211,0.0015749189769849181,18.018237113952637,0.47533564269542694,0.003307183738797903,37.83662414550781,0.11377604305744171,0.6263387203216553,0.0009293529393133572
212,0.0015523945912718773,17.760539054870605,0.472410649061203,0.0032698712311685085,37.40974044799805,0.1139652281999588,0.6278735399246216,0.000928699029168755
213,0.0015368767199106514,17.58300495147705,0.4729628264904022,0.003263868158683181,37.34105682373047,0.1140708178281784,0.6282999515533447,0.000928042352116209
214,0.0015373846399597824,17.58881664276123,0.47925812005996704,0.0032795316074043512,37.520267486572266,0.11357340216636658,0.6289949417114258,0.00092738291265651
215,0.0015309103182516992,17.51474380493164,0.47163382172584534,0.0032210671342909336,36.85138702392578,0.11271360516548157,0.6247512102127075,0.0009267207153093822
216,0.001510700793005526,17.283531665802002,0.471026748418808,0.0031915309373289347,36.51346969604492,0.11308842897415161,0.624707818031311,0.0009260557646134519
217,0.0015234056627377868,17.428885459899902,0.4729980379343033,0.00318599003367126,36.4500846862793,0.11158215999603271,0.617852509021759,0.0009253880651262172
218,0.0014916974469088018,17.066121101379395,0.47097347676754,0.003155222861096263,36.098079681396484,0.11167220771312714,0.6207253932952881,0.0009247176214240154
219,0.0014837075141258538,16.974709510803223,0.4700344651937485,0.0031250840984284878,35.75326919555664,0.11143605411052704,0.6195031404495239,0.0009240444381019922
220,0.0014769528643228114,16.89743137359619,0.4681796580553055,0.0031533222645521164,36.07633590698242,0.11139281094074249,0.6201084852218628,0.0009233685197740714
221,0.0014570511993952096,16.669742107391357,0.4686024785041809,0.0031191320158541203,35.68517303466797,0.11201329529285431,0.622772216796875,0.0009226898710729209
222,0.0014527662424370646,16.62071943283081,0.4702255427837372,0.003122535767033696,35.72411346435547,0.11201953887939453,0.6240787506103516,0.0009220084966499233
223,0.0014499119715765119,16.58806324005127,0.4730190932750702,0.003120427019894123,35.69998550415039,0.11226031929254532,0.6257407665252686,0.0009213244011751424
224,0.0014753248542547226,16.87880563735962,0.472415566444397,0.0030865860171616077,35.31282424926758,0.1108880564570427,0.6192518472671509,0.000920637589337292
225,0.0014505433500744402,16.59528684616089,0.46867620944976807,0.003108437405899167,35.56282043457031,0.11154524981975555,0.6210748553276062,0.0009199480658437039
226,0.0014352629077620804,16.420467853546143,0.4664927273988724,0.003076947061344981,35.20254898071289,0.10986006259918213,0.6150044202804565,0.0009192558354202945
227,0.001439819869119674,16.472603797912598,0.4667970687150955,0.0030304875690490007,34.67101287841797,0.10858263075351715,0.6107375025749207,0.0009185609028115337
228,0.0014015754568390548,16.035058975219727,0.46378515660762787,0.0030047795735299587,34.37689971923828,0.10926838964223862,0.6142352819442749,0.0009178632727804119
229,0.0014455041964538395,16.537636280059814,0.47165828943252563,0.0030235080048441887,34.591163635253906,0.1110215112566948,0.6217645406723022,0.0009171629501084071
230,0.00139666922041215,15.978928565979004,0.4694478213787079,0.0030107407364994287,34.445098876953125,0.11022089421749115,0.6183136701583862,0.0009164599395954524
231,0.0013991817831993103,16.007672786712646,0.46732544898986816,0.0030228581745177507,34.5837287902832,0.10966591536998749,0.6170883178710938,0.0009157542460599035
232,0.0013836518046446145,15.829998970031738,0.46645693480968475,0.002972137648612261,34.003448486328125,0.10968887060880661,0.6157829165458679,0.0009150458743385046
233,0.0013872073031961918,15.870675563812256,0.4664183408021927,0.0029483779799193144,33.73161697387695,0.10891014337539673,0.6126327514648438,0.000914334829286356
234,0.0013715543318539858,15.691594123840332,0.4661349058151245,0.002969435416162014,33.9725341796875,0.10781307518482208,0.6119625568389893,0.0009136211157768811
235,0.0013980981311760843,15.995274543762207,0.4646720588207245,0.00291805574670434,33.38471603393555,0.10704100131988525,0.6073538064956665,0.0009129047387017925
236,0.0013646603911183774,15.612722873687744,0.4633673131465912,0.0029167314060032368,33.36956024169922,0.10802397131919861,0.6100319623947144,0.0009121857029710581
237,0.0013686426682397723,15.658283710479736,0.46676158905029297,0.0029421306680887938,33.6601448059082,0.1074264794588089,0.6114233136177063,0.0009114640135128688
238,0.001344084448646754,15.377317905426025,0.46569959819316864,0.0028927053790539503,33.094688415527344,0.10741826891899109,0.611393928527832,0.000910739675273603
239,0.0013427351950667799,15.36188268661499,0.4622053951025009,0.002877875929698348,32.92502212524414,0.10685403645038605,0.6074632406234741,0.0009100126932177938
240,0.0013290196075104177,15.204967021942139,0.4628407955169678,0.002881713444367051,32.96892547607422,0.10687392950057983,0.6060384511947632,0.000909283072328095
241,0.001331463165115565,15.23292350769043,0.4617341458797455,0.0028745047748088837,32.88645553588867,0.10704386979341507,0.6074432134628296,0.0009085508176052465
242,0.0013305346947163343,15.222299098968506,0.4621824473142624,0.0028546983376145363,32.65985870361328,0.1063406690955162,0.6058983206748962,0.00090781593406804
243,0.001313036831561476,15.022112369537354,0.46282634139060974,0.002860742388293147,32.72900390625,0.10673690587282181,0.6091462969779968,0.000907078426753285
244,0.0013060494093224406,14.942169666290283,0.4624285250902176,0.002836946863681078,32.45676803588867,0.10694131255149841,0.6097425222396851,0.0009063383007157744
245,0.0013175974017940462,15.07428789138794,0.4688546061515808,0.0028282583225518465,32.35736846923828,0.10814663022756577,0.6140217781066895,0.0009055955610282487
246,0.0012988380622118711,14.85966682434082,0.46628229320049286,0.002819517394527793,32.257362365722656,0.10690437257289886,0.6102575063705444,0.000904850212781363
247,0.0013134970213286579,15.027376174926758,0.4670160710811615,0.002778509631752968,31.7882022857666,0.10464359074831009,0.5999030470848083,0.0009041022610836503
248,0.0012840635608881712,14.690636157989502,0.4566444903612137,0.002763777505606413,31.61965560913086,0.1044473946094513,0.5976884365081787,0.0009033517110614881
249,0.0012848833575844765,14.700014114379883,0.458242729306221,0.0027433987706899643,31.38650894165039,0.10441064834594727,0.5991078615188599,0.0009025985678590621
250,0.0012818805989809334,14.66565990447998,0.4566197544336319,0.002748980652540922,31.45037078857422,0.10380116105079651,0.5995248556137085,0.0009018428366383317
251,0.0012727027642540634,14.560659885406494,0.4580152630805969,0.002765428740531206,31.638547897338867,0.1043245866894722,0.6015598773956299,0.0009010845225789934
252,0.001274449226912111,14.58064079284668,0.45945774018764496,0.002754808869212866,31.517045974731445,0.10477486252784729,0.6021047234535217,0.0009003236308784478
253,0.0012705285334959626,14.535783767700195,0.45978447794914246,0.0027324906550347805,31.26171112060547,0.10547640919685364,0.6051651239395142,0.0008995601667517607
254,0.0012578382156789303,14.390597820281982,0.46019113063812256,0.00273446855135262,31.284339904785156,0.10421356558799744,0.602204442024231,0.0008987941354316301
255,0.0012554556014947593,14.363337993621826,0.45943963527679443,0.0027196179144084454,31.114439010620117,0.10437813401222229,0.6031591892242432,0.0008980255421683486
256,0.0012570936814881861,14.382080078125,0.4607318341732025,0.002687618834897876,30.748340606689453,0.10329768061637878,0.5984842777252197,0.0008972543922297687
257,0.0012623436050489545,14.442143440246582,0.4588569551706314,0.0026951543986797333,30.834552764892578,0.10389775782823563,0.6008337736129761,0.0008964806909012655
258,0.001235359930433333,14.133430004119873,0.4584190249443054,0.002703449921682477,30.929466247558594,0.10299649834632874,0.597754955291748,0.0008957044434857014
259,0.0012616930762305856,14.434700012207031,0.45741063356399536,0.0026911015156656504,30.78818702697754,0.10192283987998962,0.5932151079177856,0.0008949256553033892
260,0.001225705025717616,14.02297067642212,0.45662832260131836,0.0026616172399371862,30.450864791870117,0.10295142233371735,0.597385823726654,0.0008941443316920559
261,0.0012501642340794206,14.302800178527832,0.4603784680366516,0.0026484739501029253,30.30049705505371,0.10271921008825302,0.5984357595443726,0.0008933604780068062
262,0.001219584548380226,13.952948093414307,0.4569407105445862,0.0026695060078054667,30.541118621826172,0.10174700617790222,0.5957107543945312,0.0008925740996200851
263,0.0012317029759287834,14.091591835021973,0.45592471957206726,0.0026266993954777718,30.051380157470703,0.10166539996862411,0.5927642583847046,0.0008917852019216424
264,0.0012219942873343825,13.980515956878662,0.4552858769893646,0.0026385777164250612,30.18727684020996,0.1023181825876236,0.5937615036964417,0.0008909937903184945
265,0.0012352418270893395,14.132078170776367,0.4570608139038086,0.0026346207596361637,30.142005920410156,0.10150644183158875,0.5935742855072021,0.000890199870234888
266,0.0012048613862134516,13.784503936767578,0.45906269550323486,0.0026227575726807117,30.006282806396484,0.10117701441049576,0.5938656330108643,0.0008894034471122621
267,0.0012217547628097236,13.977776527404785,0.4544331878423691,0.002591957338154316,29.65390396118164,0.10093836486339569,0.592408299446106,0.0008886045264092117
268,0.0011963448487222195,13.687068462371826,0.4560990333557129,0.002625772962346673,30.040781021118164,0.09956278651952744,0.5861814618110657,0.0008878031136014499
269,0.0012068239448126405,13.806955814361572,0.4548121839761734,0.0025574348401278257,29.258943557739258,0.09916208684444427,0.5838746428489685,0.0008869992141817703
270,0.0011844683904200792,13.55119276046753,0.4503561556339264,0.00253786938264966,29.035099029541016,0.09931810200214386,0.5862140655517578,0.0008861928336600095
271,0.0011871570604853332,13.581953525543213,0.451260969042778,0.002557803876698017,29.263164520263672,0.09949489682912827,0.5879878997802734,0.0008853839775630094
272,0.001177581725642085,13.472404956817627,0.4517967700958252,0.0025666046421974897,29.36385154724121,0.10000955313444138,0.5902382135391235,0.000884572651434579
273,0.0011836810153909028,13.542185306549072,0.4527260363101959,0.002575213322415948,29.462345123291016,0.1015343964099884,0.5963438749313354,0.0008837588608354571
274,0.0011809036368504167,13.510408878326416,0.4564807415008545,0.002561502391472459,29.305479049682617,0.10143764317035675,0.5959332585334778,0.0008829426113432729
275,0.0011838504287879914,13.544122695922852,0.4546087831258774,0.00255392724648118,29.218812942504883,0.1006927639245987,0.5926045179367065,0.0008821239085525091
276,0.0011739367037080228,13.430702686309814,0.45341455936431885,0.002553892321884632,29.218412399291992,0.09929092228412628,0.5877096652984619,0.0008813027580744632
277,0.001164486980997026,13.322590351104736,0.45066002011299133,0.0024932115338742733,28.524179458618164,0.09816470742225647,0.5825713872909546,0.0008804791655372085
278,0.0011615650146268308,13.28916072845459,0.4492178410291672,0.002499309368431568,28.593944549560547,0.0972491204738617,0.5803655982017517,0.0008796531365855559
279,0.001167194452136755,13.353566646575928,0.4507961571216583,0.0024909216444939375,28.497983932495117,0.09718424081802368,0.5815187692642212,0.0008788246768810155
280,0.0011558199767023325,13.223434448242188,0.4486386775970459,0.0024645971134305,28.19681167602539,0.09713084250688553,0.5801154971122742,0.0008779937921017574
281,0.001152541401097551,13.18592357635498,0.4482260197401047,0.0024796477518975735,28.369003295898438,0.09698556363582611,0.5804979801177979,0.0008771604879425725
282,0.001149013580288738,13.145564079284668,0.4480542987585068,0.002443908480927348,27.960119247436523,0.09681829810142517,0.5787538886070251,0.0008763247701148346
283,0.0011702924384735525,13.389009475708008,0.4530954658985138,0.002460167044773698,28.146127700805664,0.09812246263027191,0.5854982137680054,0.00087548664434646
284,0.0011744507937692106,13.436584949493408,0.4506783187389374,0.0024813374038785696,28.388334274291992,0.09643480181694031,0.5788249969482422,0.0008746461163818687
285,0.0011396246845833957,13.038147449493408,0.4478210061788559,0.0024503415916115046,28.03371810913086,0.09752434492111206,0.5825079679489136,0.0008738031919819456
286,0.00113501341547817,12.98539113998413,0.4498855471611023,0.0024422251153737307,27.940858840942383,0.09723515808582306,0.582450270652771,0.0008729578769239999
287,0.0011223281908314675,12.84026288986206,0.44829802215099335,0.00244767009280622,28.003154754638672,0.09629783779382706,0.5800358057022095,0.0008721101770017265
288,0.0011267822119407356,12.891220092773438,0.44715912640094757,0.00242243567481637,27.714454650878906,0.09572373330593109,0.5776059031486511,0.0008712600980251656
289,0.001117560372222215,12.785716533660889,0.44547170400619507,0.0024128761142492294,27.605083465576172,0.09504784643650055,0.5751156806945801,0.0008704076458206632
290,0.001120570464991033,12.82015323638916,0.4450739622116089,0.0023872635792940855,27.312057495117188,0.09514820575714111,0.574957013130188,0.0008695528262308317
291,0.001119690015912056,12.81008005142212,0.44553469121456146,0.0023902009706944227,27.345664978027344,0.09421662241220474,0.5718233585357666,0.0008686956451145084
292,0.001114220591261983,12.747506141662598,0.4432748109102249,0.002378544071689248,27.21230125427246,0.0943269208073616,0.5722873210906982,0.0008678361083467171
293,0.0011096434900537133,12.695140838623047,0.44352149963378906,0.002368500456213951,27.097393035888672,0.09435313940048218,0.5738452672958374,0.0008669742218186262
294,0.0011125084129162133,12.727918148040771,0.4440488666296005,0.0023514635395258665,26.902475357055664,0.09462529420852661,0.5747794508934021,0.0008661099914375098
295,0.0011071758344769478,12.66690969467163,0.4467463195323944,0.0023880552034825087,27.321115493774414,0.09522657096385956,0.5784034132957458,0.0008652434231267059
296,0.0011022973922081292,12.611095428466797,0.4488580822944641,0.002369706518948078,27.111190795898438,0.09575364738702774,0.5801839232444763,0.0008643745228255767
297,0.0010956889018416405,12.535490036010742,0.44669733941555023,0.002354004420340061,26.931547164916992,0.09447863698005676,0.575337827205658,0.0008635032964894676
298,0.001095630374038592,12.534820079803467,0.444910392165184,0.0023401868529617786,26.773466110229492,0.09281685948371887,0.56744384765625,0.0008626297500896666
299,0.0010856310545932502,12.420421123504639,0.4401564598083496,0.002315284451469779,26.488563537597656,0.09219036251306534,0.5647978782653809,0.0008617538896133625
300,0.0010850971739273518,12.41431188583374,0.44023168087005615,0.0023146115709096193,26.480865478515625,0.09172075986862183,0.5643144845962524,0.0008608757210636052
301,0.0010977518395520747,12.559091567993164,0.4405720829963684,0.0023317495360970497,26.676937103271484,0.0925540179014206,0.569709062576294,0.0008599952504592636
302,0.0010806414065882564,12.363334655761719,0.44366055727005005,0.002322377171367407,26.5697078704834,0.0919325053691864,0.5664446353912354,0.0008591124838349845
303,0.0010772343375720084,12.32435655593872,0.44138018786907196,0.0023118387907743454,26.449142456054688,0.09317891299724579,0.5709539651870728,0.0008582274272411517
304,0.0010768550273496658,12.320016384124756,0.4427492767572403,0.002303576096892357,26.354612350463867,0.09312726557254791,0.5712842345237732,0.0008573400867438438
305,0.0010698444675654173,12.239811420440674,0.4415743947029114,0.0022984833922237158,26.29634666442871,0.09199018776416779,0.5679774284362793,0.0008564504684247932
306,0.0010684194858185947,12.223508358001709,0.44006723165512085,0.0022655692882835865,25.919784545898438,0.09122683107852936,0.5644002556800842,0.0008555585783813443
307,0.001061908929841593,12.149021625518799,0.439144492149353,0.0022750438656657934,26.028179168701172,0.09074582904577255,0.563004732131958,0.0008546644227264119
308,0.0010626674047671258,12.15769910812378,0.4389074593782425,0.002270459197461605,25.97572898864746,0.09074251353740692,0.5631876587867737,0.0008537680075884382
309,0.0010704404267016798,12.246628284454346,0.4374556392431259,0.0022664687130600214,25.930076599121094,0.0901096761226654,0.5606402158737183,0.0008528693391113527
310,0.0010613813064992428,12.142984628677368,0.43748271465301514,0.0022496175952255726,25.737285614013672,0.09068144857883453,0.5625072717666626,0.0008519684234545282
311,0.0010593857732601464,12.120155811309814,0.43971332907676697,0.002267186064273119,25.93828010559082,0.09048698842525482,0.5641146302223206,0.0008510652667927398
312,0.0010492045257706195,12.003674030303955,0.43857531249523163,0.0022351930383592844,25.572256088256836,0.09054073691368103,0.5643870830535889,0.0008501598753161223
313,0.001056215725839138,12.08388900756836,0.43916721642017365,0.0022188210859894753,25.384950637817383,0.08901065587997437,0.5572616457939148,0.0008492522552301272
314,0.0010452995775267482,11.958998680114746,0.4349498450756073,0.0022272460628300905,25.481340408325195,0.08903232216835022,0.556970477104187,0.0008483424127554811
315,0.0010443667124491185,11.948325157165527,0.4350675493478775,0.0022153963800519705,25.34576988220215,0.08876626938581467,0.5573813915252686,0.0008474303541281425
316,0.0010444057697895914,11.94877290725708,0.4359934628009796,0.0021982162725180387,25.149213790893555,0.08931389451026917,0.5606945753097534,0.000846516085599259
317,0.0010422210616525263,11.923778057098389,0.43719856441020966,0.0022086745593696833,25.268869400024414,0.08799834549427032,0.5554388761520386,0.0008455996134351248
318,0.0010369114752393216,11.863032341003418,0.4342701733112335,0.0021977522410452366,25.143909454345703,0.0882505252957344,0.5567835569381714,0.0008446809439171374
319,0.0010304577299393713,11.789198875427246,0.43453317880630493,0.002181593794375658,24.95903968811035,0.08814725279808044,0.5564882159233093,0.0008437600833417549
320,0.0010312864615116268,11.798677921295166,0.4338645935058594,0.0022024705540388823,25.19788932800293,0.08784837275743484,0.5562031269073486,0.0008428370380204527
321,0.0010337999556213617,11.82743501663208,0.4353017508983612,0.002180682960897684,24.948625564575195,0.08718337118625641,0.5517665147781372,0.0008419118142796799
322,0.0010312568338122219,11.798339366912842,0.4330904334783554,0.0021766822319477797,24.90285301208496,0.08733977377414703,0.5517613887786865,0.0008409844184608164
323,0.0010277793917339295,11.75855541229248,0.43211495876312256,0.002176979323849082,24.906251907348633,0.08741064369678497,0.5549195408821106,0.0008400548569201295
324,0.0010189190215896815,11.657186508178711,0.4331500232219696,0.0021601987536996603,24.714269638061523,0.0873112753033638,0.5547640323638916,0.0008391231360287296
325,0.0010203496785834432,11.673553943634033,0.4333948343992233,0.0021613941062241793,24.72794532775879,0.08724715560674667,0.5546332597732544,0.0008381892621725278
326,0.001030708459438756,11.792066097259521,0.4338480085134506,0.002168092178180814,24.804574966430664,0.08697422593832016,0.5541311502456665,0.0008372532417521906
327,0.0010275669337715954,11.756125450134277,0.4331648200750351,0.002158661838620901,24.696685791015625,0.08551648259162903,0.5471653342247009,0.0008363150811830972
328,0.0010213656642008573,11.685178279876709,0.4310464560985565,0.0021393559873104095,24.475812911987305,0.08596548438072205,0.5490972399711609,0.0008353747868952953
329,0.0010384794441051781,11.88097095489502,0.4322182387113571,0.0021531153470277786,24.633228302001953,0.08580635488033295,0.5500293374061584,0.0008344323653334563
330,0.0010550125152803957,12.070123195648193,0.4319657236337662,0.0021475907415151596,24.570022583007812,0.08414940536022186,0.5425419211387634,0.0008334878229568325
331,0.0010297594708390534,11.781209468841553,0.42936767637729645,0.0021227318793535233,24.285621643066406,0.08558917790651321,0.5489698648452759,0.0008325411662392112
332,0.0010142944811377674,11.604277610778809,0.4309181571006775,0.002109398366883397,24.133073806762695,0.0842742919921875,0.5441291928291321,0.0008315924016688717
333,0.0009925845661200583,11.355900287628174,0.4277944713830948,0.00210368144325912,24.067668914794922,0.08408130705356598,0.5438868999481201,0.0008306415357485403
334,0.001010146428598091,11.556820392608643,0.4282638728618622,0.0020942133851349354,23.959348678588867,0.08399221301078796,0.5432248711585999,0.0008296885749953453
335,0.0009904976468533278,11.332024097442627,0.42790669202804565,0.002114597475156188,24.19255828857422,0.08424761891365051,0.5454936623573303,0.000828733525940773
336,0.001022338488837704,11.696307182312012,0.4316677749156952,0.0020790330599993467,23.785673141479492,0.08327720314264297,0.540500283241272,0.0008277763951306229
337,0.0009918436990119517,11.347424030303955,0.42971171438694,0.002095321426168084,23.972023010253906,0.08423185348510742,0.5464004874229431,0.0008268171891249622
338,0.0009903463069349527,11.330293655395508,0.4283876568078995,0.002082195831462741,23.821855545043945,0.08392749726772308,0.5448886156082153,0.0008258559144980815
339,0.000994435977190733,11.377081871032715,0.4281627684831619,0.0020557984244078398,23.51984977722168,0.08405569195747375,0.5457340478897095,0.0008248925778384496
340,0.0009845419263001531,11.263886451721191,0.4295753240585327,0.0020634110551327467,23.60694694519043,0.0826949030160904,0.5402811169624329,0.0008239271857486681
341,0.0009828830952756107,11.244908332824707,0.42530351877212524,0.0020754896104335785,23.745132446289062,0.08189661800861359,0.5375925302505493,0.0008229597448454262
342,0.0009730585443321615,11.132507801055908,0.423601970076561,0.0020319034811109304,23.246477127075195,0.08166373521089554,0.5359734296798706,0.0008219902617594552
343,0.000981310469796881,11.226916313171387,0.4238497167825699,0.0020317980088293552,23.245269775390625,0.08048007637262344,0.531518816947937,0.0008210187431354841
344,0.0009734117775224149,11.136549472808838,0.42131078243255615,0.0020425706170499325,23.36851692199707,0.0802975445985794,0.5309047102928162,0.0008200451956321928
345,0.0009661637304816395,11.053627014160156,0.42167939245700836,0.002039247890934348,23.330503463745117,0.08189232647418976,0.5382441282272339,0.0008190696259221665
346,0.0009643405792303383,11.032769203186035,0.42455029487609863,0.0020322182681411505,23.250078201293945,0.08222237229347229,0.5401595234870911,0.000818092040691851
347,0.0009694075561128557,11.090739250183105,0.4226036071777344,0.0020433133468031883,23.37701416015625,0.08136411011219025,0.5368123054504395,0.0008171124466415059
348,0.0009598829201422632,10.981769323348999,0.4234418720006943,0.0020338459871709347,23.26869773864746,0.08145789057016373,0.5375869870185852,0.0008161308504851593
349,0.0009574931464157999,10.95442819595337,0.42259305715560913,0.0020080532412976027,22.97361183166504,0.08022440969944,0.5334310531616211,0.0008151472589505611
350,0.0009623045334592462,11.009474277496338,0.4215478450059891,0.002001838991418481,22.902515411376953,0.07968258857727051,0.5315256118774414,0.0008141616787791377
351,0.0009613547299522907,10.998608589172363,0.4199051260948181,0.0020071440376341343,22.963211059570312,0.07863800972700119,0.5267477035522461,0.0008131741167259453
352,0.0009627871040720493,11.014995574951172,0.4214947521686554,0.0019690715707838535,22.527633666992188,0.07842876017093658,0.5241609811782837,0.0008121845795596236
353,0.0009763631387613714,11.170316219329834,0.417223796248436,0.0019953723531216383,22.828533172607422,0.07866993546485901,0.5277214050292969,0.0008111930740623492
354,0.0009567999222781509,10.946497917175293,0.4191611409187317,0.002034112811088562,23.271753311157227,0.07882001996040344,0.5297822952270508,0.0008101996070297903
355,0.0009645733225625008,11.035431385040283,0.41906024515628815,0.001967164222151041,22.50581169128418,0.07910975813865662,0.5299357771873474,0.0008092041852710587
356,0.000954131071921438,10.915963649749756,0.419202521443367,0.0020172642543911934,23.07899284362793,0.0788971334695816,0.5297050476074219,0.0008082068156086631
357,0.0009914861875586212,11.34333324432373,0.4227268695831299,0.0019722157157957554,22.5636043548584,0.07727298885583878,0.5222898125648499,0.0008072075048784639
358,0.0009550135873723775,10.92605972290039,0.4160780906677246,0.0019483098294585943,22.290102005004883,0.07824738323688507,0.5271425247192383,0.0008062062599296249
359,0.0009441334987059236,10.801584243774414,0.41854754090309143,0.0020030164159834385,22.91598892211914,0.07817137241363525,0.5275207161903381,0.0008052030876245668
360,0.0009495464328210801,10.863511085510254,0.4180728793144226,0.001968975877389312,22.526538848876953,0.07833197712898254,0.5283164978027344,0.0008041979948389203
361,0.0009358714160043746,10.707059860229492,0.41697174310684204,0.0019359493162482977,22.148691177368164,0.07757934182882309,0.5249922275543213,0.0008031909884614789
362,0.0009386662859469652,10.739036083221436,0.4144066423177719,0.0019670184701681137,22.5041446685791,0.07608785480260849,0.5186811089515686,0.0008021820753941513
363,0.0009462976595386863,10.82634449005127,0.4155612587928772,0.0019379204604774714,22.171241760253906,0.07625368982553482,0.5198080539703369,0.000801171262551915
364,0.0009300686360802501,10.640671730041504,0.4140857309103012,0.0019276851089671254,22.05414390563965,0.07577858865261078,0.5187271237373352,0.000800158556862768
365,0.0009305011481046677,10.645620584487915,0.41317644715309143,0.0019299411214888096,22.079952239990234,0.07574246823787689,0.5192840695381165,0.0007991439652676816
366,0.0009214682504534721,10.542277812957764,0.4139474332332611,0.0019322179723531008,22.106000900268555,0.07569870352745056,0.5187242031097412,0.000798127494720553
367,0.0009216934849973768,10.544854164123535,0.4128365218639374,0.0019094180315732956,21.845149993896484,0.07509077340364456,0.5158727765083313,0.0007971091521881574
368,0.0009240223298547789,10.571497678756714,0.41272351145744324,0.0019140258664265275,21.897869110107422,0.07508678734302521,0.5164897441864014,0.0007960889446501008
369,0.0009200351487379521,10.525881290435791,0.4120478332042694,0.001908105448819697,21.830135345458984,0.0748504176735878,0.5161467790603638,0.000795066879098771
370,0.0009228921262547374,10.558568000793457,0.41220884025096893,0.00188771344255656,21.59683609008789,0.0743262842297554,0.5137481093406677,0.0007940429625392913
371,0.0009173878061119467,10.495594024658203,0.4113871455192566,0.0019144787220284343,21.90304946899414,0.07366394996643066,0.511080265045166,0.000793017201989471
372,0.0009211394935846329,10.538515567779541,0.40969961881637573,0.001888306811451912,21.603622436523438,0.07379758358001709,0.5122939348220825,0.0007919896044797579
373,0.0009126901277340949,10.441847801208496,0.4107213616371155,0.0019071938004344702,21.819705963134766,0.07403235137462616,0.5147853493690491,0.0007909601770531903
374,0.0009176941239275038,10.499099016189575,0.41234061121940613,0.0018786709988489747,21.49338150024414,0.07471106946468353,0.517661452293396,0.0007899289267653487
375,0.0009314704220741987,10.656708002090454,0.41190360486507416,0.0018815009389072657,21.525760650634766,0.07410459220409393,0.5150436162948608,0.0007888958606843069
376,0.0009335732902400196,10.68076777458191,0.41029392182826996,0.0019111018627882004,21.864416122436523,0.07194718718528748,0.5045529007911682,0.0007878609858905844
377,0.0009176772146020085,10.498904943466187,0.4082835465669632,0.0018681996734812856,21.373580932617188,0.07218892872333527,0.5038832426071167,0.0007868243094770969
378,0.0009117485897149891,10.431077003479004,0.40729475021362305,0.001879365649074316,21.501327514648438,0.0724593847990036,0.508252739906311,0.0007857858385491085
379,0.0009162665228359401,10.482765674591064,0.40678030252456665,0.0018687571864575148,21.379962921142578,0.07171988487243652,0.5061720609664917,0.0007847455802241828
380,0.0009041958546731621,10.344667911529541,0.4056527614593506,0.0018454092787578702,21.11284637451172,0.0722121000289917,0.5078129768371582,0.0007837035416321337
381,0.0008998075209092349,10.294462203979492,0.4067613184452057,0.0018687420524656773,21.379791259765625,0.07302095741033554,0.5116356611251831,0.0007826597299149774
382,0.0008967004105215892,10.258915424346924,0.40806251764297485,0.0018760827369987965,21.46377182006836,0.07249876856803894,0.5101920366287231,0.0007816141522268821
383,0.0009038880816660821,10.341146469116211,0.4064335227012634,0.0018406605813652277,21.058515548706055,0.07186643779277802,0.5075725317001343,0.0007805668157341204
384,0.0008908843446988612,10.192375183105469,0.4064018428325653,0.0018331933533772826,20.973085403442383,0.07082553952932358,0.5027068853378296,0.0007795177276150193
385,0.0009368592873215675,10.718361854553223,0.4108988791704178,0.001841195160523057,21.06463050842285,0.07102508097887039,0.5046827793121338,0.0007784668950599113
386,0.000894613069249317,10.235033750534058,0.4034406244754791,0.0018436143873259425,21.092309951782227,0.0693889707326889,0.4972263276576996,0.0007774143252710853
387,0.000919477577554062,10.519502878189087,0.4030062407255173,0.001801790902391076,20.613819122314453,0.06858601421117783,0.4927964210510254,0.0007763600254627364
388,0.0008897974039427936,10.179938793182373,0.39930668473243713,0.0018254643073305488,20.884658813476562,0.06842603534460068,0.49189919233322144,0.0007753040028609179
389,0.000900332146557048,10.300464153289795,0.39935725927352905,0.001800882164388895,20.60342025756836,0.068794846534729,0.49557894468307495,0.00077424626470349
390,0.0009149570541922003,10.467784881591797,0.40023644268512726,0.0018232755828648806,20.859621047973633,0.06932909786701202,0.4986964166164398,0.0007731868182400717
391,0.0008977102115750313,10.27046823501587,0.40360239148139954,0.0018510307418182492,21.177160263061523,0.07193359732627869,0.5099046230316162,0.0007721256707319907
392,0.0009036472474690527,10.33839225769043,0.4076717644929886,0.0018235851312056184,20.863161087036133,0.07161148637533188,0.5085641145706177,0.0007710628294522329
393,0.000891921459697187,10.20423936843872,0.4009461998939514,0.0018319346709176898,20.95868682861328,0.06862647831439972,0.49605125188827515,0.0007699983016853936
394,0.0009214790479745716,10.54240083694458,0.40015392005443573,0.001794148818589747,20.52638816833496,0.06810490041971207,0.49375033378601074,0.000768932094727627
395,0.0009000446298159659,10.297176361083984,0.40279535949230194,0.0017827615374699235,20.396106719970703,0.06595998257398605,0.4822239279747009,0.0007678642158865958
396,0.0008788859995547682,10.055104732513428,0.3939816653728485,0.0017674475675448775,20.220905303955078,0.0657343864440918,0.4825893044471741,0.0007667946724814224
397,0.0008645601628813893,9.891206502914429,0.3939683139324188,0.0017675862181931734,20.222492218017578,0.06664599478244781,0.4886862337589264,0.0007657234718426375
398,0.0008741503261262551,10.000925540924072,0.39581048488616943,0.0017700931057333946,20.25117301940918,0.0674939826130867,0.4928937256336212,0.0007646506213121302
399,0.000868177303345874,9.932589054107666,0.3975420743227005,0.0017707200022414327,20.258346557617188,0.068457692861557,0.49721211194992065,0.0007635761282430981
400,0.0008647077775094658,9.892895221710205,0.39912787079811096,0.0017788836266845465,20.351741790771484,0.06810517609119415,0.49539914727211,0.0007624999999999961
401,0.0008621486776974052,9.863617658615112,0.3982870876789093,0.0017807467374950647,20.37306022644043,0.06715787947177887,0.49159619212150574,0.000761422243958487
402,0.0008593986131018028,9.832154512405396,0.3961164504289627,0.0017588452901691198,20.122488021850586,0.06590123474597931,0.48606860637664795,0.0007603428675053898
403,0.0008657246362417936,9.904529094696045,0.3963010013103485,0.0017538571264594793,20.065418243408203,0.06617063283920288,0.48808109760284424,0.0007592618780386299
404,0.0008588266500737518,9.825610637664795,0.3955206125974655,0.0017378852935507894,19.882692337036133,0.06445249915122986,0.48010021448135376,0.0007581792829671881
405,0.0008550084894523025,9.781927585601807,0.3915928453207016,0.0017224722541868687,19.70635223388672,0.06426742672920227,0.4793795943260193,0.0007570950897110498
406,0.0008453229092992842,9.67111873626709,0.39145736396312714,0.0017245943890884519,19.730632781982422,0.06477563828229904,0.4823693037033081,0.0007560093057011541
407,0.0008636790735181421,9.881126403808594,0.3964855968952179,0.0017288075760006905,19.778833389282227,0.06540191918611526,0.48633694648742676,0.0007549219383793432
408,0.0008694570860825479,9.947230815887451,0.3915903568267822,0.0017303735949099064,19.796749114990234,0.06396181881427765,0.4788197875022888,0.0007538329951983108
409,0.0008444602135568857,9.66124939918518,0.39044374227523804,0.0017533352365717292,20.059450149536133,0.06444306671619415,0.4810860753059387,0.0007527424836215516
410,0.0008696638396941125,9.949595928192139,0.39303819835186005,0.0017317673191428185,19.81269645690918,0.06474074721336365,0.4830525517463684,0.0007516504111233101
411,0.0008396673074457794,9.606414794921875,0.39246128499507904,0.0017571172211319208,20.102718353271484,0.06411623954772949,0.48077231645584106,0.0007505567851885283
412,0.0008667822694405913,9.91662883758545,0.397243857383728,0.0017479249509051442,19.99755096435547,0.0644991397857666,0.48301267623901367,0.0007494616133127967
413,0.0008441275858785957,9.657443046569824,0.39175888895988464,0.0016938664484769106,19.37908172607422,0.06261179596185684,0.4736137390136719,0.0007483649030023002
414,0.0008704365172889084,9.958436489105225,0.39100372791290283,0.001679763081483543,19.217729568481445,0.06108485162258148,0.4656800329685211,0.0007472666617737685
415,0.0008493828936479986,9.717567443847656,0.38690584897994995,0.0017030284507200122,19.483903884887695,0.06256742775440216,0.4752340614795685,0.000746166897154424
416,0.0008464265847578645,9.683745861053467,0.3898622691631317,0.0017020563827827573,19.4727840423584,0.06323285400867462,0.47816896438598633,0.0007450656166819305
417,0.0008586937910877168,9.824090719223022,0.38802313804626465,0.00172436295542866,19.727985382080078,0.062191568315029144,0.473442941904068,0.0007439628279043408
418,0.0008343404624611139,9.54547119140625,0.3864438682794571,0.0017139656702056527,19.609033584594727,0.062263067811727524,0.4737652838230133,0.0007428585383800457
419,0.0008525230223312974,9.753492832183838,0.3867410272359848,0.0016884327633306384,19.316917419433594,0.06158357858657837,0.4712255001068115,0.0007417527556777223
420,0.0008379019272979349,9.586216926574707,0.38397088646888733,0.0017108689062297344,19.573604583740234,0.061066050082445145,0.46951740980148315,0.0007406454873762809
421,0.0008358739432878792,9.563015460968018,0.38463935256004333,0.0016688043251633644,19.09235382080078,0.06138516217470169,0.47074446082115173,0.0007395367410648148
422,0.0008416597847826779,9.629209041595459,0.38625138998031616,0.0016832516994327307,19.25764274597168,0.061680540442466736,0.47286659479141235,0.000738426524342547
423,0.0008562775910831988,9.796448230743408,0.3870285004377365,0.0016891473205760121,19.325092315673828,0.05985964462161064,0.46376025676727295,0.0007373148448187787
424,0.0008368126000277698,9.573753833770752,0.3818313330411911,0.0016766961198300123,19.182641983032227,0.06094202771782875,0.4694019556045532,0.0007362017101128366
425,0.0008560004935134202,9.793277740478516,0.38732266426086426,0.0016656966181471944,19.056800842285156,0.05935082957148552,0.46163132786750793,0.0007350871278540218
426,0.0008219401643145829,9.403603076934814,0.38127367198467255,0.001679339911788702,19.212886810302734,0.06022241339087486,0.46710097789764404,0.0007339711056815558
427,0.0008256331202574074,9.445853471755981,0.38201799988746643,0.0016785272164270282,19.203590393066406,0.06052299588918686,0.4688646197319031,0.0007328536512445299
428,0.0008360142819583416,9.56462049484253,0.3813396394252777,0.0016788434004411101,19.20720863342285,0.059596363455057144,0.46411627531051636,0.0007317347722018518
429,0.0008366539841517806,9.57193899154663,0.3808535486459732,0.001688431017100811,19.3169002532959,0.05944184213876724,0.46380776166915894,0.0007306144762221927
430,0.0008511622727382928,9.737923860549927,0.38272564113140106,0.0017651745583862066,20.19489860534668,0.05962233990430832,0.4653370976448059,0.0007294927709839364
431,0.0008856613130774349,10.132619380950928,0.3815992474555969,0.0017171746585518122,19.64574432373047,0.05891864746809006,0.4622611701488495,0.0007283696641751246
432,0.0008630008960608393,9.873367309570312,0.37683790922164917,0.0016777986893430352,19.19525718688965,0.05755964294075966,0.4549159109592438,0.0007272451634934057
433,0.0008520983392372727,9.748634338378906,0.37694066762924194,0.0016749114729464054,19.16222381591797,0.05741953104734421,0.45466744899749756,0.0007261192766459815
434,0.0008463826379738748,9.683242797851562,0.37888941168785095,0.0016654636710882187,19.05413246154785,0.05736006796360016,0.4558129906654358,0.0007249920113495545
435,0.000896923738764599,10.261469841003418,0.3790167570114136,0.0016394032863900065,18.755983352661133,0.05649822950363159,0.45043984055519104,0.0007238633753302745
436,0.0008901844557840377,10.184367656707764,0.37896203994750977,0.0016774535179138184,19.19130516052246,0.058676429092884064,0.46184563636779785,0.0007227333763236868
437,0.0008561433351133019,9.794912338256836,0.3813815414905548,0.0016501335194334388,18.878746032714844,0.05813869833946228,0.46010127663612366,0.0007216020220746778
438,0.0008519222610630095,9.74661922454834,0.3777507096529007,0.0016298945993185043,18.647197723388672,0.057604968547821045,0.45774102210998535,0.0007204693203374228
439,0.0008247164369095117,9.435365200042725,0.37869447469711304,0.0016434440622106194,18.802213668823242,0.05761796981096268,0.45742711424827576,0.000719335278875333
440,0.000828261545393616,9.475923538208008,0.3778802901506424,0.0016151739982888103,18.478782653808594,0.055634863674640656,0.446934312582016,0.0007181999054610013
441,0.000812009529909119,9.28998851776123,0.37511201202869415,0.0016265369486063719,18.608783721923828,0.05567068234086037,0.4483894407749176,0.0007170632078761502
442,0.0008250964747276157,9.439712285995483,0.37333904206752777,0.001609336817637086,18.41200065612793,0.05481979250907898,0.44444411993026733,0.0007159251939115774
443,0.0008090444898698479,9.25606656074524,0.3710654526948929,0.0016002228949218988,18.30773162841797,0.05540357902646065,0.4478854537010193,0.0007147858713671033
444,0.0008233656117226928,9.419910430908203,0.37202785909175873,0.0015915576368570328,18.208595275878906,0.05541680008172989,0.4487440586090088,0.000713645248051517
445,0.0008202968456316739,9.384801864624023,0.3748435974121094,0.0016118496423587203,18.440750122070312,0.056108955293893814,0.45234206318855286,0.0007125033317825232
446,0.0008080194238573313,9.244338989257812,0.37393592298030853,0.0015774834901094437,18.047574996948242,0.05545322969555855,0.4482162892818451,0.0007113601303866878
447,0.0008104887674562633,9.272589683532715,0.37532752752304077,0.0015957136638462543,18.256141662597656,0.054168328642845154,0.4414829611778259,0.0007102156516993857
448,0.0008021855901461095,9.177595615386963,0.3680839389562607,0.0015844504814594984,18.127283096313477,0.05377160757780075,0.44067633152008057,0.000709069903564745
449,0.0007905338134150952,9.044290542602539,0.36889567971229553,0.0015719765797257423,17.984573364257812,0.054725281894207,0.4461442828178406,0.0007079228938355956
450,0.0007918283808976412,9.059101104736328,0.3720681071281433,0.0015731345629319549,17.997819900512695,0.0538966991007328,0.4421491324901581,0.0007067746303734138
451,0.0007836696458980441,8.96575927734375,0.3686113953590393,0.0015765712596476078,18.037137985229492,0.05420185625553131,0.44357097148895264,0.0007056251210482685
452,0.0007800219173077494,8.92402720451355,0.3690804988145828,0.0015465443721041083,17.6936092376709,0.054082661867141724,0.4434433579444885,0.0007044743737387681
453,0.0007792847172822803,8.915592193603516,0.36824625730514526,0.001551083056256175,17.745534896850586,0.05348636582493782,0.4408555030822754,0.0007033223963320057
454,0.0007791312236804515,8.913836479187012,0.3681606948375702,0.0015607724199071527,17.85638999938965,0.05377578362822533,0.4426896274089813,0.0007021691967235054
455,0.00077206757850945,8.833022832870483,0.3679632693529129,0.0015460276044905186,17.68769645690918,0.05294171720743179,0.43856149911880493,0.0007010147828171683
456,0.0007757495623081923,8.875148057937622,0.3661874085664749,0.0015372143825516105,17.586868286132812,0.05215821415185928,0.4342465400695801,0.0006998591625252183
457,0.0007675836968701333,8.781723976135254,0.3637007474899292,0.001558171585202217,17.82663345336914,0.05183197930455208,0.4330470561981201,0.0006987023437681469
458,0.0007733504171483219,8.847700595855713,0.3622058928012848,0.0015208089025691152,17.3991756439209,0.05142443627119064,0.43090787529945374,0.0006975443344746609
459,0.0007709700730629265,8.820467233657837,0.3622293323278427,0.0015266521368175745,17.466028213500977,0.051732566207647324,0.43344563245773315,0.000696385142581626
460,0.000773539548390545,8.84986400604248,0.3631468415260315,0.001536234631203115,17.575658798217773,0.051665134727954865,0.4333688020706177,0.0006952247760340137
461,0.000766101642511785,8.764768600463867,0.36401475965976715,0.001530734938569367,17.512737274169922,0.05256839096546173,0.4381064176559448,0.0006940632427848466
462,0.0007671547355130315,8.776816844940186,0.3677319139242172,0.0015392370987683535,17.610010147094727,0.0529075562953949,0.43984872102737427,0.0006929005507951433
463,0.0007622589764650911,8.720805644989014,0.3653740882873535,0.0015267181443050504,17.466785430908203,0.05173337459564209,0.4337655007839203,0.0006917367080338646
464,0.0007595109636895359,8.689365863800049,0.3605887144804001,0.0015233783051371574,17.428573608398438,0.05022388696670532,0.42589104175567627,0.0006905717224778584
465,0.000758607842726633,8.679034233093262,0.358907550573349,0.001505797146819532,17.22743034362793,0.049606651067733765,0.42282283306121826,0.0006894056021118053
466,0.0007564763072878122,8.654647827148438,0.35789860785007477,0.0014904638519510627,17.0520076751709,0.04955509677529335,0.4229107201099396,0.0006882383549281639
467,0.0007568837027065456,8.659308671951294,0.3602505326271057,0.0015084223123267293,17.257463455200195,0.050120752304792404,0.42716342210769653,0.0006870699889271154
468,0.0007524458051193506,8.608535766601562,0.3602420538663864,0.0014916167128831148,17.065195083618164,0.05029148608446121,0.42801594734191895,0.0006859005121165097
469,0.0007512784213759005,8.595180034637451,0.3599371463060379,0.0014895950444042683,17.04206657409668,0.049893420189619064,0.4259812533855438,0.0006847299325118098
470,0.0007506385736633092,8.587859630584717,0.3589165359735489,0.001500174985267222,17.163108825683594,0.04938477277755737,0.423397421836853,0.0006835582581360373
471,0.0007456436287611723,8.53071403503418,0.35773766040802,0.0014745614025741816,16.870071411132812,0.04921349883079529,0.42251113057136536,0.0006823854970197172
472,0.0007498406921513379,8.578731060028076,0.3585883378982544,0.0014833633322268724,16.970773696899414,0.048848655074834824,0.42078912258148193,0.0006812116572008231
473,0.0007627708109794185,8.726661205291748,0.3601074069738388,0.0014887420693412423,17.032306671142578,0.047872066497802734,0.41545379161834717,0.0006800367467247214
474,0.0007502278895117342,8.58316159248352,0.35640427470207214,0.0014761312631890178,16.888031005859375,0.04927348345518112,0.423835426568985,0.0006788607736441172
475,0.0007463468937203288,8.538759469985962,0.35643817484378815,0.0014827689155936241,16.963970184326172,0.04859078675508499,0.4206681549549103,0.0006776837460189979
476,0.0007417272718157619,8.485908269882202,0.35614606738090515,0.0014663574984297156,16.776212692260742,0.0484042651951313,0.41966208815574646,0.0006765056719165794
477,0.0007429939578287303,8.500399589538574,0.35650570690631866,0.0014573688386008143,16.673376083374023,0.04767226427793503,0.41538310050964355,0.0006753265594112496
478,0.000738386414013803,8.447686195373535,0.35486380755901337,0.0014733830466866493,16.856590270996094,0.04801606386899948,0.41781213879585266,0.0006741464165845136
479,0.0007494634483009577,8.574415445327759,0.3554459363222122,0.0014576364774256945,16.676437377929688,0.0471465103328228,0.4130575358867645,0.0006729652515249381
480,0.000757340807467699,8.664538383483887,0.3594125807285309,0.001470913295634091,16.82833480834961,0.04879952594637871,0.42215871810913086,0.0006717830723280962
481,0.0007379779999610037,8.443013191223145,0.35796280205249786,0.001487347879447043,17.016357421875,0.04774182662367821,0.4166429936885834,0.0006705998870965119
482,0.0007417058805003762,8.485664129257202,0.351405993103981,0.0014621702721342444,16.728309631347656,0.04659289866685867,0.4101777672767639,0.0006694157039396041
483,0.0007472184079233557,8.548730373382568,0.3518243134021759,0.0014494919450953603,16.5832576751709,0.04661612957715988,0.41123294830322266,0.0006682305309736318
484,0.0007314495742321014,8.368322372436523,0.3526657968759537,0.0014601631555706263,16.705345153808594,0.0459413155913353,0.4081059396266937,0.0006670443763216375
485,0.0007406997319776565,8.474151849746704,0.3494226336479187,0.0014283553464338183,16.341440200805664,0.04520190507173538,0.4036008417606354,0.0006658572481133926
486,0.0007371809333562851,8.433894157409668,0.34488704800605774,0.001437154714949429,16.44211196899414,0.045113805681467056,0.4025527834892273,0.0006646691544853408
487,0.0007543811807408929,8.630678653717041,0.3485051095485687,0.0014686243375763297,16.802146911621094,0.04577934741973877,0.40745651721954346,0.0006634801035805428
488,0.0007315227121580392,8.369160175323486,0.35043013095855713,0.0014665210619568825,16.77808380126953,0.04637068510055542,0.41047585010528564,0.0006622901035486204
489,0.0007414708379656076,8.482973337173462,0.3512290120124817,0.0014502312988042831,16.59171485900879,0.0463021956384182,0.41034412384033203,0.0006610991625457006
490,0.0007336165581364185,8.393115043640137,0.3524300903081894,0.0014406535774469376,16.482139587402344,0.0448933020234108,0.4028221368789673,0.0006599072887343597
491,0.000734893576009199,8.407724380493164,0.3465511202812195,0.0014087542658671737,16.1171875,0.044155362993478775,0.39870262145996094,0.0006587144902835672
492,0.0007294419046957046,8.345354557037354,0.34700408577919006,0.0014200586592778563,16.246519088745117,0.0449473075568676,0.4040747582912445,0.0006575207753686304
493,0.0007453651924151927,8.527528762817383,0.36214035749435425,0.0014470337191596627,16.555133819580078,0.046158887445926666,0.4106157422065735,0.0006563261521711373
494,0.0007272028014995158,8.31973671913147,0.3494468927383423,0.0014274752466008067,16.331371307373047,0.044147513806819916,0.3989609181880951,0.0006551306288789019
495,0.0007228436006698757,8.269864320755005,0.3459214121103287,0.0014177790144458413,16.220439910888672,0.04361788183450699,0.39597877860069275,0.0006539342136859066
496,0.0007265735766850412,8.312538385391235,0.3438072204589844,0.0014208039501681924,16.255046844482422,0.043757468461990356,0.39745059609413147,0.0006527369147922476
497,0.0007141100068110973,8.169946432113647,0.3437657803297043,0.0014182088198140264,16.22535514831543,0.04355109483003616,0.3963048458099365,0.0006515387404040772
498,0.0007220906554721296,8.261250972747803,0.34353743493556976,0.0014029453741386533,16.050731658935547,0.0434265099465847,0.39614337682724,0.0006503396987335486
499,0.0007118599896784872,8.144204378128052,0.3441523015499115,0.0014134144876152277,16.17050552368164,0.04388592392206192,0.3991716802120209,0.0006491397979987589
500,0.0007141816313378513,8.170766472816467,0.34543080627918243,0.0014038759982213378,16.061378479003906,0.043650005012750626,0.39762210845947266,0.0006479390464236939
501,0.0007137157663237303,8.165435791015625,0.34382060170173645,0.0014062852133065462,16.08894157409668,0.04320162162184715,0.39503660798072815,0.0006467374522381699
502,0.0007095774926710874,8.118090629577637,0.34220872819423676,0.0013976562768220901,15.990219116210938,0.04279828816652298,0.3929409980773926,0.0006455350236777791
503,0.0007117193599697202,8.142594575881958,0.3423072099685669,0.0013876182492822409,15.875377655029297,0.042418815195560455,0.3909292221069336,0.0006443317689838323
504,0.0007265213062055409,8.311939716339111,0.34043675661087036,0.0013912302674725652,15.91670036315918,0.042090848088264465,0.3892134428024292,0.0006431276964033024
505,0.000705903978087008,8.076062202453613,0.3387887179851532,0.0013916153693571687,15.921106338500977,0.042465940117836,0.39156073331832886,0.0006419228141887682
506,0.0007116078049875796,8.141318082809448,0.34526900947093964,0.001401964807882905,16.039512634277344,0.04344809800386429,0.39734983444213867,0.0006407171305983572
507,0.0007018623291514814,8.029823303222656,0.3461100459098816,0.001402218360453844,16.04241371154785,0.04315819963812828,0.3957998752593994,0.0006395106538956899
508,0.0007083832169882953,8.104427099227905,0.34618061780929565,0.0013877702876925468,15.877117156982422,0.04311523213982582,0.3955448269844055,0.0006383033923498224
509,0.0007122874521883205,8.149094104766846,0.3434203416109085,0.0013799633597955108,15.787797927856445,0.041169747710227966,0.38425737619400024,0.0006370953542351904
510,0.0007073563756421208,8.092679262161255,0.3389470726251602,0.0013693018117919564,15.665823936462402,0.04124334454536438,0.38527947664260864,0.0006358865478315516
511,0.0007095487089827657,8.117761135101318,0.3384326696395874,0.0013636152725666761,15.600765228271484,0.04013127461075783,0.37811172008514404,0.00063467698142393
512,0.0007004943036008626,8.014172315597534,0.33594395220279694,0.0013718002010136843,15.694408416748047,0.041056010872125626,0.38432934880256653,0.0006334666633025581
513,0.0007041105127427727,8.055543899536133,0.34245993196964264,0.001370845129713416,15.683481216430664,0.04183457791805267,0.3889302611351013,0.0006322556017628209
514,0.0006986927764955908,7.993561744689941,0.33988043665885925,0.0013780430890619755,15.765830993652344,0.041068267077207565,0.3844055235385895,0.0006310438051051985
515,0.0006980099715292454,7.985749959945679,0.3378821015357971,0.0013752965023741126,15.734408378601074,0.04106523096561432,0.38458389043807983,0.0006298312816352096
516,0.0006993080314714462,8.000600576400757,0.33482973277568817,0.0013617563527077436,15.579499244689941,0.04015659540891647,0.3787335157394409,0.0006286180396633544
517,0.0006993109709583223,8.00063443183899,0.3335628807544708,0.0013646751176565886,15.612890243530273,0.03968179598450661,0.3767590820789337,0.0006274040875050573
518,0.0007120465743355453,8.14633822441101,0.34053803980350494,0.0013605616986751556,15.565831184387207,0.04121091216802597,0.3865896463394165,0.0006261894334806104
519,0.0006955574644962326,7.957691192626953,0.3419172316789627,0.0013526977272704244,15.475861549377441,0.040517568588256836,0.38187679648399353,0.0006249740859151167
520,0.0006934103730600327,7.933126449584961,0.33637192845344543,0.00136532390024513,15.62031364440918,0.03956776112318039,0.37579700350761414,0.0006237580531384323
521,0.0006936909048818052,7.936336517333984,0.33209770917892456,0.0013437803136184812,15.373839378356934,0.03903936594724655,0.3727254867553711,0.0006225413434851095
522,0.0007058009941829368,8.07488465309143,0.3355861008167267,0.0013424407225102186,15.358512878417969,0.03934657573699951,0.3754599392414093,0.00062132396529434
523,0.0006899227882968262,7.893226623535156,0.3333065062761307,0.001366353826597333,15.632097244262695,0.03886231780052185,0.37243977189064026,0.0006201059269098977
524,0.0006928612274350598,7.926844120025635,0.33320844173431396,0.0013478259788826108,15.420125961303711,0.03918452560901642,0.3741568624973297,0.0006188872366800814
525,0.0006867391348350793,7.856802940368652,0.33327654004096985,0.0013469066470861435,15.409605979919434,0.038920748978853226,0.37273186445236206,0.0006176679029576576
526,0.0006889118085382506,7.881659746170044,0.3320799320936203,0.0013428531819954515,15.363232612609863,0.03836720436811447,0.3691028356552124,0.0006164479340998026
527,0.0006974624993745238,7.979485988616943,0.3332897424697876,0.0013403422199189663,15.334505081176758,0.0396931990981102,0.3779585063457489,0.0006152273384680468
528,0.0006813395739300177,7.795027256011963,0.3353862315416336,0.0013347638305276632,15.270683288574219,0.03894144296646118,0.37338125705718994,0.0006140061244282158
529,0.0006821643619332463,7.804464101791382,0.3299301415681839,0.0013207528972998261,15.11038875579834,0.038019537925720215,0.36754974722862244,0.0006127843003503739
530,0.0006818765541538596,7.80117130279541,0.3294078856706619,0.0013164525153115392,15.061188697814941,0.03826405853033066,0.36969512701034546,0.0006115618746087666
531,0.0006820126145612448,7.802727937698364,0.33424195647239685,0.0013150554150342941,15.045205116271973,0.038574524223804474,0.37150025367736816,0.0006103388555817632
532,0.0006772767810616642,7.748546600341797,0.33287355303764343,0.0013240561820566654,15.14818000793457,0.038105130195617676,0.36830446124076843,0.0006091152516517988
533,0.0006796184898121282,7.775336980819702,0.33108101785182953,0.0013231156626716256,15.137421607971191,0.037735603749752045,0.36614739894866943,0.000607891071205318
534,0.0006776436930522323,7.752744436264038,0.32766494154930115,0.0013103156816214323,14.990979194641113,0.0369805283844471,0.36124154925346375,0.0006066663226327162
535,0.0006763589626643807,7.738045692443848,0.325248584151268,0.0013312194496393204,15.230132102966309,0.037219658493995667,0.3634483814239502,0.0006054410143282833
536,0.0006745763821527362,7.717651844024658,0.32954759895801544,0.0013198257656767964,15.099781036376953,0.03740151226520538,0.36455240845680237,0.0006042151546901453
537,0.0006757024966645986,7.730534791946411,0.32798223197460175,0.0013100402429699898,14.98782730102539,0.03716542199254036,0.3629818558692932,0.0006029887521202067
538,0.0006775356596335769,7.751507997512817,0.32879361510276794,0.0013200503308326006,15.102351188659668,0.037653420120477676,0.36640414595603943,0.0006017618150240934
539,0.000681429955875501,7.796061992645264,0.3334096819162369,0.0013064537197351456,14.946794509887695,0.037586428225040436,0.36590221524238586,0.0006005343518110949
540,0.0006731674948241562,7.701533555984497,0.32945016026496887,0.0013062318321317434,14.944257736206055,0.036288537085056305,0.35728156566619873,0.0005993063708941065
541,0.0006773263739887625,7.7491137981414795,0.3250621408224106,0.0013095468748360872,14.982183456420898,0.03611914440989494,0.3565414547920227,0.0005980778806895721
542,0.0006695793708786368,7.66048264503479,0.325002983212471,0.0012884711613878608,14.741061210632324,0.036044929176568985,0.3561060428619385,0.000596848889617426
543,0.0006706990534439683,7.673291921615601,0.3233519196510315,0.001293167588301003,14.794790267944336,0.03575317561626434,0.3541186451911926,0.0005956194061010353
544,0.0006682035163976252,7.644741058349609,0.32405127584934235,0.001304048579186201,14.919278144836426,0.03639897704124451,0.3587351441383362,0.0005943894385671424
545,0.0006701850797981024,7.667412519454956,0.32386036217212677,0.001284804311580956,14.699109077453613,0.03586771339178085,0.35516557097435,0.0005931589954458069
546,0.0006747896841261536,7.720092535018921,0.3300253301858902,0.0012993994168937206,14.866089820861816,0.03697466850280762,0.36276423931121826,0.0005919280851703486
547,0.0006826761818956584,7.810320138931274,0.3363415598869324,0.0013147670542821288,15.04190444946289,0.03759406879544258,0.36646294593811035,0.0005906967161772884
548,0.0006654189055552706,7.612883806228638,0.32815252244472504,0.0012950433883816004,14.816252708435059,0.035557396709918976,0.3529345691204071,0.0005894648969062915
549,0.0006735081551596522,7.705430269241333,0.32454952597618103,0.001296698348596692,14.835187911987305,0.035337191075086594,0.35184186697006226,0.0005882326358001093
550,0.0006678296194877476,7.640462875366211,0.32023561000823975,0.0012848610058426857,14.699758529663086,0.0341498889029026,0.34335172176361084,0.0005869999413045214
551,0.0006645289977313951,7.602702379226685,0.31663866341114044,0.0012740840902552009,14.57646369934082,0.034468602389097214,0.3460461497306824,0.0005857668218682779
552,0.0006595259619643912,7.545463562011719,0.3186776041984558,0.001286129467189312,14.714272499084473,0.0351269468665123,0.35091742873191833,0.0005845332859430413
553,0.0006590721168322489,7.540271997451782,0.32504383474588394,0.0012885817559435964,14.742324829101562,0.03592474013566971,0.3564096689224243,0.0005832993419833289
554,0.0006594434671569616,7.544520139694214,0.3268977254629135,0.0012792914640158415,14.636039733886719,0.03613832965493202,0.35768887400627136,0.0005820649984464542
555,0.0006647822301601991,7.605599403381348,0.32778965681791306,0.0012704516993835568,14.534906387329102,0.034869611263275146,0.34918296337127686,0.0005808302637924698
556,0.0006578693864867091,7.5265116691589355,0.32053984701633453,0.0012791515327990055,14.634437561035156,0.034868888556957245,0.3493991494178772,0.0005795951464841086
557,0.0006545862997882068,7.488950490951538,0.3228439539670944,0.001276539289392531,14.604554176330566,0.03489864245057106,0.3495219051837921,0.0005783596549867263
558,0.0006776336231268942,7.752628803253174,0.32171860337257385,0.001263245358131826,14.452460289001465,0.033670999109745026,0.3407776951789856,0.0005771237977682435
559,0.0006534444692078978,7.4758875370025635,0.3183819502592087,0.001278985757380724,14.632540702819824,0.03468963876366615,0.34866106510162354,0.000575887583299087
560,0.00066627241903916,7.622648477554321,0.3266867697238922,0.0012767501175403595,14.606963157653809,0.03545425459742546,0.3535849452018738,0.0005746510200521325
561,0.0006676085758954287,7.637935400009155,0.3236139714717865,0.0012797306990250945,14.64106559753418,0.03412365913391113,0.3441178798675537,0.0005734141165026458
562,0.000671825313474983,7.6861772537231445,0.32395505905151367,0.0012858493719249964,14.711065292358398,0.0348474495112896,0.34973350167274475,0.0005721768811282256
563,0.0006593730067834258,7.543713808059692,0.32050855457782745,0.0012572832638397813,14.384249687194824,0.03391179442405701,0.34315764904022217,0.0005709393224087445
564,0.0006541544862557203,7.484010696411133,0.3199397027492523,0.0012536469148471951,14.342645645141602,0.03381391614675522,0.3428523540496826,0.0005697014488262915
565,0.0006777698872610927,7.754188060760498,0.31614112854003906,0.0012496389681473374,14.296792030334473,0.03231680393218994,0.33125633001327515,0.0005684632688651133
566,0.0006663028325419873,7.62299656867981,0.3181503415107727,0.0012549920938909054,14.358036994934082,0.0339646153151989,0.3440404534339905,0.0005672247910115569
567,0.0006509312079288065,7.447134017944336,0.32188543677330017,0.0012606990057975054,14.423328399658203,0.034289829432964325,0.3460155725479126,0.0005659860237540107
568,0.0006580521585419774,7.5286033153533936,0.3204854279756546,0.0012617867905646563,14.435770988464355,0.033648114651441574,0.3415086269378662,0.0005647469755828469
569,0.0006453074747696519,7.38279390335083,0.31759998202323914,0.001268227701075375,14.5094633102417,0.0332743376493454,0.33891040086746216,0.000563507654990363
570,0.0006757515948265791,7.7310967445373535,0.32181021571159363,0.001254995702765882,14.358078002929688,0.03413240611553192,0.34510064125061035,0.0005622680704707234
571,0.0006462220917455852,7.3932576179504395,0.320785716176033,0.0012647837866097689,14.470061302185059,0.03335189446806908,0.3395591676235199,0.0005610282305199017
572,0.0006763569108443335,7.738022327423096,0.3196128308773041,0.0012471808586269617,14.268669128417969,0.03187098726630211,0.32813766598701477,0.0005597881436356221
573,0.0006959333259146661,7.961992025375366,0.3185201436281204,0.0012690018629655242,14.518319129943848,0.03341921046376228,0.3406679928302765,0.0005585478183173013
574,0.0006799373950343579,7.778985977172852,0.3222322463989258,0.0012654613237828016,14.477812767028809,0.0319659560918808,0.3293144702911377,0.00055730726306599
575,0.0006668939313385636,7.629759073257446,0.3153647184371948,0.0012539022136479616,14.345566749572754,0.03349271044135094,0.3412684202194214,0.0005560664863843152
576,0.00065281568095088,7.468693256378174,0.3212198466062546,0.0012541958130896091,14.348926544189453,0.033983662724494934,0.34445270895957947,0.0005548254967764211
577,0.0006440384313464165,7.36827540397644,0.3208515793085098,0.0012477909913286567,14.275651931762695,0.033057473599910736,0.3375135362148285,0.0005535843027479116
578,0.000670330977300182,7.669081449508667,0.3152048736810684,0.0012352797202765942,14.132512092590332,0.03144793212413788,0.3254290819168091,0.0005523429128057918
579,0.0006646585534326732,7.604184865951538,0.3125216066837311,0.0012538016308099031,14.344415664672852,0.03270035982131958,0.33580291271209717,0.000551101335458409
580,0.000648793822620064,7.422680616378784,0.3148626536130905,0.0012470470974221826,14.267139434814453,0.03227883577346802,0.33209699392318726,0.0005498595792153957
581,0.0006539637979585677,7.481828689575195,0.3142983242869377,0.001242663012817502,14.216980934143066,0.032386425882577896,0.333074688911438,0.0005486176525876099
582,0.0006746185972588137,7.718135118484497,0.32100438326597214,0.0012508402578532696,14.310535430908203,0.033482834696769714,0.34142494201660156,0.0005473755640870776
583,0.0006457338167820126,7.387671947479248,0.3164740353822708,0.0012440214632079005,14.232523918151855,0.03155398368835449,0.3264163136482239,0.0005461333222269346
584,0.0006469745421782136,7.40186619758606,0.31042858958244324,0.001219297177158296,13.94965934753418,0.03134125471115112,0.3251610994338989,0.0005448909355213672
585,0.0006383158179232851,7.3028037548065186,0.3095000460743904,0.0012181433849036694,13.936461448669434,0.03164532408118248,0.32795947790145874,0.0005436484124855549
586,0.0006393415533239022,7.314540147781372,0.3120153546333313,0.0012238880153745413,14.00218391418457,0.03174286708235741,0.328524112701416,0.0005424057616356117
587,0.0006444519967772067,7.373006105422974,0.311283677816391,0.0012222762452438474,13.983744621276855,0.030885174870491028,0.3216239809989929,0.000541162991488527
588,0.0006346176669467241,7.260494947433472,0.3092380464076996,0.0012231289874762297,13.993499755859375,0.03167937695980072,0.32843708992004395,0.0005399201105621082
589,0.0006452220550272614,7.381816387176514,0.3153092861175537,0.0012242266675457358,14.006057739257812,0.0324682891368866,0.3341309130191803,0.0005386771273749226
590,0.0006547442462760955,7.490757465362549,0.3107692152261734,0.001222262973897159,13.983590126037598,0.030906304717063904,0.3217696249485016,0.0005374340504462371
591,0.000654691451927647,7.4901533126831055,0.314862996339798,0.0012278227368369699,14.047198295593262,0.0321132056415081,0.3318517804145813,0.0005361908882959623
592,0.0006400732963811606,7.322911024093628,0.3120476007461548,0.0012164943618699908,13.917593002319336,0.030997905880212784,0.3228878974914551,0.0005349476494445919
593,0.0006402911676559597,7.325403690338135,0.3177527189254761,0.0012239260831847787,14.002617835998535,0.03199506551027298,0.3307548761367798,0.0005337043424131462
594,0.0006303359696175903,7.2115092277526855,0.31178727746009827,0.0012146428925916553,13.896411895751953,0.030867718160152435,0.3221099376678467,0.0005324609757231121
595,0.000631874892860651,7.229115724563599,0.31188036501407623,0.001209195819683373,13.834092140197754,0.03117641620337963,0.32460662722587585,0.0005312175578963859
596,0.0006286072020884603,7.191730499267578,0.31069886684417725,0.00120260426774621,13.75868034362793,0.03105132281780243,0.32348158955574036,0.000529974097455214
597,0.0006398473924491554,7.320326328277588,0.30461985617876053,0.001205136184580624,13.787647247314453,0.02994176559150219,0.31438711285591125,0.0005287306029221352
598,0.0006258751382119954,7.1604743003845215,0.30420465767383575,0.0012127473019063473,13.874726295471191,0.03047414869070053,0.31957072019577026,0.0005274870828199215
599,0.0006312120822258294,7.221531867980957,0.3067314028739929,0.001198054407723248,13.70662784576416,0.030459139496088028,0.3192698359489441,0.0005262435456715208
600,0.0006265404808800668,7.168085813522339,0.31107887625694275,0.0012091273674741387,13.833309173583984,0.03138712793588638,0.3265901803970337,0.0005249999999999973
601,0.0006255030020838603,7.156215667724609,0.313956618309021,0.0012157716555520892,13.909324645996094,0.03169036656618118,0.32879602909088135,0.0005237564543284737
602,0.000628585199592635,7.19147801399231,0.31072449684143066,0.0012018847046419978,13.750449180603027,0.03051498532295227,0.3195676803588867,0.000522512917180073
603,0.0006272763421293348,7.176504373550415,0.3071579560637474,0.0011996104149147868,13.724430084228516,0.030274376273155212,0.31792396306991577,0.0005212693970778594
604,0.0006277908978518099,7.182391881942749,0.30846089124679565,0.0012083352776244283,13.824248313903809,0.030534464865922928,0.3199428915977478,0.0005200259025447805
605,0.0006265902193263173,7.1686543226242065,0.30812692642211914,0.0012016023974865675,13.747217178344727,0.030007794499397278,0.31538406014442444,0.0005187824421036086
606,0.0006494701810879633,7.430418968200684,0.31230852007865906,0.0012170893605798483,13.924400329589844,0.03127613663673401,0.3260510563850403,0.0005175390242768824
607,0.0006232278974493966,7.130186557769775,0.3113100752234459,0.001212043222039938,13.866669654846191,0.030369456857442856,0.31866997480392456,0.0005162956575868483
608,0.000636790442513302,7.285353422164917,0.30575883388519287,0.0011865507112815976,13.575016021728516,0.02915726788341999,0.30804842710494995,0.0005150523505554026
609,0.0006246149423532188,7.1460559368133545,0.3016291558742523,0.001196520053781569,13.68907356262207,0.029631128534674644,0.31288909912109375,0.0005138091117040321
610,0.0006413426308427006,7.337433099746704,0.31004035472869873,0.001211094669997692,13.855817794799805,0.030983712524175644,0.32419705390930176,0.0005125659495537572
611,0.0006368812173604965,7.286391496658325,0.3089827001094818,0.0011955908266827464,13.67844295501709,0.02980194427073002,0.31412819027900696,0.0005113228726250718
612,0.0006291716563282534,7.198188066482544,0.3052750527858734,0.0011884317500516772,13.596536636352539,0.029841966927051544,0.3148762583732605,0.0005100798894378861
613,0.0006423874874599278,7.34938645362854,0.31079357862472534,0.001202231738716364,13.754417419433594,0.03036266192793846,0.3191905617713928,0.0005088370085114675
614,0.000617482844972983,7.064459800720215,0.30791957676410675,0.0011957961833104491,13.680790901184082,0.029660947620868683,0.31287407875061035,0.0005075942383643828
615,0.0006372988718794659,7.291169881820679,0.302801288664341,0.0011829215800389647,13.533496856689453,0.028873441740870476,0.30628105998039246,0.0005063515875144395
616,0.0006439028074964881,7.366722583770752,0.3056690990924835,0.0012183289509266615,13.938583374023438,0.029939018189907074,0.3161916136741638,0.0005051090644786272
617,0.000623304134933278,7.131059169769287,0.30870112776756287,0.0011954574147239327,13.67691421508789,0.0297852773219347,0.3142094612121582,0.00050386667777306
618,0.0006330223695840687,7.242243528366089,0.30622299015522003,0.0011905553983524442,13.620833396911621,0.029545744881033897,0.31241878867149353,0.0005026244359129168
619,0.0006209739076439291,7.104400396347046,0.3028332442045212,0.001201363978907466,13.744491577148438,0.028888728469610214,0.3072057068347931,0.0005013823474123845
620,0.00063344492809847,7.247077226638794,0.30225870013237,0.0011779580963775516,13.476709365844727,0.029179558157920837,0.30956512689590454,0.0005001404207845987
621,0.0006179187766974792,7.069446802139282,0.30584529787302017,0.001188754104077816,13.600224494934082,0.029585160315036774,0.3129023015499115,0.0004988986645415853
622,0.0006271367601584643,7.174907684326172,0.3057044446468353,0.0011861772509291768,13.5707426071167,0.02954747900366783,0.31296324729919434,0.0004976570871942026
623,0.0006158109463285655,7.045331716537476,0.30441464483737946,0.0011842431267723441,13.548615455627441,0.02909126505255699,0.30906909704208374,0.0004964156972520826
624,0.0006199033232405782,7.092151880264282,0.3016420900821686,0.0011723447823897004,13.412489891052246,0.02867303416132927,0.3049754202365875,0.0004951745032235732
625,0.0006156859162729234,7.043900966644287,0.3026528060436249,0.001184252672828734,13.548725128173828,0.02909204736351967,0.30881208181381226,0.000493933513615679
626,0.0006138731841929257,7.023162841796875,0.3022058606147766,0.0011866155546158552,13.57575798034668,0.028979919850826263,0.3080933690071106,0.0004926927369340041
627,0.0006122420018073171,7.004500150680542,0.30248939990997314,0.0011826705886051059,13.53062629699707,0.029294252395629883,0.31086236238479614,0.0004914521816826927
628,0.0006361611012835056,7.278152227401733,0.31579288840293884,0.0011845150729641318,13.551728248596191,0.03051527962088585,0.3211382031440735,0.0004902118563643719
629,0.0006179377087391913,7.0696635246276855,0.30936864018440247,0.00116728397551924,13.354592323303223,0.02853742428123951,0.30389004945755005,0.0004889717694800922
630,0.0006139795150374994,7.024379253387451,0.29965847730636597,0.0011617194395512342,13.29092788696289,0.028080811724066734,0.30014994740486145,0.0004877319295292706
631,0.0006160560005810112,7.04813551902771,0.29697319865226746,0.0011544589651748538,13.20786190032959,0.02768412046134472,0.2963332235813141,0.000486492345009631
632,0.0006126556691015139,7.009232759475708,0.2987391799688339,0.0011630324879661202,13.305949211120605,0.0286854337900877,0.30584800243377686,0.000485253024417147
633,0.0006094050768297166,6.972044229507446,0.3021078407764435,0.0011691253166645765,13.37565803527832,0.02909844182431698,0.30960404872894287,0.00048401397624598335
634,0.0006085905915824696,6.962725639343262,0.3046105057001114,0.0011716908775269985,13.405009269714355,0.02923501655459404,0.31078895926475525,0.0004827752089884372
635,0.0006159687764011323,7.047137498855591,0.30875055491924286,0.0011695201974362135,13.38017463684082,0.029656678438186646,0.31417375802993774,0.00048153673113488085
636,0.0006070610106689855,6.945226430892944,0.3055883198976517,0.0011602808954194188,13.274469375610352,0.02848086692392826,0.3036186397075653,0.00048029855117370253
637,0.0006176630267873406,7.066522121429443,0.3001575469970703,0.001147671602666378,13.130209922790527,0.02737981267273426,0.29350095987319946,0.0004790606775912495
638,0.0006489712686743587,7.424710273742676,0.30427150428295135,0.001166702713817358,13.347941398620605,0.028982363641262054,0.30911770462989807,0.0004778231188717684
639,0.0006105772481532767,6.985454559326172,0.3069588989019394,0.0011802042135968804,13.50240707397461,0.028805989772081375,0.3070599436759949,0.00047658588349734827
640,0.0006231276493053883,7.129040241241455,0.3019915223121643,0.0011560887796804309,13.226509094238281,0.027812372893095016,0.297950804233551,0.00047534897994786163
641,0.0006090411625336856,6.967880964279175,0.29869213700294495,0.0011663653422147036,13.344079971313477,0.027944371104240417,0.29985499382019043,0.000474112416700907
642,0.0006186429673107341,7.07773232460022,0.3009246289730072,0.0011430976446717978,13.077881813049316,0.028063388541340828,0.30034276843070984,0.0004728762022317505
643,0.0006073022668715566,6.947986364364624,0.2989717572927475,0.0011560351122170687,13.225895881652832,0.02773621305823326,0.2970583736896515,0.00047164034501326763
644,0.000610272865742445,6.981971740722656,0.2994571626186371,0.0011681688483804464,13.364716529846191,0.02799840271472931,0.3003714978694916,0.00047040485351588547
645,0.0006072500254958868,6.9473888874053955,0.2989850789308548,0.0011564779561012983,13.230961799621582,0.027599044144153595,0.29639196395874023,0.0004691697362075242
646,0.0006024804897606373,6.892821550369263,0.29675789177417755,0.0011566804023459554,13.233277320861816,0.027785979211330414,0.2979946732521057,0.0004679350015535398
647,0.0006108791858423501,6.988908767700195,0.30084046721458435,0.0011639329604804516,13.316252708435059,0.028903275728225708,0.308558851480484,0.000466700658016665
648,0.000609718103078194,6.975625038146973,0.3069137930870056,0.0011568432673811913,13.235140800476074,0.02903992310166359,0.30970653891563416,0.0004654667140569526
649,0.0006000822613714263,6.865384578704834,0.30466316640377045,0.0011565936729311943,13.23228645324707,0.028212033212184906,0.3019734025001526,0.00046423317813171607
650,0.0006018390704412013,6.885483503341675,0.2992630898952484,0.00114147225394845,13.059284210205078,0.02739393338561058,0.29413408041000366,0.0004630000586954727
651,0.0006143166538095102,7.028235673904419,0.29993416368961334,0.0011421706294640899,13.067276000976562,0.027638182044029236,0.2971452474594116,0.00046176736419988485
652,0.0005988607445033267,6.851409912109375,0.2973141670227051,0.001143373316153884,13.081034660339355,0.027066510170698166,0.2912783622741699,0.0004605351030937026
653,0.000610787799814716,6.987864017486572,0.29366930574178696,0.0011424554977566004,13.07053279876709,0.026581915095448494,0.28616034984588623,0.00045930328382270556
654,0.0006044218607712537,6.915032625198364,0.2931741178035736,0.0011434115003794432,13.081472396850586,0.026684604585170746,0.28765469789505005,0.0004580719148296454
655,0.0006177622854011133,7.067656636238098,0.3017686456441879,0.001152170356363058,13.181679725646973,0.028942639008164406,0.30962446331977844,0.0004568410045541871
656,0.0006011890363879502,6.878046274185181,0.3064679503440857,0.0011574755189940333,13.242375373840332,0.029153838753700256,0.31115657091140747,0.0004556105614328519
657,0.0006065662892069668,6.939566373825073,0.30563274025917053,0.00114890665281564,13.144339561462402,0.028456971049308777,0.3048989772796631,0.00045438059389895887
658,0.0006025137845426798,6.893202543258667,0.30306053161621094,0.0011550071649253368,13.214136123657227,0.028141625225543976,0.30222058296203613,0.00045315111038256816
659,0.0006009190110489726,6.8749566078186035,0.29952703416347504,0.0011345826787874103,12.980463027954102,0.026933303102850914,0.29004672169685364,0.0004519221193104221
660,0.0006331051554298028,7.2431910037994385,0.2995621860027313,0.0011247139191254973,12.867557525634766,0.025828378275036812,0.27797967195510864,0.0004506936291058878
661,0.0005953451618552208,6.811188697814941,0.29102039337158203,0.0011615046532824636,13.288470268249512,0.02677951566874981,0.28960472345352173,0.00044946564818889933
662,0.0006081460596760735,6.957639932632446,0.29506658017635345,0.0011356247123330832,12.992385864257812,0.0276863444596529,0.29837533831596375,0.00044823818497590086
663,0.0005978071712888777,6.83935546875,0.30271613597869873,0.001154838828369975,13.21220874786377,0.02926028147339821,0.3124014735221863,0.0004470112478797875
664,0.0006009365315549076,6.875158309936523,0.30645789206027985,0.0011542944703251123,13.20598030090332,0.028773058205842972,0.3081119656562805,0.0004457848453098487
665,0.0006348409078782424,7.26304817199707,0.31311623752117157,0.0011623598402366042,13.29825496673584,0.02931527979671955,0.3128182291984558,0.0004445589856717107
666,0.0005965360614936799,6.824812412261963,0.30853500962257385,0.0011522489367052913,13.182578086853027,0.027940157800912857,0.30013567209243774,0.0004433336773672779
667,0.0006229150167200714,7.126607418060303,0.3003566861152649,0.0011256203288212419,12.877928733825684,0.025922048836946487,0.2792211174964905,0.00044210892879467634
668,0.0006072029063943774,6.946849822998047,0.2915535867214203,0.0011428185971453786,13.074687004089355,0.0260919202119112,0.2825133502483368,0.00044088474834819537
669,0.0006090412935009226,6.967881679534912,0.292036771774292,0.0011238646693527699,12.857841491699219,0.02599746733903885,0.2809984087944031,0.0004396611444182309
670,0.0006025009206496179,6.893055438995361,0.2906949669122696,0.0011331497225910425,12.964068412780762,0.026164017617702484,0.28272122144699097,0.0004384381253912274
671,0.0005946598830632865,6.8033483028411865,0.29242801666259766,0.001142387860454619,13.069761276245117,0.02730177529156208,0.29519686102867126,0.00043721569964962016
672,0.0005962927534710616,6.822029113769531,0.29926618933677673,0.0011363259982317686,13.000410079956055,0.028333967551589012,0.3047751784324646,0.0004359938755717782
673,0.0005956495588179678,6.814671277999878,0.30196553468704224,0.0011316133895888925,12.946493148803711,0.027917472645640373,0.3005983829498291,0.00043477266153194727
674,0.0005960115813650191,6.818812370300293,0.30309174954891205,0.0011469100136309862,13.12149715423584,0.02807927504181862,0.30236512422561646,0.0004335520659001914
675,0.0005953741929261014,6.811520338058472,0.2999027669429779,0.0011328993132337928,12.961203575134277,0.026756178587675095,0.2893671989440918,0.0004323320970423364
676,0.0005893699562875554,6.742827534675598,0.29402948170900345,0.001123066060245037,12.848703384399414,0.026619911193847656,0.2879570722579956,0.0004311127633199125
677,0.000589448114624247,6.74372124671936,0.29544319957494736,0.001127936295233667,12.904423713684082,0.02696189656853676,0.2917742431163788,0.0004298940730900963
678,0.0005968934274278581,6.828902006149292,0.30026281625032425,0.0011294303694739938,12.921516418457031,0.02747989073395729,0.2971034646034241,0.00042867603470565405
679,0.0006020243163220584,6.887603282928467,0.29810112714767456,0.001112113008275628,12.723394393920898,0.025883082300424576,0.28004199266433716,0.00042745865651488453
680,0.0005898148228880018,6.74791693687439,0.2909531444311142,0.00112477398943156,12.868244171142578,0.02649802528321743,0.2870733141899109,0.0004262419468615617
681,0.0006043468310963362,6.9141740798950195,0.29559872299432755,0.001113619189709425,12.740626335144043,0.026016388088464737,0.28158628940582275,0.00042502591408487733
682,0.0005859887023689225,6.704143524169922,0.2915312647819519,0.0011117802932858467,12.719588279724121,0.026861220598220825,0.2910603880882263,0.0004238105665193837
683,0.0005943796422798187,6.800142049789429,0.298405185341835,0.0011338950134813786,12.972596168518066,0.028422918170690536,0.3060980439186096,0.00042259591249493687
684,0.000591767646255903,6.770258665084839,0.30289652943611145,0.0011371232103556395,13.009529113769531,0.02766849473118782,0.298880398273468,0.00042138196033663977
685,0.0006008866475895047,6.874586820602417,0.2949669659137726,0.0011192528763785958,12.805078506469727,0.02631555311381817,0.2850710451602936,0.00042016871836478455
686,0.0005911722837481648,6.763447523117065,0.29414694011211395,0.001125981449149549,12.882059097290039,0.026879025623202324,0.29129672050476074,0.00041895619489479557
687,0.0005922352138441056,6.7756078243255615,0.2956780195236206,0.0011152408551424742,12.759178161621094,0.02687467262148857,0.2911667227745056,0.00041774439823717333
688,0.0005883878620807081,6.731590986251831,0.29589080810546875,0.0011064651189371943,12.658778190612793,0.026776030659675598,0.2902477979660034,0.0004165333366974361
689,0.0005868002190254629,6.713427782058716,0.2957153618335724,0.001119989319704473,12.813505172729492,0.02676290273666382,0.290327787399292,0.0004153230185760642
690,0.000592697411775589,6.780895948410034,0.3001220300793648,0.0011252430267632008,12.873610496520996,0.026983603835105896,0.2926090359687805,0.0004141134521684424
691,0.0005990699864923954,6.853802919387817,0.29484495520591736,0.0011024654377251863,12.613018989562988,0.025433246046304703,0.27513349056243896,0.00041290464576480373
692,0.0005877513613086194,6.724309921264648,0.2880754917860031,0.001109682023525238,12.695581436157227,0.02571827732026577,0.2790687680244446,0.00041169660765017174
693,0.0005963473813608289,6.822654485702515,0.291017085313797,0.0011233565164729953,12.85202693939209,0.027199529111385345,0.2949696183204651,0.0004104893461043044
694,0.0005844446859555319,6.686478614807129,0.2977709472179413,0.0011124757584184408,12.727543830871582,0.026871252804994583,0.2914165258407593,0.0004092828694016369
695,0.0005953888176009059,6.811688184738159,0.30002009868621826,0.0011132396757602692,12.736286163330078,0.02739444002509117,0.29666703939437866,0.0004080771858112259
696,0.0005847539869137108,6.690017461776733,0.29756566882133484,0.0011162725277245045,12.770980834960938,0.02599811926484108,0.28232699632644653,0.0004068723035966917
697,0.0005839464429300278,6.680778503417969,0.2904326170682907,0.0010983198881149292,12.565591812133789,0.02553231455385685,0.27684149146080017,0.00040566823101616164
698,0.0005834490293636918,6.675087928771973,0.2889397144317627,0.0011010600719600916,12.596940040588379,0.025967124849557877,0.2819453477859497,0.00040446497632221496
699,0.0005995760438963771,6.859592795372009,0.2929792255163193,0.0011123896110802889,12.726556777954102,0.025603394955396652,0.2780611515045166,0.00040326254776182433
700,0.0006033934041624889,6.903266906738281,0.30011991411447525,0.0011327281827107072,12.959247589111328,0.027624521404504776,0.29931169748306274,0.00040206095357630037
701,0.0005879027157789096,6.726041555404663,0.2992417961359024,0.0011090651387348771,12.68852424621582,0.026857618242502213,0.29144400358200073,0.0004008602020012351
702,0.0005881752585992217,6.729159355163574,0.2940002381801605,0.0011089867912232876,12.687628746032715,0.026280049234628677,0.28552955389022827,0.0003996603012664456
703,0.0005861133977305144,6.705569744110107,0.2955453097820282,0.001119864173233509,12.812073707580566,0.026696035638451576,0.2902008891105652,0.000398461259595917
704,0.0005894724454265088,6.743999719619751,0.2959345579147339,0.001094680861569941,12.523957252502441,0.02548523247241974,0.27673786878585815,0.00039726308520774664
705,0.0005822242674184963,6.661075830459595,0.2876525893807411,0.0010970395524054766,12.550942420959473,0.02546030655503273,0.27663710713386536,0.00039606578631408743
706,0.0005800611979793757,6.636328458786011,0.28877513110637665,0.0011088745668530464,12.6863431930542,0.02577808126807213,0.28063610196113586,0.00039486937112109225
707,0.000597681340877898,6.837916135787964,0.2972189038991928,0.0011155607644468546,12.762838363647461,0.02749321423470974,0.2981085777282715,0.00039367384782885685
708,0.0005806534609291703,6.643104314804077,0.3000965341925621,0.0011127365287393332,12.730528831481934,0.02694571763277054,0.2924308180809021,0.0003924792246313637
709,0.0005828616704093292,6.668368339538574,0.29524143040180206,0.0011070293840020895,12.66523265838623,0.026123765856027603,0.2840765118598938,0.00039128550971642684
710,0.0005825883708894253,6.665241479873657,0.29298199713230133,0.001105402479879558,12.646621704101562,0.02604909986257553,0.28359246253967285,0.0003900927112656345
711,0.0005902351549593732,6.752725958824158,0.2914081960916519,0.0010871782433241606,12.438122749328613,0.025088299065828323,0.27215421199798584,0.0003889008374542935
712,0.0005804355896543711,6.64061164855957,0.2874389886856079,0.001089994446374476,12.470341682434082,0.025294523686170578,0.2749899625778198,0.00038770989645137355
713,0.0005769908893853426,6.6012022495269775,0.29057763516902924,0.001106846029870212,12.66313648223877,0.026461217552423477,0.2882669270038605,0.0003865198964194513
714,0.0005812421586597338,6.649839282035828,0.29396139085292816,0.0010934040183201432,12.50934886932373,0.02621524967253208,0.2855474352836609,0.0003853308455146533
715,0.0005839066870976239,6.680323600769043,0.29221249371767044,0.001086974865756929,12.43579387664795,0.025824062526226044,0.2813172936439514,0.0003841427518866014
716,0.0005789868155261502,6.624037027359009,0.2943035811185837,0.0011011650785803795,12.598140716552734,0.026960544288158417,0.29308614134788513,0.00038295562367835655
717,0.0005763510271208361,6.593881130218506,0.2974345088005066,0.0010957680642604828,12.536396980285645,0.026784168556332588,0.29111844301223755,0.00038176946902636225
718,0.0005752987053710967,6.581841945648193,0.2974030673503876,0.0010955175384879112,12.533530235290527,0.026588086038827896,0.2892422676086426,0.00038058429606038985
719,0.0005754772282671183,6.5838844776153564,0.29581454396247864,0.0011003499384969473,12.58881664276123,0.02637208066880703,0.2870734632015228,0.000379400112903482
720,0.0005751144926762208,6.579734444618225,0.29156388342380524,0.0010946209076792002,12.523271560668945,0.02522243931889534,0.2744140028953552,0.0003782169276718977
721,0.0005729874683311209,6.5553998947143555,0.2879205793142319,0.0010861784685403109,12.42668342590332,0.02500946819782257,0.2720867395401001,0.00037703474847505596
722,0.0005734455480705947,6.560640811920166,0.2869753986597061,0.0010830514365807176,12.390908241271973,0.025158129632472992,0.27404916286468506,0.0003758535834154804
723,0.0005804635584354401,6.640932083129883,0.2930561900138855,0.001091762911528349,12.49057388305664,0.02623618207871914,0.2860223054885864,0.00037467344058874426
724,0.0005727628013119102,6.5528295040130615,0.29599273204803467,0.0010875577572733164,12.442463874816895,0.026218954473733902,0.28568506240844727,0.0003734943280834145
725,0.000573006400372833,6.55561637878418,0.2931261211633682,0.001086293370462954,12.427997589111328,0.025670230388641357,0.27972206473350525,0.00037231625398099604
726,0.0005742103676311672,6.569390535354614,0.2880542725324631,0.0010844385251402855,12.406776428222656,0.025192324072122574,0.2743891179561615,0.00037113922635587674
727,0.0005728773248847574,6.554140090942383,0.2888074517250061,0.0010843913769349456,12.406237602233887,0.025695746764540672,0.28033193945884705,0.00036996325327527245
728,0.0005706918891519308,6.529136657714844,0.2910291701555252,0.0010857733432203531,12.422048568725586,0.02584240771830082,0.2818467617034912,0.0003687883427991707
729,0.0005741140485042706,6.568288803100586,0.2910905033349991,0.0010892478749155998,12.461799621582031,0.02573888935148716,0.2807408571243286,0.0003676145029802766
730,0.0005860182573087513,6.704481840133667,0.2965395599603653,0.0010951184667646885,12.528964042663574,0.026607871055603027,0.289964497089386,0.0003664417418639565
731,0.000577986502321437,6.612592935562134,0.2943202406167984,0.0010771809611469507,12.323745727539062,0.02502775937318802,0.272380530834198,0.00036527006748818426
732,0.0005801533116027713,6.6373820304870605,0.2875049114227295,0.0010736292460933328,12.283111572265625,0.02456819638609886,0.2667103409767151,0.0003640994878834844
733,0.0005729419353883713,6.5548789501190186,0.2864234447479248,0.0010838864836841822,12.40046215057373,0.025446992367506027,0.2778400480747223,0.00036293001107287875
734,0.0005953980435151607,6.811792850494385,0.3008577227592468,0.0010859968606382608,12.424605369567871,0.027110017836093903,0.29487550258636475,0.0003617616450718302
735,0.0005716887098969892,6.540541410446167,0.29928557574748993,0.0010945883113890886,12.52289867401123,0.0262891985476017,0.2864622175693512,0.0003605943978881887
736,0.000584958223043941,6.69235360622406,0.290796123445034,0.001086440752260387,12.42968463897705,0.0250098817050457,0.272430419921875,0.0003594282775221357
737,0.0005710794212063774,6.533570408821106,0.28763146698474884,0.001089452183805406,12.464136123657227,0.02483132854104042,0.27071595191955566,0.00035826329196612944
738,0.0005805655673611909,6.642099142074585,0.2887639105319977,0.001070519327186048,12.247530937194824,0.025314293801784515,0.27628955245018005,0.0003570994492048507
739,0.000576219754293561,6.592379570007324,0.2882809340953827,0.0010809242958202958,12.366573333740234,0.02528304234147072,0.2756814956665039,0.00035593675721514747
740,0.0005767801194451749,6.598790645599365,0.28874363005161285,0.0010787351056933403,12.34152603149414,0.025346942245960236,0.27674055099487305,0.00035477522396598035
741,0.0005716947489418089,6.540610432624817,0.2890966460108757,0.0010830700630322099,12.391120910644531,0.025537369772791862,0.2790655493736267,0.000353614857418368
742,0.0005723707436118275,6.548343658447266,0.2926986813545227,0.0010776928393170238,12.329602241516113,0.026020843535661697,0.2839852571487427,0.0003524556655253332
743,0.0005702649359591305,6.524252414703369,0.2926934212446213,0.001084963558241725,12.412784576416016,0.02591530606150627,0.282662570476532,0.00035129765623184706
744,0.0005716613668482751,6.5402281284332275,0.2930739223957062,0.0010827146470546722,12.387055397033691,0.02609284035861492,0.28482338786125183,0.000350140837474776
745,0.0005708173848688602,6.530572414398193,0.2907637506723404,0.0010734859388321638,12.28147029876709,0.02514893189072609,0.2745552062988281,0.00034898521718282566
746,0.0005719414912164211,6.543432950973511,0.2900821268558502,0.0010715253883972764,12.259041786193848,0.025477193295955658,0.27820152044296265,0.0003478308032764887
747,0.0005852991453139111,6.69625449180603,0.29028888046741486,0.0010671211639419198,12.208653450012207,0.024357417598366737,0.2645812928676605,0.0003466776036679885
748,0.0005696451698895544,6.5171613693237305,0.2845398336648941,0.0010724554304033518,12.269682884216309,0.02496221847832203,0.27263498306274414,0.000345525626261226
749,0.0005673363339155912,6.490746736526489,0.2878264933824539,0.0010750729124993086,12.299628257751465,0.02562897652387619,0.28014230728149414,0.0003443748789517256
750,0.0005673880368703976,6.491337776184082,0.29371577501296997,0.0010737283155322075,12.284245491027832,0.026306334882974625,0.28700029850006104,0.00034322536962658033
751,0.0005670298414770514,6.487240552902222,0.2954707592725754,0.0010755618568509817,12.30522346496582,0.026148026809096336,0.2853255271911621,0.0003420771061643985
752,0.0005731799174100161,6.557601690292358,0.2916842848062515,0.001071549253538251,12.25931453704834,0.024947039783000946,0.2721695303916931,0.0003409300964352491
753,0.0005642275209538639,6.455178737640381,0.28648775815963745,0.0010684614535421133,12.223987579345703,0.024871643632650375,0.2715001106262207,0.00033978434830060866
754,0.0005696012522093952,6.516658782958984,0.2889344319701195,0.001065391581505537,12.188865661621094,0.025331102311611176,0.27675673365592957,0.00033863986961330634
755,0.0005679392343154177,6.497644424438477,0.28841033577919006,0.0010729841887950897,12.27573299407959,0.024910476058721542,0.27174049615859985,0.0003374966682174711
756,0.0005688576202373952,6.508150815963745,0.2889183461666107,0.0010752222733572125,12.301338195800781,0.025517668575048447,0.2789766788482666,0.00033635475194847714
757,0.0005647709767799824,6.461396217346191,0.2920072674751282,0.0010738101555034518,12.285181045532227,0.02577292174100876,0.28182291984558105,0.00033521412863289103
758,0.0005669060919899493,6.485824108123779,0.2921035438776016,0.0010706367902457714,12.248876571655273,0.02545730024576187,0.2781386971473694,0.000334074806088417
759,0.0005627900245599449,6.438733339309692,0.28954778611660004,0.001079158391803503,12.346368789672852,0.02504739910364151,0.27331072092056274,0.0003329367921238441
760,0.0005777507030870765,6.609894514083862,0.2890865206718445,0.0010565330740064383,12.087519645690918,0.024107716977596283,0.26174861192703247,0.00033180009453899283
761,0.0005845230480190367,6.687375545501709,0.2898615598678589,0.0010691153584048152,12.231470108032227,0.025475725531578064,0.27875834703445435,0.0003306647211246612
762,0.0005833890754729509,6.6744019985198975,0.291527658700943,0.0010614261263981462,12.143499374389648,0.02451423369348049,0.2671365737915039,0.0003295306796625715
763,0.0005683076742570847,6.501859188079834,0.28512372076511383,0.0010635736398398876,12.168068885803223,0.024795275181531906,0.2706296443939209,0.00032839797792531654
764,0.0005639504379360005,6.452009201049805,0.2893247753381729,0.0010692900978028774,12.233468055725098,0.025893695652484894,0.28324514627456665,0.0003272666236763076
765,0.0005660163296852261,6.475645065307617,0.2933410108089447,0.0010671891504898667,12.209432601928711,0.02596145309507847,0.2837025225162506,0.0003261366246697199
766,0.000562671513762325,6.437377452850342,0.29221881926059723,0.0010705499444156885,12.247880935668945,0.025493953377008438,0.2784595787525177,0.00032500798865044015
767,0.0005630393279716372,6.4415857791900635,0.28980328142642975,0.0010610568569973111,12.139272689819336,0.02517933025956154,0.275054931640625,0.00032388072335401294
768,0.0005619686853606254,6.429336786270142,0.287975937128067,0.001063564675860107,12.167963981628418,0.02495483309030533,0.27272844314575195,0.00032275483650658863
769,0.0005662683397531509,6.478528738021851,0.28951169550418854,0.0010653964709490538,12.188921928405762,0.02529015764594078,0.27652114629745483,0.0003216303358248698
770,0.0005787576374132186,6.621414661407471,0.2897219806909561,0.0010598975932225585,12.12601089477539,0.02412472292780876,0.2621593475341797,0.0003205072290160579
771,0.0005714535800507292,6.537851333618164,0.28855861723423004,0.0010645481524989009,12.179216384887695,0.02532484196126461,0.27711552381515503,0.00031938552377780156
772,0.0005615021364064887,6.423999309539795,0.28952210396528244,0.0010568032739683986,12.09061050415039,0.02517697773873806,0.2753823697566986,0.0003182652277981427
773,0.0005590201762970537,6.395603895187378,0.2890346497297287,0.0010557794012129307,12.07889461517334,0.025120068341493607,0.2745792269706726,0.00031714634875546453
774,0.0005596740229520947,6.4030842781066895,0.28776174783706665,0.001057254965417087,12.095776557922363,0.024851107969880104,0.2714303433895111,0.0003160288943184385
775,0.0005659991584252566,6.475448131561279,0.28703708946704865,0.0010506685357540846,12.020423889160156,0.024369318038225174,0.2657458186149597,0.0003149128721459727
776,0.0005587557097896934,6.392577648162842,0.2851637452840805,0.00105832249391824,12.107992172241211,0.025029735639691353,0.2738054692745209,0.0003137982898871578
777,0.0005684965290129185,6.5040202140808105,0.2927161008119583,0.0010606895666569471,12.13507080078125,0.025793448090553284,0.28197410702705383,0.00031268515518121574
778,0.0005591753870248795,6.397378921508789,0.29281872510910034,0.0010659131221473217,12.194832801818848,0.02542024478316307,0.27783283591270447,0.00031157347565744745
779,0.0005642225150950253,6.455122709274292,0.29163914918899536,0.0010665426962077618,12.20203685760498,0.02531711757183075,0.27686840295791626,0.00031046325893517953
780,0.0005589479696936905,6.394778490066528,0.2900207042694092,0.0010623799171298742,12.154411315917969,0.024904731661081314,0.2722877264022827,0.0003093545126237135
781,0.0005629718361888081,6.440813779830933,0.28955473005771637,0.0010530371218919754,12.04752254486084,0.024886585772037506,0.2719344198703766,0.0003082472443222721
782,0.0005957603279966861,6.8159379959106445,0.2892971783876419,0.0010463029611855745,11.970479011535645,0.02336781471967697,0.2514720857143402,0.0003071414616199486
783,0.0005617711285594851,6.427076816558838,0.2804076820611954,0.0010490624699741602,12.002049446105957,0.024242643266916275,0.2645247280597687,0.0003060371720956537
784,0.0005730167322326452,6.555734872817993,0.2896535024046898,0.0010595503263175488,12.122038841247559,0.02552448771893978,0.27960142493247986,0.000304934383318064
785,0.0005616185953840613,6.4253318309783936,0.29508593678474426,0.0010600807145237923,12.128105163574219,0.025722704827785492,0.2813261151313782,0.0003038331028455703
786,0.0005614272959064692,6.423142910003662,0.293874591588974,0.0010655404767021537,12.190570831298828,0.02535017766058445,0.27706336975097656,0.00030273333822622596
787,0.0005683253839379176,6.5020623207092285,0.28761352598667145,0.001053393236361444,12.051595687866211,0.024173785001039505,0.2632984519004822,0.0003016350969976943
788,0.00056442353525199,6.457422494888306,0.2847079932689667,0.0010554747423157096,12.075410842895508,0.024518385529518127,0.2680107057094574,0.0003005383866871976
789,0.0005667239893227816,6.483741044998169,0.28409332036972046,0.0010433134157210588,11.936275482177734,0.024216432124376297,0.2639005780220032,0.00029944321481146564
790,0.0005780719220638275,6.613569736480713,0.2833613008260727,0.0010458864271640778,11.965713500976562,0.02385767176747322,0.25911945104599,0.0002983495888766842
791,0.0005565510073211044,6.36735463142395,0.28388045728206635,0.0010619180975481868,12.149127006530762,0.02526165172457695,0.2766990661621094,0.0002972575163784426
792,0.0005655247368849814,6.470020294189453,0.2929833307862282,0.0010642496636137366,12.175803184509277,0.026013735681772232,0.28475433588027954,0.00029616700480168337
793,0.0005653591069858521,6.468125581741333,0.2929656505584717,0.001060152892023325,12.128931045532227,0.025241538882255554,0.27599096298217773,0.0002950780616206511
794,0.0005612875975202769,6.421544313430786,0.2892291396856308,0.001049756072461605,12.009984016418457,0.025124967098236084,0.2747471332550049,0.0002939906942988402
795,0.000570565287489444,6.527688026428223,0.294739693403244,0.0010614927159622312,12.144261360168457,0.02597951330244541,0.2842327356338501,0.0002929049102889447
796,0.0005654751148540527,6.469453692436218,0.2971169427037239,0.0010536224581301212,12.054218292236328,0.025641854852437973,0.2804116904735565,0.0002918207170328063
797,0.0005730695847887546,6.556338787078857,0.29096369445323944,0.001051703467965126,12.03226375579834,0.02381134405732155,0.258320152759552,0.00029073812196136464
798,0.0005650155508192256,6.464195251464844,0.2839249297976494,0.0010379798477515578,11.87525463104248,0.02348216250538826,0.2542448937892914,0.0002896571324946049
799,0.0005571429792325944,6.374126434326172,0.281122162938118,0.001052566454745829,12.042137145996094,0.023982785642147064,0.2616407871246338,0.00028857775604150754
800,0.0005613613611785695,6.422388553619385,0.2847747802734375,0.0010420182952657342,11.92145824432373,0.024674508720636368,0.2699519395828247,0.0002874999999999982
801,0.0005572330846916884,6.375157833099365,0.28969593346118927,0.0010526221012696624,12.042774200439453,0.025402888655662537,0.2780398428440094,0.0002864238717568964
802,0.0005576338735409081,6.3797430992126465,0.2903129607439041,0.0010485302191227674,11.995960235595703,0.025133341550827026,0.2750391960144043,0.0002853493786878643
803,0.0005640101298922673,6.45269250869751,0.29001159965991974,0.001045556622557342,11.96194076538086,0.024277441203594208,0.2650507092475891,0.0002842765281573569
804,0.0005578581767622381,6.382309436798096,0.285447359085083,0.0010465754894539714,11.973596572875977,0.025070708245038986,0.2744331955909729,0.0002832053275185721
805,0.0005578200944000855,6.381874322891235,0.29298025369644165,0.001045515644364059,11.961471557617188,0.0255621038377285,0.2797825038433075,0.0002821357841133988
806,0.0005649426602758467,6.4633612632751465,0.290586456656456,0.001045124139636755,11.956993103027344,0.024364344775676727,0.26593300700187683,0.00028106790527236784
807,0.0005551456124521792,6.351275682449341,0.2845594137907028,0.001048605190590024,11.996817588806152,0.024259699508547783,0.2650015950202942,0.000280001698314601
808,0.0005536960670724511,6.334691762924194,0.2841911315917969,0.0010496324393898249,12.008569717407227,0.024389419704675674,0.26668035984039307,0.0002789371705477618
809,0.0005554399976972491,6.354643821716309,0.2854597568511963,0.0010401047766208649,11.899567604064941,0.024833722040057182,0.2717818021774292,0.00027787432926800414
810,0.0005534152151085436,6.331478595733643,0.2891879379749298,0.0010467888787388802,11.976036071777344,0.02519465982913971,0.2757331430912018,0.0002768131817599229
811,0.0005531956849154085,6.328967094421387,0.2893984615802765,0.0010468295076861978,11.976502418518066,0.02490699663758278,0.2724953889846802,0.0002757537352965046
812,0.0005514128279173747,6.30856990814209,0.2884027138352394,0.001044946606270969,11.95495891571045,0.024854321032762527,0.27205806970596313,0.0002746959971390768
813,0.0005557734693866223,6.3584593534469604,0.2858041673898697,0.0010330529185011983,11.818888664245605,0.02402878925204277,0.26195448637008667,0.00027363997453725824
814,0.0005535174277611077,6.3326475620269775,0.28208260238170624,0.0010312595404684544,11.798370361328125,0.02383369952440262,0.2593008577823639,0.0002725856747289093
815,0.0005552515212912112,6.352487087249756,0.283579483628273,0.0010376614518463612,11.871614456176758,0.024698199704289436,0.2703235149383545,0.0002715331049400833
816,0.0005513855721801519,6.308258056640625,0.28643748909235,0.0010337068233639002,11.826370239257812,0.02450578659772873,0.26808956265449524,0.00027048227238497547
817,0.0005522578721866012,6.318237781524658,0.2875945717096329,0.001041276496835053,11.912971496582031,0.02495589852333069,0.273314893245697,0.0002694331842658745
818,0.0005495548830367625,6.28731369972229,0.2881412208080292,0.0010463101789355278,11.970561027526855,0.024770265445113182,0.2710036039352417,0.0002683858477731127
819,0.0005499465914908797,6.291795253753662,0.2871677428483963,0.0010427619563415647,11.929966926574707,0.024711813777685165,0.27037107944488525,0.00026734027008501753
820,0.0005508406466105953,6.3020241260528564,0.28714997321367264,0.0010380279272794724,11.875805854797363,0.02466467022895813,0.2698635458946228,0.00026629645836786115
821,0.0005524086009245366,6.319962501525879,0.2886461317539215,0.0010394630953669548,11.892227172851562,0.02485278993844986,0.2719825506210327,0.00026525441977581207
822,0.000551353208720684,6.307887315750122,0.28723210096359253,0.0010395885910838842,11.893661499023438,0.024205736815929413,0.2640991806983948,0.0002642141614508862
823,0.0005538591794902459,6.336558103561401,0.28306756913661957,0.0010269366903230548,11.748913764953613,0.023670833557844162,0.2573668658733368,0.00026317569052289796
824,0.0005527127650566399,6.323442578315735,0.2841411232948303,0.0010309857316315174,11.79523754119873,0.02427719719707966,0.26554200053215027,0.0002621390141094105
825,0.0005544520390685648,6.343340635299683,0.2873208373785019,0.001033694134093821,11.826225280761719,0.024784110486507416,0.2714579403400421,0.00026110413931568785
826,0.0005486125737661496,6.276532888412476,0.28901731222867966,0.0010428178356960416,11.9306058883667,0.024924449622631073,0.27276337146759033,0.00026007107323464617
827,0.0005515038792509586,6.309612035751343,0.2877981811761856,0.0010388116352260113,11.884773254394531,0.024516794830560684,0.26793932914733887,0.0002590398229468046
828,0.0005680563335772604,6.498983860015869,0.2904293090105057,0.0010442965431138873,11.947525024414062,0.025158673524856567,0.27568429708480835,0.0002580103955202371
829,0.0005499502731254324,6.291836738586426,0.2893607020378113,0.0010300475405529141,11.784505844116211,0.024509422481060028,0.2679820954799652,0.00025698279801052387
830,0.0005467199953272939,6.254880428314209,0.2846423238515854,0.0010273178340867162,11.753273963928223,0.02386714331805706,0.2598506212234497,0.00025595703746070355
831,0.0005532440409297124,6.3295204639434814,0.28351829946041107,0.0010235540103167295,11.710213661193848,0.02393084391951561,0.2609493136405945,0.00025493312090122365
832,0.0005504318687599152,6.297346830368042,0.2838748097419739,0.001026456942781806,11.743425369262695,0.02415611408650875,0.26391342282295227,0.00025391105534989405
833,0.0005465601570904255,6.253051996231079,0.28443917632102966,0.0010247403988614678,11.723787307739258,0.02410077676177025,0.26305216550827026,0.00025289084781183725
834,0.0005501498089870438,6.294119596481323,0.28332626819610596,0.0010213373461738229,11.684853553771973,0.02362179011106491,0.2566426396369934,0.0002518725052794418
835,0.000550868920981884,6.3023470640182495,0.2830171659588814,0.0010261486750096083,11.739897727966309,0.02426437847316265,0.26525554060935974,0.0002508560347323132
836,0.0005490930489031598,6.282030701637268,0.28407325595617294,0.0010252308566123247,11.729397773742676,0.023947585374116898,0.26126495003700256,0.00024984144313722667
837,0.0005460264801513404,6.246946096420288,0.2823746055364609,0.001029214938171208,11.774978637695312,0.024115461856126785,0.2633206844329834,0.0002488287374480797
838,0.0005460751854116097,6.247503280639648,0.2832175940275192,0.001031463616527617,11.80070686340332,0.02441215328872204,0.2669376730918884,0.0002478179246058435
839,0.0005453453049995005,6.239153146743774,0.28660402446985245,0.001034949324093759,11.840583801269531,0.02508467249572277,0.27491119503974915,0.00024680901153851614
840,0.0005448879237519577,6.233920097351074,0.2888713479042053,0.0010330502409487963,11.818857192993164,0.02501940354704857,0.27411431074142456,0.00024580200516107463
841,0.0005451720207929611,6.237170219421387,0.28961247205734253,0.0010353513062000275,11.845183372497559,0.025088878348469734,0.27485325932502747,0.0002447969123754282
842,0.0005443343834485859,6.227587699890137,0.28869909048080444,0.0010289880447089672,11.772384643554688,0.024599049240350723,0.26915037631988525,0.00024379374007037007
843,0.0005461909167934209,6.2488274574279785,0.28693653643131256,0.0010261113056913018,11.739471435546875,0.024516932666301727,0.2682580053806305,0.0002427924951215309
844,0.0005443357804324478,6.227603435516357,0.2847674936056137,0.001023362739942968,11.708024978637695,0.02404668927192688,0.26241424679756165,0.00024179318439133176
845,0.0005436695500975475,6.2199811935424805,0.28304238617420197,0.0010227265302091837,11.700745582580566,0.023978888988494873,0.26164793968200684,0.00024079581472893628
846,0.0005443027912406251,6.2272255420684814,0.2823654115200043,0.001019373768940568,11.662388801574707,0.023720234632492065,0.2582363784313202,0.00023980039297020447
847,0.0005446865543490276,6.231616735458374,0.2813833877444267,0.0010182649130001664,11.649703979492188,0.023738987743854523,0.2584807276725769,0.00023880692593764542
848,0.0005465007416205481,6.2523720264434814,0.2840668857097626,0.001024691155180335,11.723222732543945,0.0245901420712471,0.2692755460739136,0.0002378154204403713
849,0.0005450356984511018,6.235610723495483,0.2859226390719414,0.0010221019620075822,11.69360065460205,0.024456791579723358,0.2676049470901489,0.00023682588327404957
850,0.0005434331833384931,6.217276692390442,0.28538429737091064,0.0010221515549346805,11.694168090820312,0.024375826120376587,0.26664048433303833,0.0002358383212208572
851,0.000548587428056635,6.276245355606079,0.28938091546297073,0.0010301410220563412,11.785573959350586,0.024996105581521988,0.27403995394706726,0.00023485274104943372
852,0.0005432549078250304,6.215237140655518,0.28846339881420135,0.0010254947701469064,11.732417106628418,0.02458168752491474,0.2689885199069977,0.00023386914951483565
853,0.0005429983139038086,6.212301731109619,0.2849876582622528,0.0010209062602370977,11.67992115020752,0.024083789438009262,0.26283708214759827,0.00023288755335848884
854,0.0005483131244545802,6.273107171058655,0.28214458376169205,0.001018222072161734,11.649212837219238,0.023679450154304504,0.2576723098754883,0.00023190795930814366
855,0.000551962701138109,6.314860820770264,0.2853402942419052,0.0010260684648528695,11.73897933959961,0.024570289999246597,0.26919025182724,0.0002309303740778282
856,0.0005507819878403097,6.301352500915527,0.2890731245279312,0.0010240885894745588,11.716329574584961,0.024880366399884224,0.27276748418807983,0.00022995480436780198
857,0.0005429830926004797,6.212127685546875,0.2863229364156723,0.0010249254992231727,11.725905418395996,0.024144038558006287,0.26359614729881287,0.00022898125686451055
858,0.0005507096648216248,6.300525188446045,0.2827867865562439,0.0010225785663351417,11.699053764343262,0.023657968267798424,0.25731033086776733,0.0002280097382405394
859,0.0005442649417091161,6.226792573928833,0.28324106335639954,0.0010221763513982296,11.694452285766602,0.024065300822257996,0.26298683881759644,0.00022704025515456867
860,0.0005545106250792742,6.344011545181274,0.2872776687145233,0.0010220305994153023,11.692785263061523,0.024654511362314224,0.27018386125564575,0.00022607281425132667
861,0.0005433517508208752,6.21634566783905,0.28683024644851685,0.0010184901766479015,11.652281761169434,0.02432551607489586,0.2659386098384857,0.0002251074221615451
862,0.000548217081814073,6.272008419036865,0.2846466228365898,0.0010207077721133828,11.677651405334473,0.023701408877968788,0.25784188508987427,0.0002241440855019131
863,0.0005451223405543715,6.236602544784546,0.281772255897522,0.0010238521499559283,11.713624954223633,0.023910142481327057,0.260956346988678,0.00022318281087503253
864,0.0005480725230881944,6.270354270935059,0.28442947566509247,0.0010262159630656242,11.740667343139648,0.02431507781147957,0.2661832571029663,0.00022222360486937176
865,0.0005424836999736726,6.206413984298706,0.2850170433521271,0.0010189192835241556,11.657188415527344,0.024279145523905754,0.2655022144317627,0.00022126647405922153
866,0.0005590881919488311,6.396381378173828,0.28558678925037384,0.0010166950523853302,11.631744384765625,0.02349763922393322,0.2551112174987793,0.00022031142500464942
867,0.0005439313827082515,6.222976922988892,0.2804962992668152,0.0010144049301743507,11.605542182922363,0.023904504254460335,0.2608821988105774,0.00021935846425145445
868,0.0005409786244854331,6.189195156097412,0.2828706204891205,0.0010199322132393718,11.668778419494629,0.024347176775336266,0.26655974984169006,0.000218407598331123
869,0.0005431504396256059,6.2140421867370605,0.28526097536087036,0.0010179292876273394,11.645862579345703,0.024540936574339867,0.26872360706329346,0.00021745883376078344
870,0.0005401181988418102,6.179351329803467,0.28590065240859985,0.0010171037865802646,11.636418342590332,0.024441979825496674,0.26741117238998413,0.00021651217704316225
871,0.0005412566242739558,6.192375421524048,0.2862384766340256,0.0010178934317082167,11.645451545715332,0.02472434565424919,0.2708548605442047,0.00021556763466653835
872,0.0005416579078882933,6.196966171264648,0.2862889692187309,0.0010152122704312205,11.614778518676758,0.024152511730790138,0.2639122009277344,0.0002146252131046995
873,0.0005438225343823433,6.221731662750244,0.2857462614774704,0.001018337206915021,11.650529861450195,0.024507295340299606,0.26838910579681396,0.00021368491881689739
874,0.0005410305457189679,6.189788818359375,0.2847922295331955,0.0010142140090465546,11.603357315063477,0.02402801252901554,0.26235833764076233,0.00021274675824780405
875,0.0005428631557151675,6.210755825042725,0.2822578251361847,0.0010112525196745992,11.569475173950195,0.023571373894810677,0.2563294768333435,0.00021181073782746673
876,0.0005407593271229416,6.186686038970947,0.28210771083831787,0.0010170838795602322,11.636190414428711,0.02414378710091114,0.26393628120422363,0.0002108768639712647
877,0.0005418032233137637,6.198629140853882,0.28621719777584076,0.0010197305819019675,11.66646957397461,0.02460433728992939,0.26965025067329407,0.00020994514307986494
878,0.0005437517393147573,6.220921039581299,0.2858249396085739,0.0010117627680301666,11.575313568115234,0.024009622633457184,0.2621471881866455,0.00020901558153917806
879,0.0005387907149270177,6.164163827896118,0.28286078572273254,0.0010125956032425165,11.584840774536133,0.024041414260864258,0.26257362961769104,0.00020808818572031463
880,0.0005384405958466232,6.160158395767212,0.2837895080447197,0.0010155524360015988,11.618669509887695,0.02429013140499592,0.265806645154953,0.00020716296197954175
881,0.0005398410430643708,6.176180362701416,0.28400325775146484,0.0010102617088705301,11.558140754699707,0.02399575710296631,0.26202285289764404,0.00020623991665823956
882,0.0005392623424995691,6.169559717178345,0.2824893593788147,0.0010053871665149927,11.502370834350586,0.023856330662965775,0.26022446155548096,0.0002053190560828572
883,0.0005395224288804457,6.1725345849990845,0.2819182872772217,0.0010053497971966863,11.501944541931152,0.023718466982245445,0.2584291100502014,0.0002044003865648699
884,0.0005448645970318466,6.23365330696106,0.287779837846756,0.001016833703033626,11.633330345153809,0.02467902936041355,0.2705670893192291,0.00020348391440073562
885,0.0005379405192798004,6.154436826705933,0.28748592734336853,0.0010145801352337003,11.60754680633545,0.024536482989788055,0.2687489986419678,0.000202569645871852
886,0.0005392638995544985,6.169577360153198,0.28544074296951294,0.0010110561270266771,11.567228317260742,0.024093221873044968,0.26319485902786255,0.00020165758724451346
887,0.000538201944436878,6.1574273109436035,0.2827668637037277,0.001008261344395578,11.53525447845459,0.023940254002809525,0.2613868713378906,0.00020074774476986729
888,0.0005376219924073666,6.150792837142944,0.28319303691387177,0.0010117231868207455,11.574860572814941,0.024207403883337975,0.2649117410182953,0.0001998401246838723
889,0.0005376295885071158,6.150879383087158,0.2839818224310875,0.0010083091910928488,11.535801887512207,0.024078819900751114,0.263214111328125,0.0001989347332072547
890,0.0005424527917057276,6.206060171127319,0.28677499294281006,0.0010101053630933166,11.556351661682129,0.024540845304727554,0.2687985301017761,0.0001980315765454664
891,0.0005383392272051424,6.158998012542725,0.28742650151252747,0.0010141301900148392,11.602398872375488,0.024513009935617447,0.26838594675064087,0.0001971306608886418
892,0.000539589163963683,6.173298478126526,0.28662873059511185,0.001011305139400065,11.570077896118164,0.02370396815240383,0.25814059376716614,0.00019623199241155628
893,0.0005389789585024118,6.166316986083984,0.28177259862422943,0.0010114312171936035,11.57151985168457,0.023822613060474396,0.25996828079223633,0.00019533557727358282
894,0.0005379639187594876,6.154704570770264,0.28212355077266693,0.0010060895001515746,11.510407447814941,0.023811254650354385,0.25984489917755127,0.00019444142161865034
895,0.0005474530626088381,6.263267278671265,0.2823147177696228,0.001000425312668085,11.445605278015137,0.02311711013317108,0.25008732080459595,0.0001935495315752015
896,0.0005374016473069787,6.148271560668945,0.2794863283634186,0.0010044884402304888,11.49208927154541,0.023616522550582886,0.25714170932769775,0.0001926599132561509
897,0.0005359811912057921,6.132020473480225,0.28134045004844666,0.0010081423679366708,11.533893585205078,0.02413155883550644,0.26392459869384766,0.00019177257275884303
898,0.0005361658113542944,6.1341331005096436,0.2847595661878586,0.0010080012725666165,11.532279014587402,0.024387793615460396,0.2671647369861603,0.00019088751616501006
899,0.0005428500880952924,6.210606098175049,0.2844209372997284,0.0010025561787188053,11.469983100891113,0.02382153645157814,0.2598120868206024,0.00019000474954073107
900,0.0005392130988184363,6.1689958572387695,0.28156960010528564,0.0010010793339461088,11.453086853027344,0.023676306009292603,0.25792619585990906,0.00018912427893638946
901,0.000536151768756099,6.13397216796875,0.282043993473053,0.0010065220994874835,11.51535701751709,0.024334482848644257,0.2665404677391052,0.0001882461103866322
902,0.0005383466486819088,6.159082651138306,0.28539586812257767,0.0010041050845757127,11.487703323364258,0.0241840947419405,0.264647513628006,0.0001873702499103281
903,0.0005348017148207873,6.118526458740234,0.28433284163475037,0.0010056216269731522,11.505053520202637,0.024332456290721893,0.26647165417671204,0.00018649670351052704
904,0.0005364211974665523,6.137054443359375,0.28447873890399933,0.0010070335119962692,11.52120590209961,0.02411716803908348,0.26371055841445923,0.00018562547717441803
905,0.0005344694072846323,6.114724397659302,0.2833756059408188,0.0010105199180543423,11.5610933303833,0.024110127240419388,0.26362156867980957,0.00018475657687328892
906,0.0005346514953998849,6.11680793762207,0.2833673134446144,0.0010101033840328455,11.556326866149902,0.02409462258219719,0.26345589756965637,0.0001838900085624849
907,0.0005355314933694899,6.126876354217529,0.285087987780571,0.0010090096620842814,11.543815612792969,0.024295704439282417,0.2659794092178345,0.0001830257781813683
908,0.0005361141375033185,6.133541584014893,0.2867944613099098,0.0010086098918691278,11.539239883422852,0.024531830102205276,0.26889240741729736,0.00018216389165327752
909,0.0005344146047718823,6.114097356796265,0.2858869433403015,0.001004543388262391,11.492718696594238,0.02412174642086029,0.2637206017971039,0.000181304354885486
910,0.0005348578706616536,6.119169235229492,0.2826758176088333,0.0010018600150942802,11.462018013000488,0.023765498772263527,0.259149432182312,0.00018044717376916293
911,0.0005424633563961834,6.206181287765503,0.28567469120025635,0.0010091389995068312,11.545293807983398,0.02432742714881897,0.26646602153778076,0.00017959235417933138
912,0.0005351624713512138,6.12265419960022,0.2850190997123718,0.0010000751353800297,11.441596984863281,0.023785781115293503,0.25948572158813477,0.0001787399019748292
913,0.000533358717802912,6.102017402648926,0.2816575616598129,0.0009986225049942732,11.424978256225586,0.023626074194908142,0.2573499083518982,0.00017788982299826814
914,0.0005343240482034162,6.113061428070068,0.280595988035202,0.0009969210950657725,11.405512809753418,0.023487892001867294,0.25551608204841614,0.0001770421230759947
915,0.0005367238481994718,6.140516996383667,0.28039151430130005,0.0009950201492756605,11.38376522064209,0.023237794637680054,0.252083957195282,0.00017619680801804905
916,0.0005332271102815866,6.100511789321899,0.27916334569454193,0.0009987707016989589,11.426675796508789,0.023506203666329384,0.25586697459220886,0.00017535388361812596
917,0.0005346034886315465,6.116258859634399,0.2803821414709091,0.00099994707852602,11.440131187438965,0.02374592423439026,0.259024977684021,0.0001745133556535347
918,0.0005329131236067042,6.096919298171997,0.2821353077888489,0.001002755481749773,11.47226333618164,0.024214299395680428,0.26509472727775574,0.00017367522988516001
919,0.0005376669141696766,6.151306390762329,0.288613960146904,0.0010079783387482166,11.532015800476074,0.024957187473773956,0.27415889501571655,0.00017283951205742212
920,0.000533868616912514,6.107851266860962,0.29065635055303574,0.0010076762409880757,11.528560638427734,0.024860111996531487,0.27291738986968994,0.0001720062078982373
921,0.000536417675903067,6.137014389038086,0.29181230068206787,0.0010083499364554882,11.536267280578613,0.024794286116957664,0.2720922529697418,0.0001711753231189792
922,0.0005360563227441162,6.132880210876465,0.2855606824159622,0.0010002076160162687,11.443113327026367,0.023738762363791466,0.25878968834877014,0.00017034686341443875
923,0.0005384335672715679,6.160077333450317,0.28072115778923035,0.0009953755652531981,11.38783073425293,0.023078100755810738,0.2496715933084488,0.00016952083446278627
924,0.0005340145871741697,6.109521389007568,0.2782882899045944,0.0009979426395148039,11.417201042175293,0.02334316074848175,0.2536070942878723,0.0001686972419255314
925,0.0005331470310920849,6.09959614276886,0.27950629591941833,0.0009964037453755736,11.399593353271484,0.02349766343832016,0.2557998597621918,0.00016787609144748545
926,0.000542744470294565,6.209397792816162,0.28007446974515915,0.0009916545823216438,11.345260620117188,0.023152226582169533,0.2508079409599304,0.00016705738865672182
927,0.0005365246470319107,6.138237953186035,0.2818286269903183,0.0009980077156797051,11.41794490814209,0.02406052127480507,0.26320117712020874,0.0001662411391645376
928,0.0005346689285943285,6.117007732391357,0.28389181196689606,0.000998543226160109,11.424072265625,0.024024460464715958,0.26271241903305054,0.00016542734856541546
929,0.0005354056920623407,6.125436305999756,0.2827058732509613,0.0009978224989026785,11.415826797485352,0.02385622076690197,0.26053309440612793,0.0001646160224369851
930,0.0005314473528414965,6.0801496505737305,0.2824382334947586,0.0009980921167880297,11.41891098022461,0.02410859614610672,0.2638508081436157,0.00016380716633998502
931,0.0005329345003701746,6.097164154052734,0.2834135591983795,0.000996809103526175,11.404231071472168,0.024140477180480957,0.26421546936035156,0.00016300078581822424
932,0.0005314980080584064,6.080729007720947,0.28435641527175903,0.000998602481558919,11.424750328063965,0.02445358969271183,0.26812463998794556,0.0001621968863985447
933,0.0005364027892937884,6.136843681335449,0.28485246002674103,0.0009969258680939674,11.405569076538086,0.02401699684560299,0.26253536343574524,0.00016139547359078288
934,0.0005328985716914758,6.0967535972595215,0.28214916586875916,0.0009991457918658853,11.430965423583984,0.023886902257800102,0.26086676120758057,0.00016059655288773252
935,0.0005318980111042038,6.08530592918396,0.2824079766869545,0.0009987822268158197,11.426807403564453,0.023839300498366356,0.26031196117401123,0.00015980012976510652
936,0.0005311756394803524,6.077041745185852,0.282900869846344,0.0010006882948800921,11.448613166809082,0.02415703609585762,0.26448050141334534,0.00015900620968149992
937,0.0005312359426170588,6.077731370925903,0.2848383039236069,0.000999224721454084,11.431869506835938,0.024349689483642578,0.2668706178665161,0.00015821479807835208
938,0.0005388089339248836,6.164372444152832,0.2862931936979294,0.000994612113572657,11.379097938537598,0.02368781715631485,0.258209764957428,0.00015742590037990937
939,0.0005310640553943813,6.075765371322632,0.28155045211315155,0.00099564075935632,11.390864372253418,0.023856699466705322,0.2605223059654236,0.00015663952199318837
940,0.000534141348907724,6.110971212387085,0.2825160324573517,0.0009908218635246158,11.335733413696289,0.023546038195490837,0.25643545389175415,0.00015585566830793863
941,0.0005305579688865691,6.06997537612915,0.28045038878917694,0.0009904003236442804,11.330910682678223,0.02367187663912773,0.25818708539009094,0.00015507434469660543
942,0.0005304468504618853,6.068704128265381,0.2811737060546875,0.0009900820441544056,11.327268600463867,0.023842446506023407,0.2604193687438965,0.00015429555651429316
943,0.0005304261721903458,6.068467140197754,0.2832026183605194,0.0009957924485206604,11.392601013183594,0.024259207770228386,0.2657797932624817,0.0001535193090987291
944,0.0005317767790984362,6.083919286727905,0.2871001660823822,0.0010026507079601288,11.471063613891602,0.02464114874601364,0.27048105001449585,0.00015274560777022597
945,0.000530933408299461,6.074270248413086,0.28829850256443024,0.0010021206689998507,11.465001106262207,0.02454306185245514,0.2692950963973999,0.0001519744578316461
946,0.0005342991062207147,6.112776517868042,0.2889895886182785,0.0010003381175920367,11.444604873657227,0.0245797298848629,0.26976606249809265,0.00015120586456836467
947,0.0005327897379174829,6.095507860183716,0.2890797108411789,0.000997335184365511,11.41025161743164,0.024338167160749435,0.2667255103588104,0.00015043983324823402
948,0.0005296483868733048,6.059568643569946,0.2839713543653488,0.0009919636650010943,11.348796844482422,0.02360672876238823,0.25710123777389526,0.00014967636912154703
949,0.0005338070768630132,6.107146978378296,0.28012634068727493,0.000987376319244504,11.296314239501953,0.022969191893935204,0.24811357259750366,0.0001489154774210012
950,0.0005330655403668061,6.098664045333862,0.27864719927310944,0.0009874132229015231,11.296735763549805,0.023178601637482643,0.25144171714782715,0.00014815716336166314
951,0.0005315186426742002,6.080965995788574,0.2782048061490059,0.0009846773464232683,11.265435218811035,0.02309023216366768,0.2501421272754669,0.00014740143214093265
952,0.0005295687296893448,6.05865740776062,0.2786012440919876,0.0009848633781075478,11.26756477355957,0.023313190788030624,0.25331804156303406,0.00014664828893850676
953,0.0005293736758176237,6.0564258098602295,0.2796115577220917,0.0009889411740005016,11.314217567443848,0.023531217128038406,0.25630298256874084,0.00014589773891634448
954,0.0005329568957677111,6.097421169281006,0.2835167646408081,0.0009945569327101111,11.37846565246582,0.024252016097307205,0.26582086086273193,0.00014514978721863196
955,0.0005291239940561354,6.053569316864014,0.28538578748703003,0.0009942685719579458,11.375167846679688,0.024215195327997208,0.2653317451477051,0.00014440443897174618
956,0.0005324995436239988,6.092187881469727,0.2879103571176529,0.0009969208622351289,11.405510902404785,0.024533934891223907,0.26930564641952515,0.00014366169928422062
957,0.0005335643945727497,6.1043701171875,0.28655944764614105,0.0009915675036609173,11.34426498413086,0.023730140179395676,0.25888895988464355,0.00014292157324670982
958,0.0005304637452354655,6.068897366523743,0.2827596068382263,0.000993197550997138,11.362913131713867,0.023877829313278198,0.2608991861343384,0.00014218406593195502
959,0.0005303082143655047,6.06711745262146,0.28388790786266327,0.0009933169931173325,11.364279747009277,0.02399285137653351,0.2624339759349823,0.0001414491823947486
960,0.0005285946099320427,6.047512531280518,0.28201575577259064,0.0009882707381621003,11.306547164916992,0.023599086329340935,0.257224440574646,0.00014071692767189998
961,0.0005285658407956362,6.047183513641357,0.280535489320755,0.0009879028657451272,11.302338600158691,0.02347865328192711,0.2555922269821167,0.0001399873067822011
962,0.0005281770281726494,6.042734861373901,0.28006868064403534,0.0009893013630062342,11.318337440490723,0.02345525473356247,0.2553013861179352,0.00013926032472639198
963,0.0005301637283992022,6.065464735031128,0.28186267614364624,0.0009916849667206407,11.34560775756836,0.023847676813602448,0.2606864869594574,0.00013853598648712619
964,0.0005295757437124848,6.058737516403198,0.28190872073173523,0.0009859703714028,11.280229568481445,0.023522041738033295,0.2562693655490875,0.00013781429702893668
965,0.000529029275639914,6.052485704421997,0.2803989201784134,0.0009841619757935405,11.259540557861328,0.023345377296209335,0.25376468896865845,0.0001370952612982025
966,0.0005293342837831005,6.0559751987457275,0.2792835086584091,0.0009841453284025192,11.25934886932373,0.023349003866314888,0.2538095712661743,0.00013637888422311393
967,0.0005287066742312163,6.048794269561768,0.2809266000986099,0.0009897717973217368,11.32371997833252,0.02386930212378502,0.2609419822692871,0.0001356651707136392
968,0.0005284266080707312,6.045591115951538,0.28224465250968933,0.0009880937868729234,11.304522514343262,0.023807913064956665,0.26011258363723755,0.0001349541256614906
969,0.000528852004208602,6.05045747756958,0.28411199152469635,0.0009898344287648797,11.324437141418457,0.02421562373638153,0.2654086649417877,0.00013424575394009169
970,0.0005294680449878797,6.05750572681427,0.2849810719490051,0.0009870193898677826,11.292230606079102,0.023899564519524574,0.2612649202346802,0.0001335400604045427
971,0.0005285735242068768,6.047271490097046,0.2839887738227844,0.0009902284946292639,11.32894515991211,0.024133972823619843,0.26433008909225464,0.00013283704989158803
972,0.0005274141731206328,6.03400731086731,0.2837591916322708,0.0009906173218041658,11.333394050598145,0.023899277672171593,0.2612622380256653,0.00013213672721958315
973,0.0005318234616424888,6.084453344345093,0.28599274158477783,0.000993605237454176,11.36757755279541,0.024253226816654205,0.2658582925796509,0.00013143909718846137
974,0.0005313307920005172,6.078816652297974,0.2879199683666229,0.0009919548174366355,11.348694801330566,0.024381395429372787,0.26748985052108765,0.00013074416457970058
975,0.0005359649512683973,6.131834268569946,0.2845628708600998,0.0009847974870353937,11.266809463500977,0.023359406739473343,0.25387459993362427,0.00013005193415629106
976,0.0005285298975650221,6.046772241592407,0.279880054295063,0.0009846697794273496,11.265350341796875,0.023372862488031387,0.2541632056236267,0.00012936241066270287
977,0.0005278804310364649,6.039341568946838,0.27904096245765686,0.0009842270519584417,11.260282516479492,0.023146862164139748,0.2510538399219513,0.00012867559882485266
978,0.0005326967220753431,6.094444036483765,0.2823416590690613,0.0009884266182780266,11.308330535888672,0.023698221892118454,0.25879329442977905,0.00012799150335007184
979,0.0005290284607326612,6.052476406097412,0.28339073807001114,0.0009865182219073176,11.286497116088867,0.023936036974191666,0.2618941068649292,0.00012731012892707418
980,0.0005267329106573015,6.0262134075164795,0.2824512794613838,0.0009839922422543168,11.257596969604492,0.023641083389520645,0.25786128640174866,0.00012663148022592377
981,0.0005322331708157435,6.0891406536102295,0.28123870491981506,0.0009826436871662736,11.242169380187988,0.023269757628440857,0.2526620328426361,0.00012595556189800284
982,0.0005273232236504555,6.03296685218811,0.2796164005994797,0.0009849201887845993,11.26821517944336,0.023528292775154114,0.25642454624176025,0.00012528237857597978
983,0.0005271220579743385,6.030665636062622,0.28169914335012436,0.0009891630616039038,11.316757202148438,0.023844022303819656,0.26075002551078796,0.00012461193487377773
984,0.0005281435005599633,6.042351484298706,0.2819753587245941,0.0009844877058640122,11.263265609741211,0.023628748953342438,0.25781190395355225,0.00012394423538654298
985,0.0005259671452222392,6.017452716827393,0.28079767525196075,0.0009819800034165382,11.234577178955078,0.023584825918078423,0.25714725255966187,0.0001232792846906129
986,0.0005295968585414812,6.058978796005249,0.28280921280384064,0.000985508318990469,11.274941444396973,0.02406252920627594,0.2635079026222229,0.000122617087343485
987,0.0005279775650706142,6.040453195571899,0.28378623723983765,0.0009852489456534386,11.27197551727295,0.02375524677336216,0.2594352960586548,0.00012195764788378597
988,0.0005263416387606412,6.021737098693848,0.28254422545433044,0.0009878958808258176,11.302258491516113,0.023942172527313232,0.26199644804000854,0.00012130097083123988
989,0.0005261530459392816,6.019579648971558,0.28266316652297974,0.0009849158814176917,11.268166542053223,0.023681368678808212,0.2585280239582062,0.00012064706068663775
990,0.000526929390616715,6.02846097946167,0.2812609374523163,0.000980944256298244,11.222725868225098,0.02343735285103321,0.2551532983779907,0.00011999592193180642
991,0.0005252153059700504,6.008851408958435,0.28015927970409393,0.0009808044414967299,11.2211275100708,0.02356048859655857,0.25685134530067444,0.0001193475590295782
992,0.0005252887058304623,6.009690761566162,0.2805233895778656,0.0009798622922971845,11.210348129272461,0.02356777712702751,0.2569245994091034,0.00011870197642375958
993,0.0005252793635008857,6.009583234786987,0.28067897260189056,0.0009809349430724978,11.222620010375977,0.023589782416820526,0.2572232484817505,0.00011805917853910158
994,0.000525352472322993,6.010420560836792,0.28166335821151733,0.000984068727120757,11.258472442626953,0.023817094042897224,0.26035231351852417,0.00011741916978126905
995,0.0005255325813777745,6.0124804973602295,0.2819436267018318,0.000984099693596363,11.25882625579834,0.023716527968645096,0.25902706384658813,0.00011678195453681021
996,0.0005262437625788152,6.020617246627808,0.28087231516838074,0.000982483266852796,11.240333557128906,0.02356243133544922,0.25693461298942566,0.00011614753717312706
997,0.000526493473444134,6.0234739780426025,0.28171849250793457,0.0009849055204540491,11.268046379089355,0.023932386189699173,0.2619391679763794,0.00011551592203844503
998,0.0005300907650962472,6.064629793167114,0.2823493182659149,0.0009798140963539481,11.209796905517578,0.023497696965932846,0.2559829652309418,0.00011488711346178371
999,0.000524565955856815,6.001421928405762,0.2800825908780098,0.0009793933713808656,11.20498275756836,0.023543160408735275,0.25662773847579956,0.00011426111575292664
1000,0.0005244561471045017,6.000165939331055,0.28090064227581024,0.000981542281806469,11.229569435119629,0.02371200919151306,0.25895577669143677,0.00011363793320239197
1001,0.0005246945511316881,6.00289249420166,0.2813342213630676,0.0009797033853828907,11.208531379699707,0.023689767345786095,0.25866997241973877,0.00011301757008140304
1002,0.0005291855341056362,6.0542731285095215,0.2813096046447754,0.0009778589010238647,11.187427520751953,0.023385215550661087,0.254469096660614,0.00011240003064185949
1003,0.0005251203256193548,6.007764577865601,0.28052757680416107,0.0009813470533117652,11.227333068847656,0.023795846849679947,0.26014232635498047,0.00011178531911630718
1004,0.0005244480562396348,6.000072717666626,0.28286171704530716,0.0009830555645748973,11.246881484985352,0.02397596836090088,0.2625325918197632,0.0001111734397179102
1005,0.0005243599007371813,5.999064922332764,0.28343963623046875,0.0009836056269705296,11.253173828125,0.0239478200674057,0.26211971044540405,0.00011056439664042159
1006,0.0005258932651486248,6.016607284545898,0.28463953733444214,0.0009848641930148005,11.267572402954102,0.024141786620020866,0.26464346051216125,0.00010995819405815428
1007,0.0005240614555077627,5.995649576187134,0.2841561660170555,0.0009828334441408515,11.244340896606445,0.0238877534866333,0.26129382848739624,0.00010935483612595288
1008,0.0005241225007921457,5.9963483810424805,0.2831982970237732,0.0009823815198615193,11.239171028137207,0.023865310475230217,0.2610090374946594,0.00010875432697916504
1009,0.0005269280081847683,6.028445363044739,0.2817904055118561,0.0009789633331820369,11.200064659118652,0.0233929306268692,0.25457364320755005,0.00010815667073361336
1010,0.0005248498055152595,6.004669427871704,0.28102830052375793,0.0009802277199923992,11.214529037475586,0.023594960570335388,0.2574252784252167,0.00010756187148556673
1011,0.0005240198661340401,5.9951746463775635,0.2812557518482208,0.0009795257356017828,11.206498146057129,0.023643335327506065,0.25809580087661743,0.00010696993331171266
1012,0.0005253884446574375,6.0108323097229,0.28115368634462357,0.0009769676253199577,11.177231788635254,0.023340944200754166,0.25388583540916443,0.00010638086026912896
1013,0.0005261376354610547,6.019402980804443,0.2806495204567909,0.0009790350450202823,11.200884819030762,0.023699576035141945,0.2588809132575989,0.0001057946563952565
1014,0.0005233709671301767,5.987750768661499,0.2813638299703598,0.0009785545989871025,11.195388793945312,0.023575054481625557,0.257158100605011,0.00010521132570787084
1015,0.0005236220313236117,5.9906227588653564,0.2805190086364746,0.0009776639053598046,11.185196876525879,0.023440388962626457,0.25528091192245483,0.00010463087220505528
1016,0.0005242228071438149,5.997496128082275,0.28114400804042816,0.0009792285272851586,11.203097343444824,0.02366563118994236,0.25839963555336,0.00010405329986517322
1017,0.0005240315949777141,5.995308876037598,0.2808939218521118,0.0009770783362910151,11.178498268127441,0.02349178120493889,0.2559966742992401,0.00010347861264684072
1018,0.0005237542354734614,5.992135286331177,0.28147096931934357,0.0009783683344721794,11.193256378173828,0.023710038512945175,0.25899964570999146,0.00010290681448889955
1019,0.0005277442396618426,6.037784099578857,0.2813989818096161,0.0009743903065100312,11.147744178771973,0.0233057402074337,0.2533777356147766,0.00010233790931039032
1020,0.0005300866614561528,6.064582824707031,0.28226688504219055,0.0009782646084204316,11.192069053649902,0.023903904482722282,0.2616427540779114,0.0001017719010105255
1021,0.0005245594657026231,6.001347303390503,0.2837379723787308,0.0009791865013539791,11.202616691589355,0.02400040626525879,0.26290595531463623,0.00010120879346866256
1022,0.0005253843846730888,6.0107855796813965,0.2831287235021591,0.0009763700654730201,11.170395851135254,0.023594461381435394,0.2573866844177246,0.00010064859054427746
1023,0.0005239510792307556,5.994387149810791,0.28185367584228516,0.000977952964603901,11.18850326538086,0.02370758354663849,0.2589433789253235,0.00010009129607693832
1024,0.0005228640366112813,5.981950283050537,0.28138382732868195,0.0009772293269634247,11.180224418640137,0.0235494002699852,0.2568199336528778,9.953691388627918e-05
1025,0.000527892989339307,6.039485692977905,0.2842143774032593,0.0009806648595258594,11.21953010559082,0.023880239576101303,0.2613847255706787,9.898544777197328e-05
1026,0.0005236699216766283,5.991170406341553,0.2827395647764206,0.000976826879195869,11.17562198638916,0.023531071841716766,0.2566251754760742,9.843690151370771e-05
1027,0.0005249538808129728,6.005859613418579,0.2815972715616226,0.0009773565689101815,11.181681632995605,0.023727035149931908,0.2593075633049011,9.789127887115725e-05
1028,0.0005222553008934483,5.974986553192139,0.2817268669605255,0.000976126582827419,11.167609214782715,0.023591777309775352,0.2574182450771332,9.734858358395826e-05
1029,0.0005234181735431775,5.988290548324585,0.2804696038365364,0.0009744521812535822,11.148452758789062,0.023350222036242485,0.25400570034980774,9.680881937168352e-05
1030,0.0005235109128989279,5.989351511001587,0.279239222407341,0.0009737015934661031,11.139864921569824,0.023157361894845963,0.25130072236061096,9.627198993381637e-05
1031,0.0005226532521191984,5.979539632797241,0.2784680724143982,0.0009736569481901824,11.13935375213623,0.023150548338890076,0.25127193331718445,9.573809894972587e-05
1032,0.0005234441778156906,5.988588213920593,0.27854400873184204,0.0009732223115861416,11.134381294250488,0.02315838262438774,0.25141486525535583,9.520715007864097e-05
1033,0.0005221666215220466,5.9739720821380615,0.2787657380104065,0.0009748227312229574,11.152690887451172,0.02344481647014618,0.2554655075073242,9.46791469596257e-05
1034,0.0005222478212090209,5.974900484085083,0.2807035744190216,0.0009757622610777617,11.163440704345703,0.023736461997032166,0.25944089889526367,9.415409321155435e-05
1035,0.0005221807805355638,5.974133253097534,0.28261327743530273,0.0009766608709469438,11.173721313476562,0.023953866213560104,0.2623260021209717,9.363199243308662e-05
1036,0.0005221639876253903,5.973941802978516,0.2835485190153122,0.000976833631284535,11.175698280334473,0.023944620043039322,0.26220691204071045,9.31128482026426e-05
1037,0.0005220600578468293,5.972752571105957,0.2833879590034485,0.000977188698016107,11.17975902557373,0.023845218122005463,0.2608706057071686,9.259666407837888e-05
1038,0.0005222590698394924,5.975029706954956,0.28279997408390045,0.000978352501988411,11.193075180053711,0.023818615823984146,0.2605365514755249,9.208344359816365e-05
1039,0.0005218226579017937,5.970036268234253,0.2824970632791519,0.0009775207145139575,11.183558464050293,0.02374691516160965,0.259555846452713,9.157319027955257e-05
1040,0.000522276692208834,5.975230932235718,0.28120794892311096,0.0009746511932462454,11.150729179382324,0.02352960780262947,0.2565717399120331,9.106590761976478e-05
1041,0.0005215962009970099,5.9674458503723145,0.28073662519454956,0.0009730531019158661,11.132447242736816,0.02357553318142891,0.2572436034679413,9.056159909565868e-05
1042,0.0005222215258982033,5.974599599838257,0.2807307094335556,0.0009709920268505812,11.108865737915039,0.02339201420545578,0.25468844175338745,9.006026816370866e-05
1043,0.0005251045367913321,6.007583379745483,0.28174835443496704,0.0009736483916640282,11.139257431030273,0.023720527067780495,0.25929373502731323,8.956191825998066e-05
1044,0.0005223216721788049,5.975745439529419,0.2815347760915756,0.0009729343582876027,11.131088256835938,0.02348368428647518,0.25601738691329956,8.90665528001092e-05
1045,0.0005214318225625902,5.965565204620361,0.2803574502468109,0.0009737353539094329,11.140251159667969,0.02346136048436165,0.25567570328712463,8.85741751792735e-05
1046,0.0005230073293205351,5.983590126037598,0.28163839876651764,0.0009758883970789611,11.164884567260742,0.02371501550078392,0.2591974139213562,8.808478877217474e-05
1047,0.0005218109727138653,5.969902515411377,0.28260694444179535,0.0009755748324096203,11.161296844482422,0.02377203479409218,0.25998160243034363,8.75983969330127e-05
1048,0.0005209626979194582,5.960197925567627,0.2821153849363327,0.0009734419290907681,11.136895179748535,0.023616615682840347,0.25784745812416077,8.711500299546234e-05
1049,0.0005221376341069117,5.973639726638794,0.2805957645177841,0.0009716043714433908,11.11587142944336,0.02336176112294197,0.2542685568332672,8.663461027265183e-05
1050,0.0005221960891503841,5.974308967590332,0.2794346958398819,0.0009697717032395303,11.094903945922852,0.023199046030640602,0.2519601583480835,8.615722205713893e-05
1051,0.0005210147792240605,5.960793733596802,0.2786252647638321,0.0009697446366772056,11.09459400177002,0.023229874670505524,0.25246554613113403,8.568284162088912e-05
1052,0.0005216544377617538,5.968111991882324,0.27863694727420807,0.0009692542953416705,11.088984489440918,0.02321096695959568,0.2522147595882416,8.521147221525264e-05
1053,0.0005223973421379924,5.976610898971558,0.27980542927980423,0.0009720688685774803,11.121185302734375,0.023549005389213562,0.2570192217826843,8.474311707094275e-05
1054,0.0005210244416957721,5.960904121398926,0.2811722755432129,0.0009726795833557844,11.128171920776367,0.023713335394859314,0.2592189908027649,8.427777939801318e-05
1055,0.0005232940020505339,5.986870527267456,0.28185851126909256,0.0009724305709823966,11.125324249267578,0.023573607206344604,0.25723254680633545,8.381546238583621e-05
1056,0.0005229242815403268,5.982639789581299,0.283079594373703,0.0009758566156961024,11.164521217346191,0.0238969549536705,0.26163673400878906,8.335616920308072e-05
1057,0.0005229304952081293,5.982710838317871,0.28505074977874756,0.0009780919644981623,11.190094947814941,0.024116959422826767,0.26454830169677734,8.289990299769094e-05
1058,0.0005208887159824371,5.959351301193237,0.2841811180114746,0.0009756950312294066,11.162671089172363,0.023862004280090332,0.2611914873123169,8.244666689686438e-05
1059,0.0005201478343224153,5.950875282287598,0.2828255742788315,0.0009737923392094672,11.140904426574707,0.023717517033219337,0.2592772841453552,8.199646400703035e-05
1060,0.0005231433024164289,5.985145568847656,0.28158213198184967,0.0009710205486044288,11.109192848205566,0.023349009454250336,0.2541496157646179,8.154929741382928e-05
1061,0.000520531801157631,5.955268144607544,0.2796224355697632,0.0009709112346172333,11.107940673828125,0.023376276716589928,0.25457853078842163,8.110517018209074e-05
1062,0.0005210318340687081,5.960988759994507,0.28010039031505585,0.0009715772466734052,11.115560531616211,0.023490875959396362,0.25620853900909424,8.066408535581314e-05
1063,0.0005212167889112607,5.963104486465454,0.28140902519226074,0.0009726139833219349,11.127422332763672,0.023621397092938423,0.2580024302005768,8.022604595814239e-05
1064,0.000520186178619042,5.9513139724731445,0.28077714145183563,0.0009709076257422566,11.107900619506836,0.02348310500383377,0.25604772567749023,7.979105499135165e-05
1065,0.0005200441519264132,5.949689269065857,0.28066369891166687,0.0009717597276903689,11.117648124694824,0.02351921796798706,0.25653907656669617,7.935911543682016e-05
1066,0.0005200760060688481,5.950053930282593,0.28025489300489426,0.0009703756077215075,11.101813316345215,0.023403825238347054,0.2549232840538025,7.893023025501332e-05
1067,0.0005201225139899179,5.950585603713989,0.2801331430673599,0.0009711050079204142,11.110158920288086,0.023435644805431366,0.25540977716445923,7.850440238546205e-05
1068,0.0005208634393056855,5.959062576293945,0.27980102598667145,0.0009699531365185976,11.096980094909668,0.02331119403243065,0.2536524832248688,7.808163474674299e-05
1069,0.0005201077728997916,5.950416803359985,0.2792560085654259,0.0009689755970612168,11.085797309875488,0.02328912355005741,0.25334975123405457,7.766193023645818e-05
1070,0.0005200153245823458,5.949359178543091,0.2791782319545746,0.0009682055097073317,11.076986312866211,0.023339368402957916,0.2541208267211914,7.724529173121533e-05
1071,0.0005202445317991078,5.951981544494629,0.2799946367740631,0.0009691586601547897,11.087891578674316,0.023563697934150696,0.2572516202926636,7.683172208660811e-05
1072,0.000519792884006165,5.946814298629761,0.28082752227783203,0.0009689893922768533,11.085954666137695,0.023576803505420685,0.2573935389518738,7.64212241371966e-05
1073,0.0005206453643040732,5.956567049026489,0.2826679199934006,0.0009712498867884278,11.111817359924316,0.023809678852558136,0.2605440616607666,7.601380069648772e-05
1074,0.0005208280781516805,5.958657741546631,0.2839970588684082,0.0009729228331707418,11.130955696105957,0.023983176797628403,0.2628369927406311,7.560945455691606e-05
1075,0.0005230862443568185,5.984492301940918,0.2828858122229576,0.0009697702480480075,11.094887733459473,0.023546122014522552,0.25691431760787964,7.520818848982493e-05
1076,0.0005197498685447499,5.946321964263916,0.28054939955472946,0.0009693372994661331,11.089933395385742,0.023456398397684097,0.2557002305984497,7.481000524544694e-05
1077,0.0005194010445848107,5.942331314086914,0.280194416642189,0.000969492073636502,11.091706275939941,0.02339177392423153,0.25482413172721863,7.441490755288545e-05
1078,0.0005252642586128786,6.009410619735718,0.28313933312892914,0.0009727950673550367,11.12949275970459,0.023767326027154922,0.2600697875022888,7.40228981200958e-05
1079,0.0005210155213717371,5.96080207824707,0.2818758487701416,0.0009696167544461787,11.093132972717285,0.02350405417382717,0.256439208984375,7.363397963386676e-05
1080,0.0005194531986489892,5.942928314208984,0.280443400144577,0.0009686942212283611,11.082576751708984,0.023439660668373108,0.25548845529556274,7.324815475980216e-05
1081,0.0005199846345931292,5.949007987976074,0.2798229604959488,0.0009680158109404147,11.07481575012207,0.023350125178694725,0.2541923224925995,7.286542614230237e-05
1082,0.000520470246556215,5.954563617706299,0.27947941422462463,0.0009671349544078112,11.064738273620605,0.02323901280760765,0.2526245713233948,7.248579640454658e-05
1083,0.0005188909417483956,5.936495542526245,0.27923645079135895,0.0009683251846581697,11.07835578918457,0.02341524511575699,0.25519657135009766,7.21092681484745e-05
1084,0.0005188597860978916,5.936139106750488,0.2804368734359741,0.0009692515595816076,11.088953018188477,0.02353874035179615,0.2569509744644165,7.173584395476858e-05
1085,0.0005191181553527713,5.9390950202941895,0.2811078727245331,0.0009691286250017583,11.087545394897461,0.023601526394486427,0.25781822204589844,7.136552638283643e-05
1086,0.000519299486768432,5.941169261932373,0.28099580854177475,0.0009670418221503496,11.06367301940918,0.02350832149386406,0.256489634513855,7.099831797079326e-05
1087,0.0005190708325244486,5.93855357170105,0.28131572902202606,0.0009672811138443649,11.06640911102295,0.02364019863307476,0.25829124450683594,7.063422123544448e-05
1088,0.0005186581402085721,5.933832168579102,0.2815512418746948,0.0009675711626186967,11.06972885131836,0.023612912744283676,0.25790783762931824,7.027323867226813e-05
1089,0.0005196042329771444,5.944655656814575,0.28221656382083893,0.0009685090044513345,11.08045768737793,0.023724976927042007,0.2594626545906067,6.99153727553985e-05
1090,0.0005190855445107445,5.9387218952178955,0.28264226019382477,0.0009698081994429231,11.095322608947754,0.02375776879489422,0.25992244482040405,6.956062593760838e-05
1091,0.0005203728069318458,5.953449249267578,0.28192511200904846,0.0009686230914667249,11.08176326751709,0.023409239947795868,0.25509345531463623,6.920900065029282e-05
1092,0.0005193279503146186,5.941494941711426,0.2800295203924179,0.0009679946815595031,11.074573516845703,0.023256773129105568,0.2529138922691345,6.886049930345211e-05
1093,0.0005187079659663141,5.934401750564575,0.2787681967020035,0.0009668502607382834,11.061481475830078,0.02322814241051674,0.2525160312652588,6.851512428567553e-05
1094,0.0005183560861041769,5.9303765296936035,0.27898359298706055,0.0009664249373599887,11.056614875793457,0.023342013359069824,0.254164457321167,6.817287796412468e-05
1095,0.0005192974058445543,5.941145420074463,0.27917419373989105,0.0009647323749959469,11.037251472473145,0.023254822939634323,0.25292325019836426,6.783376268451766e-05
1096,0.0005183401081012562,5.930193901062012,0.27924978733062744,0.0009645831887610257,11.035544395446777,0.023377299308776855,0.25468581914901733,6.749778077111247e-05
1097,0.0005182766471989453,5.929467439651489,0.2797831594944,0.0009651128202676773,11.041603088378906,0.023417945951223373,0.2552778422832489,6.716493452669165e-05
1098,0.0005187953502172604,5.935402154922485,0.2799256294965744,0.0009660299401730299,11.052096366882324,0.023394405841827393,0.2549359202384949,6.683522623254604e-05
1099,0.0005196134297875687,5.944761276245117,0.2799263745546341,0.0009668006096035242,11.060914039611816,0.023373976349830627,0.254630446434021,6.650865814845932e-05
1100,0.0005179718718864024,5.925980567932129,0.27990125119686127,0.0009674392640590668,11.068219184875488,0.023483125492930412,0.2562040090560913,6.618523251269263e-05
1101,0.0005183422908885404,5.930218696594238,0.28109149634838104,0.0009683599346317351,11.078752517700195,0.023714672774076462,0.2594160735607147,6.586495154196912e-05
1102,0.0005191845411900431,5.939854383468628,0.2833200544118881,0.0009699934744276106,11.097440719604492,0.023937279358506203,0.2623903155326843,6.554781743145862e-05
1103,0.0005182410677662119,5.929060697555542,0.2831273823976517,0.0009679632494226098,11.074214935302734,0.02380216494202614,0.2605626583099365,6.523383235476278e-05
1104,0.000518509630637709,5.932133197784424,0.2834758758544922,0.0009688465506769717,11.084320068359375,0.023871976882219315,0.261473685503006,6.49229984639003e-05
1105,0.000517788517754525,5.923882484436035,0.2829434722661972,0.0009675847832113504,11.06988525390625,0.023719429969787598,0.2593945860862732,6.461531788929177e-05
1106,0.0005179059808142483,5.925227046012878,0.28185510635375977,0.0009670493891462684,11.063759803771973,0.023590104654431343,0.2576233744621277,6.431079273974535e-05
1107,0.0005183019384276122,5.9297568798065186,0.28069281578063965,0.0009657552000135183,11.048951148986816,0.023374387994408607,0.25460249185562134,6.400942510244239e-05
1108,0.0005184206820558757,5.931114912033081,0.2804275155067444,0.0009669375140219927,11.062479019165039,0.023461658507585526,0.25586962699890137,6.371121704292297e-05
1109,0.000517751817824319,5.9234631061553955,0.2806496024131775,0.0009666122496128082,11.058756828308105,0.023485686630010605,0.2562306523323059,6.341617060507163e-05
1110,0.0005174978723516688,5.920557618141174,0.28052300214767456,0.0009658671915531158,11.050233840942383,0.023460762575268745,0.2559012472629547,6.312428781110369e-05
1111,0.0005183327593840659,5.93010950088501,0.2804918438196182,0.0009640583884902298,11.029539108276367,0.02327749878168106,0.2533004879951477,6.283557066155111e-05
1112,0.0005186279595363885,5.933487057685852,0.2799694910645485,0.0009650525753386319,11.040914535522461,0.023425206542015076,0.2554289698600769,6.255002113524892e-05
1113,0.000517474312800914,5.9202879667282104,0.27998603880405426,0.0009642384829930961,11.031600952148438,0.023351185023784637,0.25437912344932556,6.226764118932163e-05
1114,0.0005182101158425212,5.928706169128418,0.28027720749378204,0.0009652027511037886,11.042631149291992,0.023452244699001312,0.25581759214401245,6.198843275916973e-05
1115,0.0005179780127946287,5.926050901412964,0.281106635928154,0.000965699611697346,11.04831600189209,0.02355870231986046,0.25728172063827515,6.171239775845655e-05
1116,0.0005177416169317439,5.923346519470215,0.28171712160110474,0.000965674000326544,11.048023223876953,0.023616306483745575,0.2580508589744568,6.143953807909508e-05
1117,0.0005172487144591287,5.917706727981567,0.2813367620110512,0.0009645828977227211,11.035541534423828,0.023507390171289444,0.2565312087535858,6.116985559123498e-05
1118,0.0005171251832507551,5.9162938594818115,0.28073665499687195,0.0009644447127357125,11.03395938873291,0.023457160219550133,0.255815327167511,6.090335214324984e-05
1119,0.0005172488454263657,5.917709112167358,0.28054317831993103,0.0009645291138440371,11.034924507141113,0.023461561650037766,0.25588923692703247,6.064002956172453e-05
1120,0.0005172555975150317,5.917786359786987,0.2805462181568146,0.0009644089150242507,11.033550262451172,0.023477990180253983,0.25614452362060547,6.037988965144241e-05
1121,0.0005198704893700778,5.947702169418335,0.2802043706178665,0.0009623615769669414,11.010126113891602,0.02316872403025627,0.2517150044441223,6.012293419537334e-05
1122,0.0005189425719436258,5.937086820602417,0.27957700192928314,0.000963500002399087,11.023151397705078,0.023383595049381256,0.25485068559646606,5.986916495466128e-05
1123,0.0005168446950847283,5.9130847454071045,0.27989068627357483,0.0009634401649236679,11.022467613220215,0.02336842194199562,0.25463610887527466,5.961858366861222e-05
1124,0.0005169747746549547,5.9145731925964355,0.28016112744808197,0.0009637087932787836,11.025540351867676,0.02343801036477089,0.25562119483947754,5.937119205468223e-05
1125,0.0005169095093151554,5.913826584815979,0.28010140359401703,0.0009626359678804874,11.013266563415527,0.023362087085843086,0.25453460216522217,5.91269918084656e-05
1126,0.0005167389463167638,5.911875247955322,0.27988630533218384,0.000962926831562072,11.016593933105469,0.023384470492601395,0.2548445463180542,5.8885984603683615e-05
1127,0.0005168996576685458,5.9137139320373535,0.27974018454551697,0.000962326186709106,11.009721755981445,0.023316562175750732,0.25387895107269287,5.864817209217264e-05
1128,0.0005166778719285503,5.911176800727844,0.27961286157369614,0.000962746562436223,11.014532089233398,0.02336179092526436,0.25453516840934753,5.8413555903872954e-05
1129,0.0005166429182281718,5.910776376724243,0.27973775565624237,0.000962618796620518,11.013069152832031,0.023363731801509857,0.2545763850212097,5.818213764681764e-05
1130,0.0005167128838365898,5.911576747894287,0.2797498255968094,0.0009626897517591715,11.01388168334961,0.023367367684841156,0.25462812185287476,5.795391890712165e-05
1131,0.0005168114730622619,5.912704706192017,0.2803882956504822,0.0009629688574932516,11.017075538635254,0.023487932980060577,0.2563464641571045,5.772890124897052e-05
1132,0.000517411477630958,5.91956901550293,0.280436672270298,0.00096190843032673,11.004941940307617,0.023390434682369232,0.2549581825733185,5.750708621461015e-05
1133,0.0005166219634702429,5.91053569316864,0.2805198132991791,0.000962798367254436,11.015124320983887,0.023504583165049553,0.2565738558769226,5.7288475324335926e-05
1134,0.000516642932780087,5.910776376724243,0.280624695122242,0.000961697194725275,11.00252628326416,0.023441027849912643,0.2556893229484558,5.707307007648245e-05
1135,0.000516428699484095,5.908325672149658,0.2803754508495331,0.0009618457988835871,11.004226684570312,0.023473750799894333,0.2561514973640442,5.686087194741311e-05
1136,0.0005181167362025008,5.927637815475464,0.2818730026483536,0.0009641462820582092,11.030545234680176,0.02364966832101345,0.25859999656677246,5.665188239151017e-05
1137,0.0005165481270523742,5.90969181060791,0.2822132706642151,0.0009650427964515984,11.040802955627441,0.023680131882429123,0.2589886486530304,5.64461028411647e-05
1138,0.0005162503221072257,5.906285047531128,0.2820936292409897,0.0009653652086853981,11.044490814208984,0.02364104427397251,0.2584390640258789,5.624353470676659e-05
1139,0.0005161760636838153,5.905435800552368,0.28158798813819885,0.0009645402897149324,11.035053253173828,0.023554502055048943,0.2572334408760071,5.604417937669519e-05
1140,0.0005167207855265588,5.911667346954346,0.28051725029945374,0.0009635901660658419,11.024182319641113,0.02337462082505226,0.2547069787979126,5.5848038217309645e-05
1141,0.0005187345377635211,5.934706211090088,0.2802811563014984,0.0009610261186026037,10.99484920501709,0.023121993988752365,0.25107139348983765,5.565511257293943e-05
1142,0.0005202035681577399,5.951512813568115,0.2804260179400444,0.0009627216495573521,11.014245986938477,0.02339763194322586,0.25512322783470154,5.546540376587535e-05
1143,0.0005165644979570061,5.9098793268203735,0.27994249761104584,0.0009608516120351851,10.992853164672852,0.023315642029047012,0.25394752621650696,5.5278913096360385e-05
1144,0.0005160623550182208,5.904134273529053,0.2796395421028137,0.0009610771667212248,10.99543285369873,0.023382386192679405,0.25489068031311035,5.509564184258057e-05
1145,0.0005159682332305238,5.90305757522583,0.27995042502880096,0.0009604481165297329,10.988235473632812,0.023396190255880356,0.25506794452667236,5.491559126065666e-05
1146,0.0005159423599252477,5.902761697769165,0.2802688777446747,0.0009608307736925781,10.99261474609375,0.023450711742043495,0.2558361291885376,5.473876258463519e-05
1147,0.0005163745663594455,5.907706022262573,0.2800895720720291,0.000960516044870019,10.989013671875,0.023356040939688683,0.25447240471839905,5.4565157026480045e-05
1148,0.000516746353241615,5.911959171295166,0.279433012008667,0.0009598882752470672,10.981830596923828,0.02325693890452385,0.2530575394630432,5.4394775776064313e-05
1149,0.0005160966975381598,5.904527187347412,0.2795662432909012,0.000961083744186908,10.995508193969727,0.023362725973129272,0.2546176314353943,5.4227620001162025e-05
1150,0.0005178245046408847,5.92429506778717,0.2814398556947708,0.0009632871951907873,11.020715713500977,0.02361788973212242,0.2582126259803772,5.406369084744009e-05
1151,0.0005159458523849025,5.902801990509033,0.28169625997543335,0.0009627197287045419,11.014225006103516,0.023631390184164047,0.25838446617126465,5.3902989438450625e-05
1152,0.0005174140969756991,5.919599652290344,0.2808484435081482,0.0009600874618627131,10.984109878540039,0.023376671597361565,0.2547963857650757,5.374551687562308e-05
1153,0.0005168306233827025,5.912923574447632,0.2797772288322449,0.0009591076523065567,10.972898483276367,0.023219041526317596,0.2525066137313843,5.359127423825671e-05
1154,0.000515920837642625,5.902515649795532,0.27881157398223877,0.0009591038688085973,10.972856521606445,0.023210177198052406,0.2523873746395111,5.344026258351339e-05
1155,0.0005157231644261628,5.900253534317017,0.2788378447294235,0.0009594241273589432,10.976519584655762,0.023260004818439484,0.2531422972679138,5.3292482946410026e-05
1156,0.0005157496780157089,5.900557279586792,0.2797597646713257,0.0009611872956156731,10.996692657470703,0.02343132719397545,0.2556048631668091,5.31479363398117e-05
1157,0.0005154114624019712,5.896687746047974,0.2803262174129486,0.0009612446301616728,10.99734878540039,0.023476317524909973,0.25625208020210266,5.3006623754424726e-05
1158,0.0005169926589587703,5.914777874946594,0.2803613394498825,0.0009596631280146539,10.979254722595215,0.023369189351797104,0.25471529364585876,5.2868546158789644e-05
1159,0.0005162185188964941,5.905921220779419,0.280813992023468,0.0009606885723769665,10.990985870361328,0.023552682250738144,0.25730547308921814,5.2733704499274955e-05
1160,0.0005153784877620637,5.896310329437256,0.2811666429042816,0.0009609302505850792,10.993752479553223,0.023577632382512093,0.25765156745910645,5.260209970007019e-05
1161,0.0005155137478141114,5.897857666015625,0.2810237929224968,0.0009608541149646044,10.992881774902344,0.02350740134716034,0.2566501796245575,5.2473732663179926e-05
1162,0.0005152491939952597,5.894830703735352,0.2807341665029526,0.000961094512604177,10.995630264282227,0.023469997569918633,0.2561158537864685,5.234860426841754e-05
1163,0.0005153316742507741,5.895774960517883,0.28047777712345123,0.0009611307759769261,10.996045112609863,0.023418979719281197,0.2553994655609131,5.2226715373398944e-05
1164,0.0005152100202394649,5.894383430480957,0.280176617205143,0.0009604671504348516,10.988452911376953,0.023411985486745834,0.255321204662323,5.2108066813537e-05
1165,0.0005166964256204665,5.911388397216797,0.28013309091329575,0.0009586989763192832,10.968223571777344,0.023247208446264267,0.25297802686691284,5.199265940203566e-05
1166,0.0005154701066203415,5.897358417510986,0.2789706066250801,0.000958330521825701,10.964010238647461,0.023236898705363274,0.2528337240219116,5.188049392988447e-05
1167,0.0005150454235263169,5.892499923706055,0.27905571460723877,0.0009585003717802465,10.965951919555664,0.023302387446165085,0.25379544496536255,5.1771571165852905e-05
1168,0.0005158307030797005,5.901484251022339,0.2802664637565613,0.0009603293146938086,10.986875534057617,0.023501401767134666,0.25664258003234863,5.1665891856485427e-05
1169,0.0005156193510629237,5.899065971374512,0.28123992681503296,0.0009606788516975939,10.990876197814941,0.0236350204795599,0.2584937512874603,5.156345672609624e-05
1170,0.0005150136857992038,5.892136573791504,0.28167565166950226,0.0009605640661902726,10.989561080932617,0.023608379065990448,0.2581093907356262,5.146426647676422e-05
1171,0.0005148996133357286,5.89083194732666,0.2814236879348755,0.0009601472993381321,10.984793663024902,0.02355099655687809,0.25729405879974365,5.1368321788328216e-05
1172,0.0005150297656655312,5.89232063293457,0.2814045548439026,0.0009603243670426309,10.986821174621582,0.02357410453259945,0.25759056210517883,5.127562331838241e-05
1173,0.0005152051307959482,5.894326686859131,0.28104398399591446,0.0009595327428542078,10.977763175964355,0.02343314327299595,0.25561290979385376,5.118617170227173e-05
1174,0.0005158364801900461,5.901549696922302,0.2801998108625412,0.0009587228996679187,10.968497276306152,0.023267488926649094,0.25326859951019287,5.109996755308749e-05
1175,0.0005148894560988992,5.890715479850769,0.27946800738573074,0.0009590681293047965,10.972447395324707,0.02332153171300888,0.25407516956329346,5.101701146166335e-05
1176,0.0005146673211129382,5.888174295425415,0.27954576164484024,0.0009585412917658687,10.966419219970703,0.023327402770519257,0.2541739344596863,5.093730399657101e-05
1177,0.0005155624239705503,5.898414850234985,0.2796590179204941,0.000957698910497129,10.956782341003418,0.023229293525218964,0.2527669370174408,5.086084570411652e-05
1178,0.000515260297106579,5.894958257675171,0.27953627705574036,0.0009589543915353715,10.971147537231445,0.023406829684972763,0.2553175091743469,5.0787637108336547e-05
1179,0.000514819024829194,5.889909982681274,0.280421182513237,0.0009601333877071738,10.984635353088379,0.023493200540542603,0.2565285265445709,5.071767871099448e-05
1180,0.0005149204807821661,5.89107084274292,0.2804502844810486,0.0009591948473826051,10.973897933959961,0.02341598831117153,0.25540727376937866,5.0650970991577424e-05
1181,0.0005144847236806527,5.886085510253906,0.2802480459213257,0.0009581773774698377,10.96225643157959,0.02341141179203987,0.25533023476600647,5.058751440729254e-05
1182,0.0005146920884726569,5.888457894325256,0.2801399603486061,0.0009577626478858292,10.957511901855469,0.023384470492601395,0.2549445927143097,5.0527309393064295e-05
1183,0.0005147917254362255,5.889597177505493,0.2806191146373749,0.000957976677455008,10.959961891174316,0.02349136956036091,0.256483793258667,5.047035636153093e-05
1184,0.0005144146562088281,5.885283946990967,0.28069642186164856,0.0009573237621225417,10.952491760253906,0.023442342877388,0.25580617785453796,5.0416655703042264e-05
1185,0.0005143208109075204,5.884209394454956,0.28033336997032166,0.0009573851129971445,10.953192710876465,0.023413240909576416,0.25541573762893677,5.036620778565662e-05
1186,0.0005146579060237855,5.888067007064819,0.28068967163562775,0.0009585238294675946,10.96622085571289,0.023485392332077026,0.25644156336784363,5.031901295513829e-05
1187,0.0005145987233845517,5.887389421463013,0.280441090464592,0.0009579505422152579,10.959662437438965,0.023377595469355583,0.2549043595790863,5.027507153495538e-05
1188,0.0005152249941602349,5.894554615020752,0.28089748322963715,0.0009590977570042014,10.972785949707031,0.023472074419260025,0.2562490403652191,5.023438382627749e-05
1189,0.0005146481707924977,5.887954950332642,0.2801690995693207,0.0009577975724823773,10.957911491394043,0.023330187425017357,0.25421029329299927,5.019695010797366e-05
1190,0.0005141590081620961,5.88235878944397,0.27966128289699554,0.0009573986753821373,10.953346252441406,0.02332039549946785,0.25406694412231445,5.01627706366103e-05
1191,0.0005143383459653705,5.884410262107849,0.2793060541152954,0.0009561919723637402,10.939542770385742,0.023239493370056152,0.2529125213623047,5.0131845646449734e-05
1192,0.0005140839930390939,5.881500840187073,0.27909019589424133,0.0009565492509864271,10.94363021850586,0.023254409432411194,0.2531335651874542,5.010417534944839e-05
1193,0.0005151472287252545,5.8936638832092285,0.2790147215127945,0.0009559234022162855,10.936469078063965,0.02318517491221428,0.2521238923072815,5.0079759935255375e-05
1194,0.0005140196662978269,5.880764722824097,0.2787496894598007,0.0009561273618601263,10.938802719116211,0.0232267826795578,0.2527632713317871,5.005859957121122e-05
1195,0.0005143189919181168,5.884189009666443,0.2797173112630844,0.0009571532136760652,10.950540542602539,0.02339906245470047,0.2552509605884552,5.0040694402346674e-05
1196,0.0005139550339663401,5.8800249099731445,0.28037484735250473,0.0009576210868544877,10.955892562866211,0.023469693958759308,0.25625306367874146,5.0026044551381734e-05
1197,0.00051398306095507,5.880345940589905,0.28057339042425156,0.000957515905611217,10.954689025878906,0.02345971018075943,0.25610095262527466,5.001465011872491e-05
1198,0.0005141561123309657,5.882325887680054,0.2802867889404297,0.0009567692177370191,10.946146965026855,0.023375026881694794,0.254893958568573,5.0006511182472296e-05
1199,0.0005138355190865695,5.878657817840576,0.28004835546016693,0.0009570157853886485,10.948966979980469,0.02341586910188198,0.2554579973220825,5.000162779840723e-05
1200,0.0005148931522853673,5.89075779914856,0.2799787223339081,0.0009558851597830653,10.936031341552734,0.023290809243917465,0.25365525484085083,5e-05
