
=== [1/15] Poisson_Steady1D on cuda ===
Poisson_Steady1D/FNO epoch 0001/1200 mode=hybrid loss=3.804e-01/3.644e-01 test_loss=4.021e-01 mse_val=2.959e-01 pde_val=1.370e+00 state_rel=9.868e-01
Poisson_Steady1D/FNO epoch 0100/1200 mode=hybrid loss=5.672e-02/6.481e-02 test_loss=1.057e-01 mse_val=4.235e-02 pde_val=4.492e-01 state_rel=3.958e-01
Poisson_Steady1D/FNO epoch 0200/1200 mode=hybrid loss=3.949e-02/7.249e-02 test_loss=1.477e-01 mse_val=3.813e-02 pde_val=6.872e-01 state_rel=3.584e-01
Poisson_Steady1D/FNO epoch 0300/1200 mode=hybrid loss=2.062e-02/7.090e-02 test_loss=1.721e-01 mse_val=2.416e-02 pde_val=9.349e-01 state_rel=2.823e-01
Poisson_Steady1D/FNO epoch 0400/1200 mode=hybrid loss=1.539e-02/8.323e-02 test_loss=1.762e-01 mse_val=2.082e-02 pde_val=1.248e+00 state_rel=2.652e-01
Poisson_Steady1D/FNO epoch 0500/1200 mode=hybrid loss=1.304e-02/8.988e-02 test_loss=1.889e-01 mse_val=2.022e-02 pde_val=1.393e+00 state_rel=2.577e-01
Poisson_Steady1D/FNO epoch 0600/1200 mode=hybrid loss=1.155e-02/9.237e-02 test_loss=1.931e-01 mse_val=1.930e-02 pde_val=1.461e+00 state_rel=2.545e-01
Poisson_Steady1D/FNO epoch 0700/1200 mode=hybrid loss=1.066e-02/9.624e-02 test_loss=2.050e-01 mse_val=1.878e-02 pde_val=1.549e+00 state_rel=2.534e-01
Poisson_Steady1D/FNO epoch 0800/1200 mode=hybrid loss=1.009e-02/9.960e-02 test_loss=2.097e-01 mse_val=1.900e-02 pde_val=1.612e+00 state_rel=2.541e-01
Poisson_Steady1D/FNO epoch 0900/1200 mode=hybrid loss=9.823e-03/1.006e-01 test_loss=2.120e-01 mse_val=1.876e-02 pde_val=1.636e+00 state_rel=2.530e-01
Poisson_Steady1D/FNO epoch 1000/1200 mode=hybrid loss=9.684e-03/1.012e-01 test_loss=2.140e-01 mse_val=1.866e-02 pde_val=1.651e+00 state_rel=2.523e-01
Poisson_Steady1D/FNO epoch 1100/1200 mode=hybrid loss=9.593e-03/1.020e-01 test_loss=2.168e-01 mse_val=1.880e-02 pde_val=1.664e+00 state_rel=2.529e-01
Poisson_Steady1D/FNO epoch 1200/1200 mode=hybrid loss=9.601e-03/1.022e-01 test_loss=2.169e-01 mse_val=1.871e-02 pde_val=1.669e+00 state_rel=2.528e-01
Poisson_Steady1D/CFNO epoch 0001/1200 mode=hybrid loss=3.476e-01/3.429e-01 test_loss=3.751e-01 mse_val=2.782e-01 pde_val=1.294e+00 state_rel=9.711e-01
Poisson_Steady1D/CFNO epoch 0100/1200 mode=hybrid loss=2.581e-02/2.676e-02 test_loss=6.346e-02 mse_val=1.913e-02 pde_val=1.526e-01 state_rel=2.450e-01
Poisson_Steady1D/CFNO epoch 0200/1200 mode=hybrid loss=1.327e-02/3.588e-02 test_loss=4.359e-02 mse_val=2.145e-02 pde_val=2.885e-01 state_rel=2.878e-01
Poisson_Steady1D/CFNO epoch 0300/1200 mode=hybrid loss=8.351e-03/3.480e-02 test_loss=3.479e-02 mse_val=1.682e-02 pde_val=3.596e-01 state_rel=2.578e-01
Poisson_Steady1D/CFNO epoch 0400/1200 mode=hybrid loss=6.599e-03/3.783e-02 test_loss=3.675e-02 mse_val=1.702e-02 pde_val=4.163e-01 state_rel=2.649e-01
Poisson_Steady1D/CFNO epoch 0500/1200 mode=hybrid loss=4.401e-03/4.138e-02 test_loss=4.326e-02 mse_val=1.782e-02 pde_val=4.712e-01 state_rel=2.671e-01
Poisson_Steady1D/CFNO epoch 0600/1200 mode=hybrid loss=3.592e-03/4.633e-02 test_loss=4.419e-02 mse_val=1.870e-02 pde_val=5.525e-01 state_rel=2.730e-01
Poisson_Steady1D/CFNO epoch 0700/1200 mode=hybrid loss=3.061e-03/4.678e-02 test_loss=4.753e-02 mse_val=1.846e-02 pde_val=5.663e-01 state_rel=2.723e-01
Poisson_Steady1D/CFNO epoch 0800/1200 mode=hybrid loss=2.843e-03/4.888e-02 test_loss=4.548e-02 mse_val=1.859e-02 pde_val=6.056e-01 state_rel=2.728e-01
Poisson_Steady1D/CFNO epoch 0900/1200 mode=hybrid loss=2.621e-03/4.991e-02 test_loss=4.609e-02 mse_val=1.880e-02 pde_val=6.224e-01 state_rel=2.742e-01
Poisson_Steady1D/CFNO epoch 1000/1200 mode=hybrid loss=2.443e-03/5.035e-02 test_loss=4.674e-02 mse_val=1.859e-02 pde_val=6.353e-01 state_rel=2.732e-01
Poisson_Steady1D/CFNO epoch 1100/1200 mode=hybrid loss=2.368e-03/5.064e-02 test_loss=4.725e-02 mse_val=1.858e-02 pde_val=6.412e-01 state_rel=2.729e-01
Poisson_Steady1D/CFNO epoch 1200/1200 mode=hybrid loss=2.330e-03/5.073e-02 test_loss=4.779e-02 mse_val=1.854e-02 pde_val=6.438e-01 state_rel=2.726e-01
Poisson_Steady1D/HF_FNO epoch 0001/1200 mode=hybrid loss=3.553e-01/3.687e-01 test_loss=3.855e-01 mse_val=2.974e-01 pde_val=1.426e+00 state_rel=1.005e+00
Poisson_Steady1D/HF_FNO epoch 0100/1200 mode=hybrid loss=7.450e-02/6.413e-02 test_loss=1.284e-01 mse_val=4.977e-02 pde_val=2.871e-01 state_rel=4.146e-01
Poisson_Steady1D/HF_FNO epoch 0200/1200 mode=hybrid loss=1.990e-02/3.497e-02 test_loss=9.362e-02 mse_val=2.773e-02 pde_val=1.448e-01 state_rel=2.833e-01
Poisson_Steady1D/HF_FNO epoch 0300/1200 mode=hybrid loss=1.039e-02/2.432e-02 test_loss=5.643e-02 mse_val=1.966e-02 pde_val=9.338e-02 state_rel=2.651e-01
Poisson_Steady1D/HF_FNO epoch 0400/1200 mode=hybrid loss=3.579e-03/1.202e-02 test_loss=6.324e-02 mse_val=8.373e-03 pde_val=7.302e-02 state_rel=1.478e-01
Poisson_Steady1D/HF_FNO epoch 0500/1200 mode=hybrid loss=3.144e-03/9.000e-03 test_loss=4.885e-02 mse_val=5.930e-03 pde_val=6.139e-02 state_rel=1.312e-01
Poisson_Steady1D/HF_FNO epoch 0600/1200 mode=hybrid loss=2.764e-03/7.431e-03 test_loss=4.731e-02 mse_val=4.785e-03 pde_val=5.291e-02 state_rel=1.114e-01
Poisson_Steady1D/HF_FNO epoch 0700/1200 mode=hybrid loss=1.697e-03/6.163e-03 test_loss=4.038e-02 mse_val=3.800e-03 pde_val=4.727e-02 state_rel=1.005e-01
Poisson_Steady1D/HF_FNO epoch 0800/1200 mode=hybrid loss=1.445e-03/5.544e-03 test_loss=3.706e-02 mse_val=3.368e-03 pde_val=4.353e-02 state_rel=9.427e-02
Poisson_Steady1D/HF_FNO epoch 0900/1200 mode=hybrid loss=1.288e-03/5.180e-03 test_loss=3.501e-02 mse_val=3.103e-03 pde_val=4.154e-02 state_rel=9.052e-02
Poisson_Steady1D/HF_FNO epoch 1000/1200 mode=hybrid loss=1.212e-03/4.877e-03 test_loss=3.292e-02 mse_val=2.879e-03 pde_val=3.997e-02 state_rel=8.737e-02
Poisson_Steady1D/HF_FNO epoch 1100/1200 mode=hybrid loss=1.181e-03/4.745e-03 test_loss=3.170e-02 mse_val=2.787e-03 pde_val=3.916e-02 state_rel=8.661e-02
Poisson_Steady1D/HF_FNO epoch 1200/1200 mode=hybrid loss=1.149e-03/4.661e-03 test_loss=3.106e-02 mse_val=2.729e-03 pde_val=3.864e-02 state_rel=8.589e-02
Poisson_Steady1D/HF_CFNO epoch 0001/1200 mode=hybrid loss=3.559e-01/3.702e-01 test_loss=3.853e-01 mse_val=2.987e-01 pde_val=1.430e+00 state_rel=1.009e+00
Poisson_Steady1D/HF_CFNO epoch 0100/1200 mode=hybrid loss=6.624e-02/6.174e-02 test_loss=1.360e-01 mse_val=5.572e-02 pde_val=1.205e-01 state_rel=4.434e-01
Poisson_Steady1D/HF_CFNO epoch 0200/1200 mode=hybrid loss=2.103e-02/3.357e-02 test_loss=6.660e-02 mse_val=2.892e-02 pde_val=9.305e-02 state_rel=2.970e-01
Poisson_Steady1D/HF_CFNO epoch 0300/1200 mode=hybrid loss=9.728e-03/3.250e-02 test_loss=6.606e-02 mse_val=2.771e-02 pde_val=9.575e-02 state_rel=2.813e-01
Poisson_Steady1D/HF_CFNO epoch 0400/1200 mode=hybrid loss=3.940e-03/3.036e-02 test_loss=5.021e-02 mse_val=2.540e-02 pde_val=9.919e-02 state_rel=2.464e-01
Poisson_Steady1D/HF_CFNO epoch 0500/1200 mode=hybrid loss=1.520e-03/2.746e-02 test_loss=3.922e-02 mse_val=2.295e-02 pde_val=9.018e-02 state_rel=2.248e-01
Poisson_Steady1D/HF_CFNO epoch 0600/1200 mode=hybrid loss=1.055e-03/2.481e-02 test_loss=3.285e-02 mse_val=2.074e-02 pde_val=8.139e-02 state_rel=2.155e-01
Poisson_Steady1D/HF_CFNO epoch 0700/1200 mode=hybrid loss=6.976e-04/2.363e-02 test_loss=2.977e-02 mse_val=1.987e-02 pde_val=7.524e-02 state_rel=2.061e-01
Poisson_Steady1D/HF_CFNO epoch 0800/1200 mode=hybrid loss=5.725e-04/2.246e-02 test_loss=2.782e-02 mse_val=1.889e-02 pde_val=7.142e-02 state_rel=2.017e-01
Poisson_Steady1D/HF_CFNO epoch 0900/1200 mode=hybrid loss=4.972e-04/2.166e-02 test_loss=2.644e-02 mse_val=1.822e-02 pde_val=6.875e-02 state_rel=1.996e-01
Poisson_Steady1D/HF_CFNO epoch 1000/1200 mode=hybrid loss=4.473e-04/2.126e-02 test_loss=2.569e-02 mse_val=1.790e-02 pde_val=6.711e-02 state_rel=1.974e-01
Poisson_Steady1D/HF_CFNO epoch 1100/1200 mode=hybrid loss=4.258e-04/2.101e-02 test_loss=2.515e-02 mse_val=1.771e-02 pde_val=6.606e-02 state_rel=1.956e-01
Poisson_Steady1D/HF_CFNO epoch 1200/1200 mode=hybrid loss=4.086e-04/2.081e-02 test_loss=2.486e-02 mse_val=1.754e-02 pde_val=6.541e-02 state_rel=1.951e-01

=== [2/15] Poisson_Steady2D on cuda ===
Poisson_Steady2D/FNO epoch 0001/1200 mode=hybrid loss=1.892e-01/1.810e-01 test_loss=1.480e-01 mse_val=1.160e-01 pde_val=1.301e+00 state_rel=9.616e-01
Poisson_Steady2D/FNO epoch 0100/1200 mode=hybrid loss=1.683e-02/2.993e-02 test_loss=1.886e-02 mse_val=7.066e-03 pde_val=4.573e-01 state_rel=2.373e-01
Poisson_Steady2D/FNO epoch 0200/1200 mode=hybrid loss=1.295e-02/2.427e-02 test_loss=1.660e-02 mse_val=5.128e-03 pde_val=3.829e-01 state_rel=2.027e-01
Poisson_Steady2D/FNO epoch 0300/1200 mode=hybrid loss=1.161e-02/2.212e-02 test_loss=1.611e-02 mse_val=4.666e-03 pde_val=3.491e-01 state_rel=1.936e-01
Poisson_Steady2D/FNO epoch 0400/1200 mode=hybrid loss=1.103e-02/2.144e-02 test_loss=1.600e-02 mse_val=4.377e-03 pde_val=3.414e-01 state_rel=1.874e-01
Poisson_Steady2D/FNO epoch 0500/1200 mode=hybrid loss=1.061e-02/2.127e-02 test_loss=1.626e-02 mse_val=4.427e-03 pde_val=3.369e-01 state_rel=1.885e-01
Poisson_Steady2D/FNO epoch 0600/1200 mode=hybrid loss=1.032e-02/2.062e-02 test_loss=1.614e-02 mse_val=4.091e-03 pde_val=3.306e-01 state_rel=1.812e-01
Poisson_Steady2D/FNO epoch 0700/1200 mode=hybrid loss=1.010e-02/2.069e-02 test_loss=1.606e-02 mse_val=4.239e-03 pde_val=3.291e-01 state_rel=1.845e-01
Poisson_Steady2D/FNO epoch 0800/1200 mode=hybrid loss=9.947e-03/2.062e-02 test_loss=1.611e-02 mse_val=4.073e-03 pde_val=3.309e-01 state_rel=1.808e-01
Poisson_Steady2D/FNO epoch 0900/1200 mode=hybrid loss=9.846e-03/2.046e-02 test_loss=1.598e-02 mse_val=4.102e-03 pde_val=3.272e-01 state_rel=1.815e-01
Poisson_Steady2D/FNO epoch 1000/1200 mode=hybrid loss=9.796e-03/2.048e-02 test_loss=1.603e-02 mse_val=4.071e-03 pde_val=3.282e-01 state_rel=1.808e-01
Poisson_Steady2D/FNO epoch 1100/1200 mode=hybrid loss=9.772e-03/2.046e-02 test_loss=1.601e-02 mse_val=4.068e-03 pde_val=3.278e-01 state_rel=1.807e-01
Poisson_Steady2D/FNO epoch 1200/1200 mode=hybrid loss=9.762e-03/2.043e-02 test_loss=1.599e-02 mse_val=4.058e-03 pde_val=3.275e-01 state_rel=1.805e-01
Poisson_Steady2D/CFNO epoch 0001/1200 mode=hybrid loss=1.664e-01/1.670e-01 test_loss=1.294e-01 mse_val=1.111e-01 pde_val=1.117e+00 state_rel=9.382e-01
Poisson_Steady2D/CFNO epoch 0100/1200 mode=hybrid loss=2.168e-03/3.813e-03 test_loss=1.773e-03 mse_val=1.497e-03 pde_val=4.632e-02 state_rel=1.002e-01
Poisson_Steady2D/CFNO epoch 0200/1200 mode=hybrid loss=8.104e-04/1.790e-03 test_loss=1.017e-03 mse_val=2.744e-04 pde_val=3.032e-02 state_rel=4.071e-02
Poisson_Steady2D/CFNO epoch 0300/1200 mode=hybrid loss=2.473e-04/8.042e-04 test_loss=4.161e-04 mse_val=5.791e-05 pde_val=1.492e-02 state_rel=1.946e-02
Poisson_Steady2D/CFNO epoch 0400/1200 mode=hybrid loss=9.785e-05/4.173e-04 test_loss=2.158e-04 mse_val=2.654e-05 pde_val=7.815e-03 state_rel=1.419e-02
Poisson_Steady2D/CFNO epoch 0500/1200 mode=hybrid loss=9.674e-05/3.460e-04 test_loss=1.783e-04 mse_val=3.619e-05 pde_val=6.196e-03 state_rel=1.677e-02
Poisson_Steady2D/CFNO epoch 0600/1200 mode=hybrid loss=5.278e-05/2.377e-04 test_loss=1.245e-04 mse_val=1.785e-05 pde_val=4.398e-03 state_rel=1.170e-02
Poisson_Steady2D/CFNO epoch 0700/1200 mode=hybrid loss=4.449e-05/2.175e-04 test_loss=1.096e-04 mse_val=1.918e-05 pde_val=3.966e-03 state_rel=1.186e-02
Poisson_Steady2D/CFNO epoch 0800/1200 mode=hybrid loss=4.134e-05/2.000e-04 test_loss=1.054e-04 mse_val=1.561e-05 pde_val=3.687e-03 state_rel=1.092e-02
Poisson_Steady2D/CFNO epoch 0900/1200 mode=hybrid loss=3.892e-05/1.951e-04 test_loss=1.010e-04 mse_val=1.693e-05 pde_val=3.563e-03 state_rel=1.119e-02
Poisson_Steady2D/CFNO epoch 1000/1200 mode=hybrid loss=3.791e-05/1.919e-04 test_loss=9.812e-05 mse_val=1.696e-05 pde_val=3.498e-03 state_rel=1.116e-02
Poisson_Steady2D/CFNO epoch 1100/1200 mode=hybrid loss=3.716e-05/1.886e-04 test_loss=9.762e-05 mse_val=1.629e-05 pde_val=3.445e-03 state_rel=1.095e-02
Poisson_Steady2D/CFNO epoch 1200/1200 mode=hybrid loss=3.672e-05/1.878e-04 test_loss=9.662e-05 mse_val=1.661e-05 pde_val=3.424e-03 state_rel=1.102e-02
Poisson_Steady2D/HF_FNO epoch 0001/1200 mode=hybrid loss=1.878e-01/1.870e-01 test_loss=1.545e-01 mse_val=1.188e-01 pde_val=1.363e+00 state_rel=9.738e-01
Poisson_Steady2D/HF_FNO epoch 0100/1200 mode=hybrid loss=1.481e-02/3.220e-02 test_loss=1.534e-02 mse_val=1.066e-02 pde_val=4.306e-01 state_rel=2.811e-01
Poisson_Steady2D/HF_FNO epoch 0200/1200 mode=hybrid loss=2.377e-03/6.304e-03 test_loss=1.974e-03 mse_val=1.025e-03 pde_val=1.056e-01 state_rel=8.580e-02
Poisson_Steady2D/HF_FNO epoch 0300/1200 mode=hybrid loss=1.098e-03/3.001e-03 test_loss=1.093e-03 mse_val=4.544e-04 pde_val=5.094e-02 state_rel=5.607e-02
Poisson_Steady2D/HF_FNO epoch 0400/1200 mode=hybrid loss=6.306e-04/1.868e-03 test_loss=8.124e-04 mse_val=3.321e-04 pde_val=3.072e-02 state_rel=4.911e-02
Poisson_Steady2D/HF_FNO epoch 0500/1200 mode=hybrid loss=4.352e-04/1.322e-03 test_loss=6.220e-04 mse_val=2.301e-04 pde_val=2.184e-02 state_rel=4.030e-02
Poisson_Steady2D/HF_FNO epoch 0600/1200 mode=hybrid loss=3.222e-04/1.049e-03 test_loss=5.061e-04 mse_val=1.949e-04 pde_val=1.708e-02 state_rel=3.714e-02
Poisson_Steady2D/HF_FNO epoch 0700/1200 mode=hybrid loss=2.683e-04/8.887e-04 test_loss=4.306e-04 mse_val=1.735e-04 pde_val=1.430e-02 state_rel=3.502e-02
Poisson_Steady2D/HF_FNO epoch 0800/1200 mode=hybrid loss=2.389e-04/7.900e-04 test_loss=3.902e-04 mse_val=1.604e-04 pde_val=1.259e-02 state_rel=3.389e-02
Poisson_Steady2D/HF_FNO epoch 0900/1200 mode=hybrid loss=2.207e-04/7.405e-04 test_loss=3.642e-04 mse_val=1.529e-04 pde_val=1.175e-02 state_rel=3.305e-02
Poisson_Steady2D/HF_FNO epoch 1000/1200 mode=hybrid loss=2.097e-04/7.014e-04 test_loss=3.501e-04 mse_val=1.472e-04 pde_val=1.108e-02 state_rel=3.250e-02
Poisson_Steady2D/HF_FNO epoch 1100/1200 mode=hybrid loss=2.036e-04/6.801e-04 test_loss=3.391e-04 mse_val=1.438e-04 pde_val=1.073e-02 state_rel=3.216e-02
Poisson_Steady2D/HF_FNO epoch 1200/1200 mode=hybrid loss=1.998e-04/6.657e-04 test_loss=3.340e-04 mse_val=1.421e-04 pde_val=1.047e-02 state_rel=3.199e-02
Poisson_Steady2D/HF_CFNO epoch 0001/1200 mode=hybrid loss=1.827e-01/1.944e-01 test_loss=1.571e-01 mse_val=1.260e-01 pde_val=1.368e+00 state_rel=1.002e+00
Poisson_Steady2D/HF_CFNO epoch 0100/1200 mode=hybrid loss=3.436e-03/6.338e-03 test_loss=3.388e-03 mse_val=2.419e-03 pde_val=7.837e-02 state_rel=1.262e-01
Poisson_Steady2D/HF_CFNO epoch 0200/1200 mode=hybrid loss=6.337e-04/1.323e-03 test_loss=4.648e-04 mse_val=3.835e-04 pde_val=1.879e-02 state_rel=4.794e-02
Poisson_Steady2D/HF_CFNO epoch 0300/1200 mode=hybrid loss=2.641e-04/5.777e-04 test_loss=1.854e-04 mse_val=1.521e-04 pde_val=8.512e-03 state_rel=3.050e-02
Poisson_Steady2D/HF_CFNO epoch 0400/1200 mode=hybrid loss=1.507e-04/3.646e-04 test_loss=1.416e-04 mse_val=1.120e-04 pde_val=5.053e-03 state_rel=2.691e-02
Poisson_Steady2D/HF_CFNO epoch 0500/1200 mode=hybrid loss=9.271e-05/2.557e-04 test_loss=9.073e-05 mse_val=7.515e-05 pde_val=3.610e-03 state_rel=2.071e-02
Poisson_Steady2D/HF_CFNO epoch 0600/1200 mode=hybrid loss=6.503e-05/1.963e-04 test_loss=7.966e-05 mse_val=5.385e-05 pde_val=2.849e-03 state_rel=1.783e-02
Poisson_Steady2D/HF_CFNO epoch 0700/1200 mode=hybrid loss=5.427e-05/1.681e-04 test_loss=7.036e-05 mse_val=4.828e-05 pde_val=2.396e-03 state_rel=1.675e-02
Poisson_Steady2D/HF_CFNO epoch 0800/1200 mode=hybrid loss=4.181e-05/1.482e-04 test_loss=6.821e-05 mse_val=4.122e-05 pde_val=2.139e-03 state_rel=1.620e-02
Poisson_Steady2D/HF_CFNO epoch 0900/1200 mode=hybrid loss=3.571e-05/1.357e-04 test_loss=6.059e-05 mse_val=3.863e-05 pde_val=1.942e-03 state_rel=1.503e-02
Poisson_Steady2D/HF_CFNO epoch 1000/1200 mode=hybrid loss=3.276e-05/1.272e-04 test_loss=5.836e-05 mse_val=3.524e-05 pde_val=1.839e-03 state_rel=1.445e-02
Poisson_Steady2D/HF_CFNO epoch 1100/1200 mode=hybrid loss=3.099e-05/1.236e-04 test_loss=5.705e-05 mse_val=3.445e-05 pde_val=1.783e-03 state_rel=1.430e-02
Poisson_Steady2D/HF_CFNO epoch 1200/1200 mode=hybrid loss=2.977e-05/1.207e-04 test_loss=5.624e-05 mse_val=3.367e-05 pde_val=1.741e-03 state_rel=1.411e-02

=== [3/15] Wave_Transient1D on cuda ===
Wave_Transient1D/FNO epoch 0001/1200 mode=hybrid loss=1.513e+02/1.465e+02 test_loss=2.038e+02 mse_val=2.775e-01 pde_val=2.924e+03 state_rel=1.744e+00
Wave_Transient1D/FNO epoch 0100/1200 mode=hybrid loss=5.164e+01/7.118e+01 test_loss=6.293e+01 mse_val=1.089e-01 pde_val=1.421e+03 state_rel=1.086e+00
Wave_Transient1D/FNO epoch 0200/1200 mode=hybrid loss=3.187e+01/4.425e+01 test_loss=4.815e+01 mse_val=8.296e-02 pde_val=8.834e+02 state_rel=9.481e-01
Wave_Transient1D/FNO epoch 0300/1200 mode=hybrid loss=2.716e+01/3.833e+01 test_loss=4.637e+01 mse_val=7.964e-02 pde_val=7.649e+02 state_rel=9.291e-01
Wave_Transient1D/FNO epoch 0400/1200 mode=hybrid loss=2.525e+01/3.706e+01 test_loss=4.491e+01 mse_val=7.804e-02 pde_val=7.396e+02 state_rel=9.194e-01
Wave_Transient1D/FNO epoch 0500/1200 mode=hybrid loss=2.416e+01/3.610e+01 test_loss=4.385e+01 mse_val=7.814e-02 pde_val=7.204e+02 state_rel=9.211e-01
Wave_Transient1D/FNO epoch 0600/1200 mode=hybrid loss=2.298e+01/3.655e+01 test_loss=4.333e+01 mse_val=7.766e-02 pde_val=7.295e+02 state_rel=9.176e-01
Wave_Transient1D/FNO epoch 0700/1200 mode=hybrid loss=2.234e+01/3.853e+01 test_loss=4.308e+01 mse_val=7.756e-02 pde_val=7.690e+02 state_rel=9.181e-01
Wave_Transient1D/FNO epoch 0800/1200 mode=hybrid loss=2.203e+01/4.171e+01 test_loss=4.460e+01 mse_val=7.740e-02 pde_val=8.326e+02 state_rel=9.166e-01
Wave_Transient1D/FNO epoch 0900/1200 mode=hybrid loss=2.177e+01/4.309e+01 test_loss=4.522e+01 mse_val=7.772e-02 pde_val=8.602e+02 state_rel=9.182e-01
Wave_Transient1D/FNO epoch 1000/1200 mode=hybrid loss=2.160e+01/4.409e+01 test_loss=4.590e+01 mse_val=7.797e-02 pde_val=8.803e+02 state_rel=9.198e-01
Wave_Transient1D/FNO epoch 1100/1200 mode=hybrid loss=2.152e+01/4.381e+01 test_loss=4.672e+01 mse_val=7.802e-02 pde_val=8.747e+02 state_rel=9.200e-01
Wave_Transient1D/FNO epoch 1200/1200 mode=hybrid loss=2.146e+01/4.400e+01 test_loss=4.745e+01 mse_val=7.806e-02 pde_val=8.784e+02 state_rel=9.202e-01
Wave_Transient1D/CFNO epoch 0001/1200 mode=hybrid loss=1.510e+02/1.463e+02 test_loss=2.035e+02 mse_val=2.771e-01 pde_val=2.921e+03 state_rel=1.743e+00
Wave_Transient1D/CFNO epoch 0100/1200 mode=hybrid loss=3.952e+01/5.521e+01 test_loss=5.273e+01 mse_val=1.175e-01 pde_val=1.102e+03 state_rel=1.126e+00
Wave_Transient1D/CFNO epoch 0200/1200 mode=hybrid loss=1.810e+01/2.658e+01 test_loss=2.992e+01 mse_val=1.092e-01 pde_val=5.295e+02 state_rel=1.092e+00
Wave_Transient1D/CFNO epoch 0300/1200 mode=hybrid loss=1.423e+01/1.920e+01 test_loss=2.293e+01 mse_val=1.121e-01 pde_val=3.817e+02 state_rel=1.101e+00
Wave_Transient1D/CFNO epoch 0400/1200 mode=hybrid loss=1.332e+01/1.819e+01 test_loss=2.151e+01 mse_val=1.029e-01 pde_val=3.617e+02 state_rel=1.055e+00
Wave_Transient1D/CFNO epoch 0500/1200 mode=hybrid loss=1.291e+01/1.863e+01 test_loss=2.092e+01 mse_val=1.035e-01 pde_val=3.706e+02 state_rel=1.062e+00
Wave_Transient1D/CFNO epoch 0600/1200 mode=hybrid loss=1.276e+01/1.864e+01 test_loss=2.000e+01 mse_val=1.004e-01 pde_val=3.708e+02 state_rel=1.047e+00
Wave_Transient1D/CFNO epoch 0700/1200 mode=hybrid loss=1.234e+01/1.854e+01 test_loss=2.000e+01 mse_val=9.983e-02 pde_val=3.687e+02 state_rel=1.045e+00
Wave_Transient1D/CFNO epoch 0800/1200 mode=hybrid loss=1.213e+01/1.845e+01 test_loss=1.937e+01 mse_val=9.896e-02 pde_val=3.670e+02 state_rel=1.041e+00
Wave_Transient1D/CFNO epoch 0900/1200 mode=hybrid loss=1.195e+01/1.874e+01 test_loss=1.927e+01 mse_val=9.788e-02 pde_val=3.729e+02 state_rel=1.035e+00
Wave_Transient1D/CFNO epoch 1000/1200 mode=hybrid loss=1.177e+01/1.841e+01 test_loss=1.897e+01 mse_val=9.814e-02 pde_val=3.662e+02 state_rel=1.037e+00
Wave_Transient1D/CFNO epoch 1100/1200 mode=hybrid loss=1.172e+01/1.827e+01 test_loss=1.885e+01 mse_val=9.825e-02 pde_val=3.634e+02 state_rel=1.037e+00
Wave_Transient1D/CFNO epoch 1200/1200 mode=hybrid loss=1.169e+01/1.830e+01 test_loss=1.879e+01 mse_val=9.828e-02 pde_val=3.640e+02 state_rel=1.037e+00
Wave_Transient1D/HF_FNO epoch 0001/1200 mode=hybrid loss=1.515e+02/1.478e+02 test_loss=2.060e+02 mse_val=2.856e-01 pde_val=2.951e+03 state_rel=1.771e+00
Wave_Transient1D/HF_FNO epoch 0100/1200 mode=hybrid loss=4.410e+01/6.353e+01 test_loss=6.244e+01 mse_val=2.198e-01 pde_val=1.266e+03 state_rel=1.541e+00
Wave_Transient1D/HF_FNO epoch 0200/1200 mode=hybrid loss=1.920e+01/3.049e+01 test_loss=2.698e+01 mse_val=1.790e-01 pde_val=6.063e+02 state_rel=1.342e+00
Wave_Transient1D/HF_FNO epoch 0300/1200 mode=hybrid loss=1.161e+01/2.236e+01 test_loss=1.893e+01 mse_val=1.497e-01 pde_val=4.442e+02 state_rel=1.184e+00
Wave_Transient1D/HF_FNO epoch 0400/1200 mode=hybrid loss=8.630e+00/1.625e+01 test_loss=1.418e+01 mse_val=1.377e-01 pde_val=3.222e+02 state_rel=1.123e+00
Wave_Transient1D/HF_FNO epoch 0500/1200 mode=hybrid loss=6.847e+00/1.334e+01 test_loss=1.170e+01 mse_val=1.300e-01 pde_val=2.642e+02 state_rel=1.089e+00
Wave_Transient1D/HF_FNO epoch 0600/1200 mode=hybrid loss=5.777e+00/1.212e+01 test_loss=1.040e+01 mse_val=1.249e-01 pde_val=2.398e+02 state_rel=1.070e+00
Wave_Transient1D/HF_FNO epoch 0700/1200 mode=hybrid loss=5.107e+00/1.112e+01 test_loss=9.461e+00 mse_val=1.210e-01 pde_val=2.199e+02 state_rel=1.053e+00
Wave_Transient1D/HF_FNO epoch 0800/1200 mode=hybrid loss=4.597e+00/1.013e+01 test_loss=8.676e+00 mse_val=1.174e-01 pde_val=2.002e+02 state_rel=1.039e+00
Wave_Transient1D/HF_FNO epoch 0900/1200 mode=hybrid loss=4.176e+00/9.576e+00 test_loss=8.158e+00 mse_val=1.148e-01 pde_val=1.892e+02 state_rel=1.028e+00
Wave_Transient1D/HF_FNO epoch 1000/1200 mode=hybrid loss=3.898e+00/9.090e+00 test_loss=7.756e+00 mse_val=1.125e-01 pde_val=1.796e+02 state_rel=1.017e+00
Wave_Transient1D/HF_FNO epoch 1100/1200 mode=hybrid loss=3.714e+00/8.889e+00 test_loss=7.525e+00 mse_val=1.113e-01 pde_val=1.756e+02 state_rel=1.011e+00
Wave_Transient1D/HF_FNO epoch 1200/1200 mode=hybrid loss=3.594e+00/8.685e+00 test_loss=7.353e+00 mse_val=1.103e-01 pde_val=1.715e+02 state_rel=1.007e+00
Wave_Transient1D/HF_CFNO epoch 0001/1200 mode=hybrid loss=1.515e+02/1.478e+02 test_loss=2.059e+02 mse_val=2.818e-01 pde_val=2.951e+03 state_rel=1.759e+00
Wave_Transient1D/HF_CFNO epoch 0100/1200 mode=hybrid loss=2.126e+01/3.201e+01 test_loss=2.622e+01 mse_val=1.225e-01 pde_val=6.377e+02 state_rel=1.152e+00
Wave_Transient1D/HF_CFNO epoch 0200/1200 mode=hybrid loss=5.400e+00/7.880e+00 test_loss=8.833e+00 mse_val=8.672e-02 pde_val=1.559e+02 state_rel=9.231e-01
Wave_Transient1D/HF_CFNO epoch 0300/1200 mode=hybrid loss=3.340e+00/6.147e+00 test_loss=6.232e+00 mse_val=5.705e-02 pde_val=1.218e+02 state_rel=7.592e-01
Wave_Transient1D/HF_CFNO epoch 0400/1200 mode=hybrid loss=2.307e+00/5.087e+00 test_loss=4.580e+00 mse_val=3.958e-02 pde_val=1.009e+02 state_rel=6.246e-01
Wave_Transient1D/HF_CFNO epoch 0500/1200 mode=hybrid loss=1.629e+00/4.221e+00 test_loss=3.465e+00 mse_val=3.089e-02 pde_val=8.380e+01 state_rel=5.477e-01
Wave_Transient1D/HF_CFNO epoch 0600/1200 mode=hybrid loss=1.270e+00/3.557e+00 test_loss=2.790e+00 mse_val=2.597e-02 pde_val=7.062e+01 state_rel=4.993e-01
Wave_Transient1D/HF_CFNO epoch 0700/1200 mode=hybrid loss=1.075e+00/3.060e+00 test_loss=2.374e+00 mse_val=2.322e-02 pde_val=6.073e+01 state_rel=4.767e-01
Wave_Transient1D/HF_CFNO epoch 0800/1200 mode=hybrid loss=8.451e-01/2.747e+00 test_loss=2.101e+00 mse_val=1.928e-02 pde_val=5.456e+01 state_rel=4.335e-01
Wave_Transient1D/HF_CFNO epoch 0900/1200 mode=hybrid loss=7.232e-01/2.472e+00 test_loss=1.894e+00 mse_val=1.696e-02 pde_val=4.909e+01 state_rel=4.100e-01
Wave_Transient1D/HF_CFNO epoch 1000/1200 mode=hybrid loss=6.333e-01/2.265e+00 test_loss=1.736e+00 mse_val=1.515e-02 pde_val=4.500e+01 state_rel=3.886e-01
Wave_Transient1D/HF_CFNO epoch 1100/1200 mode=hybrid loss=5.854e-01/2.140e+00 test_loss=1.624e+00 mse_val=1.426e-02 pde_val=4.251e+01 state_rel=3.792e-01
Wave_Transient1D/HF_CFNO epoch 1200/1200 mode=hybrid loss=5.524e-01/2.052e+00 test_loss=1.565e+00 mse_val=1.363e-02 pde_val=4.076e+01 state_rel=3.716e-01

=== [4/15] KdV_Steady1D on cuda ===
KdV_Steady1D/FNO epoch 0001/1200 mode=hybrid loss=3.896e-01/4.565e-01 test_loss=3.108e-01 mse_val=4.047e-01 pde_val=1.036e+00 state_rel=9.881e-01
KdV_Steady1D/FNO epoch 0100/1200 mode=hybrid loss=1.516e-01/2.563e-01 test_loss=1.491e-01 mse_val=1.966e-01 pde_val=1.194e+00 state_rel=7.001e-01
KdV_Steady1D/FNO epoch 0200/1200 mode=hybrid loss=1.337e-01/2.597e-01 test_loss=1.645e-01 mse_val=1.867e-01 pde_val=1.461e+00 state_rel=6.816e-01
KdV_Steady1D/FNO epoch 0300/1200 mode=hybrid loss=1.251e-01/2.868e-01 test_loss=1.728e-01 mse_val=1.833e-01 pde_val=2.069e+00 state_rel=6.760e-01
KdV_Steady1D/FNO epoch 0400/1200 mode=hybrid loss=1.158e-01/3.213e-01 test_loss=1.796e-01 mse_val=1.822e-01 pde_val=2.782e+00 state_rel=6.750e-01
KdV_Steady1D/FNO epoch 0500/1200 mode=hybrid loss=1.090e-01/3.547e-01 test_loss=2.020e-01 mse_val=1.831e-01 pde_val=3.432e+00 state_rel=6.759e-01
KdV_Steady1D/FNO epoch 0600/1200 mode=hybrid loss=1.049e-01/4.048e-01 test_loss=2.174e-01 mse_val=1.836e-01 pde_val=4.424e+00 state_rel=6.776e-01
KdV_Steady1D/FNO epoch 0700/1200 mode=hybrid loss=1.015e-01/4.450e-01 test_loss=2.377e-01 mse_val=1.822e-01 pde_val=5.257e+00 state_rel=6.753e-01
KdV_Steady1D/FNO epoch 0800/1200 mode=hybrid loss=9.934e-02/4.788e-01 test_loss=2.608e-01 mse_val=1.827e-01 pde_val=5.922e+00 state_rel=6.747e-01
KdV_Steady1D/FNO epoch 0900/1200 mode=hybrid loss=9.827e-02/4.988e-01 test_loss=2.787e-01 mse_val=1.829e-01 pde_val=6.318e+00 state_rel=6.753e-01
KdV_Steady1D/FNO epoch 1000/1200 mode=hybrid loss=9.724e-02/5.136e-01 test_loss=2.927e-01 mse_val=1.828e-01 pde_val=6.617e+00 state_rel=6.752e-01
KdV_Steady1D/FNO epoch 1100/1200 mode=hybrid loss=9.681e-02/5.205e-01 test_loss=3.019e-01 mse_val=1.830e-01 pde_val=6.752e+00 state_rel=6.754e-01
KdV_Steady1D/FNO epoch 1200/1200 mode=hybrid loss=9.659e-02/5.259e-01 test_loss=3.070e-01 mse_val=1.831e-01 pde_val=6.857e+00 state_rel=6.755e-01
KdV_Steady1D/CFNO epoch 0001/1200 mode=hybrid loss=3.659e-01/4.553e-01 test_loss=2.894e-01 mse_val=4.026e-01 pde_val=1.054e+00 state_rel=1.002e+00
KdV_Steady1D/CFNO epoch 0100/1200 mode=hybrid loss=1.150e-01/2.473e-01 test_loss=2.039e-01 mse_val=1.862e-01 pde_val=1.223e+00 state_rel=6.884e-01
KdV_Steady1D/CFNO epoch 0200/1200 mode=hybrid loss=6.990e-02/3.052e-01 test_loss=3.322e-01 mse_val=1.845e-01 pde_val=2.414e+00 state_rel=6.760e-01
KdV_Steady1D/CFNO epoch 0300/1200 mode=hybrid loss=5.479e-02/3.769e-01 test_loss=4.490e-01 mse_val=2.112e-01 pde_val=3.315e+00 state_rel=7.024e-01
KdV_Steady1D/CFNO epoch 0400/1200 mode=hybrid loss=4.312e-02/4.541e-01 test_loss=5.336e-01 mse_val=2.311e-01 pde_val=4.459e+00 state_rel=7.248e-01
KdV_Steady1D/CFNO epoch 0500/1200 mode=hybrid loss=3.851e-02/5.586e-01 test_loss=5.924e-01 mse_val=2.458e-01 pde_val=6.256e+00 state_rel=7.429e-01
KdV_Steady1D/CFNO epoch 0600/1200 mode=hybrid loss=3.313e-02/6.300e-01 test_loss=6.436e-01 mse_val=2.556e-01 pde_val=7.487e+00 state_rel=7.500e-01
KdV_Steady1D/CFNO epoch 0700/1200 mode=hybrid loss=2.943e-02/6.781e-01 test_loss=6.809e-01 mse_val=2.693e-01 pde_val=8.177e+00 state_rel=7.639e-01
KdV_Steady1D/CFNO epoch 0800/1200 mode=hybrid loss=2.736e-02/7.359e-01 test_loss=7.227e-01 mse_val=2.806e-01 pde_val=9.106e+00 state_rel=7.752e-01
KdV_Steady1D/CFNO epoch 0900/1200 mode=hybrid loss=2.583e-02/7.691e-01 test_loss=7.590e-01 mse_val=2.865e-01 pde_val=9.652e+00 state_rel=7.806e-01
KdV_Steady1D/CFNO epoch 1000/1200 mode=hybrid loss=2.496e-02/7.830e-01 test_loss=7.837e-01 mse_val=2.879e-01 pde_val=9.902e+00 state_rel=7.824e-01
KdV_Steady1D/CFNO epoch 1100/1200 mode=hybrid loss=2.442e-02/7.987e-01 test_loss=8.071e-01 mse_val=2.907e-01 pde_val=1.016e+01 state_rel=7.850e-01
KdV_Steady1D/CFNO epoch 1200/1200 mode=hybrid loss=2.404e-02/8.085e-01 test_loss=8.237e-01 mse_val=2.928e-01 pde_val=1.031e+01 state_rel=7.872e-01
KdV_Steady1D/HF_FNO epoch 0001/1200 mode=hybrid loss=3.663e-01/4.580e-01 test_loss=2.936e-01 mse_val=4.041e-01 pde_val=1.077e+00 state_rel=1.004e+00
KdV_Steady1D/HF_FNO epoch 0100/1200 mode=hybrid loss=1.524e-01/2.118e-01 test_loss=1.343e-01 mse_val=1.863e-01 pde_val=5.095e-01 state_rel=6.923e-01
KdV_Steady1D/HF_FNO epoch 0200/1200 mode=hybrid loss=6.773e-02/2.674e-01 test_loss=1.493e-01 mse_val=2.027e-01 pde_val=1.295e+00 state_rel=7.065e-01
KdV_Steady1D/HF_FNO epoch 0300/1200 mode=hybrid loss=2.394e-02/2.725e-01 test_loss=8.996e-02 mse_val=2.034e-01 pde_val=1.382e+00 state_rel=6.832e-01
KdV_Steady1D/HF_FNO epoch 0400/1200 mode=hybrid loss=1.037e-02/3.091e-01 test_loss=8.998e-02 mse_val=2.315e-01 pde_val=1.551e+00 state_rel=7.376e-01
KdV_Steady1D/HF_FNO epoch 0500/1200 mode=hybrid loss=5.907e-03/3.529e-01 test_loss=1.009e-01 mse_val=2.645e-01 pde_val=1.768e+00 state_rel=7.912e-01
KdV_Steady1D/HF_FNO epoch 0600/1200 mode=hybrid loss=4.178e-03/3.837e-01 test_loss=1.114e-01 mse_val=2.881e-01 pde_val=1.911e+00 state_rel=8.279e-01
KdV_Steady1D/HF_FNO epoch 0700/1200 mode=hybrid loss=3.234e-03/4.036e-01 test_loss=1.211e-01 mse_val=2.993e-01 pde_val=2.086e+00 state_rel=8.441e-01
KdV_Steady1D/HF_FNO epoch 0800/1200 mode=hybrid loss=2.741e-03/4.171e-01 test_loss=1.284e-01 mse_val=3.075e-01 pde_val=2.192e+00 state_rel=8.556e-01
KdV_Steady1D/HF_FNO epoch 0900/1200 mode=hybrid loss=2.463e-03/4.254e-01 test_loss=1.331e-01 mse_val=3.124e-01 pde_val=2.259e+00 state_rel=8.625e-01
KdV_Steady1D/HF_FNO epoch 1000/1200 mode=hybrid loss=2.305e-03/4.305e-01 test_loss=1.359e-01 mse_val=3.155e-01 pde_val=2.299e+00 state_rel=8.668e-01
KdV_Steady1D/HF_FNO epoch 1100/1200 mode=hybrid loss=2.217e-03/4.333e-01 test_loss=1.377e-01 mse_val=3.172e-01 pde_val=2.322e+00 state_rel=8.691e-01
KdV_Steady1D/HF_FNO epoch 1200/1200 mode=hybrid loss=2.159e-03/4.352e-01 test_loss=1.390e-01 mse_val=3.183e-01 pde_val=2.337e+00 state_rel=8.705e-01
KdV_Steady1D/HF_CFNO epoch 0001/1200 mode=hybrid loss=3.670e-01/4.572e-01 test_loss=2.953e-01 mse_val=4.033e-01 pde_val=1.078e+00 state_rel=1.000e+00
KdV_Steady1D/HF_CFNO epoch 0100/1200 mode=hybrid loss=1.392e-01/2.335e-01 test_loss=1.676e-01 mse_val=2.123e-01 pde_val=4.245e-01 state_rel=7.509e-01
KdV_Steady1D/HF_CFNO epoch 0200/1200 mode=hybrid loss=3.248e-02/2.212e-01 test_loss=1.272e-01 mse_val=1.816e-01 pde_val=7.927e-01 state_rel=6.601e-01
KdV_Steady1D/HF_CFNO epoch 0300/1200 mode=hybrid loss=8.211e-03/2.680e-01 test_loss=1.201e-01 mse_val=2.247e-01 pde_val=8.647e-01 state_rel=7.229e-01
KdV_Steady1D/HF_CFNO epoch 0400/1200 mode=hybrid loss=2.883e-03/2.673e-01 test_loss=1.203e-01 mse_val=2.347e-01 pde_val=6.507e-01 state_rel=7.447e-01
KdV_Steady1D/HF_CFNO epoch 0500/1200 mode=hybrid loss=1.588e-03/2.669e-01 test_loss=1.242e-01 mse_val=2.392e-01 pde_val=5.523e-01 state_rel=7.567e-01
KdV_Steady1D/HF_CFNO epoch 0600/1200 mode=hybrid loss=1.082e-03/2.675e-01 test_loss=1.276e-01 mse_val=2.421e-01 pde_val=5.070e-01 state_rel=7.643e-01
KdV_Steady1D/HF_CFNO epoch 0700/1200 mode=hybrid loss=7.797e-04/2.677e-01 test_loss=1.283e-01 mse_val=2.436e-01 pde_val=4.816e-01 state_rel=7.681e-01
KdV_Steady1D/HF_CFNO epoch 0800/1200 mode=hybrid loss=6.401e-04/2.683e-01 test_loss=1.292e-01 mse_val=2.449e-01 pde_val=4.669e-01 state_rel=7.710e-01
KdV_Steady1D/HF_CFNO epoch 0900/1200 mode=hybrid loss=5.545e-04/2.682e-01 test_loss=1.294e-01 mse_val=2.454e-01 pde_val=4.558e-01 state_rel=7.721e-01
KdV_Steady1D/HF_CFNO epoch 1000/1200 mode=hybrid loss=5.060e-04/2.682e-01 test_loss=1.298e-01 mse_val=2.457e-01 pde_val=4.492e-01 state_rel=7.730e-01
KdV_Steady1D/HF_CFNO epoch 1100/1200 mode=hybrid loss=4.790e-04/2.682e-01 test_loss=1.298e-01 mse_val=2.459e-01 pde_val=4.453e-01 state_rel=7.733e-01
KdV_Steady1D/HF_CFNO epoch 1200/1200 mode=hybrid loss=4.617e-04/2.682e-01 test_loss=1.300e-01 mse_val=2.461e-01 pde_val=4.426e-01 state_rel=7.737e-01

=== [5/15] KdV_Steady2D on cuda ===
KdV_Steady2D/FNO epoch 0001/1200 mode=hybrid loss=1.680e-01/1.804e-01 test_loss=9.797e-02 mse_val=1.159e-01 pde_val=1.291e+00 state_rel=1.036e+00
KdV_Steady2D/FNO epoch 0100/1200 mode=hybrid loss=1.146e-01/1.365e-01 test_loss=6.862e-02 mse_val=9.757e-02 pde_val=7.791e-01 state_rel=1.151e+00
KdV_Steady2D/FNO epoch 0200/1200 mode=hybrid loss=1.126e-01/1.391e-01 test_loss=7.083e-02 mse_val=9.969e-02 pde_val=7.883e-01 state_rel=1.196e+00
KdV_Steady2D/FNO epoch 0300/1200 mode=hybrid loss=1.098e-01/1.386e-01 test_loss=6.932e-02 mse_val=9.777e-02 pde_val=8.175e-01 state_rel=1.200e+00
KdV_Steady2D/FNO epoch 0400/1200 mode=hybrid loss=1.095e-01/1.382e-01 test_loss=6.865e-02 mse_val=9.656e-02 pde_val=8.332e-01 state_rel=1.187e+00
KdV_Steady2D/FNO epoch 0500/1200 mode=hybrid loss=1.091e-01/1.395e-01 test_loss=6.797e-02 mse_val=9.587e-02 pde_val=8.732e-01 state_rel=1.188e+00
KdV_Steady2D/FNO epoch 0600/1200 mode=hybrid loss=1.082e-01/1.513e-01 test_loss=7.032e-02 mse_val=9.858e-02 pde_val=1.054e+00 state_rel=1.221e+00
KdV_Steady2D/FNO epoch 0700/1200 mode=hybrid loss=1.076e-01/1.502e-01 test_loss=6.906e-02 mse_val=9.712e-02 pde_val=1.062e+00 state_rel=1.207e+00
KdV_Steady2D/FNO epoch 0800/1200 mode=hybrid loss=1.073e-01/1.490e-01 test_loss=7.016e-02 mse_val=9.827e-02 pde_val=1.015e+00 state_rel=1.224e+00
KdV_Steady2D/FNO epoch 0900/1200 mode=hybrid loss=1.071e-01/1.469e-01 test_loss=6.980e-02 mse_val=9.779e-02 pde_val=9.826e-01 state_rel=1.219e+00
KdV_Steady2D/FNO epoch 1000/1200 mode=hybrid loss=1.070e-01/1.468e-01 test_loss=6.959e-02 mse_val=9.755e-02 pde_val=9.844e-01 state_rel=1.217e+00
KdV_Steady2D/FNO epoch 1100/1200 mode=hybrid loss=1.069e-01/1.468e-01 test_loss=6.974e-02 mse_val=9.770e-02 pde_val=9.824e-01 state_rel=1.219e+00
KdV_Steady2D/FNO epoch 1200/1200 mode=hybrid loss=1.069e-01/1.467e-01 test_loss=6.964e-02 mse_val=9.759e-02 pde_val=9.825e-01 state_rel=1.218e+00
KdV_Steady2D/CFNO epoch 0001/1200 mode=hybrid loss=1.673e-01/1.820e-01 test_loss=9.886e-02 mse_val=1.172e-01 pde_val=1.295e+00 state_rel=1.051e+00
KdV_Steady2D/CFNO epoch 0100/1200 mode=hybrid loss=4.944e-02/1.108e-01 test_loss=3.721e-02 mse_val=8.803e-02 pde_val=4.560e-01 state_rel=9.632e-01
KdV_Steady2D/CFNO epoch 0200/1200 mode=hybrid loss=4.731e-02/1.195e-01 test_loss=3.656e-02 mse_val=9.415e-02 pde_val=5.071e-01 state_rel=1.005e+00
KdV_Steady2D/CFNO epoch 0300/1200 mode=hybrid loss=4.342e-02/1.120e-01 test_loss=3.419e-02 mse_val=9.055e-02 pde_val=4.286e-01 state_rel=9.694e-01
KdV_Steady2D/CFNO epoch 0400/1200 mode=hybrid loss=2.922e-02/8.046e-02 test_loss=2.076e-02 mse_val=6.011e-02 pde_val=4.070e-01 state_rel=6.863e-01
KdV_Steady2D/CFNO epoch 0500/1200 mode=hybrid loss=2.193e-02/7.065e-02 test_loss=1.800e-02 mse_val=4.979e-02 pde_val=4.173e-01 state_rel=6.640e-01
KdV_Steady2D/CFNO epoch 0600/1200 mode=hybrid loss=1.927e-02/6.451e-02 test_loss=1.484e-02 mse_val=4.122e-02 pde_val=4.658e-01 state_rel=6.243e-01
KdV_Steady2D/CFNO epoch 0700/1200 mode=hybrid loss=1.807e-02/6.957e-02 test_loss=1.551e-02 mse_val=3.680e-02 pde_val=6.554e-01 state_rel=6.037e-01
KdV_Steady2D/CFNO epoch 0800/1200 mode=hybrid loss=1.141e-02/6.112e-02 test_loss=1.363e-02 mse_val=2.971e-02 pde_val=6.282e-01 state_rel=5.665e-01
KdV_Steady2D/CFNO epoch 0900/1200 mode=hybrid loss=8.864e-03/5.857e-02 test_loss=1.291e-02 mse_val=2.927e-02 pde_val=5.859e-01 state_rel=5.622e-01
KdV_Steady2D/CFNO epoch 1000/1200 mode=hybrid loss=7.801e-03/5.724e-02 test_loss=1.332e-02 mse_val=2.872e-02 pde_val=5.702e-01 state_rel=5.542e-01
KdV_Steady2D/CFNO epoch 1100/1200 mode=hybrid loss=7.371e-03/5.664e-02 test_loss=1.396e-02 mse_val=2.866e-02 pde_val=5.597e-01 state_rel=5.535e-01
KdV_Steady2D/CFNO epoch 1200/1200 mode=hybrid loss=7.148e-03/5.637e-02 test_loss=1.391e-02 mse_val=2.861e-02 pde_val=5.553e-01 state_rel=5.516e-01
KdV_Steady2D/HF_FNO epoch 0001/1200 mode=hybrid loss=1.663e-01/1.846e-01 test_loss=1.001e-01 mse_val=1.177e-01 pde_val=1.337e+00 state_rel=1.052e+00
KdV_Steady2D/HF_FNO epoch 0100/1200 mode=hybrid loss=5.932e-02/7.356e-02 test_loss=4.663e-02 mse_val=5.936e-02 pde_val=2.840e-01 state_rel=1.140e+00
KdV_Steady2D/HF_FNO epoch 0200/1200 mode=hybrid loss=2.435e-02/9.452e-02 test_loss=3.254e-02 mse_val=6.558e-02 pde_val=5.787e-01 state_rel=1.012e+00
KdV_Steady2D/HF_FNO epoch 0300/1200 mode=hybrid loss=1.024e-02/9.360e-02 test_loss=3.083e-02 mse_val=6.309e-02 pde_val=6.102e-01 state_rel=9.680e-01
KdV_Steady2D/HF_FNO epoch 0400/1200 mode=hybrid loss=5.582e-03/8.948e-02 test_loss=2.200e-02 mse_val=5.865e-02 pde_val=6.166e-01 state_rel=8.135e-01
KdV_Steady2D/HF_FNO epoch 0500/1200 mode=hybrid loss=3.910e-03/9.302e-02 test_loss=2.071e-02 mse_val=5.974e-02 pde_val=6.655e-01 state_rel=7.904e-01
KdV_Steady2D/HF_FNO epoch 0600/1200 mode=hybrid loss=3.176e-03/9.657e-02 test_loss=1.911e-02 mse_val=6.066e-02 pde_val=7.182e-01 state_rel=7.719e-01
KdV_Steady2D/HF_FNO epoch 0700/1200 mode=hybrid loss=2.805e-03/9.994e-02 test_loss=1.892e-02 mse_val=6.209e-02 pde_val=7.570e-01 state_rel=7.912e-01
KdV_Steady2D/HF_FNO epoch 0800/1200 mode=hybrid loss=2.368e-03/1.022e-01 test_loss=1.798e-02 mse_val=6.295e-02 pde_val=7.841e-01 state_rel=7.918e-01
KdV_Steady2D/HF_FNO epoch 0900/1200 mode=hybrid loss=2.163e-03/1.042e-01 test_loss=1.815e-02 mse_val=6.389e-02 pde_val=8.052e-01 state_rel=8.033e-01
KdV_Steady2D/HF_FNO epoch 1000/1200 mode=hybrid loss=2.052e-03/1.053e-01 test_loss=1.738e-02 mse_val=6.420e-02 pde_val=8.216e-01 state_rel=7.965e-01
KdV_Steady2D/HF_FNO epoch 1100/1200 mode=hybrid loss=1.971e-03/1.062e-01 test_loss=1.765e-02 mse_val=6.475e-02 pde_val=8.293e-01 state_rel=8.060e-01
KdV_Steady2D/HF_FNO epoch 1200/1200 mode=hybrid loss=1.925e-03/1.068e-01 test_loss=1.750e-02 mse_val=6.494e-02 pde_val=8.366e-01 state_rel=8.056e-01
KdV_Steady2D/HF_CFNO epoch 0001/1200 mode=hybrid loss=1.672e-01/1.825e-01 test_loss=9.825e-02 mse_val=1.157e-01 pde_val=1.336e+00 state_rel=1.027e+00
KdV_Steady2D/HF_CFNO epoch 0100/1200 mode=hybrid loss=3.128e-02/7.850e-02 test_loss=3.776e-02 mse_val=6.162e-02 pde_val=3.376e-01 state_rel=1.091e+00
KdV_Steady2D/HF_CFNO epoch 0200/1200 mode=hybrid loss=5.163e-03/5.789e-02 test_loss=2.485e-02 mse_val=4.055e-02 pde_val=3.468e-01 state_rel=7.420e-01
KdV_Steady2D/HF_CFNO epoch 0300/1200 mode=hybrid loss=2.343e-03/4.809e-02 test_loss=1.986e-02 mse_val=3.330e-02 pde_val=2.959e-01 state_rel=5.866e-01
KdV_Steady2D/HF_CFNO epoch 0400/1200 mode=hybrid loss=1.371e-03/4.302e-02 test_loss=1.627e-02 mse_val=2.976e-02 pde_val=2.653e-01 state_rel=4.958e-01
KdV_Steady2D/HF_CFNO epoch 0500/1200 mode=hybrid loss=9.916e-04/4.044e-02 test_loss=1.465e-02 mse_val=2.807e-02 pde_val=2.474e-01 state_rel=4.765e-01
KdV_Steady2D/HF_CFNO epoch 0600/1200 mode=hybrid loss=7.204e-04/3.989e-02 test_loss=1.403e-02 mse_val=2.777e-02 pde_val=2.424e-01 state_rel=4.973e-01
KdV_Steady2D/HF_CFNO epoch 0700/1200 mode=hybrid loss=5.891e-04/3.853e-02 test_loss=1.343e-02 mse_val=2.660e-02 pde_val=2.386e-01 state_rel=5.084e-01
KdV_Steady2D/HF_CFNO epoch 0800/1200 mode=hybrid loss=4.775e-04/3.749e-02 test_loss=1.277e-02 mse_val=2.568e-02 pde_val=2.363e-01 state_rel=5.119e-01
KdV_Steady2D/HF_CFNO epoch 0900/1200 mode=hybrid loss=4.253e-04/3.717e-02 test_loss=1.274e-02 mse_val=2.543e-02 pde_val=2.350e-01 state_rel=5.288e-01
KdV_Steady2D/HF_CFNO epoch 1000/1200 mode=hybrid loss=3.976e-04/3.651e-02 test_loss=1.231e-02 mse_val=2.484e-02 pde_val=2.334e-01 state_rel=5.269e-01
KdV_Steady2D/HF_CFNO epoch 1100/1200 mode=hybrid loss=3.698e-04/3.654e-02 test_loss=1.245e-02 mse_val=2.488e-02 pde_val=2.332e-01 state_rel=5.388e-01
KdV_Steady2D/HF_CFNO epoch 1200/1200 mode=hybrid loss=3.590e-04/3.631e-02 test_loss=1.231e-02 mse_val=2.468e-02 pde_val=2.326e-01 state_rel=5.389e-01

=== [6/15] KdV_Transient1D on cuda ===
KdV_Transient1D/FNO epoch 0001/1200 mode=hybrid loss=1.499e-01/2.024e-01 test_loss=1.930e-01 mse_val=1.304e-01 pde_val=1.440e+00 state_rel=1.241e+00
KdV_Transient1D/FNO epoch 0100/1200 mode=hybrid loss=8.499e-03/1.799e-02 test_loss=1.955e-02 mse_val=8.483e-03 pde_val=1.902e-01 state_rel=2.963e-01
KdV_Transient1D/FNO epoch 0200/1200 mode=hybrid loss=4.267e-03/1.207e-02 test_loss=1.377e-02 mse_val=5.045e-03 pde_val=1.405e-01 state_rel=2.318e-01
KdV_Transient1D/FNO epoch 0300/1200 mode=hybrid loss=3.203e-03/1.060e-02 test_loss=1.263e-02 mse_val=4.061e-03 pde_val=1.309e-01 state_rel=2.053e-01
KdV_Transient1D/FNO epoch 0400/1200 mode=hybrid loss=2.677e-03/1.023e-02 test_loss=1.200e-02 mse_val=3.626e-03 pde_val=1.320e-01 state_rel=1.963e-01
KdV_Transient1D/FNO epoch 0500/1200 mode=hybrid loss=2.318e-03/9.944e-03 test_loss=1.167e-02 mse_val=3.296e-03 pde_val=1.330e-01 state_rel=1.817e-01
KdV_Transient1D/FNO epoch 0600/1200 mode=hybrid loss=2.167e-03/9.874e-03 test_loss=1.151e-02 mse_val=3.194e-03 pde_val=1.336e-01 state_rel=1.785e-01
KdV_Transient1D/FNO epoch 0700/1200 mode=hybrid loss=2.024e-03/9.725e-03 test_loss=1.129e-02 mse_val=3.064e-03 pde_val=1.332e-01 state_rel=1.741e-01
KdV_Transient1D/FNO epoch 0800/1200 mode=hybrid loss=1.953e-03/9.557e-03 test_loss=1.119e-02 mse_val=2.990e-03 pde_val=1.313e-01 state_rel=1.717e-01
KdV_Transient1D/FNO epoch 0900/1200 mode=hybrid loss=1.905e-03/9.541e-03 test_loss=1.111e-02 mse_val=2.965e-03 pde_val=1.315e-01 state_rel=1.708e-01
KdV_Transient1D/FNO epoch 1000/1200 mode=hybrid loss=1.879e-03/9.527e-03 test_loss=1.104e-02 mse_val=2.945e-03 pde_val=1.316e-01 state_rel=1.702e-01
KdV_Transient1D/FNO epoch 1100/1200 mode=hybrid loss=1.862e-03/9.531e-03 test_loss=1.113e-02 mse_val=2.937e-03 pde_val=1.319e-01 state_rel=1.698e-01
KdV_Transient1D/FNO epoch 1200/1200 mode=hybrid loss=1.852e-03/9.538e-03 test_loss=1.110e-02 mse_val=2.935e-03 pde_val=1.321e-01 state_rel=1.696e-01
KdV_Transient1D/CFNO epoch 0001/1200 mode=hybrid loss=1.505e-01/2.023e-01 test_loss=1.942e-01 mse_val=1.294e-01 pde_val=1.457e+00 state_rel=1.236e+00
KdV_Transient1D/CFNO epoch 0100/1200 mode=hybrid loss=4.641e-03/1.064e-02 test_loss=1.372e-02 mse_val=6.131e-03 pde_val=9.008e-02 state_rel=2.692e-01
KdV_Transient1D/CFNO epoch 0200/1200 mode=hybrid loss=6.729e-04/1.907e-03 test_loss=2.767e-03 mse_val=8.807e-04 pde_val=2.053e-02 state_rel=9.946e-02
KdV_Transient1D/CFNO epoch 0300/1200 mode=hybrid loss=4.406e-04/1.411e-03 test_loss=1.835e-03 mse_val=5.808e-04 pde_val=1.661e-02 state_rel=7.995e-02
KdV_Transient1D/CFNO epoch 0400/1200 mode=hybrid loss=2.271e-04/1.168e-03 test_loss=1.539e-03 mse_val=4.740e-04 pde_val=1.388e-02 state_rel=7.407e-02
KdV_Transient1D/CFNO epoch 0500/1200 mode=hybrid loss=2.064e-04/1.082e-03 test_loss=1.440e-03 mse_val=4.119e-04 pde_val=1.341e-02 state_rel=6.835e-02
KdV_Transient1D/CFNO epoch 0600/1200 mode=hybrid loss=1.539e-04/1.040e-03 test_loss=1.407e-03 mse_val=3.930e-04 pde_val=1.295e-02 state_rel=6.728e-02
KdV_Transient1D/CFNO epoch 0700/1200 mode=hybrid loss=1.383e-04/1.035e-03 test_loss=1.413e-03 mse_val=3.896e-04 pde_val=1.290e-02 state_rel=6.736e-02
KdV_Transient1D/CFNO epoch 0800/1200 mode=hybrid loss=1.294e-04/1.020e-03 test_loss=1.377e-03 mse_val=3.786e-04 pde_val=1.283e-02 state_rel=6.656e-02
KdV_Transient1D/CFNO epoch 0900/1200 mode=hybrid loss=1.231e-04/1.010e-03 test_loss=1.371e-03 mse_val=3.719e-04 pde_val=1.277e-02 state_rel=6.601e-02
KdV_Transient1D/CFNO epoch 1000/1200 mode=hybrid loss=1.196e-04/1.001e-03 test_loss=1.364e-03 mse_val=3.641e-04 pde_val=1.274e-02 state_rel=6.516e-02
KdV_Transient1D/CFNO epoch 1100/1200 mode=hybrid loss=1.173e-04/1.003e-03 test_loss=1.360e-03 mse_val=3.655e-04 pde_val=1.275e-02 state_rel=6.543e-02
KdV_Transient1D/CFNO epoch 1200/1200 mode=hybrid loss=1.158e-04/9.994e-04 test_loss=1.355e-03 mse_val=3.626e-04 pde_val=1.274e-02 state_rel=6.518e-02
KdV_Transient1D/HF_FNO epoch 0001/1200 mode=hybrid loss=1.504e-01/2.058e-01 test_loss=1.969e-01 mse_val=1.317e-01 pde_val=1.483e+00 state_rel=1.246e+00
KdV_Transient1D/HF_FNO epoch 0100/1200 mode=hybrid loss=4.392e-03/7.339e-03 test_loss=5.856e-03 mse_val=4.617e-03 pde_val=5.444e-02 state_rel=2.117e-01
KdV_Transient1D/HF_FNO epoch 0200/1200 mode=hybrid loss=1.395e-03/2.912e-03 test_loss=2.963e-03 mse_val=1.801e-03 pde_val=2.222e-02 state_rel=1.326e-01
KdV_Transient1D/HF_FNO epoch 0300/1200 mode=hybrid loss=6.539e-04/1.794e-03 test_loss=1.989e-03 mse_val=1.047e-03 pde_val=1.494e-02 state_rel=9.993e-02
KdV_Transient1D/HF_FNO epoch 0400/1200 mode=hybrid loss=3.600e-04/1.323e-03 test_loss=1.571e-03 mse_val=7.276e-04 pde_val=1.191e-02 state_rel=8.322e-02
KdV_Transient1D/HF_FNO epoch 0500/1200 mode=hybrid loss=2.569e-04/1.066e-03 test_loss=1.397e-03 mse_val=5.586e-04 pde_val=1.014e-02 state_rel=7.246e-02
KdV_Transient1D/HF_FNO epoch 0600/1200 mode=hybrid loss=2.114e-04/9.523e-04 test_loss=1.284e-03 mse_val=4.987e-04 pde_val=9.073e-03 state_rel=6.917e-02
KdV_Transient1D/HF_FNO epoch 0700/1200 mode=hybrid loss=1.906e-04/8.685e-04 test_loss=1.198e-03 mse_val=4.483e-04 pde_val=8.404e-03 state_rel=6.597e-02
KdV_Transient1D/HF_FNO epoch 0800/1200 mode=hybrid loss=1.658e-04/8.226e-04 test_loss=1.165e-03 mse_val=4.210e-04 pde_val=8.030e-03 state_rel=6.428e-02
KdV_Transient1D/HF_FNO epoch 0900/1200 mode=hybrid loss=1.551e-04/7.941e-04 test_loss=1.113e-03 mse_val=4.069e-04 pde_val=7.744e-03 state_rel=6.377e-02
KdV_Transient1D/HF_FNO epoch 1000/1200 mode=hybrid loss=1.490e-04/7.757e-04 test_loss=1.100e-03 mse_val=3.965e-04 pde_val=7.584e-03 state_rel=6.308e-02
KdV_Transient1D/HF_FNO epoch 1100/1200 mode=hybrid loss=1.450e-04/7.602e-04 test_loss=1.084e-03 mse_val=3.862e-04 pde_val=7.479e-03 state_rel=6.226e-02
KdV_Transient1D/HF_FNO epoch 1200/1200 mode=hybrid loss=1.427e-04/7.536e-04 test_loss=1.078e-03 mse_val=3.826e-04 pde_val=7.419e-03 state_rel=6.209e-02
KdV_Transient1D/HF_CFNO epoch 0001/1200 mode=hybrid loss=1.606e-01/2.148e-01 test_loss=2.064e-01 mse_val=1.409e-01 pde_val=1.479e+00 state_rel=1.304e+00
KdV_Transient1D/HF_CFNO epoch 0100/1200 mode=hybrid loss=7.055e-03/1.398e-02 test_loss=1.805e-02 mse_val=8.873e-03 pde_val=1.021e-01 state_rel=3.034e-01
KdV_Transient1D/HF_CFNO epoch 0200/1200 mode=hybrid loss=1.082e-03/3.530e-03 test_loss=4.877e-03 mse_val=2.166e-03 pde_val=2.727e-02 state_rel=1.489e-01
KdV_Transient1D/HF_CFNO epoch 0300/1200 mode=hybrid loss=4.235e-04/2.007e-03 test_loss=3.069e-03 mse_val=1.236e-03 pde_val=1.541e-02 state_rel=1.134e-01
KdV_Transient1D/HF_CFNO epoch 0400/1200 mode=hybrid loss=2.542e-04/1.336e-03 test_loss=2.153e-03 mse_val=7.291e-04 pde_val=1.213e-02 state_rel=8.384e-02
KdV_Transient1D/HF_CFNO epoch 0500/1200 mode=hybrid loss=1.829e-04/1.156e-03 test_loss=1.892e-03 mse_val=6.292e-04 pde_val=1.054e-02 state_rel=7.871e-02
KdV_Transient1D/HF_CFNO epoch 0600/1200 mode=hybrid loss=1.458e-04/1.016e-03 test_loss=1.675e-03 mse_val=5.326e-04 pde_val=9.663e-03 state_rel=7.250e-02
KdV_Transient1D/HF_CFNO epoch 0700/1200 mode=hybrid loss=1.346e-04/8.963e-04 test_loss=1.472e-03 mse_val=4.498e-04 pde_val=8.931e-03 state_rel=6.607e-02
KdV_Transient1D/HF_CFNO epoch 0800/1200 mode=hybrid loss=1.104e-04/8.420e-04 test_loss=1.398e-03 mse_val=4.189e-04 pde_val=8.463e-03 state_rel=6.371e-02
KdV_Transient1D/HF_CFNO epoch 0900/1200 mode=hybrid loss=1.020e-04/8.042e-04 test_loss=1.338e-03 mse_val=3.980e-04 pde_val=8.123e-03 state_rel=6.215e-02
KdV_Transient1D/HF_CFNO epoch 1000/1200 mode=hybrid loss=9.653e-05/7.813e-04 test_loss=1.297e-03 mse_val=3.858e-04 pde_val=7.910e-03 state_rel=6.121e-02
KdV_Transient1D/HF_CFNO epoch 1100/1200 mode=hybrid loss=9.310e-05/7.669e-04 test_loss=1.281e-03 mse_val=3.773e-04 pde_val=7.791e-03 state_rel=6.055e-02
KdV_Transient1D/HF_CFNO epoch 1200/1200 mode=hybrid loss=9.115e-05/7.551e-04 test_loss=1.261e-03 mse_val=3.693e-04 pde_val=7.716e-03 state_rel=5.983e-02

=== [7/15] AllenCahn_Steady1D on cuda ===
AllenCahn_Steady1D/FNO epoch 0001/1200 mode=hybrid loss=2.750e-01/2.751e-01 test_loss=2.615e-01 mse_val=2.726e-01 pde_val=5.008e-02 state_rel=9.893e-01
AllenCahn_Steady1D/FNO epoch 0100/1200 mode=hybrid loss=6.364e-02/2.728e-01 test_loss=2.889e-01 mse_val=2.659e-01 pde_val=1.390e-01 state_rel=9.002e-01
AllenCahn_Steady1D/FNO epoch 0200/1200 mode=hybrid loss=3.554e-02/2.920e-01 test_loss=3.020e-01 mse_val=2.810e-01 pde_val=2.204e-01 state_rel=9.366e-01
AllenCahn_Steady1D/FNO epoch 0300/1200 mode=hybrid loss=1.995e-02/3.026e-01 test_loss=3.347e-01 mse_val=2.885e-01 pde_val=2.819e-01 state_rel=9.656e-01
AllenCahn_Steady1D/FNO epoch 0400/1200 mode=hybrid loss=1.202e-02/3.060e-01 test_loss=3.212e-01 mse_val=2.878e-01 pde_val=3.637e-01 state_rel=9.736e-01
AllenCahn_Steady1D/FNO epoch 0500/1200 mode=hybrid loss=9.904e-03/3.260e-01 test_loss=3.485e-01 mse_val=3.045e-01 pde_val=4.304e-01 state_rel=9.989e-01
AllenCahn_Steady1D/FNO epoch 0600/1200 mode=hybrid loss=7.798e-03/3.204e-01 test_loss=3.438e-01 mse_val=2.966e-01 pde_val=4.744e-01 state_rel=9.881e-01
AllenCahn_Steady1D/FNO epoch 0700/1200 mode=hybrid loss=6.630e-03/3.238e-01 test_loss=3.400e-01 mse_val=2.991e-01 pde_val=4.944e-01 state_rel=9.902e-01
AllenCahn_Steady1D/FNO epoch 0800/1200 mode=hybrid loss=6.000e-03/3.251e-01 test_loss=3.398e-01 mse_val=2.989e-01 pde_val=5.240e-01 state_rel=9.893e-01
AllenCahn_Steady1D/FNO epoch 0900/1200 mode=hybrid loss=5.608e-03/3.271e-01 test_loss=3.419e-01 mse_val=3.002e-01 pde_val=5.383e-01 state_rel=9.932e-01
AllenCahn_Steady1D/FNO epoch 1000/1200 mode=hybrid loss=5.347e-03/3.266e-01 test_loss=3.394e-01 mse_val=2.991e-01 pde_val=5.509e-01 state_rel=9.908e-01
AllenCahn_Steady1D/FNO epoch 1100/1200 mode=hybrid loss=5.202e-03/3.262e-01 test_loss=3.388e-01 mse_val=2.984e-01 pde_val=5.556e-01 state_rel=9.896e-01
AllenCahn_Steady1D/FNO epoch 1200/1200 mode=hybrid loss=5.103e-03/3.262e-01 test_loss=3.393e-01 mse_val=2.982e-01 pde_val=5.588e-01 state_rel=9.894e-01
AllenCahn_Steady1D/CFNO epoch 0001/1200 mode=hybrid loss=2.718e-01/2.743e-01 test_loss=2.623e-01 mse_val=2.719e-01 pde_val=4.971e-02 state_rel=9.882e-01
AllenCahn_Steady1D/CFNO epoch 0100/1200 mode=hybrid loss=2.560e-02/3.336e-01 test_loss=5.362e-01 mse_val=2.908e-01 pde_val=8.566e-01 state_rel=9.554e-01
AllenCahn_Steady1D/CFNO epoch 0200/1200 mode=hybrid loss=7.083e-03/3.934e-01 test_loss=6.457e-01 mse_val=3.152e-01 pde_val=1.565e+00 state_rel=1.029e+00
AllenCahn_Steady1D/CFNO epoch 0300/1200 mode=hybrid loss=5.455e-03/4.541e-01 test_loss=6.792e-01 mse_val=3.444e-01 pde_val=2.193e+00 state_rel=1.083e+00
AllenCahn_Steady1D/CFNO epoch 0400/1200 mode=hybrid loss=2.264e-03/4.569e-01 test_loss=6.603e-01 mse_val=3.526e-01 pde_val=2.087e+00 state_rel=1.099e+00
AllenCahn_Steady1D/CFNO epoch 0500/1200 mode=hybrid loss=1.947e-03/4.676e-01 test_loss=6.632e-01 mse_val=3.627e-01 pde_val=2.098e+00 state_rel=1.115e+00
AllenCahn_Steady1D/CFNO epoch 0600/1200 mode=hybrid loss=1.393e-03/4.576e-01 test_loss=6.769e-01 mse_val=3.638e-01 pde_val=1.875e+00 state_rel=1.117e+00
AllenCahn_Steady1D/CFNO epoch 0700/1200 mode=hybrid loss=1.122e-03/4.654e-01 test_loss=6.821e-01 mse_val=3.697e-01 pde_val=1.914e+00 state_rel=1.128e+00
AllenCahn_Steady1D/CFNO epoch 0800/1200 mode=hybrid loss=9.924e-04/4.641e-01 test_loss=6.848e-01 mse_val=3.719e-01 pde_val=1.845e+00 state_rel=1.132e+00
AllenCahn_Steady1D/CFNO epoch 0900/1200 mode=hybrid loss=8.977e-04/4.647e-01 test_loss=6.870e-01 mse_val=3.734e-01 pde_val=1.826e+00 state_rel=1.134e+00
AllenCahn_Steady1D/CFNO epoch 1000/1200 mode=hybrid loss=8.448e-04/4.637e-01 test_loss=6.875e-01 mse_val=3.739e-01 pde_val=1.795e+00 state_rel=1.135e+00
AllenCahn_Steady1D/CFNO epoch 1100/1200 mode=hybrid loss=8.122e-04/4.644e-01 test_loss=6.884e-01 mse_val=3.745e-01 pde_val=1.797e+00 state_rel=1.136e+00
AllenCahn_Steady1D/CFNO epoch 1200/1200 mode=hybrid loss=7.906e-04/4.650e-01 test_loss=6.884e-01 mse_val=3.749e-01 pde_val=1.801e+00 state_rel=1.136e+00
AllenCahn_Steady1D/HF_FNO epoch 0001/1200 mode=hybrid loss=2.730e-01/2.783e-01 test_loss=2.717e-01 mse_val=2.757e-01 pde_val=5.249e-02 state_rel=9.985e-01
AllenCahn_Steady1D/HF_FNO epoch 0100/1200 mode=hybrid loss=7.308e-02/2.478e-01 test_loss=2.260e-01 mse_val=2.446e-01 pde_val=6.445e-02 state_rel=8.383e-01
AllenCahn_Steady1D/HF_FNO epoch 0200/1200 mode=hybrid loss=1.224e-02/2.818e-01 test_loss=2.675e-01 mse_val=2.691e-01 pde_val=2.557e-01 state_rel=9.106e-01
AllenCahn_Steady1D/HF_FNO epoch 0300/1200 mode=hybrid loss=3.514e-03/2.961e-01 test_loss=2.751e-01 mse_val=2.796e-01 pde_val=3.300e-01 state_rel=9.252e-01
AllenCahn_Steady1D/HF_FNO epoch 0400/1200 mode=hybrid loss=1.681e-03/3.018e-01 test_loss=2.796e-01 mse_val=2.832e-01 pde_val=3.710e-01 state_rel=9.275e-01
AllenCahn_Steady1D/HF_FNO epoch 0500/1200 mode=hybrid loss=1.021e-03/2.962e-01 test_loss=2.824e-01 mse_val=2.785e-01 pde_val=3.539e-01 state_rel=9.149e-01
AllenCahn_Steady1D/HF_FNO epoch 0600/1200 mode=hybrid loss=7.512e-04/2.964e-01 test_loss=2.860e-01 mse_val=2.782e-01 pde_val=3.645e-01 state_rel=9.128e-01
AllenCahn_Steady1D/HF_FNO epoch 0700/1200 mode=hybrid loss=6.068e-04/2.956e-01 test_loss=2.880e-01 mse_val=2.771e-01 pde_val=3.687e-01 state_rel=9.101e-01
AllenCahn_Steady1D/HF_FNO epoch 0800/1200 mode=hybrid loss=5.216e-04/2.953e-01 test_loss=2.894e-01 mse_val=2.766e-01 pde_val=3.741e-01 state_rel=9.087e-01
AllenCahn_Steady1D/HF_FNO epoch 0900/1200 mode=hybrid loss=4.701e-04/2.950e-01 test_loss=2.904e-01 mse_val=2.762e-01 pde_val=3.764e-01 state_rel=9.076e-01
AllenCahn_Steady1D/HF_FNO epoch 1000/1200 mode=hybrid loss=4.398e-04/2.948e-01 test_loss=2.912e-01 mse_val=2.760e-01 pde_val=3.774e-01 state_rel=9.070e-01
AllenCahn_Steady1D/HF_FNO epoch 1100/1200 mode=hybrid loss=4.221e-04/2.947e-01 test_loss=2.916e-01 mse_val=2.758e-01 pde_val=3.781e-01 state_rel=9.066e-01
AllenCahn_Steady1D/HF_FNO epoch 1200/1200 mode=hybrid loss=4.106e-04/2.946e-01 test_loss=2.919e-01 mse_val=2.757e-01 pde_val=3.784e-01 state_rel=9.063e-01
AllenCahn_Steady1D/HF_CFNO epoch 0001/1200 mode=hybrid loss=2.740e-01/2.824e-01 test_loss=2.678e-01 mse_val=2.797e-01 pde_val=5.306e-02 state_rel=1.003e+00
AllenCahn_Steady1D/HF_CFNO epoch 0100/1200 mode=hybrid loss=4.163e-02/2.249e-01 test_loss=3.387e-01 mse_val=2.219e-01 pde_val=6.078e-02 state_rel=7.768e-01
AllenCahn_Steady1D/HF_CFNO epoch 0200/1200 mode=hybrid loss=2.323e-03/2.639e-01 test_loss=3.537e-01 mse_val=2.604e-01 pde_val=7.048e-02 state_rel=8.226e-01
AllenCahn_Steady1D/HF_CFNO epoch 0300/1200 mode=hybrid loss=6.403e-04/2.716e-01 test_loss=3.617e-01 mse_val=2.672e-01 pde_val=8.898e-02 state_rel=8.318e-01
AllenCahn_Steady1D/HF_CFNO epoch 0400/1200 mode=hybrid loss=3.393e-04/2.743e-01 test_loss=3.634e-01 mse_val=2.697e-01 pde_val=9.114e-02 state_rel=8.345e-01
AllenCahn_Steady1D/HF_CFNO epoch 0500/1200 mode=hybrid loss=2.128e-04/2.742e-01 test_loss=3.658e-01 mse_val=2.698e-01 pde_val=8.794e-02 state_rel=8.340e-01
AllenCahn_Steady1D/HF_CFNO epoch 0600/1200 mode=hybrid loss=1.567e-04/2.753e-01 test_loss=3.663e-01 mse_val=2.709e-01 pde_val=8.669e-02 state_rel=8.363e-01
AllenCahn_Steady1D/HF_CFNO epoch 0700/1200 mode=hybrid loss=1.234e-04/2.755e-01 test_loss=3.674e-01 mse_val=2.712e-01 pde_val=8.612e-02 state_rel=8.374e-01
AllenCahn_Steady1D/HF_CFNO epoch 0800/1200 mode=hybrid loss=1.049e-04/2.757e-01 test_loss=3.679e-01 mse_val=2.715e-01 pde_val=8.502e-02 state_rel=8.381e-01
AllenCahn_Steady1D/HF_CFNO epoch 0900/1200 mode=hybrid loss=9.369e-05/2.758e-01 test_loss=3.682e-01 mse_val=2.716e-01 pde_val=8.432e-02 state_rel=8.386e-01
AllenCahn_Steady1D/HF_CFNO epoch 1000/1200 mode=hybrid loss=8.707e-05/2.759e-01 test_loss=3.684e-01 mse_val=2.717e-01 pde_val=8.382e-02 state_rel=8.389e-01
AllenCahn_Steady1D/HF_CFNO epoch 1100/1200 mode=hybrid loss=8.322e-05/2.759e-01 test_loss=3.686e-01 mse_val=2.717e-01 pde_val=8.352e-02 state_rel=8.391e-01
AllenCahn_Steady1D/HF_CFNO epoch 1200/1200 mode=hybrid loss=8.070e-05/2.759e-01 test_loss=3.686e-01 mse_val=2.718e-01 pde_val=8.331e-02 state_rel=8.392e-01

=== [8/15] AllenCahn_Steady2D on cuda ===
AllenCahn_Steady2D/FNO epoch 0001/1200 mode=hybrid loss=1.159e-01/1.404e-01 test_loss=1.152e-01 mse_val=1.383e-01 pde_val=4.363e-02 state_rel=9.407e-01
AllenCahn_Steady2D/FNO epoch 0100/1200 mode=hybrid loss=4.543e-03/4.608e-02 test_loss=7.188e-03 mse_val=4.507e-02 pde_val=2.023e-02 state_rel=4.106e-01
AllenCahn_Steady2D/FNO epoch 0200/1200 mode=hybrid loss=2.194e-03/4.162e-02 test_loss=4.501e-03 mse_val=4.050e-02 pde_val=2.236e-02 state_rel=3.729e-01
AllenCahn_Steady2D/FNO epoch 0300/1200 mode=hybrid loss=1.603e-03/4.046e-02 test_loss=3.859e-03 mse_val=3.932e-02 pde_val=2.278e-02 state_rel=3.575e-01
AllenCahn_Steady2D/FNO epoch 0400/1200 mode=hybrid loss=1.306e-03/3.996e-02 test_loss=3.442e-03 mse_val=3.883e-02 pde_val=2.263e-02 state_rel=3.522e-01
AllenCahn_Steady2D/FNO epoch 0500/1200 mode=hybrid loss=1.156e-03/3.843e-02 test_loss=3.329e-03 mse_val=3.728e-02 pde_val=2.287e-02 state_rel=3.427e-01
AllenCahn_Steady2D/FNO epoch 0600/1200 mode=hybrid loss=1.080e-03/3.753e-02 test_loss=3.287e-03 mse_val=3.639e-02 pde_val=2.271e-02 state_rel=3.380e-01
AllenCahn_Steady2D/FNO epoch 0700/1200 mode=hybrid loss=1.043e-03/3.724e-02 test_loss=3.158e-03 mse_val=3.611e-02 pde_val=2.254e-02 state_rel=3.370e-01
AllenCahn_Steady2D/FNO epoch 0800/1200 mode=hybrid loss=9.968e-04/3.682e-02 test_loss=3.156e-03 mse_val=3.569e-02 pde_val=2.247e-02 state_rel=3.346e-01
AllenCahn_Steady2D/FNO epoch 0900/1200 mode=hybrid loss=9.773e-04/3.666e-02 test_loss=3.098e-03 mse_val=3.554e-02 pde_val=2.242e-02 state_rel=3.340e-01
AllenCahn_Steady2D/FNO epoch 1000/1200 mode=hybrid loss=9.607e-04/3.647e-02 test_loss=3.112e-03 mse_val=3.534e-02 pde_val=2.252e-02 state_rel=3.325e-01
AllenCahn_Steady2D/FNO epoch 1100/1200 mode=hybrid loss=9.534e-04/3.642e-02 test_loss=3.100e-03 mse_val=3.530e-02 pde_val=2.245e-02 state_rel=3.324e-01
AllenCahn_Steady2D/FNO epoch 1200/1200 mode=hybrid loss=9.482e-04/3.642e-02 test_loss=3.095e-03 mse_val=3.529e-02 pde_val=2.244e-02 state_rel=3.322e-01
AllenCahn_Steady2D/CFNO epoch 0001/1200 mode=hybrid loss=1.206e-01/1.678e-01 test_loss=1.400e-01 mse_val=1.650e-01 pde_val=5.705e-02 state_rel=1.027e+00
AllenCahn_Steady2D/CFNO epoch 0100/1200 mode=hybrid loss=9.317e-04/2.457e-02 test_loss=2.108e-03 mse_val=2.367e-02 pde_val=1.807e-02 state_rel=2.560e-01
AllenCahn_Steady2D/CFNO epoch 0200/1200 mode=hybrid loss=2.419e-04/2.340e-02 test_loss=9.563e-04 mse_val=2.256e-02 pde_val=1.692e-02 state_rel=2.420e-01
AllenCahn_Steady2D/CFNO epoch 0300/1200 mode=hybrid loss=1.522e-04/2.452e-02 test_loss=6.137e-04 mse_val=2.369e-02 pde_val=1.653e-02 state_rel=2.484e-01
AllenCahn_Steady2D/CFNO epoch 0400/1200 mode=hybrid loss=1.002e-04/2.391e-02 test_loss=6.017e-04 mse_val=2.312e-02 pde_val=1.592e-02 state_rel=2.432e-01
AllenCahn_Steady2D/CFNO epoch 0500/1200 mode=hybrid loss=6.656e-05/2.405e-02 test_loss=4.795e-04 mse_val=2.327e-02 pde_val=1.557e-02 state_rel=2.441e-01
AllenCahn_Steady2D/CFNO epoch 0600/1200 mode=hybrid loss=5.641e-05/2.406e-02 test_loss=4.350e-04 mse_val=2.329e-02 pde_val=1.537e-02 state_rel=2.442e-01
AllenCahn_Steady2D/CFNO epoch 0700/1200 mode=hybrid loss=4.868e-05/2.357e-02 test_loss=4.379e-04 mse_val=2.281e-02 pde_val=1.515e-02 state_rel=2.413e-01
AllenCahn_Steady2D/CFNO epoch 0800/1200 mode=hybrid loss=4.412e-05/2.355e-02 test_loss=4.111e-04 mse_val=2.279e-02 pde_val=1.505e-02 state_rel=2.413e-01
AllenCahn_Steady2D/CFNO epoch 0900/1200 mode=hybrid loss=4.156e-05/2.341e-02 test_loss=4.071e-04 mse_val=2.267e-02 pde_val=1.497e-02 state_rel=2.405e-01
AllenCahn_Steady2D/CFNO epoch 1000/1200 mode=hybrid loss=4.017e-05/2.334e-02 test_loss=4.027e-04 mse_val=2.260e-02 pde_val=1.493e-02 state_rel=2.401e-01
AllenCahn_Steady2D/CFNO epoch 1100/1200 mode=hybrid loss=3.905e-05/2.328e-02 test_loss=4.007e-04 mse_val=2.254e-02 pde_val=1.490e-02 state_rel=2.398e-01
AllenCahn_Steady2D/CFNO epoch 1200/1200 mode=hybrid loss=3.849e-05/2.326e-02 test_loss=4.003e-04 mse_val=2.252e-02 pde_val=1.489e-02 state_rel=2.396e-01
AllenCahn_Steady2D/HF_FNO epoch 0001/1200 mode=hybrid loss=1.685e-01/1.458e-01 test_loss=1.292e-01 mse_val=1.421e-01 pde_val=7.431e-02 state_rel=9.618e-01
AllenCahn_Steady2D/HF_FNO epoch 0100/1200 mode=hybrid loss=8.431e-03/5.342e-02 test_loss=1.047e-02 mse_val=5.263e-02 pde_val=1.593e-02 state_rel=4.567e-01
AllenCahn_Steady2D/HF_FNO epoch 0200/1200 mode=hybrid loss=1.596e-03/4.841e-02 test_loss=3.228e-03 mse_val=4.751e-02 pde_val=1.792e-02 state_rel=3.772e-01
AllenCahn_Steady2D/HF_FNO epoch 0300/1200 mode=hybrid loss=6.378e-04/4.372e-02 test_loss=1.664e-03 mse_val=4.292e-02 pde_val=1.616e-02 state_rel=3.508e-01
AllenCahn_Steady2D/HF_FNO epoch 0400/1200 mode=hybrid loss=3.448e-04/4.242e-02 test_loss=1.120e-03 mse_val=4.167e-02 pde_val=1.489e-02 state_rel=3.405e-01
AllenCahn_Steady2D/HF_FNO epoch 0500/1200 mode=hybrid loss=2.359e-04/4.138e-02 test_loss=9.070e-04 mse_val=4.067e-02 pde_val=1.419e-02 state_rel=3.342e-01
AllenCahn_Steady2D/HF_FNO epoch 0600/1200 mode=hybrid loss=1.729e-04/4.078e-02 test_loss=8.037e-04 mse_val=4.009e-02 pde_val=1.379e-02 state_rel=3.299e-01
AllenCahn_Steady2D/HF_FNO epoch 0700/1200 mode=hybrid loss=1.397e-04/4.041e-02 test_loss=7.476e-04 mse_val=3.973e-02 pde_val=1.356e-02 state_rel=3.271e-01
AllenCahn_Steady2D/HF_FNO epoch 0800/1200 mode=hybrid loss=1.205e-04/4.012e-02 test_loss=7.018e-04 mse_val=3.945e-02 pde_val=1.340e-02 state_rel=3.253e-01
AllenCahn_Steady2D/HF_FNO epoch 0900/1200 mode=hybrid loss=1.084e-04/4.003e-02 test_loss=6.794e-04 mse_val=3.937e-02 pde_val=1.331e-02 state_rel=3.241e-01
AllenCahn_Steady2D/HF_FNO epoch 1000/1200 mode=hybrid loss=1.016e-04/3.994e-02 test_loss=6.682e-04 mse_val=3.927e-02 pde_val=1.326e-02 state_rel=3.233e-01
AllenCahn_Steady2D/HF_FNO epoch 1100/1200 mode=hybrid loss=9.752e-05/3.985e-02 test_loss=6.590e-04 mse_val=3.919e-02 pde_val=1.322e-02 state_rel=3.228e-01
AllenCahn_Steady2D/HF_FNO epoch 1200/1200 mode=hybrid loss=9.496e-05/3.981e-02 test_loss=6.539e-04 mse_val=3.915e-02 pde_val=1.320e-02 state_rel=3.225e-01
AllenCahn_Steady2D/HF_CFNO epoch 0001/1200 mode=hybrid loss=1.222e-01/1.497e-01 test_loss=1.265e-01 mse_val=1.470e-01 pde_val=5.268e-02 state_rel=9.793e-01
AllenCahn_Steady2D/HF_CFNO epoch 0100/1200 mode=hybrid loss=4.022e-03/3.214e-02 test_loss=6.020e-03 mse_val=3.133e-02 pde_val=1.639e-02 state_rel=3.336e-01
AllenCahn_Steady2D/HF_CFNO epoch 0200/1200 mode=hybrid loss=5.969e-04/2.688e-02 test_loss=1.576e-03 mse_val=2.611e-02 pde_val=1.536e-02 state_rel=2.689e-01
AllenCahn_Steady2D/HF_CFNO epoch 0300/1200 mode=hybrid loss=2.431e-04/2.290e-02 test_loss=8.454e-04 mse_val=2.218e-02 pde_val=1.436e-02 state_rel=2.469e-01
AllenCahn_Steady2D/HF_CFNO epoch 0400/1200 mode=hybrid loss=1.294e-04/2.115e-02 test_loss=5.272e-04 mse_val=2.046e-02 pde_val=1.376e-02 state_rel=2.363e-01
AllenCahn_Steady2D/HF_CFNO epoch 0500/1200 mode=hybrid loss=8.839e-05/2.076e-02 test_loss=3.019e-04 mse_val=2.008e-02 pde_val=1.359e-02 state_rel=2.302e-01
AllenCahn_Steady2D/HF_CFNO epoch 0600/1200 mode=hybrid loss=5.972e-05/2.028e-02 test_loss=2.497e-04 mse_val=1.962e-02 pde_val=1.333e-02 state_rel=2.268e-01
AllenCahn_Steady2D/HF_CFNO epoch 0700/1200 mode=hybrid loss=5.001e-05/2.006e-02 test_loss=2.192e-04 mse_val=1.940e-02 pde_val=1.318e-02 state_rel=2.245e-01
AllenCahn_Steady2D/HF_CFNO epoch 0800/1200 mode=hybrid loss=3.960e-05/1.985e-02 test_loss=2.147e-04 mse_val=1.919e-02 pde_val=1.305e-02 state_rel=2.228e-01
AllenCahn_Steady2D/HF_CFNO epoch 0900/1200 mode=hybrid loss=3.517e-05/1.978e-02 test_loss=2.043e-04 mse_val=1.913e-02 pde_val=1.300e-02 state_rel=2.218e-01
AllenCahn_Steady2D/HF_CFNO epoch 1000/1200 mode=hybrid loss=3.259e-05/1.976e-02 test_loss=1.998e-04 mse_val=1.911e-02 pde_val=1.297e-02 state_rel=2.212e-01
AllenCahn_Steady2D/HF_CFNO epoch 1100/1200 mode=hybrid loss=3.112e-05/1.977e-02 test_loss=1.947e-04 mse_val=1.912e-02 pde_val=1.297e-02 state_rel=2.211e-01
AllenCahn_Steady2D/HF_CFNO epoch 1200/1200 mode=hybrid loss=3.028e-05/1.978e-02 test_loss=1.919e-04 mse_val=1.913e-02 pde_val=1.296e-02 state_rel=2.209e-01

=== [9/15] AllenCahn_Transient1D on cuda ===
AllenCahn_Transient1D/FNO epoch 0001/1200 mode=hybrid loss=1.954e-02/3.055e-02 test_loss=1.779e-02 mse_val=1.521e-02 pde_val=3.068e-01 state_rel=3.707e-01
AllenCahn_Transient1D/FNO epoch 0100/1200 mode=hybrid loss=1.237e-03/3.461e-03 test_loss=1.657e-03 mse_val=1.582e-03 pde_val=3.759e-02 state_rel=1.103e-01
AllenCahn_Transient1D/FNO epoch 0200/1200 mode=hybrid loss=3.912e-04/1.397e-03 test_loss=6.725e-04 mse_val=4.986e-04 pde_val=1.797e-02 state_rel=6.336e-02
AllenCahn_Transient1D/FNO epoch 0300/1200 mode=hybrid loss=2.499e-04/1.241e-03 test_loss=5.710e-04 mse_val=4.367e-04 pde_val=1.608e-02 state_rel=5.763e-02
AllenCahn_Transient1D/FNO epoch 0400/1200 mode=hybrid loss=1.785e-04/1.115e-03 test_loss=5.886e-04 mse_val=4.008e-04 pde_val=1.428e-02 state_rel=5.611e-02
AllenCahn_Transient1D/FNO epoch 0500/1200 mode=hybrid loss=1.454e-04/1.078e-03 test_loss=5.708e-04 mse_val=3.945e-04 pde_val=1.366e-02 state_rel=5.380e-02
AllenCahn_Transient1D/FNO epoch 0600/1200 mode=hybrid loss=1.263e-04/1.076e-03 test_loss=5.482e-04 mse_val=4.007e-04 pde_val=1.351e-02 state_rel=5.433e-02
AllenCahn_Transient1D/FNO epoch 0700/1200 mode=hybrid loss=1.153e-04/1.091e-03 test_loss=5.620e-04 mse_val=4.082e-04 pde_val=1.365e-02 state_rel=5.490e-02
AllenCahn_Transient1D/FNO epoch 0800/1200 mode=hybrid loss=1.099e-04/1.098e-03 test_loss=5.369e-04 mse_val=4.138e-04 pde_val=1.368e-02 state_rel=5.491e-02
AllenCahn_Transient1D/FNO epoch 0900/1200 mode=hybrid loss=1.053e-04/1.102e-03 test_loss=5.389e-04 mse_val=4.144e-04 pde_val=1.375e-02 state_rel=5.481e-02
AllenCahn_Transient1D/FNO epoch 1000/1200 mode=hybrid loss=1.036e-04/1.111e-03 test_loss=5.363e-04 mse_val=4.191e-04 pde_val=1.383e-02 state_rel=5.496e-02
AllenCahn_Transient1D/FNO epoch 1100/1200 mode=hybrid loss=1.023e-04/1.127e-03 test_loss=5.329e-04 mse_val=4.284e-04 pde_val=1.397e-02 state_rel=5.554e-02
AllenCahn_Transient1D/FNO epoch 1200/1200 mode=hybrid loss=1.015e-04/1.133e-03 test_loss=5.338e-04 mse_val=4.317e-04 pde_val=1.403e-02 state_rel=5.571e-02
AllenCahn_Transient1D/CFNO epoch 0001/1200 mode=hybrid loss=2.065e-02/3.209e-02 test_loss=1.821e-02 mse_val=1.610e-02 pde_val=3.197e-01 state_rel=3.826e-01
AllenCahn_Transient1D/CFNO epoch 0100/1200 mode=hybrid loss=3.512e-04/1.150e-03 test_loss=9.630e-04 mse_val=4.567e-04 pde_val=1.386e-02 state_rel=5.621e-02
AllenCahn_Transient1D/CFNO epoch 0200/1200 mode=hybrid loss=1.009e-04/6.230e-04 test_loss=1.071e-03 mse_val=2.064e-04 pde_val=8.333e-03 state_rel=3.934e-02
AllenCahn_Transient1D/CFNO epoch 0300/1200 mode=hybrid loss=5.719e-05/5.256e-04 test_loss=6.524e-04 mse_val=1.895e-04 pde_val=6.722e-03 state_rel=3.477e-02
AllenCahn_Transient1D/CFNO epoch 0400/1200 mode=hybrid loss=3.895e-05/5.643e-04 test_loss=6.207e-04 mse_val=2.109e-04 pde_val=7.068e-03 state_rel=3.536e-02
AllenCahn_Transient1D/CFNO epoch 0500/1200 mode=hybrid loss=3.755e-05/5.702e-04 test_loss=5.446e-04 mse_val=2.177e-04 pde_val=7.051e-03 state_rel=3.599e-02
AllenCahn_Transient1D/CFNO epoch 0600/1200 mode=hybrid loss=3.146e-05/5.898e-04 test_loss=5.260e-04 mse_val=2.293e-04 pde_val=7.211e-03 state_rel=3.718e-02
AllenCahn_Transient1D/CFNO epoch 0700/1200 mode=hybrid loss=2.483e-05/5.830e-04 test_loss=5.175e-04 mse_val=2.274e-04 pde_val=7.111e-03 state_rel=3.584e-02
AllenCahn_Transient1D/CFNO epoch 0800/1200 mode=hybrid loss=2.289e-05/5.940e-04 test_loss=4.820e-04 mse_val=2.346e-04 pde_val=7.187e-03 state_rel=3.629e-02
AllenCahn_Transient1D/CFNO epoch 0900/1200 mode=hybrid loss=2.164e-05/5.866e-04 test_loss=4.959e-04 mse_val=2.283e-04 pde_val=7.165e-03 state_rel=3.573e-02
AllenCahn_Transient1D/CFNO epoch 1000/1200 mode=hybrid loss=2.089e-05/5.897e-04 test_loss=4.853e-04 mse_val=2.318e-04 pde_val=7.159e-03 state_rel=3.584e-02
AllenCahn_Transient1D/CFNO epoch 1100/1200 mode=hybrid loss=2.036e-05/5.896e-04 test_loss=4.800e-04 mse_val=2.323e-04 pde_val=7.146e-03 state_rel=3.583e-02
AllenCahn_Transient1D/CFNO epoch 1200/1200 mode=hybrid loss=2.007e-05/5.928e-04 test_loss=4.785e-04 mse_val=2.347e-04 pde_val=7.162e-03 state_rel=3.605e-02
AllenCahn_Transient1D/HF_FNO epoch 0001/1200 mode=hybrid loss=1.962e-02/3.258e-02 test_loss=1.881e-02 mse_val=1.596e-02 pde_val=3.324e-01 state_rel=3.818e-01
AllenCahn_Transient1D/HF_FNO epoch 0100/1200 mode=hybrid loss=3.686e-03/1.085e-02 test_loss=6.169e-03 mse_val=5.740e-03 pde_val=1.022e-01 state_rel=1.966e-01
AllenCahn_Transient1D/HF_FNO epoch 0200/1200 mode=hybrid loss=1.319e-03/6.047e-03 test_loss=2.778e-03 mse_val=3.297e-03 pde_val=5.500e-02 state_rel=1.394e-01
AllenCahn_Transient1D/HF_FNO epoch 0300/1200 mode=hybrid loss=6.693e-04/3.523e-03 test_loss=1.822e-03 mse_val=1.823e-03 pde_val=3.401e-02 state_rel=1.034e-01
AllenCahn_Transient1D/HF_FNO epoch 0400/1200 mode=hybrid loss=3.568e-04/2.081e-03 test_loss=1.303e-03 mse_val=9.041e-04 pde_val=2.353e-02 state_rel=7.351e-02
AllenCahn_Transient1D/HF_FNO epoch 0500/1200 mode=hybrid loss=2.470e-04/1.520e-03 test_loss=1.086e-03 mse_val=5.745e-04 pde_val=1.891e-02 state_rel=5.940e-02
AllenCahn_Transient1D/HF_FNO epoch 0600/1200 mode=hybrid loss=1.926e-04/1.249e-03 test_loss=1.002e-03 mse_val=4.346e-04 pde_val=1.628e-02 state_rel=5.299e-02
AllenCahn_Transient1D/HF_FNO epoch 0700/1200 mode=hybrid loss=1.558e-04/1.139e-03 test_loss=9.151e-04 mse_val=3.748e-04 pde_val=1.528e-02 state_rel=4.943e-02
AllenCahn_Transient1D/HF_FNO epoch 0800/1200 mode=hybrid loss=1.358e-04/1.064e-03 test_loss=8.899e-04 mse_val=3.356e-04 pde_val=1.457e-02 state_rel=4.710e-02
AllenCahn_Transient1D/HF_FNO epoch 0900/1200 mode=hybrid loss=1.242e-04/1.039e-03 test_loss=8.487e-04 mse_val=3.185e-04 pde_val=1.440e-02 state_rel=4.589e-02
AllenCahn_Transient1D/HF_FNO epoch 1000/1200 mode=hybrid loss=1.173e-04/1.009e-03 test_loss=8.477e-04 mse_val=3.068e-04 pde_val=1.405e-02 state_rel=4.526e-02
AllenCahn_Transient1D/HF_FNO epoch 1100/1200 mode=hybrid loss=1.133e-04/9.948e-04 test_loss=8.436e-04 mse_val=2.999e-04 pde_val=1.390e-02 state_rel=4.487e-02
AllenCahn_Transient1D/HF_FNO epoch 1200/1200 mode=hybrid loss=1.107e-04/9.872e-04 test_loss=8.362e-04 mse_val=2.956e-04 pde_val=1.383e-02 state_rel=4.454e-02
AllenCahn_Transient1D/HF_CFNO epoch 0001/1200 mode=hybrid loss=1.997e-02/3.233e-02 test_loss=1.888e-02 mse_val=1.576e-02 pde_val=3.314e-01 state_rel=3.796e-01
AllenCahn_Transient1D/HF_CFNO epoch 0100/1200 mode=hybrid loss=1.597e-03/5.843e-03 test_loss=2.294e-03 mse_val=3.538e-03 pde_val=4.610e-02 state_rel=1.397e-01
AllenCahn_Transient1D/HF_CFNO epoch 0200/1200 mode=hybrid loss=3.223e-04/1.256e-03 test_loss=8.521e-04 mse_val=5.597e-04 pde_val=1.392e-02 state_rel=5.989e-02
AllenCahn_Transient1D/HF_CFNO epoch 0300/1200 mode=hybrid loss=1.263e-04/7.068e-04 test_loss=5.616e-04 mse_val=2.498e-04 pde_val=9.140e-03 state_rel=4.291e-02
AllenCahn_Transient1D/HF_CFNO epoch 0400/1200 mode=hybrid loss=7.014e-05/5.920e-04 test_loss=4.300e-04 mse_val=2.117e-04 pde_val=7.606e-03 state_rel=3.831e-02
AllenCahn_Transient1D/HF_CFNO epoch 0500/1200 mode=hybrid loss=5.220e-05/5.641e-04 test_loss=3.779e-04 mse_val=2.158e-04 pde_val=6.965e-03 state_rel=3.863e-02
AllenCahn_Transient1D/HF_CFNO epoch 0600/1200 mode=hybrid loss=4.084e-05/5.294e-04 test_loss=3.477e-04 mse_val=2.062e-04 pde_val=6.465e-03 state_rel=3.782e-02
AllenCahn_Transient1D/HF_CFNO epoch 0700/1200 mode=hybrid loss=3.262e-05/5.507e-04 test_loss=3.263e-04 mse_val=2.265e-04 pde_val=6.484e-03 state_rel=3.871e-02
AllenCahn_Transient1D/HF_CFNO epoch 0800/1200 mode=hybrid loss=2.834e-05/5.392e-04 test_loss=3.121e-04 mse_val=2.257e-04 pde_val=6.269e-03 state_rel=3.866e-02
AllenCahn_Transient1D/HF_CFNO epoch 0900/1200 mode=hybrid loss=2.595e-05/5.332e-04 test_loss=3.044e-04 mse_val=2.256e-04 pde_val=6.151e-03 state_rel=3.849e-02
AllenCahn_Transient1D/HF_CFNO epoch 1000/1200 mode=hybrid loss=2.452e-05/5.301e-04 test_loss=2.990e-04 mse_val=2.259e-04 pde_val=6.084e-03 state_rel=3.864e-02
AllenCahn_Transient1D/HF_CFNO epoch 1100/1200 mode=hybrid loss=2.358e-05/5.276e-04 test_loss=2.941e-04 mse_val=2.256e-04 pde_val=6.040e-03 state_rel=3.843e-02
AllenCahn_Transient1D/HF_CFNO epoch 1200/1200 mode=hybrid loss=2.298e-05/5.280e-04 test_loss=2.930e-04 mse_val=2.269e-04 pde_val=6.020e-03 state_rel=3.860e-02

=== [10/15] Burgers_Steady1D on cuda ===
Burgers_Steady1D/FNO epoch 0001/1200 mode=hybrid loss=3.765e-01/4.102e-01 test_loss=4.852e-01 mse_val=3.621e-01 pde_val=9.621e-01 state_rel=1.001e+00
Burgers_Steady1D/FNO epoch 0100/1200 mode=hybrid loss=1.125e-01/2.612e-01 test_loss=4.828e-01 mse_val=1.913e-01 pde_val=1.399e+00 state_rel=6.620e-01
Burgers_Steady1D/FNO epoch 0200/1200 mode=hybrid loss=6.147e-02/3.271e-01 test_loss=6.515e-01 mse_val=2.112e-01 pde_val=2.319e+00 state_rel=6.558e-01
Burgers_Steady1D/FNO epoch 0300/1200 mode=hybrid loss=4.633e-02/3.835e-01 test_loss=7.371e-01 mse_val=2.128e-01 pde_val=3.412e+00 state_rel=6.645e-01
Burgers_Steady1D/FNO epoch 0400/1200 mode=hybrid loss=3.880e-02/4.312e-01 test_loss=8.446e-01 mse_val=2.364e-01 pde_val=3.896e+00 state_rel=6.947e-01
Burgers_Steady1D/FNO epoch 0500/1200 mode=hybrid loss=3.237e-02/4.332e-01 test_loss=8.310e-01 mse_val=2.330e-01 pde_val=4.005e+00 state_rel=6.959e-01
Burgers_Steady1D/FNO epoch 0600/1200 mode=hybrid loss=3.068e-02/4.476e-01 test_loss=8.901e-01 mse_val=2.410e-01 pde_val=4.132e+00 state_rel=7.029e-01
Burgers_Steady1D/FNO epoch 0700/1200 mode=hybrid loss=2.841e-02/4.479e-01 test_loss=8.877e-01 mse_val=2.393e-01 pde_val=4.172e+00 state_rel=7.025e-01
Burgers_Steady1D/FNO epoch 0800/1200 mode=hybrid loss=2.596e-02/4.570e-01 test_loss=9.480e-01 mse_val=2.468e-01 pde_val=4.205e+00 state_rel=7.054e-01
Burgers_Steady1D/FNO epoch 0900/1200 mode=hybrid loss=2.503e-02/4.563e-01 test_loss=9.464e-01 mse_val=2.441e-01 pde_val=4.245e+00 state_rel=7.032e-01
Burgers_Steady1D/FNO epoch 1000/1200 mode=hybrid loss=2.442e-02/4.600e-01 test_loss=9.545e-01 mse_val=2.434e-01 pde_val=4.332e+00 state_rel=7.029e-01
Burgers_Steady1D/FNO epoch 1100/1200 mode=hybrid loss=2.408e-02/4.619e-01 test_loss=9.710e-01 mse_val=2.435e-01 pde_val=4.367e+00 state_rel=7.032e-01
Burgers_Steady1D/FNO epoch 1200/1200 mode=hybrid loss=2.392e-02/4.637e-01 test_loss=9.794e-01 mse_val=2.437e-01 pde_val=4.400e+00 state_rel=7.038e-01
Burgers_Steady1D/CFNO epoch 0001/1200 mode=hybrid loss=3.783e-01/4.080e-01 test_loss=4.872e-01 mse_val=3.595e-01 pde_val=9.709e-01 state_rel=9.970e-01
Burgers_Steady1D/CFNO epoch 0100/1200 mode=hybrid loss=5.742e-02/4.713e-01 test_loss=2.973e-01 mse_val=3.864e-01 pde_val=1.698e+00 state_rel=9.177e-01
Burgers_Steady1D/CFNO epoch 0200/1200 mode=hybrid loss=2.831e-02/5.122e-01 test_loss=3.808e-01 mse_val=4.136e-01 pde_val=1.973e+00 state_rel=9.148e-01
Burgers_Steady1D/CFNO epoch 0300/1200 mode=hybrid loss=1.871e-02/5.155e-01 test_loss=4.016e-01 mse_val=4.146e-01 pde_val=2.018e+00 state_rel=9.153e-01
Burgers_Steady1D/CFNO epoch 0400/1200 mode=hybrid loss=1.264e-02/5.492e-01 test_loss=4.030e-01 mse_val=4.381e-01 pde_val=2.222e+00 state_rel=9.333e-01
Burgers_Steady1D/CFNO epoch 0500/1200 mode=hybrid loss=9.933e-03/5.810e-01 test_loss=4.041e-01 mse_val=4.567e-01 pde_val=2.485e+00 state_rel=9.548e-01
Burgers_Steady1D/CFNO epoch 0600/1200 mode=hybrid loss=8.051e-03/5.943e-01 test_loss=3.835e-01 mse_val=4.578e-01 pde_val=2.729e+00 state_rel=9.585e-01
Burgers_Steady1D/CFNO epoch 0700/1200 mode=hybrid loss=6.864e-03/6.247e-01 test_loss=3.823e-01 mse_val=4.755e-01 pde_val=2.984e+00 state_rel=9.751e-01
Burgers_Steady1D/CFNO epoch 0800/1200 mode=hybrid loss=6.006e-03/6.312e-01 test_loss=3.891e-01 mse_val=4.741e-01 pde_val=3.142e+00 state_rel=9.740e-01
Burgers_Steady1D/CFNO epoch 0900/1200 mode=hybrid loss=5.515e-03/6.371e-01 test_loss=3.916e-01 mse_val=4.736e-01 pde_val=3.271e+00 state_rel=9.750e-01
Burgers_Steady1D/CFNO epoch 1000/1200 mode=hybrid loss=5.182e-03/6.451e-01 test_loss=3.960e-01 mse_val=4.772e-01 pde_val=3.358e+00 state_rel=9.779e-01
Burgers_Steady1D/CFNO epoch 1100/1200 mode=hybrid loss=4.983e-03/6.470e-01 test_loss=3.964e-01 mse_val=4.774e-01 pde_val=3.393e+00 state_rel=9.786e-01
Burgers_Steady1D/CFNO epoch 1200/1200 mode=hybrid loss=4.870e-03/6.487e-01 test_loss=3.968e-01 mse_val=4.775e-01 pde_val=3.423e+00 state_rel=9.788e-01
Burgers_Steady1D/HF_FNO epoch 0001/1200 mode=hybrid loss=3.800e-01/4.070e-01 test_loss=4.948e-01 mse_val=3.570e-01 pde_val=1.000e+00 state_rel=9.952e-01
Burgers_Steady1D/HF_FNO epoch 0100/1200 mode=hybrid loss=1.002e-01/2.284e-01 test_loss=1.855e-01 mse_val=1.947e-01 pde_val=6.741e-01 state_rel=6.697e-01
Burgers_Steady1D/HF_FNO epoch 0200/1200 mode=hybrid loss=2.482e-02/2.433e-01 test_loss=2.902e-01 mse_val=1.896e-01 pde_val=1.075e+00 state_rel=6.556e-01
Burgers_Steady1D/HF_FNO epoch 0300/1200 mode=hybrid loss=6.296e-03/2.384e-01 test_loss=3.580e-01 mse_val=1.789e-01 pde_val=1.190e+00 state_rel=6.428e-01
Burgers_Steady1D/HF_FNO epoch 0400/1200 mode=hybrid loss=3.288e-03/2.380e-01 test_loss=3.098e-01 mse_val=1.819e-01 pde_val=1.122e+00 state_rel=6.421e-01
Burgers_Steady1D/HF_FNO epoch 0500/1200 mode=hybrid loss=2.173e-03/2.485e-01 test_loss=3.036e-01 mse_val=1.863e-01 pde_val=1.244e+00 state_rel=6.488e-01
Burgers_Steady1D/HF_FNO epoch 0600/1200 mode=hybrid loss=1.635e-03/2.545e-01 test_loss=3.085e-01 mse_val=1.892e-01 pde_val=1.305e+00 state_rel=6.539e-01
Burgers_Steady1D/HF_FNO epoch 0700/1200 mode=hybrid loss=1.323e-03/2.611e-01 test_loss=3.159e-01 mse_val=1.925e-01 pde_val=1.372e+00 state_rel=6.591e-01
Burgers_Steady1D/HF_FNO epoch 0800/1200 mode=hybrid loss=1.134e-03/2.671e-01 test_loss=3.239e-01 mse_val=1.957e-01 pde_val=1.427e+00 state_rel=6.644e-01
Burgers_Steady1D/HF_FNO epoch 0900/1200 mode=hybrid loss=1.016e-03/2.712e-01 test_loss=3.287e-01 mse_val=1.978e-01 pde_val=1.468e+00 state_rel=6.675e-01
Burgers_Steady1D/HF_FNO epoch 1000/1200 mode=hybrid loss=9.469e-04/2.742e-01 test_loss=3.324e-01 mse_val=1.994e-01 pde_val=1.496e+00 state_rel=6.701e-01
Burgers_Steady1D/HF_FNO epoch 1100/1200 mode=hybrid loss=9.066e-04/2.761e-01 test_loss=3.347e-01 mse_val=2.004e-01 pde_val=1.513e+00 state_rel=6.715e-01
Burgers_Steady1D/HF_FNO epoch 1200/1200 mode=hybrid loss=8.807e-04/2.774e-01 test_loss=3.362e-01 mse_val=2.011e-01 pde_val=1.525e+00 state_rel=6.726e-01
Burgers_Steady1D/HF_CFNO epoch 0001/1200 mode=hybrid loss=3.812e-01/4.349e-01 test_loss=5.014e-01 mse_val=3.849e-01 pde_val=9.986e-01 state_rel=1.030e+00
Burgers_Steady1D/HF_CFNO epoch 0100/1200 mode=hybrid loss=7.762e-02/3.064e-01 test_loss=1.804e-01 mse_val=2.694e-01 pde_val=7.395e-01 state_rel=7.591e-01
Burgers_Steady1D/HF_CFNO epoch 0200/1200 mode=hybrid loss=1.946e-02/3.009e-01 test_loss=2.466e-01 mse_val=2.604e-01 pde_val=8.113e-01 state_rel=7.208e-01
Burgers_Steady1D/HF_CFNO epoch 0300/1200 mode=hybrid loss=3.741e-03/2.455e-01 test_loss=2.603e-01 mse_val=2.009e-01 pde_val=8.930e-01 state_rel=6.717e-01
Burgers_Steady1D/HF_CFNO epoch 0400/1200 mode=hybrid loss=1.437e-03/2.365e-01 test_loss=2.660e-01 mse_val=1.921e-01 pde_val=8.870e-01 state_rel=6.600e-01
Burgers_Steady1D/HF_CFNO epoch 0500/1200 mode=hybrid loss=8.110e-04/2.345e-01 test_loss=2.691e-01 mse_val=1.904e-01 pde_val=8.822e-01 state_rel=6.568e-01
Burgers_Steady1D/HF_CFNO epoch 0600/1200 mode=hybrid loss=5.344e-04/2.352e-01 test_loss=2.702e-01 mse_val=1.908e-01 pde_val=8.877e-01 state_rel=6.566e-01
Burgers_Steady1D/HF_CFNO epoch 0700/1200 mode=hybrid loss=4.005e-04/2.356e-01 test_loss=2.710e-01 mse_val=1.911e-01 pde_val=8.898e-01 state_rel=6.567e-01
Burgers_Steady1D/HF_CFNO epoch 0800/1200 mode=hybrid loss=3.265e-04/2.359e-01 test_loss=2.721e-01 mse_val=1.914e-01 pde_val=8.893e-01 state_rel=6.567e-01
Burgers_Steady1D/HF_CFNO epoch 0900/1200 mode=hybrid loss=2.847e-04/2.361e-01 test_loss=2.729e-01 mse_val=1.917e-01 pde_val=8.892e-01 state_rel=6.567e-01
Burgers_Steady1D/HF_CFNO epoch 1000/1200 mode=hybrid loss=2.608e-04/2.362e-01 test_loss=2.735e-01 mse_val=1.918e-01 pde_val=8.884e-01 state_rel=6.567e-01
Burgers_Steady1D/HF_CFNO epoch 1100/1200 mode=hybrid loss=2.472e-04/2.362e-01 test_loss=2.738e-01 mse_val=1.918e-01 pde_val=8.880e-01 state_rel=6.567e-01
Burgers_Steady1D/HF_CFNO epoch 1200/1200 mode=hybrid loss=2.386e-04/2.363e-01 test_loss=2.741e-01 mse_val=1.919e-01 pde_val=8.877e-01 state_rel=6.568e-01

=== [11/15] Burgers_Steady2D on cuda ===
Burgers_Steady2D/FNO epoch 0001/1200 mode=hybrid loss=1.815e-01/1.989e-01 test_loss=1.169e-01 mse_val=1.302e-01 pde_val=1.374e+00 state_rel=1.023e+00
Burgers_Steady2D/FNO epoch 0100/1200 mode=hybrid loss=4.491e-02/7.274e-02 test_loss=4.929e-02 mse_val=2.947e-02 pde_val=8.655e-01 state_rel=4.848e-01
Burgers_Steady2D/FNO epoch 0200/1200 mode=hybrid loss=3.622e-02/7.960e-02 test_loss=4.072e-02 mse_val=2.474e-02 pde_val=1.097e+00 state_rel=4.488e-01
Burgers_Steady2D/FNO epoch 0300/1200 mode=hybrid loss=2.844e-02/8.428e-02 test_loss=3.983e-02 mse_val=2.337e-02 pde_val=1.218e+00 state_rel=4.336e-01
Burgers_Steady2D/FNO epoch 0400/1200 mode=hybrid loss=2.613e-02/8.917e-02 test_loss=3.924e-02 mse_val=2.301e-02 pde_val=1.323e+00 state_rel=4.287e-01
Burgers_Steady2D/FNO epoch 0500/1200 mode=hybrid loss=2.590e-02/9.277e-02 test_loss=4.065e-02 mse_val=2.284e-02 pde_val=1.399e+00 state_rel=4.218e-01
Burgers_Steady2D/FNO epoch 0600/1200 mode=hybrid loss=2.400e-02/9.546e-02 test_loss=3.972e-02 mse_val=2.345e-02 pde_val=1.440e+00 state_rel=4.301e-01
Burgers_Steady2D/FNO epoch 0700/1200 mode=hybrid loss=2.333e-02/9.923e-02 test_loss=3.967e-02 mse_val=2.319e-02 pde_val=1.521e+00 state_rel=4.269e-01
Burgers_Steady2D/FNO epoch 0800/1200 mode=hybrid loss=2.292e-02/1.007e-01 test_loss=3.982e-02 mse_val=2.336e-02 pde_val=1.548e+00 state_rel=4.274e-01
Burgers_Steady2D/FNO epoch 0900/1200 mode=hybrid loss=2.277e-02/1.003e-01 test_loss=3.976e-02 mse_val=2.305e-02 pde_val=1.546e+00 state_rel=4.240e-01
Burgers_Steady2D/FNO epoch 1000/1200 mode=hybrid loss=2.261e-02/1.021e-01 test_loss=3.984e-02 mse_val=2.333e-02 pde_val=1.575e+00 state_rel=4.270e-01
Burgers_Steady2D/FNO epoch 1100/1200 mode=hybrid loss=2.254e-02/1.021e-01 test_loss=3.974e-02 mse_val=2.325e-02 pde_val=1.577e+00 state_rel=4.261e-01
Burgers_Steady2D/FNO epoch 1200/1200 mode=hybrid loss=2.251e-02/1.022e-01 test_loss=3.983e-02 mse_val=2.324e-02 pde_val=1.579e+00 state_rel=4.256e-01
Burgers_Steady2D/CFNO epoch 0001/1200 mode=hybrid loss=1.815e-01/1.929e-01 test_loss=1.256e-01 mse_val=1.255e-01 pde_val=1.348e+00 state_rel=9.612e-01
Burgers_Steady2D/CFNO epoch 0100/1200 mode=hybrid loss=1.105e-02/4.711e-02 test_loss=2.279e-02 mse_val=2.112e-02 pde_val=5.198e-01 state_rel=3.868e-01
Burgers_Steady2D/CFNO epoch 0200/1200 mode=hybrid loss=6.433e-03/4.734e-02 test_loss=1.832e-02 mse_val=1.938e-02 pde_val=5.590e-01 state_rel=3.725e-01
Burgers_Steady2D/CFNO epoch 0300/1200 mode=hybrid loss=5.755e-03/4.826e-02 test_loss=1.556e-02 mse_val=1.882e-02 pde_val=5.889e-01 state_rel=3.654e-01
Burgers_Steady2D/CFNO epoch 0400/1200 mode=hybrid loss=3.748e-03/5.021e-02 test_loss=1.556e-02 mse_val=1.926e-02 pde_val=6.190e-01 state_rel=3.606e-01
Burgers_Steady2D/CFNO epoch 0500/1200 mode=hybrid loss=3.127e-03/5.320e-02 test_loss=1.551e-02 mse_val=2.020e-02 pde_val=6.599e-01 state_rel=3.647e-01
Burgers_Steady2D/CFNO epoch 0600/1200 mode=hybrid loss=2.941e-03/5.416e-02 test_loss=1.541e-02 mse_val=2.035e-02 pde_val=6.764e-01 state_rel=3.624e-01
Burgers_Steady2D/CFNO epoch 0700/1200 mode=hybrid loss=2.533e-03/5.499e-02 test_loss=1.534e-02 mse_val=2.040e-02 pde_val=6.917e-01 state_rel=3.666e-01
Burgers_Steady2D/CFNO epoch 0800/1200 mode=hybrid loss=2.367e-03/5.555e-02 test_loss=1.530e-02 mse_val=2.048e-02 pde_val=7.014e-01 state_rel=3.666e-01
Burgers_Steady2D/CFNO epoch 0900/1200 mode=hybrid loss=2.276e-03/5.589e-02 test_loss=1.530e-02 mse_val=2.057e-02 pde_val=7.063e-01 state_rel=3.684e-01
Burgers_Steady2D/CFNO epoch 1000/1200 mode=hybrid loss=2.213e-03/5.618e-02 test_loss=1.528e-02 mse_val=2.057e-02 pde_val=7.121e-01 state_rel=3.674e-01
Burgers_Steady2D/CFNO epoch 1100/1200 mode=hybrid loss=2.181e-03/5.629e-02 test_loss=1.524e-02 mse_val=2.058e-02 pde_val=7.142e-01 state_rel=3.674e-01
Burgers_Steady2D/CFNO epoch 1200/1200 mode=hybrid loss=2.162e-03/5.644e-02 test_loss=1.524e-02 mse_val=2.062e-02 pde_val=7.164e-01 state_rel=3.677e-01
Burgers_Steady2D/HF_FNO epoch 0001/1200 mode=hybrid loss=1.848e-01/1.970e-01 test_loss=1.412e-01 mse_val=1.258e-01 pde_val=1.424e+00 state_rel=9.112e-01
Burgers_Steady2D/HF_FNO epoch 0100/1200 mode=hybrid loss=2.671e-02/8.958e-02 test_loss=3.627e-02 mse_val=5.863e-02 pde_val=6.190e-01 state_rel=7.031e-01
Burgers_Steady2D/HF_FNO epoch 0200/1200 mode=hybrid loss=6.902e-03/8.103e-02 test_loss=1.628e-02 mse_val=4.261e-02 pde_val=7.685e-01 state_rel=6.202e-01
Burgers_Steady2D/HF_FNO epoch 0300/1200 mode=hybrid loss=3.864e-03/7.366e-02 test_loss=1.272e-02 mse_val=3.661e-02 pde_val=7.410e-01 state_rel=5.804e-01
Burgers_Steady2D/HF_FNO epoch 0400/1200 mode=hybrid loss=2.079e-03/7.475e-02 test_loss=1.287e-02 mse_val=3.473e-02 pde_val=8.003e-01 state_rel=5.589e-01
Burgers_Steady2D/HF_FNO epoch 0500/1200 mode=hybrid loss=1.448e-03/7.402e-02 test_loss=1.241e-02 mse_val=3.427e-02 pde_val=7.949e-01 state_rel=5.555e-01
Burgers_Steady2D/HF_FNO epoch 0600/1200 mode=hybrid loss=1.126e-03/7.389e-02 test_loss=1.233e-02 mse_val=3.430e-02 pde_val=7.917e-01 state_rel=5.568e-01
Burgers_Steady2D/HF_FNO epoch 0700/1200 mode=hybrid loss=8.978e-04/7.389e-02 test_loss=1.237e-02 mse_val=3.440e-02 pde_val=7.898e-01 state_rel=5.573e-01
Burgers_Steady2D/HF_FNO epoch 0800/1200 mode=hybrid loss=7.745e-04/7.410e-02 test_loss=1.244e-02 mse_val=3.458e-02 pde_val=7.905e-01 state_rel=5.587e-01
Burgers_Steady2D/HF_FNO epoch 0900/1200 mode=hybrid loss=6.969e-04/7.412e-02 test_loss=1.245e-02 mse_val=3.464e-02 pde_val=7.896e-01 state_rel=5.592e-01
Burgers_Steady2D/HF_FNO epoch 1000/1200 mode=hybrid loss=6.521e-04/7.418e-02 test_loss=1.242e-02 mse_val=3.475e-02 pde_val=7.886e-01 state_rel=5.601e-01
Burgers_Steady2D/HF_FNO epoch 1100/1200 mode=hybrid loss=6.245e-04/7.423e-02 test_loss=1.242e-02 mse_val=3.477e-02 pde_val=7.892e-01 state_rel=5.602e-01
Burgers_Steady2D/HF_FNO epoch 1200/1200 mode=hybrid loss=6.072e-04/7.426e-02 test_loss=1.241e-02 mse_val=3.482e-02 pde_val=7.887e-01 state_rel=5.606e-01
Burgers_Steady2D/HF_CFNO epoch 0001/1200 mode=hybrid loss=1.868e-01/2.136e-01 test_loss=1.127e-01 mse_val=1.426e-01 pde_val=1.421e+00 state_rel=1.116e+00
Burgers_Steady2D/HF_CFNO epoch 0100/1200 mode=hybrid loss=1.254e-02/4.775e-02 test_loss=1.647e-02 mse_val=2.973e-02 pde_val=3.603e-01 state_rel=4.888e-01
Burgers_Steady2D/HF_CFNO epoch 0200/1200 mode=hybrid loss=1.767e-03/2.624e-02 test_loss=7.711e-03 mse_val=1.582e-02 pde_val=2.084e-01 state_rel=3.178e-01
Burgers_Steady2D/HF_CFNO epoch 0300/1200 mode=hybrid loss=6.300e-04/2.211e-02 test_loss=6.633e-03 mse_val=1.321e-02 pde_val=1.781e-01 state_rel=2.801e-01
Burgers_Steady2D/HF_CFNO epoch 0400/1200 mode=hybrid loss=3.279e-04/2.059e-02 test_loss=6.151e-03 mse_val=1.215e-02 pde_val=1.688e-01 state_rel=2.643e-01
Burgers_Steady2D/HF_CFNO epoch 0500/1200 mode=hybrid loss=2.037e-04/1.990e-02 test_loss=5.842e-03 mse_val=1.182e-02 pde_val=1.616e-01 state_rel=2.602e-01
Burgers_Steady2D/HF_CFNO epoch 0600/1200 mode=hybrid loss=1.442e-04/1.954e-02 test_loss=5.603e-03 mse_val=1.163e-02 pde_val=1.581e-01 state_rel=2.568e-01
Burgers_Steady2D/HF_CFNO epoch 0700/1200 mode=hybrid loss=1.131e-04/1.929e-02 test_loss=5.466e-03 mse_val=1.156e-02 pde_val=1.546e-01 state_rel=2.557e-01
Burgers_Steady2D/HF_CFNO epoch 0800/1200 mode=hybrid loss=9.434e-05/1.915e-02 test_loss=5.329e-03 mse_val=1.151e-02 pde_val=1.528e-01 state_rel=2.548e-01
Burgers_Steady2D/HF_CFNO epoch 0900/1200 mode=hybrid loss=8.402e-05/1.907e-02 test_loss=5.287e-03 mse_val=1.151e-02 pde_val=1.512e-01 state_rel=2.548e-01
Burgers_Steady2D/HF_CFNO epoch 1000/1200 mode=hybrid loss=7.711e-05/1.901e-02 test_loss=5.236e-03 mse_val=1.149e-02 pde_val=1.505e-01 state_rel=2.543e-01
Burgers_Steady2D/HF_CFNO epoch 1100/1200 mode=hybrid loss=7.360e-05/1.898e-02 test_loss=5.203e-03 mse_val=1.148e-02 pde_val=1.500e-01 state_rel=2.542e-01
Burgers_Steady2D/HF_CFNO epoch 1200/1200 mode=hybrid loss=7.126e-05/1.895e-02 test_loss=5.189e-03 mse_val=1.147e-02 pde_val=1.497e-01 state_rel=2.538e-01

=== [12/15] Burgers_Transient1D on cuda ===
Burgers_Transient1D/FNO epoch 0001/1200 mode=hybrid loss=5.590e-02/6.666e-02 test_loss=4.950e-02 mse_val=2.799e-02 pde_val=7.734e-01 state_rel=4.562e-01
Burgers_Transient1D/FNO epoch 0100/1200 mode=hybrid loss=1.573e-03/2.974e-03 test_loss=1.849e-03 mse_val=5.940e-04 pde_val=4.760e-02 state_rel=6.487e-02
Burgers_Transient1D/FNO epoch 0200/1200 mode=hybrid loss=8.643e-04/2.553e-03 test_loss=1.461e-03 mse_val=3.780e-04 pde_val=4.349e-02 state_rel=4.788e-02
Burgers_Transient1D/FNO epoch 0300/1200 mode=hybrid loss=6.784e-04/2.334e-03 test_loss=1.407e-03 mse_val=2.939e-04 pde_val=4.081e-02 state_rel=4.294e-02
Burgers_Transient1D/FNO epoch 0400/1200 mode=hybrid loss=5.779e-04/2.375e-03 test_loss=1.377e-03 mse_val=2.850e-04 pde_val=4.179e-02 state_rel=4.237e-02
Burgers_Transient1D/FNO epoch 0500/1200 mode=hybrid loss=5.298e-04/2.577e-03 test_loss=1.455e-03 mse_val=3.648e-04 pde_val=4.425e-02 state_rel=4.649e-02
Burgers_Transient1D/FNO epoch 0600/1200 mode=hybrid loss=4.798e-04/2.474e-03 test_loss=1.476e-03 mse_val=3.325e-04 pde_val=4.283e-02 state_rel=4.534e-02
Burgers_Transient1D/FNO epoch 0700/1200 mode=hybrid loss=4.397e-04/2.495e-03 test_loss=1.433e-03 mse_val=3.001e-04 pde_val=4.390e-02 state_rel=4.273e-02
Burgers_Transient1D/FNO epoch 0800/1200 mode=hybrid loss=4.175e-04/2.600e-03 test_loss=1.512e-03 mse_val=3.418e-04 pde_val=4.516e-02 state_rel=4.515e-02
Burgers_Transient1D/FNO epoch 0900/1200 mode=hybrid loss=4.023e-04/2.457e-03 test_loss=1.494e-03 mse_val=3.045e-04 pde_val=4.306e-02 state_rel=4.307e-02
Burgers_Transient1D/FNO epoch 1000/1200 mode=hybrid loss=3.947e-04/2.483e-03 test_loss=1.500e-03 mse_val=3.179e-04 pde_val=4.331e-02 state_rel=4.361e-02
Burgers_Transient1D/FNO epoch 1100/1200 mode=hybrid loss=3.889e-04/2.468e-03 test_loss=1.497e-03 mse_val=3.144e-04 pde_val=4.308e-02 state_rel=4.329e-02
Burgers_Transient1D/FNO epoch 1200/1200 mode=hybrid loss=3.861e-04/2.456e-03 test_loss=1.490e-03 mse_val=3.098e-04 pde_val=4.293e-02 state_rel=4.297e-02
Burgers_Transient1D/CFNO epoch 0001/1200 mode=hybrid loss=5.477e-02/6.136e-02 test_loss=4.390e-02 mse_val=2.495e-02 pde_val=7.282e-01 state_rel=4.260e-01
Burgers_Transient1D/CFNO epoch 0100/1200 mode=hybrid loss=1.164e-03/3.359e-03 test_loss=2.336e-03 mse_val=9.106e-04 pde_val=4.896e-02 state_rel=7.244e-02
Burgers_Transient1D/CFNO epoch 0200/1200 mode=hybrid loss=2.820e-04/2.320e-03 test_loss=1.386e-03 mse_val=5.623e-04 pde_val=3.515e-02 state_rel=5.465e-02
Burgers_Transient1D/CFNO epoch 0300/1200 mode=hybrid loss=1.823e-04/1.856e-03 test_loss=1.162e-03 mse_val=4.457e-04 pde_val=2.820e-02 state_rel=5.076e-02
Burgers_Transient1D/CFNO epoch 0400/1200 mode=hybrid loss=1.345e-04/1.679e-03 test_loss=1.074e-03 mse_val=3.863e-04 pde_val=2.586e-02 state_rel=4.753e-02
Burgers_Transient1D/CFNO epoch 0500/1200 mode=hybrid loss=1.176e-04/1.764e-03 test_loss=1.053e-03 mse_val=4.196e-04 pde_val=2.689e-02 state_rel=4.989e-02
Burgers_Transient1D/CFNO epoch 0600/1200 mode=hybrid loss=1.123e-04/1.866e-03 test_loss=1.031e-03 mse_val=4.678e-04 pde_val=2.797e-02 state_rel=5.291e-02
Burgers_Transient1D/CFNO epoch 0700/1200 mode=hybrid loss=8.163e-05/1.783e-03 test_loss=1.010e-03 mse_val=4.104e-04 pde_val=2.744e-02 state_rel=4.917e-02
Burgers_Transient1D/CFNO epoch 0800/1200 mode=hybrid loss=7.595e-05/1.784e-03 test_loss=1.000e-03 mse_val=4.037e-04 pde_val=2.761e-02 state_rel=4.861e-02
Burgers_Transient1D/CFNO epoch 0900/1200 mode=hybrid loss=7.055e-05/1.828e-03 test_loss=9.955e-04 mse_val=4.212e-04 pde_val=2.814e-02 state_rel=4.971e-02
Burgers_Transient1D/CFNO epoch 1000/1200 mode=hybrid loss=6.781e-05/1.826e-03 test_loss=9.908e-04 mse_val=4.185e-04 pde_val=2.815e-02 state_rel=4.953e-02
Burgers_Transient1D/CFNO epoch 1100/1200 mode=hybrid loss=6.610e-05/1.835e-03 test_loss=9.898e-04 mse_val=4.218e-04 pde_val=2.827e-02 state_rel=4.968e-02
Burgers_Transient1D/CFNO epoch 1200/1200 mode=hybrid loss=6.519e-05/1.831e-03 test_loss=9.890e-04 mse_val=4.184e-04 pde_val=2.826e-02 state_rel=4.941e-02
Burgers_Transient1D/HF_FNO epoch 0001/1200 mode=hybrid loss=5.997e-02/7.706e-02 test_loss=6.196e-02 mse_val=3.347e-02 pde_val=8.717e-01 state_rel=5.028e-01
Burgers_Transient1D/HF_FNO epoch 0100/1200 mode=hybrid loss=7.578e-03/1.204e-02 test_loss=1.186e-02 mse_val=3.901e-03 pde_val=1.628e-01 state_rel=1.652e-01
Burgers_Transient1D/HF_FNO epoch 0200/1200 mode=hybrid loss=1.127e-03/4.035e-03 test_loss=2.703e-03 mse_val=9.073e-04 pde_val=6.255e-02 state_rel=7.540e-02
Burgers_Transient1D/HF_FNO epoch 0300/1200 mode=hybrid loss=5.089e-04/2.306e-03 test_loss=1.428e-03 mse_val=4.265e-04 pde_val=3.758e-02 state_rel=5.034e-02
Burgers_Transient1D/HF_FNO epoch 0400/1200 mode=hybrid loss=3.277e-04/1.781e-03 test_loss=1.082e-03 mse_val=2.964e-04 pde_val=2.969e-02 state_rel=4.216e-02
Burgers_Transient1D/HF_FNO epoch 0500/1200 mode=hybrid loss=2.310e-04/1.623e-03 test_loss=8.962e-04 mse_val=2.547e-04 pde_val=2.737e-02 state_rel=3.806e-02
Burgers_Transient1D/HF_FNO epoch 0600/1200 mode=hybrid loss=1.883e-04/1.577e-03 test_loss=8.224e-04 mse_val=2.344e-04 pde_val=2.685e-02 state_rel=3.597e-02
Burgers_Transient1D/HF_FNO epoch 0700/1200 mode=hybrid loss=1.587e-04/1.540e-03 test_loss=7.734e-04 mse_val=2.213e-04 pde_val=2.637e-02 state_rel=3.439e-02
Burgers_Transient1D/HF_FNO epoch 0800/1200 mode=hybrid loss=1.438e-04/1.523e-03 test_loss=7.442e-04 mse_val=2.148e-04 pde_val=2.616e-02 state_rel=3.373e-02
Burgers_Transient1D/HF_FNO epoch 0900/1200 mode=hybrid loss=1.294e-04/1.499e-03 test_loss=7.214e-04 mse_val=2.061e-04 pde_val=2.586e-02 state_rel=3.293e-02
Burgers_Transient1D/HF_FNO epoch 1000/1200 mode=hybrid loss=1.229e-04/1.488e-03 test_loss=7.095e-04 mse_val=2.033e-04 pde_val=2.570e-02 state_rel=3.262e-02
Burgers_Transient1D/HF_FNO epoch 1100/1200 mode=hybrid loss=1.190e-04/1.478e-03 test_loss=7.000e-04 mse_val=2.007e-04 pde_val=2.556e-02 state_rel=3.232e-02
Burgers_Transient1D/HF_FNO epoch 1200/1200 mode=hybrid loss=1.165e-04/1.473e-03 test_loss=6.947e-04 mse_val=1.990e-04 pde_val=2.548e-02 state_rel=3.218e-02
Burgers_Transient1D/HF_CFNO epoch 0001/1200 mode=hybrid loss=5.411e-02/6.571e-02 test_loss=4.753e-02 mse_val=2.729e-02 pde_val=7.685e-01 state_rel=4.475e-01
Burgers_Transient1D/HF_CFNO epoch 0100/1200 mode=hybrid loss=5.694e-03/7.755e-03 test_loss=4.347e-03 mse_val=2.268e-03 pde_val=1.097e-01 state_rel=1.158e-01
Burgers_Transient1D/HF_CFNO epoch 0200/1200 mode=hybrid loss=1.481e-03/3.923e-03 test_loss=2.271e-03 mse_val=1.346e-03 pde_val=5.153e-02 state_rel=9.638e-02
Burgers_Transient1D/HF_CFNO epoch 0300/1200 mode=hybrid loss=4.173e-04/1.958e-03 test_loss=1.428e-03 mse_val=6.546e-04 pde_val=2.606e-02 state_rel=6.345e-02
Burgers_Transient1D/HF_CFNO epoch 0400/1200 mode=hybrid loss=2.351e-04/1.380e-03 test_loss=9.267e-04 mse_val=4.306e-04 pde_val=1.899e-02 state_rel=5.089e-02
Burgers_Transient1D/HF_CFNO epoch 0500/1200 mode=hybrid loss=1.733e-04/1.248e-03 test_loss=7.512e-04 mse_val=3.880e-04 pde_val=1.720e-02 state_rel=4.762e-02
Burgers_Transient1D/HF_CFNO epoch 0600/1200 mode=hybrid loss=1.335e-04/1.132e-03 test_loss=6.366e-04 mse_val=3.493e-04 pde_val=1.565e-02 state_rel=4.495e-02
Burgers_Transient1D/HF_CFNO epoch 0700/1200 mode=hybrid loss=1.042e-04/1.054e-03 test_loss=5.736e-04 mse_val=3.241e-04 pde_val=1.460e-02 state_rel=4.313e-02
Burgers_Transient1D/HF_CFNO epoch 0800/1200 mode=hybrid loss=8.976e-05/1.028e-03 test_loss=5.468e-04 mse_val=3.205e-04 pde_val=1.415e-02 state_rel=4.267e-02
Burgers_Transient1D/HF_CFNO epoch 0900/1200 mode=hybrid loss=8.072e-05/1.021e-03 test_loss=5.472e-04 mse_val=3.210e-04 pde_val=1.400e-02 state_rel=4.277e-02
Burgers_Transient1D/HF_CFNO epoch 1000/1200 mode=hybrid loss=7.594e-05/9.751e-04 test_loss=5.195e-04 mse_val=3.021e-04 pde_val=1.346e-02 state_rel=4.132e-02
Burgers_Transient1D/HF_CFNO epoch 1100/1200 mode=hybrid loss=7.287e-05/9.662e-04 test_loss=5.134e-04 mse_val=2.993e-04 pde_val=1.334e-02 state_rel=4.110e-02
Burgers_Transient1D/HF_CFNO epoch 1200/1200 mode=hybrid loss=7.116e-05/9.471e-04 test_loss=5.037e-04 mse_val=2.914e-04 pde_val=1.311e-02 state_rel=4.053e-02

=== [13/15] ReactionDiffusion_Steady1D on cuda ===
ReactionDiffusion_Steady1D/FNO epoch 0001/1200 mode=hybrid loss=3.771e-01/2.872e-01 test_loss=3.217e-01 mse_val=2.711e-01 pde_val=3.215e-01 state_rel=9.990e-01
ReactionDiffusion_Steady1D/FNO epoch 0100/1200 mode=hybrid loss=9.457e-02/1.897e-01 test_loss=2.261e-01 mse_val=1.680e-01 pde_val=4.352e-01 state_rel=7.482e-01
ReactionDiffusion_Steady1D/FNO epoch 0200/1200 mode=hybrid loss=7.046e-02/2.311e-01 test_loss=2.717e-01 mse_val=1.910e-01 pde_val=8.011e-01 state_rel=8.255e-01
ReactionDiffusion_Steady1D/FNO epoch 0300/1200 mode=hybrid loss=5.821e-02/2.653e-01 test_loss=3.042e-01 mse_val=2.003e-01 pde_val=1.299e+00 state_rel=8.506e-01
ReactionDiffusion_Steady1D/FNO epoch 0400/1200 mode=hybrid loss=5.423e-02/2.802e-01 test_loss=3.132e-01 mse_val=2.028e-01 pde_val=1.550e+00 state_rel=8.557e-01
ReactionDiffusion_Steady1D/FNO epoch 0500/1200 mode=hybrid loss=5.206e-02/2.932e-01 test_loss=3.332e-01 mse_val=2.043e-01 pde_val=1.777e+00 state_rel=8.584e-01
ReactionDiffusion_Steady1D/FNO epoch 0600/1200 mode=hybrid loss=4.816e-02/2.960e-01 test_loss=3.571e-01 mse_val=2.057e-01 pde_val=1.805e+00 state_rel=8.583e-01
ReactionDiffusion_Steady1D/FNO epoch 0700/1200 mode=hybrid loss=4.616e-02/3.012e-01 test_loss=3.681e-01 mse_val=2.075e-01 pde_val=1.874e+00 state_rel=8.668e-01
ReactionDiffusion_Steady1D/FNO epoch 0800/1200 mode=hybrid loss=4.502e-02/3.053e-01 test_loss=3.780e-01 mse_val=2.087e-01 pde_val=1.933e+00 state_rel=8.702e-01
ReactionDiffusion_Steady1D/FNO epoch 0900/1200 mode=hybrid loss=4.424e-02/3.080e-01 test_loss=3.897e-01 mse_val=2.094e-01 pde_val=1.973e+00 state_rel=8.716e-01
ReactionDiffusion_Steady1D/FNO epoch 1000/1200 mode=hybrid loss=4.371e-02/3.108e-01 test_loss=3.973e-01 mse_val=2.099e-01 pde_val=2.018e+00 state_rel=8.723e-01
ReactionDiffusion_Steady1D/FNO epoch 1100/1200 mode=hybrid loss=4.344e-02/3.129e-01 test_loss=4.007e-01 mse_val=2.103e-01 pde_val=2.052e+00 state_rel=8.736e-01
ReactionDiffusion_Steady1D/FNO epoch 1200/1200 mode=hybrid loss=4.327e-02/3.143e-01 test_loss=4.025e-01 mse_val=2.106e-01 pde_val=2.075e+00 state_rel=8.742e-01
ReactionDiffusion_Steady1D/CFNO epoch 0001/1200 mode=hybrid loss=3.785e-01/2.856e-01 test_loss=3.267e-01 mse_val=2.686e-01 pde_val=3.403e-01 state_rel=9.762e-01
ReactionDiffusion_Steady1D/CFNO epoch 0100/1200 mode=hybrid loss=5.593e-02/1.817e-01 test_loss=2.837e-01 mse_val=1.626e-01 pde_val=3.817e-01 state_rel=7.560e-01
ReactionDiffusion_Steady1D/CFNO epoch 0200/1200 mode=hybrid loss=3.019e-02/2.215e-01 test_loss=3.335e-01 mse_val=1.931e-01 pde_val=5.674e-01 state_rel=8.276e-01
ReactionDiffusion_Steady1D/CFNO epoch 0300/1200 mode=hybrid loss=2.066e-02/2.461e-01 test_loss=3.762e-01 mse_val=2.091e-01 pde_val=7.405e-01 state_rel=8.520e-01
ReactionDiffusion_Steady1D/CFNO epoch 0400/1200 mode=hybrid loss=1.621e-02/2.628e-01 test_loss=3.964e-01 mse_val=2.214e-01 pde_val=8.279e-01 state_rel=8.777e-01
ReactionDiffusion_Steady1D/CFNO epoch 0500/1200 mode=hybrid loss=1.258e-02/2.771e-01 test_loss=3.994e-01 mse_val=2.329e-01 pde_val=8.847e-01 state_rel=8.970e-01
ReactionDiffusion_Steady1D/CFNO epoch 0600/1200 mode=hybrid loss=1.037e-02/2.887e-01 test_loss=4.123e-01 mse_val=2.416e-01 pde_val=9.430e-01 state_rel=9.149e-01
ReactionDiffusion_Steady1D/CFNO epoch 0700/1200 mode=hybrid loss=8.779e-03/2.969e-01 test_loss=4.264e-01 mse_val=2.448e-01 pde_val=1.042e+00 state_rel=9.167e-01
ReactionDiffusion_Steady1D/CFNO epoch 0800/1200 mode=hybrid loss=7.608e-03/3.044e-01 test_loss=4.344e-01 mse_val=2.492e-01 pde_val=1.104e+00 state_rel=9.251e-01
ReactionDiffusion_Steady1D/CFNO epoch 0900/1200 mode=hybrid loss=7.044e-03/3.089e-01 test_loss=4.379e-01 mse_val=2.518e-01 pde_val=1.140e+00 state_rel=9.310e-01
ReactionDiffusion_Steady1D/CFNO epoch 1000/1200 mode=hybrid loss=6.613e-03/3.119e-01 test_loss=4.414e-01 mse_val=2.531e-01 pde_val=1.176e+00 state_rel=9.336e-01
ReactionDiffusion_Steady1D/CFNO epoch 1100/1200 mode=hybrid loss=6.406e-03/3.140e-01 test_loss=4.433e-01 mse_val=2.541e-01 pde_val=1.199e+00 state_rel=9.354e-01
ReactionDiffusion_Steady1D/CFNO epoch 1200/1200 mode=hybrid loss=6.257e-03/3.158e-01 test_loss=4.445e-01 mse_val=2.548e-01 pde_val=1.219e+00 state_rel=9.367e-01
ReactionDiffusion_Steady1D/HF_FNO epoch 0001/1200 mode=hybrid loss=3.758e-01/2.904e-01 test_loss=3.257e-01 mse_val=2.740e-01 pde_val=3.274e-01 state_rel=1.007e+00
ReactionDiffusion_Steady1D/HF_FNO epoch 0100/1200 mode=hybrid loss=9.645e-02/1.711e-01 test_loss=1.935e-01 mse_val=1.604e-01 pde_val=2.134e-01 state_rel=7.580e-01
ReactionDiffusion_Steady1D/HF_FNO epoch 0200/1200 mode=hybrid loss=3.022e-02/2.408e-01 test_loss=2.415e-01 mse_val=2.188e-01 pde_val=4.395e-01 state_rel=9.321e-01
ReactionDiffusion_Steady1D/HF_FNO epoch 0300/1200 mode=hybrid loss=1.141e-02/3.083e-01 test_loss=2.645e-01 mse_val=2.736e-01 pde_val=6.934e-01 state_rel=1.054e+00
ReactionDiffusion_Steady1D/HF_FNO epoch 0400/1200 mode=hybrid loss=5.533e-03/3.290e-01 test_loss=2.531e-01 mse_val=2.886e-01 pde_val=8.076e-01 state_rel=1.110e+00
ReactionDiffusion_Steady1D/HF_FNO epoch 0500/1200 mode=hybrid loss=3.237e-03/3.378e-01 test_loss=2.492e-01 mse_val=2.929e-01 pde_val=8.982e-01 state_rel=1.131e+00
ReactionDiffusion_Steady1D/HF_FNO epoch 0600/1200 mode=hybrid loss=2.178e-03/3.358e-01 test_loss=2.420e-01 mse_val=2.890e-01 pde_val=9.345e-01 state_rel=1.122e+00
ReactionDiffusion_Steady1D/HF_FNO epoch 0700/1200 mode=hybrid loss=1.660e-03/3.377e-01 test_loss=2.434e-01 mse_val=2.891e-01 pde_val=9.722e-01 state_rel=1.124e+00
ReactionDiffusion_Steady1D/HF_FNO epoch 0800/1200 mode=hybrid loss=1.362e-03/3.376e-01 test_loss=2.430e-01 mse_val=2.880e-01 pde_val=9.934e-01 state_rel=1.122e+00
ReactionDiffusion_Steady1D/HF_FNO epoch 0900/1200 mode=hybrid loss=1.196e-03/3.377e-01 test_loss=2.435e-01 mse_val=2.875e-01 pde_val=1.004e+00 state_rel=1.121e+00
ReactionDiffusion_Steady1D/HF_FNO epoch 1000/1200 mode=hybrid loss=1.110e-03/3.374e-01 test_loss=2.436e-01 mse_val=2.869e-01 pde_val=1.011e+00 state_rel=1.119e+00
ReactionDiffusion_Steady1D/HF_FNO epoch 1100/1200 mode=hybrid loss=1.056e-03/3.376e-01 test_loss=2.441e-01 mse_val=2.867e-01 pde_val=1.017e+00 state_rel=1.119e+00
ReactionDiffusion_Steady1D/HF_FNO epoch 1200/1200 mode=hybrid loss=1.025e-03/3.377e-01 test_loss=2.443e-01 mse_val=2.866e-01 pde_val=1.020e+00 state_rel=1.119e+00
ReactionDiffusion_Steady1D/HF_CFNO epoch 0001/1200 mode=hybrid loss=3.876e-01/2.944e-01 test_loss=3.465e-01 mse_val=2.755e-01 pde_val=3.781e-01 state_rel=9.698e-01
ReactionDiffusion_Steady1D/HF_CFNO epoch 0100/1200 mode=hybrid loss=7.993e-02/1.797e-01 test_loss=2.348e-01 mse_val=1.694e-01 pde_val=2.066e-01 state_rel=8.016e-01
ReactionDiffusion_Steady1D/HF_CFNO epoch 0200/1200 mode=hybrid loss=2.295e-02/2.177e-01 test_loss=3.418e-01 mse_val=2.051e-01 pde_val=2.529e-01 state_rel=8.561e-01
ReactionDiffusion_Steady1D/HF_CFNO epoch 0300/1200 mode=hybrid loss=5.926e-03/2.559e-01 test_loss=3.082e-01 mse_val=2.373e-01 pde_val=3.721e-01 state_rel=9.792e-01
ReactionDiffusion_Steady1D/HF_CFNO epoch 0400/1200 mode=hybrid loss=1.877e-03/2.625e-01 test_loss=2.845e-01 mse_val=2.426e-01 pde_val=3.986e-01 state_rel=1.008e+00
ReactionDiffusion_Steady1D/HF_CFNO epoch 0500/1200 mode=hybrid loss=9.557e-04/2.620e-01 test_loss=2.800e-01 mse_val=2.419e-01 pde_val=4.014e-01 state_rel=1.010e+00
ReactionDiffusion_Steady1D/HF_CFNO epoch 0600/1200 mode=hybrid loss=6.019e-04/2.601e-01 test_loss=2.771e-01 mse_val=2.404e-01 pde_val=3.954e-01 state_rel=1.009e+00
ReactionDiffusion_Steady1D/HF_CFNO epoch 0700/1200 mode=hybrid loss=4.349e-04/2.602e-01 test_loss=2.753e-01 mse_val=2.402e-01 pde_val=3.994e-01 state_rel=1.008e+00
ReactionDiffusion_Steady1D/HF_CFNO epoch 0800/1200 mode=hybrid loss=3.465e-04/2.606e-01 test_loss=2.741e-01 mse_val=2.406e-01 pde_val=3.999e-01 state_rel=1.009e+00
ReactionDiffusion_Steady1D/HF_CFNO epoch 0900/1200 mode=hybrid loss=2.971e-04/2.610e-01 test_loss=2.735e-01 mse_val=2.409e-01 pde_val=4.020e-01 state_rel=1.009e+00
ReactionDiffusion_Steady1D/HF_CFNO epoch 1000/1200 mode=hybrid loss=2.691e-04/2.612e-01 test_loss=2.731e-01 mse_val=2.411e-01 pde_val=4.028e-01 state_rel=1.010e+00
ReactionDiffusion_Steady1D/HF_CFNO epoch 1100/1200 mode=hybrid loss=2.533e-04/2.614e-01 test_loss=2.730e-01 mse_val=2.412e-01 pde_val=4.034e-01 state_rel=1.010e+00
ReactionDiffusion_Steady1D/HF_CFNO epoch 1200/1200 mode=hybrid loss=2.432e-04/2.615e-01 test_loss=2.729e-01 mse_val=2.413e-01 pde_val=4.039e-01 state_rel=1.010e+00

=== [14/15] ReactionDiffusion_Steady2D on cuda ===
ReactionDiffusion_Steady2D/FNO epoch 0001/1200 mode=hybrid loss=1.023e-01/1.407e-01 test_loss=1.072e-01 mse_val=1.349e-01 pde_val=1.176e-01 state_rel=9.646e-01
ReactionDiffusion_Steady2D/FNO epoch 0100/1200 mode=hybrid loss=2.337e-02/8.409e-02 test_loss=3.593e-02 mse_val=5.841e-02 pde_val=5.136e-01 state_rel=5.824e-01
ReactionDiffusion_Steady2D/FNO epoch 0200/1200 mode=hybrid loss=2.014e-02/9.217e-02 test_loss=3.705e-02 mse_val=5.742e-02 pde_val=6.950e-01 state_rel=5.749e-01
ReactionDiffusion_Steady2D/FNO epoch 0300/1200 mode=hybrid loss=1.881e-02/9.542e-02 test_loss=3.604e-02 mse_val=5.612e-02 pde_val=7.859e-01 state_rel=5.677e-01
ReactionDiffusion_Steady2D/FNO epoch 0400/1200 mode=hybrid loss=1.814e-02/9.974e-02 test_loss=3.775e-02 mse_val=5.670e-02 pde_val=8.608e-01 state_rel=5.712e-01
ReactionDiffusion_Steady2D/FNO epoch 0500/1200 mode=hybrid loss=1.761e-02/9.986e-02 test_loss=3.802e-02 mse_val=5.633e-02 pde_val=8.706e-01 state_rel=5.704e-01
ReactionDiffusion_Steady2D/FNO epoch 0600/1200 mode=hybrid loss=1.736e-02/1.001e-01 test_loss=3.834e-02 mse_val=5.614e-02 pde_val=8.790e-01 state_rel=5.698e-01
ReactionDiffusion_Steady2D/FNO epoch 0700/1200 mode=hybrid loss=1.711e-02/1.005e-01 test_loss=3.851e-02 mse_val=5.604e-02 pde_val=8.890e-01 state_rel=5.696e-01
ReactionDiffusion_Steady2D/FNO epoch 0800/1200 mode=hybrid loss=1.701e-02/1.009e-01 test_loss=3.880e-02 mse_val=5.610e-02 pde_val=8.965e-01 state_rel=5.698e-01
ReactionDiffusion_Steady2D/FNO epoch 0900/1200 mode=hybrid loss=1.698e-02/1.009e-01 test_loss=3.880e-02 mse_val=5.617e-02 pde_val=8.945e-01 state_rel=5.698e-01
ReactionDiffusion_Steady2D/FNO epoch 1000/1200 mode=hybrid loss=1.692e-02/1.011e-01 test_loss=3.898e-02 mse_val=5.612e-02 pde_val=8.990e-01 state_rel=5.700e-01
ReactionDiffusion_Steady2D/FNO epoch 1100/1200 mode=hybrid loss=1.690e-02/1.011e-01 test_loss=3.902e-02 mse_val=5.610e-02 pde_val=9.004e-01 state_rel=5.699e-01
ReactionDiffusion_Steady2D/FNO epoch 1200/1200 mode=hybrid loss=1.690e-02/1.013e-01 test_loss=3.905e-02 mse_val=5.619e-02 pde_val=9.022e-01 state_rel=5.704e-01
ReactionDiffusion_Steady2D/CFNO epoch 0001/1200 mode=hybrid loss=1.013e-01/1.417e-01 test_loss=1.087e-01 mse_val=1.356e-01 pde_val=1.229e-01 state_rel=9.716e-01
ReactionDiffusion_Steady2D/CFNO epoch 0100/1200 mode=hybrid loss=4.984e-03/2.467e-02 test_loss=1.352e-02 mse_val=1.758e-02 pde_val=1.417e-01 state_rel=2.977e-01
ReactionDiffusion_Steady2D/CFNO epoch 0200/1200 mode=hybrid loss=3.037e-03/2.075e-02 test_loss=1.283e-02 mse_val=1.383e-02 pde_val=1.385e-01 state_rel=2.615e-01
ReactionDiffusion_Steady2D/CFNO epoch 0300/1200 mode=hybrid loss=1.968e-03/2.235e-02 test_loss=1.150e-02 mse_val=1.474e-02 pde_val=1.521e-01 state_rel=2.663e-01
ReactionDiffusion_Steady2D/CFNO epoch 0400/1200 mode=hybrid loss=1.541e-03/2.171e-02 test_loss=1.108e-02 mse_val=1.354e-02 pde_val=1.634e-01 state_rel=2.555e-01
ReactionDiffusion_Steady2D/CFNO epoch 0500/1200 mode=hybrid loss=1.124e-03/2.170e-02 test_loss=1.101e-02 mse_val=1.320e-02 pde_val=1.700e-01 state_rel=2.527e-01
ReactionDiffusion_Steady2D/CFNO epoch 0600/1200 mode=hybrid loss=9.058e-04/2.184e-02 test_loss=1.036e-02 mse_val=1.312e-02 pde_val=1.743e-01 state_rel=2.523e-01
ReactionDiffusion_Steady2D/CFNO epoch 0700/1200 mode=hybrid loss=7.797e-04/2.161e-02 test_loss=1.013e-02 mse_val=1.267e-02 pde_val=1.788e-01 state_rel=2.480e-01
ReactionDiffusion_Steady2D/CFNO epoch 0800/1200 mode=hybrid loss=7.136e-04/2.149e-02 test_loss=1.008e-02 mse_val=1.251e-02 pde_val=1.796e-01 state_rel=2.469e-01
ReactionDiffusion_Steady2D/CFNO epoch 0900/1200 mode=hybrid loss=6.616e-04/2.142e-02 test_loss=1.013e-02 mse_val=1.237e-02 pde_val=1.811e-01 state_rel=2.458e-01
ReactionDiffusion_Steady2D/CFNO epoch 1000/1200 mode=hybrid loss=6.374e-04/2.140e-02 test_loss=1.006e-02 mse_val=1.227e-02 pde_val=1.826e-01 state_rel=2.448e-01
ReactionDiffusion_Steady2D/CFNO epoch 1100/1200 mode=hybrid loss=6.231e-04/2.141e-02 test_loss=1.007e-02 mse_val=1.226e-02 pde_val=1.830e-01 state_rel=2.447e-01
ReactionDiffusion_Steady2D/CFNO epoch 1200/1200 mode=hybrid loss=6.148e-04/2.139e-02 test_loss=1.006e-02 mse_val=1.222e-02 pde_val=1.834e-01 state_rel=2.443e-01
ReactionDiffusion_Steady2D/HF_FNO epoch 0001/1200 mode=hybrid loss=1.018e-01/1.494e-01 test_loss=1.107e-01 mse_val=1.432e-01 pde_val=1.238e-01 state_rel=1.001e+00
ReactionDiffusion_Steady2D/HF_FNO epoch 0100/1200 mode=hybrid loss=1.237e-02/5.803e-02 test_loss=2.315e-02 mse_val=5.142e-02 pde_val=1.322e-01 state_rel=5.728e-01
ReactionDiffusion_Steady2D/HF_FNO epoch 0200/1200 mode=hybrid loss=2.611e-03/3.954e-02 test_loss=1.954e-02 mse_val=3.173e-02 pde_val=1.562e-01 state_rel=4.375e-01
ReactionDiffusion_Steady2D/HF_FNO epoch 0300/1200 mode=hybrid loss=1.131e-03/3.534e-02 test_loss=2.308e-02 mse_val=2.876e-02 pde_val=1.316e-01 state_rel=4.093e-01
ReactionDiffusion_Steady2D/HF_FNO epoch 0400/1200 mode=hybrid loss=7.035e-04/3.322e-02 test_loss=2.474e-02 mse_val=2.734e-02 pde_val=1.175e-01 state_rel=3.949e-01
ReactionDiffusion_Steady2D/HF_FNO epoch 0500/1200 mode=hybrid loss=4.793e-04/3.266e-02 test_loss=2.598e-02 mse_val=2.681e-02 pde_val=1.169e-01 state_rel=3.873e-01
ReactionDiffusion_Steady2D/HF_FNO epoch 0600/1200 mode=hybrid loss=3.722e-04/3.285e-02 test_loss=2.642e-02 mse_val=2.688e-02 pde_val=1.193e-01 state_rel=3.852e-01
ReactionDiffusion_Steady2D/HF_FNO epoch 0700/1200 mode=hybrid loss=3.063e-04/3.309e-02 test_loss=2.646e-02 mse_val=2.702e-02 pde_val=1.216e-01 state_rel=3.845e-01
ReactionDiffusion_Steady2D/HF_FNO epoch 0800/1200 mode=hybrid loss=2.670e-04/3.341e-02 test_loss=2.640e-02 mse_val=2.724e-02 pde_val=1.235e-01 state_rel=3.846e-01
ReactionDiffusion_Steady2D/HF_FNO epoch 0900/1200 mode=hybrid loss=2.430e-04/3.361e-02 test_loss=2.643e-02 mse_val=2.737e-02 pde_val=1.248e-01 state_rel=3.848e-01
ReactionDiffusion_Steady2D/HF_FNO epoch 1000/1200 mode=hybrid loss=2.285e-04/3.373e-02 test_loss=2.644e-02 mse_val=2.745e-02 pde_val=1.256e-01 state_rel=3.849e-01
ReactionDiffusion_Steady2D/HF_FNO epoch 1100/1200 mode=hybrid loss=2.201e-04/3.380e-02 test_loss=2.640e-02 mse_val=2.749e-02 pde_val=1.260e-01 state_rel=3.849e-01
ReactionDiffusion_Steady2D/HF_FNO epoch 1200/1200 mode=hybrid loss=2.147e-04/3.384e-02 test_loss=2.642e-02 mse_val=2.752e-02 pde_val=1.263e-01 state_rel=3.848e-01
ReactionDiffusion_Steady2D/HF_CFNO epoch 0001/1200 mode=hybrid loss=1.022e-01/1.496e-01 test_loss=1.093e-01 mse_val=1.437e-01 pde_val=1.183e-01 state_rel=9.992e-01
ReactionDiffusion_Steady2D/HF_CFNO epoch 0100/1200 mode=hybrid loss=6.670e-03/4.235e-02 test_loss=1.201e-02 mse_val=3.753e-02 pde_val=9.655e-02 state_rel=4.802e-01
ReactionDiffusion_Steady2D/HF_CFNO epoch 0200/1200 mode=hybrid loss=7.326e-04/1.942e-02 test_loss=4.384e-03 mse_val=1.705e-02 pde_val=4.734e-02 state_rel=2.977e-01
ReactionDiffusion_Steady2D/HF_CFNO epoch 0300/1200 mode=hybrid loss=2.527e-04/1.467e-02 test_loss=3.114e-03 mse_val=1.300e-02 pde_val=3.322e-02 state_rel=2.518e-01
ReactionDiffusion_Steady2D/HF_CFNO epoch 0400/1200 mode=hybrid loss=1.323e-04/1.212e-02 test_loss=2.665e-03 mse_val=1.074e-02 pde_val=2.760e-02 state_rel=2.288e-01
ReactionDiffusion_Steady2D/HF_CFNO epoch 0500/1200 mode=hybrid loss=7.920e-05/1.109e-02 test_loss=2.380e-03 mse_val=9.872e-03 pde_val=2.429e-02 state_rel=2.180e-01
ReactionDiffusion_Steady2D/HF_CFNO epoch 0600/1200 mode=hybrid loss=6.054e-05/1.025e-02 test_loss=2.254e-03 mse_val=9.143e-03 pde_val=2.218e-02 state_rel=2.099e-01
ReactionDiffusion_Steady2D/HF_CFNO epoch 0700/1200 mode=hybrid loss=4.486e-05/9.656e-03 test_loss=2.200e-03 mse_val=8.616e-03 pde_val=2.079e-02 state_rel=2.045e-01
ReactionDiffusion_Steady2D/HF_CFNO epoch 0800/1200 mode=hybrid loss=3.650e-05/9.324e-03 test_loss=2.179e-03 mse_val=8.330e-03 pde_val=1.987e-02 state_rel=2.013e-01
ReactionDiffusion_Steady2D/HF_CFNO epoch 0900/1200 mode=hybrid loss=3.227e-05/9.059e-03 test_loss=2.131e-03 mse_val=8.096e-03 pde_val=1.925e-02 state_rel=1.986e-01
ReactionDiffusion_Steady2D/HF_CFNO epoch 1000/1200 mode=hybrid loss=2.967e-05/8.893e-03 test_loss=2.124e-03 mse_val=7.950e-03 pde_val=1.886e-02 state_rel=1.970e-01
ReactionDiffusion_Steady2D/HF_CFNO epoch 1100/1200 mode=hybrid loss=2.802e-05/8.818e-03 test_loss=2.116e-03 mse_val=7.887e-03 pde_val=1.862e-02 state_rel=1.964e-01
ReactionDiffusion_Steady2D/HF_CFNO epoch 1200/1200 mode=hybrid loss=2.727e-05/8.738e-03 test_loss=2.106e-03 mse_val=7.815e-03 pde_val=1.847e-02 state_rel=1.955e-01

=== [15/15] ReactionDiffusion_Transient1D on cuda ===
ReactionDiffusion_Transient1D/FNO epoch 0001/1200 mode=hybrid loss=5.024e-02/6.273e-02 test_loss=3.222e-02 mse_val=2.235e-02 pde_val=8.076e-01 state_rel=4.147e-01
ReactionDiffusion_Transient1D/FNO epoch 0100/1200 mode=hybrid loss=1.057e-03/2.205e-03 test_loss=8.699e-04 mse_val=3.766e-04 pde_val=3.656e-02 state_rel=5.268e-02
ReactionDiffusion_Transient1D/FNO epoch 0200/1200 mode=hybrid loss=4.026e-04/1.286e-03 test_loss=5.322e-04 mse_val=1.607e-04 pde_val=2.251e-02 state_rel=3.380e-02
ReactionDiffusion_Transient1D/FNO epoch 0300/1200 mode=hybrid loss=2.875e-04/1.025e-03 test_loss=4.697e-04 mse_val=8.715e-05 pde_val=1.876e-02 state_rel=2.450e-02
ReactionDiffusion_Transient1D/FNO epoch 0400/1200 mode=hybrid loss=2.654e-04/1.048e-03 test_loss=4.702e-04 mse_val=8.446e-05 pde_val=1.928e-02 state_rel=2.424e-02
ReactionDiffusion_Transient1D/FNO epoch 0500/1200 mode=hybrid loss=2.382e-04/9.981e-04 test_loss=4.508e-04 mse_val=7.546e-05 pde_val=1.845e-02 state_rel=2.275e-02
ReactionDiffusion_Transient1D/FNO epoch 0600/1200 mode=hybrid loss=2.089e-04/9.833e-04 test_loss=4.303e-04 mse_val=7.212e-05 pde_val=1.822e-02 state_rel=2.266e-02
ReactionDiffusion_Transient1D/FNO epoch 0700/1200 mode=hybrid loss=1.905e-04/9.770e-04 test_loss=4.205e-04 mse_val=7.280e-05 pde_val=1.808e-02 state_rel=2.291e-02
ReactionDiffusion_Transient1D/FNO epoch 0800/1200 mode=hybrid loss=1.819e-04/9.607e-04 test_loss=4.281e-04 mse_val=6.545e-05 pde_val=1.791e-02 state_rel=2.156e-02
ReactionDiffusion_Transient1D/FNO epoch 0900/1200 mode=hybrid loss=1.764e-04/9.618e-04 test_loss=4.223e-04 mse_val=6.683e-05 pde_val=1.790e-02 state_rel=2.182e-02
ReactionDiffusion_Transient1D/FNO epoch 1000/1200 mode=hybrid loss=1.730e-04/9.600e-04 test_loss=4.209e-04 mse_val=6.598e-05 pde_val=1.788e-02 state_rel=2.166e-02
ReactionDiffusion_Transient1D/FNO epoch 1100/1200 mode=hybrid loss=1.713e-04/9.615e-04 test_loss=4.203e-04 mse_val=6.611e-05 pde_val=1.791e-02 state_rel=2.169e-02
ReactionDiffusion_Transient1D/FNO epoch 1200/1200 mode=hybrid loss=1.703e-04/9.617e-04 test_loss=4.191e-04 mse_val=6.633e-05 pde_val=1.791e-02 state_rel=2.174e-02
ReactionDiffusion_Transient1D/CFNO epoch 0001/1200 mode=hybrid loss=5.732e-02/6.622e-02 test_loss=3.584e-02 mse_val=2.336e-02 pde_val=8.572e-01 state_rel=4.245e-01
ReactionDiffusion_Transient1D/CFNO epoch 0100/1200 mode=hybrid loss=9.163e-04/2.026e-03 test_loss=8.371e-04 mse_val=3.554e-04 pde_val=3.342e-02 state_rel=5.358e-02
ReactionDiffusion_Transient1D/CFNO epoch 0200/1200 mode=hybrid loss=1.788e-04/7.830e-04 test_loss=2.623e-04 mse_val=1.125e-04 pde_val=1.341e-02 state_rel=2.996e-02
ReactionDiffusion_Transient1D/CFNO epoch 0300/1200 mode=hybrid loss=1.190e-04/7.222e-04 test_loss=2.539e-04 mse_val=9.895e-05 pde_val=1.246e-02 state_rel=2.835e-02
ReactionDiffusion_Transient1D/CFNO epoch 0400/1200 mode=hybrid loss=8.378e-05/6.575e-04 test_loss=2.323e-04 mse_val=7.453e-05 pde_val=1.166e-02 state_rel=2.383e-02
ReactionDiffusion_Transient1D/CFNO epoch 0500/1200 mode=hybrid loss=6.881e-05/6.468e-04 test_loss=2.295e-04 mse_val=7.494e-05 pde_val=1.144e-02 state_rel=2.398e-02
ReactionDiffusion_Transient1D/CFNO epoch 0600/1200 mode=hybrid loss=6.296e-05/6.601e-04 test_loss=2.386e-04 mse_val=7.929e-05 pde_val=1.162e-02 state_rel=2.478e-02
ReactionDiffusion_Transient1D/CFNO epoch 0700/1200 mode=hybrid loss=5.340e-05/6.508e-04 test_loss=2.428e-04 mse_val=7.163e-05 pde_val=1.158e-02 state_rel=2.332e-02
ReactionDiffusion_Transient1D/CFNO epoch 0800/1200 mode=hybrid loss=4.821e-05/6.601e-04 test_loss=2.468e-04 mse_val=7.237e-05 pde_val=1.175e-02 state_rel=2.350e-02
ReactionDiffusion_Transient1D/CFNO epoch 0900/1200 mode=hybrid loss=4.591e-05/6.662e-04 test_loss=2.504e-04 mse_val=7.354e-05 pde_val=1.185e-02 state_rel=2.358e-02
ReactionDiffusion_Transient1D/CFNO epoch 1000/1200 mode=hybrid loss=4.416e-05/6.658e-04 test_loss=2.524e-04 mse_val=7.227e-05 pde_val=1.187e-02 state_rel=2.337e-02
ReactionDiffusion_Transient1D/CFNO epoch 1100/1200 mode=hybrid loss=4.327e-05/6.701e-04 test_loss=2.527e-04 mse_val=7.297e-05 pde_val=1.194e-02 state_rel=2.349e-02
ReactionDiffusion_Transient1D/CFNO epoch 1200/1200 mode=hybrid loss=4.266e-05/6.684e-04 test_loss=2.532e-04 mse_val=7.205e-05 pde_val=1.193e-02 state_rel=2.336e-02
ReactionDiffusion_Transient1D/HF_FNO epoch 0001/1200 mode=hybrid loss=5.376e-02/6.740e-02 test_loss=3.571e-02 mse_val=2.483e-02 pde_val=8.515e-01 state_rel=4.412e-01
ReactionDiffusion_Transient1D/HF_FNO epoch 0100/1200 mode=hybrid loss=6.968e-03/9.969e-03 test_loss=4.646e-03 mse_val=2.838e-03 pde_val=1.426e-01 state_rel=1.432e-01
ReactionDiffusion_Transient1D/HF_FNO epoch 0200/1200 mode=hybrid loss=8.928e-04/1.693e-03 test_loss=8.327e-04 mse_val=2.634e-04 pde_val=2.859e-02 state_rel=4.417e-02
ReactionDiffusion_Transient1D/HF_FNO epoch 0300/1200 mode=hybrid loss=4.664e-04/1.134e-03 test_loss=4.649e-04 mse_val=1.736e-04 pde_val=1.922e-02 state_rel=3.516e-02
ReactionDiffusion_Transient1D/HF_FNO epoch 0400/1200 mode=hybrid loss=2.850e-04/7.968e-04 test_loss=2.989e-04 mse_val=1.078e-04 pde_val=1.378e-02 state_rel=2.762e-02
ReactionDiffusion_Transient1D/HF_FNO epoch 0500/1200 mode=hybrid loss=2.130e-04/6.359e-04 test_loss=2.306e-04 mse_val=8.492e-05 pde_val=1.102e-02 state_rel=2.446e-02
ReactionDiffusion_Transient1D/HF_FNO epoch 0600/1200 mode=hybrid loss=1.630e-04/5.418e-04 test_loss=1.962e-04 mse_val=6.911e-05 pde_val=9.454e-03 state_rel=2.263e-02
ReactionDiffusion_Transient1D/HF_FNO epoch 0700/1200 mode=hybrid loss=1.237e-04/5.038e-04 test_loss=1.604e-04 mse_val=6.684e-05 pde_val=8.739e-03 state_rel=2.187e-02
ReactionDiffusion_Transient1D/HF_FNO epoch 0800/1200 mode=hybrid loss=1.108e-04/4.647e-04 test_loss=1.463e-04 mse_val=6.060e-05 pde_val=8.082e-03 state_rel=2.090e-02
ReactionDiffusion_Transient1D/HF_FNO epoch 0900/1200 mode=hybrid loss=9.927e-05/4.413e-04 test_loss=1.386e-04 mse_val=5.708e-05 pde_val=7.684e-03 state_rel=2.027e-02
ReactionDiffusion_Transient1D/HF_FNO epoch 1000/1200 mode=hybrid loss=9.394e-05/4.290e-04 test_loss=1.335e-04 mse_val=5.511e-05 pde_val=7.478e-03 state_rel=2.000e-02
ReactionDiffusion_Transient1D/HF_FNO epoch 1100/1200 mode=hybrid loss=9.043e-05/4.230e-04 test_loss=1.306e-04 mse_val=5.444e-05 pde_val=7.372e-03 state_rel=1.983e-02
ReactionDiffusion_Transient1D/HF_FNO epoch 1200/1200 mode=hybrid loss=8.840e-05/4.179e-04 test_loss=1.285e-04 mse_val=5.365e-05 pde_val=7.285e-03 state_rel=1.968e-02
ReactionDiffusion_Transient1D/HF_CFNO epoch 0001/1200 mode=hybrid loss=5.156e-02/6.746e-02 test_loss=3.595e-02 mse_val=2.433e-02 pde_val=8.624e-01 state_rel=4.353e-01
ReactionDiffusion_Transient1D/HF_CFNO epoch 0100/1200 mode=hybrid loss=2.554e-03/4.879e-03 test_loss=1.733e-03 mse_val=1.351e-03 pde_val=7.057e-02 state_rel=9.745e-02
ReactionDiffusion_Transient1D/HF_CFNO epoch 0200/1200 mode=hybrid loss=3.235e-04/7.632e-04 test_loss=2.970e-04 mse_val=1.265e-04 pde_val=1.273e-02 state_rel=2.994e-02
ReactionDiffusion_Transient1D/HF_CFNO epoch 0300/1200 mode=hybrid loss=1.507e-04/4.366e-04 test_loss=1.410e-04 mse_val=6.698e-05 pde_val=7.393e-03 state_rel=2.184e-02
ReactionDiffusion_Transient1D/HF_CFNO epoch 0400/1200 mode=hybrid loss=9.210e-05/3.276e-04 test_loss=1.039e-04 mse_val=4.939e-05 pde_val=5.565e-03 state_rel=1.834e-02
ReactionDiffusion_Transient1D/HF_CFNO epoch 0500/1200 mode=hybrid loss=6.699e-05/2.824e-04 test_loss=9.248e-05 mse_val=4.342e-05 pde_val=4.780e-03 state_rel=1.855e-02
ReactionDiffusion_Transient1D/HF_CFNO epoch 0600/1200 mode=hybrid loss=4.546e-05/2.338e-04 test_loss=6.953e-05 mse_val=3.552e-05 pde_val=3.966e-03 state_rel=1.574e-02
ReactionDiffusion_Transient1D/HF_CFNO epoch 0700/1200 mode=hybrid loss=3.817e-05/2.099e-04 test_loss=5.889e-05 mse_val=3.139e-05 pde_val=3.571e-03 state_rel=1.504e-02
ReactionDiffusion_Transient1D/HF_CFNO epoch 0800/1200 mode=hybrid loss=3.326e-05/1.934e-04 test_loss=5.795e-05 mse_val=2.889e-05 pde_val=3.290e-03 state_rel=1.419e-02
ReactionDiffusion_Transient1D/HF_CFNO epoch 0900/1200 mode=hybrid loss=2.865e-05/1.832e-04 test_loss=5.554e-05 mse_val=2.764e-05 pde_val=3.110e-03 state_rel=1.389e-02
ReactionDiffusion_Transient1D/HF_CFNO epoch 1000/1200 mode=hybrid loss=2.682e-05/1.775e-04 test_loss=5.361e-05 mse_val=2.691e-05 pde_val=3.011e-03 state_rel=1.370e-02
ReactionDiffusion_Transient1D/HF_CFNO epoch 1100/1200 mode=hybrid loss=2.559e-05/1.734e-04 test_loss=5.207e-05 mse_val=2.622e-05 pde_val=2.943e-03 state_rel=1.355e-02
ReactionDiffusion_Transient1D/HF_CFNO epoch 1200/1200 mode=hybrid loss=2.493e-05/1.707e-04 test_loss=5.106e-05 mse_val=2.575e-05 pde_val=2.899e-03 state_rel=1.344e-02

Benchmark complete: D:\Ansys\SymPhONIC\OtherPDEs\LegacyHF_PDE_Benchmark_Hybrid_20260705
