epoch,train_pde_mse,train_pde_mse_absolute,train_state_rel_l2,val_pde_mse,val_pde_mse_absolute,val_state_mse,val_state_rel_l2,lr
1,0.6336255073547363,0.6336255073547363,0.4541721045970917,0.8514277338981628,0.8514277338981628,0.02483125776052475,0.44126373529434204,0.0009999983722015927
2,0.623765230178833,0.623765230178833,0.44463808834552765,0.8526086211204529,0.8526086211204529,0.024556884542107582,0.4381157159805298,0.0009999934888175275
3,0.6207059025764465,0.6207059025764465,0.4368831366300583,0.8566920757293701,0.8566920757293701,0.02441771700978279,0.4363747239112854,0.0009999853498812749
4,0.6189435720443726,0.6189435720443726,0.4317437559366226,0.860279381275177,0.860279381275177,0.024383578449487686,0.4358441233634949,0.000999973955448618
5,0.6199147701263428,0.6199147701263428,0.4289316087961197,0.8631629347801208,0.8631629347801208,0.02438065968453884,0.43569672107696533,0.000999959305597653
6,0.6207401752471924,0.6207401752471924,0.4272684156894684,0.8643304109573364,0.8643304109573364,0.02438195049762726,0.4356628656387329,0.0009999414004287885
7,0.6207744181156158,0.6207744181156158,0.42679256200790405,0.8636336326599121,0.8636336326599121,0.02437610737979412,0.4356193244457245,0.0009999202400647444
8,0.6204122602939606,0.6204122602939606,0.42762038111686707,0.8609717488288879,0.8609717488288879,0.024367015808820724,0.43561506271362305,0.0009998958246505512
9,0.6192324757575989,0.6192324757575989,0.42843034863471985,0.858569324016571,0.858569324016571,0.02436809614300728,0.43571892380714417,0.0009998681543535498
10,0.6190949082374573,0.6190949082374573,0.43043315410614014,0.8560439348220825,0.8560439348220825,0.02438344433903694,0.43599236011505127,0.0009998372293633891
11,0.6187764406204224,0.6187764406204224,0.43221206963062286,0.8542367815971375,0.8542367815971375,0.024405714124441147,0.4363188147544861,0.000999803049892026
12,0.6183826923370361,0.6183826923370361,0.43319010734558105,0.8536773324012756,0.8536773324012756,0.02440754510462284,0.4363641142845154,0.000999765616173722
13,0.618386834859848,0.618386834859848,0.4338758587837219,0.8529157638549805,0.8529157638549805,0.024412576109170914,0.43645578622817993,0.000999724928465044
14,0.6182174831628799,0.6182174831628799,0.4342803508043289,0.8524518609046936,0.8524518609046936,0.024404749274253845,0.4363909363746643,0.000999680987044861
15,0.6177700459957123,0.6177700459957123,0.4339001476764679,0.8526581525802612,0.8526581525802612,0.02437036857008934,0.43599796295166016,0.0009996337922143427
16,0.6170628368854523,0.6170628368854523,0.4325866848230362,0.8529059290885925,0.8529059290885925,0.024328388273715973,0.4355195164680481,0.000999583344296957
17,0.6159297227859497,0.6159297227859497,0.43133603036403656,0.8527976870536804,0.8527976870536804,0.02428208850324154,0.4350113868713379,0.0009995296436384681
18,0.6146325767040253,0.6146325767040253,0.42981788516044617,0.8523906469345093,0.8523906469345093,0.02422141097486019,0.43435704708099365,0.0009994726906069349
19,0.613041490316391,0.613041490316391,0.42832665145397186,0.8509597182273865,0.8509597182273865,0.02414059452712536,0.4335283935070038,0.0009994124855927063
20,0.6103709936141968,0.6103709936141968,0.4265294224023819,0.8486618399620056,0.8486618399620056,0.024023495614528656,0.4323424994945526,0.0009993490290084214
21,0.6070239245891571,0.6070239245891571,0.4240066558122635,0.8457867503166199,0.8457867503166199,0.02384471520781517,0.43050462007522583,0.0009992823212890045
22,0.6015143990516663,0.6015143990516663,0.42023882269859314,0.841008722782135,0.841008722782135,0.02357984147965908,0.42780762910842896,0.0009992123628916624
23,0.5928046405315399,0.5928046405315399,0.4146883338689804,0.8340663909912109,0.8340663909912109,0.02319154143333435,0.4238455891609192,0.0009991391542958825
24,0.5812364816665649,0.5812364816665649,0.4072403609752655,0.8236472606658936,0.8236472606658936,0.022653287276625633,0.4183492660522461,0.000999062696003428
25,0.5697388052940369,0.5697388052940369,0.39862722158432007,0.812798261642456,0.812798261642456,0.021968238055706024,0.4111471176147461,0.0009989829885383356
26,0.5499746799468994,0.5499746799468994,0.38349461555480957,0.7949361801147461,0.7949361801147461,0.02104678377509117,0.40141749382019043,0.0009989000324469113
27,0.5271458029747009,0.5271458029747009,0.36692970991134644,0.7704761028289795,0.7704761028289795,0.019872426986694336,0.3888149857521057,0.000998813828297727
28,0.49966469407081604,0.49966469407081604,0.3465995192527771,0.7371168732643127,0.7371168732643127,0.018495481461286545,0.37374889850616455,0.0009987243766816161
29,0.4690825194120407,0.4690825194120407,0.3268803507089615,0.7018879055976868,0.7018879055976868,0.0170278437435627,0.3577841520309448,0.0009986316782116702
30,0.445906400680542,0.445906400680542,0.31155911087989807,0.6646251082420349,0.6646251082420349,0.015684951096773148,0.34300166368484497,0.0009985357335232344
31,0.4238090366125107,0.4238090366125107,0.30212192237377167,0.6342810988426208,0.6342810988426208,0.014804154634475708,0.332632452249527,0.0009984365432739021
32,0.4085833728313446,0.4085833728313446,0.2970132380723953,0.6110181212425232,0.6110181212425232,0.014236439019441605,0.3256175220012665,0.0009983341081435128
33,0.39668798446655273,0.39668798446655273,0.29603250324726105,0.5937340259552002,0.5937340259552002,0.013920193538069725,0.3207221031188965,0.0009982284288341454
34,0.38607847690582275,0.38607847690582275,0.29589225351810455,0.578090250492096,0.578090250492096,0.013581868261098862,0.3146313428878784,0.0009981195060701138
35,0.37259553372859955,0.37259553372859955,0.29021401703357697,0.5643179416656494,0.5643179416656494,0.01316774170845747,0.3078555464744568,0.0009980073405979624
36,0.3605990707874298,0.3605990707874298,0.28163057565689087,0.5583999156951904,0.5583999156951904,0.012983862310647964,0.3034927248954773,0.000997891933186461
37,0.34996797144412994,0.34996797144412994,0.2760495990514755,0.5569368004798889,0.5569368004798889,0.013056209310889244,0.3024655878543854,0.000997773284626599
38,0.34240514039993286,0.34240514039993286,0.2733386605978012,0.5537304878234863,0.5537304878234863,0.013096712529659271,0.3016147017478943,0.0009976513957315803
39,0.33459919691085815,0.33459919691085815,0.2711224853992462,0.5480429530143738,0.5480429530143738,0.012996213510632515,0.29967716336250305,0.0009975262673368177
40,0.32705944776535034,0.32705944776535034,0.2686297595500946,0.5405491590499878,0.5405491590499878,0.012780565768480301,0.29645949602127075,0.0009973979002999274
41,0.31993646919727325,0.31993646919727325,0.26520419120788574,0.5281715393066406,0.5281715393066406,0.012339499779045582,0.2905977964401245,0.0009972662955007225
42,0.310013085603714,0.310013085603714,0.25992655009031296,0.5142582654953003,0.5142582654953003,0.011949528940021992,0.2852364778518677,0.000997131453841208
43,0.30256861448287964,0.30256861448287964,0.2584255635738373,0.501491367816925,0.501491367816925,0.01161150075495243,0.2805543839931488,0.0009969933762455727
44,0.29530275613069534,0.29530275613069534,0.255845345556736,0.4898446798324585,0.4898446798324585,0.011245697736740112,0.2756304144859314,0.0009968520636601855
45,0.2895786017179489,0.2895786017179489,0.2528655529022217,0.47984007000923157,0.47984007000923157,0.010891307145357132,0.27052655816078186,0.0009967075170535873
46,0.28461045026779175,0.28461045026779175,0.24971874803304672,0.4714986979961395,0.4714986979961395,0.010587530210614204,0.26597481966018677,0.000996559737416484
47,0.278493233025074,0.278493233025074,0.2450534850358963,0.4668571352958679,0.4668571352958679,0.010517772287130356,0.26399755477905273,0.0009964087257617405
48,0.27301910519599915,0.27301910519599915,0.2423098161816597,0.46591275930404663,0.46591275930404663,0.010583918541669846,0.26378482580184937,0.0009962544831243743
49,0.26827990263700485,0.26827990263700485,0.2409684881567955,0.46532580256462097,0.46532580256462097,0.010692340321838856,0.2649070918560028,0.0009960970105615467
50,0.2658468186855316,0.2658468186855316,0.2432732731103897,0.4593529999256134,0.4593529999256134,0.01058151014149189,0.2639290690422058,0.0009959363091525573
51,0.2601305767893791,0.2601305767893791,0.2383221685886383,0.45483484864234924,0.45483484864234924,0.010281320661306381,0.2599441111087799,0.0009957723799988354
52,0.2568976879119873,0.2568976879119873,0.23367653787136078,0.44548481702804565,0.44548481702804565,0.009977336972951889,0.256931871175766,0.000995605224223933
53,0.2509341165423393,0.2509341165423393,0.22951354086399078,0.4349021315574646,0.4349021315574646,0.00982126034796238,0.2562786936759949,0.0009954348429735173
54,0.24749960750341415,0.24749960750341415,0.23020819574594498,0.4270068109035492,0.4270068109035492,0.009641256183385849,0.2552371025085449,0.000995261237415362
55,0.24254153668880463,0.24254153668880463,0.22837598621845245,0.42340779304504395,0.42340779304504395,0.009490820579230785,0.2530509829521179,0.0009950844087393406
56,0.23838316649198532,0.23838316649198532,0.22526853531599045,0.4190760552883148,0.4190760552883148,0.009409578517079353,0.25188201665878296,0.0009949043581574167
57,0.23350835591554642,0.23350835591554642,0.22215131670236588,0.41798949241638184,0.41798949241638184,0.00941876508295536,0.2514816224575043,0.000994721086903637
58,0.2300640270113945,0.2300640270113945,0.22006715834140778,0.4128305912017822,0.4128305912017822,0.009350543841719627,0.2503317892551422,0.0009945345962341218
59,0.2276255562901497,0.2276255562901497,0.22046799212694168,0.4001239836215973,0.4001239836215973,0.009142911061644554,0.24812527000904083,0.0009943448874270577
60,0.22149580717086792,0.22149580717086792,0.21826856583356857,0.39053910970687866,0.39053910970687866,0.008832517080008984,0.244471475481987,0.0009941519617826875
61,0.2176450565457344,0.2176450565457344,0.21458003669977188,0.3828192353248596,0.3828192353248596,0.008564162068068981,0.24128447473049164,0.0009939558206233019
62,0.21330083906650543,0.21330083906650543,0.21166902780532837,0.3725575804710388,0.3725575804710388,0.008343435823917389,0.2384786307811737,0.0009937564652932305
63,0.20989418774843216,0.20989418774843216,0.2105960175395012,0.36362168192863464,0.36362168192863464,0.008173516020178795,0.2362048327922821,0.0009935538971588324
64,0.2048877626657486,0.2048877626657486,0.208634614944458,0.3578145503997803,0.3578145503997803,0.008042335510253906,0.234056293964386,0.0009933481176084868
65,0.20153214037418365,0.20153214037418365,0.2063208594918251,0.35443055629730225,0.35443055629730225,0.007967805489897728,0.23272904753684998,0.0009931391280525838
66,0.1978233903646469,0.1978233903646469,0.20493754744529724,0.34703606367111206,0.34703606367111206,0.007859522476792336,0.23113775253295898,0.0009929269299235144
67,0.19197477400302887,0.19197477400302887,0.20200039446353912,0.3360353708267212,0.3360353708267212,0.007588239386677742,0.2280491292476654,0.0009927115246756608
68,0.1896863728761673,0.1896863728761673,0.2019507959485054,0.32393878698349,0.32393878698349,0.007274985313415527,0.22460226714611053,0.0009924929137853865
69,0.18534621596336365,0.18534621596336365,0.1981736570596695,0.3181806802749634,0.3181806802749634,0.007053544744849205,0.22191274166107178,0.0009922710987510263
70,0.18013622611761093,0.18013622611761093,0.19445504248142242,0.31028297543525696,0.31028297543525696,0.006914949044585228,0.219338059425354,0.0009920460810928752
71,0.17663608491420746,0.17663608491420746,0.19393789023160934,0.3001798093318939,0.3001798093318939,0.00673891743645072,0.2165389358997345,0.000991817862353179
72,0.17171569168567657,0.17171569168567657,0.19050783663988113,0.2935691177845001,0.2935691177845001,0.006596126593649387,0.2141875922679901,0.0009915864440961236
73,0.16596628725528717,0.16596628725528717,0.18719875812530518,0.28812092542648315,0.28812092542648315,0.006489829160273075,0.2121230810880661,0.0009913518279078238
74,0.16483863443136215,0.16483863443136215,0.1869470328092575,0.2802006006240845,0.2802006006240845,0.00637374073266983,0.20966503024101257,0.0009911140153963127
75,0.15874407440423965,0.15874407440423965,0.18332171440124512,0.26387056708335876,0.26387056708335876,0.00596136599779129,0.20427046716213226,0.0009908730081915308
76,0.15351522713899612,0.15351522713899612,0.1803406924009323,0.2518644630908966,0.2518644630908966,0.005652901716530323,0.1997302919626236,0.000990628807945314
77,0.1490907520055771,0.1490907520055771,0.17743656039237976,0.24129433929920197,0.24129433929920197,0.0053731524385511875,0.19529449939727783,0.000990381416331384
78,0.1443922221660614,0.1443922221660614,0.17316459119319916,0.23192963004112244,0.23192963004112244,0.00516230333596468,0.19154727458953857,0.0009901308350453348
79,0.14073383063077927,0.14073383063077927,0.17084917426109314,0.22477875649929047,0.22477875649929047,0.005020650569349527,0.1885257065296173,0.0009898770658046227
80,0.13541869819164276,0.13541869819164276,0.16689760982990265,0.21315771341323853,0.21315771341323853,0.004768002778291702,0.1836417317390442,0.0009896201103485537
81,0.1311347559094429,0.1311347559094429,0.1639692559838295,0.20324239134788513,0.20324239134788513,0.0045750876888632774,0.17966073751449585,0.0009893599704382716
82,0.1277337148785591,0.1277337148785591,0.1632758229970932,0.1958606094121933,0.1958606094121933,0.004413291811943054,0.1766175627708435,0.0009890966478567462
83,0.12349970638751984,0.12349970638751984,0.15941094607114792,0.1907978504896164,0.1907978504896164,0.004269178956747055,0.1743018925189972,0.000988830144408761
84,0.11910025402903557,0.11910025402903557,0.15633832663297653,0.17933078110218048,0.17933078110218048,0.003967955708503723,0.16835527122020721,0.0009885604619209007
85,0.11609473451972008,0.11609473451972008,0.1531059667468071,0.17167671024799347,0.17167671024799347,0.003769191447645426,0.16452744603157043,0.0009882876022415392
86,0.11160803586244583,0.11160803586244583,0.1489313840866089,0.1625814139842987,0.1625814139842987,0.0035371521953493357,0.16007894277572632,0.0009880115672408262
87,0.10837358236312866,0.10837358236312866,0.14635185152292252,0.1587475836277008,0.1587475836277008,0.0034420262090861797,0.1583757996559143,0.0009877323588106742
88,0.10379840061068535,0.10379840061068535,0.142983578145504,0.1541532278060913,0.1541532278060913,0.0033391574397683144,0.15598881244659424,0.0009874499788647467
89,0.10095132142305374,0.10095132142305374,0.14081549644470215,0.15066978335380554,0.15066978335380554,0.003285905346274376,0.1547158807516098,0.0009871644293384444
90,0.09925119578838348,0.09925119578838348,0.1401868239045143,0.14613650739192963,0.14613650739192963,0.0031696627847850323,0.1522635519504547,0.0009868757121888917
91,0.09537884965538979,0.09537884965538979,0.13646752387285233,0.14364860951900482,0.14364860951900482,0.0030958782881498337,0.15084081888198853,0.0009865838293949237
92,0.0920037254691124,0.0920037254691124,0.13325322419404984,0.1374770700931549,0.1374770700931549,0.0029454976320266724,0.14735642075538635,0.0009862887829570723
93,0.09014992788434029,0.09014992788434029,0.13279810920357704,0.1322939097881317,0.1322939097881317,0.0028174195904284716,0.14439666271209717,0.000985990574897553
94,0.08725787699222565,0.08725787699222565,0.13028880953788757,0.13175606727600098,0.13175606727600098,0.002804744988679886,0.14405062794685364,0.00098568920726025
95,0.08519335836172104,0.08519335836172104,0.1277880221605301,0.1293935626745224,0.1293935626745224,0.0027526342310011387,0.1425463855266571,0.0009853846821107036
96,0.0818511787801981,0.0818511787801981,0.12662355601787567,0.12444334477186203,0.12444334477186203,0.0026793843135237694,0.14094170928001404,0.000985077001536095
97,0.07876459509134293,0.07876459509134293,0.12367693334817886,0.12244940549135208,0.12244940549135208,0.002594055375084281,0.13879576325416565,0.0009847661676452323
98,0.07607083581387997,0.07607083581387997,0.1184634119272232,0.11969736963510513,0.11969736963510513,0.0024915244430303574,0.13584493100643158,0.0009844521825685365
99,0.07342329621315002,0.07342329621315002,0.1159980371594429,0.11521632224321365,0.11521632224321365,0.002393136965110898,0.13313421607017517,0.000984135048458026
100,0.07134229876101017,0.07134229876101017,0.11522804945707321,0.1107245609164238,0.1107245609164238,0.0023037497885525227,0.1309514343738556,0.0009838147674873024
101,0.07018731161952019,0.07018731161952019,0.11536729335784912,0.11120440065860748,0.11120440065860748,0.0023277238942682743,0.13127294182777405,0.0009834913418515358
102,0.06821442022919655,0.06821442022919655,0.11256735026836395,0.10853496193885803,0.10853496193885803,0.0022694766521453857,0.1296558678150177,0.000983164773767449
103,0.06363014131784439,0.06363014131784439,0.10675491020083427,0.10425766557455063,0.10425766557455063,0.0021693678572773933,0.1273387223482132,0.0009828350654733033
104,0.06428500451147556,0.06428500451147556,0.11092188209295273,0.10120569169521332,0.10120569169521332,0.0020830940920859575,0.12491388618946075,0.0009825022192288823
105,0.06025087274610996,0.06025087274610996,0.10509147495031357,0.10161545127630234,0.10161545127630234,0.002100343583151698,0.12444919347763062,0.000982166237315477
106,0.05914037674665451,0.05914037674665451,0.10202240198850632,0.09614390134811401,0.09614390134811401,0.0019379961304366589,0.12031738460063934,0.00098182712203587
107,0.05850955471396446,0.05850955471396446,0.10290699452161789,0.09332037717103958,0.09332037717103958,0.001892690546810627,0.11895687878131866,0.000981484875714319
108,0.05650818720459938,0.05650818720459938,0.10014351457357407,0.09408464282751083,0.09408464282751083,0.0019046468660235405,0.11838579177856445,0.0009811395006965424
109,0.055174486711621284,0.055174486711621284,0.09606101736426353,0.0896068811416626,0.0896068811416626,0.0017815649043768644,0.1149948462843895,0.0009807909993497016
110,0.052896374836564064,0.052896374836564064,0.09584374725818634,0.0877867043018341,0.0877867043018341,0.0017285426147282124,0.11327040195465088,0.000980439374062386
111,0.05119195766746998,0.05119195766746998,0.0922655388712883,0.08607816696166992,0.08607816696166992,0.0016861113253980875,0.11116161942481995,0.0009800846272445959
112,0.05034136399626732,0.05034136399626732,0.09170255064964294,0.08348531275987625,0.08348531275987625,0.0016399207524955273,0.10987219959497452,0.0009797267613277261
113,0.04796513915061951,0.04796513915061951,0.08925863355398178,0.0814199149608612,0.0814199149608612,0.0015953066758811474,0.10849210619926453,0.0009793657787645499
114,0.04712034575641155,0.04712034575641155,0.08903228491544724,0.07874958962202072,0.07874958962202072,0.0015274703036993742,0.10606783628463745,0.0009790016820292009
115,0.04521350376307964,0.04521350376307964,0.08591610938310623,0.07733338326215744,0.07733338326215744,0.0014707667287439108,0.10327573120594025,0.0009786344736171578
116,0.04384547658264637,0.04384547658264637,0.08300100266933441,0.07394454628229141,0.07394454628229141,0.001389040844514966,0.10080961883068085,0.0009782641560452255
117,0.042813440784811974,0.042813440784811974,0.08260013163089752,0.07276605069637299,0.07276605069637299,0.0013712132349610329,0.1005609780550003,0.0009778907318515194
118,0.04144252650439739,0.04144252650439739,0.08181015774607658,0.07253531366586685,0.07253531366586685,0.0013584429398179054,0.09983756393194199,0.0009775142035954472
119,0.04121938720345497,0.04121938720345497,0.0815344899892807,0.0697510838508606,0.0697510838508606,0.0012906078482046723,0.09694156795740128,0.0009771345738576913
120,0.03926830738782883,0.03926830738782883,0.07928694039583206,0.06765066832304001,0.06765066832304001,0.001229204353876412,0.09495995938777924,0.0009767518452401915
121,0.03865442983806133,0.03865442983806133,0.07714885473251343,0.06690623611211777,0.06690623611211777,0.001215549767948687,0.09344382584095001,0.0009763660203661267
122,0.03872198984026909,0.03872198984026909,0.07762888818979263,0.0658850371837616,0.0658850371837616,0.0011724175419658422,0.09223151206970215,0.0009759771018798979
123,0.03661217726767063,0.03661217726767063,0.07423805817961693,0.06444308161735535,0.06444308161735535,0.0011515244841575623,0.0915946289896965,0.0009755850924471081
124,0.03585982508957386,0.03585982508957386,0.07199976593255997,0.06246548891067505,0.06246548891067505,0.0010865060612559319,0.08897097408771515,0.0009751899947545466
125,0.035034218803048134,0.035034218803048134,0.07068328186869621,0.06140536069869995,0.06140536069869995,0.0010644706198945642,0.08786286413669586,0.0009747918115101687
126,0.034729957580566406,0.034729957580566406,0.07129990682005882,0.06071647256612778,0.06071647256612778,0.0010513925226405263,0.08731290698051453,0.0009743905454430774
127,0.03310513682663441,0.03310513682663441,0.06851533055305481,0.059141483157873154,0.059141483157873154,0.001017415546812117,0.08591680228710175,0.0009739861993035058
128,0.03211299702525139,0.03211299702525139,0.06695487163960934,0.05737273767590523,0.05737273767590523,0.0009505454218015075,0.08305084705352783,0.0009735787758627971
129,0.03148449677973986,0.03148449677973986,0.06498885527253151,0.05561961606144905,0.05561961606144905,0.0009188188705593348,0.08149424195289612,0.0009731682779133855
130,0.030845091678202152,0.030845091678202152,0.06385284289717674,0.05451331287622452,0.05451331287622452,0.000893707387149334,0.08070265501737595,0.0009727547082687784
131,0.029988420195877552,0.029988420195877552,0.06344273313879967,0.053952645510435104,0.053952645510435104,0.0008733232971280813,0.0796482264995575,0.0009723380697635356
132,0.02973769325762987,0.02973769325762987,0.06354124844074249,0.0530325211584568,0.0530325211584568,0.0008496660157106817,0.07839184999465942,0.0009719183652532508
133,0.028914866968989372,0.028914866968989372,0.061876848340034485,0.05194638669490814,0.05194638669490814,0.000816418556496501,0.07715043425559998,0.0009714955976145317
134,0.02882087416946888,0.02882087416946888,0.062119875103235245,0.051643554121255875,0.051643554121255875,0.0008191836532205343,0.07723096013069153,0.0009710697697449805
135,0.028492208570241928,0.028492208570241928,0.05971066281199455,0.04904365912079811,0.04904365912079811,0.0007396258879452944,0.07367976754903793,0.0009706408845631738
136,0.027726312167942524,0.027726312167942524,0.059997525066137314,0.05002214014530182,0.05002214014530182,0.0007550775189884007,0.07384591549634933,0.0009702089450086423
137,0.02715993020683527,0.02715993020683527,0.05703526735305786,0.04867801442742348,0.04867801442742348,0.0007243211148306727,0.0723663717508316,0.0009697739540418514
138,0.026532002724707127,0.026532002724707127,0.05658861808478832,0.04817591980099678,0.04817591980099678,0.0007077368791215122,0.0720151886343956,0.0009693359146441808
139,0.0261917756870389,0.0261917756870389,0.056700583547353745,0.04692116007208824,0.04692116007208824,0.0006814297521486878,0.07067444920539856,0.0009688948298179032
140,0.025902263820171356,0.025902263820171356,0.05563835799694061,0.04756638780236244,0.04756638780236244,0.0006954632117412984,0.07111765444278717,0.0009684507025861646
141,0.025510741397738457,0.025510741397738457,0.05395711585879326,0.0457073375582695,0.0457073375582695,0.0006285019917413592,0.0678519606590271,0.0009680035359929635
142,0.025289281271398067,0.025289281271398067,0.053474314510822296,0.045943427830934525,0.045943427830934525,0.000641479273326695,0.06817774474620819,0.0009675533331031295
143,0.024489366449415684,0.024489366449415684,0.051837824285030365,0.044404078274965286,0.044404078274965286,0.0006046725902706385,0.06674806028604507,0.0009671000970023028
144,0.0244224201887846,0.0244224201887846,0.0533073004335165,0.04590945690870285,0.04590945690870285,0.0006484672194346786,0.06872805207967758,0.000966643830796913
145,0.02392525039613247,0.02392525039613247,0.051704246550798416,0.04248689487576485,0.04248689487576485,0.0005703292554244399,0.06471472978591919,0.0009661845376141577
146,0.023419889621436596,0.023419889621436596,0.05094907805323601,0.04459208995103836,0.04459208995103836,0.0006147804670035839,0.06706945598125458,0.0009657222206019806
147,0.023581059649586678,0.023581059649586678,0.050236837938427925,0.0413600392639637,0.0413600392639637,0.0005340339848771691,0.06306695938110352,0.000965256882929051
148,0.023115762509405613,0.023115762509405613,0.050882864743471146,0.044388048350811005,0.044388048350811005,0.0006020093569532037,0.06603075563907623,0.0009647885277847412
149,0.023212767206132412,0.023212767206132412,0.050891509279608727,0.04062722250819206,0.04062722250819206,0.0005272780545055866,0.06219591945409775,0.0009643171583791048
150,0.0225343881174922,0.0225343881174922,0.049884771928191185,0.04040537402033806,0.04040537402033806,0.0005367879057303071,0.0629572719335556,0.0009638427779428549
151,0.02156925667077303,0.02156925667077303,0.04816548526287079,0.038854535669088364,0.038854535669088364,0.0004972099559381604,0.060624778270721436,0.000963365389727342
152,0.02134062349796295,0.02134062349796295,0.047011978924274445,0.03947732225060463,0.03947732225060463,0.0005156284896656871,0.06084073334932327,0.0009628849970045315
153,0.021874982863664627,0.021874982863664627,0.04913514293730259,0.038011740893125534,0.038011740893125534,0.00047425823868252337,0.058457862585783005,0.0009624016030669813
154,0.020777218975126743,0.020777218975126743,0.04623788595199585,0.03803518787026405,0.03803518787026405,0.0004836471052840352,0.05963567644357681,0.0009619152112278192
155,0.020369592122733593,0.020369592122733593,0.04590408317744732,0.03694205358624458,0.03694205358624458,0.00046506235958077013,0.05905827134847641,0.0009614258248207205
156,0.020064841024577618,0.020064841024577618,0.04706080071628094,0.03807421401143074,0.03807421401143074,0.0004939546342939138,0.0603310763835907,0.0009609334471998847
157,0.019994672387838364,0.019994672387838364,0.04534919932484627,0.03602514788508415,0.03602514788508415,0.00042849022429436445,0.056184545159339905,0.0009604380817400133
158,0.01967152114957571,0.01967152114957571,0.0448608435690403,0.03658221662044525,0.03658221662044525,0.0004449622647371143,0.056874923408031464,0.0009599397318362853
159,0.019478855654597282,0.019478855654597282,0.04378150776028633,0.035324860364198685,0.035324860364198685,0.00041237613186240196,0.055130936205387115,0.0009594384009043353
160,0.019428538158535957,0.019428538158535957,0.044823409989476204,0.03526866436004639,0.03526866436004639,0.0004240235430188477,0.05566531419754028,0.0009589340923802293
161,0.01883756835013628,0.01883756835013628,0.043655021116137505,0.03489319235086441,0.03489319235086441,0.0004126796848140657,0.055016811937093735,0.0009584268097204415
162,0.01869491022080183,0.01869491022080183,0.0429279413074255,0.03439672291278839,0.03439672291278839,0.00040734370122663677,0.05463053658604622,0.0009579165564018304
163,0.0184667082503438,0.0184667082503438,0.04230067506432533,0.03444522246718407,0.03444522246718407,0.0004006995295640081,0.05418127775192261,0.0009574033359216153
164,0.018150517717003822,0.018150517717003822,0.042171526700258255,0.033812861889600754,0.033812861889600754,0.0003933918778784573,0.05361463129520416,0.0009568871517973516
165,0.01805934589356184,0.01805934589356184,0.04153642803430557,0.033862438052892685,0.033862438052892685,0.00038621851126663387,0.05298186093568802,0.0009563680075669077
166,0.018056380562484264,0.018056380562484264,0.041191911324858665,0.03276262804865837,0.03276262804865837,0.0003561193007044494,0.05172869935631752,0.0009558459067884399
167,0.018145190551877022,0.018145190551877022,0.043759120628237724,0.03661675751209259,0.03661675751209259,0.0004478725022636354,0.05770085006952286,0.0009553208530403685
168,0.01849703025072813,0.01849703025072813,0.042043210938572884,0.03262938931584358,0.03262938931584358,0.00035642331931740046,0.05189195275306702,0.0009547928499213533
169,0.01782010030001402,0.01782010030001402,0.04267572611570358,0.03489864617586136,0.03489864617586136,0.0004201551782898605,0.0555618517100811,0.0009542619010502682
170,0.017911077477037907,0.017911077477037907,0.04259602725505829,0.031753599643707275,0.031753599643707275,0.0003438547719269991,0.0505637526512146,0.0009537280100661779
171,0.017288980074226856,0.017288980074226856,0.04075424559414387,0.03207206726074219,0.03207206726074219,0.00035787897650152445,0.051378026604652405,0.0009531911806283107
172,0.016835083719342947,0.016835083719342947,0.03997312672436237,0.03081613779067993,0.03081613779067993,0.0003299351083114743,0.0492556169629097,0.0009526514164160361
173,0.016591671388596296,0.016591671388596296,0.03983685001730919,0.031710267066955566,0.031710267066955566,0.0003525760257616639,0.050643276423215866,0.000952108721128837
174,0.016520156990736723,0.016520156990736723,0.03983346000313759,0.030554400756955147,0.030554400756955147,0.0003177972394041717,0.04837915301322937,0.0009515630984862864
175,0.016780533362179995,0.016780533362179995,0.03935717046260834,0.02996513620018959,0.02996513620018959,0.000315424200380221,0.04828231409192085,0.0009510145522280209
176,0.01704881340265274,0.01704881340265274,0.04377187043428421,0.03066895343363285,0.03066895343363285,0.0003349654143676162,0.04953158646821976,0.0009504630861137151
177,0.016378206200897694,0.016378206200897694,0.03963100165128708,0.029312266036868095,0.029312266036868095,0.00029649032512679696,0.04697435349225998,0.0009499087039230559
178,0.016293145716190338,0.016293145716190338,0.04132943972945213,0.03173697367310524,0.03173697367310524,0.00034750282065942883,0.05074573680758476,0.0009493514094557168
179,0.016152553260326385,0.016152553260326385,0.03773028776049614,0.029105929657816887,0.029105929657816887,0.0002933047362603247,0.04692261666059494,0.0009487912065313317
180,0.01576748862862587,0.01576748862862587,0.03961271792650223,0.03134548291563988,0.03134548291563988,0.0003464216715656221,0.050492167472839355,0.0009482280989894687
181,0.01603990700095892,0.01603990700095892,0.037703363224864006,0.028264876455068588,0.028264876455068588,0.0002825581468641758,0.04587506502866745,0.0009476620906896039
182,0.015317728277295828,0.015317728277295828,0.03691950626671314,0.02918075956404209,0.02918075956404209,0.00029568688478320837,0.046425871551036835,0.0009470931855110946
183,0.015548870898783207,0.015548870898783207,0.03788067027926445,0.02895653061568737,0.02895653061568737,0.0003003152087330818,0.04672468453645706,0.0009465213873531535
184,0.015047898981720209,0.015047898981720209,0.03543219342827797,0.027921099215745926,0.027921099215745926,0.0002723336801864207,0.04476458579301834,0.0009459467001348209
185,0.014923559967428446,0.014923559967428446,0.03615255281329155,0.02902100794017315,0.02902100794017315,0.0003149821131955832,0.04817265644669533,0.0009453691277949389
186,0.014739420264959335,0.014739420264959335,0.03583790920674801,0.02772422879934311,0.02772422879934311,0.00027701345970854163,0.045889947563409805,0.0009447886742921233
187,0.014785937033593655,0.014785937033593655,0.038086675107479095,0.030996019020676613,0.030996019020676613,0.0003560076584108174,0.05150946229696274,0.0009442053436047377
188,0.015265112277120352,0.015265112277120352,0.037028271704912186,0.027285229414701462,0.027285229414701462,0.00026254483964294195,0.044847868382930756,0.0009436191397308651
189,0.01482541998848319,0.01482541998848319,0.0389049407094717,0.029089711606502533,0.029089711606502533,0.00031264458084478974,0.047895967960357666,0.0009430300666882817
190,0.014453968964517117,0.014453968964517117,0.03604590427130461,0.02683304063975811,0.02683304063975811,0.00025519455084577203,0.04366593062877655,0.0009424381285144275
191,0.014155041426420212,0.014155041426420212,0.03478318639099598,0.02726145274937153,0.02726145274937153,0.00027261103969067335,0.044618986546993256,0.0009418433292663809
192,0.014095313847064972,0.014095313847064972,0.03575979173183441,0.026118488982319832,0.026118488982319832,0.0002525769523344934,0.04306153953075409,0.0009412456730208292
193,0.013519155327230692,0.013519155327230692,0.0331846009939909,0.02659779042005539,0.02659779042005539,0.00026186383911408484,0.04383927583694458,0.0009406451638740416
194,0.013343337923288345,0.013343337923288345,0.03375048749148846,0.0259814765304327,0.0259814765304327,0.0002493029460310936,0.042939115315675735,0.0009400418059418403
195,0.013276907615363598,0.013276907615363598,0.033318426460027695,0.02595089003443718,0.02595089003443718,0.0002515894593670964,0.04296951740980148,0.0009394356033595729
196,0.01314624771475792,0.01314624771475792,0.03271403722465038,0.025429170578718185,0.025429170578718185,0.00023774795408826321,0.04191235825419426,0.0009388265602820842
197,0.013318812008947134,0.013318812008947134,0.033197298645973206,0.025291193276643753,0.025291193276643753,0.00023536107619293034,0.04189439117908478,0.0009382146808836873
198,0.013002696447074413,0.013002696447074413,0.033854927867650986,0.025796644389629364,0.025796644389629364,0.0002578663406893611,0.043585170060396194,0.0009375999693581351
199,0.012845175806432962,0.012845175806432962,0.032666491344571114,0.02499861642718315,0.02499861642718315,0.00023598503321409225,0.04171382635831833,0.0009369824299185914
200,0.012628843076527119,0.012628843076527119,0.03207970689982176,0.02525605633854866,0.02525605633854866,0.00024038628907874227,0.04200112819671631,0.0009363620667976027
201,0.01265078317373991,0.01265078317373991,0.031632659025490284,0.02471771463751793,0.02471771463751793,0.00022422560141421854,0.04126943647861481,0.000935738884247068
202,0.01278400607407093,0.01278400607407093,0.03447298891842365,0.026972215622663498,0.026972215622663498,0.0002790913567878306,0.045419350266456604,0.0009351128865382109
203,0.013020207174122334,0.013020207174122334,0.033545179292559624,0.02440490387380123,0.02440490387380123,0.00022213433112483472,0.04106912761926651,0.0009344840779615496
204,0.012622124515473843,0.012622124515473843,0.03380979783833027,0.025548560544848442,0.025548560544848442,0.0002525109448470175,0.04316408187150955,0.0009338524628268676
205,0.012407972477376461,0.012407972477376461,0.03184398449957371,0.023951049894094467,0.023951049894094467,0.0002096520474879071,0.03988591581583023,0.0009332180454631845
206,0.01275178836658597,0.01275178836658597,0.03331826254725456,0.02420746348798275,0.02420746348798275,0.00022632490436080843,0.04080295190215111,0.0009325808302187257
207,0.012057136744260788,0.012057136744260788,0.031695760786533356,0.023758165538311005,0.023758165538311005,0.00021556262800004333,0.04001479968428612,0.0009319408214608931
208,0.012151534669101238,0.012151534669101238,0.030541223473846912,0.023507481440901756,0.023507481440901756,0.00020981725538149476,0.03944842144846916,0.0009312980235762353
209,0.012004717253148556,0.012004717253148556,0.03193873353302479,0.024270284920930862,0.024270284920930862,0.00022415407875087112,0.040625374764204025,0.0009306524409704167
210,0.011905513238161802,0.011905513238161802,0.030157688073813915,0.023440932855010033,0.023440932855010033,0.0002019538078457117,0.03894515335559845,0.0009300040780681884
211,0.011954340618103743,0.011954340618103743,0.03217988461256027,0.023862199857831,0.023862199857831,0.00021714545437134802,0.04003036022186279,0.0009293529393133572
212,0.011716237757354975,0.011716237757354975,0.030398636125028133,0.023054083809256554,0.023054083809256554,0.00020429471624083817,0.03892115503549576,0.000928699029168755
213,0.0115131214261055,0.0115131214261055,0.030084431171417236,0.02284347079694271,0.02284347079694271,0.00020364772353786975,0.03902623429894447,0.000928042352116209
214,0.011353636160492897,0.011353636160492897,0.030923113226890564,0.02352786436676979,0.02352786436676979,0.0002146586775779724,0.039758749306201935,0.00092738291265651
215,0.011287401895970106,0.011287401895970106,0.02976123057305813,0.022589582949876785,0.022589582949876785,0.00019869307288900018,0.03828408196568489,0.0009267207153093822
216,0.01118044089525938,0.01118044089525938,0.029556527733802795,0.02263307012617588,0.02263307012617588,0.00019392775720916688,0.03783619403839111,0.0009260557646134519
217,0.011179356835782528,0.011179356835782528,0.029360582120716572,0.022730961441993713,0.022730961441993713,0.0002074067888315767,0.03909499943256378,0.0009253880651262172
218,0.01105582993477583,0.01105582993477583,0.028859521262347698,0.022251535207033157,0.022251535207033157,0.00019377947319298983,0.037894897162914276,0.0009247176214240154
219,0.010875632986426353,0.010875632986426353,0.029366768896579742,0.022255083546042442,0.022255083546042442,0.00019477345631457865,0.03794219344854355,0.0009240444381019922
220,0.01072380319237709,0.01072380319237709,0.028642693534493446,0.021735377609729767,0.021735377609729767,0.00018850405467674136,0.03745831549167633,0.0009233685197740714
221,0.010659688618034124,0.010659688618034124,0.028866793029010296,0.021845778450369835,0.021845778450369835,0.00019062927458435297,0.037513140588998795,0.0009226898710729209
222,0.01056187367066741,0.01056187367066741,0.028167035430669785,0.021657602861523628,0.021657602861523628,0.00018357293447479606,0.03686942905187607,0.0009220084966499233
223,0.01055113971233368,0.01055113971233368,0.029414178803563118,0.0220024436712265,0.0220024436712265,0.0001946602133102715,0.03781474381685257,0.0009213244011751424
224,0.010427107103168964,0.010427107103168964,0.028304578736424446,0.021326512098312378,0.021326512098312378,0.00017981225391849875,0.03661871701478958,0.000920637589337292
225,0.010361830703914165,0.010361830703914165,0.028600117191672325,0.02182759717106819,0.02182759717106819,0.00019118099589832127,0.037619661539793015,0.0009199480658437039
226,0.010555016342550516,0.010555016342550516,0.02990347146987915,0.021464504301548004,0.021464504301548004,0.00018571842520032078,0.037123050540685654,0.0009192558354202945
227,0.010179782751947641,0.010179782751947641,0.027806728146970272,0.021410789340734482,0.021410789340734482,0.00018726885900832713,0.03730347007513046,0.0009185609028115337
228,0.010151243302971125,0.010151243302971125,0.028170665726065636,0.021133778616786003,0.021133778616786003,0.00018078327411785722,0.036493875086307526,0.0009178632727804119
229,0.010051052086055279,0.010051052086055279,0.02721535786986351,0.020752137526869774,0.020752137526869774,0.00016941005014814436,0.035481929779052734,0.0009171629501084071
230,0.01001756964251399,0.01001756964251399,0.027868373319506645,0.02062300033867359,0.02062300033867359,0.00017061505059245974,0.035718634724617004,0.0009164599395954524
231,0.00993157085031271,0.00993157085031271,0.02781001850962639,0.02109898440539837,0.02109898440539837,0.00018253747839480639,0.03678729385137558,0.0009157542460599035
232,0.00999695947393775,0.00999695947393775,0.028341688215732574,0.02078423835337162,0.02078423835337162,0.00017920389655046165,0.03643212467432022,0.0009150458743385046
233,0.009790420532226562,0.009790420532226562,0.026798748411238194,0.020434604957699776,0.020434604957699776,0.00016800989396870136,0.03540808707475662,0.000914334829286356
234,0.009708849247545004,0.009708849247545004,0.027274957858026028,0.020882314071059227,0.020882314071059227,0.00017782376380637288,0.03621797263622284,0.0009136211157768811
235,0.009684949181973934,0.009684949181973934,0.026929205283522606,0.020252257585525513,0.020252257585525513,0.00017086334992200136,0.035579364746809006,0.0009129047387017925
236,0.009528121910989285,0.009528121910989285,0.027129427529871464,0.020661870017647743,0.020661870017647743,0.00017650319205131382,0.03604935109615326,0.0009121857029710581
237,0.009601922705769539,0.009601922705769539,0.026410125195980072,0.01981814205646515,0.01981814205646515,0.00016372717800550163,0.03495170176029205,0.0009114640135128688
238,0.009441857226192951,0.009441857226192951,0.027108635753393173,0.020091665908694267,0.020091665908694267,0.0001703162706689909,0.03547528758645058,0.000910739675273603
239,0.009317467454820871,0.009317467454820871,0.02663971297442913,0.01995866559445858,0.01995866559445858,0.0001626725133974105,0.03480782359838486,0.0009100126932177938
240,0.00931577617302537,0.00931577617302537,0.026162284426391125,0.019673993811011314,0.019673993811011314,0.00016130006406456232,0.03468902036547661,0.000909283072328095
241,0.009187195915728807,0.009187195915728807,0.02623004000633955,0.01994073949754238,0.01994073949754238,0.00016662779671605676,0.03519221022725105,0.0009085508176052465
242,0.009153560269623995,0.009153560269623995,0.025794435292482376,0.019491413608193398,0.019491413608193398,0.00016111831064336002,0.03464939817786217,0.00090781593406804
243,0.009056021925061941,0.009056021925061941,0.026005414314568043,0.01916351541876793,0.01916351541876793,0.00015786061703693122,0.03444971516728401,0.000907078426753285
244,0.00911844102665782,0.00911844102665782,0.02677177358418703,0.01947541907429695,0.01947541907429695,0.00016018441237974912,0.034502655267715454,0.0009063383007157744
245,0.00901135103777051,0.00901135103777051,0.025813700631260872,0.01939108408987522,0.01939108408987522,0.0001563611440360546,0.034094031900167465,0.0009055955610282487
246,0.008955728728324175,0.008955728728324175,0.025905679911375046,0.019159333780407906,0.019159333780407906,0.00015459756832569838,0.03422865271568298,0.000904850212781363
247,0.00889575807377696,0.00889575807377696,0.026623807847499847,0.019687453284859657,0.019687453284859657,0.00017021014355123043,0.03550977259874344,0.0009041022610836503
248,0.009190456010401249,0.009190456010401249,0.02751984726637602,0.019048813730478287,0.019048813730478287,0.00015467357297893614,0.03387441858649254,0.0009033517110614881
249,0.00892513059079647,0.00892513059079647,0.025520984083414078,0.019111860543489456,0.019111860543489456,0.0001539484364911914,0.03419554978609085,0.0009025985678590621
250,0.009144000709056854,0.009144000709056854,0.027651178650557995,0.018738027662038803,0.018738027662038803,0.00015497901767957956,0.03393283486366272,0.0009018428366383317
251,0.00876039918512106,0.00876039918512106,0.025670746341347694,0.019358977675437927,0.019358977675437927,0.00016494185547344387,0.034896597266197205,0.0009010845225789934
252,0.008856188040226698,0.008856188040226698,0.02656370121985674,0.018569601699709892,0.018569601699709892,0.00014664517948403955,0.032906096428632736,0.0009003236308784478
253,0.008449237095192075,0.008449237095192075,0.024744108319282532,0.018494175747036934,0.018494175747036934,0.00015419613919220865,0.033927954733371735,0.0008995601667517607
254,0.008396722842007875,0.008396722842007875,0.025490017607808113,0.018389996141195297,0.018389996141195297,0.00015038935816846788,0.03348632529377937,0.0008987941354316301
255,0.008373690769076347,0.008373690769076347,0.025662866421043873,0.018263543024659157,0.018263543024659157,0.00014708403614349663,0.03308616951107979,0.0008980255421683486
256,0.008235865272581577,0.008235865272581577,0.025400927290320396,0.018417563289403915,0.018417563289403915,0.00015135339344851673,0.033396728336811066,0.0008972543922297687
257,0.008298794040456414,0.008298794040456414,0.024610069580376148,0.018459951505064964,0.018459951505064964,0.00014542214921675622,0.03338715434074402,0.0008964806909012655
258,0.008456864394247532,0.008456864394247532,0.025457553565502167,0.01881929114460945,0.01881929114460945,0.0001666529569774866,0.0352068655192852,0.0008957044434857014
259,0.008262844290584326,0.008262844290584326,0.025101272389292717,0.018024418503046036,0.018024418503046036,0.00014739605830982327,0.03353205323219299,0.0008949256553033892
260,0.008506478974595666,0.008506478974595666,0.027540015056729317,0.018280871212482452,0.018280871212482452,0.0001452606520615518,0.03271867334842682,0.0008941443316920559
261,0.008302437840029597,0.008302437840029597,0.02557356283068657,0.018225109204649925,0.018225109204649925,0.0001506049302406609,0.03336665406823158,0.0008933604780068062
262,0.008266393793746829,0.008266393793746829,0.024403695948421955,0.017784731462597847,0.017784731462597847,0.00014511581684928387,0.03297264873981476,0.0008925740996200851
263,0.008355578407645226,0.008355578407645226,0.0260109044611454,0.017836470156908035,0.017836470156908035,0.00013875315198674798,0.03251760080456734,0.0008917852019216424
264,0.008108325768262148,0.008108325768262148,0.025729985907673836,0.019128302112221718,0.019128302112221718,0.0001662059803493321,0.0350341871380806,0.0008909937903184945
265,0.008333765435963869,0.008333765435963869,0.024939805269241333,0.017534444108605385,0.017534444108605385,0.00014012312749400735,0.032517340034246445,0.000890199870234888
266,0.00871236715465784,0.00871236715465784,0.025808222591876984,0.017665551975369453,0.017665551975369453,0.00014072321937419474,0.03245603293180466,0.0008894034471122621
267,0.007993817096576095,0.007993817096576095,0.025159587152302265,0.018250497058033943,0.018250497058033943,0.00015912120579741895,0.03428691625595093,0.0008886045264092117
268,0.008137455210089684,0.008137455210089684,0.026068562641739845,0.01698714680969715,0.01698714680969715,0.0001309022045461461,0.0312652550637722,0.0008878031136014499
269,0.00774235581047833,0.00774235581047833,0.023918005637824535,0.017701007425785065,0.017701007425785065,0.0001442044449504465,0.03273243457078934,0.0008869992141817703
270,0.00769250001758337,0.00769250001758337,0.024121427908539772,0.01717650517821312,0.01717650517821312,0.00014020263915881515,0.03235462307929993,0.0008861928336600095
271,0.007575159193947911,0.007575159193947911,0.023739187978208065,0.01702810637652874,0.01702810637652874,0.00013496648170985281,0.03161614015698433,0.0008853839775630094
272,0.007505571469664574,0.007505571469664574,0.023633684031665325,0.017175013199448586,0.017175013199448586,0.00013748215860687196,0.03186824917793274,0.000884572651434579
273,0.007565635954961181,0.007565635954961181,0.02369706518948078,0.017357338219881058,0.017357338219881058,0.00014259410090744495,0.032516103237867355,0.0008837588608354571
274,0.007500334409996867,0.007500334409996867,0.023615272715687752,0.016872532665729523,0.016872532665729523,0.00013505446258932352,0.03158354386687279,0.0008829426113432729
275,0.007646207232028246,0.007646207232028246,0.023815736174583435,0.017682664096355438,0.017682664096355438,0.0001544746628496796,0.03385314717888832,0.0008821239085525091
276,0.007554516429081559,0.007554516429081559,0.02360078040510416,0.017563490197062492,0.017563490197062492,0.00014536146773025393,0.03378865867853165,0.0008813027580744632
277,0.007895848480984569,0.007895848480984569,0.026769118383526802,0.01735159382224083,0.01735159382224083,0.0001555199851281941,0.0339241698384285,0.0008804791655372085
278,0.007713559316471219,0.007713559316471219,0.025608916766941547,0.016597971320152283,0.016597971320152283,0.00012817446258850396,0.030875859782099724,0.0008796531365855559
279,0.007497765589505434,0.007497765589505434,0.023434759117662907,0.01675581745803356,0.01675581745803356,0.00012714037438854575,0.03072390705347061,0.0008788246768810155
280,0.007334389491006732,0.007334389491006732,0.023392759263515472,0.01660093665122986,0.01660093665122986,0.00013106456026434898,0.031056804582476616,0.0008779937921017574
281,0.007227921159937978,0.007227921159937978,0.022775004617869854,0.016591371968388557,0.016591371968388557,0.00012975014396943152,0.03091513365507126,0.0008771604879425725
282,0.007119521265849471,0.007119521265849471,0.022583669051527977,0.01635522022843361,0.01635522022843361,0.00013110619329381734,0.031161271035671234,0.0008763247701148346
283,0.007081370567902923,0.007081370567902923,0.023068075068295002,0.016469938680529594,0.016469938680529594,0.00013461304479278624,0.03147371858358383,0.00087548664434646
284,0.007242016727104783,0.007242016727104783,0.02299146167933941,0.017301863059401512,0.017301863059401512,0.0001374205166939646,0.0330863893032074,0.0008746461163818687
285,0.007709816098213196,0.007709816098213196,0.02567475475370884,0.018271103501319885,0.018271103501319885,0.00016804368351586163,0.03556295484304428,0.0008738031919819456
286,0.007930673193186522,0.007930673193186522,0.025883397087454796,0.01651483029127121,0.01651483029127121,0.0001296087575610727,0.031437527388334274,0.0008729578769239999
287,0.007254759082570672,0.007254759082570672,0.023724340833723545,0.016148891299962997,0.016148891299962997,0.00013209797907620668,0.031236285343766212,0.0008721101770017265
288,0.0076991289388388395,0.0076991289388388395,0.028124479576945305,0.016299370676279068,0.016299370676279068,0.00013656934606842697,0.03171548619866371,0.0008712600980251656
289,0.007330151507630944,0.007330151507630944,0.023978241719305515,0.01674594357609749,0.01674594357609749,0.0001335246197413653,0.03247545659542084,0.0008704076458206632
290,0.007378899026662111,0.007378899026662111,0.02618251834064722,0.01833801530301571,0.01833801530301571,0.00017922144616022706,0.036988839507102966,0.0008695528262308317
291,0.007531663635745645,0.007531663635745645,0.02509395033121109,0.017468372359871864,0.017468372359871864,0.000151346146594733,0.03489246219396591,0.0008686956451145084
292,0.00798361818306148,0.00798361818306148,0.02956140972673893,0.017449192702770233,0.017449192702770233,0.00016235318616963923,0.03495483100414276,0.0008678361083467171
293,0.007396753178909421,0.007396753178909421,0.025723591446876526,0.016504496335983276,0.016504496335983276,0.00012369712931104004,0.03084159828722477,0.0008669742218186262
294,0.007320076925680041,0.007320076925680041,0.023562087677419186,0.015952439978718758,0.015952439978718758,0.00013555571786127985,0.031553592532873154,0.0008661099914375098
295,0.007127384655177593,0.007127384655177593,0.025302069261670113,0.015266207978129387,0.015266207978129387,0.00011826990521512926,0.02969643659889698,0.0008652434231267059
296,0.006996334996074438,0.006996334996074438,0.02429795917123556,0.015452101826667786,0.015452101826667786,0.00011565356544451788,0.029518447816371918,0.0008643745228255767
297,0.006634358316659927,0.006634358316659927,0.023371313698589802,0.015456829220056534,0.015456829220056534,0.00012662069639191031,0.03044717386364937,0.0008635032964894676
298,0.0064970755483955145,0.0064970755483955145,0.021956946700811386,0.01570005901157856,0.01570005901157856,0.0001206252709380351,0.030057530850172043,0.0008626297500896666
299,0.006477732909843326,0.006477732909843326,0.021919678896665573,0.015426692552864552,0.015426692552864552,0.00012356614752206951,0.03007698804140091,0.0008617538896133625
300,0.006434257607907057,0.006434257607907057,0.022063475102186203,0.015119150280952454,0.015119150280952454,0.00011752148566301912,0.02935512363910675,0.0008608757210636052
301,0.006336928810924292,0.006336928810924292,0.021477000787854195,0.01512895617634058,0.01512895617634058,0.0001176257646875456,0.029606420546770096,0.0008599952504592636
302,0.0062874131835997105,0.0062874131835997105,0.022292285226285458,0.015347916632890701,0.015347916632890701,0.0001239221019204706,0.03015257604420185,0.0008591124838349845
303,0.00639245449565351,0.00639245449565351,0.02174117974936962,0.015266180038452148,0.015266180038452148,0.00011908229498658329,0.029563400894403458,0.0008582274272411517
304,0.006252076243981719,0.006252076243981719,0.021357341669499874,0.014932801946997643,0.014932801946997643,0.00011715324217220768,0.029321925714612007,0.0008573400867438438
305,0.006193950306624174,0.006193950306624174,0.021074553951621056,0.014840247109532356,0.014840247109532356,0.00011581058788578957,0.0291603934019804,0.0008564504684247932
306,0.006127855973318219,0.006127855973318219,0.021060243248939514,0.014941354282200336,0.014941354282200336,0.0001148502342402935,0.0292728953063488,0.0008555585783813443
307,0.006069631315767765,0.006069631315767765,0.021993393078446388,0.015288764610886574,0.015288764610886574,0.00012917141430079937,0.03089774027466774,0.0008546644227264119
308,0.006209145532920957,0.006209145532920957,0.022297842428088188,0.014675633981823921,0.014675633981823921,0.0001121024542953819,0.028901517391204834,0.0008537680075884382
309,0.006023958092555404,0.006023958092555404,0.021105563268065453,0.014536246657371521,0.014536246657371521,0.000115897499199491,0.029206056147813797,0.0008528693391113527
310,0.006049726624041796,0.006049726624041796,0.022032134234905243,0.014657112769782543,0.014657112769782543,0.0001147774382843636,0.02904859557747841,0.0008519684234545282
311,0.006067881593480706,0.006067881593480706,0.021274558268487453,0.015024072490632534,0.015024072490632534,0.00011668996012303978,0.030102690681815147,0.0008510652667927398
312,0.006207045400515199,0.006207045400515199,0.023170207627117634,0.015470574609935284,0.015470574609935284,0.00014108997129369527,0.03237583488225937,0.0008501598753161223
313,0.0063051946926862,0.0063051946926862,0.023559393361210823,0.014687620103359222,0.014687620103359222,0.00011319282930344343,0.029197366908192635,0.0008492522552301272
314,0.0059740738943219185,0.0059740738943219185,0.022075881250202656,0.014480720274150372,0.014480720274150372,0.00011335725139360875,0.02878386341035366,0.0008483424127554811
315,0.0063637495040893555,0.0063637495040893555,0.023671824485063553,0.014999200589954853,0.014999200589954853,0.00012524786870926619,0.030248776078224182,0.0008474303541281425
316,0.006214225199073553,0.006214225199073553,0.02098090574145317,0.014547851867973804,0.014547851867973804,0.00011322295176796615,0.029270712286233902,0.000846516085599259
317,0.005985053023323417,0.005985053023323417,0.02258623205125332,0.015343179926276207,0.015343179926276207,0.00013281847350299358,0.031332094222307205,0.0008455996134351248
318,0.0062495681922882795,0.0062495681922882795,0.021320048719644547,0.014577310532331467,0.014577310532331467,0.00011338460899423808,0.02956598810851574,0.0008446809439171374
319,0.006224985467270017,0.006224985467270017,0.022643539123237133,0.01429778803139925,0.01429778803139925,0.00011559850827325135,0.02912989817559719,0.0008437600833417549
320,0.005849821493029594,0.005849821493029594,0.02080761268734932,0.014204445295035839,0.014204445295035839,0.0001107610878534615,0.028741933405399323,0.0008428370380204527
321,0.0060567103791981936,0.0060567103791981936,0.022623272612690926,0.014396346174180508,0.014396346174180508,0.00011020520469173789,0.028885159641504288,0.0008419118142796799
322,0.005952895153313875,0.005952895153313875,0.023456791415810585,0.015207776799798012,0.015207776799798012,0.00013534662139136344,0.031770747154951096,0.0008409844184608164
323,0.006251279963180423,0.006251279963180423,0.0232264194637537,0.01461797021329403,0.01461797021329403,0.00010423890489619225,0.02820717543363571,0.0008400548569201295
324,0.0058894960675388575,0.0058894960675388575,0.021097296848893166,0.01447097584605217,0.01447097584605217,0.00011776461906265467,0.029336653649806976,0.0008391231360287296
325,0.005864891456440091,0.005864891456440091,0.021984360180795193,0.013874905183911324,0.013874905183911324,0.00010841866605915129,0.028455328196287155,0.0008381892621725278
326,0.005805323366075754,0.005805323366075754,0.021613439545035362,0.013701818883419037,0.013701818883419037,0.00010725290485424921,0.028083011507987976,0.0008372532417521906
327,0.005759410792961717,0.005759410792961717,0.02209455333650112,0.013777554966509342,0.013777554966509342,0.00010831108374986798,0.02816701866686344,0.0008363150811830972
328,0.0056286107283085585,0.0056286107283085585,0.020794644951820374,0.014112076722085476,0.014112076722085476,0.00010836456203833222,0.028141558170318604,0.0008353747868952953
329,0.00554063031449914,0.00554063031449914,0.02021746803075075,0.013688948936760426,0.013688948936760426,0.00010531314183026552,0.027886345982551575,0.0008344323653334563
330,0.0055163640063256025,0.0055163640063256025,0.020179932937026024,0.01395941711962223,0.01395941711962223,0.00010781570745166391,0.02812875434756279,0.0008334878229568325
331,0.005537568824365735,0.005537568824365735,0.02041288185864687,0.01336014922708273,0.01336014922708273,0.00010208978346781805,0.027761496603488922,0.0008325411662392112
332,0.0054640022572129965,0.0054640022572129965,0.021362584084272385,0.014291943982243538,0.014291943982243538,0.00012215835158713162,0.030054867267608643,0.0008315924016688717
333,0.00558138731867075,0.00558138731867075,0.021641472354531288,0.013898877426981926,0.013898877426981926,0.00010934368765447289,0.028992991894483566,0.0008306415357485403
334,0.005774336401373148,0.005774336401373148,0.024007522501051426,0.013355374336242676,0.013355374336242676,9.926040365826339e-05,0.02700106054544449,0.0008296885749953453
335,0.005475134588778019,0.005475134588778019,0.02121262438595295,0.013433592393994331,0.013433592393994331,0.00010393791308160871,0.02756486088037491,0.000828733525940773
336,0.005321125732734799,0.005321125732734799,0.019438310526311398,0.013434596359729767,0.013434596359729767,0.00010628347808960825,0.027943570166826248,0.0008277763951306229
337,0.005268324865028262,0.005268324865028262,0.020342164672911167,0.01337211299687624,0.01337211299687624,0.00010074292367789894,0.027123834937810898,0.0008268171891249622
338,0.005317668430507183,0.005317668430507183,0.01979194115847349,0.013747709803283215,0.013747709803283215,0.00010391103569418192,0.027562225237488747,0.0008258559144980815
339,0.005606728373095393,0.005606728373095393,0.020704316906630993,0.01356460526585579,0.01356460526585579,0.00010861121700145304,0.028253702446818352,0.0008248925778384496
340,0.005323917372152209,0.005323917372152209,0.01992429420351982,0.01313069649040699,0.01313069649040699,0.00010133107571164146,0.027353394776582718,0.0008239271857486681
341,0.005184094421565533,0.005184094421565533,0.020382416434586048,0.013474597595632076,0.013474597595632076,0.00010697086690925062,0.027978312224149704,0.0008229597448454262
342,0.00518964952789247,0.00518964952789247,0.020174388773739338,0.013001046143472195,0.013001046143472195,0.00010042361100204289,0.027469824999570847,0.0008219902617594552
343,0.005328751518391073,0.005328751518391073,0.020885635167360306,0.013265187852084637,0.013265187852084637,0.00010393755655968562,0.027862418442964554,0.0008210187431354841
344,0.005124362418428063,0.005124362418428063,0.02027419302612543,0.013184482231736183,0.013184482231736183,0.00010224968718830496,0.027316011488437653,0.0008200451956321928
345,0.005145953735336661,0.005145953735336661,0.019803470000624657,0.013019495643675327,0.013019495643675327,9.475529077462852e-05,0.02661038376390934,0.0008190696259221665
346,0.005011692410334945,0.005011692410334945,0.018984835594892502,0.013239681720733643,0.013239681720733643,0.00010544015822233632,0.027734629809856415,0.000818092040691851
347,0.0054349766578525305,0.0054349766578525305,0.021823912858963013,0.013100072741508484,0.013100072741508484,0.00010837613081093878,0.028093423694372177,0.0008171124466415059
348,0.00507527613081038,0.00507527613081038,0.01966511644423008,0.01300899125635624,0.01300899125635624,9.784106077859178e-05,0.027535799890756607,0.0008161308504851593
349,0.005313789704814553,0.005313789704814553,0.02088299673050642,0.013485338538885117,0.013485338538885117,0.00010710884816944599,0.027920065447688103,0.0008151472589505611
350,0.005080119473859668,0.005080119473859668,0.019378752447664738,0.012978521175682545,0.012978521175682545,0.00010321949230274186,0.02801814302802086,0.0008141616787791377
351,0.005376869346946478,0.005376869346946478,0.021686752326786518,0.01259923167526722,0.01259923167526722,9.378732647746801e-05,0.02619079500436783,0.0008131741167259453
352,0.005042190896347165,0.005042190896347165,0.019631349481642246,0.013198531232774258,0.013198531232774258,9.680860966909677e-05,0.02654198370873928,0.0008121845795596236
353,0.00506834383122623,0.00506834383122623,0.019077842123806477,0.013006518594920635,0.013006518594920635,0.00010318185377400368,0.02790743112564087,0.0008111930740623492
354,0.005301193799823523,0.005301193799823523,0.020676186308264732,0.012463705614209175,0.012463705614209175,9.403663716511801e-05,0.026338275521993637,0.0008101996070297903
355,0.0049547674134373665,0.0049547674134373665,0.01896170061081648,0.012719111517071724,0.012719111517071724,9.581728954799473e-05,0.026567989960312843,0.0008092041852710587
356,0.004899387713521719,0.004899387713521719,0.019509068690240383,0.01256923470646143,0.01256923470646143,9.794360812520608e-05,0.027052700519561768,0.0008082068156086631
357,0.004860476590692997,0.004860476590692997,0.019577210769057274,0.01278317254036665,0.01278317254036665,9.64849314186722e-05,0.02649073302745819,0.0008072075048784639
358,0.004952934803441167,0.004952934803441167,0.019353383220732212,0.012343638576567173,0.012343638576567173,9.530158422421664e-05,0.026435930281877518,0.0008062062599296249
359,0.0047255391255021095,0.0047255391255021095,0.018814774230122566,0.012268164195120335,0.012268164195120335,9.483470785198733e-05,0.026473913341760635,0.0008052030876245668
360,0.004705919651314616,0.004705919651314616,0.01917252130806446,0.012409897521138191,0.012409897521138191,9.392932406626642e-05,0.026489470154047012,0.0008041979948389203
361,0.00464975624345243,0.00464975624345243,0.019162594340741634,0.012588150799274445,0.012588150799274445,9.512763790553436e-05,0.026370707899332047,0.0008031909884614789
362,0.004740394419059157,0.004740394419059157,0.01890601869672537,0.012342028319835663,0.012342028319835663,9.421570575796068e-05,0.026171673089265823,0.0008021820753941513
363,0.004634908167645335,0.004634908167645335,0.018515726551413536,0.012431139126420021,0.012431139126420021,9.497972496319562e-05,0.0265875905752182,0.000801171262551915
364,0.004644457716494799,0.004644457716494799,0.01866557914763689,0.012268285267055035,0.012268285267055035,9.539374150335789e-05,0.02631155401468277,0.000800158556862768
365,0.004673107992857695,0.004673107992857695,0.018495765514671803,0.01214709784835577,0.01214709784835577,9.128537203650922e-05,0.02583521604537964,0.0007991439652676816
366,0.004492678679525852,0.004492678679525852,0.018163172528147697,0.012060241773724556,0.012060241773724556,9.2688700533472e-05,0.02606726810336113,0.000798127494720553
367,0.0045232465490698814,0.0045232465490698814,0.01853074412792921,0.012144092470407486,0.012144092470407486,9.171436249744147e-05,0.025987163186073303,0.0007971091521881574
368,0.00451244181022048,0.00451244181022048,0.018631016835570335,0.012117072008550167,0.012117072008550167,9.45816864259541e-05,0.026238026097416878,0.0007960889446501008
369,0.004481288604438305,0.004481288604438305,0.01809139922261238,0.011825437657535076,0.011825437657535076,9.047637286130339e-05,0.025706911459565163,0.000795066879098771
370,0.004378837533295155,0.004378837533295155,0.018388967029750347,0.012258353643119335,0.012258353643119335,9.467923518968746e-05,0.026266777887940407,0.0007940429625392913
371,0.004438092233613133,0.004438092233613133,0.01880197785794735,0.011767429299652576,0.011767429299652576,8.999778947327286e-05,0.025698671117424965,0.000793017201989471
372,0.004416538984514773,0.004416538984514773,0.018193083815276623,0.012139691039919853,0.012139691039919853,8.986852481029928e-05,0.02601400576531887,0.0007919896044797579
373,0.004490970866754651,0.004490970866754651,0.01862188521772623,0.012034486047923565,0.012034486047923565,9.659524221206084e-05,0.026541531085968018,0.0007909601770531903
374,0.004385225474834442,0.004385225474834442,0.018334971740841866,0.011812564916908741,0.011812564916908741,9.010112262330949e-05,0.02612912282347679,0.0007899289267653487
375,0.0044894886668771505,0.0044894886668771505,0.01982742827385664,0.011610209010541439,0.011610209010541439,8.626060298411176e-05,0.025195661932229996,0.0007888958606843069
376,0.004333866061642766,0.004333866061642766,0.018368885852396488,0.011680704541504383,0.011680704541504383,9.140721522271633e-05,0.025876691564917564,0.0007878609858905844
377,0.004268241114914417,0.004268241114914417,0.0180169939994812,0.011695939116179943,0.011695939116179943,9.17832221603021e-05,0.02599617838859558,0.0007868243094770969
378,0.0042705724481493235,0.0042705724481493235,0.018855929374694824,0.01168189849704504,0.01168189849704504,9.139793110080063e-05,0.025646645575761795,0.0007857858385491085
379,0.00432921526953578,0.00432921526953578,0.018254263326525688,0.011535650119185448,0.011535650119185448,8.52706580189988e-05,0.02509360760450363,0.0007847455802241828
380,0.004268843913450837,0.004268843913450837,0.01843139249831438,0.011638585478067398,0.011638585478067398,9.027026680996642e-05,0.02587050572037697,0.0007837035416321337
381,0.0043287924490869045,0.0043287924490869045,0.018132001161575317,0.011549529619514942,0.011549529619514942,8.752927533350885e-05,0.025644240900874138,0.0007826597299149774
382,0.004282795125618577,0.004282795125618577,0.018515462055802345,0.01155779417604208,0.01155779417604208,8.406557026319206e-05,0.024851862341165543,0.0007816141522268821
383,0.004256166168488562,0.004256166168488562,0.01860144454985857,0.011512897908687592,0.011512897908687592,9.221440996043384e-05,0.025839202105998993,0.0007805668157341204
384,0.004253225168213248,0.004253225168213248,0.017996501177549362,0.011533554643392563,0.011533554643392563,8.995262760436162e-05,0.02637092024087906,0.0007795177276150193
385,0.004350045928731561,0.004350045928731561,0.019594873301684856,0.0117435771971941,0.0117435771971941,8.951994823291898e-05,0.025530483573675156,0.0007784668950599113
386,0.004504077136516571,0.004504077136516571,0.020500817336142063,0.011529318057000637,0.011529318057000637,9.272860188502818e-05,0.025858208537101746,0.0007774143252710853
387,0.0043473688419908285,0.0043473688419908285,0.019072381779551506,0.011919386684894562,0.011919386684894562,0.00010437789023853838,0.028781495988368988,0.0007763600254627364
388,0.004536612192168832,0.004536612192168832,0.021368511952459812,0.012000166811048985,0.012000166811048985,0.00010481051867827773,0.02790130116045475,0.0007753040028609179
389,0.00470346212387085,0.00470346212387085,0.020910853520035744,0.01146645750850439,0.01146645750850439,8.370067371288314e-05,0.025042979046702385,0.00077424626470349
390,0.004317823331803083,0.004317823331803083,0.01831984892487526,0.01161799393594265,0.01161799393594265,8.876761421561241e-05,0.025665871798992157,0.0007731868182400717
391,0.004301776643842459,0.004301776643842459,0.01835441403090954,0.011184744536876678,0.011184744536876678,8.592110680183396e-05,0.025122681632637978,0.0007721256707319907
392,0.004127738531678915,0.004127738531678915,0.017229133285582066,0.011400389485061169,0.011400389485061169,8.357362094102427e-05,0.02477021887898445,0.0007710628294522329
393,0.0040876714047044516,0.0040876714047044516,0.017550365068018436,0.011588755063712597,0.011588755063712597,8.83757893461734e-05,0.0258259866386652,0.0007699983016853936
394,0.004441270371899009,0.004441270371899009,0.019260013476014137,0.01100852433592081,0.01100852433592081,8.288933895528316e-05,0.02477516606450081,0.000768932094727627
395,0.004107659915462136,0.004107659915462136,0.017759869806468487,0.01116690132766962,0.01116690132766962,8.613799582235515e-05,0.025070879608392715,0.0007678642158865958
396,0.004055808996781707,0.004055808996781707,0.018361330963671207,0.011219790205359459,0.011219790205359459,8.586796320741996e-05,0.02500348538160324,0.0007667946724814224
397,0.004004018264822662,0.004004018264822662,0.01746497768908739,0.01107746921479702,0.01107746921479702,8.61304288264364e-05,0.02554740384221077,0.0007657234718426375
398,0.003979541594162583,0.003979541594162583,0.01847824640572071,0.011082741431891918,0.011082741431891918,8.678117592353374e-05,0.024991771206259727,0.0007646506213121302
399,0.003918742178939283,0.003918742178939283,0.01703795976936817,0.011058362200856209,0.011058362200856209,8.309318218380213e-05,0.02526269294321537,0.0007635761282430981
400,0.004177236114628613,0.004177236114628613,0.01878444943577051,0.010948658920824528,0.010948658920824528,8.455313218291849e-05,0.02492162585258484,0.0007624999999999961
401,0.004018947132863104,0.004018947132863104,0.02013640385121107,0.010992798022925854,0.010992798022925854,8.879943925421685e-05,0.02547859400510788,0.000761422243958487
402,0.004116765921935439,0.004116765921935439,0.018744876608252525,0.01162273995578289,0.01162273995578289,0.00010124918480869383,0.028574887663125992,0.0007603428675053898
403,0.004374981625005603,0.004374981625005603,0.021508253179490566,0.011930784210562706,0.011930784210562706,0.00010776384442579001,0.028506115078926086,0.0007592618780386299
404,0.0045895641669631,0.0045895641669631,0.02232961729168892,0.011233268305659294,0.011233268305659294,8.511933992849663e-05,0.025363676249980927,0.0007581792829671881
405,0.004051664145663381,0.004051664145663381,0.01725946133956313,0.01112575363367796,0.01112575363367796,8.326488750753924e-05,0.024591214954853058,0.0007570950897110498
406,0.004067793139256537,0.004067793139256537,0.017369098030030727,0.010651687160134315,0.010651687160134315,8.04586525191553e-05,0.02451438084244728,0.0007560093057011541
407,0.003932258579879999,0.003932258579879999,0.017436700873076916,0.01106626819819212,0.01106626819819212,8.767044346313924e-05,0.025281984359025955,0.0007549219383793432
408,0.003911817679181695,0.003911817679181695,0.017783770337700844,0.01084299199283123,0.01084299199283123,8.269952377304435e-05,0.02493996173143387,0.0007538329951983108
409,0.003897621762007475,0.003897621762007475,0.018488331697881222,0.010742819868028164,0.010742819868028164,8.2142956671305e-05,0.02439311146736145,0.0007527424836215516
410,0.0038147104205563664,0.0038147104205563664,0.017227848060429096,0.010483764111995697,0.010483764111995697,8.017993241082877e-05,0.024252818897366524,0.0007516504111233101
411,0.0037562967045232654,0.0037562967045232654,0.017172910273075104,0.010786916129291058,0.010786916129291058,8.091326162684709e-05,0.02451302856206894,0.0007505567851885283
412,0.003757312777452171,0.003757312777452171,0.018123810179531574,0.010820228606462479,0.010820228606462479,8.820375660434365e-05,0.025362912565469742,0.0007494616133127967
413,0.003970364225097001,0.003970364225097001,0.019161880016326904,0.01040280144661665,0.01040280144661665,8.031682227738202e-05,0.02420114539563656,0.0007483649030023002
414,0.0038966244319453835,0.0038966244319453835,0.017880539875477552,0.01125758420675993,0.01125758420675993,9.013700764626265e-05,0.026601091027259827,0.0007472666617737685
415,0.004055320052430034,0.004055320052430034,0.01940812449902296,0.01070707943290472,0.01070707943290472,8.578952110838145e-05,0.02492782101035118,0.000746166897154424
416,0.0038134302012622356,0.0038134302012622356,0.017428286373615265,0.01042222697287798,0.01042222697287798,7.941690273582935e-05,0.024232743307948112,0.0007450656166819305
417,0.0036834629718214273,0.0036834629718214273,0.016939843073487282,0.010516509413719177,0.010516509413719177,7.865892257541418e-05,0.02406725473701954,0.0007439628279043408
418,0.0036577503196895123,0.0036577503196895123,0.017007146030664444,0.01030086912214756,0.01030086912214756,7.894495502114296e-05,0.024129433557391167,0.0007428585383800457
419,0.0035904053365811706,0.0035904053365811706,0.016790631227195263,0.01045138668268919,0.01045138668268919,7.848074892535806e-05,0.02422047220170498,0.0007417527556777223
420,0.0036629773676395416,0.0036629773676395416,0.018134399317204952,0.010894236154854298,0.010894236154854298,9.062862227438018e-05,0.025719288736581802,0.0007406454873762809
421,0.003738113446161151,0.003738113446161151,0.01746655534952879,0.010810774751007557,0.010810774751007557,9.163939830614254e-05,0.02693525329232216,0.0007395367410648148
422,0.00391830166336149,0.00391830166336149,0.01971509587019682,0.010842181742191315,0.010842181742191315,9.471458906773478e-05,0.02657058835029602,0.000738426524342547
423,0.0040235272608697414,0.0040235272608697414,0.01968142483383417,0.010456749238073826,0.010456749238073826,7.99564877524972e-05,0.02462076023221016,0.0007373148448187787
424,0.0037017182912677526,0.0037017182912677526,0.017178652808070183,0.010464656166732311,0.010464656166732311,8.108401380013674e-05,0.024298015981912613,0.0007362017101128366
425,0.0036864448338747025,0.0036864448338747025,0.017365535721182823,0.010276870802044868,0.010276870802044868,8.005431300261989e-05,0.024258334189653397,0.0007350871278540218
426,0.003617331967689097,0.003617331967689097,0.016750089824199677,0.010463254526257515,0.010463254526257515,7.956397894304246e-05,0.024075288325548172,0.0007339711056815558
427,0.003637850866653025,0.003637850866653025,0.017586841247975826,0.010325715877115726,0.010325715877115726,7.86230230005458e-05,0.02392483875155449,0.0007328536512445299
428,0.0036100720753893256,0.0036100720753893256,0.01667493488639593,0.010353379882872105,0.010353379882872105,8.174078539013863e-05,0.024858083575963974,0.0007317347722018518
429,0.0036135888658463955,0.0036135888658463955,0.017613638192415237,0.010220587253570557,0.010220587253570557,8.199930744012818e-05,0.024585461243987083,0.0007306144762221927
430,0.003546323161572218,0.003546323161572218,0.017255782149732113,0.010327454656362534,0.010327454656362534,8.411693852394819e-05,0.025655919685959816,0.0007294927709839364
431,0.003781907493248582,0.003781907493248582,0.01963607594370842,0.010312339290976524,0.010312339290976524,7.94391380622983e-05,0.024038957431912422,0.0007283696641751246
432,0.003823705017566681,0.003823705017566681,0.019675266928970814,0.010582425631582737,0.010582425631582737,8.492093911627308e-05,0.024998167529702187,0.0007272451634934057
433,0.003889910294674337,0.003889910294674337,0.018162891268730164,0.010125637985765934,0.010125637985765934,7.580271631013602e-05,0.0237681046128273,0.0007261192766459815
434,0.0037395483814179897,0.0037395483814179897,0.01803617738187313,0.010231081396341324,0.010231081396341324,8.893921039998531e-05,0.026154670864343643,0.0007249920113495545
435,0.0036505417665466666,0.0036505417665466666,0.019627672620117664,0.010518497787415981,0.010518497787415981,9.145928197540343e-05,0.025931265205144882,0.0007238633753302745
436,0.0038011871511116624,0.0038011871511116624,0.019468531012535095,0.009937171824276447,0.009937171824276447,7.223449210869148e-05,0.0233222134411335,0.0007227333763236868
437,0.0035787939559668303,0.0035787939559668303,0.016671936959028244,0.010066621005535126,0.010066621005535126,7.595632632728666e-05,0.023771489039063454,0.0007216020220746778
438,0.0035096326610073447,0.0035096326610073447,0.018195378594100475,0.01051248051226139,0.01051248051226139,8.493143832311034e-05,0.02483522891998291,0.0007204693203374228
439,0.003592277877032757,0.003592277877032757,0.017490881495177746,0.009982340037822723,0.009982340037822723,7.686484605073929e-05,0.024209216237068176,0.000719335278875333
440,0.003755924990400672,0.003755924990400672,0.018891192972660065,0.009869735687971115,0.009869735687971115,7.229620678117499e-05,0.02319636568427086,0.0007181999054610013
441,0.0034745631273835897,0.0034745631273835897,0.017742758616805077,0.010526641272008419,0.010526641272008419,8.398611680604517e-05,0.024854471907019615,0.0007170632078761502
442,0.0036137369461357594,0.0036137369461357594,0.016554277390241623,0.010297135449945927,0.010297135449945927,8.224403427448124e-05,0.025272894650697708,0.0007159251939115774
443,0.003774762968532741,0.003774762968532741,0.017984396778047085,0.009657788090407848,0.009657788090407848,7.37975278752856e-05,0.02321299910545349,0.0007147858713671033
444,0.0034821173176169395,0.0034821173176169395,0.01680685020983219,0.009780221618711948,0.009780221618711948,7.73341889725998e-05,0.023517025634646416,0.000713645248051517
445,0.0033617682056501508,0.0033617682056501508,0.016594137996435165,0.01001236867159605,0.01001236867159605,7.762655150145292e-05,0.02436036616563797,0.0007125033317825232
446,0.00346230564173311,0.00346230564173311,0.017505777068436146,0.0097401337698102,0.0097401337698102,7.485300011467189e-05,0.02342868782579899,0.0007113601303866878
447,0.003274390590377152,0.003274390590377152,0.016283937729895115,0.009822526015341282,0.009822526015341282,7.726547482889146e-05,0.02411762624979019,0.0007102156516993857
448,0.003257647273130715,0.003257647273130715,0.016450795345008373,0.00977454986423254,0.00977454986423254,7.689025369472802e-05,0.023613985627889633,0.000709069903564745
449,0.003365945303812623,0.003365945303812623,0.016625110059976578,0.009711388498544693,0.009711388498544693,7.560578524135053e-05,0.023806963115930557,0.0007079228938355956
450,0.0033754376927390695,0.0033754376927390695,0.016575345769524574,0.009728607721626759,0.009728607721626759,7.384673517663032e-05,0.023439515382051468,0.0007067746303734138
451,0.0032970044994726777,0.0032970044994726777,0.01659900601953268,0.009857765398919582,0.009857765398919582,7.696336979279295e-05,0.023616306483745575,0.0007056251210482685
452,0.0033445905428379774,0.0033445905428379774,0.017133367247879505,0.009731287136673927,0.009731287136673927,7.281664875335991e-05,0.023235909640789032,0.0007044743737387681
453,0.0033408853923901916,0.0033408853923901916,0.016614550724625587,0.009583774954080582,0.009583774954080582,7.242248102556914e-05,0.023092739284038544,0.0007033223963320057
454,0.003269790322519839,0.003269790322519839,0.01746134553104639,0.009928397834300995,0.009928397834300995,7.729730714345351e-05,0.02367781475186348,0.0007021691967235054
455,0.0032664918107911944,0.0032664918107911944,0.016359972767531872,0.009597353637218475,0.009597353637218475,7.554056355729699e-05,0.024058865383267403,0.0007010147828171683
456,0.0032926808344200253,0.0032926808344200253,0.016651966143399477,0.00962895154953003,0.00962895154953003,7.586405263282359e-05,0.02347530424594879,0.0006998591625252183
457,0.0032950470922514796,0.0032950470922514796,0.016597850248217583,0.009674952365458012,0.009674952365458012,7.47208105167374e-05,0.023435983806848526,0.0006987023437681469
458,0.003184259287081659,0.003184259287081659,0.016011079773306847,0.009617682546377182,0.009617682546377182,7.502996595576406e-05,0.02375458925962448,0.0006975443344746609
459,0.003182817716151476,0.003182817716151476,0.01659947820007801,0.009531645104289055,0.009531645104289055,7.258006371557713e-05,0.023012282326817513,0.000696385142581626
460,0.003184656728990376,0.003184656728990376,0.016302330419421196,0.0094679556787014,0.0094679556787014,7.177157385740429e-05,0.022921152412891388,0.0006952247760340137
461,0.0030898500699549913,0.0030898500699549913,0.015653827227652073,0.009528014808893204,0.009528014808893204,7.357378490269184e-05,0.02326939068734646,0.0006940632427848466
462,0.003142534289509058,0.003142534289509058,0.016305426135659218,0.009448918513953686,0.009448918513953686,7.315449329325929e-05,0.023031283169984818,0.0006929005507951433
463,0.0030828177696093917,0.0030828177696093917,0.015542935580015182,0.009284348227083683,0.009284348227083683,7.206353620858863e-05,0.023091673851013184,0.0006917367080338646
464,0.003051694598980248,0.003051694598980248,0.016129896510392427,0.009395279921591282,0.009395279921591282,7.306216866709292e-05,0.023111417889595032,0.0006905717224778584
465,0.0030475076055154204,0.0030475076055154204,0.015665737446397543,0.009351084940135479,0.009351084940135479,7.27137376088649e-05,0.023131772875785828,0.0006894056021118053
466,0.0030395614448934793,0.0030395614448934793,0.015658674761652946,0.009189735166728497,0.009189735166728497,7.047461258480325e-05,0.02261708490550518,0.0006882383549281639
467,0.0030158072477206588,0.0030158072477206588,0.015532190911471844,0.009498834609985352,0.009498834609985352,7.297765114344656e-05,0.02338239923119545,0.0006870699889271154
468,0.003115270403213799,0.003115270403213799,0.016435573808848858,0.009121792390942574,0.009121792390942574,7.259423000505194e-05,0.023130226880311966,0.0006859005121165097
469,0.0030450030462816358,0.0030450030462816358,0.015918247401714325,0.00948248989880085,0.00948248989880085,7.147154246922582e-05,0.023389853537082672,0.0006847299325118098
470,0.0030863009160384536,0.0030863009160384536,0.016140056774020195,0.009409772232174873,0.009409772232174873,7.50508188502863e-05,0.02331070601940155,0.0006835582581360373
471,0.0030989787774160504,0.0030989787774160504,0.01613210840150714,0.009242445230484009,0.009242445230484009,7.170431490521878e-05,0.023185402154922485,0.0006823854970197172
472,0.003037354559637606,0.003037354559637606,0.01663632784038782,0.009156703017652035,0.009156703017652035,6.912400567671284e-05,0.022509343922138214,0.0006812116572008231
473,0.00297854735981673,0.00297854735981673,0.016054092906415462,0.009234161116182804,0.009234161116182804,7.112140883691609e-05,0.022812508046627045,0.0006800367467247214
474,0.002990099135786295,0.002990099135786295,0.01564146764576435,0.009357081726193428,0.009357081726193428,7.369033119175583e-05,0.02361057698726654,0.0006788607736441172
475,0.003004473284818232,0.003004473284818232,0.01631843624636531,0.009088358841836452,0.009088358841836452,7.03036057529971e-05,0.022526219487190247,0.0006776837460189979
476,0.002950694295577705,0.002950694295577705,0.016021421644836664,0.00896039605140686,0.00896039605140686,6.863081944175065e-05,0.022501975297927856,0.0006765056719165794
477,0.002910388633608818,0.002910388633608818,0.015562663786113262,0.009144512936472893,0.009144512936472893,7.090958388289437e-05,0.022742824628949165,0.0006753265594112496
478,0.0028779831482097507,0.0028779831482097507,0.015639355406165123,0.009134159423410892,0.009134159423410892,7.181191176641732e-05,0.023015465587377548,0.0006741464165845136
479,0.002988009247928858,0.002988009247928858,0.016214351169764996,0.009234103374183178,0.009234103374183178,7.355582056334242e-05,0.023836901411414146,0.0006729652515249381
480,0.0029910526936873794,0.0029910526936873794,0.017345942556858063,0.00950363464653492,0.00950363464653492,8.069816249189898e-05,0.024366043508052826,0.0006717830723280962
481,0.00315167976077646,0.00315167976077646,0.016738814301788807,0.009482902474701405,0.009482902474701405,7.675034430576488e-05,0.024451561272144318,0.0006705998870965119
482,0.003360662725754082,0.003360662725754082,0.018662849441170692,0.009103924036026001,0.009103924036026001,7.062874647090212e-05,0.02297462895512581,0.0006694157039396041
483,0.0033045688178390265,0.0033045688178390265,0.019051626324653625,0.009864610619843006,0.009864610619843006,8.393834286835045e-05,0.02502657100558281,0.0006682305309736318
484,0.003434860147535801,0.003434860147535801,0.01752660283818841,0.009434329345822334,0.009434329345822334,8.419672667514533e-05,0.025809945538640022,0.0006670443763216375
485,0.003427915624342859,0.003427915624342859,0.018909860868006945,0.009054074995219707,0.009054074995219707,7.571907917736098e-05,0.023426007479429245,0.0006658572481133926
486,0.0032316677970811725,0.0032316677970811725,0.016742232721298933,0.009435339830815792,0.009435339830815792,6.876961560919881e-05,0.022585200145840645,0.0006646691544853408
487,0.003142882604151964,0.003142882604151964,0.015735381282866,0.009447149001061916,0.009447149001061916,7.121237285900861e-05,0.0233977772295475,0.0006634801035805428
488,0.0032422085059806705,0.0032422085059806705,0.016883812844753265,0.009277263656258583,0.009277263656258583,7.028791878838092e-05,0.022617295384407043,0.0006622901035486204
489,0.0031362775480374694,0.0031362775480374694,0.015378215350210667,0.008851943537592888,0.008851943537592888,6.800681876484305e-05,0.022526154294610023,0.0006610991625457006
490,0.0030307250563055277,0.0030307250563055277,0.015382840298116207,0.008798385970294476,0.008798385970294476,6.850360659882426e-05,0.022337064146995544,0.0006599072887343597
491,0.0030199836473912,0.0030199836473912,0.015990559943020344,0.00924850907176733,0.00924850907176733,7.089998689480126e-05,0.02268856391310692,0.0006587144902835672
492,0.0029607544420287013,0.0029607544420287013,0.015220437198877335,0.009293441660702229,0.009293441660702229,6.795961235184222e-05,0.022646868601441383,0.0006575207753686304
493,0.003026142716407776,0.003026142716407776,0.015251732431352139,0.009497132152318954,0.009497132152318954,7.01283715898171e-05,0.02252925932407379,0.0006563261521711373
494,0.003167926101014018,0.003167926101014018,0.01578369364142418,0.008987254463136196,0.008987254463136196,6.898418359924108e-05,0.02254570834338665,0.0006551306288789019
495,0.0030670694541186094,0.0030670694541186094,0.015163668431341648,0.008792486973106861,0.008792486973106861,6.909122748766094e-05,0.022595366463065147,0.0006539342136859066
496,0.0030205054208636284,0.0030205054208636284,0.016496914438903332,0.008967683650553226,0.008967683650553226,7.202691631391644e-05,0.022859159857034683,0.0006527369147922476
497,0.0029187334002926946,0.0029187334002926946,0.015792542602866888,0.008953814394772053,0.008953814394772053,7.164631097111851e-05,0.02358086034655571,0.0006515387404040772
498,0.002907963003963232,0.002907963003963232,0.016521107405424118,0.009185372851788998,0.009185372851788998,7.314671529456973e-05,0.02311333827674389,0.0006503396987335486
499,0.002935052150860429,0.002935052150860429,0.01573629444465041,0.009048642590641975,0.009048642590641975,7.564164116047323e-05,0.024292325600981712,0.0006491397979987589
500,0.003207717789337039,0.003207717789337039,0.018599240109324455,0.00880124419927597,0.00880124419927597,6.908010254846886e-05,0.0226813405752182,0.0006479390464236939
501,0.002951854025013745,0.002951854025013745,0.017132573761045933,0.008770161308348179,0.008770161308348179,7.12022592779249e-05,0.022725187242031097,0.0006467374522381699
502,0.0028887195512652397,0.0028887195512652397,0.015997255686670542,0.009091140702366829,0.009091140702366829,7.176617509685457e-05,0.02356553077697754,0.0006455350236777791
503,0.0028704183641821146,0.0028704183641821146,0.016344747506082058,0.008910847827792168,0.008910847827792168,7.028768595773727e-05,0.022643795236945152,0.0006443317689838323
504,0.002840414526872337,0.002840414526872337,0.01553217601031065,0.008648541755974293,0.008648541755974293,6.608237163163722e-05,0.02235042303800583,0.0006431276964033024
505,0.0029648542404174805,0.0029648542404174805,0.01589889172464609,0.008718333207070827,0.008718333207070827,6.869460048619658e-05,0.022586042061448097,0.0006419228141887682
506,0.002751239691860974,0.002751239691860974,0.015648437663912773,0.008673181757330894,0.008673181757330894,6.74914990668185e-05,0.022126788273453712,0.0006407171305983572
507,0.0027463958831503987,0.0027463958831503987,0.015053270384669304,0.008776531554758549,0.008776531554758549,6.991953705437481e-05,0.023204460740089417,0.0006395106538956899
508,0.0028152605518698692,0.0028152605518698692,0.015955550596117973,0.008641655556857586,0.008641655556857586,6.869710341561586e-05,0.022252852097153664,0.0006383033923498224
509,0.0027081582229584455,0.0027081582229584455,0.014779817312955856,0.008776535280048847,0.008776535280048847,6.903967005200684e-05,0.02307378128170967,0.0006370953542351904
510,0.002785868593491614,0.002785868593491614,0.016176470555365086,0.008631826378405094,0.008631826378405094,6.864273746032268e-05,0.022350814193487167,0.0006358865478315516
511,0.0027048661140725017,0.0027048661140725017,0.01522302022203803,0.008591052144765854,0.008591052144765854,6.673197640338913e-05,0.02228580415248871,0.00063467698142393
512,0.002766107558272779,0.002766107558272779,0.016497080214321613,0.00860199797898531,0.00860199797898531,6.544872303493321e-05,0.022215209901332855,0.0006334666633025581
513,0.0027067309711128473,0.0027067309711128473,0.015506632626056671,0.008639275096356869,0.008639275096356869,6.878808926558122e-05,0.022547218948602676,0.0006322556017628209
514,0.0026824750239029527,0.0026824750239029527,0.015163034200668335,0.008560133166611195,0.008560133166611195,6.982060585869476e-05,0.022983498871326447,0.0006310438051051985
515,0.0026716351276263595,0.0026716351276263595,0.01574749033898115,0.008598176762461662,0.008598176762461662,6.725615094183013e-05,0.02208259329199791,0.0006298312816352096
516,0.0027001973940059543,0.0027001973940059543,0.015442696399986744,0.00858303438872099,0.00858303438872099,6.54642644803971e-05,0.022211387753486633,0.0006286180396633544
517,0.0027080669533461332,0.0027080669533461332,0.015390845946967602,0.008403820917010307,0.008403820917010307,6.739775562891737e-05,0.02234833687543869,0.0006274040875050573
518,0.0026180821005254984,0.0026180821005254984,0.015266577247530222,0.008664937689900398,0.008664937689900398,6.613864388782531e-05,0.021961135789752007,0.0006261894334806104
519,0.002643974730744958,0.002643974730744958,0.014877995010465384,0.008408059366047382,0.008408059366047382,6.552029662998393e-05,0.0222325436770916,0.0006249740859151167
520,0.0027024621376767755,0.0027024621376767755,0.01584954746067524,0.008398961275815964,0.008398961275815964,6.629589188378304e-05,0.022100266069173813,0.0006237580531384323
521,0.0026443114038556814,0.0026443114038556814,0.015559311490505934,0.008399744518101215,0.008399744518101215,6.497834692709148e-05,0.021838925778865814,0.0006225413434851095
522,0.002606600639410317,0.002606600639410317,0.014835444744676352,0.008556162938475609,0.008556162938475609,6.732039037160575e-05,0.022435273975133896,0.00062132396529434
523,0.002585803857073188,0.002585803857073188,0.015185030177235603,0.008283637464046478,0.008283637464046478,6.419111014110968e-05,0.02169511653482914,0.0006201059269098977
524,0.002565364702604711,0.002565364702604711,0.015003455802798271,0.008395775221288204,0.008395775221288204,6.488884537247941e-05,0.02222827449440956,0.0006188872366800814
525,0.0026112773921340704,0.0026112773921340704,0.015243923291563988,0.008358009159564972,0.008358009159564972,6.530529935844243e-05,0.02188233658671379,0.0006176679029576576
526,0.002595013822428882,0.002595013822428882,0.015237201005220413,0.008378278464078903,0.008378278464078903,6.581851630471647e-05,0.021944928914308548,0.0006164479340998026
527,0.0025266080629080534,0.0025266080629080534,0.014704316854476929,0.008304828777909279,0.008304828777909279,6.356453377520666e-05,0.021544428542256355,0.0006152273384680468
528,0.002564011956565082,0.002564011956565082,0.014728199690580368,0.008417556993663311,0.008417556993663311,6.644899258390069e-05,0.022483907639980316,0.0006140061244282158
529,0.0025692713679745793,0.0025692713679745793,0.015615753829479218,0.008528169244527817,0.008528169244527817,6.918621511431411e-05,0.022464659065008163,0.0006127843003503739
530,0.002575546270236373,0.002575546270236373,0.014966902323067188,0.008545644581317902,0.008545644581317902,6.86546991346404e-05,0.023003561422228813,0.0006115618746087666
531,0.0025908040115609765,0.0025908040115609765,0.015714691020548344,0.008300756104290485,0.008300756104290485,6.777441740268841e-05,0.02206115424633026,0.0006103388555817632
532,0.002614585217088461,0.002614585217088461,0.016281205229461193,0.00826265662908554,0.00826265662908554,6.56190823065117e-05,0.022255565971136093,0.0006091152516517988
533,0.0024969778023660183,0.0024969778023660183,0.015122035518288612,0.00818091444671154,0.00818091444671154,6.409846537280828e-05,0.02159496769309044,0.000607891071205318
534,0.0026043730322271585,0.0026043730322271585,0.01619177032262087,0.00831898208707571,0.00831898208707571,6.502821634057909e-05,0.02173147164285183,0.0006066663226327162
535,0.002583138761110604,0.002583138761110604,0.014975015539675951,0.008435390889644623,0.008435390889644623,6.783039862057194e-05,0.022815018892288208,0.0006054410143282833
536,0.00253928080201149,0.00253928080201149,0.015595640987157822,0.00827279407531023,0.00827279407531023,6.91536333761178e-05,0.022431083023548126,0.0006042151546901453
537,0.0026164159644395113,0.0026164159644395113,0.016539312433451414,0.008235768415033817,0.008235768415033817,6.349319301079959e-05,0.021573364734649658,0.0006029887521202067
538,0.002491606050170958,0.002491606050170958,0.01459944574162364,0.008180659264326096,0.008180659264326096,6.330227915896103e-05,0.021659955382347107,0.0006017618150240934
539,0.002489169011823833,0.002489169011823833,0.0148905492387712,0.008262405171990395,0.008262405171990395,6.526631477754563e-05,0.021868150681257248,0.0006005343518110949
540,0.0025654478231444955,0.0025654478231444955,0.015373672358691692,0.008122408762574196,0.008122408762574196,6.397900870069861e-05,0.02160998061299324,0.0005993063708941065
541,0.0025031829718500376,0.0025031829718500376,0.014766236301511526,0.0081251822412014,0.0081251822412014,6.75674673402682e-05,0.022712986916303635,0.0005980778806895721
542,0.0024658208712935448,0.0024658208712935448,0.015686127357184887,0.008124168030917645,0.008124168030917645,6.344806024571881e-05,0.02148495241999626,0.000596848889617426
543,0.0024381205439567566,0.0024381205439567566,0.014226603787392378,0.00811347458511591,0.00811347458511591,6.455769471358508e-05,0.022123444825410843,0.0005956194061010353
544,0.0024321317905560136,0.0024321317905560136,0.01474680146202445,0.008310820907354355,0.008310820907354355,6.76316994940862e-05,0.02217300981283188,0.0005943894385671424
545,0.0025337727274745703,0.0025337727274745703,0.015451630111783743,0.008022528141736984,0.008022528141736984,6.469893560279161e-05,0.022063661366701126,0.0005931589954458069
546,0.0024499084101989865,0.0024499084101989865,0.015213663689792156,0.00808448065072298,0.00808448065072298,6.289505836321041e-05,0.021525897085666656,0.0005919280851703486
547,0.002453110762871802,0.002453110762871802,0.0151409562677145,0.00811868067830801,0.00811868067830801,6.430986104533076e-05,0.021855860948562622,0.0005906967161772884
548,0.0024669376434758306,0.0024669376434758306,0.014555485919117928,0.00816513504832983,0.00816513504832983,6.494051194749773e-05,0.022191880270838737,0.0005894648969062915
549,0.0024103341856971383,0.0024103341856971383,0.015183554962277412,0.008155636489391327,0.008155636489391327,6.56239571981132e-05,0.021767940372228622,0.0005882326358001093
550,0.0024628962855786085,0.0024628962855786085,0.01473972201347351,0.008069518022239208,0.008069518022239208,6.723737169522792e-05,0.02272922173142433,0.0005869999413045214
551,0.002521761693060398,0.002521761693060398,0.016328170895576477,0.007938927970826626,0.007938927970826626,6.322946137515828e-05,0.021584127098321915,0.0005857668218682779
552,0.002401240519247949,0.002401240519247949,0.014365213923156261,0.008075199089944363,0.008075199089944363,6.230860890354961e-05,0.021654870361089706,0.0005845332859430413
553,0.0024037533439695835,0.0024037533439695835,0.014432015363126993,0.007928990758955479,0.007928990758955479,6.15288590779528e-05,0.02116115763783455,0.0005832993419833289
554,0.002463489188812673,0.002463489188812673,0.015489608980715275,0.008017323911190033,0.008017323911190033,6.282430695137009e-05,0.021365966647863388,0.0005820649984464542
555,0.0024469863856211305,0.0024469863856211305,0.014664138667285442,0.008123486302793026,0.008123486302793026,6.481376476585865e-05,0.02212202176451683,0.0005808302637924698
556,0.002425343031063676,0.002425343031063676,0.015087806154042482,0.008035865612328053,0.008035865612328053,6.42645827610977e-05,0.021661285310983658,0.0005795951464841086
557,0.0024452494690194726,0.0024452494690194726,0.014298690482974052,0.007966471835970879,0.007966471835970879,6.236447370611131e-05,0.021844593808054924,0.0005783596549867263
558,0.0024210329866036773,0.0024210329866036773,0.014956677332520485,0.007963176816701889,0.007963176816701889,6.413549999706447e-05,0.021555259823799133,0.0005771237977682435
559,0.002411186113022268,0.002411186113022268,0.014827611856162548,0.008028576150536537,0.008028576150536537,6.333121564239264e-05,0.021904125809669495,0.000575887583299087
560,0.0024657982867211103,0.0024657982867211103,0.015271206386387348,0.007825487293303013,0.007825487293303013,6.0304722865112126e-05,0.021149346604943275,0.0005746510200521325
561,0.0023653710959479213,0.0023653710959479213,0.014519992750138044,0.007947872392833233,0.007947872392833233,6.22119550826028e-05,0.02138945460319519,0.0005734141165026458
562,0.0023754030698910356,0.0023754030698910356,0.014169332571327686,0.008010889403522015,0.008010889403522015,6.351974298013374e-05,0.021841682493686676,0.0005721768811282256
563,0.0023918465012684464,0.0023918465012684464,0.014830443076789379,0.007835835218429565,0.007835835218429565,6.19874190306291e-05,0.021248841658234596,0.0005709393224087445
564,0.0023154909722507,0.0023154909722507,0.014265570789575577,0.007914009504020214,0.007914009504020214,6.246423436095938e-05,0.02162536047399044,0.0005697014488262915
565,0.002341523766517639,0.002341523766517639,0.014289977960288525,0.007779070641845465,0.007779070641845465,6.283920083660632e-05,0.021629299968481064,0.0005684632688651133
566,0.002310267766006291,0.002310267766006291,0.01431626919656992,0.007860535755753517,0.007860535755753517,6.0756799939554185e-05,0.02099321037530899,0.0005672247910115569
567,0.002315005986019969,0.002315005986019969,0.01440672343596816,0.007772558834403753,0.007772558834403753,6.122064951341599e-05,0.021326906979084015,0.0005659860237540107
568,0.0023030810989439487,0.0023030810989439487,0.014342127833515406,0.007831905968487263,0.007831905968487263,6.113060226198286e-05,0.021227071061730385,0.0005647469755828469
569,0.0022827363573014736,0.0022827363573014736,0.01431715302169323,0.007840784266591072,0.007840784266591072,6.133891292847693e-05,0.02135666273534298,0.000563507654990363
570,0.0022738634143024683,0.0022738634143024683,0.014166153036057949,0.007792633958160877,0.007792633958160877,6.181330536492169e-05,0.021145464852452278,0.0005622680704707234
571,0.002309232368133962,0.002309232368133962,0.01409797603264451,0.008100252598524094,0.008100252598524094,6.826827302575111e-05,0.023178275674581528,0.0005610282305199017
572,0.0024055381072685122,0.0024055381072685122,0.01574445702135563,0.007892591878771782,0.007892591878771782,6.756330549251288e-05,0.022181188687682152,0.0005597881436356221
573,0.0024306464474648237,0.0024306464474648237,0.015336438082158566,0.0081170704215765,0.0081170704215765,6.658337952103466e-05,0.022704634815454483,0.0005585478183173013
574,0.0024288297863677144,0.0024288297863677144,0.015340272337198257,0.007950595580041409,0.007950595580041409,6.31841248832643e-05,0.021333977580070496,0.00055730726306599
575,0.002457297989167273,0.002457297989167273,0.015508880838751793,0.00796219427138567,0.00796219427138567,6.108162051532418e-05,0.021323561668395996,0.0005560664863843152
576,0.0023553852224722505,0.0023553852224722505,0.014288455247879028,0.007753296289592981,0.007753296289592981,6.072684482205659e-05,0.02118784375488758,0.0005548254967764211
577,0.0023416377953253686,0.0023416377953253686,0.014460692647844553,0.007741330191493034,0.007741330191493034,6.236892659217119e-05,0.02146272361278534,0.0005535843027479116
578,0.002313276403583586,0.002313276403583586,0.014388051815330982,0.007637066300958395,0.007637066300958395,5.9784775658044964e-05,0.021159006282687187,0.0005523429128057918
579,0.0023206296609714627,0.0023206296609714627,0.014330160804092884,0.007886935956776142,0.007886935956776142,6.231356383068487e-05,0.021316036581993103,0.000551101335458409
580,0.0023335483856499195,0.0023335483856499195,0.014495234936475754,0.007681588176637888,0.007681588176637888,6.107767694629729e-05,0.021350067108869553,0.0005498595792153957
581,0.0022419638698920608,0.0022419638698920608,0.014300746377557516,0.007664607837796211,0.007664607837796211,6.003848830005154e-05,0.020896393805742264,0.0005486176525876099
582,0.002230864833109081,0.002230864833109081,0.013902841601520777,0.007786700502038002,0.007786700502038002,6.223228410817683e-05,0.021630505099892616,0.0005473755640870776
583,0.002241609268821776,0.002241609268821776,0.014130314346402884,0.007667357102036476,0.007667357102036476,6.02336076553911e-05,0.021137550473213196,0.0005461333222269346
584,0.00221335596870631,0.00221335596870631,0.013922500424087048,0.00769967632368207,0.00769967632368207,5.855862400494516e-05,0.020836398005485535,0.0005448909355213672
585,0.0022200116654857993,0.0022200116654857993,0.014254048466682434,0.007536402437835932,0.007536402437835932,6.03059925197158e-05,0.0211158636957407,0.0005436484124855549
586,0.002204913878813386,0.002204913878813386,0.014011336024850607,0.007735090330243111,0.007735090330243111,6.099666279624216e-05,0.021138761192560196,0.0005424057616356117
587,0.002185928344260901,0.002185928344260901,0.014008162543177605,0.007590448949486017,0.007590448949486017,5.9896705352002755e-05,0.02109331637620926,0.000541162991488527
588,0.0021754074841737747,0.0021754074841737747,0.013924676459282637,0.007659549359232187,0.007659549359232187,6.0499165556393564e-05,0.02108669839799404,0.0005399201105621082
589,0.0021643786458298564,0.0021643786458298564,0.014075227547436953,0.007476095110177994,0.007476095110177994,5.955931555945426e-05,0.020995136350393295,0.0005386771273749226
590,0.0021452558576129377,0.0021452558576129377,0.014003665186464787,0.007556508295238018,0.007556508295238018,5.867925938218832e-05,0.020663604140281677,0.0005374340504462371
591,0.002163529978133738,0.002163529978133738,0.013891181908547878,0.00753919268026948,0.00753919268026948,5.997622793074697e-05,0.021167151629924774,0.0005361908882959623
592,0.0021510851802304387,0.0021510851802304387,0.013885231222957373,0.007548888213932514,0.007548888213932514,6.145907536847517e-05,0.021271588280797005,0.0005349476494445919
593,0.0021855052327737212,0.0021855052327737212,0.014583553653210402,0.007738480810075998,0.007738480810075998,6.162090721772984e-05,0.021128172054886818,0.0005337043424131462
594,0.002207070356234908,0.002207070356234908,0.01396501436829567,0.007630628999322653,0.007630628999322653,6.186130485730246e-05,0.021979760378599167,0.0005324609757231121
595,0.002262578229419887,0.002262578229419887,0.015592838637530804,0.00801750086247921,0.00801750086247921,6.908823706908152e-05,0.02260102704167366,0.0005312175578963859
596,0.0023858381900936365,0.0023858381900936365,0.015123103279620409,0.007959889248013496,0.007959889248013496,7.069867569953203e-05,0.023675795644521713,0.000529974097455214
597,0.002384124672971666,0.002384124672971666,0.017111199907958508,0.007601795718073845,0.007601795718073845,6.387507892213762e-05,0.021522313356399536,0.0005287306029221352
598,0.002241119625978172,0.002241119625978172,0.014603325631469488,0.007822012528777122,0.007822012528777122,6.502326141344383e-05,0.022636741399765015,0.0005274870828199215
599,0.002366349333897233,0.002366349333897233,0.015488551463931799,0.007542751729488373,0.007542751729488373,6.033998943166807e-05,0.021034574136137962,0.0005262435456715208
600,0.0022688969038426876,0.0022688969038426876,0.014976782724261284,0.007527360692620277,0.007527360692620277,6.032738747308031e-05,0.021078698337078094,0.0005249999999999973
601,0.0022280700504779816,0.0022280700504779816,0.014512128196656704,0.007641471456736326,0.007641471456736326,6.032685996615328e-05,0.021279973909258842,0.0005237564543284737
602,0.0021779551170766354,0.0021779551170766354,0.014285549521446228,0.007555306423455477,0.007555306423455477,5.9917343605775386e-05,0.021077200770378113,0.000522512917180073
603,0.002191962325014174,0.002191962325014174,0.014052196871489286,0.007514587603509426,0.007514587603509426,6.0198421124368906e-05,0.021238867193460464,0.0005212693970778594
604,0.0021947153145447373,0.0021947153145447373,0.014053366612643003,0.007562282029539347,0.007562282029539347,5.970192432869226e-05,0.020794996991753578,0.0005200259025447805
605,0.002176572917960584,0.002176572917960584,0.014308793470263481,0.0074157449416816235,0.0074157449416816235,5.9894755395362154e-05,0.021123746410012245,0.0005187824421036086
606,0.002129738451912999,0.002129738451912999,0.01406455971300602,0.007456386461853981,0.007456386461853981,5.847368447575718e-05,0.02073689177632332,0.0005175390242768824
607,0.0021310250740498304,0.0021310250740498304,0.01364603964611888,0.007445719093084335,0.007445719093084335,5.889914609724656e-05,0.021042002364993095,0.0005162956575868483
608,0.0021090091322548687,0.0021090091322548687,0.014016680419445038,0.007405371405184269,0.007405371405184269,5.951456478214823e-05,0.020852521061897278,0.0005150523505554026
609,0.0021237506298348308,0.0021237506298348308,0.013693018816411495,0.007514635566622019,0.007514635566622019,5.912799315410666e-05,0.021112186834216118,0.0005138091117040321
610,0.0021319471998140216,0.0021319471998140216,0.014013714157044888,0.007293364033102989,0.007293364033102989,5.815418262500316e-05,0.020642966032028198,0.0005125659495537572
611,0.002084147185087204,0.002084147185087204,0.01373366266489029,0.0074539510533213615,0.0074539510533213615,6.045168629498221e-05,0.02115611545741558,0.0005113228726250718
612,0.002090688212774694,0.002090688212774694,0.014240278396755457,0.007444571703672409,0.007444571703672409,5.9052796132164076e-05,0.02079407125711441,0.0005100798894378861
613,0.0021074942778795958,0.0021074942778795958,0.013898223638534546,0.007391402497887611,0.007391402497887611,5.829148358316161e-05,0.021024420857429504,0.0005088370085114675
614,0.002091453061439097,0.002091453061439097,0.013963017612695694,0.007347992155700922,0.007347992155700922,5.8883364545181394e-05,0.02084912359714508,0.0005075942383643828
615,0.0020843714009970427,0.0020843714009970427,0.013786759227514267,0.00737052271142602,0.00737052271142602,5.833017348777503e-05,0.020790353417396545,0.0005063515875144395
616,0.0020913842017762363,0.0020913842017762363,0.014002121519297361,0.007391892373561859,0.007391892373561859,5.8130495744990185e-05,0.020914871245622635,0.0005051090644786272
617,0.002162823686376214,0.002162823686376214,0.014255586080253124,0.007371486630290747,0.007371486630290747,6.019109423505142e-05,0.021345168352127075,0.00050386667777306
618,0.002102104714140296,0.002102104714140296,0.014179947320371866,0.0073748924769461155,0.0073748924769461155,5.83591427130159e-05,0.020639773458242416,0.0005026244359129168
619,0.0020653781248256564,0.0020653781248256564,0.013828259892761707,0.007282294798642397,0.007282294798642397,5.822797538712621e-05,0.02079647406935692,0.0005013823474123845
620,0.0020582351135089993,0.0020582351135089993,0.014005118981003761,0.007337166927754879,0.007337166927754879,5.852337199030444e-05,0.020839538425207138,0.0005001404207845987
621,0.0020341870840638876,0.0020341870840638876,0.013857990503311157,0.007261350285261869,0.007261350285261869,5.85979396419134e-05,0.021109482273459435,0.0004988986645415853
622,0.0020539688412100077,0.0020539688412100077,0.014122048858553171,0.007351341191679239,0.007351341191679239,5.763330773334019e-05,0.020689811557531357,0.0004976570871942026
623,0.002059712482150644,0.002059712482150644,0.013687814120203257,0.0073119173757731915,0.0073119173757731915,6.098917219787836e-05,0.02153339609503746,0.0004964156972520826
624,0.002084993466269225,0.002084993466269225,0.0149539178237319,0.007436024025082588,0.007436024025082588,6.183399818837643e-05,0.021212464198470116,0.0004951745032235732
625,0.0021050992072559893,0.0021050992072559893,0.01449040649458766,0.007469372358173132,0.007469372358173132,6.525888602482155e-05,0.022755146026611328,0.000493933513615679
626,0.002194151282310486,0.002194151282310486,0.01566540403291583,0.007327226456254721,0.007327226456254721,5.8679113863036036e-05,0.02054487355053425,0.0004926927369340041
627,0.0020709781674668193,0.0020709781674668193,0.013768828939646482,0.0074343192391097546,0.0074343192391097546,6.226878031156957e-05,0.021849751472473145,0.0004914521816826927
628,0.0021432412904687226,0.0021432412904687226,0.014962105080485344,0.007191506214439869,0.007191506214439869,5.7613247918197885e-05,0.020629458129405975,0.0004902118563643719
629,0.002135546936187893,0.002135546936187893,0.015062719583511353,0.007195508573204279,0.007195508573204279,5.56377308384981e-05,0.020129691809415817,0.0004889717694800922
630,0.002044533204752952,0.002044533204752952,0.013648245483636856,0.007288998458534479,0.007288998458534479,5.9173420595470816e-05,0.021105460822582245,0.0004877319295292706
631,0.002036070276517421,0.002036070276517421,0.014519654214382172,0.007282136008143425,0.007282136008143425,5.9942627558484674e-05,0.02102411910891533,0.000486492345009631
632,0.002002982364501804,0.002002982364501804,0.013629470951855183,0.007277126424014568,0.007277126424014568,5.621872332994826e-05,0.02046675607562065,0.000485253024417147
633,0.0020289199892431498,0.0020289199892431498,0.013605007901787758,0.007055163849145174,0.007055163849145174,5.533809962798841e-05,0.020327532663941383,0.00048401397624598335
634,0.0019833494443446398,0.0019833494443446398,0.01361743500456214,0.007181334309279919,0.007181334309279919,5.7772500440478325e-05,0.020667094737291336,0.0004827752089884372
635,0.001998564344830811,0.001998564344830811,0.0140828313305974,0.00727467006072402,0.00727467006072402,5.873736154171638e-05,0.02070724219083786,0.00048153673113488085
636,0.001969332224689424,0.001969332224689424,0.01349039888009429,0.007197182159870863,0.007197182159870863,5.7349283451912925e-05,0.0208551287651062,0.00048029855117370253
637,0.0019997645867988467,0.0019997645867988467,0.013928486034274101,0.007144053466618061,0.007144053466618061,5.693652929039672e-05,0.020275427028536797,0.0004790606775912495
638,0.002015663485508412,0.002015663485508412,0.013892007060348988,0.007306312210857868,0.007306312210857868,6.121501792222261e-05,0.021566614508628845,0.0004778231188717684
639,0.0020220944425091147,0.0020220944425091147,0.014305319171398878,0.007203399669378996,0.007203399669378996,5.795552715426311e-05,0.020601879805326462,0.00047658588349734827
640,0.001969241362530738,0.001969241362530738,0.013527895323932171,0.007171674631536007,0.007171674631536007,5.6806493375916034e-05,0.02069282904267311,0.00047534897994786163
641,0.0019875301513820887,0.0019875301513820887,0.01384832663461566,0.007039306219667196,0.007039306219667196,5.6144726841012016e-05,0.020392203703522682,0.000474112416700907
642,0.0019851905526593328,0.0019851905526593328,0.013766299467533827,0.007157815154641867,0.007157815154641867,5.6579854572191834e-05,0.020455894991755486,0.0004728762022317505
643,0.001969051081687212,0.001969051081687212,0.013376179151237011,0.00723053514957428,0.00723053514957428,5.773963493993506e-05,0.020705441012978554,0.00047164034501326763
644,0.0019739348790608346,0.0019739348790608346,0.013698895927518606,0.007096115034073591,0.007096115034073591,5.612213135464117e-05,0.0203360915184021,0.00047040485351588547
645,0.001962091540917754,0.001962091540917754,0.013460672460496426,0.007067161146551371,0.007067161146551371,5.7368695706827566e-05,0.02064378932118416,0.0004691697362075242
646,0.0019497920875437558,0.0019497920875437558,0.013702710159122944,0.0073079816065728664,0.0073079816065728664,5.8982761402148753e-05,0.020798074081540108,0.0004679350015535398
647,0.0019537490443326533,0.0019537490443326533,0.013657175935804844,0.007107005920261145,0.007107005920261145,5.8212594012729824e-05,0.021043840795755386,0.000466700658016665
648,0.001961314177606255,0.001961314177606255,0.013878243044018745,0.007066371850669384,0.007066371850669384,5.4304990044329315e-05,0.01992165669798851,0.0004654667140569526
649,0.001968753174878657,0.001968753174878657,0.013408093247562647,0.007028475403785706,0.007028475403785706,5.727744792238809e-05,0.02073250710964203,0.00046423317813171607
650,0.0019358947756700218,0.0019358947756700218,0.01368512213230133,0.007142762187868357,0.007142762187868357,5.8362838899483904e-05,0.02064354717731476,0.0004630000586954727
651,0.0019533601589500904,0.0019533601589500904,0.013767911121249199,0.007010194472968578,0.007010194472968578,5.573662929236889e-05,0.020336799323558807,0.00046176736419988485
652,0.001944723422639072,0.001944723422639072,0.01349842781201005,0.006986694876104593,0.006986694876104593,5.662301919073798e-05,0.020693322643637657,0.0004605351030937026
653,0.001929534482769668,0.001929534482769668,0.014222496189177036,0.007058472838252783,0.007058472838252783,5.7108409237116575e-05,0.020467067137360573,0.00045930328382270556
654,0.0019079549820162356,0.0019079549820162356,0.013582929968833923,0.007025518454611301,0.007025518454611301,5.569560016738251e-05,0.020341243594884872,0.0004580719148296454
655,0.0019114124588668346,0.0019114124588668346,0.013441358227282763,0.0069538503885269165,0.0069538503885269165,5.5369106121361256e-05,0.020380811765789986,0.0004568410045541871
656,0.0019217318622395396,0.0019217318622395396,0.014010675251483917,0.00706587266176939,0.00706587266176939,5.693009006790817e-05,0.02042824774980545,0.0004556105614328519
657,0.001904963399283588,0.001904963399283588,0.013378775678575039,0.007032264489680529,0.007032264489680529,5.732414865633473e-05,0.020837396383285522,0.00045438059389895887
658,0.001917664660140872,0.001917664660140872,0.013933900278061628,0.0069026886485517025,0.0069026886485517025,5.478172533912584e-05,0.020060282200574875,0.00045315111038256816
659,0.001869100728072226,0.001869100728072226,0.013447769451886415,0.006957620847970247,0.006957620847970247,5.597606650553644e-05,0.020291483029723167,0.0004519221193104221
660,0.0018678609048947692,0.0018678609048947692,0.013168958947062492,0.0069325813092291355,0.0069325813092291355,5.614342080662027e-05,0.020441114902496338,0.0004506936291058878
661,0.0018568153609521687,0.0018568153609521687,0.01336080301553011,0.0069488659501075745,0.0069488659501075745,5.581403092946857e-05,0.020338455215096474,0.00044946564818889933
662,0.0018661280046217144,0.0018661280046217144,0.01345933647826314,0.006978138815611601,0.006978138815611601,5.6527504057157785e-05,0.020418904721736908,0.00044823818497590086
663,0.0018649785779416561,0.0018649785779416561,0.013458441011607647,0.006944161374121904,0.006944161374121904,5.632884494843893e-05,0.02061968296766281,0.0004470112478797875
664,0.0018947580829262733,0.0018947580829262733,0.013983248732984066,0.0069446866400539875,0.0069446866400539875,5.5674950999673456e-05,0.020154116675257683,0.0004457848453098487
665,0.0019039396429434419,0.0019039396429434419,0.013520295266062021,0.00703997490927577,0.00703997490927577,5.835844058310613e-05,0.021202340722084045,0.0004445589856717107
666,0.0019083864171989262,0.0019083864171989262,0.014410728123039007,0.006949054542928934,0.006949054542928934,5.723390495404601e-05,0.020412981510162354,0.0004433336773672779
667,0.0018785124993883073,0.0018785124993883073,0.01340168621391058,0.007081976160407066,0.007081976160407066,5.8007644838653505e-05,0.02103254571557045,0.00044210892879467634
668,0.0018891599611379206,0.0018891599611379206,0.013883385807275772,0.006802227348089218,0.006802227348089218,5.500247789314017e-05,0.02001151628792286,0.00044088474834819537
669,0.0018955511623062193,0.0018955511623062193,0.013414674438536167,0.00705385347828269,0.00705385347828269,5.641458119498566e-05,0.020592259243130684,0.0004396611444182309
670,0.001874584413599223,0.001874584413599223,0.013819022104144096,0.006924974266439676,0.006924974266439676,5.593693640548736e-05,0.02011672407388687,0.0004384381253912274
671,0.0019130600849166512,0.0019130600849166512,0.013415809255093336,0.007098363246768713,0.007098363246768713,5.904988938709721e-05,0.02138306200504303,0.00043721569964962016
672,0.001937359746079892,0.001937359746079892,0.014174646232277155,0.0067890784703195095,0.0067890784703195095,5.5246782721951604e-05,0.02003009244799614,0.0004359938755717782
673,0.001884009689092636,0.001884009689092636,0.013340248260647058,0.007020117715001106,0.007020117715001106,5.652014442603104e-05,0.020746242254972458,0.00043477266153194727
674,0.001896826783195138,0.001896826783195138,0.014101356733590364,0.006887043360620737,0.006887043360620737,5.690737089025788e-05,0.02028275653719902,0.0004335520659001914
675,0.001921238494105637,0.001921238494105637,0.013699183706194162,0.007051204331219196,0.007051204331219196,5.9003748901886865e-05,0.021290097385644913,0.0004323320970423364
676,0.0019075919990427792,0.0019075919990427792,0.014322424307465553,0.006888242904096842,0.006888242904096842,5.675321153830737e-05,0.020286403596401215,0.0004311127633199125
677,0.0019185107084922493,0.0019185107084922493,0.013887602370232344,0.0069296713918447495,0.0069296713918447495,5.630750092677772e-05,0.020756371319293976,0.0004298940730900963
678,0.0018938264111056924,0.0018938264111056924,0.01408514054492116,0.006798094138503075,0.006798094138503075,5.45234652236104e-05,0.01990595832467079,0.00042867603470565405
679,0.0018621327471919358,0.0018621327471919358,0.013067543506622314,0.006950045470148325,0.006950045470148325,5.668117228196934e-05,0.020739451050758362,0.00042745865651488453
680,0.001862576580606401,0.001862576580606401,0.013590552378445864,0.006825968623161316,0.006825968623161316,5.609728395938873e-05,0.020366530865430832,0.0004262419468615617
681,0.001855240494478494,0.001855240494478494,0.013337887357920408,0.006778556853532791,0.006778556853532791,5.391124068410136e-05,0.020088855177164078,0.00042502591408487733
682,0.0018439481500536203,0.0018439481500536203,0.013545787893235683,0.006811306346207857,0.006811306346207857,5.5147196690086275e-05,0.02024635300040245,0.0004238105665193837
683,0.0018211103160865605,0.0018211103160865605,0.013310395181179047,0.006883212365210056,0.006883212365210056,5.6204095017164946e-05,0.02038797177374363,0.00042259591249493687
684,0.0018219552584923804,0.0018219552584923804,0.013347031082957983,0.006789346691220999,0.006789346691220999,5.4626270866720006e-05,0.020152799785137177,0.00042138196033663977
685,0.0018168906681239605,0.0018168906681239605,0.013155258260667324,0.006771721877157688,0.006771721877157688,5.324948870111257e-05,0.0197172611951828,0.00042016871836478455
686,0.0017986369784921408,0.0017986369784921408,0.01299895765259862,0.006791828665882349,0.006791828665882349,5.6058241170831025e-05,0.02058589830994606,0.00041895619489479557
687,0.001831811387091875,0.001831811387091875,0.014107070863246918,0.006849456112831831,0.006849456112831831,5.6428158131893724e-05,0.020235929638147354,0.00041774439823717333
688,0.0018603193457238376,0.0018603193457238376,0.013537230901420116,0.006941970903426409,0.006941970903426409,5.725747178075835e-05,0.020979518070816994,0.0004165333366974361
689,0.0018474756507202983,0.0018474756507202983,0.013928647618740797,0.0068635535426437855,0.0068635535426437855,5.4897667723707855e-05,0.0199370589107275,0.0004153230185760642
690,0.001865374215412885,0.001865374215412885,0.013628017157316208,0.006834770552814007,0.006834770552814007,5.5227566917892545e-05,0.02044418826699257,0.0004141134521684424
691,0.0017906526918523014,0.0017906526918523014,0.01339999120682478,0.006821259390562773,0.006821259390562773,5.538910045288503e-05,0.020047852769494057,0.00041290464576480373
692,0.0018621921772137284,0.0018621921772137284,0.0136719667352736,0.006740605924278498,0.006740605924278498,5.6186545407399535e-05,0.020603211596608162,0.00041169660765017174
693,0.001806108863092959,0.001806108863092959,0.013565974310040474,0.006807360798120499,0.006807360798120499,5.469720053952187e-05,0.019897498190402985,0.0004104893461043044
694,0.0018554320558905602,0.0018554320558905602,0.013576227240264416,0.006815035827457905,0.006815035827457905,5.5512260587420315e-05,0.02036178484559059,0.0004092828694016369
695,0.0018028106424026191,0.0018028106424026191,0.013004833832383156,0.006661359220743179,0.006661359220743179,5.333394801709801e-05,0.019818369299173355,0.0004080771858112259
696,0.0017682702746242285,0.0017682702746242285,0.013043465092778206,0.006794946268200874,0.006794946268200874,5.540098209166899e-05,0.020476369187235832,0.0004068723035966917
697,0.0017982117715291679,0.0017982117715291679,0.013517058454453945,0.006677832920104265,0.006677832920104265,5.392602179199457e-05,0.019905805587768555,0.00040566823101616164
698,0.0017919389647431672,0.0017919389647431672,0.013088063336908817,0.006658617872744799,0.006658617872744799,5.324152880348265e-05,0.019898898899555206,0.00040446497632221496
699,0.001769705442711711,0.001769705442711711,0.013216786086559296,0.006759416777640581,0.006759416777640581,5.398459325078875e-05,0.01992197521030903,0.00040326254776182433
700,0.0017774651641957462,0.0017774651641957462,0.01315486105158925,0.006774721201509237,0.006774721201509237,5.5360564147122204e-05,0.020267430692911148,0.00040206095357630037
701,0.001767415029462427,0.001767415029462427,0.013163302093744278,0.006683451123535633,0.006683451123535633,5.4437987273558974e-05,0.02025792747735977,0.0004008602020012351
702,0.0017622062005102634,0.0017622062005102634,0.013340848498046398,0.006681946571916342,0.006681946571916342,5.302622594172135e-05,0.019625665619969368,0.0003996603012664456
703,0.001776634540874511,0.001776634540874511,0.013205378782004118,0.00663977675139904,0.00663977675139904,5.3504678362514824e-05,0.0199134424328804,0.000398461259595917
704,0.0017542564892210066,0.0017542564892210066,0.013207199051976204,0.006672797258943319,0.006672797258943319,5.4414158512372524e-05,0.020093943923711777,0.00039726308520774664
705,0.0017463905969634652,0.0017463905969634652,0.013097986578941345,0.006734488066285849,0.006734488066285849,5.4383934184443206e-05,0.02020578645169735,0.00039606578631408743
706,0.0017413433524779975,0.0017413433524779975,0.013101417571306229,0.006647593341767788,0.006647593341767788,5.4142299632076174e-05,0.019969355314970016,0.00039486937112109225
707,0.0017419691430404782,0.0017419691430404782,0.013166082557290792,0.006676500663161278,0.006676500663161278,5.4102230933494866e-05,0.020077940076589584,0.00039367384782885685
708,0.0017406180850230157,0.0017406180850230157,0.013049846980720758,0.006669730879366398,0.006669730879366398,5.396115011535585e-05,0.019914299249649048,0.0003924792246313637
709,0.0017465440323576331,0.0017465440323576331,0.013047189451754093,0.006737912073731422,0.006737912073731422,5.5513712140964344e-05,0.020537208765745163,0.00039128550971642684
710,0.001742538413964212,0.001742538413964212,0.013334273360669613,0.0066742138005793095,0.0066742138005793095,5.418678483692929e-05,0.019815288484096527,0.0003900927112656345
711,0.001761348859872669,0.001761348859872669,0.013371152337640524,0.0066740685142576694,0.0066740685142576694,5.551066715270281e-05,0.02052132971584797,0.0003889008374542935
712,0.0017518318491056561,0.0017518318491056561,0.013727969489991665,0.0066671776585280895,0.0066671776585280895,5.3531046432908624e-05,0.019810419529676437,0.00038770989645137355
713,0.0017245051567442715,0.0017245051567442715,0.012890431098639965,0.006681811064481735,0.006681811064481735,5.5575881560798734e-05,0.020561417564749718,0.0003865198964194513
714,0.0017367006512358785,0.0017367006512358785,0.01330673648044467,0.0065977671183645725,0.0065977671183645725,5.321876597008668e-05,0.019788537174463272,0.0003853308455146533
715,0.0017252560937777162,0.0017252560937777162,0.013004613108932972,0.006655770819634199,0.006655770819634199,5.406865238910541e-05,0.020103223621845245,0.0003841427518866014
716,0.0017078370437957346,0.0017078370437957346,0.013197425752878189,0.006556660868227482,0.006556660868227482,5.310172855388373e-05,0.019801832735538483,0.00038295562367835655
717,0.0017058298108167946,0.0017058298108167946,0.012958801351487637,0.0066170417703688145,0.0066170417703688145,5.387640339904465e-05,0.02009231597185135,0.00038176946902636225
718,0.0017302996129728854,0.0017302996129728854,0.013080355245620012,0.00659635104238987,0.00659635104238987,5.3581410611514e-05,0.02002047188580036,0.00038058429606038985
719,0.0017055163625627756,0.0017055163625627756,0.013056670315563679,0.006595748011022806,0.006595748011022806,5.2462899475358427e-05,0.019709773361682892,0.000379400112903482
720,0.0017042816616594791,0.0017042816616594791,0.012837071437388659,0.0065244510769844055,0.0065244510769844055,5.321318894857541e-05,0.019898906350135803,0.0003782169276718977
721,0.0016908407560549676,0.0016908407560549676,0.013019156642258167,0.006580764427781105,0.006580764427781105,5.431619138107635e-05,0.020136702805757523,0.00037703474847505596
722,0.0017006626585498452,0.0017006626585498452,0.013306691776961088,0.006598129402846098,0.006598129402846098,5.3716532420367e-05,0.019839204847812653,0.0003758535834154804
723,0.0017079258686862886,0.0017079258686862886,0.01293018227443099,0.006582882720977068,0.006582882720977068,5.35412946192082e-05,0.02010287716984749,0.00037467344058874426
724,0.0016936414176598191,0.0016936414176598191,0.013208832126110792,0.006552377250045538,0.006552377250045538,5.374190368456766e-05,0.019973725080490112,0.0003734943280834145
725,0.0016878779279068112,0.0016878779279068112,0.013021384365856647,0.006552243139594793,0.006552243139594793,5.350526043912396e-05,0.020007364451885223,0.00037231625398099604
726,0.0016985489637590945,0.0016985489637590945,0.013388296589255333,0.006497773341834545,0.006497773341834545,5.181686719879508e-05,0.01945251226425171,0.00037113922635587674
727,0.0017137405229732394,0.0017137405229732394,0.012984936125576496,0.006664578802883625,0.006664578802883625,5.4813983297208324e-05,0.020473314449191093,0.00036996325327527245
728,0.001716730068437755,0.001716730068437755,0.013574363198131323,0.006583554204553366,0.006583554204553366,5.402160240919329e-05,0.019984250888228416,0.0003687883427991707
729,0.0016939160414040089,0.0016939160414040089,0.012877464294433594,0.006481075193732977,0.006481075193732977,5.287846579449251e-05,0.019830821081995964,0.0003676145029802766
730,0.0017342379433102906,0.0017342379433102906,0.013377027120441198,0.006513210013508797,0.006513210013508797,5.3142779506742954e-05,0.020040549337863922,0.0003664417418639565
731,0.0017835512990131974,0.0017835512990131974,0.014774966053664684,0.006602059584110975,0.006602059584110975,5.402837268775329e-05,0.019790425896644592,0.00036527006748818426
732,0.0018119366141036153,0.0018119366141036153,0.014007331803441048,0.006748980842530727,0.006748980842530727,5.609752406599e-05,0.02080937847495079,0.0003640994878834844
733,0.001838926924392581,0.001838926924392581,0.014619640540331602,0.00654987758025527,0.00654987758025527,5.351185245672241e-05,0.019662244245409966,0.00036293001107287875
734,0.0018428728799335659,0.0018428728799335659,0.013660520780831575,0.0067190262489020824,0.0067190262489020824,5.6920274801086634e-05,0.02091405913233757,0.0003617616450718302
735,0.0017755180597305298,0.0017755180597305298,0.014416399877518415,0.006517155561596155,0.006517155561596155,5.2478586439974606e-05,0.01960246078670025,0.0003605943978881887
736,0.001720357860904187,0.001720357860904187,0.013042019680142403,0.0064794099889695644,0.0064794099889695644,5.1835060730809346e-05,0.01968202367424965,0.0003594282775221357
737,0.001696653082035482,0.001696653082035482,0.013138871639966965,0.0065463026985526085,0.0065463026985526085,5.256863369140774e-05,0.019696880131959915,0.00035826329196612944
738,0.0017116997041739523,0.0017116997041739523,0.012944432906806469,0.006561310030519962,0.006561310030519962,5.414125553215854e-05,0.020094096660614014,0.0003570994492048507
739,0.0016922883223742247,0.0016922883223742247,0.01333761727437377,0.006499350070953369,0.006499350070953369,5.2977105951868e-05,0.019841302186250687,0.00035593675721514747
740,0.0017027293215505779,0.0017027293215505779,0.013171535916626453,0.0064995186403393745,0.0064995186403393745,5.183819303056225e-05,0.01974199339747429,0.00035477522396598035
741,0.0017174271051771939,0.0017174271051771939,0.013488448224961758,0.006480687763541937,0.006480687763541937,5.175887781661004e-05,0.01951560750603676,0.000353614857418368
742,0.001699524640571326,0.001699524640571326,0.012715897988528013,0.006563676055520773,0.006563676055520773,5.419246372184716e-05,0.02019786648452282,0.0003524556655253332
743,0.001693538564722985,0.001693538564722985,0.013133170083165169,0.006537475157529116,0.006537475157529116,5.272861017147079e-05,0.01970996893942356,0.00035129765623184706
744,0.0016887388192117214,0.0016887388192117214,0.012840744573622942,0.006519048009067774,0.006519048009067774,5.36436346010305e-05,0.020024728029966354,0.000350140837474776
745,0.0016942922957241535,0.0016942922957241535,0.01348941307514906,0.006469219923019409,0.006469219923019409,5.256219083094038e-05,0.019674008712172508,0.00034898521718282566
746,0.0016733537195250392,0.0016733537195250392,0.012954991310834885,0.0064485687762498856,0.0064485687762498856,5.161579974810593e-05,0.01965714618563652,0.0003478308032764887
747,0.0016757648554630578,0.0016757648554630578,0.012856782879680395,0.006505331490188837,0.006505331490188837,5.156516272109002e-05,0.01959245279431343,0.0003466776036679885
748,0.0016891035484150052,0.0016891035484150052,0.013152425177395344,0.006478548515588045,0.006478548515588045,5.35851540917065e-05,0.01998487114906311,0.000345525626261226
749,0.00166669103782624,0.00166669103782624,0.012994429562240839,0.0064995563589036465,0.0064995563589036465,5.346655598259531e-05,0.019725974649190903,0.0003443748789517256
750,0.0016664321883581579,0.0016664321883581579,0.012845740653574467,0.00637067062780261,0.00637067062780261,5.230024908087216e-05,0.019825980067253113,0.00034322536962658033
751,0.0016698939725756645,0.0016698939725756645,0.013312674593180418,0.006436405703425407,0.006436405703425407,5.124996096128598e-05,0.01933533139526844,0.0003420771061643985
752,0.001673563092481345,0.001673563092481345,0.01296550827100873,0.006532255094498396,0.006532255094498396,5.4319250921253115e-05,0.020237598568201065,0.0003409300964352491
753,0.0016551049193367362,0.0016551049193367362,0.013337569776922464,0.006392068229615688,0.006392068229615688,5.173934914637357e-05,0.019540928304195404,0.00033978434830060866
754,0.0016583664692007005,0.0016583664692007005,0.01274414174258709,0.0063860611990094185,0.0063860611990094185,5.048217281000689e-05,0.019372710958123207,0.00033863986961330634
755,0.0016444270149804652,0.0016444270149804652,0.012908884789794683,0.006419582292437553,0.006419582292437553,5.298100222717039e-05,0.019919592887163162,0.0003374966682174711
756,0.0016234343056567013,0.0016234343056567013,0.012980632949620485,0.006373845040798187,0.006373845040798187,5.288077954901382e-05,0.019853899255394936,0.00033635475194847714
757,0.0016271629719994962,0.0016271629719994962,0.012787031009793282,0.006443697493523359,0.006443697493523359,5.198399958317168e-05,0.019650600850582123,0.00033521412863289103
758,0.0016125618712976575,0.0016125618712976575,0.012696781195700169,0.006374310236424208,0.006374310236424208,5.173646059120074e-05,0.019598541781306267,0.000334074806088417
759,0.0016099503263831139,0.0016099503263831139,0.012819255702197552,0.006305932532995939,0.006305932532995939,5.140918801771477e-05,0.019536204636096954,0.0003329367921238441
760,0.0016113683814182878,0.0016113683814182878,0.012825245037674904,0.00636329734697938,0.00636329734697938,5.212852556724101e-05,0.01973716914653778,0.00033180009453899283
761,0.0016164491535164416,0.0016164491535164416,0.01285735983401537,0.0063959104008972645,0.0063959104008972645,5.278407479636371e-05,0.019966766238212585,0.0003306647211246612
762,0.0016192446928471327,0.0016192446928471327,0.0131062688305974,0.006343975197523832,0.006343975197523832,5.188527575228363e-05,0.0194859616458416,0.0003295306796625715
763,0.001621595467440784,0.001621595467440784,0.012749006040394306,0.006406658794730902,0.006406658794730902,5.252526898402721e-05,0.019818849861621857,0.00032839797792531654
764,0.001618658541701734,0.001618658541701734,0.013424110598862171,0.006370215211063623,0.006370215211063623,5.216737918090075e-05,0.019626153632998466,0.0003272666236763076
765,0.0016169478767551482,0.0016169478767551482,0.012822301592677832,0.006336432881653309,0.006336432881653309,5.135074752615765e-05,0.019543273374438286,0.0003261366246697199
766,0.0016392461257055402,0.0016392461257055402,0.01314579276368022,0.0063188872300088406,0.0063188872300088406,5.130666249897331e-05,0.0193988885730505,0.00032500798865044015
767,0.0016254654037766159,0.0016254654037766159,0.012658936437219381,0.006397041492164135,0.006397041492164135,5.2596860768971965e-05,0.019820518791675568,0.00032388072335401294
768,0.0016317525296472013,0.0016317525296472013,0.013460913673043251,0.006370188668370247,0.006370188668370247,5.1918770623160526e-05,0.019637135788798332,0.00032275483650658863
769,0.0016282277065329254,0.0016282277065329254,0.012843320146203041,0.006338359788060188,0.006338359788060188,5.136699110153131e-05,0.019562486559152603,0.0003216303358248698
770,0.0016179725644178689,0.0016179725644178689,0.013433747459203005,0.006281831301748753,0.006281831301748753,5.1569593779277056e-05,0.019581593573093414,0.0003205072290160579
771,0.001602881820872426,0.001602881820872426,0.012715177610516548,0.006330765783786774,0.006330765783786774,5.15670508320909e-05,0.019421659409999847,0.00031938552377780156
772,0.0015989564126357436,0.0015989564126357436,0.012793246656656265,0.00637346925213933,0.00637346925213933,5.283506470732391e-05,0.02004747837781906,0.0003182652277981427
773,0.0016159904771484435,0.0016159904771484435,0.013100557960569859,0.006309198681265116,0.006309198681265116,5.1335875468794256e-05,0.019473565742373466,0.00031714634875546453
774,0.0015989177045412362,0.0015989177045412362,0.012611612677574158,0.0063808150589466095,0.0063808150589466095,5.2353971113916487e-05,0.019789960235357285,0.0003160288943184385
775,0.0016031355480663478,0.0016031355480663478,0.012994087766855955,0.0063076685182750225,0.0063076685182750225,5.234693526290357e-05,0.019820760935544968,0.0003149128721459727
776,0.0016109321732074022,0.0016109321732074022,0.013116630725562572,0.006260939408093691,0.006260939408093691,5.030788088333793e-05,0.019196853041648865,0.0003137982898871578
777,0.0016013887943699956,0.0016013887943699956,0.012616793159395456,0.006365504115819931,0.006365504115819931,5.173745012143627e-05,0.019666964188218117,0.00031268515518121574
778,0.0016067360411398113,0.0016067360411398113,0.013290641363710165,0.006290650460869074,0.006290650460869074,5.1779723435174674e-05,0.019595935940742493,0.00031157347565744745
779,0.0016662960406392813,0.0016662960406392813,0.013441587332636118,0.006334239151328802,0.006334239151328802,5.2397954277694225e-05,0.019845405593514442,0.00031046325893517953
780,0.001679208769928664,0.001679208769928664,0.01389545202255249,0.006270101293921471,0.006270101293921471,5.160417640581727e-05,0.019532551988959312,0.0003093545126237135
781,0.0016641271067783237,0.0016641271067783237,0.013236240949481726,0.006266157142817974,0.006266157142817974,5.0892220315290615e-05,0.01944120228290558,0.0003082472443222721
782,0.001602739852387458,0.001602739852387458,0.013207569252699614,0.006287840660661459,0.006287840660661459,5.17450062034186e-05,0.01978030614554882,0.0003071414616199486
783,0.0015989945968613029,0.0015989945968613029,0.01269981823861599,0.006303580943495035,0.006303580943495035,5.162151501281187e-05,0.019347012042999268,0.0003060371720956537
784,0.001602361910045147,0.001602361910045147,0.012581115122884512,0.00639693159610033,0.00639693159610033,5.300319753587246e-05,0.020081080496311188,0.000304934383318064
785,0.001600080227945,0.001600080227945,0.013136603869497776,0.006264948286116123,0.006264948286116123,5.192698154132813e-05,0.019511030986905098,0.0003038331028455703
786,0.0016133726458065212,0.0016133726458065212,0.012747265864163637,0.0062948777340352535,0.0062948777340352535,5.1941511628683656e-05,0.01976781338453293,0.00030273333822622596
787,0.0015798095264472067,0.0015798095264472067,0.012958783190697432,0.00626624608412385,0.00626624608412385,5.061951378593221e-05,0.019375067204236984,0.0003016350969976943
788,0.001571646600496024,0.001571646600496024,0.012615339364856482,0.006205716636031866,0.006205716636031866,5.021262768423185e-05,0.019318699836730957,0.0003005383866871976
789,0.0015724743134342134,0.0015724743134342134,0.012586991302669048,0.006330214906483889,0.006330214906483889,5.214885459281504e-05,0.019785504788160324,0.00029944321481146564
790,0.0015927674248814583,0.0015927674248814583,0.012859469279646873,0.006253696046769619,0.006253696046769619,5.094935113447718e-05,0.01932387799024582,0.0002983495888766842
791,0.001572481240145862,0.001572481240145862,0.012713050935417414,0.006211505737155676,0.006211505737155676,5.134829552844167e-05,0.019550347700715065,0.0002972575163784426
792,0.001557087292894721,0.001557087292894721,0.012916512321680784,0.006239550653845072,0.006239550653845072,5.162618981557898e-05,0.01960773393511772,0.00029616700480168337
793,0.0015541508910246193,0.0015541508910246193,0.012800082098692656,0.0062077720649540424,0.0062077720649540424,5.081791096017696e-05,0.019406963139772415,0.0002950780616206511
794,0.0015568308881483972,0.0015568308881483972,0.012695812154561281,0.006281819194555283,0.006281819194555283,5.0745351472869515e-05,0.019481759518384933,0.0002939906942988402
795,0.0015854790108278394,0.0015854790108278394,0.01294544292613864,0.006249650381505489,0.006249650381505489,5.093085201224312e-05,0.01947438158094883,0.0002929049102889447
796,0.0015391448396258056,0.0015391448396258056,0.012640242464840412,0.0062203374691307545,0.0062203374691307545,5.299550321069546e-05,0.020069830119609833,0.0002918207170328063
797,0.0015567837399430573,0.0015567837399430573,0.013261409476399422,0.006253874395042658,0.006253874395042658,5.121731010149233e-05,0.019374147057533264,0.00029073812196136464
798,0.0015520928427577019,0.0015520928427577019,0.012702016159892082,0.006201957818120718,0.006201957818120718,5.098142719361931e-05,0.019547563046216965,0.0002896571324946049
799,0.0015570080140605569,0.0015570080140605569,0.012968843337148428,0.006154819391667843,0.006154819391667843,4.9852696974994615e-05,0.019170142710208893,0.00028857775604150754
800,0.0015746388235129416,0.0015746388235129416,0.012519594747573137,0.006264029536396265,0.006264029536396265,5.1174825784983113e-05,0.01958782970905304,0.0002874999999999982
801,0.0015707396669313312,0.0015707396669313312,0.013116037007421255,0.006269135046750307,0.006269135046750307,5.1765011448878795e-05,0.019620858132839203,0.0002864238717568964
802,0.0015469261561520398,0.0015469261561520398,0.012510023079812527,0.006159043405205011,0.006159043405205011,5.083470023237169e-05,0.01933468133211136,0.0002853493786878643
803,0.0015497987624257803,0.0015497987624257803,0.012769374996423721,0.006209018174558878,0.006209018174558878,5.1538474508561194e-05,0.019722284749150276,0.0002842765281573569
804,0.0015443922020494938,0.0015443922020494938,0.012982503976672888,0.006163351237773895,0.006163351237773895,5.024141864851117e-05,0.0191803015768528,0.0002832053275185721
805,0.0015536618884652853,0.0015536618884652853,0.012523893732577562,0.006280073896050453,0.006280073896050453,5.112340295454487e-05,0.01962169259786606,0.0002821357841133988
806,0.0015674179303459823,0.0015674179303459823,0.013248329982161522,0.006191536784172058,0.006191536784172058,5.096294989925809e-05,0.019371991977095604,0.00028106790527236784
807,0.0015650318237021565,0.0015650318237021565,0.012456481344997883,0.006158048287034035,0.006158048287034035,4.952000381308608e-05,0.01916353404521942,0.000280001698314601
808,0.0015347986482083797,0.0015347986482083797,0.012680584099143744,0.006233863066881895,0.006233863066881895,5.1851937314495444e-05,0.019763989374041557,0.0002789371705477618
809,0.0015319358208216727,0.0015319358208216727,0.012932048179209232,0.00617870083078742,0.00617870083078742,5.122065340401605e-05,0.01943243108689785,0.00027787432926800414
810,0.0015365818399004638,0.0015365818399004638,0.012658617459237576,0.006218688562512398,0.006218688562512398,5.166938353795558e-05,0.019653286784887314,0.0002768131817599229
811,0.0015281137311831117,0.0015281137311831117,0.01271681347861886,0.006194939371198416,0.006194939371198416,5.0891070713987574e-05,0.019434135407209396,0.0002757537352965046
812,0.0015194272273220122,0.0015194272273220122,0.012427081353962421,0.006147813517600298,0.006147813517600298,4.9759015382733196e-05,0.019230375066399574,0.0002746959971390768
813,0.0015379759715870023,0.0015379759715870023,0.012820830568671227,0.006110650021582842,0.006110650021582842,4.92891704197973e-05,0.01912379078567028,0.00027363997453725824
814,0.001526565640233457,0.001526565640233457,0.012511806562542915,0.006154636852443218,0.006154636852443218,5.048293314757757e-05,0.019313497468829155,0.0002725856747289093
815,0.0015216005267575383,0.0015216005267575383,0.012673747725784779,0.006171368062496185,0.006171368062496185,5.1928691391367465e-05,0.01974116638302803,0.0002715331049400833
816,0.0015348059823736548,0.0015348059823736548,0.012851542793214321,0.006132295820862055,0.006132295820862055,5.123997470946051e-05,0.01948270946741104,0.00027048227238497547
817,0.0015322348335757852,0.0015322348335757852,0.01306711882352829,0.0061467494815588,0.0061467494815588,5.078209505882114e-05,0.01955428719520569,0.0002694331842658745
818,0.0015166022349148989,0.0015166022349148989,0.012691400945186615,0.0061186752282083035,0.0061186752282083035,4.9026763008441776e-05,0.01896025240421295,0.0002683858477731127
819,0.0015206245006993413,0.0015206245006993413,0.0124678835272789,0.006173153407871723,0.006173153407871723,5.080576374894008e-05,0.019512061029672623,0.00026734027008501753
820,0.001514438190497458,0.001514438190497458,0.012707505840808153,0.006096457596868277,0.006096457596868277,4.9977497837971896e-05,0.01926725171506405,0.00026629645836786115
821,0.001508293964434415,0.001508293964434415,0.012353579048067331,0.006166013423353434,0.006166013423353434,4.9562273488845676e-05,0.019232414662837982,0.00026525441977581207
822,0.0015174216823652387,0.0015174216823652387,0.012551331426948309,0.006117869168519974,0.006117869168519974,5.091349157737568e-05,0.019545622169971466,0.0002642141614508862
823,0.001509298395831138,0.001509298395831138,0.013008983805775642,0.006113934330642223,0.006113934330642223,5.0908856792375445e-05,0.019431617110967636,0.00026317569052289796
824,0.0015478651621378958,0.0015478651621378958,0.013253645971417427,0.006109658628702164,0.006109658628702164,5.016557406634092e-05,0.019319456070661545,0.0002621390141094105
825,0.0015392402419820428,0.0015392402419820428,0.013355772476643324,0.006150098983198404,0.006150098983198404,5.025705468142405e-05,0.01939975470304489,0.00026110413931568785
826,0.0015163291245698929,0.0015163291245698929,0.012392771430313587,0.006120793987065554,0.006120793987065554,4.9854697863338515e-05,0.019123895093798637,0.00026007107323464617
827,0.0014989185146987438,0.0014989185146987438,0.012449514586478472,0.006145251914858818,0.006145251914858818,5.17567532369867e-05,0.019818071275949478,0.0002590398229468046
828,0.0015154563589021564,0.0015154563589021564,0.012928893323987722,0.006093341391533613,0.006093341391533613,5.0741949962684885e-05,0.019285235553979874,0.0002580103955202371
829,0.0015156854642555118,0.0015156854642555118,0.012601519003510475,0.006103093270212412,0.006103093270212412,4.9838097766041756e-05,0.01926472596824169,0.00025698279801052387
830,0.0014945785515010357,0.0014945785515010357,0.012450783513486385,0.006088930647820234,0.006088930647820234,4.96992543048691e-05,0.0192534402012825,0.00025595703746070355
831,0.0014968262403272092,0.0014968262403272092,0.012632685247808695,0.006099214311689138,0.006099214311689138,5.0320297305006534e-05,0.01935325376689434,0.00025493312090122365
832,0.0014905552961863577,0.0014905552961863577,0.012497054412961006,0.006126001011580229,0.006126001011580229,5.045285070082173e-05,0.019334465265274048,0.00025391105534989405
833,0.0014912267215549946,0.0014912267215549946,0.012550869025290012,0.0060240826569497585,0.0060240826569497585,4.965322295902297e-05,0.019206639379262924,0.00025289084781183725
834,0.0014892403269186616,0.0014892403269186616,0.012506362050771713,0.0060415808111429214,0.0060415808111429214,4.9788424803409725e-05,0.019158639013767242,0.0002518725052794418
835,0.0014948909520171583,0.0014948909520171583,0.012481222860515118,0.006094260141253471,0.006094260141253471,5.059087561676279e-05,0.01949334144592285,0.0002508560347323132
836,0.0014895847416482866,0.0014895847416482866,0.01270272210240364,0.0061102150939404964,0.0061102150939404964,5.0370919780107215e-05,0.019368506968021393,0.00024984144313722667
837,0.0014864749973639846,0.0014864749973639846,0.012600735761225224,0.006090318318456411,0.006090318318456411,5.020917160436511e-05,0.019295739009976387,0.0002488287374480797
838,0.0014848429709672928,0.0014848429709672928,0.012675287202000618,0.00606205128133297,0.00606205128133297,4.909445851808414e-05,0.019100137054920197,0.0002478179246058435
839,0.00148428714601323,0.00148428714601323,0.012341442983597517,0.006071323994547129,0.006071323994547129,4.94835912832059e-05,0.019186798483133316,0.00024680901153851614
840,0.0014879507361911237,0.0014879507361911237,0.01244719186797738,0.006109191104769707,0.006109191104769707,5.1528630137909204e-05,0.019747303798794746,0.00024580200516107463
841,0.0015022322768345475,0.0015022322768345475,0.013248909264802933,0.006064111366868019,0.006064111366868019,5.04623785673175e-05,0.0192856527864933,0.0002447969123754282
842,0.0014831426669843495,0.0014831426669843495,0.012551146559417248,0.006047666538506746,0.006047666538506746,4.9348447646480054e-05,0.019036415964365005,0.00024379374007037007
843,0.001477939309552312,0.001477939309552312,0.012438762933015823,0.006044828798621893,0.006044828798621893,4.9564376240596175e-05,0.019314873963594437,0.0002427924951215309
844,0.001478513760957867,0.001478513760957867,0.012437295634299517,0.006049900781363249,0.006049900781363249,4.974166222382337e-05,0.01919017732143402,0.00024179318439133176
845,0.001475896337069571,0.001475896337069571,0.012407819274812937,0.006100440863519907,0.006100440863519907,5.082056304672733e-05,0.019488129764795303,0.00024079581472893628
846,0.0014727769303135574,0.0014727769303135574,0.012636934407055378,0.006056058686226606,0.006056058686226606,5.0032387662213296e-05,0.019206471741199493,0.00023980039297020447
847,0.001483486732468009,0.001483486732468009,0.012502266559749842,0.006018220447003841,0.006018220447003841,4.931454895995557e-05,0.01916760765016079,0.00023880692593764542
848,0.001467876834794879,0.001467876834794879,0.012568839825689793,0.006046896800398827,0.006046896800398827,4.990231536794454e-05,0.019354522228240967,0.0002378154204403713
849,0.0014703076449222863,0.0014703076449222863,0.0125392135232687,0.006028783041983843,0.006028783041983843,4.9610258429311216e-05,0.01912132278084755,0.00023682588327404957
850,0.0014732015551999211,0.0014732015551999211,0.012355808168649673,0.006049326155334711,0.006049326155334711,4.96966895298101e-05,0.01926681585609913,0.0002358383212208572
851,0.0014979169354774058,0.0014979169354774058,0.012885807547718287,0.00604957714676857,0.00604957714676857,4.94780542794615e-05,0.019165631383657455,0.00023485274104943372
852,0.0014817806077189744,0.0014817806077189744,0.012399514205753803,0.0060008554719388485,0.0060008554719388485,4.913787415716797e-05,0.019069060683250427,0.00023386914951483565
853,0.001481479441281408,0.001481479441281408,0.012769528664648533,0.006041156593710184,0.006041156593710184,5.0376409490127116e-05,0.019481319934129715,0.00023288755335848884
854,0.0014966558082960546,0.0014966558082960546,0.013059550896286964,0.005994368344545364,0.005994368344545364,4.960661317454651e-05,0.01907329633831978,0.00023190795930814366
855,0.0014775452436879277,0.0014775452436879277,0.012473041657358408,0.006083218846470118,0.006083218846470118,5.119844718137756e-05,0.019708264619112015,0.0002309303740778282
856,0.0014660469023510814,0.0014660469023510814,0.012595298700034618,0.006024314556270838,0.006024314556270838,4.954859832650982e-05,0.019111603498458862,0.00022995480436780198
857,0.001468227303121239,0.001468227303121239,0.012371927965432405,0.006018209271132946,0.006018209271132946,4.9131776904687285e-05,0.01914268732070923,0.00022898125686451055
858,0.0014699133462272584,0.0014699133462272584,0.01247501652687788,0.005968959536403418,0.005968959536403418,4.870328848483041e-05,0.018976673483848572,0.0002280097382405394
859,0.001470875577069819,0.001470875577069819,0.012778228148818016,0.006019155494868755,0.006019155494868755,4.9647987907519564e-05,0.0192274022847414,0.00022704025515456867
860,0.001456916332244873,0.001456916332244873,0.012397689279168844,0.006048261187970638,0.006048261187970638,4.983077815268189e-05,0.019198570400476456,0.00022607281425132667
861,0.001454255951102823,0.001454255951102823,0.012471156194806099,0.006006600800901651,0.006006600800901651,5.024336132919416e-05,0.019493017345666885,0.0002251074221615451
862,0.0014549704501405358,0.0014549704501405358,0.012611140497028828,0.005972629878669977,0.005972629878669977,4.8902926209848374e-05,0.019042156636714935,0.0002241440855019131
863,0.0014571182546205819,0.0014571182546205819,0.012368584983050823,0.005993116181343794,0.005993116181343794,4.9610847781877965e-05,0.019270213320851326,0.00022318281087503253
864,0.0014528678730130196,0.0014528678730130196,0.012655811384320259,0.0060206567868590355,0.0060206567868590355,5.0196380470879376e-05,0.019385796040296555,0.00022222360486937176
865,0.00146137474803254,0.00146137474803254,0.012472070287913084,0.006000475026667118,0.006000475026667118,4.93429324706085e-05,0.019132420420646667,0.00022126647405922153
866,0.0014486619620583951,0.0014486619620583951,0.012504252139478922,0.006027820520102978,0.006027820520102978,4.9597263569012284e-05,0.01929718255996704,0.00022031142500464942
867,0.0014494052738882601,0.0014494052738882601,0.012444306630641222,0.005934624001383781,0.005934624001383781,4.8465160944033414e-05,0.01888250932097435,0.00021935846425145445
868,0.001449303119443357,0.001449303119443357,0.012297140434384346,0.0059968107379972935,0.0059968107379972935,5.0031725550070405e-05,0.019355125725269318,0.000218407598331123
869,0.0014654609258286655,0.0014654609258286655,0.01302446098998189,0.005993005353957415,0.005993005353957415,4.977998469257727e-05,0.01921796053647995,0.00021745883376078344
870,0.0014554760418832302,0.0014554760418832302,0.012504321057349443,0.005969347897917032,0.005969347897917032,4.882175926468335e-05,0.018932253122329712,0.00021651217704316225
871,0.0014433354372158647,0.0014433354372158647,0.012343105394393206,0.006025867071002722,0.006025867071002722,5.016955765313469e-05,0.019484952092170715,0.00021556763466653835
872,0.0014526028535328805,0.0014526028535328805,0.012559301685541868,0.005939732305705547,0.005939732305705547,4.907706897938624e-05,0.019040502607822418,0.0002146252131046995
873,0.001449981878977269,0.001449981878977269,0.012337268330156803,0.005987231619656086,0.005987231619656086,4.994868504581973e-05,0.01931210234761238,0.00021368491881689739
874,0.0014476942014880478,0.0014476942014880478,0.012731557246297598,0.0059715500101447105,0.0059715500101447105,4.975808406015858e-05,0.01920819655060768,0.00021274675824780405
875,0.0014404421672224998,0.0014404421672224998,0.012430083937942982,0.005926463752985001,0.005926463752985001,4.8720379709266126e-05,0.01895124465227127,0.00021181073782746673
876,0.0014458290534093976,0.0014458290534093976,0.012344608083367348,0.005963008850812912,0.005963008850812912,4.831734622712247e-05,0.019022930413484573,0.0002108768639712647
877,0.0014429704169742763,0.0014429704169742763,0.01233404316008091,0.005972857121378183,0.005972857121378183,4.9177022447111085e-05,0.019149964675307274,0.00020994514307986494
878,0.0014344272203743458,0.0014344272203743458,0.012375506106764078,0.005984161049127579,0.005984161049127579,5.007184518035501e-05,0.01929783634841442,0.00020901558153917806
879,0.001434108184184879,0.001434108184184879,0.012521200813353062,0.005964342970401049,0.005964342970401049,4.986410203855485e-05,0.019313853234052658,0.00020808818572031463
880,0.001437924918718636,0.001437924918718636,0.012562446761876345,0.00593566382303834,0.00593566382303834,4.8314162995666265e-05,0.018902745097875595,0.00020716296197954175
881,0.0014285050565376878,0.0014285050565376878,0.01222603302448988,0.005950879771262407,0.005950879771262407,4.862712012254633e-05,0.018958764150738716,0.00020623991665823956
882,0.0014279971364885569,0.0014279971364885569,0.012438374105840921,0.005925445351749659,0.005925445351749659,4.944905231241137e-05,0.019245058298110962,0.0002053190560828572
883,0.0014302399358712137,0.0014302399358712137,0.012375029269605875,0.0059205470606684685,0.0059205470606684685,4.882533903582953e-05,0.01897483877837658,0.0002044003865648699
884,0.0014213622198440135,0.0014213622198440135,0.012323086615651846,0.005991766694933176,0.005991766694933176,5.010433233110234e-05,0.019391531124711037,0.00020348391440073562
885,0.0014289668761193752,0.0014289668761193752,0.012694782111793756,0.005950446706265211,0.005950446706265211,4.940503276884556e-05,0.01913754642009735,0.000202569645871852
886,0.0014246975188143551,0.0014246975188143551,0.012292700819671154,0.0059173391200602055,0.0059173391200602055,4.837117739953101e-05,0.018921099603176117,0.00020165758724451346
887,0.00142459332710132,0.00142459332710132,0.012448661495000124,0.0059442901983857155,0.0059442901983857155,4.915150930173695e-05,0.019206302240490913,0.00020074774476986729
888,0.001419877225998789,0.001419877225998789,0.012461119797080755,0.0059403604827821255,0.0059403604827821255,4.9087520892499015e-05,0.019061947241425514,0.0001998401246838723
889,0.0014205800835043192,0.0014205800835043192,0.012249391991645098,0.005959384609013796,0.005959384609013796,4.950453876517713e-05,0.019176803529262543,0.0001989347332072547
890,0.0014167858753353357,0.0014167858753353357,0.012474148068577051,0.005917076487094164,0.005917076487094164,4.941468796459958e-05,0.01923590525984764,0.0001980315765454664
891,0.001413797726854682,0.001413797726854682,0.01235659746453166,0.005884368438273668,0.005884368438273668,4.8203310143435374e-05,0.01883806101977825,0.0001971306608886418
892,0.0014193293172866106,0.0014193293172866106,0.012343203648924828,0.0058967494405806065,0.0058967494405806065,4.861409615841694e-05,0.019032474607229233,0.00019623199241155628
893,0.0014170139329507947,0.0014170139329507947,0.012419650796800852,0.0059088412672281265,0.0059088412672281265,4.9090722313849255e-05,0.019148699939250946,0.00019533557727358282
894,0.0014116513193584979,0.0014116513193584979,0.012429946102201939,0.005934284534305334,0.005934284534305334,4.979956065653823e-05,0.019254084676504135,0.00019444142161865034
895,0.0014114623772911727,0.0014114623772911727,0.012320376932621002,0.005932948552072048,0.005932948552072048,4.922560037812218e-05,0.019142214208841324,0.0001935495315752015
896,0.0014107096358202398,0.0014107096358202398,0.012228165287524462,0.00593145564198494,0.00593145564198494,4.882744906353764e-05,0.019101236015558243,0.0001926599132561509
897,0.0014082523994147778,0.0014082523994147778,0.012347040232270956,0.0059034922160208225,0.0059034922160208225,4.8808768042363226e-05,0.019100185483694077,0.00019177257275884303
898,0.0014085090951994061,0.0014085090951994061,0.012297897599637508,0.005885618273168802,0.005885618273168802,4.872449426329695e-05,0.019015200436115265,0.00019088751616501006
899,0.0014109856565482914,0.0014109856565482914,0.012408885639160872,0.00588968163356185,0.00588968163356185,4.936651384923607e-05,0.01921932026743889,0.00019000474954073107
900,0.0014105176669545472,0.0014105176669545472,0.012506537139415741,0.005860962439328432,0.005860962439328432,4.824557981919497e-05,0.018892403692007065,0.00018912427893638946
901,0.0014059861423447728,0.0014059861423447728,0.012191586662083864,0.005907484330236912,0.005907484330236912,4.8779387725517154e-05,0.019131872802972794,0.0001882461103866322
902,0.0014183371677063406,0.0014183371677063406,0.012374382000416517,0.005920396652072668,0.005920396652072668,4.929173883283511e-05,0.019178204238414764,0.0001873702499103281
903,0.0014045374700799584,0.0014045374700799584,0.012467170134186745,0.005880995653569698,0.005880995653569698,4.9422975280322134e-05,0.019239380955696106,0.00018649670351052704
904,0.0014027180732227862,0.0014027180732227862,0.012376291211694479,0.005872667301446199,0.005872667301446199,4.822033588425256e-05,0.01885402575135231,0.00018562547717441803
905,0.0014094564248807728,0.0014094564248807728,0.012265062890946865,0.00591287761926651,0.00591287761926651,4.8981542931869626e-05,0.019133806228637695,0.00018475657687328892
906,0.0014083791757002473,0.0014083791757002473,0.012561323121190071,0.005919982213526964,0.005919982213526964,4.9709280574461445e-05,0.01935867965221405,0.0001838900085624849
907,0.0014071639743633568,0.0014071639743633568,0.012477627024054527,0.005871598608791828,0.005871598608791828,4.8475078074261546e-05,0.018896184861660004,0.0001830257781813683
908,0.0013997129281051457,0.0013997129281051457,0.012232528533786535,0.0058938683941960335,0.0058938683941960335,4.9160051275976e-05,0.01923205703496933,0.00018216389165327752
909,0.0014041248359717429,0.0014041248359717429,0.012538857758045197,0.0058836555108428,0.0058836555108428,4.8937225074041635e-05,0.019103996455669403,0.000181304354885486
910,0.0013981657684780657,0.0013981657684780657,0.012392992619425058,0.005859575234353542,0.005859575234353542,4.8122499720193446e-05,0.018904494121670723,0.00018044717376916293
911,0.001396080362610519,0.001396080362610519,0.012168316170573235,0.00587355624884367,0.00587355624884367,4.8060781409731135e-05,0.01891733519732952,0.00017959235417933138
912,0.0013946794206276536,0.0013946794206276536,0.012201946694403887,0.005872232373803854,0.005872232373803854,4.849897959502414e-05,0.019016876816749573,0.0001787399019748292
913,0.0013922823127359152,0.0013922823127359152,0.012238324619829655,0.005850722547620535,0.005850722547620535,4.867247844231315e-05,0.01898862235248089,0.00017788982299826814
914,0.0013965042890049517,0.0013965042890049517,0.012387900147587061,0.005892897490411997,0.005892897490411997,4.926467954646796e-05,0.019160814583301544,0.0001770421230759947
915,0.001399022527039051,0.001399022527039051,0.012405231595039368,0.005888679996132851,0.005888679996132851,4.921310755889863e-05,0.019101954996585846,0.00017619680801804905
916,0.0014003901742398739,0.0014003901742398739,0.01244458369910717,0.00584523705765605,0.00584523705765605,4.829431418329477e-05,0.019005611538887024,0.00017535388361812596
917,0.0013929085107520223,0.0013929085107520223,0.012289663776755333,0.005810157861560583,0.005810157861560583,4.768098733620718e-05,0.018775153905153275,0.0001745133556535347
918,0.0014016308123245835,0.0014016308123245835,0.012210925109684467,0.005878443829715252,0.005878443829715252,4.8703506763558835e-05,0.019033808261156082,0.00017367522988516001
919,0.0013885105727240443,0.0013885105727240443,0.01229533413425088,0.005906384903937578,0.005906384903937578,4.9507783842273057e-05,0.01930263452231884,0.00017283951205742212
920,0.0013920561177656054,0.0013920561177656054,0.01252691401168704,0.0058432817459106445,0.0058432817459106445,4.884733789367601e-05,0.019029337912797928,0.0001720062078982373
921,0.0013895799056626856,0.0013895799056626856,0.012237705755978823,0.005849333014339209,0.005849333014339209,4.854837243328802e-05,0.018987195566296577,0.0001711753231189792
922,0.0014045751886442304,0.0014045751886442304,0.012480984907597303,0.005859964527189732,0.005859964527189732,4.837763117393479e-05,0.019054271280765533,0.00017034686341443875
923,0.0013844205532222986,0.0013844205532222986,0.012262371368706226,0.005821118596941233,0.005821118596941233,4.794776759808883e-05,0.018791161477565765,0.00016952083446278627
924,0.0013907290995121002,0.0013907290995121002,0.012185873463749886,0.005876975134015083,0.005876975134015083,4.902835644315928e-05,0.019150832667946815,0.0001686972419255314
925,0.001393433311022818,0.001393433311022818,0.012509401421993971,0.005868092644959688,0.005868092644959688,4.932259616907686e-05,0.019178885966539383,0.00016787609144748545
926,0.0013889340334571898,0.0013889340334571898,0.012427550740540028,0.005822590086609125,0.005822590086609125,4.841083864448592e-05,0.018900791183114052,0.00016705738865672182
927,0.00138443784089759,0.00138443784089759,0.012308810371905565,0.005855055060237646,0.005855055060237646,4.8585323384031653e-05,0.019124943763017654,0.0001662411391645376
928,0.001385413110256195,0.001385413110256195,0.01240695919841528,0.005852794274687767,0.005852794274687767,4.8055087972898036e-05,0.018890241160988808,0.00016542734856541546
929,0.0013875443837605417,0.0013875443837605417,0.012225770391523838,0.005801967345178127,0.005801967345178127,4.780593008035794e-05,0.018800191581249237,0.0001646160224369851
930,0.001382743299473077,0.001382743299473077,0.012197593692690134,0.0058259922079741955,0.0058259922079741955,4.8875604989007115e-05,0.019178466871380806,0.00016380716633998502
931,0.001381827867589891,0.001381827867589891,0.01247755577787757,0.005844918545335531,0.005844918545335531,4.8806832637637854e-05,0.019007068127393723,0.00016300078581822424
932,0.0013828658265993,0.0013828658265993,0.012319615110754967,0.005828794091939926,0.005828794091939926,4.843479473493062e-05,0.01897212117910385,0.0001621968863985447
933,0.001385370153002441,0.001385370153002441,0.012570449616760015,0.005820387974381447,0.005820387974381447,4.8111105570569634e-05,0.018971381708979607,0.00016139547359078288
934,0.001383013150189072,0.001383013150189072,0.012261366005986929,0.00581114599481225,0.00581114599481225,4.775080014951527e-05,0.01875937357544899,0.00016059655288773252
935,0.0013839916209690273,0.0013839916209690273,0.01219688868150115,0.005843799561262131,0.005843799561262131,4.857698149862699e-05,0.019096670672297478,0.00015980012976510652
936,0.0013872372219339013,0.0013872372219339013,0.012489151675254107,0.00583653524518013,0.00583653524518013,4.839599205297418e-05,0.01896747574210167,0.00015900620968149992
937,0.0013886145898140967,0.0013886145898140967,0.01223286148160696,0.005808240734040737,0.005808240734040737,4.8080721171572804e-05,0.018868284299969673,0.00015821479807835208
938,0.0013802007888443768,0.0013802007888443768,0.012241714634001255,0.005821569822728634,0.005821569822728634,4.894189623882994e-05,0.019239410758018494,0.00015742590037990937
939,0.001380489848088473,0.001380489848088473,0.012611114885658026,0.005793549120426178,0.005793549120426178,4.836088919546455e-05,0.018869254738092422,0.00015663952199318837
940,0.0013752772356383502,0.0013752772356383502,0.012255026958882809,0.005801625084131956,0.005801625084131956,4.827294105780311e-05,0.018876418471336365,0.00015585566830793863
941,0.001376283646095544,0.001376283646095544,0.012218513526022434,0.005858199205249548,0.005858199205249548,4.8608977522235364e-05,0.019100310280919075,0.00015507434469660543
942,0.0013776285923086107,0.0013776285923086107,0.012197711039334536,0.005782441236078739,0.005782441236078739,4.772766260430217e-05,0.018855594098567963,0.00015429555651429316
943,0.001370463171042502,0.001370463171042502,0.012106416281312704,0.0058116125874221325,0.0058116125874221325,4.825474024983123e-05,0.018989412114024162,0.0001535193090987291
944,0.0013695588568225503,0.0013695588568225503,0.012315827421844006,0.0058563402853906155,0.0058563402853906155,4.8977290134644136e-05,0.019084865227341652,0.00015274560777022597
945,0.001371320046018809,0.001371320046018809,0.012328285723924637,0.005795410368591547,0.005795410368591547,4.815877036890015e-05,0.018897224217653275,0.0001519744578316461
946,0.0013661355478689075,0.0013661355478689075,0.012281150091439486,0.0057584005407989025,0.0057584005407989025,4.7972342144930735e-05,0.01892012730240822,0.00015120586456836467
947,0.0013670295593328774,0.0013670295593328774,0.01227370835840702,0.005806551314890385,0.005806551314890385,4.801187969860621e-05,0.01893000118434429,0.00015043983324823402
948,0.0013660213444381952,0.0013660213444381952,0.012172936461865902,0.0058267503045499325,0.0058267503045499325,4.8269019316649064e-05,0.01893490180373192,0.00014967636912154703
949,0.0013653693022206426,0.0013653693022206426,0.012109747156500816,0.005818707402795553,0.005818707402795553,4.8783727834234014e-05,0.019118070602416992,0.0001489154774210012
950,0.0013702184078283608,0.0013702184078283608,0.012538894079625607,0.005810902453958988,0.005810902453958988,4.863511276198551e-05,0.019074033945798874,0.00014815716336166314
951,0.001362401817459613,0.001362401817459613,0.012363633140921593,0.005764607805758715,0.005764607805758715,4.723331585410051e-05,0.01863902062177658,0.00014740143214093265
952,0.00136664038291201,0.00136664038291201,0.012190809473395348,0.005806108005344868,0.005806108005344868,4.81124225188978e-05,0.018983840942382812,0.00014664828893850676
953,0.001362052105832845,0.001362052105832845,0.012298313900828362,0.005774840712547302,0.005774840712547302,4.828427699976601e-05,0.018974125385284424,0.00014589773891634448
954,0.0013593198964372277,0.0013593198964372277,0.012322132475674152,0.0057866498827934265,0.0057866498827934265,4.853438076679595e-05,0.01898648589849472,0.00014514978721863196
955,0.001358511799480766,0.001358511799480766,0.012218034360557795,0.005790926981717348,0.005790926981717348,4.804601485375315e-05,0.01889040507376194,0.00014440443897174618
956,0.0013585203560069203,0.0013585203560069203,0.012219072319567204,0.005769537761807442,0.005769537761807442,4.7817069571465254e-05,0.0188780277967453,0.00014366169928422062
957,0.0013559946091845632,0.0013559946091845632,0.012162389699369669,0.00577104277908802,0.00577104277908802,4.793860352947377e-05,0.018877658993005753,0.00014292157324670982
958,0.0013546182308346033,0.0013546182308346033,0.012155384756624699,0.005783292464911938,0.005783292464911938,4.816786531591788e-05,0.018979184329509735,0.00014218406593195502
959,0.0013543811510317028,0.0013543811510317028,0.01229139231145382,0.0057646650820970535,0.0057646650820970535,4.79342597827781e-05,0.018915988504886627,0.0001414491823947486
960,0.0013539376086555421,0.0013539376086555421,0.012234832625836134,0.005756481550633907,0.005756481550633907,4.75541346531827e-05,0.018787063658237457,0.00014071692767189998
961,0.0013510319986380637,0.0013510319986380637,0.0121592883951962,0.005784938111901283,0.005784938111901283,4.800427996087819e-05,0.018925514072179794,0.0001399873067822011
962,0.0013517086044885218,0.0013517086044885218,0.012202952988445759,0.005783039145171642,0.005783039145171642,4.801673276233487e-05,0.01893038861453533,0.00013926032472639198
963,0.0013529215357266366,0.0013529215357266366,0.012146766763180494,0.005773737095296383,0.005773737095296383,4.7886795073281974e-05,0.018845204263925552,0.00013853598648712619
964,0.0013507716939784586,0.0013507716939784586,0.012083621229976416,0.005780050065368414,0.005780050065368414,4.8435875214636326e-05,0.019017819315195084,0.00013781429702893668
965,0.0013527516857720912,0.0013527516857720912,0.012238685972988605,0.005772504024207592,0.005772504024207592,4.84448901261203e-05,0.018985582515597343,0.0001370952612982025
966,0.001350013364572078,0.001350013364572078,0.012303932569921017,0.005766992922872305,0.005766992922872305,4.8476369556738064e-05,0.019039306789636612,0.00013637888422311393
967,0.001351071521639824,0.001351071521639824,0.012480352073907852,0.0057578799314796925,0.0057578799314796925,4.813909254153259e-05,0.018993765115737915,0.0001356651707136392
968,0.0013481744681484997,0.0013481744681484997,0.012224078178405762,0.0057361614890396595,0.0057361614890396595,4.694180825026706e-05,0.01863926276564598,0.0001349541256614906
969,0.0013499388587661088,0.0013499388587661088,0.012066394556313753,0.005771048367023468,0.005771048367023468,4.7279281716328114e-05,0.018790455535054207,0.00013424575394009169
970,0.0013532039010897279,0.0013532039010897279,0.012269995175302029,0.005755235906690359,0.005755235906690359,4.7826113586779684e-05,0.018913602456450462,0.0001335400604045427
971,0.0013484108494594693,0.0013484108494594693,0.012154009193181992,0.005737604573369026,0.005737604573369026,4.794762207893655e-05,0.018805261701345444,0.00013283704989158803
972,0.0013567277928814292,0.0013567277928814292,0.012359632179141045,0.005781868938356638,0.005781868938356638,4.890623677056283e-05,0.019142165780067444,0.00013213672721958315
973,0.0013473135186359286,0.0013473135186359286,0.012317019514739513,0.005752961616963148,0.005752961616963148,4.791384708369151e-05,0.01886589080095291,0.00013143909718846137
974,0.0013453495921567082,0.0013453495921567082,0.012192955240607262,0.005744887515902519,0.005744887515902519,4.732192974188365e-05,0.01879500225186348,0.00013074416457970058
975,0.0013424880453385413,0.0013424880453385413,0.01208040351048112,0.005727222189307213,0.005727222189307213,4.718229320133105e-05,0.018730580806732178,0.00013005193415629106
976,0.0013448202516883612,0.0013448202516883612,0.01213339576497674,0.005733568221330643,0.005733568221330643,4.747955972561613e-05,0.018845191225409508,0.00012936241066270287
977,0.0013437557499855757,0.0013437557499855757,0.012205107603222132,0.005742867011576891,0.005742867011576891,4.791684841620736e-05,0.018856532871723175,0.00012867559882485266
978,0.0013416316360235214,0.0013416316360235214,0.012211969587951899,0.005758044775575399,0.005758044775575399,4.8706984671298414e-05,0.019075706601142883,0.00012799150335007184
979,0.0013456445885822177,0.0013456445885822177,0.012309498153626919,0.005769180133938789,0.005769180133938789,4.854763756156899e-05,0.01908225566148758,0.00012731012892707418
980,0.0013398160226643085,0.0013398160226643085,0.012196300085633993,0.005744434427469969,0.005744434427469969,4.770534724229947e-05,0.018800795078277588,0.00012663148022592377
981,0.0013423158088698983,0.0013423158088698983,0.012073802761733532,0.005741337779909372,0.005741337779909372,4.7448564146179706e-05,0.01878264546394348,0.00012595556189800284
982,0.0013421413023024797,0.0013421413023024797,0.012128717266023159,0.005737144034355879,0.005737144034355879,4.747761704493314e-05,0.018843140453100204,0.00012528237857597978
983,0.0013412886182777584,0.0013412886182777584,0.012158894911408424,0.005721540655940771,0.005721540655940771,4.752478707814589e-05,0.01878400146961212,0.00012461193487377773
984,0.0013394803390838206,0.0013394803390838206,0.012094905134290457,0.005733191501349211,0.005733191501349211,4.803467891179025e-05,0.018974507227540016,0.00012394423538654298
985,0.0013384951744228601,0.0013384951744228601,0.012265239842236042,0.005746032577008009,0.005746032577008009,4.813336272491142e-05,0.018980784341692924,0.0001232792846906129
986,0.0013424222124740481,0.0013424222124740481,0.012269377708435059,0.005742773413658142,0.005742773413658142,4.818516026716679e-05,0.01891409233212471,0.000122617087343485
987,0.0013400340685620904,0.0013400340685620904,0.012184036429971457,0.005731347016990185,0.005731347016990185,4.794362394022755e-05,0.018946701660752296,0.00012195764788378597
988,0.001340628368780017,0.001340628368780017,0.012206417508423328,0.005712615791708231,0.005712615791708231,4.721754521597177e-05,0.018719101324677467,0.00012130097083123988
989,0.0013344618491828442,0.0013344618491828442,0.01211725128814578,0.005734105594456196,0.005734105594456196,4.767010977957398e-05,0.018897324800491333,0.00012064706068663775
990,0.0013352582463994622,0.0013352582463994622,0.012289543636143208,0.005733919329941273,0.005733919329941273,4.777301364811137e-05,0.01886827126145363,0.00011999592193180642
991,0.001334373839199543,0.001334373839199543,0.012185622472316027,0.0057158335112035275,0.0057158335112035275,4.784852353623137e-05,0.018817074596881866,0.0001193475590295782
992,0.0013377073919400573,0.0013377073919400573,0.012173127848654985,0.005734758917242289,0.005734758917242289,4.7896275646053255e-05,0.01888079009950161,0.00011870197642375958
993,0.00133345159702003,0.00133345159702003,0.012160580605268478,0.005732589866966009,0.005732589866966009,4.766744314110838e-05,0.018891455605626106,0.00011805917853910158
994,0.0013394556008279324,0.0013394556008279324,0.012336956802755594,0.005687865894287825,0.005687865894287825,4.721799632534385e-05,0.018810689449310303,0.00011741916978126905
995,0.0013383693294599652,0.0013383693294599652,0.012092252261936665,0.005705652758479118,0.005705652758479118,4.69725055154413e-05,0.018629543483257294,0.00011678195453681021
996,0.001337449240963906,0.001337449240963906,0.012020986527204514,0.005752393510192633,0.005752393510192633,4.786569479620084e-05,0.018909409642219543,0.00011614753717312706
997,0.0013517968473024666,0.0013517968473024666,0.012545994948595762,0.005756671540439129,0.005756671540439129,4.898566839983687e-05,0.019246399402618408,0.00011551592203844503
998,0.0013350682565942407,0.0013350682565942407,0.01237651752308011,0.005711500067263842,0.005711500067263842,4.799589078174904e-05,0.018779342994093895,0.00011488711346178371
999,0.0013398891896940768,0.0013398891896940768,0.012168568558990955,0.005727055482566357,0.005727055482566357,4.811794497072697e-05,0.018939170986413956,0.00011426111575292664
1000,0.0013278601691126823,0.0013278601691126823,0.012289660517126322,0.005745549686253071,0.005745549686253071,4.834719584323466e-05,0.019094206392765045,0.00011363793320239197
1001,0.001335815410129726,0.001335815410129726,0.012406227178871632,0.005683443043380976,0.005683443043380976,4.6983419451862574e-05,0.01865161955356598,0.00011301757008140304
1002,0.0013342166203074157,0.0013342166203074157,0.012052291538566351,0.005674843210726976,0.005674843210726976,4.705669198301621e-05,0.01866401731967926,0.00011240003064185949
1003,0.0013334951945580542,0.0013334951945580542,0.012248725164681673,0.005740515887737274,0.005740515887737274,4.8315552703570575e-05,0.01910313591361046,0.00011178531911630718
1004,0.0013295200769789517,0.0013295200769789517,0.012303333729505539,0.005720843095332384,0.005720843095332384,4.745719343191013e-05,0.01878724992275238,0.0001111734397179102
1005,0.0013286152388900518,0.0013286152388900518,0.012055838946253061,0.005689575802534819,0.005689575802534819,4.696702671935782e-05,0.01860639825463295,0.00011056439664042159
1006,0.001327528734691441,0.001327528734691441,0.012050824239850044,0.005709223914891481,0.005709223914891481,4.7761128371348605e-05,0.018873807042837143,0.00010995819405815428
1007,0.0013287896872498095,0.0013287896872498095,0.012311696540564299,0.00570840435102582,0.00570840435102582,4.805001299246214e-05,0.01898772269487381,0.00010935483612595288
1008,0.0013320785365067422,0.0013320785365067422,0.01221917336806655,0.0057037933729588985,0.0057037933729588985,4.76414461445529e-05,0.018758337944746017,0.00010875432697916504
1009,0.0013267932808957994,0.0013267932808957994,0.012145194690674543,0.005716351326555014,0.005716351326555014,4.793961124960333e-05,0.01893894374370575,0.00010815667073361336
1010,0.0013237262610346079,0.0013237262610346079,0.012242707423865795,0.005700047127902508,0.005700047127902508,4.7730580263305455e-05,0.018909012898802757,0.00010756187148556673
1011,0.001321013376582414,0.001321013376582414,0.012196001596748829,0.005685134325176477,0.005685134325176477,4.697726035374217e-05,0.01870127208530903,0.00010696993331171266
1012,0.0013195551000535488,0.0013195551000535488,0.012027595192193985,0.005687218625098467,0.005687218625098467,4.6803626901237294e-05,0.018644563853740692,0.00010638086026912896
1013,0.001323343371041119,0.001323343371041119,0.012011350598186255,0.005679165478795767,0.005679165478795767,4.703506419900805e-05,0.01871640235185623,0.0001057946563952565
1014,0.0013192499172873795,0.0013192499172873795,0.012052998878061771,0.005686641670763493,0.005686641670763493,4.7421206545550376e-05,0.018811184912919998,0.00010521132570787084
1015,0.0013179572997614741,0.0013179572997614741,0.012123418506234884,0.005695828702300787,0.005695828702300787,4.77413232147228e-05,0.018826976418495178,0.00010463087220505528
1016,0.0013171171303838491,0.0013171171303838491,0.012106641661375761,0.005706435535103083,0.005706435535103083,4.806169818039052e-05,0.018892629072070122,0.00010405329986517322
1017,0.001317010959610343,0.001317010959610343,0.012160125654190779,0.005714862607419491,0.005714862607419491,4.83419862575829e-05,0.019030872732400894,0.00010347861264684072
1018,0.0013175355270504951,0.0013175355270504951,0.012258762493729591,0.005692345555871725,0.005692345555871725,4.772161992150359e-05,0.01890493370592594,0.00010290681448889955
1019,0.0013154863845556974,0.0013154863845556974,0.012149921152740717,0.005673649720847607,0.005673649720847607,4.6970810217317194e-05,0.018695078790187836,0.00010233790931039032
1020,0.0013174574123695493,0.0013174574123695493,0.012059557251632214,0.0056771752424538136,0.0056771752424538136,4.690262721851468e-05,0.01865784078836441,0.0001017719010105255
1021,0.0013160347007215023,0.0013160347007215023,0.012034713290631771,0.00568679952993989,0.00568679952993989,4.729994179797359e-05,0.018790988251566887,0.00010120879346866256
1022,0.0013153336476534605,0.0013153336476534605,0.012056265491992235,0.005680094473063946,0.005680094473063946,4.736767368740402e-05,0.018806058913469315,0.00010064859054427746
1023,0.0013137802598066628,0.0013137802598066628,0.012098057195544243,0.005684766452759504,0.005684766452759504,4.786498175235465e-05,0.0188928060233593,0.00010009129607693832
1024,0.0013132309541106224,0.0013132309541106224,0.012153493706136942,0.005680904723703861,0.005680904723703861,4.752397580887191e-05,0.018809961155056953,9.953691388627918e-05
1025,0.0013137361966073513,0.0013137361966073513,0.012178277131170034,0.005668329540640116,0.005668329540640116,4.75186352559831e-05,0.01882230117917061,9.898544777197328e-05
1026,0.0013121008523739874,0.0013121008523739874,0.012212762609124184,0.005659075453877449,0.005659075453877449,4.724473546957597e-05,0.01876388117671013,9.843690151370771e-05
1027,0.001312452310230583,0.001312452310230583,0.012151038739830256,0.00566438864916563,0.00566438864916563,4.7299494326580316e-05,0.01876888796687126,9.789127887115725e-05
1028,0.001313891087193042,0.001313891087193042,0.012129011563956738,0.0056816875003278255,0.0056816875003278255,4.712397640105337e-05,0.018728798255324364,9.734858358395826e-05
1029,0.001313024084083736,0.001313024084083736,0.012018610257655382,0.005672250874340534,0.005672250874340534,4.7390421968884766e-05,0.018833033740520477,9.680881937168352e-05
1030,0.0013103911187499762,0.0013103911187499762,0.012082071974873543,0.005680414382368326,0.005680414382368326,4.754402471007779e-05,0.018856137990951538,9.627198993381637e-05
1031,0.0013117397902533412,0.0013117397902533412,0.01209860946983099,0.005682162009179592,0.005682162009179592,4.737420385936275e-05,0.018771233037114143,9.573809894972587e-05
1032,0.0013093818561173975,0.0013093818561173975,0.012041334994137287,0.005679673980921507,0.005679673980921507,4.756962152896449e-05,0.01885109208524227,9.520715007864097e-05
1033,0.0013081725337542593,0.0013081725337542593,0.012140757404267788,0.005663072224706411,0.005663072224706411,4.757513670483604e-05,0.018839120864868164,9.46791469596257e-05
1034,0.0013116059708409011,0.0013116059708409011,0.012172726448625326,0.005647212732583284,0.005647212732583284,4.7124744014581665e-05,0.018707890063524246,9.415409321155435e-05
1035,0.0013071365538053215,0.0013071365538053215,0.012101071421056986,0.005678169894963503,0.005678169894963503,4.762498792842962e-05,0.0188745129853487,9.363199243308662e-05
1036,0.0013062289217486978,0.0013062289217486978,0.012169883586466312,0.005679031368345022,0.005679031368345022,4.7555127821397036e-05,0.01886480674147606,9.31128482026426e-05
1037,0.0013070347486063838,0.0013070347486063838,0.012131808325648308,0.005661388393491507,0.005661388393491507,4.7305136831710115e-05,0.018752362579107285,9.259666407837888e-05
1038,0.0013067578547634184,0.0013067578547634184,0.012072483077645302,0.005660145077854395,0.005660145077854395,4.710849316325039e-05,0.01874084770679474,9.208344359816365e-05
1039,0.0013055404415354133,0.0013055404415354133,0.012025253847241402,0.005660249851644039,0.005660249851644039,4.694058952736668e-05,0.01870327815413475,9.157319027955257e-05
1040,0.001304298231843859,0.001304298231843859,0.012018365785479546,0.005670526996254921,0.005670526996254921,4.7321587771875784e-05,0.018797021359205246,9.106590761976478e-05
1041,0.0013052188442088664,0.0013052188442088664,0.012127266265451908,0.005668172612786293,0.005668172612786293,4.754014662466943e-05,0.018842678517103195,9.056159909565868e-05
1042,0.001303310797084123,0.001303310797084123,0.012118296697735786,0.005645302124321461,0.005645302124321461,4.74836997454986e-05,0.018784385174512863,9.006026816370866e-05
1043,0.001305755868088454,0.001305755868088454,0.012143044266849756,0.0056496430188417435,0.0056496430188417435,4.73080035590101e-05,0.018761323764920235,8.956191825998066e-05
1044,0.0013014954165555537,0.0013014954165555537,0.01211018767207861,0.005649894010275602,0.005649894010275602,4.7153702325886115e-05,0.018734587356448174,8.90665528001092e-05
1045,0.0013030985719524324,0.0013030985719524324,0.012050480116158724,0.005649954546242952,0.005649954546242952,4.716030525742099e-05,0.018738960847258568,8.85741751792735e-05
1046,0.0013069332926534116,0.0013069332926534116,0.012094608973711729,0.005656718276441097,0.005656718276441097,4.710001667262986e-05,0.01877806894481182,8.808478877217474e-05
1047,0.001302099961321801,0.001302099961321801,0.012091998010873795,0.005656873807311058,0.005656873807311058,4.707472544396296e-05,0.018718689680099487,8.75983969330127e-05
1048,0.0013013277784921229,0.0013013277784921229,0.012016418855637312,0.005657260771840811,0.005657260771840811,4.717500269180164e-05,0.018700502812862396,8.711500299546234e-05
1049,0.0013033580617047846,0.0013033580617047846,0.012094811536371708,0.0056626987643539906,0.0056626987643539906,4.75225861009676e-05,0.018833737820386887,8.663461027265183e-05
1050,0.0013057488249614835,0.0013057488249614835,0.012273807544261217,0.005646165460348129,0.005646165460348129,4.748958599520847e-05,0.018834935501217842,8.615722205713893e-05
1051,0.0012998279999010265,0.0012998279999010265,0.012196838390082121,0.005634150933474302,0.005634150933474302,4.715357499662787e-05,0.018701354041695595,8.568284162088912e-05
1052,0.0013035308220423758,0.0013035308220423758,0.012069286312907934,0.005637964699417353,0.005637964699417353,4.689137858804315e-05,0.01861320436000824,8.521147221525264e-05
1053,0.0013006007065996528,0.0013006007065996528,0.011991334613412619,0.005646060686558485,0.005646060686558485,4.69762526336126e-05,0.018746618181467056,8.474311707094275e-05
1054,0.0013033711584284902,0.0013033711584284902,0.012109135277569294,0.005656273104250431,0.005656273104250431,4.7332017857115716e-05,0.01887219399213791,8.427777939801318e-05
1055,0.0013001139741390944,0.0013001139741390944,0.012084080837666988,0.005637367255985737,0.005637367255985737,4.686656757257879e-05,0.01865779608488083,8.381546238583621e-05
1056,0.0013010876718908548,0.0013010876718908548,0.011980982962995768,0.005652721039950848,0.005652721039950848,4.714314127340913e-05,0.01872020959854126,8.335616920308072e-05
1057,0.0012983179767616093,0.0012983179767616093,0.012012595310807228,0.005665880627930164,0.005665880627930164,4.743457247968763e-05,0.018830955028533936,8.289990299769094e-05
1058,0.001299414609093219,0.001299414609093219,0.012135596945881844,0.005650343839079142,0.005650343839079142,4.7580335376551375e-05,0.01884646899998188,8.244666689686438e-05
1059,0.001298578572459519,0.001298578572459519,0.012150907423347235,0.005627003498375416,0.005627003498375416,4.753558459924534e-05,0.01882956549525261,8.199646400703035e-05
1060,0.001298285205848515,0.001298285205848515,0.012213404756039381,0.005638639442622662,0.005638639442622662,4.7536428610328585e-05,0.018863817676901817,8.154929741382928e-05
1061,0.0012969963136129081,0.0012969963136129081,0.012134708929806948,0.005630600731819868,0.005630600731819868,4.674908268498257e-05,0.018633682280778885,8.110517018209074e-05
1062,0.001298617571592331,0.001298617571592331,0.012040580622851849,0.005626107566058636,0.005626107566058636,4.647504829335958e-05,0.01856483891606331,8.066408535581314e-05
1063,0.0012956579448655248,0.0012956579448655248,0.011937700677663088,0.005648591089993715,0.005648591089993715,4.713798261946067e-05,0.018802877515554428,8.022604595814239e-05
1064,0.001296031754463911,0.001296031754463911,0.012100599706172943,0.00565188005566597,0.00565188005566597,4.73422187496908e-05,0.018827935680747032,7.979105499135165e-05
1065,0.001296969538088888,0.001296969538088888,0.012089227326214314,0.005629416089504957,0.005629416089504957,4.71211715193931e-05,0.018727844581007957,7.935911543682016e-05
1066,0.0012953946134075522,0.0012953946134075522,0.012019196059554815,0.005633996799588203,0.005633996799588203,4.7141282266238704e-05,0.018745943903923035,7.893023025501332e-05
1067,0.0012929526274092495,0.0012929526274092495,0.012130640912801027,0.005638602655380964,0.005638602655380964,4.764666664414108e-05,0.018908271566033363,7.850440238546205e-05
1068,0.0012954820995219052,0.0012954820995219052,0.012223856057971716,0.005628598853945732,0.005628598853945732,4.724102473119274e-05,0.018782751634716988,7.808163474674299e-05
1069,0.0012917472631670535,0.0012917472631670535,0.012072254437953234,0.005603516474366188,0.005603516474366188,4.667325265472755e-05,0.018602196127176285,7.766193023645818e-05
1070,0.0012967301881872118,0.0012967301881872118,0.012029055040329695,0.005607600323855877,0.005607600323855877,4.6646586270071566e-05,0.018610114231705666,7.724529173121533e-05
1071,0.0013009876711294055,0.0013009876711294055,0.01225987495854497,0.005656844470649958,0.005656844470649958,4.770128725795075e-05,0.018959440290927887,7.683172208660811e-05
1072,0.0012935221893712878,0.0012935221893712878,0.012213298585265875,0.005638658534735441,0.005638658534735441,4.7165536670945585e-05,0.0187375508248806,7.64212241371966e-05
1073,0.0013010678230784833,0.0013010678230784833,0.012025651521980762,0.005633081309497356,0.005633081309497356,4.705345054389909e-05,0.018648609519004822,7.601380069648772e-05
1074,0.0013001346378587186,0.0013001346378587186,0.012228154111653566,0.005641907453536987,0.005641907453536987,4.7538880608044565e-05,0.018919091671705246,7.560945455691606e-05
1075,0.0012970146490260959,0.0012970146490260959,0.012294994667172432,0.005606519058346748,0.005606519058346748,4.6887886128388345e-05,0.018733546137809753,7.520818848982493e-05
1076,0.001291371590923518,0.001291371590923518,0.012049108278006315,0.005604540929198265,0.005604540929198265,4.653619180317037e-05,0.01852046139538288,7.481000524544694e-05
1077,0.0012960740714333951,0.0012960740714333951,0.011959018185734749,0.005624126177281141,0.005624126177281141,4.661991260945797e-05,0.018611948937177658,7.441490755288545e-05
1078,0.0012884559109807014,0.0012884559109807014,0.01195817906409502,0.005635489244014025,0.005635489244014025,4.7312103561125696e-05,0.018832119181752205,7.40228981200958e-05
1079,0.0012897475389763713,0.0012897475389763713,0.012119574937969446,0.0056172520853579044,0.0056172520853579044,4.741627344628796e-05,0.018836911767721176,7.363397963386676e-05
1080,0.0012878855341114104,0.0012878855341114104,0.012106942012906075,0.005601566284894943,0.005601566284894943,4.7211720811901614e-05,0.018756143748760223,7.324815475980216e-05
1081,0.0012885995674878359,0.0012885995674878359,0.01206317963078618,0.005602753255516291,0.005602753255516291,4.694159724749625e-05,0.01869356818497181,7.286542614230237e-05
1082,0.0012871086364611983,0.0012871086364611983,0.012052079662680626,0.005617465823888779,0.005617465823888779,4.673736111726612e-05,0.018657073378562927,7.248579640454658e-05
1083,0.0012886180775240064,0.0012886180775240064,0.012086976785212755,0.00562591478228569,0.00562591478228569,4.706390973296948e-05,0.0187542662024498,7.21092681484745e-05
1084,0.0012879984569735825,0.0012879984569735825,0.012077842839062214,0.005611480213701725,0.005611480213701725,4.6966444642748684e-05,0.018688809126615524,7.173584395476858e-05
1085,0.001287306018639356,0.001287306018639356,0.01205643080174923,0.005610126536339521,0.005610126536339521,4.712631198344752e-05,0.0187754575163126,7.136552638283643e-05
1086,0.001286228303797543,0.001286228303797543,0.012077461928129196,0.005625031888484955,0.005625031888484955,4.711499059339985e-05,0.018739299848675728,7.099831797079326e-05
1087,0.001286975690163672,0.001286975690163672,0.012119469698518515,0.005612992215901613,0.005612992215901613,4.700878344010562e-05,0.01871412992477417,7.063422123544448e-05
1088,0.001284184108953923,0.001284184108953923,0.011992061045020819,0.005601450800895691,0.005601450800895691,4.657233148464002e-05,0.018591756001114845,7.027323867226813e-05
1089,0.0012871365179307759,0.0012871365179307759,0.01195274293422699,0.005590674001723528,0.005590674001723528,4.634782453649677e-05,0.018577145412564278,6.99153727553985e-05
1090,0.0012845586752519011,0.0012845586752519011,0.01195409195497632,0.005595505237579346,0.005595505237579346,4.668402107199654e-05,0.0186731219291687,6.956062593760838e-05
1091,0.0012841756106354296,0.0012841756106354296,0.012040853966027498,0.005616785492748022,0.005616785492748022,4.731426452053711e-05,0.018809523433446884,6.920900065029282e-05
1092,0.0012844909797422588,0.0012844909797422588,0.012099708430469036,0.005610448773950338,0.005610448773950338,4.7292101953644305e-05,0.018787793815135956,6.886049930345211e-05
1093,0.0012845137971453369,0.0012845137971453369,0.012097128201276064,0.005612662527710199,0.005612662527710199,4.7216984967235476e-05,0.01880227029323578,6.851512428567553e-05
1094,0.0012836088426411152,0.0012836088426411152,0.012068898417055607,0.00559512572363019,0.00559512572363019,4.67706449853722e-05,0.018650410696864128,6.817287796412468e-05
1095,0.0012821434065699577,0.0012821434065699577,0.011986345052719116,0.005601959303021431,0.005601959303021431,4.669570625992492e-05,0.018613360822200775,6.783376268451766e-05
1096,0.001283057383261621,0.001283057383261621,0.012007191311568022,0.0056145149283111095,0.0056145149283111095,4.703908780356869e-05,0.018756795674562454,6.749778077111247e-05
1097,0.0012816551025025547,0.0012816551025025547,0.012087673880159855,0.0056104096584022045,0.0056104096584022045,4.711493966169655e-05,0.018750222399830818,6.716493452669165e-05
1098,0.001283812162000686,0.001283812162000686,0.012066185008734465,0.005611206870526075,0.005611206870526075,4.720027936855331e-05,0.018735986202955246,6.683522623254604e-05
1099,0.001282806450035423,0.001282806450035423,0.01206575520336628,0.005602554883807898,0.005602554883807898,4.713555972557515e-05,0.018783394247293472,6.650865814845932e-05
1100,0.0012800433905795217,0.0012800433905795217,0.012067998293787241,0.005593513138592243,0.005593513138592243,4.6798835683148354e-05,0.018681399524211884,6.618523251269263e-05
1101,0.0012815617374144495,0.0012815617374144495,0.012087019626051188,0.005590152461081743,0.005590152461081743,4.674134106608108e-05,0.018679015338420868,6.586495154196912e-05
1102,0.0012804755824618042,0.0012804755824618042,0.01200556242838502,0.005583508871495724,0.005583508871495724,4.645137960324064e-05,0.018567049875855446,6.554781743145862e-05
1103,0.0012797301169484854,0.0012797301169484854,0.01198201859369874,0.005598604679107666,0.005598604679107666,4.6712833864148706e-05,0.01867782697081566,6.523383235476278e-05
1104,0.0012800925178453326,0.0012800925178453326,0.011997424066066742,0.005592691712081432,0.005592691712081432,4.667019675252959e-05,0.018669944256544113,6.49229984639003e-05
1105,0.001285773643758148,0.001285773643758148,0.012120792176574469,0.005606014747172594,0.005606014747172594,4.703107333625667e-05,0.018756797537207603,6.461531788929177e-05
1106,0.0012811780325137079,0.0012811780325137079,0.012057752814143896,0.0055810799822211266,0.0055810799822211266,4.660977720050141e-05,0.018570899963378906,6.431079273974535e-05
1107,0.0012806314043700695,0.0012806314043700695,0.011971448548138142,0.005589650943875313,0.005589650943875313,4.695708048529923e-05,0.01869739219546318,6.400942510244239e-05
1108,0.001278311770875007,0.001278311770875007,0.012076627928763628,0.005620122887194157,0.005620122887194157,4.751802407554351e-05,0.018886258825659752,6.371121704292297e-05
1109,0.0012786003644578159,0.0012786003644578159,0.012150149326771498,0.005603673402220011,0.005603673402220011,4.708267078967765e-05,0.018760833889245987,6.341617060507163e-05
1110,0.0012772975023835897,0.0012772975023835897,0.012043602764606476,0.005581539124250412,0.005581539124250412,4.652539428207092e-05,0.018603911623358727,6.312428781110369e-05
1111,0.0012808845494873822,0.0012808845494873822,0.011941778473556042,0.005578304175287485,0.005578304175287485,4.64291988464538e-05,0.018540337681770325,6.283557066155111e-05
1112,0.0012783207930624485,0.0012783207930624485,0.011982741765677929,0.005591635126620531,0.005591635126620531,4.68484140583314e-05,0.01873667538166046,6.255002113524892e-05
1113,0.00127806217642501,0.00127806217642501,0.012117677368223667,0.0055976929143071175,0.0055976929143071175,4.715340764960274e-05,0.018790878355503082,6.226764118932163e-05
1114,0.0012771482579410076,0.0012771482579410076,0.0121330083347857,0.005591875407844782,0.005591875407844782,4.702572914538905e-05,0.01872049644589424,6.198843275916973e-05
1115,0.001281826465856284,0.001281826465856284,0.012012613471597433,0.005577052943408489,0.005577052943408489,4.649268521461636e-05,0.01854582503437996,6.171239775845655e-05
1116,0.0012780364486388862,0.0012780364486388862,0.011968598701059818,0.005593717563897371,0.005593717563897371,4.669402551371604e-05,0.01868780329823494,6.143953807909508e-05
1117,0.0012772988993674517,0.0012772988993674517,0.012074407655745745,0.005589920096099377,0.005589920096099377,4.6750050387345254e-05,0.018722053617239,6.116985559123498e-05
1118,0.0012760026147589087,0.0012760026147589087,0.01204887218773365,0.005588662810623646,0.005588662810623646,4.679724224843085e-05,0.0186650138348341,6.090335214324984e-05
1119,0.0012742487015202641,0.0012742487015202641,0.0119881103746593,0.00558263948187232,0.00558263948187232,4.677005927078426e-05,0.018634531646966934,6.064002956172453e-05
1120,0.0012748236767947674,0.0012748236767947674,0.012014626059681177,0.005591418128460646,0.005591418128460646,4.685667954618111e-05,0.0186734851449728,6.037988965144241e-05
1121,0.0012736194767057896,0.0012736194767057896,0.012010345235466957,0.005583913531154394,0.005583913531154394,4.6867295168340206e-05,0.018678080290555954,6.012293419537334e-05
1122,0.0012723270920105278,0.0012723270920105278,0.012002548202872276,0.005585912615060806,0.005585912615060806,4.685444582719356e-05,0.018686991184949875,5.986916495466128e-05
1123,0.001273117435630411,0.001273117435630411,0.012025562580674887,0.005578738637268543,0.005578738637268543,4.6815021050861105e-05,0.018683429807424545,5.961858366861222e-05
1124,0.0012738420628011227,0.0012738420628011227,0.012085473164916039,0.005585857201367617,0.005585857201367617,4.693004666478373e-05,0.01875300705432892,5.937119205468223e-05
1125,0.0012724885600619018,0.0012724885600619018,0.01207530777901411,0.005580310244113207,0.005580310244113207,4.677342076320201e-05,0.018676307052373886,5.91269918084656e-05
1126,0.0012734824558719993,0.0012734824558719993,0.01201549218967557,0.005574489943683147,0.005574489943683147,4.6705805289093405e-05,0.01867438293993473,5.8885984603683615e-05
1127,0.0012736450880765915,0.0012736450880765915,0.01205464918166399,0.005574722774326801,0.005574722774326801,4.676158641814254e-05,0.018686434254050255,5.864817209217264e-05
1128,0.0012708856957033277,0.0012708856957033277,0.012009555008262396,0.005569702014327049,0.005569702014327049,4.653425276046619e-05,0.01861387863755226,5.8413555903872954e-05
1129,0.0012709989096038043,0.0012709989096038043,0.011942846234887838,0.0055799405090510845,0.0055799405090510845,4.64112454210408e-05,0.018568076193332672,5.818213764681764e-05
1130,0.0012713427422568202,0.0012713427422568202,0.011942287907004356,0.005579810589551926,0.005579810589551926,4.656077362596989e-05,0.018611766397953033,5.795391890712165e-05
1131,0.001270824868697673,0.001270824868697673,0.012016928754746914,0.005582085810601711,0.005582085810601711,4.701568832388148e-05,0.01875622570514679,5.772890124897052e-05
1132,0.0012716123601421714,0.0012716123601421714,0.012109747622162104,0.005577120464295149,0.005577120464295149,4.7002857172628865e-05,0.018747052177786827,5.750708621461015e-05
1133,0.0012768996530212462,0.0012768996530212462,0.012112547177821398,0.005562745966017246,0.005562745966017246,4.6557986934203655e-05,0.01857212372124195,5.7288475324335926e-05
1134,0.0012713453616015613,0.0012713453616015613,0.011937643401324749,0.005567845888435841,0.005567845888435841,4.678790719481185e-05,0.018688566982746124,5.707307007648245e-05
1135,0.0012755777570419014,0.0012755777570419014,0.012163983657956123,0.005574255250394344,0.005574255250394344,4.712875670520589e-05,0.0188396405428648,5.686087194741311e-05
1136,0.0012714194017462432,0.0012714194017462432,0.01216268539428711,0.0055586895905435085,0.0055586895905435085,4.6507888328051195e-05,0.01861177198588848,5.665188239151017e-05
1137,0.001271571556571871,0.001271571556571871,0.012002342380583286,0.005562853068113327,0.005562853068113327,4.623892164090648e-05,0.018484456464648247,5.64461028411647e-05
1138,0.0012704426771961153,0.0012704426771961153,0.011893492192029953,0.0055817184038460255,0.0055817184038460255,4.6430119255091995e-05,0.01858138106763363,5.624353470676659e-05
1139,0.001269886561203748,0.001269886561203748,0.011994021944701672,0.005600776523351669,0.005600776523351669,4.7207980969687924e-05,0.018818410113453865,5.604417937669519e-05
1140,0.0012693754397332668,0.0012693754397332668,0.01209917664527893,0.00557735888287425,0.00557735888287425,4.705455285147764e-05,0.01876855082809925,5.5848038217309645e-05
1141,0.0012683348613791168,0.0012683348613791168,0.012024103198200464,0.0055510057136416435,0.0055510057136416435,4.659375917981379e-05,0.018610065802931786,5.565511257293943e-05
1142,0.0012679864885285497,0.0012679864885285497,0.011973284650593996,0.00555109279230237,0.00555109279230237,4.65571392851416e-05,0.018619708716869354,5.546540376587535e-05
1143,0.0012672129669226706,0.0012672129669226706,0.011999402195215225,0.005563084967434406,0.005563084967434406,4.6603057853644714e-05,0.01862795650959015,5.5278913096360385e-05
1144,0.0012717338395304978,0.0012717338395304978,0.012114429846405983,0.005568656139075756,0.005568656139075756,4.675084710470401e-05,0.018712688237428665,5.509564184258057e-05
1145,0.0012673039454966784,0.0012673039454966784,0.012052824720740318,0.005556509830057621,0.005556509830057621,4.627573798643425e-05,0.018548281863331795,5.491559126065666e-05
1146,0.0012693593162111938,0.0012693593162111938,0.011942392680794,0.005553096067160368,0.005553096067160368,4.638612153939903e-05,0.018557097762823105,5.473876258463519e-05
1147,0.0012651868164539337,0.0012651868164539337,0.01196354441344738,0.005566093605011702,0.005566093605011702,4.680299025494605e-05,0.018718315288424492,5.4565157026480045e-05
1148,0.0012661892105825245,0.0012661892105825245,0.012082909233868122,0.005574918817728758,0.005574918817728758,4.704958701040596e-05,0.018792759627103806,5.4394775776064313e-05
1149,0.00126523373182863,0.00126523373182863,0.012080340646207333,0.005573229398578405,0.005573229398578405,4.6724631829420105e-05,0.018656419590115547,5.4227620001162025e-05
1150,0.0012675592442974448,0.0012675592442974448,0.011964121833443642,0.005571351852267981,0.005571351852267981,4.663759682443924e-05,0.018597770482301712,5.406369084744009e-05
1151,0.001264756720047444,0.001264756720047444,0.011920195072889328,0.005569789558649063,0.005569789558649063,4.661855928134173e-05,0.018652591854333878,5.3902989438450625e-05
1152,0.001264270395040512,0.001264270395040512,0.011979024857282639,0.005574132781475782,0.005574132781475782,4.68740618089214e-05,0.018730726093053818,5.374551687562308e-05
1153,0.0012643023510463536,0.0012643023510463536,0.01203807070851326,0.0055580283515155315,0.0055580283515155315,4.6777982788626105e-05,0.01870649680495262,5.359127423825671e-05
1154,0.0012640458880923688,0.0012640458880923688,0.012024085968732834,0.00554907089099288,0.00554907089099288,4.6535020373994485e-05,0.01862420327961445,5.344026258351339e-05
1155,0.001262701756786555,0.001262701756786555,0.011984549928456545,0.005541895050555468,0.005541895050555468,4.625090514309704e-05,0.018566876649856567,5.3292482946410026e-05
1156,0.0012632036814466119,0.0012632036814466119,0.011982008814811707,0.005552335176616907,0.005552335176616907,4.6411543735302985e-05,0.01861400529742241,5.31479363398117e-05
1157,0.0012627292890101671,0.0012627292890101671,0.011990115977823734,0.005554547067731619,0.005554547067731619,4.65708362753503e-05,0.01862894929945469,5.3006623754424726e-05
1158,0.0012623057118616998,0.0012623057118616998,0.011969692073762417,0.005545030813664198,0.005545030813664198,4.6447155909845605e-05,0.01858518086373806,5.2868546158789644e-05
1159,0.0012634478625841439,0.0012634478625841439,0.011967010796070099,0.005556676536798477,0.005556676536798477,4.6707107685506344e-05,0.01867622137069702,5.2733704499274955e-05
1160,0.001261626253835857,0.001261626253835857,0.012026580050587654,0.005554053001105785,0.005554053001105785,4.67476129415445e-05,0.018692506477236748,5.260209970007019e-05
1161,0.0012621741625480354,0.0012621741625480354,0.012075177859514952,0.005559067241847515,0.005559067241847515,4.666948734666221e-05,0.01866973005235195,5.2473732663179926e-05
1162,0.0012609841069206595,0.0012609841069206595,0.012005554512143135,0.005557820200920105,0.005557820200920105,4.642270505428314e-05,0.018583986908197403,5.234860426841754e-05
1163,0.0012608769466169178,0.0012608769466169178,0.011937716975808144,0.005557328928261995,0.005557328928261995,4.639998223865405e-05,0.018561840057373047,5.2226715373398944e-05
1164,0.0012626926181837916,0.0012626926181837916,0.011917602736502886,0.005539366044104099,0.005539366044104099,4.6234916226239875e-05,0.01854327879846096,5.2108066813537e-05
1165,0.001260893594007939,0.001260893594007939,0.011956472881138325,0.0055516851134598255,0.0055516851134598255,4.679700214182958e-05,0.018733195960521698,5.199265940203566e-05
1166,0.0012631886638700962,0.0012631886638700962,0.012051486875861883,0.0055434382520616055,0.0055434382520616055,4.6673183533130214e-05,0.018669115379452705,5.188049392988447e-05
1167,0.0012610138510353863,0.0012610138510353863,0.012035854160785675,0.005555724259465933,0.005555724259465933,4.6676184865646064e-05,0.01867792196571827,5.1771571165852905e-05
1168,0.0012612585560418665,0.0012612585560418665,0.012017827481031418,0.005560091696679592,0.005560091696679592,4.6728910092497244e-05,0.018662884831428528,5.1665891856485427e-05
1169,0.0012592931743711233,0.0012592931743711233,0.01197720319032669,0.005547064356505871,0.005547064356505871,4.6481829485855997e-05,0.01858864352107048,5.156345672609624e-05
1170,0.001260455697774887,0.001260455697774887,0.011949329171329737,0.005547098349779844,0.005547098349779844,4.64561308035627e-05,0.018592556938529015,5.146426647676422e-05
1171,0.0012574351276271045,0.0012574351276271045,0.011970215942710638,0.005553169641643763,0.005553169641643763,4.6695360651938245e-05,0.01870740018785,5.1368321788328216e-05
1172,0.0012612583232112229,0.0012612583232112229,0.012094464618712664,0.005551641806960106,0.005551641806960106,4.6842742449371144e-05,0.018745407462120056,5.127562331838241e-05
1173,0.0012614422594197094,0.0012614422594197094,0.012034954968839884,0.005533428862690926,0.005533428862690926,4.634734432329424e-05,0.018559744581580162,5.118617170227173e-05
1174,0.0012584638316184282,0.0012584638316184282,0.011941823177039623,0.0055379243567585945,0.0055379243567585945,4.6338704123627394e-05,0.01857062801718712,5.109996755308749e-05
1175,0.0012577293091453612,0.0012577293091453612,0.011960728093981743,0.0055491747334599495,0.0055491747334599495,4.6440574806183577e-05,0.0186245646327734,5.101701146166335e-05
1176,0.0012580325710587204,0.0012580325710587204,0.011972490698099136,0.005553484428673983,0.005553484428673983,4.646014713216573e-05,0.018616382032632828,5.093730399657101e-05
1177,0.0012570356484502554,0.0012570356484502554,0.011961999349296093,0.005547383800148964,0.005547383800148964,4.6507899241987616e-05,0.01863466203212738,5.086084570411652e-05
1178,0.0012565369834192097,0.0012565369834192097,0.011978874448686838,0.00553756533190608,0.00553756533190608,4.6522287448169664e-05,0.01863691955804825,5.0787637108336547e-05
1179,0.0012576321605592966,0.0012576321605592966,0.011965814046561718,0.005537827033549547,0.005537827033549547,4.640834958991036e-05,0.01860404759645462,5.071767871099448e-05
1180,0.0012560223694890738,0.0012560223694890738,0.01192520186305046,0.00554821128025651,0.00554821128025651,4.644092405214906e-05,0.0185927115380764,5.0650970991577424e-05
1181,0.0012573754065670073,0.0012573754065670073,0.011906687170267105,0.005536206532269716,0.005536206532269716,4.629621980711818e-05,0.018558945506811142,5.058751440729254e-05
1182,0.0012555336579680443,0.0012555336579680443,0.011951662600040436,0.005532219540327787,0.005532219540327787,4.6562563511542976e-05,0.018650386482477188,5.0527309393064295e-05
1183,0.0012581557966768742,0.0012581557966768742,0.012082975823432207,0.005541343707591295,0.005541343707591295,4.685439125751145e-05,0.018727585673332214,5.047035636153093e-05
1184,0.001256285235285759,0.001256285235285759,0.012061389163136482,0.005533288232982159,0.005533288232982159,4.657587123801932e-05,0.01862233877182007,5.0416655703042264e-05
1185,0.0012552254484035075,0.0012552254484035075,0.012014465406537056,0.005541479680687189,0.005541479680687189,4.6524510253220797e-05,0.018622010946273804,5.036620778565662e-05
1186,0.001256525400094688,0.001256525400094688,0.011997411493211985,0.005531312897801399,0.005531312897801399,4.628142050933093e-05,0.018586190417408943,5.031901295513829e-05
1187,0.0012550937826745212,0.0012550937826745212,0.011979772709310055,0.005534700118005276,0.005534700118005276,4.632253330782987e-05,0.018583931028842926,5.027507153495538e-05
1188,0.0012532538385130465,0.0012532538385130465,0.011917626485228539,0.0055315857753157616,0.0055315857753157616,4.622752021532506e-05,0.01853753626346588,5.023438382627749e-05
1189,0.001254980859812349,0.001254980859812349,0.011930642183870077,0.0055299485102295876,0.0055299485102295876,4.6304001443786547e-05,0.01858644187450409,5.019695010797366e-05
1190,0.0012530231033451855,0.0012530231033451855,0.011932753026485443,0.00553223118185997,0.00553223118185997,4.6392928197747096e-05,0.018602028489112854,5.01627706366103e-05
1191,0.0012530264211818576,0.0012530264211818576,0.011950967367738485,0.005539602134376764,0.005539602134376764,4.660779086407274e-05,0.018643103539943695,5.0131845646449734e-05
1192,0.0012534834095276892,0.0012534834095276892,0.01199696771800518,0.005539708770811558,0.005539708770811558,4.6718378143850714e-05,0.018669521436095238,5.010417534944839e-05
1193,0.0012528771185316145,0.0012528771185316145,0.01198922423645854,0.005536203272640705,0.005536203272640705,4.655402517528273e-05,0.018624432384967804,5.0079759935255375e-05
1194,0.0012530921376310289,0.0012530921376310289,0.011942480225116014,0.005534722935408354,0.005534722935408354,4.6353190555237234e-05,0.018589602783322334,5.005859957121122e-05
1195,0.0012523983605206013,0.0012523983605206013,0.01193359587341547,0.005528599955141544,0.005528599955141544,4.630571129382588e-05,0.018609825521707535,5.0040694402346674e-05
1196,0.0012526722275651991,0.0012526722275651991,0.011970111168920994,0.005533659365028143,0.005533659365028143,4.6428518544416875e-05,0.01862742006778717,5.0026044551381734e-05
1197,0.0012514340342022479,0.0012514340342022479,0.011959981173276901,0.005526640918105841,0.005526640918105841,4.638220343622379e-05,0.018613561987876892,5.001465011872491e-05
1198,0.0012519991723820567,0.0012519991723820567,0.011951211374253035,0.005519269034266472,0.005519269034266472,4.62859206891153e-05,0.01858370006084442,5.0006511182472296e-05
1199,0.0012518876465037465,0.0012518876465037465,0.011978361755609512,0.005522221326828003,0.005522221326828003,4.6423403546214104e-05,0.01861487701535225,5.000162779840723e-05
1200,0.0012511758832260966,0.0012511758832260966,0.011985842138528824,0.00552732776850462,0.00552732776850462,4.646778688766062e-05,0.01860213279724121,5e-05
