{
    "config": {
        "SEED": 10492,
        "epochs": 60,
        "batch_size": 8,
        "lr": 0.001,
        "pde_rate": 1e-05,
        "data_rate": 0,
        "dataset": {
            "H": 64,
            "W": 64,
            "n_train": 1024,
            "n_val": 40,
            "n_test": 40
        },
        "FNO": {
            "modes": 16,
            "width": 16,
            "depth": 6
        },
        "CNO": {
            "cheb_modes": [
                8,
                8
            ],
            "width": 16,
            "depth": 3
        },
        "CFNO": {
            "modes": 16,
            "cheb_modes": [
                8,
                8
            ],
            "width": 16,
            "depth": 3,
            "alpha_init": 0.5
        }
    },
    "results": {
        "FNO": {
            "TEST_LOSS": 0.00010330188524676487,
            "time": 108.9775288105011,
            "TRAIN_LOSS": 0.20790849928744137,
            "DATA_MSE_VAL": 9.295414201915264e-05
        },
        "CNO": {
            "TEST_LOSS": 9.757177758729085e-05,
            "time": 177.15583062171936,
            "TRAIN_LOSS": 0.28249999531544745,
            "DATA_MSE_VAL": 8.885665738489479e-05
        },
        "CFNO": {
            "TEST_LOSS": 8.712871931493282e-05,
            "time": 163.78296637535095,
            "TRAIN_LOSS": 0.26465579571959097,
            "DATA_MSE_VAL": 7.474853919120505e-05,
            "final_alpha": [
                0.626244843006134,
                0.6237632632255554,
                0.622306227684021
            ]
        }
    }
}