{
    "config": {
        "SEED": 10492,
        "epochs": 60,
        "batch_size": 8,
        "lr": 0.001,
        "pde_rate": 0,
        "data_rate": 1,
        "dataset": {
            "H": 64,
            "W": 64,
            "n_train": 120,
            "n_val": 40,
            "n_test": 40
        },
        "FNO": {
            "modes": 16,
            "width": 16,
            "depth": 6
        },
        "CNO": {
            "cheb_modes": [
                8,
                8
            ],
            "width": 16,
            "depth": 3
        },
        "CFNO": {
            "modes": 16,
            "cheb_modes": [
                8,
                8
            ],
            "width": 16,
            "depth": 3,
            "alpha_init": 0.5
        }
    },
    "results": {
        "FNO": {
            "TEST_LOSS": 1.4945416296541225e-05,
            "time": 8.723706722259521,
            "TRAIN_LOSS": 1.2619424554335031e-05,
            "DATA_MSE_VAL": 1.5139451534196269e-05
        },
        "CNO": {
            "TEST_LOSS": 5.8476307458477095e-06,
            "time": 12.907817125320435,
            "TRAIN_LOSS": 4.123666424978486e-06,
            "DATA_MSE_VAL": 5.483461336552864e-06
        },
        "CFNO": {
            "TEST_LOSS": 2.4853532067936612e-06,
            "time": 16.43573546409607,
            "TRAIN_LOSS": 1.0756956195715853e-06,
            "DATA_MSE_VAL": 2.2498427370010177e-06,
            "final_alpha": [
                0.6206071376800537,
                0.6229847073554993,
                0.6216930747032166
            ]
        }
    }
}