{
    "config": {
        "SEED": 10492,
        "epochs": 60,
        "batch_size": 8,
        "lr": 0.001,
        "pde_rate": 1e-05,
        "data_rate": 1,
        "dataset": {
            "H": 64,
            "W": 64,
            "n_train": 120,
            "n_val": 40,
            "n_test": 40
        },
        "FNO": {
            "modes": 16,
            "width": 16,
            "depth": 6
        },
        "CNO": {
            "cheb_modes": [
                8,
                8
            ],
            "width": 16,
            "depth": 3
        },
        "CFNO": {
            "modes": 16,
            "cheb_modes": [
                8,
                8
            ],
            "width": 16,
            "depth": 3,
            "alpha_init": 0.5
        }
    },
    "results": {
        "FNO": {
            "TEST_LOSS": 3.243588434997946e-05,
            "time": 9.215327024459839,
            "TRAIN_LOSS": 8.126879135185542e-05,
            "DATA_MSE_VAL": 4.187449303572066e-05
        },
        "CNO": {
            "TEST_LOSS": 1.7362568542012013e-05,
            "time": 13.048698902130127,
            "TRAIN_LOSS": 5.3066974578541705e-05,
            "DATA_MSE_VAL": 2.337700607313309e-05
        },
        "CFNO": {
            "TEST_LOSS": 1.0424861102364957e-05,
            "time": 16.308321714401245,
            "TRAIN_LOSS": 2.9117634403519334e-05,
            "DATA_MSE_VAL": 1.4735257536813151e-05,
            "final_alpha": [
                0.6220048666000366,
                0.6230136156082153,
                0.6216698884963989
            ]
        }
    }
}