epoch,train_pde_mse,train_pde_mse_absolute,train_state_rel_l2,val_pde_mse,val_pde_mse_absolute,val_state_mse,val_state_rel_l2,lr
1,0.06675838120281696,0.06675838120281696,0.9991812109947205,0.11759033799171448,0.11759033799171448,0.14387917518615723,0.9992247223854065,0.0009999983722015927
2,0.06440187990665436,0.06440187990665436,0.9999877214431763,0.11377857625484467,0.11377857625484467,0.1447923183441162,0.9997520446777344,0.0009999934888175275
3,0.06224687770009041,0.06224687770009041,1.0027252435684204,0.11023200303316116,0.11023200303316116,0.14603978395462036,1.0015990734100342,0.0009999853498812749
4,0.0601956881582737,0.0601956881582737,1.0063690841197968,0.10699661821126938,0.10699661821126938,0.14758138358592987,1.0046606063842773,0.000999973955448618
5,0.05882427096366882,0.05882427096366882,1.0149920880794525,0.10408903658390045,0.10408903658390045,0.14938274025917053,1.008824110031128,0.000999959305597653
6,0.05721081793308258,0.05721081793308258,1.0213288068771362,0.10162217170000076,0.10162217170000076,0.1513197124004364,1.013729453086853,0.0009999414004287885
7,0.056281156837940216,0.056281156837940216,1.031334102153778,0.09949468821287155,0.09949468821287155,0.1534079611301422,1.0193424224853516,0.0009999202400647444
8,0.05575297586619854,0.05575297586619854,1.0412462949752808,0.09770969301462173,0.09770969301462173,0.15559376776218414,1.0254671573638916,0.0009998958246505512
9,0.055332597345113754,0.055332597345113754,1.0514111518859863,0.09636420756578445,0.09636420756578445,0.157631978392601,1.031334400177002,0.0009998681543535498
10,0.055421989411115646,0.055421989411115646,1.0630837678909302,0.0953352227807045,0.0953352227807045,0.15953561663627625,1.0369071960449219,0.0009998372293633891
11,0.05542589724063873,0.05542589724063873,1.0711883306503296,0.09471108764410019,0.09471108764410019,0.16088086366653442,1.0408663749694824,0.000999803049892026
12,0.05561833083629608,0.05561833083629608,1.0779169201850891,0.09433481097221375,0.09433481097221375,0.16173896193504333,1.0433712005615234,0.000999765616173722
13,0.055727964267134666,0.055727964267134666,1.0815717577934265,0.0941685289144516,0.0941685289144516,0.16203206777572632,1.0441676378250122,0.000999724928465044
14,0.0557263009250164,0.0557263009250164,1.0824512839317322,0.09418623894453049,0.09418623894453049,0.1617576777935028,1.043236255645752,0.000999680987044861
15,0.055628225207328796,0.055628225207328796,1.0808055996894836,0.09426585584878922,0.09426585584878922,0.16126775741577148,1.0416269302368164,0.0009996337922143427
16,0.05547197908163071,0.05547197908163071,1.0778005719184875,0.0944492295384407,0.0944492295384407,0.16049371659755707,1.0391489267349243,0.000999583344296957
17,0.05531571991741657,0.05531571991741657,1.0733919143676758,0.09470932185649872,0.09470932185649872,0.15953224897384644,1.0360723733901978,0.0009995296436384681
18,0.055110350251197815,0.055110350251197815,1.0689562559127808,0.09488152712583542,0.09488152712583542,0.15872284770011902,1.0333952903747559,0.0009994726906069349
19,0.05497361719608307,0.05497361719608307,1.0644506812095642,0.09506550431251526,0.09506550431251526,0.15781834721565247,1.03035569190979,0.0009994124855927063
20,0.05485326237976551,0.05485326237976551,1.0601404905319214,0.09519815444946289,0.09519815444946289,0.1568913757801056,1.02713942527771,0.0009993490290084214
21,0.05465558357536793,0.05465558357536793,1.055619716644287,0.09512326121330261,0.09512326121330261,0.15608812868595123,1.0240752696990967,0.0009992823212890045
22,0.054421378299593925,0.054421378299593925,1.0520159006118774,0.09471473097801208,0.09471473097801208,0.15544393658638,1.0211341381072998,0.0009992123628916624
23,0.054093822836875916,0.054093822836875916,1.0489572286605835,0.09404489398002625,0.09404489398002625,0.15471488237380981,1.0174692869186401,0.0009991391542958825
24,0.053649963811039925,0.053649963811039925,1.0458956956863403,0.09284380078315735,0.09284380078315735,0.15402427315711975,1.0131597518920898,0.000999062696003428
25,0.05298783630132675,0.05298783630132675,1.0425400137901306,0.09100125730037689,0.09100125730037689,0.15327425301074982,1.0076394081115723,0.0009989829885383356
26,0.05223358981311321,0.05223358981311321,1.040881633758545,0.08824697881937027,0.08824697881937027,0.15245239436626434,1.0003200769424438,0.0009989000324469113
27,0.05111798271536827,0.05111798271536827,1.0370826721191406,0.08437551558017731,0.08437551558017731,0.15136200189590454,0.9901018142700195,0.000998813828297727
28,0.049441589042544365,0.049441589042544365,1.0308265089988708,0.0791071280837059,0.0791071280837059,0.1498539000749588,0.975866436958313,0.0009987243766816161
29,0.04736703634262085,0.04736703634262085,1.0230498313903809,0.07177714258432388,0.07177714258432388,0.1482665240764618,0.9573878049850464,0.0009986316782116702
30,0.04478771053254604,0.04478771053254604,1.015342354774475,0.06270025670528412,0.06270025670528412,0.14695191383361816,0.935391902923584,0.0009985357335232344
31,0.0418425053358078,0.0418425053358078,1.001807302236557,0.05397399887442589,0.05397399887442589,0.14715394377708435,0.9165602922439575,0.0009984365432739021
32,0.038662251085042953,0.038662251085042953,0.9880926609039307,0.05062151700258255,0.05062151700258255,0.1481432318687439,0.9049752354621887,0.0009983341081435128
33,0.03643147088587284,0.03643147088587284,0.9674042165279388,0.05009952932596207,0.05009952932596207,0.14632970094680786,0.8914550542831421,0.0009982284288341454
34,0.03386157378554344,0.03386157378554344,0.9341409206390381,0.04731220379471779,0.04731220379471779,0.14097754657268524,0.8728734254837036,0.0009981195060701138
35,0.03154662158340216,0.03154662158340216,0.9001885652542114,0.044967278838157654,0.044967278838157654,0.1356160044670105,0.8569007515907288,0.0009980073405979624
36,0.03037856239825487,0.03037856239825487,0.872270256280899,0.04360988363623619,0.04360988363623619,0.13179177045822144,0.8449652194976807,0.000997891933186461
37,0.02932735998183489,0.02932735998183489,0.8519515991210938,0.044548261910676956,0.044548261910676956,0.13094516098499298,0.839158296585083,0.000997773284626599
38,0.028242725878953934,0.028242725878953934,0.8338508605957031,0.04695380479097366,0.04695380479097366,0.1306551992893219,0.8353003263473511,0.0009976513957315803
39,0.027487033046782017,0.027487033046782017,0.8197547197341919,0.04727569594979286,0.04727569594979286,0.12961846590042114,0.8298631906509399,0.0009975262673368177
40,0.026176705956459045,0.026176705956459045,0.806796669960022,0.043906453996896744,0.043906453996896744,0.1274685263633728,0.8216272592544556,0.0009973979002999274
41,0.025380234699696302,0.025380234699696302,0.7965401411056519,0.04223174229264259,0.04223174229264259,0.12640781700611115,0.8174854516983032,0.0009972662955007225
42,0.0247886274009943,0.0247886274009943,0.7912827730178833,0.04163777083158493,0.04163777083158493,0.12668107450008392,0.8180570006370544,0.000997131453841208
43,0.024119417183101177,0.024119417183101177,0.7861084640026093,0.0416208878159523,0.0416208878159523,0.12754127383232117,0.8207595348358154,0.0009969933762455727
44,0.023624811321496964,0.023624811321496964,0.7825274467468262,0.042295169085264206,0.042295169085264206,0.12860392034053802,0.8242811560630798,0.0009968520636601855
45,0.02330437209457159,0.02330437209457159,0.7782099545001984,0.04143455624580383,0.04143455624580383,0.1279894858598709,0.8217651844024658,0.0009967075170535873
46,0.022924067452549934,0.022924067452549934,0.7715598940849304,0.040051814168691635,0.040051814168691635,0.1261817365884781,0.8151129484176636,0.000996559737416484
47,0.022428936325013638,0.022428936325013638,0.762701004743576,0.038403287529945374,0.038403287529945374,0.12346271425485611,0.805141270160675,0.0009964087257617405
48,0.02214384451508522,0.02214384451508522,0.755153089761734,0.037573132663965225,0.037573132663965225,0.12156184017658234,0.7977192401885986,0.0009962544831243743
49,0.021684980019927025,0.021684980019927025,0.7468017339706421,0.037650659680366516,0.037650659680366516,0.12064364552497864,0.7935982942581177,0.0009960970105615467
50,0.021252017002552748,0.021252017002552748,0.7421105206012726,0.03880516439676285,0.03880516439676285,0.12028531730175018,0.7924598455429077,0.0009959363091525573
51,0.021009067073464394,0.021009067073464394,0.7394638061523438,0.03924446925520897,0.03924446925520897,0.11907580494880676,0.7890501022338867,0.0009957723799988354
52,0.020704062655568123,0.020704062655568123,0.7341763377189636,0.03744460269808769,0.03744460269808769,0.11623525619506836,0.7790337204933167,0.000995605224223933
53,0.020348548889160156,0.020348548889160156,0.7284426689147949,0.03608398512005806,0.03608398512005806,0.11401452124118805,0.7712255716323853,0.0009954348429735173
54,0.020240874961018562,0.020240874961018562,0.7254833281040192,0.03559422120451927,0.03559422120451927,0.11293452978134155,0.7672587633132935,0.000995261237415362
55,0.019923672080039978,0.019923672080039978,0.7232374548912048,0.0363638661801815,0.0363638661801815,0.11327537894248962,0.7686582207679749,0.0009950844087393406
56,0.019605512730777264,0.019605512730777264,0.7226205468177795,0.03675173595547676,0.03675173595547676,0.11324553936719894,0.7688892483711243,0.0009949043581574167
57,0.019534672610461712,0.019534672610461712,0.7210023999214172,0.03679947927594185,0.03679947927594185,0.11242678761482239,0.7662087082862854,0.000994721086903637
58,0.019199853762984276,0.019199853762984276,0.7174450755119324,0.035358838737010956,0.035358838737010956,0.11087162047624588,0.7598309516906738,0.0009945345962341218
59,0.01898775901645422,0.01898775901645422,0.7135973274707794,0.03434254974126816,0.03434254974126816,0.10955747216939926,0.7546901702880859,0.0009943448874270577
60,0.018872128799557686,0.018872128799557686,0.710419237613678,0.03421185538172722,0.03421185538172722,0.10908222198486328,0.7530165910720825,0.0009941519617826875
61,0.018664135597646236,0.018664135597646236,0.708229124546051,0.03476531803607941,0.03476531803607941,0.10913325101137161,0.7535817623138428,0.0009939558206233019
62,0.01847476651892066,0.01847476651892066,0.7070843577384949,0.03532738238573074,0.03532738238573074,0.10927162319421768,0.7545808553695679,0.0009937564652932305
63,0.018465579487383366,0.018465579487383366,0.7078235745429993,0.03545719385147095,0.03545719385147095,0.10879915952682495,0.7538261413574219,0.0009935538971588324
64,0.01819262793287635,0.01819262793287635,0.7061582207679749,0.03450815752148628,0.03450815752148628,0.10747507214546204,0.749485194683075,0.0009933481176084868
65,0.018032430671155453,0.018032430671155453,0.704177975654602,0.03373679146170616,0.03373679146170616,0.10639581084251404,0.7457119226455688,0.0009931391280525838
66,0.01794519368559122,0.01794519368559122,0.7026853859424591,0.03385423496365547,0.03385423496365547,0.10645495355129242,0.74643874168396,0.0009929269299235144
67,0.017713801935315132,0.017713801935315132,0.7025439441204071,0.03451937437057495,0.03451937437057495,0.10712453722953796,0.749311089515686,0.0009927115246756608
68,0.01757415058091283,0.01757415058091283,0.7042612731456757,0.034917283803224564,0.034917283803224564,0.1074729710817337,0.7512151598930359,0.0009924929137853865
69,0.017497602850198746,0.017497602850198746,0.7053715586662292,0.035005372017621994,0.035005372017621994,0.10726170241832733,0.7512903809547424,0.0009922710987510263
70,0.01738077774643898,0.01738077774643898,0.7057471871376038,0.0342552550137043,0.0342552550137043,0.10630713403224945,0.7485915422439575,0.0009920460810928752
71,0.0171574205160141,0.0171574205160141,0.7044604420661926,0.033395618200302124,0.033395618200302124,0.10519592463970184,0.7448514699935913,0.000991817862353179
72,0.01714433077722788,0.01714433077722788,0.7046056389808655,0.033610016107559204,0.033610016107559204,0.10525685548782349,0.7455968856811523,0.0009915864440961236
73,0.01693865191191435,0.01693865191191435,0.704866498708725,0.033926837146282196,0.033926837146282196,0.10569654405117035,0.7473545670509338,0.0009913518279078238
74,0.016827677376568317,0.016827677376568317,0.705731600522995,0.0344281941652298,0.0344281941652298,0.10594850778579712,0.7485531568527222,0.0009911140153963127
75,0.01671554846689105,0.01671554846689105,0.7060210108757019,0.034274742007255554,0.034274742007255554,0.10568541288375854,0.7477407455444336,0.0009908730081915308
76,0.01654632482677698,0.01654632482677698,0.7051616311073303,0.03365112096071243,0.03365112096071243,0.10499744117259979,0.745322585105896,0.000990628807945314
77,0.016443473752588034,0.016443473752588034,0.7040713429450989,0.03364211320877075,0.03364211320877075,0.10476388782262802,0.7447408437728882,0.000990381416331384
78,0.01632193149998784,0.01632193149998784,0.7036752700805664,0.0339379757642746,0.0339379757642746,0.10487572103738785,0.7453289031982422,0.0009901308350453348
79,0.016211641021072865,0.016211641021072865,0.7043470740318298,0.03433845937252045,0.03433845937252045,0.10503123700618744,0.7461604475975037,0.0009898770658046227
80,0.016085474751889706,0.016085474751889706,0.704450249671936,0.03439765423536301,0.03439765423536301,0.1046968325972557,0.7451654672622681,0.0009896201103485537
81,0.015970895532518625,0.015970895532518625,0.7036378383636475,0.03446666896343231,0.03446666896343231,0.1043766587972641,0.7443491220474243,0.0009893599704382716
82,0.01584956655278802,0.01584956655278802,0.7030470371246338,0.03451070562005043,0.03451070562005043,0.10402209311723709,0.74317467212677,0.0009890966478567462
83,0.01574091473594308,0.01574091473594308,0.7017785310745239,0.03468775376677513,0.03468775376677513,0.1036185622215271,0.7418292760848999,0.000988830144408761
84,0.01564017403870821,0.01564017403870821,0.7007495164871216,0.03490392863750458,0.03490392863750458,0.10338513553142548,0.7411636114120483,0.0009885604619209007
85,0.015566974878311157,0.015566974878311157,0.7005848288536072,0.03527802973985672,0.03527802973985672,0.10341186821460724,0.7414340972900391,0.0009882876022415392
86,0.01543735433369875,0.01543735433369875,0.7002412676811218,0.03481823578476906,0.03481823578476906,0.10280968248844147,0.7396167516708374,0.0009880115672408262
87,0.015292131807655096,0.015292131807655096,0.6998817324638367,0.03505025804042816,0.03505025804042816,0.10306619107723236,0.7404987812042236,0.0009877323588106742
88,0.015222002286463976,0.015222002286463976,0.7009182572364807,0.035859983414411545,0.035859983414411545,0.10312344878911972,0.741036057472229,0.0009874499788647467
89,0.015081653371453285,0.015081653371453285,0.7002988159656525,0.035378504544496536,0.035378504544496536,0.10249505937099457,0.7386735677719116,0.0009871644293384444
90,0.014939822722226381,0.014939822722226381,0.6984097063541412,0.035542163997888565,0.035542163997888565,0.10205867886543274,0.7372081279754639,0.0009868757121888917
91,0.014823582954704762,0.014823582954704762,0.696721613407135,0.035890132188797,0.035890132188797,0.10189056396484375,0.7365061044692993,0.0009865838293949237
92,0.014737377408891916,0.014737377408891916,0.695809543132782,0.0364258736371994,0.0364258736371994,0.10163018107414246,0.7357723712921143,0.0009862887829570723
93,0.014613121282309294,0.014613121282309294,0.6949635744094849,0.03653215244412422,0.03653215244412422,0.10125286132097244,0.7348016500473022,0.000985990574897553
94,0.014479299075901508,0.014479299075901508,0.6944300830364227,0.03642318770289421,0.03642318770289421,0.10075949132442474,0.7333654761314392,0.00098568920726025
95,0.014354273676872253,0.014354273676872253,0.6935885846614838,0.03622257709503174,0.03622257709503174,0.10039684176445007,0.7320606112480164,0.0009853846821107036
96,0.01424385979771614,0.01424385979771614,0.6927820444107056,0.036709994077682495,0.036709994077682495,0.10035040229558945,0.7319697737693787,0.000985077001536095
97,0.014115483034402132,0.014115483034402132,0.6917896568775177,0.03720798343420029,0.03720798343420029,0.10020559281110764,0.731370747089386,0.0009847661676452323
98,0.013999792747199535,0.013999792747199535,0.690028190612793,0.03717619553208351,0.03717619553208351,0.09953586757183075,0.729378879070282,0.0009844521825685365
99,0.013889582362025976,0.013889582362025976,0.6884855628013611,0.03739558160305023,0.03739558160305023,0.09892623871564865,0.727690577507019,0.000984135048458026
100,0.013742295559495687,0.013742295559495687,0.6869248449802399,0.03747538477182388,0.03747538477182388,0.09853453189134598,0.7263033390045166,0.0009838147674873024
101,0.01361966971307993,0.01361966971307993,0.6861388683319092,0.037898968905210495,0.037898968905210495,0.09847277402877808,0.7258729338645935,0.0009834913418515358
102,0.013471004087477922,0.013471004087477922,0.6853678226470947,0.0380752831697464,0.0380752831697464,0.09814316034317017,0.7247787714004517,0.000983164773767449
103,0.013366236817091703,0.013366236817091703,0.6842362582683563,0.03794339671730995,0.03794339671730995,0.09752899408340454,0.7228835225105286,0.0009828350654733033
104,0.013229240197688341,0.013229240197688341,0.6821443140506744,0.038311202079057693,0.038311202079057693,0.09709738940000534,0.7215687036514282,0.0009825022192288823
105,0.013138668145984411,0.013138668145984411,0.6810717582702637,0.039279356598854065,0.039279356598854065,0.09667361527681351,0.7204683423042297,0.000982166237315477
106,0.012999178376048803,0.012999178376048803,0.6783573627471924,0.03941480815410614,0.03941480815410614,0.09585733711719513,0.717759370803833,0.00098182712203587
107,0.012859181500971317,0.012859181500971317,0.6756060421466827,0.03909505158662796,0.03909505158662796,0.09526000171899796,0.715583086013794,0.000981484875714319
108,0.012722240295261145,0.012722240295261145,0.6737748384475708,0.03895029053092003,0.03895029053092003,0.09511005133390427,0.7146773338317871,0.0009811395006965424
109,0.01259148819372058,0.01259148819372058,0.6736851632595062,0.03959137573838234,0.03959137573838234,0.0953831672668457,0.7153616547584534,0.0009807909993497016
110,0.012454621959477663,0.012454621959477663,0.6734229326248169,0.039765678346157074,0.039765678346157074,0.09487868845462799,0.7134745717048645,0.000980439374062386
111,0.012342298403382301,0.012342298403382301,0.6698554158210754,0.04011211171746254,0.04011211171746254,0.0935293659567833,0.7091538310050964,0.0009800846272445959
112,0.012212508823722601,0.012212508823722601,0.6662324368953705,0.04025381803512573,0.04025381803512573,0.09241513162851334,0.7063345909118652,0.0009797267613277261
113,0.012060489971190691,0.012060489971190691,0.66449373960495,0.04047447443008423,0.04047447443008423,0.09244076907634735,0.7065406441688538,0.0009793657787645499
114,0.011923008598387241,0.011923008598387241,0.6646243333816528,0.04075101763010025,0.04075101763010025,0.09248633682727814,0.7058901786804199,0.0009790016820292009
115,0.011793577810749412,0.011793577810749412,0.6638998091220856,0.04048945754766464,0.04048945754766464,0.09201675653457642,0.7039309144020081,0.0009786344736171578
116,0.011684074066579342,0.011684074066579342,0.6606490612030029,0.04105681926012039,0.04105681926012039,0.09094209969043732,0.6999597549438477,0.0009782641560452255
117,0.011525575537234545,0.011525575537234545,0.6561087369918823,0.04137691855430603,0.04137691855430603,0.09010284394025803,0.6970751285552979,0.0009778907318515194
118,0.011388635728508234,0.011388635728508234,0.6533710956573486,0.04196164011955261,0.04196164011955261,0.08974426984786987,0.6961796283721924,0.0009775142035954472
119,0.011277980171144009,0.011277980171144009,0.6523476541042328,0.04219319671392441,0.04219319671392441,0.08912517130374908,0.6945186853408813,0.0009771345738576913
120,0.011129217687994242,0.011129217687994242,0.6512854695320129,0.04218921437859535,0.04218921437859535,0.0886235460639,0.6926575899124146,0.0009767518452401915
121,0.011008818168193102,0.011008818168193102,0.6499311327934265,0.042170774191617966,0.042170774191617966,0.0881144106388092,0.6906267404556274,0.0009763660203661267
122,0.010947645409032702,0.010947645409032702,0.6475546956062317,0.04296121373772621,0.04296121373772621,0.08686686307191849,0.6862369775772095,0.0009759771018798979
123,0.010755813680589199,0.010755813680589199,0.6419888138771057,0.04252694919705391,0.04252694919705391,0.08626818656921387,0.6836092472076416,0.0009755850924471081
124,0.010633229278028011,0.010633229278028011,0.6407444477081299,0.041802581399679184,0.041802581399679184,0.08606956899166107,0.6830340623855591,0.0009751899947545466
125,0.010495983297005296,0.010495983297005296,0.640967071056366,0.04265756160020828,0.04265756160020828,0.08589722216129303,0.681581974029541,0.0009747918115101687
126,0.010362574364989996,0.010362574364989996,0.6371597647666931,0.04360731318593025,0.04360731318593025,0.0842818021774292,0.6760038733482361,0.0009743905454430774
127,0.01026922557502985,0.01026922557502985,0.6308560073375702,0.04403843358159065,0.04403843358159065,0.08280676603317261,0.6711074709892273,0.0009739861993035058
128,0.010166283696889877,0.010166283696889877,0.6275485157966614,0.04254045709967613,0.04254045709967613,0.08218515664339066,0.6695761680603027,0.0009735787758627971
129,0.00999122066423297,0.00999122066423297,0.6286980509757996,0.04299844801425934,0.04299844801425934,0.08252894878387451,0.6694568991661072,0.0009731682779133855
130,0.00986735662445426,0.00986735662445426,0.6276491284370422,0.043953247368335724,0.043953247368335724,0.08143123984336853,0.6648935079574585,0.0009727547082687784
131,0.009731023572385311,0.009731023572385311,0.6208135783672333,0.043360598385334015,0.043360598385334015,0.07916226238012314,0.6575062274932861,0.0009723380697635356
132,0.009610999841243029,0.009610999841243029,0.6152456402778625,0.04329012706875801,0.04329012706875801,0.07859797775745392,0.6561378240585327,0.0009719183652532508
133,0.009487814735621214,0.009487814735621214,0.6153381764888763,0.04443999379873276,0.04443999379873276,0.07891067117452621,0.657189130783081,0.0009714955976145317
134,0.00937978201545775,0.00937978201545775,0.6158028244972229,0.044690024107694626,0.044690024107694626,0.07776474207639694,0.652783989906311,0.0009710697697449805
135,0.009228736627846956,0.009228736627846956,0.6107060313224792,0.04448557645082474,0.04448557645082474,0.07606225460767746,0.6462960243225098,0.0009706408845631738
136,0.00911370012909174,0.00911370012909174,0.6049329042434692,0.044505082070827484,0.044505082070827484,0.07585456222295761,0.6441450119018555,0.0009702089450086423
137,0.008973905816674232,0.008973905816674232,0.6041857600212097,0.04436967894434929,0.04436967894434929,0.07580231130123138,0.6434428095817566,0.0009697739540418514
138,0.008853354025632143,0.008853354025632143,0.6019584536552429,0.044157419353723526,0.044157419353723526,0.07410497963428497,0.6383019685745239,0.0009693359146441808
139,0.008710423018783331,0.008710423018783331,0.5972695350646973,0.04582200571894646,0.04582200571894646,0.07343853265047073,0.6360284686088562,0.0009688948298179032
140,0.008595570456236601,0.008595570456236601,0.5965752601623535,0.046558450907468796,0.046558450907468796,0.0728498101234436,0.6334639191627502,0.0009684507025861646
141,0.008513339096680284,0.008513339096680284,0.5926293730735779,0.045689187943935394,0.045689187943935394,0.0709877535700798,0.6258286237716675,0.0009680035359929635
142,0.008375560166314244,0.008375560166314244,0.5859898328781128,0.04431631788611412,0.04431631788611412,0.0701485276222229,0.6215341091156006,0.0009675533331031295
143,0.008248717058449984,0.008248717058449984,0.5846399962902069,0.045971665531396866,0.045971665531396866,0.07047661393880844,0.6219013333320618,0.0009671000970023028
144,0.008114733966067433,0.008114733966067433,0.5844245553016663,0.04642815142869949,0.04642815142869949,0.06933468580245972,0.6182210445404053,0.000966643830796913
145,0.007976062363013625,0.007976062363013625,0.5788645148277283,0.046198952943086624,0.046198952943086624,0.06756047159433365,0.6127836108207703,0.0009661845376141577
146,0.007913034642115235,0.007913034642115235,0.5726136863231659,0.04688964784145355,0.04688964784145355,0.06705509126186371,0.6097992658615112,0.0009657222206019806
147,0.007743713911622763,0.007743713911622763,0.5701099336147308,0.047716204077005386,0.047716204077005386,0.06740834563970566,0.609321117401123,0.000965256882929051
148,0.007670705206692219,0.007670705206692219,0.5718822479248047,0.046860113739967346,0.046860113739967346,0.06645743548870087,0.6051463484764099,0.0009647885277847412
149,0.007506483234465122,0.007506483234465122,0.5660849809646606,0.04640326648950577,0.04640326648950577,0.06470911204814911,0.5987014770507812,0.0009643171583791048
150,0.007431240053847432,0.007431240053847432,0.5600966513156891,0.04729297384619713,0.04729297384619713,0.0646306499838829,0.5976700186729431,0.0009638427779428549
151,0.007277800003066659,0.007277800003066659,0.5615906417369843,0.04735071584582329,0.04735071584582329,0.06436993926763535,0.597057580947876,0.000963365389727342
152,0.007211877033114433,0.007211877033114433,0.5594578683376312,0.04800385609269142,0.04800385609269142,0.06251101195812225,0.589287519454956,0.0009628849970045315
153,0.007055401569232345,0.007055401569232345,0.5512135028839111,0.048773542046546936,0.048773542046546936,0.062272943556308746,0.5873115062713623,0.0009624016030669813
154,0.006978631252422929,0.006978631252422929,0.5501217544078827,0.04802711308002472,0.04802711308002472,0.06247003376483917,0.5884181261062622,0.0009619152112278192
155,0.006871482124552131,0.006871482124552131,0.5502656102180481,0.04752437770366669,0.04752437770366669,0.06110373139381409,0.5819357633590698,0.0009614258248207205
156,0.006758157163858414,0.006758157163858414,0.5431397259235382,0.0489167645573616,0.0489167645573616,0.06012628972530365,0.576606035232544,0.0009609334471998847
157,0.0067367106676101685,0.0067367106676101685,0.5398421287536621,0.04886811971664429,0.04886811971664429,0.06062270700931549,0.5786490440368652,0.0009604380817400133
158,0.006569448160007596,0.006569448160007596,0.5419835448265076,0.04783444106578827,0.04783444106578827,0.05985068529844284,0.5766698122024536,0.0009599397318362853
159,0.006519077345728874,0.006519077345728874,0.5390402674674988,0.048817314207553864,0.048817314207553864,0.058242857456207275,0.5699172019958496,0.0009594384009043353
160,0.006442680023610592,0.006442680023610592,0.5327650457620621,0.05016209930181503,0.05016209930181503,0.05823573097586632,0.5682665705680847,0.0009589340923802293
161,0.006280035246163607,0.006280035246163607,0.5332141220569611,0.04847239330410957,0.04847239330410957,0.058401867747306824,0.5690984725952148,0.0009584268097204415
162,0.0062007110100239515,0.0062007110100239515,0.5318202674388885,0.04888003319501877,0.04888003319501877,0.05693286657333374,0.561996340751648,0.0009579165564018304
163,0.006133039016276598,0.006133039016276598,0.5249303579330444,0.050106972455978394,0.050106972455978394,0.056615572422742844,0.5596588850021362,0.0009574033359216153
164,0.006028910749591887,0.006028910749591887,0.525717243552208,0.05003887042403221,0.05003887042403221,0.05689838156104088,0.5622400045394897,0.0009568871517973516
165,0.005937699461355805,0.005937699461355805,0.5241975039243698,0.0487976111471653,0.0487976111471653,0.055242765694856644,0.5540863275527954,0.0009563680075669077
166,0.005885416409000754,0.005885416409000754,0.5170750617980957,0.04952351748943329,0.04952351748943329,0.05531889200210571,0.5535644292831421,0.0009558459067884399
167,0.0057889316231012344,0.0057889316231012344,0.5173273384571075,0.05053919553756714,0.05053919553756714,0.05576279014348984,0.5551760196685791,0.0009553208530403685
168,0.005717534339055419,0.005717534339055419,0.5179480016231537,0.04913652315735817,0.04913652315735817,0.05430606007575989,0.5491601824760437,0.0009547928499213533
169,0.005622712895274162,0.005622712895274162,0.5121791958808899,0.050069648772478104,0.050069648772478104,0.05373422056436539,0.546319842338562,0.0009542619010502682
170,0.005550801521167159,0.005550801521167159,0.5108919441699982,0.05079302564263344,0.05079302564263344,0.05412975698709488,0.5472911596298218,0.0009537280100661779
171,0.005481495521962643,0.005481495521962643,0.5106775909662247,0.049356553703546524,0.049356553703546524,0.053440291434526443,0.5435884594917297,0.0009531911806283107
172,0.005427194992080331,0.005427194992080331,0.5063144415616989,0.049323756247758865,0.049323756247758865,0.05254480615258217,0.539329469203949,0.0009526514164160361
173,0.0053498398046940565,0.0053498398046940565,0.5048642456531525,0.050887979567050934,0.050887979567050934,0.052683353424072266,0.5397629141807556,0.000952108721128837
174,0.0052916547283530235,0.0052916547283530235,0.5035791397094727,0.05000102519989014,0.05000102519989014,0.05206663906574249,0.5371190309524536,0.0009515630984862864
175,0.005222155712544918,0.005222155712544918,0.4996548295021057,0.04974571242928505,0.04974571242928505,0.0518268421292305,0.5352637767791748,0.0009510145522280209
176,0.00516170053742826,0.00516170053742826,0.4991016387939453,0.050912484526634216,0.050912484526634216,0.051590465009212494,0.5330156683921814,0.0009504630861137151
177,0.005114240339025855,0.005114240339025855,0.4963749945163727,0.0500677153468132,0.0500677153468132,0.05081775411963463,0.529607892036438,0.0009499087039230559
178,0.00505251158028841,0.00505251158028841,0.4924437403678894,0.04960401728749275,0.04960401728749275,0.050671324133872986,0.5302018523216248,0.0009493514094557168
179,0.004984806990250945,0.004984806990250945,0.4935252368450165,0.05071260407567024,0.05071260407567024,0.05059167742729187,0.5290699005126953,0.0009487912065313317
180,0.004938545287586749,0.004938545287586749,0.4911070168018341,0.05000872537493706,0.05000872537493706,0.04944850504398346,0.5229641199111938,0.0009482280989894687
181,0.0048771563451737165,0.0048771563451737165,0.48594507575035095,0.049124713987112045,0.049124713987112045,0.049498483538627625,0.523280143737793,0.0009476620906896039
182,0.004812947474420071,0.004812947474420071,0.4865919053554535,0.04969225823879242,0.04969225823879242,0.04937896877527237,0.5224591493606567,0.0009470931855110946
183,0.004766871687024832,0.004766871687024832,0.48638366162776947,0.05010196566581726,0.05010196566581726,0.04870924726128578,0.5185560584068298,0.0009465213873531535
184,0.004743783618323505,0.004743783618323505,0.48048757016658783,0.04993661865592003,0.04993661865592003,0.04820572957396507,0.5161393880844116,0.0009459467001348209
185,0.0046749955508857965,0.0046749955508857965,0.4819421172142029,0.04988837614655495,0.04988837614655495,0.048658885061740875,0.5197000503540039,0.0009453691277949389
186,0.004651508526876569,0.004651508526876569,0.48192764818668365,0.049943484365940094,0.049943484365940094,0.04715224727988243,0.510662317276001,0.0009447886742921233
187,0.004604018526151776,0.004604018526151776,0.4743424654006958,0.04962797462940216,0.04962797462940216,0.04757630079984665,0.512434720993042,0.0009442053436047377
188,0.004576949053443968,0.004576949053443968,0.47780388593673706,0.04977905750274658,0.04977905750274658,0.0477173775434494,0.5135870575904846,0.0009436191397308651
189,0.004513791762292385,0.004513791762292385,0.47495920956134796,0.049545321613550186,0.049545321613550186,0.04643268138170242,0.5065241456031799,0.0009430300666882817
190,0.004477331880480051,0.004477331880480051,0.4700678884983063,0.04934956133365631,0.04934956133365631,0.046869974583387375,0.510229229927063,0.0009424381285144275
191,0.004440191434696317,0.004440191434696317,0.47542378306388855,0.049387376755476,0.049387376755476,0.046793170273303986,0.5097995400428772,0.0009418433292663809
192,0.004396870732307434,0.004396870732307434,0.47077061235904694,0.04987687990069389,0.04987687990069389,0.045525629073381424,0.5018675327301025,0.0009412456730208292
193,0.004346293397247791,0.004346293397247791,0.46494171023368835,0.04924272745847702,0.04924272745847702,0.0460001565515995,0.5047398805618286,0.0009406451638740416
194,0.004334475612267852,0.004334475612267852,0.4694233387708664,0.049396537244319916,0.049396537244319916,0.045843787491321564,0.5041274428367615,0.0009400418059418403
195,0.004274507751688361,0.004274507751688361,0.4635676443576813,0.04987753927707672,0.04987753927707672,0.04506219923496246,0.49863407015800476,0.0009394356033595729
196,0.004221801063977182,0.004221801063977182,0.46169915795326233,0.04883629083633423,0.04883629083633423,0.045552998781204224,0.5026684999465942,0.0009388265602820842
197,0.004203310236334801,0.004203310236334801,0.464765265583992,0.049074508249759674,0.049074508249759674,0.04488139599561691,0.49862968921661377,0.0009382146808836873
198,0.004154185298830271,0.004154185298830271,0.4589446038007736,0.04987509176135063,0.04987509176135063,0.04430676996707916,0.495192289352417,0.0009375999693581351
199,0.004127570660784841,0.004127570660784841,0.45840682089328766,0.04911482334136963,0.04911482334136963,0.04500618204474449,0.49984636902809143,0.0009369824299185914
200,0.004090720554813743,0.004090720554813743,0.4605458080768585,0.04839317500591278,0.04839317500591278,0.04429733753204346,0.495652973651886,0.0009363620667976027
201,0.004065769491717219,0.004065769491717219,0.45499323308467865,0.04874202236533165,0.04874202236533165,0.04378809034824371,0.4928300082683563,0.000935738884247068
202,0.004008119576610625,0.004008119576610625,0.4571089446544647,0.04984298720955849,0.04984298720955849,0.044099245220422745,0.4945726990699768,0.0009351128865382109
203,0.003988715587183833,0.003988715587183833,0.45503275096416473,0.048852935433387756,0.048852935433387756,0.04291617125272751,0.4876497983932495,0.0009344840779615496
204,0.003992951940745115,0.003992951940745115,0.44854162633419037,0.048558976501226425,0.048558976501226425,0.04334276169538498,0.4900174140930176,0.0009338524628268676
205,0.0038964846171438694,0.0038964846171438694,0.45187434554100037,0.049011703580617905,0.049011703580617905,0.043526072055101395,0.491415798664093,0.0009332180454631845
206,0.003928941208869219,0.003928941208869219,0.45126523077487946,0.048923373222351074,0.048923373222351074,0.04246284067630768,0.4851195514202118,0.0009325808302187257
207,0.0038920759689062834,0.0038920759689062834,0.4474374055862427,0.04831854999065399,0.04831854999065399,0.04313630610704422,0.491515576839447,0.0009319408214608931
208,0.0038491672603413463,0.0038491672603413463,0.45036090910434723,0.0495583638548851,0.0495583638548851,0.04256708174943924,0.48541536927223206,0.0009312980235762353
209,0.0038665644824504852,0.0038665644824504852,0.4457963556051254,0.04856852442026138,0.04856852442026138,0.04219913110136986,0.4839121997356415,0.0009306524409704167
210,0.0038003153167665005,0.0038003153167665005,0.4457436352968216,0.04815126210451126,0.04815126210451126,0.04239928722381592,0.48646992444992065,0.0009300040780681884
211,0.0037696409272029996,0.0037696409272029996,0.44501376152038574,0.04937608540058136,0.04937608540058136,0.04162454977631569,0.4814133048057556,0.0009293529393133572
212,0.003722318564541638,0.003722318564541638,0.4418228417634964,0.04850177466869354,0.04850177466869354,0.04165036603808403,0.4821333885192871,0.000928699029168755
213,0.003696126746945083,0.003696126746945083,0.44074155390262604,0.04915725812315941,0.04915725812315941,0.041068319231271744,0.47757863998413086,0.000928042352116209
214,0.0036880504339933395,0.0036880504339933395,0.440371498465538,0.04854005575180054,0.04854005575180054,0.0416090302169323,0.48133817315101624,0.00092738291265651
215,0.0036448920145630836,0.0036448920145630836,0.44040845334529877,0.048554714769124985,0.048554714769124985,0.04112536832690239,0.47849446535110474,0.0009267207153093822
216,0.0036049545742571354,0.0036049545742571354,0.43752947449684143,0.04834362864494324,0.04834362864494324,0.041189778596162796,0.47936850786209106,0.0009260557646134519
217,0.003569378168322146,0.003569378168322146,0.43794748187065125,0.048475757241249084,0.048475757241249084,0.04083500802516937,0.477003276348114,0.0009253880651262172
218,0.00353451631963253,0.00353451631963253,0.43597275018692017,0.04849641025066376,0.04849641025066376,0.040816716849803925,0.47654491662979126,0.0009247176214240154
219,0.0035144780995324254,0.0035144780995324254,0.4349367171525955,0.04825936257839203,0.04825936257839203,0.040643297135829926,0.47602421045303345,0.0009240444381019922
220,0.0035067329881712794,0.0035067329881712794,0.4337571859359741,0.04851442947983742,0.04851442947983742,0.040183037519454956,0.4739750325679779,0.0009233685197740714
221,0.0034564894158393145,0.0034564894158393145,0.4321107864379883,0.048499807715415955,0.048499807715415955,0.04062487930059433,0.4766727089881897,0.0009226898710729209
222,0.0034400447038933635,0.0034400447038933635,0.4340818226337433,0.04798409342765808,0.04798409342765808,0.040191929787397385,0.47336840629577637,0.0009220084966499233
223,0.0034078115131706,0.0034078115131706,0.4300730526447296,0.048145439475774765,0.048145439475774765,0.0395992137491703,0.4702971577644348,0.0009213244011751424
224,0.003397625172510743,0.003397625172510743,0.42894312739372253,0.048246435821056366,0.048246435821056366,0.04009350389242172,0.47440212965011597,0.000920637589337292
225,0.003369935555383563,0.003369935555383563,0.43206292390823364,0.04743029549717903,0.04743029549717903,0.03972811996936798,0.47109702229499817,0.0009199480658437039
226,0.0033507500775158405,0.0033507500775158405,0.42853549122810364,0.04843665286898613,0.04843665286898613,0.039512328803539276,0.4696993827819824,0.0009192558354202945
227,0.003304462763480842,0.003304462763480842,0.4274505376815796,0.04830605536699295,0.04830605536699295,0.039463967084884644,0.47018998861312866,0.0009185609028115337
228,0.003279244527220726,0.003279244527220726,0.42640817165374756,0.04792888090014458,0.04792888090014458,0.039078276604413986,0.46834221482276917,0.0009178632727804119
229,0.003273827489465475,0.003273827489465475,0.42427943646907806,0.04822453856468201,0.04822453856468201,0.03921934589743614,0.46847960352897644,0.0009171629501084071
230,0.0032463984098285437,0.0032463984098285437,0.4254837930202484,0.04812071844935417,0.04812071844935417,0.0391293466091156,0.4680907726287842,0.0009164599395954524
231,0.003216409357264638,0.003216409357264638,0.42403988540172577,0.04781869798898697,0.04781869798898697,0.03875502198934555,0.46636316180229187,0.0009157542460599035
232,0.0032338628079742193,0.0032338628079742193,0.4252074062824249,0.04832472652196884,0.04832472652196884,0.038550883531570435,0.4651009738445282,0.0009150458743385046
233,0.0031985753448680043,0.0031985753448680043,0.42047807574272156,0.0486736036837101,0.0486736036837101,0.03833413124084473,0.46367281675338745,0.000914334829286356
234,0.0031462942715734243,0.0031462942715734243,0.4203178286552429,0.04772801324725151,0.04772801324725151,0.0392850860953331,0.47086283564567566,0.0009136211157768811
235,0.0031887387158349156,0.0031887387158349156,0.424894317984581,0.04801149293780327,0.04801149293780327,0.038056693971157074,0.46240970492362976,0.0009129047387017925
236,0.003175647812895477,0.003175647812895477,0.4177244156599045,0.04839272424578667,0.04839272424578667,0.03831721469759941,0.463806688785553,0.0009121857029710581
237,0.0031184785766527057,0.0031184785766527057,0.42071394622325897,0.04770834371447563,0.04770834371447563,0.038861215114593506,0.4674752354621887,0.0009114640135128688
238,0.003094495041295886,0.003094495041295886,0.4195482134819031,0.0477912500500679,0.0477912500500679,0.03794262185692787,0.4610040783882141,0.000910739675273603
239,0.0030734436586499214,0.0030734436586499214,0.41569650173187256,0.048315905034542084,0.048315905034542084,0.03851321339607239,0.4649803936481476,0.0009100126932177938
240,0.0030430059414356947,0.0030430059414356947,0.4187270700931549,0.04822097346186638,0.04822097346186638,0.037966303527355194,0.462310254573822,0.000909283072328095
241,0.0030307736014947295,0.0030307736014947295,0.4148024916648865,0.047920890152454376,0.047920890152454376,0.0374070405960083,0.45862987637519836,0.0009085508176052465
242,0.003023238037712872,0.003023238037712872,0.41350290179252625,0.04795167222619057,0.04795167222619057,0.0382586345076561,0.46381357312202454,0.00090781593406804
243,0.003006307641044259,0.003006307641044259,0.4173784703016281,0.04706612974405289,0.04706612974405289,0.03775741532444954,0.46115219593048096,0.000907078426753285
244,0.002965535968542099,0.002965535968542099,0.41407065093517303,0.04815423861145973,0.04815423861145973,0.03742365539073944,0.45932990312576294,0.0009063383007157744
245,0.0029537357622757554,0.0029537357622757554,0.41300952434539795,0.04814106971025467,0.04814106971025467,0.037755146622657776,0.4611891210079193,0.0009055955610282487
246,0.0029447569977492094,0.0029447569977492094,0.41510941088199615,0.046608299016952515,0.046608299016952515,0.03727855905890465,0.45925283432006836,0.000904850212781363
247,0.002928659552708268,0.002928659552708268,0.41104425489902496,0.04927260801196098,0.04927260801196098,0.03695887327194214,0.45653700828552246,0.0009041022610836503
248,0.0029487761203199625,0.0029487761203199625,0.41237249970436096,0.047165390104055405,0.047165390104055405,0.03766776621341705,0.46155649423599243,0.0009033517110614881
249,0.00291565980296582,0.00291565980296582,0.41130246222019196,0.04777988791465759,0.04777988791465759,0.03687673807144165,0.4555685520172119,0.0009025985678590621
250,0.0028637703508138657,0.0028637703508138657,0.4081271141767502,0.04878295212984085,0.04878295212984085,0.037399545311927795,0.4595929682254791,0.0009018428366383317
251,0.0028416094137355685,0.0028416094137355685,0.41023629903793335,0.04731342941522598,0.04731342941522598,0.037072304636240005,0.4576444923877716,0.0009010845225789934
252,0.0028209041338413954,0.0028209041338413954,0.4078393280506134,0.047589827328920364,0.047589827328920364,0.03677132725715637,0.4554275870323181,0.0009003236308784478
253,0.0027969246730208397,0.0027969246730208397,0.4090984910726547,0.04908253252506256,0.04908253252506256,0.037212520837783813,0.4586709439754486,0.0008995601667517607
254,0.0027960974257439375,0.0027960974257439375,0.40881429612636566,0.047539982944726944,0.047539982944726944,0.03639116510748863,0.45374539494514465,0.0008987941354316301
255,0.0027926660841330886,0.0027926660841330886,0.4043818712234497,0.04755394905805588,0.04755394905805588,0.03685261309146881,0.4567450284957886,0.0008980255421683486
256,0.002745246689300984,0.002745246689300984,0.4068041741847992,0.04878788813948631,0.04878788813948631,0.03699545934796333,0.4574991464614868,0.0008972543922297687
257,0.0027752360329031944,0.0027752360329031944,0.4053845554590225,0.0463106594979763,0.0463106594979763,0.03652946278452873,0.4546998143196106,0.0008964806909012655
258,0.0027360618114471436,0.0027360618114471436,0.4052991271018982,0.04741213470697403,0.04741213470697403,0.0369887538254261,0.4578590393066406,0.0008957044434857014
259,0.002706149476580322,0.002706149476580322,0.40735411643981934,0.04865545779466629,0.04865545779466629,0.03634144365787506,0.4538535475730896,0.0008949256553033892
260,0.0027156941359862685,0.0027156941359862685,0.4038020670413971,0.046442143619060516,0.046442143619060516,0.03676319122314453,0.45619064569473267,0.0008941443316920559
261,0.0026904362021014094,0.0026904362021014094,0.4055832326412201,0.04745779186487198,0.04745779186487198,0.03658049926161766,0.45493370294570923,0.0008933604780068062
262,0.00264747510664165,0.00264747510664165,0.4038940519094467,0.047784801572561264,0.047784801572561264,0.03596775233745575,0.45117056369781494,0.0008925740996200851
263,0.0026305116480216384,0.0026305116480216384,0.4026470184326172,0.047270145267248154,0.047270145267248154,0.03645123541355133,0.454639732837677,0.0008917852019216424
264,0.0026617931434884667,0.0026617931434884667,0.4013683944940567,0.048827990889549255,0.048827990889549255,0.035842228680849075,0.4505813419818878,0.0008909937903184945
265,0.0026117570232599974,0.0026117570232599974,0.4002452939748764,0.047669798135757446,0.047669798135757446,0.03636130318045616,0.45440474152565,0.000890199870234888
266,0.002587619354017079,0.002587619354017079,0.40202173590660095,0.04675993695855141,0.04675993695855141,0.036122098565101624,0.45273566246032715,0.0008894034471122621
267,0.0025943844811990857,0.0025943844811990857,0.4011180251836777,0.048096805810928345,0.048096805810928345,0.036093901842832565,0.4521997570991516,0.0008886045264092117
268,0.002567830844782293,0.002567830844782293,0.40130268037319183,0.04873078316450119,0.04873078316450119,0.03609843924641609,0.4524462819099426,0.0008878031136014499
269,0.002552049234509468,0.002552049234509468,0.40003441274166107,0.04713138937950134,0.04713138937950134,0.035991787910461426,0.45140689611434937,0.0008869992141817703
270,0.0025556808104738593,0.0025556808104738593,0.39755725860595703,0.04883662611246109,0.04883662611246109,0.03600684925913811,0.4519018530845642,0.0008861928336600095
271,0.0025400122394785285,0.0025400122394785285,0.39936429262161255,0.048111267387866974,0.048111267387866974,0.0359264612197876,0.45154625177383423,0.0008853839775630094
272,0.0025012780679389834,0.0025012780679389834,0.39845120906829834,0.04654997959733009,0.04654997959733009,0.03560294210910797,0.449894517660141,0.000884572651434579
273,0.0024966727942228317,0.0024966727942228317,0.39738835394382477,0.048323001712560654,0.048323001712560654,0.03600537031888962,0.4526910185813904,0.0008837588608354571
274,0.002498718909919262,0.002498718909919262,0.3997787535190582,0.04701337218284607,0.04701337218284607,0.03579176217317581,0.4512290060520172,0.0008829426113432729
275,0.0024574236012995243,0.0024574236012995243,0.397818922996521,0.04717688634991646,0.04717688634991646,0.03566247224807739,0.4504249691963196,0.0008821239085525091
276,0.0024572545662522316,0.0024572545662522316,0.39724406599998474,0.04864992946386337,0.04864992946386337,0.03586484491825104,0.4511239230632782,0.0008813027580744632
277,0.0024412133498117328,0.0024412133498117328,0.39717985689640045,0.04697242006659508,0.04697242006659508,0.035593096166849136,0.44927865266799927,0.0008804791655372085
278,0.0024509619688615203,0.0024509619688615203,0.39472001791000366,0.047262273728847504,0.047262273728847504,0.03570796176791191,0.45070880651474,0.0008796531365855559
279,0.0024211446288973093,0.0024211446288973093,0.3970441222190857,0.04886934906244278,0.04886934906244278,0.035716697573661804,0.4508399963378906,0.0008788246768810155
280,0.0024551692185923457,0.0024551692185923457,0.396621435880661,0.046641286462545395,0.046641286462545395,0.03567028045654297,0.4503566026687622,0.0008779937921017574
281,0.0024682048242539167,0.0024682048242539167,0.3987366855144501,0.04734666272997856,0.04734666272997856,0.036025580018758774,0.4526596665382385,0.0008771604879425725
282,0.002381780417636037,0.002381780417636037,0.39549408853054047,0.04965527728199959,0.04965527728199959,0.034936822950839996,0.44694361090660095,0.0008763247701148346
283,0.00251643022056669,0.00251643022056669,0.39411506056785583,0.0471198745071888,0.0471198745071888,0.03653464838862419,0.4560362696647644,0.00087548664434646
284,0.002541673486120999,0.002541673486120999,0.4006381332874298,0.04578033462166786,0.04578033462166786,0.03586840257048607,0.45171958208084106,0.0008746461163818687
285,0.0024719409993849695,0.0024719409993849695,0.3955729901790619,0.0493803508579731,0.0493803508579731,0.03486797213554382,0.4466416835784912,0.0008738031919819456
286,0.0024874297669157386,0.0024874297669157386,0.3946744352579117,0.047312840819358826,0.047312840819358826,0.036238811910152435,0.4556606411933899,0.0008729578769239999
287,0.002513148356229067,0.002513148356229067,0.3981032371520996,0.045647550374269485,0.045647550374269485,0.035343948751688004,0.4495992064476013,0.0008721101770017265
288,0.002466740144882351,0.002466740144882351,0.3934718370437622,0.050117604434490204,0.050117604434490204,0.03509002923965454,0.449362576007843,0.0008712600980251656
289,0.0025498976465314627,0.0025498976465314627,0.39810115098953247,0.04725301265716553,0.04725301265716553,0.0359371080994606,0.4534143805503845,0.0008704076458206632
290,0.002558432170189917,0.002558432170189917,0.3955043852329254,0.045796070247888565,0.045796070247888565,0.03480999171733856,0.4457680284976959,0.0008695528262308317
291,0.002430041437037289,0.002430041437037289,0.391130656003952,0.049279049038887024,0.049279049038887024,0.035847608000040054,0.4528229534626007,0.0008686956451145084
292,0.0025103851221501827,0.0025103851221501827,0.3994014412164688,0.04687390848994255,0.04687390848994255,0.03530718386173248,0.44902557134628296,0.0008678361083467171
293,0.0024101933231577277,0.0024101933231577277,0.39228594303131104,0.04547053575515747,0.04547053575515747,0.035042352974414825,0.4473434090614319,0.0008669742218186262
294,0.002313356613740325,0.002313356613740325,0.39142733812332153,0.04888788238167763,0.04888788238167763,0.0358625166118145,0.452669620513916,0.0008661099914375098
295,0.0024479656713083386,0.0024479656713083386,0.3958687484264374,0.0466582253575325,0.0466582253575325,0.034947749227285385,0.4464835524559021,0.0008652434231267059
296,0.0023406159598380327,0.0023406159598380327,0.3904518485069275,0.045123979449272156,0.045123979449272156,0.03536378964781761,0.44950008392333984,0.0008643745228255767
297,0.0023743940982967615,0.0023743940982967615,0.3935009837150574,0.0500282384455204,0.0500282384455204,0.03575936332345009,0.4536954164505005,0.0008635032964894676
298,0.0024410426849499345,0.0024410426849499345,0.39438535273075104,0.047263339161872864,0.047263339161872864,0.03458624705672264,0.445488840341568,0.0008626297500896666
299,0.002402319456450641,0.002402319456450641,0.3894933611154556,0.04577324166893959,0.04577324166893959,0.035895004868507385,0.4530175030231476,0.0008617538896133625
300,0.0023514735512435436,0.0023514735512435436,0.39519307017326355,0.048555172979831696,0.048555172979831696,0.03602505475282669,0.45374253392219543,0.0008608757210636052
301,0.002338325895834714,0.002338325895834714,0.39303286373615265,0.047433607280254364,0.047433607280254364,0.0346565917134285,0.4462212026119232,0.0008599952504592636
302,0.0023291410179808736,0.0023291410179808736,0.3895196318626404,0.04665103554725647,0.04665103554725647,0.03601739555597305,0.45401158928871155,0.0008591124838349845
303,0.0023211727966554463,0.0023211727966554463,0.39694011211395264,0.04714442789554596,0.04714442789554596,0.03601445257663727,0.45371097326278687,0.0008582274272411517
304,0.002222734736278653,0.002222734736278653,0.3945034593343735,0.04845796525478363,0.04845796525478363,0.03417447209358215,0.44401049613952637,0.0008573400867438438
305,0.0024186251685023308,0.0024186251685023308,0.3907197117805481,0.04742300510406494,0.04742300510406494,0.035678207874298096,0.45217421650886536,0.0008564504684247932
306,0.002486204437445849,0.002486204437445849,0.39655347168445587,0.04613087326288223,0.04613087326288223,0.036120980978012085,0.45428889989852905,0.0008555585783813443
307,0.002241232374217361,0.002241232374217361,0.3952007591724396,0.04805910959839821,0.04805910959839821,0.03467104956507683,0.4482688903808594,0.0008546644227264119
308,0.002480487688444555,0.002480487688444555,0.39488303661346436,0.046891991049051285,0.046891991049051285,0.03646891191601753,0.456298828125,0.0008537680075884382
309,0.0023813940351828933,0.0023813940351828933,0.3985500782728195,0.0458507165312767,0.0458507165312767,0.03589480370283127,0.4532473683357239,0.0008528693391113527
310,0.0021805911092087626,0.0021805911092087626,0.3903805762529373,0.047790419310331345,0.047790419310331345,0.0345144122838974,0.4471936523914337,0.0008519684234545282
311,0.002373765455558896,0.002373765455558896,0.3900044113397598,0.048219725489616394,0.048219725489616394,0.03625892847776413,0.45655694603919983,0.0008510652667927398
312,0.002323458786122501,0.002323458786122501,0.39970535039901733,0.04549651965498924,0.04549651965498924,0.03632574528455734,0.45596083998680115,0.0008501598753161223
313,0.002262561523821205,0.002262561523821205,0.3978720158338547,0.046964917331933975,0.046964917331933975,0.03424450010061264,0.4447040557861328,0.0008492522552301272
314,0.0022808960056863725,0.0022808960056863725,0.39046040177345276,0.04894707724452019,0.04894707724452019,0.034790702164173126,0.4478340744972229,0.0008483424127554811
315,0.0021818364039063454,0.0021818364039063454,0.3916409760713577,0.04647037014365196,0.04647037014365196,0.03610987588763237,0.45503535866737366,0.0008474303541281425
316,0.002306730719283223,0.002306730719283223,0.3926067650318146,0.04499927535653114,0.04499927535653114,0.03469555452466011,0.4457637369632721,0.000846516085599259
317,0.002188415382988751,0.002188415382988751,0.3894423246383667,0.047598328441381454,0.047598328441381454,0.034727372229099274,0.4479602873325348,0.0008455996134351248
318,0.0022418295266106725,0.0022418295266106725,0.39201563596725464,0.04708722606301308,0.04708722606301308,0.0355658158659935,0.452472984790802,0.0008446809439171374
319,0.002095894713420421,0.002095894713420421,0.3911093771457672,0.044751569628715515,0.044751569628715515,0.035217829048633575,0.4499132037162781,0.0008437600833417549
320,0.002153693698346615,0.002153693698346615,0.3890058696269989,0.047036487609148026,0.047036487609148026,0.03504914790391922,0.44912105798721313,0.0008428370380204527
321,0.002096846408676356,0.002096846408676356,0.39154742658138275,0.049413979053497314,0.049413979053497314,0.03512270003557205,0.4500957131385803,0.0008419118142796799
322,0.002079955069348216,0.002079955069348216,0.39246685802936554,0.046337246894836426,0.046337246894836426,0.03507263958454132,0.44783976674079895,0.0008409844184608164
323,0.002083240950014442,0.002083240950014442,0.38835397362709045,0.04578268900513649,0.04578268900513649,0.035229507833719254,0.4488517940044403,0.0008400548569201295
324,0.0020459145307540894,0.0020459145307540894,0.38995371758937836,0.048086658120155334,0.048086658120155334,0.034964654594659805,0.448813796043396,0.0008391231360287296
325,0.0020408487180247903,0.0020408487180247903,0.3909481167793274,0.048092491924762726,0.048092491924762726,0.034572117030620575,0.44653695821762085,0.0008381892621725278
326,0.002007518196478486,0.002007518196478486,0.39041268825531006,0.04622938111424446,0.04622938111424446,0.03499336540699005,0.4478534758090973,0.0008372532417521906
327,0.0020424469839781523,0.0020424469839781523,0.38958221673965454,0.04684709757566452,0.04684709757566452,0.03520582988858223,0.44941675662994385,0.0008363150811830972
328,0.001967896125279367,0.001967896125279367,0.389727920293808,0.0483861118555069,0.0483861118555069,0.03473715856671333,0.44855907559394836,0.0008353747868952953
329,0.0020442212116904557,0.0020442212116904557,0.3914762884378433,0.04649905115365982,0.04649905115365982,0.03492766618728638,0.44859588146209717,0.0008344323653334563
330,0.0019504018127918243,0.0019504018127918243,0.390072301030159,0.045964375138282776,0.045964375138282776,0.035243358463048935,0.45034027099609375,0.0008334878229568325
331,0.0020067773875780404,0.0020067773875780404,0.3891727030277252,0.04751696437597275,0.04751696437597275,0.03482930362224579,0.4482300281524658,0.0008325411662392112
332,0.001974118233192712,0.001974118233192712,0.39054936170578003,0.047581713646650314,0.047581713646650314,0.03473098948597908,0.4477236270904541,0.0008315924016688717
333,0.0019226273288950324,0.0019226273288950324,0.38974396884441376,0.04630528762936592,0.04630528762936592,0.03512659668922424,0.449599027633667,0.0008306415357485403
334,0.0019468774553388357,0.0019468774553388357,0.38869723677635193,0.046782176941633224,0.046782176941633224,0.03508627414703369,0.44931307435035706,0.0008296885749953453
335,0.0019185178098268807,0.0019185178098268807,0.39236316084861755,0.04808761179447174,0.04808761179447174,0.03476683050394058,0.4484454095363617,0.000828733525940773
336,0.0019474771106615663,0.0019474771106615663,0.3911605775356293,0.0470011942088604,0.0470011942088604,0.03501904010772705,0.44937196373939514,0.0008277763951306229
337,0.0019007812952622771,0.0019007812952622771,0.3900795876979828,0.04604068771004677,0.04604068771004677,0.03512224182486534,0.44991475343704224,0.0008268171891249622
338,0.0019120924407616258,0.0019120924407616258,0.3885282129049301,0.04764483496546745,0.04764483496546745,0.0347355417907238,0.44802558422088623,0.0008258559144980815
339,0.001887997263111174,0.001887997263111174,0.3892078846693039,0.048175178468227386,0.048175178468227386,0.03497925400733948,0.4490465521812439,0.0008248925778384496
340,0.0018769835587590933,0.0018769835587590933,0.390209436416626,0.04693390056490898,0.04693390056490898,0.03517460823059082,0.44931721687316895,0.0008239271857486681
341,0.0018935924745164812,0.0018935924745164812,0.3888666480779648,0.046502865850925446,0.046502865850925446,0.034896738827228546,0.44813603162765503,0.0008229597448454262
342,0.0018511366215534508,0.0018511366215534508,0.3880082964897156,0.04791371524333954,0.04791371524333954,0.03476741164922714,0.4487886428833008,0.0008219902617594552
343,0.0018716557533480227,0.0018716557533480227,0.3899178206920624,0.04721158370375633,0.04721158370375633,0.03497736155986786,0.44958436489105225,0.0008210187431354841
344,0.0018407614552415907,0.0018407614552415907,0.3889518529176712,0.04607560858130455,0.04607560858130455,0.035015031695365906,0.4489024877548218,0.0008200451956321928
345,0.0018534510745666921,0.0018534510745666921,0.38755612075328827,0.04745741933584213,0.04745741933584213,0.034979768097400665,0.4488797187805176,0.0008190696259221665
346,0.0018384050927124918,0.0018384050927124918,0.3889480084180832,0.048145685344934464,0.048145685344934464,0.03495888411998749,0.449249267578125,0.000818092040691851
347,0.001836686918977648,0.001836686918977648,0.39006559550762177,0.04648175835609436,0.04648175835609436,0.034997038543224335,0.4490739107131958,0.0008171124466415059
348,0.0018510431400500238,0.0018510431400500238,0.3888491094112396,0.04679952189326286,0.04679952189326286,0.034976691007614136,0.4494633674621582,0.0008161308504851593
349,0.0018292587483301759,0.0018292587483301759,0.38834376633167267,0.04823675379157066,0.04823675379157066,0.03497491776943207,0.4497573971748352,0.0008151472589505611
350,0.0018321994575671852,0.0018321994575671852,0.3880484849214554,0.04689233750104904,0.04689233750104904,0.03481585904955864,0.44829678535461426,0.0008141616787791377
351,0.0018116928986273706,0.0018116928986273706,0.3874254822731018,0.04643069952726364,0.04643069952726364,0.03503068536520004,0.44960683584213257,0.0008131741167259453
352,0.001794475712813437,0.001794475712813437,0.38881394267082214,0.04734494909644127,0.04734494909644127,0.03497256338596344,0.44988811016082764,0.0008121845795596236
353,0.001790438371244818,0.001790438371244818,0.3889526426792145,0.047328390181064606,0.047328390181064606,0.034811727702617645,0.44878217577934265,0.0008111930740623492
354,0.00177732203155756,0.00177732203155756,0.3872761130332947,0.046829499304294586,0.046829499304294586,0.03495495021343231,0.449089914560318,0.0008101996070297903
355,0.0017803509254008532,0.0017803509254008532,0.38717179000377655,0.04721413552761078,0.04721413552761078,0.03491444140672684,0.4491294324398041,0.0008092041852710587
356,0.0017680524033494294,0.0017680524033494294,0.387949600815773,0.04727119579911232,0.04727119579911232,0.03491199016571045,0.44929224252700806,0.0008082068156086631
357,0.0017579620471224189,0.0017579620471224189,0.38728752732276917,0.04680653288960457,0.04680653288960457,0.034820981323719025,0.4486948847770691,0.0008072075048784639
358,0.001757346501108259,0.001757346501108259,0.38674961030483246,0.046630606055259705,0.046630606055259705,0.03489544242620468,0.4491335153579712,0.0008062062599296249
359,0.001750559255015105,0.001750559255015105,0.38785672187805176,0.0473107248544693,0.0473107248544693,0.034862011671066284,0.4491465091705322,0.0008052030876245668
360,0.001745360263157636,0.001745360263157636,0.3876338452100754,0.04710971936583519,0.04710971936583519,0.03472360596060753,0.4482201933860779,0.0008041979948389203
361,0.001737533078994602,0.001737533078994602,0.3856479674577713,0.04684234783053398,0.04684234783053398,0.034957751631736755,0.44925010204315186,0.0008031909884614789
362,0.0017351910937577486,0.0017351910937577486,0.38670413196086884,0.04751696065068245,0.04751696065068245,0.03492346405982971,0.4492452144622803,0.0008021820753941513
363,0.0017284418572671711,0.0017284418572671711,0.3879784643650055,0.047386232763528824,0.047386232763528824,0.03476373851299286,0.44841498136520386,0.000801171262551915
364,0.001718012848868966,0.001718012848868966,0.38689568638801575,0.04669199883937836,0.04669199883937836,0.034880947321653366,0.4489879310131073,0.000800158556862768
365,0.0017222605529241264,0.0017222605529241264,0.3862074613571167,0.046947892755270004,0.046947892755270004,0.034909822046756744,0.44937923550605774,0.0007991439652676816
366,0.001707016082946211,0.001707016082946211,0.38581468164920807,0.04710131138563156,0.04710131138563156,0.03475081920623779,0.4486907422542572,0.000798127494720553
367,0.0017102219280786812,0.0017102219280786812,0.3865693360567093,0.047130972146987915,0.047130972146987915,0.034923478960990906,0.4494699537754059,0.0007971091521881574
368,0.0017058468656614423,0.0017058468656614423,0.3873205780982971,0.046667423099279404,0.046667423099279404,0.034944161772727966,0.4492834806442261,0.0007960889446501008
369,0.0016962286899797618,0.0016962286899797618,0.3861284852027893,0.04735802486538887,0.04735802486538887,0.034700021147727966,0.44866278767585754,0.000795066879098771
370,0.0016948413685895503,0.0016948413685895503,0.38561953604221344,0.04728526622056961,0.04728526622056961,0.0348738357424736,0.44955992698669434,0.0007940429625392913
371,0.0016824648482725024,0.0016824648482725024,0.3856179714202881,0.04685352370142937,0.04685352370142937,0.03481969237327576,0.4489421248435974,0.000793017201989471
372,0.0016775307012721896,0.0016775307012721896,0.38543932139873505,0.046980198472738266,0.046980198472738266,0.034774862229824066,0.44864603877067566,0.0007919896044797579
373,0.0016688357864040881,0.0016688357864040881,0.38612332940101624,0.04724596440792084,0.04724596440792084,0.03487740457057953,0.44935789704322815,0.0007909601770531903
374,0.001670954516157508,0.001670954516157508,0.3864719718694687,0.04689108207821846,0.04689108207821846,0.03474310040473938,0.4484342038631439,0.0007899289267653487
375,0.0016679948312230408,0.0016679948312230408,0.3853885978460312,0.04667754843831062,0.04667754843831062,0.034792058169841766,0.4489768147468567,0.0007888958606843069
376,0.0016546224942430854,0.0016546224942430854,0.38464073836803436,0.04703681170940399,0.04703681170940399,0.03481435775756836,0.449291467666626,0.0007878609858905844
377,0.0016566875856369734,0.0016566875856369734,0.38570576906204224,0.04682689532637596,0.04682689532637596,0.034691959619522095,0.44846123456954956,0.0007868243094770969
378,0.00165069370996207,0.00165069370996207,0.38539600372314453,0.04671313613653183,0.04671313613653183,0.03473865985870361,0.44842100143432617,0.0007857858385491085
379,0.0016471946728415787,0.0016471946728415787,0.3847584128379822,0.04728852957487106,0.04728852957487106,0.034852880984544754,0.4494682848453522,0.0007847455802241828
380,0.001642137358430773,0.001642137358430773,0.38521963357925415,0.04725027456879616,0.04725027456879616,0.034742288291454315,0.44896119832992554,0.0007837035416321337
381,0.0016439167084172368,0.0016439167084172368,0.38430406153202057,0.04653574898838997,0.04653574898838997,0.034676119685173035,0.44847095012664795,0.0007826597299149774
382,0.0016301413415931165,0.0016301413415931165,0.3836391568183899,0.046874046325683594,0.046874046325683594,0.03496358543634415,0.45026683807373047,0.0007816141522268821
383,0.0016288962797261775,0.0016288962797261775,0.3851899802684784,0.04701286181807518,0.04701286181807518,0.03479078412055969,0.4493473768234253,0.0007805668157341204
384,0.0016253373469226062,0.0016253373469226062,0.3844231218099594,0.046654440462589264,0.046654440462589264,0.03468123823404312,0.4485580325126648,0.0007795177276150193
385,0.0016170862945728004,0.0016170862945728004,0.38408637046813965,0.046838972717523575,0.046838972717523575,0.03489242121577263,0.4497774541378021,0.0007784668950599113
386,0.001613281317986548,0.001613281317986548,0.38494543731212616,0.04709576442837715,0.04709576442837715,0.034690991044044495,0.4488062262535095,0.0007774143252710853
387,0.001616725407075137,0.001616725407075137,0.384265661239624,0.046622976660728455,0.046622976660728455,0.03461085632443428,0.44810083508491516,0.0007763600254627364
388,0.0016106946277432144,0.0016106946277432144,0.38310956954956055,0.04688628762960434,0.04688628762960434,0.034797511994838715,0.44926559925079346,0.0007753040028609179
389,0.0015972446417436004,0.0015972446417436004,0.38292115926742554,0.04694733768701553,0.04694733768701553,0.03449303284287453,0.447634220123291,0.00077424626470349
390,0.0016075861640274525,0.0016075861640274525,0.3834182918071747,0.047028712928295135,0.047028712928295135,0.034710727632045746,0.448748916387558,0.0007731868182400717
391,0.0015926468186080456,0.0015926468186080456,0.3850470185279846,0.04702574014663696,0.04702574014663696,0.03495759516954422,0.45006173849105835,0.0007721256707319907
392,0.0015973461559042335,0.0015973461559042335,0.3839169889688492,0.04687970504164696,0.04687970504164696,0.034507859498262405,0.4475976824760437,0.0007710628294522329
393,0.001600367366336286,0.001600367366336286,0.38261009752750397,0.04695040360093117,0.04695040360093117,0.034586235880851746,0.4481988549232483,0.0007699983016853936
394,0.0015983813791535795,0.0015983813791535795,0.3827730119228363,0.0467129722237587,0.0467129722237587,0.03491203859448433,0.4501158595085144,0.000768932094727627
395,0.001583661010954529,0.001583661010954529,0.38325096666812897,0.04634949937462807,0.04634949937462807,0.03457631915807724,0.44829970598220825,0.0007678642158865958
396,0.0015811024350114167,0.0015811024350114167,0.38285572826862335,0.04670804366469383,0.04670804366469383,0.03491801768541336,0.4499891400337219,0.0007667946724814224
397,0.001574602269101888,0.001574602269101888,0.38358503580093384,0.04679316282272339,0.04679316282272339,0.03476356714963913,0.44925838708877563,0.0007657234718426375
398,0.0015592318959534168,0.0015592318959534168,0.38175059854984283,0.04678882285952568,0.04678882285952568,0.03450474143028259,0.44788414239883423,0.0007646506213121302
399,0.001561334473080933,0.001561334473080933,0.38159096240997314,0.046972401440143585,0.046972401440143585,0.034760575741529465,0.4492330253124237,0.0007635761282430981
400,0.0015582735650241375,0.0015582735650241375,0.38263167440891266,0.04659479856491089,0.04659479856491089,0.034768130630254745,0.4491938352584839,0.0007624999999999961
401,0.0015495065599679947,0.0015495065599679947,0.3815770447254181,0.04650263860821724,0.04650263860821724,0.03445833921432495,0.4476919174194336,0.000761422243958487
402,0.0015502441674470901,0.0015502441674470901,0.38211047649383545,0.04662182927131653,0.04662182927131653,0.034742116928100586,0.4494492709636688,0.0007603428675053898
403,0.001542536774650216,0.001542536774650216,0.3825443536043167,0.04644692689180374,0.04644692689180374,0.034715838730335236,0.4491432011127472,0.0007592618780386299
404,0.0015314712654799223,0.0015314712654799223,0.3815813660621643,0.04644755274057388,0.04644755274057388,0.034508101642131805,0.4480202794075012,0.0007581792829671881
405,0.0015331812901422381,0.0015331812901422381,0.3812864124774933,0.04670301079750061,0.04670301079750061,0.034677498042583466,0.4489809274673462,0.0007570950897110498
406,0.0015271759475581348,0.0015271759475581348,0.3819313645362854,0.04683778062462807,0.04683778062462807,0.0346553698182106,0.44878530502319336,0.0007560093057011541
407,0.0015247074188664556,0.0015247074188664556,0.3818822652101517,0.046605031937360764,0.046605031937360764,0.03453294560313225,0.4478481411933899,0.0007549219383793432
408,0.001528938242699951,0.001528938242699951,0.3806893229484558,0.0468076691031456,0.0468076691031456,0.034747619181871414,0.44926977157592773,0.0007538329951983108
409,0.0015189221012406051,0.0015189221012406051,0.38113754987716675,0.04702198877930641,0.04702198877930641,0.03459801524877548,0.44909390807151794,0.0007527424836215516
410,0.0015343325794674456,0.0015343325794674456,0.3817002773284912,0.046476103365421295,0.046476103365421295,0.0345589704811573,0.448299765586853,0.0007516504111233101
411,0.0015142838819883764,0.0015142838819883764,0.3806212842464447,0.04628199338912964,0.04628199338912964,0.0348488986492157,0.4496214687824249,0.0007505567851885283
412,0.001531622838228941,0.001531622838228941,0.381142795085907,0.04670945182442665,0.04670945182442665,0.03452535718679428,0.4482811689376831,0.0007494616133127967
413,0.0015205382951535285,0.0015205382951535285,0.3810083866119385,0.046822596341371536,0.046822596341371536,0.03444501757621765,0.4480147957801819,0.0007483649030023002
414,0.00150872248923406,0.00150872248923406,0.38122060894966125,0.04617124795913696,0.04617124795913696,0.03482215106487274,0.4496777057647705,0.0007472666617737685
415,0.0015171565464697778,0.0015171565464697778,0.3808026611804962,0.04643826559185982,0.04643826559185982,0.034361012279987335,0.4475289583206177,0.000746166897154424
416,0.0015074334805831313,0.0015074334805831313,0.3800920844078064,0.04691086709499359,0.04691086709499359,0.03446042537689209,0.4482809901237488,0.0007450656166819305
417,0.00150282186223194,0.00150282186223194,0.3798053562641144,0.046419695019721985,0.046419695019721985,0.03471340984106064,0.4493888020515442,0.0007439628279043408
418,0.001489953778218478,0.001489953778218478,0.37958188354969025,0.04568236693739891,0.04568236693739891,0.03465238958597183,0.4486616551876068,0.0007428585383800457
419,0.0015107403742149472,0.0015107403742149472,0.38032354414463043,0.04659319669008255,0.04659319669008255,0.03463999181985855,0.4491288661956787,0.0007417527556777223
420,0.001500682788901031,0.001500682788901031,0.3818437159061432,0.04690950736403465,0.04690950736403465,0.03457638993859291,0.44877249002456665,0.0007406454873762809
421,0.001482591440435499,0.001482591440435499,0.3795941025018692,0.046018633991479874,0.046018633991479874,0.034486960619688034,0.4478698968887329,0.0007395367410648148
422,0.001489657734055072,0.001489657734055072,0.3772883266210556,0.04649551957845688,0.04649551957845688,0.03457500785589218,0.44861987233161926,0.000738426524342547
423,0.001470982562750578,0.001470982562750578,0.3795512616634369,0.047156643122434616,0.047156643122434616,0.03454158455133438,0.4489651918411255,0.0007373148448187787
424,0.0015028240159153938,0.0015028240159153938,0.3816051185131073,0.04600975289940834,0.04600975289940834,0.03455105796456337,0.44810324907302856,0.0007362017101128366
425,0.0014799159253016114,0.0014799159253016114,0.37888069450855255,0.04567776620388031,0.04567776620388031,0.03463517129421234,0.4483937621116638,0.0007350871278540218
426,0.0015060441801324487,0.0015060441801324487,0.3771122395992279,0.046914808452129364,0.046914808452129364,0.034558895975351334,0.4485401213169098,0.0007339711056815558
427,0.0014864695258438587,0.0014864695258438587,0.37883612513542175,0.04699598625302315,0.04699598625302315,0.03433656692504883,0.44790202379226685,0.0007328536512445299
428,0.0014941157423891127,0.0014941157423891127,0.38009877502918243,0.04572746902704239,0.04572746902704239,0.03448254615068436,0.44771742820739746,0.0007317347722018518
429,0.0014803757658228278,0.0014803757658228278,0.3783543258905411,0.04597095027565956,0.04597095027565956,0.034774184226989746,0.4495740830898285,0.0007306144762221927
430,0.0014936287188902497,0.0014936287188902497,0.3779129981994629,0.04677606746554375,0.04677606746554375,0.034440718591213226,0.4480018615722656,0.0007294927709839364
431,0.0014697721635457128,0.0014697721635457128,0.37868632376194,0.0462980717420578,0.0462980717420578,0.03439430892467499,0.447563111782074,0.0007283696641751246
432,0.001471217954531312,0.001471217954531312,0.37852317094802856,0.04613308981060982,0.04613308981060982,0.03457910567522049,0.4486345648765564,0.0007272451634934057
433,0.0014623390161432326,0.0014623390161432326,0.3780689835548401,0.046516697853803635,0.046516697853803635,0.03442714363336563,0.44815003871917725,0.0007261192766459815
434,0.0014612925588153303,0.0014612925588153303,0.3780692219734192,0.04592107608914375,0.04592107608914375,0.034460075199604034,0.44777077436447144,0.0007249920113495545
435,0.0014897914952598512,0.0014897914952598512,0.37806472182273865,0.04583727568387985,0.04583727568387985,0.03475081920623779,0.44942933320999146,0.0007238633753302745
436,0.0014696213183924556,0.0014696213183924556,0.3779526799917221,0.04647890850901604,0.04647890850901604,0.034297190606594086,0.4476171135902405,0.0007227333763236868
437,0.0014587040059268475,0.0014587040059268475,0.3773920387029648,0.046688225120306015,0.046688225120306015,0.034173499792814255,0.447081983089447,0.0007216020220746778
438,0.0014710758696310222,0.0014710758696310222,0.37805116176605225,0.04571803659200668,0.04571803659200668,0.03478548303246498,0.44966161251068115,0.0007204693203374228
439,0.0014626716438215226,0.0014626716438215226,0.3776637464761734,0.04577329382300377,0.04577329382300377,0.03439575061202049,0.44749167561531067,0.000719335278875333
440,0.0014616510597988963,0.0014616510597988963,0.3775867819786072,0.0468217208981514,0.0468217208981514,0.03432874009013176,0.4478003680706024,0.0007181999054610013
441,0.0014603135641664267,0.0014603135641664267,0.3778587281703949,0.04598378762602806,0.04598378762602806,0.03476738929748535,0.4497360289096832,0.0007170632078761502
442,0.0014402212691493332,0.0014402212691493332,0.3764953911304474,0.04518621787428856,0.04518621787428856,0.03436810523271561,0.447320818901062,0.0007159251939115774
443,0.0014505317667499185,0.0014505317667499185,0.375643253326416,0.04620382562279701,0.04620382562279701,0.03449918329715729,0.44869518280029297,0.0007147858713671033
444,0.0014274745481088758,0.0014274745481088758,0.37729525566101074,0.04667450487613678,0.04667450487613678,0.03459044545888901,0.44894230365753174,0.000713645248051517
445,0.0014154543168842793,0.0014154543168842793,0.37717482447624207,0.046179529279470444,0.046179529279470444,0.03431571274995804,0.44688206911087036,0.0007125033317825232
446,0.0014191530644893646,0.0014191530644893646,0.37559813261032104,0.04613193869590759,0.04613193869590759,0.03443467617034912,0.4478730857372284,0.0007113601303866878
447,0.0014061107067391276,0.0014061107067391276,0.376609742641449,0.046388473361730576,0.046388473361730576,0.03435607999563217,0.448080837726593,0.0007102156516993857
448,0.0014131594798527658,0.0014131594798527658,0.3771688938140869,0.04541276395320892,0.04541276395320892,0.03433985263109207,0.447327196598053,0.000709069903564745
449,0.0014038912486284971,0.0014038912486284971,0.3757613003253937,0.04573700949549675,0.04573700949549675,0.03452865779399872,0.4483966529369354,0.0007079228938355956
450,0.0013992813182994723,0.0013992813182994723,0.3764341324567795,0.04637385532259941,0.04637385532259941,0.03440039977431297,0.44813355803489685,0.0007067746303734138
451,0.001392971636960283,0.001392971636960283,0.37659452855587006,0.04588080570101738,0.04588080570101738,0.03426308184862137,0.44697490334510803,0.0007056251210482685
452,0.001389212382491678,0.001389212382491678,0.37494684755802155,0.045627009123563766,0.045627009123563766,0.0345146507024765,0.4480721950531006,0.0007044743737387681
453,0.0013884339132346213,0.0013884339132346213,0.3749423921108246,0.04656703770160675,0.04656703770160675,0.03431915491819382,0.4476526379585266,0.0007033223963320057
454,0.0013844631612300873,0.0013844631612300873,0.37720151245594025,0.046527814120054245,0.046527814120054245,0.03416086733341217,0.44698572158813477,0.0007021691967235054
455,0.0013801692402921617,0.0013801692402921617,0.37631532549858093,0.04575856029987335,0.04575856029987335,0.03456670790910721,0.44853389263153076,0.0007010147828171683
456,0.001385238312650472,0.001385238312650472,0.3751213848590851,0.04585804045200348,0.04585804045200348,0.03442857414484024,0.4479476511478424,0.0006998591625252183
457,0.0013667831663042307,0.0013667831663042307,0.3754638135433197,0.04620008543133736,0.04620008543133736,0.034285515546798706,0.4476814270019531,0.0006987023437681469
458,0.0013698298134841025,0.0013698298134841025,0.37570685148239136,0.04615969583392143,0.04615969583392143,0.03458017855882645,0.448922336101532,0.0006975443344746609
459,0.0013697895337827504,0.0013697895337827504,0.37525658309459686,0.04588576778769493,0.04588576778769493,0.034376952797174454,0.4475038945674896,0.000696385142581626
460,0.0013586449204012752,0.0013586449204012752,0.3743361830711365,0.04633114114403725,0.04633114114403725,0.03423760086297989,0.4471980929374695,0.0006952247760340137
461,0.0013585881097242236,0.0013585881097242236,0.37475334107875824,0.04636487364768982,0.04636487364768982,0.03434678539633751,0.4479081928730011,0.0006940632427848466
462,0.00135398271959275,0.00135398271959275,0.37462808191776276,0.04574128985404968,0.04574128985404968,0.03437843546271324,0.44782012701034546,0.0006929005507951433
463,0.00134915707167238,0.00134915707167238,0.37452802062034607,0.04590941593050957,0.04590941593050957,0.034351132810115814,0.4476802349090576,0.0006917367080338646
464,0.0013462135975714773,0.0013462135975714773,0.3749411106109619,0.04612916335463524,0.04612916335463524,0.03430674597620964,0.4475649893283844,0.0006905717224778584
465,0.0013412676053121686,0.0013412676053121686,0.37447328865528107,0.046055011451244354,0.046055011451244354,0.03432033210992813,0.4474640190601349,0.0006894056021118053
466,0.0013429407845251262,0.0013429407845251262,0.3737555891275406,0.04609270021319389,0.04609270021319389,0.03436162322759628,0.447660356760025,0.0006882383549281639
467,0.0013415770954452455,0.0013415770954452455,0.37429654598236084,0.04622101038694382,0.04622101038694382,0.03439178317785263,0.448012113571167,0.0006870699889271154
468,0.0013339089346118271,0.0013339089346118271,0.3743008077144623,0.04587240889668465,0.04587240889668465,0.034333016723394394,0.4477308392524719,0.0006859005121165097
469,0.0013376286369748414,0.0013376286369748414,0.3740478903055191,0.04566890373826027,0.04566890373826027,0.034354448318481445,0.44789522886276245,0.0006847299325118098
470,0.0013294816017150879,0.0013294816017150879,0.37349778413772583,0.046098917722702026,0.046098917722702026,0.03439278528094292,0.4482201337814331,0.0006835582581360373
471,0.001326575642451644,0.001326575642451644,0.3734544664621353,0.04599246755242348,0.04599246755242348,0.03436146676540375,0.44779884815216064,0.0006823854970197172
472,0.00132637721253559,0.00132637721253559,0.3735288828611374,0.04594087973237038,0.04594087973237038,0.03438448905944824,0.44779497385025024,0.0006812116572008231
473,0.0013197907828725874,0.0013197907828725874,0.3738003820180893,0.046087414026260376,0.046087414026260376,0.034401170909404755,0.44813573360443115,0.0006800367467247214
474,0.0013188898446969688,0.0013188898446969688,0.3735464960336685,0.04606684297323227,0.04606684297323227,0.034277670085430145,0.44758519530296326,0.0006788607736441172
475,0.0013162984978407621,0.0013162984978407621,0.3726099729537964,0.04598814249038696,0.04598814249038696,0.03435957431793213,0.44785797595977783,0.0006776837460189979
476,0.0013172865146771073,0.0013172865146771073,0.37277233600616455,0.04603652283549309,0.04603652283549309,0.03433825075626373,0.4476800858974457,0.0006765056719165794
477,0.001310038089286536,0.001310038089286536,0.3733426630496979,0.04616524651646614,0.04616524651646614,0.034283243119716644,0.447468101978302,0.0006753265594112496
478,0.001307387457927689,0.001307387457927689,0.3730989396572113,0.04592396318912506,0.04592396318912506,0.03442995250225067,0.448153018951416,0.0006741464165845136
479,0.00130779342725873,0.00130779342725873,0.37265293300151825,0.045913804322481155,0.045913804322481155,0.034275688230991364,0.4474973678588867,0.0006729652515249381
480,0.0013031457201577723,0.0013031457201577723,0.37234488129615784,0.046057138592004776,0.046057138592004776,0.034267768263816833,0.44753608107566833,0.0006717830723280962
481,0.0013013036223128438,0.0013013036223128438,0.37246108055114746,0.04610971361398697,0.04610971361398697,0.034311290830373764,0.44747522473335266,0.0006705998870965119
482,0.0013037108001299202,0.0013037108001299202,0.3724118322134018,0.04586825147271156,0.04586825147271156,0.03433619439601898,0.44749683141708374,0.0006694157039396041
483,0.0012968825176358223,0.0012968825176358223,0.3725907951593399,0.045928310602903366,0.045928310602903366,0.03428986668586731,0.44761186838150024,0.0006682305309736318
484,0.0012943741749040782,0.0012943741749040782,0.3720756769180298,0.04597608745098114,0.04597608745098114,0.03433620184659958,0.447864294052124,0.0006670443763216375
485,0.0012955497950315475,0.0012955497950315475,0.3712399899959564,0.04584812372922897,0.04584812372922897,0.03430750221014023,0.4475463032722473,0.0006658572481133926
486,0.0012886085896752775,0.0012886085896752775,0.371823713183403,0.0460185743868351,0.0460185743868351,0.03431941568851471,0.44751906394958496,0.0006646691544853408
487,0.0012878325651399791,0.0012878325651399791,0.3725922703742981,0.04607480391860008,0.04607480391860008,0.03434433788061142,0.4478028118610382,0.0006634801035805428
488,0.001289047475438565,0.001289047475438565,0.3717881292104721,0.04607789218425751,0.04607789218425751,0.034314654767513275,0.4477747082710266,0.0006622901035486204
489,0.001284819416468963,0.001284819416468963,0.37134523689746857,0.04592430591583252,0.04592430591583252,0.03437834978103638,0.4480501413345337,0.0006610991625457006
490,0.0012843839940614998,0.0012843839940614998,0.37123551964759827,0.04594928398728371,0.04594928398728371,0.03418917953968048,0.4469819664955139,0.0006599072887343597
491,0.001279155840165913,0.001279155840165913,0.371059387922287,0.04601115733385086,0.04601115733385086,0.0344197154045105,0.4481712281703949,0.0006587144902835672
492,0.001277840172406286,0.001277840172406286,0.3709690421819687,0.046019867062568665,0.046019867062568665,0.03426758572459221,0.4473855495452881,0.0006575207753686304
493,0.0012754397466778755,0.0012754397466778755,0.371512770652771,0.04597669094800949,0.04597669094800949,0.03423042222857475,0.44704288244247437,0.0006563261521711373
494,0.0012713332544080913,0.0012713332544080913,0.3716212511062622,0.046133581548929214,0.046133581548929214,0.034323446452617645,0.4476029574871063,0.0006551306288789019
495,0.0012693272437900305,0.0012693272437900305,0.3706687092781067,0.04600858315825462,0.04600858315825462,0.034174371510744095,0.4468495547771454,0.0006539342136859066
496,0.0012702714884653687,0.0012702714884653687,0.37021321058273315,0.04590620473027229,0.04590620473027229,0.03427460044622421,0.4473308324813843,0.0006527369147922476
497,0.001266474078875035,0.001266474078875035,0.3712330460548401,0.04608482867479324,0.04608482867479324,0.03432738035917282,0.44770440459251404,0.0006515387404040772
498,0.0012603438226506114,0.0012603438226506114,0.37101371586322784,0.04614894464612007,0.04614894464612007,0.0341169610619545,0.44668734073638916,0.0006503396987335486
499,0.0012631882273126394,0.0012631882273126394,0.37016262114048004,0.04589572176337242,0.04589572176337242,0.03428136557340622,0.44730547070503235,0.0006491397979987589
500,0.0012590212863869965,0.0012590212863869965,0.37044940888881683,0.04579600691795349,0.04579600691795349,0.034395284950733185,0.4478699564933777,0.0006479390464236939
501,0.0012561832263600081,0.0012561832263600081,0.3707076609134674,0.04606587812304497,0.04606587812304497,0.03420141711831093,0.44732382893562317,0.0006467374522381699
502,0.0012558219023048878,0.0012558219023048878,0.37015436589717865,0.046035632491111755,0.046035632491111755,0.03421933948993683,0.4473174512386322,0.0006455350236777791
503,0.0012527897488325834,0.0012527897488325834,0.37020155787467957,0.04584607481956482,0.04584607481956482,0.03431079536676407,0.44737404584884644,0.0006443317689838323
504,0.0012623576913028955,0.0012623576913028955,0.3698928505182266,0.04598603397607803,0.04598603397607803,0.03419911116361618,0.44698649644851685,0.0006431276964033024
505,0.0012508580111898482,0.0012508580111898482,0.3701637238264084,0.04609968140721321,0.04609968140721321,0.03431837633252144,0.4480021297931671,0.0006419228141887682
506,0.0012537462753243744,0.0012537462753243744,0.36930839717388153,0.04592636972665787,0.04592636972665787,0.03412787616252899,0.4467563033103943,0.0006407171305983572
507,0.0012512763496488333,0.0012512763496488333,0.36905455589294434,0.04596667364239693,0.04596667364239693,0.03430788218975067,0.44760990142822266,0.0006395106538956899
508,0.0012614715669769794,0.0012614715669769794,0.3701019287109375,0.04611947387456894,0.04611947387456894,0.03433113545179367,0.4478433132171631,0.0006383033923498224
509,0.0012590349651873112,0.0012590349651873112,0.3701632022857666,0.04580151289701462,0.04580151289701462,0.03411220759153366,0.4465509057044983,0.0006370953542351904
510,0.0012568552047014236,0.0012568552047014236,0.36880435049533844,0.04589954763650894,0.04589954763650894,0.034236494451761246,0.44725799560546875,0.0006358865478315516
511,0.0012467418855521828,0.0012467418855521828,0.36879733204841614,0.04590236023068428,0.04590236023068428,0.03419976308941841,0.44725650548934937,0.00063467698142393
512,0.0012418768601492047,0.0012418768601492047,0.36946241557598114,0.04583968222141266,0.04583968222141266,0.03418707102537155,0.4471377730369568,0.0006334666633025581
513,0.0012422289000824094,0.0012422289000824094,0.3691657781600952,0.04586901515722275,0.04586901515722275,0.03433594852685928,0.4476584792137146,0.0006322556017628209
514,0.0012456811091396958,0.0012456811091396958,0.36907394230365753,0.04597051814198494,0.04597051814198494,0.03420323133468628,0.44703730940818787,0.0006310438051051985
515,0.0012535098940134048,0.0012535098940134048,0.3688482791185379,0.04603332281112671,0.04603332281112671,0.03412916511297226,0.44690579175949097,0.0006298312816352096
516,0.001259402430150658,0.001259402430150658,0.3686203062534332,0.04577134922146797,0.04577134922146797,0.03426589071750641,0.4474278688430786,0.0006286180396633544
517,0.001246051280759275,0.001246051280759275,0.3684524595737457,0.04570433869957924,0.04570433869957924,0.034202441573143005,0.4470268189907074,0.0006274040875050573
518,0.0012637460604310036,0.0012637460604310036,0.36907488107681274,0.04602925851941109,0.04602925851941109,0.034186720848083496,0.44709011912345886,0.0006261894334806104
519,0.0012462345184758306,0.0012462345184758306,0.3691934049129486,0.04591953754425049,0.04591953754425049,0.034224942326545715,0.4471326172351837,0.0006249740859151167
520,0.001237936899997294,0.001237936899997294,0.36780141294002533,0.0457596592605114,0.0457596592605114,0.03419182449579239,0.4469221234321594,0.0006237580531384323
521,0.0012403808068484068,0.0012403808068484068,0.3673727959394455,0.045933619141578674,0.045933619141578674,0.034300535917282104,0.447691947221756,0.0006225413434851095
522,0.0012318396475166082,0.0012318396475166082,0.36848972737789154,0.04602350667119026,0.04602350667119026,0.0341259241104126,0.4468597173690796,0.00062132396529434
523,0.0012349339085631073,0.0012349339085631073,0.3685458302497864,0.04573480412364006,0.04573480412364006,0.0343191921710968,0.4473932981491089,0.0006201059269098977
524,0.0012276458437554538,0.0012276458437554538,0.36824673414230347,0.04594331607222557,0.04594331607222557,0.03419720008969307,0.4470677971839905,0.0006188872366800814
525,0.001222195802256465,0.001222195802256465,0.3673919141292572,0.046178583055734634,0.046178583055734634,0.03411198407411575,0.4468349814414978,0.0006176679029576576
526,0.0012152947601862252,0.0012152947601862252,0.3674946129322052,0.04570627957582474,0.04570627957582474,0.034333549439907074,0.447485089302063,0.0006164479340998026
527,0.0012185903615318239,0.0012185903615318239,0.3671139031648636,0.04564693197607994,0.04564693197607994,0.03426385298371315,0.44714629650115967,0.0006152273384680468
528,0.0012083090550731868,0.0012083090550731868,0.36725686490535736,0.04623755067586899,0.04623755067586899,0.03408350050449371,0.4468664526939392,0.0006140061244282158
529,0.00122066808398813,0.00122066808398813,0.3677937537431717,0.04607998579740524,0.04607998579740524,0.03426206111907959,0.44756650924682617,0.0006127843003503739
530,0.001207460998557508,0.001207460998557508,0.3668738603591919,0.045670896768569946,0.045670896768569946,0.03418349847197533,0.44672173261642456,0.0006115618746087666
531,0.001215215859701857,0.001215215859701857,0.3674111068248749,0.045966051518917084,0.045966051518917084,0.03415719419717789,0.4469112157821655,0.0006103388555817632
532,0.001213026000186801,0.001213026000186801,0.36814844608306885,0.04626620188355446,0.04626620188355446,0.03417880833148956,0.44706466794013977,0.0006091152516517988
533,0.0012065975461155176,0.0012065975461155176,0.3665773719549179,0.04566612467169762,0.04566612467169762,0.034268010407686234,0.4470735788345337,0.000607891071205318
534,0.0012103999324608594,0.0012103999324608594,0.3656754344701767,0.045871809124946594,0.045871809124946594,0.03413030505180359,0.44688400626182556,0.0006066663226327162
535,0.0011959377734456211,0.0011959377734456211,0.36733004450798035,0.04635367542505264,0.04635367542505264,0.03412696346640587,0.44719767570495605,0.0006054410143282833
536,0.0011965774465352297,0.0011965774465352297,0.36810994148254395,0.04590156674385071,0.04590156674385071,0.034242309629917145,0.4470856785774231,0.0006042151546901453
537,0.001188825350254774,0.001188825350254774,0.3664368987083435,0.04565984383225441,0.04565984383225441,0.03422205522656441,0.44696617126464844,0.0006029887521202067
538,0.0011961123091168702,0.0011961123091168702,0.3654349744319916,0.04590462148189545,0.04590462148189545,0.03418887406587601,0.44725778698921204,0.0006017618150240934
539,0.0011890691239386797,0.0011890691239386797,0.367069810628891,0.0462099127471447,0.0462099127471447,0.03414341062307358,0.4471933841705322,0.0006005343518110949
540,0.0011893912451341748,0.0011893912451341748,0.3661935329437256,0.04543707147240639,0.04543707147240639,0.034224506467580795,0.4467301368713379,0.0005993063708941065
541,0.0011906122672371566,0.0011906122672371566,0.3658871352672577,0.04592759162187576,0.04592759162187576,0.03416384756565094,0.44682711362838745,0.0005980778806895721
542,0.0011802300286944956,0.0011802300286944956,0.3663838803768158,0.046468041837215424,0.046468041837215424,0.03412458300590515,0.4469327926635742,0.000596848889617426
543,0.0011812904849648476,0.0011812904849648476,0.3661716878414154,0.045734953135252,0.045734953135252,0.03424511477351189,0.4470939636230469,0.0005956194061010353
544,0.0011794219608418643,0.0011794219608418643,0.3649866133928299,0.045553386211395264,0.045553386211395264,0.03425676003098488,0.4472612738609314,0.0005943894385671424
545,0.0011773831793107092,0.0011773831793107092,0.3655624985694885,0.04601728916168213,0.04601728916168213,0.03413695842027664,0.44723600149154663,0.0005931589954458069
546,0.001180654886411503,0.001180654886411503,0.3662145435810089,0.04602137207984924,0.04602137207984924,0.03415756672620773,0.4469720423221588,0.0005919280851703486
547,0.0011736973538063467,0.0011736973538063467,0.3648108243942261,0.0458395779132843,0.0458395779132843,0.03421171382069588,0.44692325592041016,0.0005906967161772884
548,0.001172131218481809,0.001172131218481809,0.3655642420053482,0.045869819819927216,0.045869819819927216,0.03420432657003403,0.44705909490585327,0.0005894648969062915
549,0.001167994923889637,0.001167994923889637,0.3658270388841629,0.045951854437589645,0.045951854437589645,0.034101709723472595,0.44680726528167725,0.0005882326358001093
550,0.0011707245430443436,0.0011707245430443436,0.3648087829351425,0.04582349956035614,0.04582349956035614,0.03408458083868027,0.44653457403182983,0.0005869999413045214
551,0.0011640095035545528,0.0011640095035545528,0.36479099094867706,0.045823585242033005,0.045823585242033005,0.03420879691839218,0.4470304846763611,0.0005857668218682779
552,0.001165017078164965,0.001165017078164965,0.3654291480779648,0.046055443584918976,0.046055443584918976,0.03406377136707306,0.44648271799087524,0.0005845332859430413
553,0.0011628130450844765,0.0011628130450844765,0.3646649569272995,0.04598521068692207,0.04598521068692207,0.034097421914339066,0.4467712938785553,0.0005832993419833289
554,0.0011598693090490997,0.0011598693090490997,0.3647846579551697,0.04581160470843315,0.04581160470843315,0.03421755135059357,0.44716134667396545,0.0005820649984464542
555,0.0011574355303309858,0.0011574355303309858,0.36466002464294434,0.0458722747862339,0.0458722747862339,0.034145791083574295,0.44675856828689575,0.0005808302637924698
556,0.0011590034409891814,0.0011590034409891814,0.3647168278694153,0.04595191404223442,0.04595191404223442,0.034144915640354156,0.4468230605125427,0.0005795951464841086
557,0.0011527171591296792,0.0011527171591296792,0.36515384912490845,0.04595336318016052,0.04595336318016052,0.03413768857717514,0.44685935974121094,0.0005783596549867263
558,0.001155303994892165,0.001155303994892165,0.364542692899704,0.04581388831138611,0.04581388831138611,0.03402822092175484,0.4462900459766388,0.0005771237977682435
559,0.0011517680250108242,0.0011517680250108242,0.3637954890727997,0.04598004370927811,0.04598004370927811,0.034120406955480576,0.44686809182167053,0.000575887583299087
560,0.001149588788393885,0.001149588788393885,0.36432071030139923,0.046008575707674026,0.046008575707674026,0.03414471447467804,0.44680315256118774,0.0005746510200521325
561,0.0011461128015071154,0.0011461128015071154,0.3641103208065033,0.04575807973742485,0.04575807973742485,0.03410644084215164,0.44635364413261414,0.0005734141165026458
562,0.0011487086885608733,0.0011487086885608733,0.36348602175712585,0.04600944370031357,0.04600944370031357,0.03417070209980011,0.44695645570755005,0.0005721768811282256
563,0.0011432949977461249,0.0011432949977461249,0.3643503785133362,0.04601987451314926,0.04601987451314926,0.0340704508125782,0.4466417133808136,0.0005709393224087445
564,0.0011433207837399095,0.0011433207837399095,0.3639814704656601,0.04568734019994736,0.04568734019994736,0.03407509624958038,0.4462604522705078,0.0005697014488262915
565,0.0011410965817049146,0.0011410965817049146,0.3632659614086151,0.04592147842049599,0.04592147842049599,0.03416862338781357,0.44689974188804626,0.0005684632688651133
566,0.0011392749729566276,0.0011392749729566276,0.36385057866573334,0.046191319823265076,0.046191319823265076,0.03409561514854431,0.44679418206214905,0.0005672247910115569
567,0.001136640552431345,0.001136640552431345,0.36376044154167175,0.0458628349006176,0.0458628349006176,0.03411663696169853,0.44664064049720764,0.0005659860237540107
568,0.0011352231085766107,0.0011352231085766107,0.3633708357810974,0.045875757932662964,0.045875757932662964,0.03414887934923172,0.4469262957572937,0.0005647469755828469
569,0.0011329081025905907,0.0011329081025905907,0.3634800910949707,0.04587820544838905,0.04587820544838905,0.034136757254600525,0.44698941707611084,0.000563507654990363
570,0.0011330277193337679,0.0011330277193337679,0.36364902555942535,0.046028170734643936,0.046028170734643936,0.034043509513139725,0.4464457631111145,0.0005622680704707234
571,0.0011293640127405524,0.0011293640127405524,0.3636276125907898,0.04598501697182655,0.04598501697182655,0.034154247492551804,0.4468475580215454,0.0005610282305199017
572,0.0011279762838967144,0.0011279762838967144,0.3636646866798401,0.046010859310626984,0.046010859310626984,0.03402768820524216,0.4462288022041321,0.0005597881436356221
573,0.0011254450073465705,0.0011254450073465705,0.36309614777565,0.04593411087989807,0.04593411087989807,0.034046292304992676,0.4465027153491974,0.0005585478183173013
574,0.0011256102297920734,0.0011256102297920734,0.3624780625104904,0.04577412083745003,0.04577412083745003,0.034114859998226166,0.44670870900154114,0.00055730726306599
575,0.0011230988311581314,0.0011230988311581314,0.3625875413417816,0.04594285041093826,0.04594285041093826,0.0340736098587513,0.44643017649650574,0.0005560664863843152
576,0.0011239261948503554,0.0011239261948503554,0.3634670078754425,0.04602942615747452,0.04602942615747452,0.034092944115400314,0.4465327858924866,0.0005548254967764211
577,0.001122738205594942,0.001122738205594942,0.3629569411277771,0.04589737951755524,0.04589737951755524,0.03419982269406319,0.44708001613616943,0.0005535843027479116
578,0.0011242866748943925,0.0011242866748943925,0.36184345185756683,0.04598576948046684,0.04598576948046684,0.03394225984811783,0.44581690430641174,0.0005523429128057918
579,0.0011213234683964401,0.0011213234683964401,0.3621587008237839,0.04606568440794945,0.04606568440794945,0.034172188490629196,0.44712525606155396,0.000551101335458409
580,0.0011249622039031237,0.0011249622039031237,0.36234715580940247,0.04592892900109291,0.04592892900109291,0.03414108604192734,0.44678181409835815,0.0005498595792153957
581,0.001120308239478618,0.001120308239478618,0.3619448393583298,0.04594802111387253,0.04594802111387253,0.03405630588531494,0.446388840675354,0.0005486176525876099
582,0.0011141871509607881,0.0011141871509607881,0.3622997850179672,0.0459502674639225,0.0459502674639225,0.03427007794380188,0.4475322663784027,0.0005473755640870776
583,0.001114624523324892,0.001114624523324892,0.3625624477863312,0.045860130339860916,0.045860130339860916,0.034072309732437134,0.4463537931442261,0.0005461333222269346
584,0.0011122869327664375,0.0011122869327664375,0.3616552799940109,0.04593973234295845,0.04593973234295845,0.03403526172041893,0.44627851247787476,0.0005448909355213672
585,0.0011108751932624727,0.0011108751932624727,0.3615846633911133,0.04601450636982918,0.04601450636982918,0.03412225842475891,0.4468425214290619,0.0005436484124855549
586,0.0011096723028458655,0.0011096723028458655,0.3614620864391327,0.04590114206075668,0.04590114206075668,0.03397318720817566,0.44581419229507446,0.0005424057616356117
587,0.001109854318201542,0.001109854318201542,0.3616896867752075,0.04598285257816315,0.04598285257816315,0.034140896052122116,0.4467596411705017,0.000541162991488527
588,0.0011074859066866338,0.0011074859066866338,0.36191660165786743,0.04594379663467407,0.04594379663467407,0.03407297655940056,0.4465554356575012,0.0005399201105621082
589,0.0011024667765013874,0.0011024667765013874,0.36131107807159424,0.04589509963989258,0.04589509963989258,0.03394429385662079,0.44590193033218384,0.0005386771273749226
590,0.0011038898956030607,0.0011038898956030607,0.36106766760349274,0.04596518352627754,0.04596518352627754,0.03409881517291069,0.44667842984199524,0.0005374340504462371
591,0.0011003070103470236,0.0011003070103470236,0.36118561029434204,0.04598214104771614,0.04598214104771614,0.03408777341246605,0.446448415517807,0.0005361908882959623
592,0.001099992892704904,0.001099992892704904,0.3616834580898285,0.04617380350828171,0.04617380350828171,0.033945970237255096,0.4458529055118561,0.0005349476494445919
593,0.0011002212413586676,0.0011002212413586676,0.36194342374801636,0.0459626279771328,0.0459626279771328,0.03408043086528778,0.4464840292930603,0.0005337043424131462
594,0.0010972133313771337,0.0010972133313771337,0.3609800934791565,0.0458645261824131,0.0458645261824131,0.03406952694058418,0.4464645981788635,0.0005324609757231121
595,0.0010955619509331882,0.0010955619509331882,0.36054031550884247,0.04590617120265961,0.04590617120265961,0.03399285674095154,0.4462217092514038,0.0005312175578963859
596,0.001096272113500163,0.001096272113500163,0.360733300447464,0.045943960547447205,0.045943960547447205,0.03411583602428436,0.44667983055114746,0.000529974097455214
597,0.001093252212740481,0.001093252212740481,0.3609614670276642,0.04581652954220772,0.04581652954220772,0.0341387614607811,0.44674205780029297,0.0005287306029221352
598,0.001094266859581694,0.001094266859581694,0.3610183000564575,0.046091750264167786,0.046091750264167786,0.03395768254995346,0.44600310921669006,0.0005274870828199215
599,0.001091627374989912,0.001091627374989912,0.3605892211198807,0.04602055996656418,0.04602055996656418,0.03406563773751259,0.44647833704948425,0.0005262435456715208
600,0.0010894562001340091,0.0010894562001340091,0.3603435456752777,0.04590797796845436,0.04590797796845436,0.03399871289730072,0.4458627700805664,0.0005249999999999973
601,0.001088455959688872,0.001088455959688872,0.3603270649909973,0.045904822647571564,0.045904822647571564,0.034030165523290634,0.44620996713638306,0.0005237564543284737
602,0.0010868012614082545,0.0010868012614082545,0.36045312881469727,0.045936066657304764,0.045936066657304764,0.03404582291841507,0.44637876749038696,0.000522512917180073
603,0.0010854268621187657,0.0010854268621187657,0.3602701425552368,0.045933548361063004,0.045933548361063004,0.03403905779123306,0.4461742043495178,0.0005212693970778594
604,0.001083603681763634,0.001083603681763634,0.3600694239139557,0.04588393121957779,0.04588393121957779,0.03406504541635513,0.44637784361839294,0.0005200259025447805
605,0.001082351547665894,0.001082351547665894,0.3604277968406677,0.04603412747383118,0.04603412747383118,0.03400348126888275,0.44622522592544556,0.0005187824421036086
606,0.0010807453654706478,0.0010807453654706478,0.36023953557014465,0.04597936198115349,0.04597936198115349,0.03399796411395073,0.4461422860622406,0.0005175390242768824
607,0.0010808890219777822,0.0010808890219777822,0.359719917178154,0.04599107801914215,0.04599107801914215,0.0340474471449852,0.4463346004486084,0.0005162956575868483
608,0.0010786065831780434,0.0010786065831780434,0.3597348779439926,0.0460418201982975,0.0460418201982975,0.03406444564461708,0.44639867544174194,0.0005150523505554026
609,0.0010784160112962127,0.0010784160112962127,0.3595774471759796,0.04597613215446472,0.04597613215446472,0.03398742154240608,0.44601908326148987,0.0005138091117040321
610,0.0010768216161523014,0.0010768216161523014,0.35970060527324677,0.045991577208042145,0.045991577208042145,0.034093692898750305,0.446689635515213,0.0005125659495537572
611,0.0010751974768936634,0.0010751974768936634,0.3598540425300598,0.04597854241728783,0.04597854241728783,0.034027330577373505,0.44637084007263184,0.0005113228726250718
612,0.0010743881575763226,0.0010743881575763226,0.35984641313552856,0.04601210355758667,0.04601210355758667,0.0339980386197567,0.44603782892227173,0.0005100798894378861
613,0.0010727994958870113,0.0010727994958870113,0.35948604345321655,0.04602498188614845,0.04602498188614845,0.034100860357284546,0.446666955947876,0.0005088370085114675
614,0.0010706659231800586,0.0010706659231800586,0.35952331125736237,0.04600466415286064,0.04600466415286064,0.03399069979786873,0.4461677074432373,0.0005075942383643828
615,0.0010705571912694722,0.0010705571912694722,0.3586914539337158,0.04596060886979103,0.04596060886979103,0.03397074341773987,0.44600218534469604,0.0005063515875144395
616,0.0010678685212042183,0.0010678685212042183,0.35858026146888733,0.04602484405040741,0.04602484405040741,0.03404177725315094,0.44625622034072876,0.0005051090644786272
617,0.0010679238475859165,0.0010679238475859165,0.3590754270553589,0.04603258892893791,0.04603258892893791,0.034022290259599686,0.4461737871170044,0.00050386667777306
618,0.0010671801283024251,0.0010671801283024251,0.35934123396873474,0.04605988413095474,0.04605988413095474,0.034054890275001526,0.44640636444091797,0.0005026244359129168
619,0.0010660584666766226,0.0010660584666766226,0.3589004874229431,0.046004895120859146,0.046004895120859146,0.034082554280757904,0.446636438369751,0.0005013823474123845
620,0.0010633313213475049,0.0010633313213475049,0.35838037729263306,0.04588892683386803,0.04588892683386803,0.03402010723948479,0.44622617959976196,0.0005001404207845987
621,0.0010623755515553057,0.0010623755515553057,0.3585095703601837,0.04593604430556297,0.04593604430556297,0.033993326127529144,0.4461439251899719,0.0004988986645415853
622,0.0010626395232975483,0.0010626395232975483,0.3591071367263794,0.0460105761885643,0.0460105761885643,0.03402061015367508,0.4461495578289032,0.0004976570871942026
623,0.0010597482323646545,0.0010597482323646545,0.35877716541290283,0.04606267437338829,0.04606267437338829,0.03400176391005516,0.4460926353931427,0.0004964156972520826
624,0.0010599130764603615,0.0010599130764603615,0.35825468599796295,0.04597465321421623,0.04597465321421623,0.03404343128204346,0.44639986753463745,0.0004951745032235732
625,0.0010579411464277655,0.0010579411464277655,0.3582320511341095,0.04603474587202072,0.04603474587202072,0.034006595611572266,0.44633230566978455,0.000493933513615679
626,0.001057892106473446,0.001057892106473446,0.3583086282014847,0.045979682356119156,0.045979682356119156,0.034068793058395386,0.4464572072029114,0.0004926927369340041
627,0.0010559001239016652,0.0010559001239016652,0.35828351974487305,0.045854561030864716,0.045854561030864716,0.03401343151926994,0.4460051655769348,0.0004914521816826927
628,0.0010567174467723817,0.0010567174467723817,0.3581816256046295,0.04605280980467796,0.04605280980467796,0.03405590355396271,0.44634920358657837,0.0004902118563643719
629,0.001053396292263642,0.001053396292263642,0.3579554706811905,0.046058155596256256,0.046058155596256256,0.03396216407418251,0.4458886384963989,0.0004889717694800922
630,0.0010525432880967855,0.0010525432880967855,0.3574957400560379,0.04613804072141647,0.04613804072141647,0.03399614244699478,0.44613412022590637,0.0004877319295292706
631,0.0010514678724575788,0.0010514678724575788,0.3577486127614975,0.04599998518824577,0.04599998518824577,0.03401694446802139,0.4462451636791229,0.000486492345009631
632,0.0010503202502150089,0.0010503202502150089,0.3579505980014801,0.04608574137091637,0.04608574137091637,0.0339750312268734,0.44603389501571655,0.000485253024417147
633,0.0010492258588783443,0.0010492258588783443,0.357816219329834,0.0459173284471035,0.0459173284471035,0.0340498648583889,0.4462505578994751,0.00048401397624598335
634,0.0010476432216819376,0.0010476432216819376,0.3575362265110016,0.046027738600969315,0.046027738600969315,0.033961109817028046,0.4458351731300354,0.0004827752089884372
635,0.0010463538928888738,0.0010463538928888738,0.3576127886772156,0.04608071222901344,0.04608071222901344,0.033945873379707336,0.4458657205104828,0.00048153673113488085
636,0.0010457005409989506,0.0010457005409989506,0.3573027402162552,0.04601063206791878,0.04601063206791878,0.034029822796583176,0.44616571068763733,0.00048029855117370253
637,0.001045654498739168,0.001045654498739168,0.3570397198200226,0.04587005823850632,0.04587005823850632,0.03404168784618378,0.446222186088562,0.0004790606775912495
638,0.0010434509604237974,0.0010434509604237974,0.357433557510376,0.04612268880009651,0.04612268880009651,0.03400380164384842,0.44627371430397034,0.0004778231188717684
639,0.0010425089567434043,0.0010425089567434043,0.35764965415000916,0.04607228562235832,0.04607228562235832,0.03404747694730759,0.44626885652542114,0.00047658588349734827
640,0.0010416168079245836,0.0010416168079245836,0.35690200328826904,0.046008285135030746,0.046008285135030746,0.03397408872842789,0.4457482099533081,0.00047534897994786163
641,0.0010412495757918805,0.0010412495757918805,0.35643675923347473,0.046103786677122116,0.046103786677122116,0.03394684940576553,0.44590896368026733,0.000474112416700907
642,0.0010389533708803356,0.0010389533708803356,0.3568289875984192,0.04603850841522217,0.04603850841522217,0.03402801603078842,0.4463159441947937,0.0004728762022317505
643,0.0010397027363069355,0.0010397027363069355,0.35713839530944824,0.04605657979846001,0.04605657979846001,0.033952198922634125,0.4457816183567047,0.00047164034501326763
644,0.001037435926264152,0.001037435926264152,0.35645081102848053,0.04612845554947853,0.04612845554947853,0.034067314118146896,0.4464293122291565,0.00047040485351588547
645,0.0010374111880082637,0.0010374111880082637,0.3566321134567261,0.0460534431040287,0.0460534431040287,0.033982470631599426,0.446048378944397,0.0004691697362075242
646,0.0010350091906730086,0.0010350091906730086,0.35653290152549744,0.04595817252993584,0.04595817252993584,0.03395785391330719,0.4458855390548706,0.0004679350015535398
647,0.0010345128539483994,0.0010345128539483994,0.3570312410593033,0.04597386717796326,0.04597386717796326,0.034080274403095245,0.44649821519851685,0.000466700658016665
648,0.0010343793546780944,0.0010343793546780944,0.3562794178724289,0.0461028628051281,0.0461028628051281,0.0338781476020813,0.44548773765563965,0.0004654667140569526
649,0.001032617612509057,0.001032617612509057,0.35622283816337585,0.046082958579063416,0.046082958579063416,0.033916495740413666,0.4455856680870056,0.00046423317813171607
650,0.001031841296935454,0.001031841296935454,0.35650742053985596,0.0460856556892395,0.0460856556892395,0.03406129777431488,0.44630372524261475,0.0004630000586954727
651,0.0010306009789928794,0.0010306009789928794,0.35629919171333313,0.04614003002643585,0.04614003002643585,0.03396526724100113,0.44594961404800415,0.00046176736419988485
652,0.0010299024579580873,0.0010299024579580873,0.3560297191143036,0.046082545071840286,0.046082545071840286,0.03393569216132164,0.4459211230278015,0.0004605351030937026
653,0.0010274513915646821,0.0010274513915646821,0.35588666796684265,0.04600320756435394,0.04600320756435394,0.03405465930700302,0.44634565711021423,0.00045930328382270556
654,0.0010287894983775914,0.0010287894983775914,0.3561406284570694,0.046131640672683716,0.046131640672683716,0.03403756394982338,0.44628411531448364,0.0004580719148296454
655,0.0010268489713780582,0.0010268489713780582,0.35602371394634247,0.046029627323150635,0.046029627323150635,0.0339423343539238,0.4457278847694397,0.0004568410045541871
656,0.0010264033335261047,0.0010264033335261047,0.35572679340839386,0.046089913696050644,0.046089913696050644,0.03403029218316078,0.446364164352417,0.0004556105614328519
657,0.0010259879054501653,0.0010259879054501653,0.3555828034877777,0.04605123773217201,0.04605123773217201,0.03402167558670044,0.4463197886943817,0.00045438059389895887
658,0.0010241728741675615,0.0010241728741675615,0.3559127151966095,0.04612276330590248,0.04612276330590248,0.03384467214345932,0.44530317187309265,0.00045315111038256816
659,0.0010258234979119152,0.0010258234979119152,0.3561321198940277,0.04612473025918007,0.04612473025918007,0.034080445766448975,0.44645190238952637,0.0004519221193104221
660,0.0010230613697785884,0.0010230613697785884,0.35603319108486176,0.046086691319942474,0.046086691319942474,0.034057602286338806,0.44632190465927124,0.0004506936291058878
661,0.001023166289087385,0.001023166289087385,0.35503746569156647,0.046096183359622955,0.046096183359622955,0.03391040116548538,0.4457177519798279,0.00044946564818889933
662,0.0010191886103712022,0.0010191886103712022,0.3552890568971634,0.045936230570077896,0.045936230570077896,0.03407058119773865,0.44640934467315674,0.00044823818497590086
663,0.0010215071379207075,0.0010215071379207075,0.3554973304271698,0.04602950066328049,0.04602950066328049,0.03395787253975868,0.4457905888557434,0.0004470112478797875
664,0.0010183813574258238,0.0010183813574258238,0.355138897895813,0.04623214900493622,0.04623214900493622,0.033910952508449554,0.4457505941390991,0.0004457848453098487
665,0.0010183729464188218,0.0010183729464188218,0.3551778495311737,0.04599772393703461,0.04599772393703461,0.03402935713529587,0.44629165530204773,0.0004445589856717107
666,0.0010163102706428617,0.0010163102706428617,0.3552476018667221,0.04589495435357094,0.04589495435357094,0.03401115909218788,0.44608139991760254,0.0004433336773672779
667,0.0010144321131519973,0.0010144321131519973,0.3550640344619751,0.04604759439826012,0.04604759439826012,0.03399719297885895,0.4461174011230469,0.00044210892879467634
668,0.0010139171790797263,0.0010139171790797263,0.3549758046865463,0.04606974497437477,0.04606974497437477,0.03398720175027847,0.4460340738296509,0.00044088474834819537
669,0.001012706256005913,0.001012706256005913,0.3546120971441269,0.04607464745640755,0.04607464745640755,0.03395445644855499,0.445811927318573,0.0004396611444182309
670,0.001012585824355483,0.001012585824355483,0.35447221994400024,0.046141866594552994,0.046141866594552994,0.033925868570804596,0.44575193524360657,0.0004384381253912274
671,0.0010141038219444454,0.0010141038219444454,0.35526515543460846,0.046149224042892456,0.046149224042892456,0.03391731157898903,0.4457022547721863,0.00043721569964962016
672,0.0010120496153831482,0.0010120496153831482,0.35497018694877625,0.04611701890826225,0.04611701890826225,0.033994920551776886,0.44602611660957336,0.0004359938755717782
673,0.001010750886052847,0.001010750886052847,0.3542875349521637,0.04615035653114319,0.04615035653114319,0.03386441618204117,0.4453606605529785,0.00043477266153194727
674,0.0010091867879964411,0.0010091867879964411,0.35433268547058105,0.0462149977684021,0.0462149977684021,0.03394347056746483,0.4458148777484894,0.0004335520659001914
675,0.001010364736430347,0.001010364736430347,0.3548409044742584,0.04613533243536949,0.04613533243536949,0.03403005376458168,0.44619718194007874,0.0004323320970423364
676,0.0010068579285871238,0.0010068579285871238,0.35453638434410095,0.04597031697630882,0.04597031697630882,0.033928535878658295,0.44572392106056213,0.0004311127633199125
677,0.0010086908878292888,0.0010086908878292888,0.3539872318506241,0.04597517475485802,0.04597517475485802,0.034058086574077606,0.44646155834198,0.0004298940730900963
678,0.0010050383280031383,0.0010050383280031383,0.35418860614299774,0.04616205021739006,0.04616205021739006,0.03402557224035263,0.4463043510913849,0.00042867603470565405
679,0.0010024214279837906,0.0010024214279837906,0.35414621233940125,0.046098385006189346,0.046098385006189346,0.03395015001296997,0.44564884901046753,0.00042745865651488453
680,0.0010028305696323514,0.0010028305696323514,0.35395966470241547,0.04613284021615982,0.04613284021615982,0.03399954363703728,0.44596216082572937,0.0004262419468615617
681,0.0010011440026573837,0.0010011440026573837,0.35397908091545105,0.04618905857205391,0.04618905857205391,0.034006472676992416,0.4462302625179291,0.00042502591408487733
682,0.0010020677000284195,0.0010020677000284195,0.35399603843688965,0.04603635147213936,0.04603635147213936,0.033909231424331665,0.44567176699638367,0.0004238105665193837
683,0.0009997919842135161,0.0009997919842135161,0.3538226783275604,0.04610177129507065,0.04610177129507065,0.033969566226005554,0.44586893916130066,0.00042259591249493687
684,0.000997892377199605,0.000997892377199605,0.35369645059108734,0.0460897758603096,0.0460897758603096,0.03406238555908203,0.44624996185302734,0.00042138196033663977
685,0.0009984535427065566,0.0009984535427065566,0.35340747237205505,0.046113334596157074,0.046113334596157074,0.03392595425248146,0.44571083784103394,0.00042016871836478455
686,0.0009993750718422234,0.0009993750718422234,0.35400088131427765,0.046086572110652924,0.046086572110652924,0.03391481935977936,0.44573938846588135,0.00041895619489479557
687,0.000995067966869101,0.000995067966869101,0.3541235774755478,0.04601702839136124,0.04601702839136124,0.034036554396152496,0.4463217854499817,0.00041774439823717333
688,0.000996326096355915,0.000996326096355915,0.35363441705703735,0.046078041195869446,0.046078041195869446,0.033894509077072144,0.4456377625465393,0.0004165333366974361
689,0.0009934597474057227,0.0009934597474057227,0.3529556095600128,0.04615633934736252,0.04615633934736252,0.033854126930236816,0.44543203711509705,0.0004153230185760642
690,0.000992437097011134,0.000992437097011134,0.3532228469848633,0.04608995467424393,0.04608995467424393,0.03395458310842514,0.4458552598953247,0.0004141134521684424
691,0.0009922496101353317,0.0009922496101353317,0.35330022871494293,0.04610101506114006,0.04610101506114006,0.033937983214855194,0.445762574672699,0.00041290464576480373
692,0.0009902746824081987,0.0009902746824081987,0.3531718850135803,0.046139195561409,0.046139195561409,0.03388482704758644,0.4454588294029236,0.00041169660765017174
693,0.0009904963953886181,0.0009904963953886181,0.35318154096603394,0.046172138303518295,0.046172138303518295,0.03398676961660385,0.446064829826355,0.0004104893461043044
694,0.0009885087492875755,0.0009885087492875755,0.3529944270849228,0.04617155343294144,0.04617155343294144,0.03396400809288025,0.445956826210022,0.0004092828694016369
695,0.0009883682942017913,0.0009883682942017913,0.35279251635074615,0.04612910747528076,0.04612910747528076,0.033890314400196075,0.4455694556236267,0.0004080771858112259
696,0.00098713010083884,0.00098713010083884,0.3525850474834442,0.046130500733852386,0.046130500733852386,0.033997420221567154,0.4460972249507904,0.0004068723035966917
697,0.0009859894926194102,0.0009859894926194102,0.3528090566396713,0.046178217977285385,0.046178217977285385,0.034012287855148315,0.44619449973106384,0.00040566823101616164
698,0.0009853483061306179,0.0009853483061306179,0.3528507649898529,0.04613884165883064,0.04613884165883064,0.033935800194740295,0.4457598030567169,0.00040446497632221496
699,0.0009843319712672383,0.0009843319712672383,0.3528127074241638,0.046171221882104874,0.046171221882104874,0.03398233279585838,0.44597843289375305,0.00040326254776182433
700,0.0009837712568696588,0.0009837712568696588,0.3526492714881897,0.046074848622083664,0.046074848622083664,0.03395070880651474,0.44580331444740295,0.00040206095357630037
701,0.00098221015650779,0.00098221015650779,0.3524852395057678,0.0460754930973053,0.0460754930973053,0.033922240138053894,0.4457330107688904,0.0004008602020012351
702,0.0009823745349422097,0.0009823745349422097,0.3527730852365494,0.04610980674624443,0.04610980674624443,0.03397268056869507,0.44603651762008667,0.0003996603012664456
703,0.0009821998537518084,0.0009821998537518084,0.35258254408836365,0.04612254351377487,0.04612254351377487,0.0339176207780838,0.4457245469093323,0.000398461259595917
704,0.000980296143097803,0.000980296143097803,0.35214583575725555,0.04606765881180763,0.04606765881180763,0.033939823508262634,0.44574472308158875,0.00039726308520774664
705,0.000979141826974228,0.000979141826974228,0.35214297473430634,0.046149563044309616,0.046149563044309616,0.03393380343914032,0.4457859992980957,0.00039606578631408743
706,0.0009786149603314698,0.0009786149603314698,0.35236525535583496,0.04629499837756157,0.04629499837756157,0.033909838646650314,0.44582271575927734,0.00039486937112109225
707,0.0009777965024113655,0.0009777965024113655,0.35213756561279297,0.046156685799360275,0.046156685799360275,0.03395221382379532,0.44585371017456055,0.00039367384782885685
708,0.0009773281926754862,0.0009773281926754862,0.35197439789772034,0.04608406871557236,0.04608406871557236,0.0339507982134819,0.44583502411842346,0.0003924792246313637
709,0.0009766874136403203,0.0009766874136403203,0.352486789226532,0.046080332249403,0.046080332249403,0.03392750769853592,0.44571441411972046,0.00039128550971642684
710,0.000976214389083907,0.000976214389083907,0.3519277125597,0.046188101172447205,0.046188101172447205,0.03394953906536102,0.44589972496032715,0.0003900927112656345
711,0.0009750485187396407,0.0009750485187396407,0.351748526096344,0.046252552419900894,0.046252552419900894,0.03397568315267563,0.4460556209087372,0.0003889008374542935
712,0.000974780588876456,0.000974780588876456,0.35212305188179016,0.04613567888736725,0.04613567888736725,0.03390732407569885,0.4456515908241272,0.00038770989645137355
713,0.000974614144070074,0.000974614144070074,0.3517719805240631,0.04610349237918854,0.04610349237918854,0.03391891345381737,0.44562262296676636,0.0003865198964194513
714,0.0009730673336889595,0.0009730673336889595,0.3515193462371826,0.046128008514642715,0.046128008514642715,0.03395549952983856,0.44584420323371887,0.0003853308455146533
715,0.0009715308551676571,0.0009715308551676571,0.3517245501279831,0.04617113992571831,0.04617113992571831,0.033897481858730316,0.4456269145011902,0.0003841427518866014
716,0.0009720074594952166,0.0009720074594952166,0.35161206126213074,0.04616176337003708,0.04616176337003708,0.033931322395801544,0.4457443356513977,0.00038295562367835655
717,0.0009698942885734141,0.0009698942885734141,0.3512187898159027,0.046117909252643585,0.046117909252643585,0.034070421010255814,0.4464626610279083,0.00038176946902636225
718,0.0009710782032925636,0.0009710782032925636,0.35161860287189484,0.04627079889178276,0.04627079889178276,0.03390956297516823,0.44573745131492615,0.00038058429606038985
719,0.000972042151261121,0.000972042151261121,0.35180044174194336,0.046204619109630585,0.046204619109630585,0.033902086317539215,0.4456418752670288,0.000379400112903482
720,0.0009680812654551119,0.0009680812654551119,0.3515349328517914,0.04600968956947327,0.04600968956947327,0.03407163918018341,0.44642993807792664,0.0003782169276718977
721,0.0009694909967947751,0.0009694909967947751,0.35090385377407074,0.046177688986063004,0.046177688986063004,0.03388192132115364,0.44561439752578735,0.00037703474847505596
722,0.0009681048686616123,0.0009681048686616123,0.3509119600057602,0.04625935107469559,0.04625935107469559,0.033850476145744324,0.44546353816986084,0.0003758535834154804
723,0.0009666770929470658,0.0009666770929470658,0.3511562794446945,0.04606688767671585,0.04606688767671585,0.03404249995946884,0.4462554454803467,0.00037467344058874426
724,0.0009659880015533417,0.0009659880015533417,0.35118669271469116,0.046138323843479156,0.046138323843479156,0.03394351899623871,0.445770263671875,0.0003734943280834145
725,0.0009660967043600976,0.0009660967043600976,0.3508444130420685,0.04622383415699005,0.04622383415699005,0.03386557847261429,0.44543397426605225,0.00037231625398099604
726,0.0009635733149480075,0.0009635733149480075,0.3510236144065857,0.0461689718067646,0.0461689718067646,0.034029521048069,0.44625556468963623,0.00037113922635587674
727,0.0009656072943471372,0.0009656072943471372,0.3509064018726349,0.04621163383126259,0.04621163383126259,0.03385724872350693,0.445422500371933,0.00036996325327527245
728,0.0009628185944166034,0.0009628185944166034,0.3504730612039566,0.04623767361044884,0.04623767361044884,0.033825069665908813,0.4453476667404175,0.0003687883427991707
729,0.0009614536247681826,0.0009614536247681826,0.3506973534822464,0.046184152364730835,0.046184152364730835,0.03405285254120827,0.4464600682258606,0.0003676145029802766
730,0.0009625475213397294,0.0009625475213397294,0.350650891661644,0.04615643247961998,0.04615643247961998,0.0339534729719162,0.4459371864795685,0.0003664417418639565
731,0.0009595842857379466,0.0009595842857379466,0.3505710959434509,0.04609367623925209,0.04609367623925209,0.033868156373500824,0.4454459547996521,0.00036527006748818426
732,0.0009611822315491736,0.0009611822315491736,0.35094210505485535,0.04604342579841614,0.04604342579841614,0.03401774913072586,0.4461824297904968,0.0003640994878834844
733,0.0009582849161233753,0.0009582849161233753,0.3504621833562851,0.04621519148349762,0.04621519148349762,0.03391791135072708,0.4457744359970093,0.00036293001107287875
734,0.0009573960560373962,0.0009573960560373962,0.35046668350696564,0.046239472925662994,0.046239472925662994,0.03386158496141434,0.44548749923706055,0.0003617616450718302
735,0.0009579540928825736,0.0009579540928825736,0.3501349836587906,0.04606403037905693,0.04606403037905693,0.03395117074251175,0.44573134183883667,0.0003605943978881887
736,0.0009562082996126264,0.0009562082996126264,0.35006169974803925,0.04606848955154419,0.04606848955154419,0.033997368067502975,0.4459691345691681,0.0003594282775221357
737,0.0009557462472002953,0.0009557462472002953,0.35038208961486816,0.046257782727479935,0.046257782727479935,0.033895134925842285,0.4456466734409332,0.00035826329196612944
738,0.0009551893163006753,0.0009551893163006753,0.3505343496799469,0.046162236481904984,0.046162236481904984,0.03387726843357086,0.4455420970916748,0.0003570994492048507
739,0.0009542353509459645,0.0009542353509459645,0.3499758839607239,0.04614988714456558,0.04614988714456558,0.03393477201461792,0.44587385654449463,0.00035593675721514747
740,0.0009533919801469892,0.0009533919801469892,0.3498317301273346,0.046235114336013794,0.046235114336013794,0.033912356942892075,0.44575265049934387,0.00035477522396598035
741,0.0009521764586679637,0.0009521764586679637,0.35010623931884766,0.04627184569835663,0.04627184569835663,0.03393365070223808,0.44572713971138,0.000353614857418368
742,0.0009524080087430775,0.0009524080087430775,0.3503243029117584,0.046146463602781296,0.046146463602781296,0.033961765468120575,0.44575944542884827,0.0003524556655253332
743,0.0009505214111413807,0.0009505214111413807,0.3499097526073456,0.0462818443775177,0.0462818443775177,0.03393271565437317,0.4458712339401245,0.00035129765623184706
744,0.0009518240403849632,0.0009518240403849632,0.35002753138542175,0.046235207468271255,0.046235207468271255,0.03388335183262825,0.4456537067890167,0.000350140837474776
745,0.0009497587161604315,0.0009497587161604315,0.34967324137687683,0.04614279046654701,0.04614279046654701,0.03384140506386757,0.44526568055152893,0.00034898521718282566
746,0.0009494261466898024,0.0009494261466898024,0.3494196832180023,0.04618404060602188,0.04618404060602188,0.033945947885513306,0.4458329379558563,0.0003478308032764887
747,0.000948323227930814,0.000948323227930814,0.34981581568717957,0.046269044280052185,0.046269044280052185,0.033975619822740555,0.4459972083568573,0.0003466776036679885
748,0.0009474687103647739,0.0009474687103647739,0.3496226668357849,0.0462447889149189,0.0462447889149189,0.033901114016771317,0.44558972120285034,0.000345525626261226
749,0.000947462598560378,0.000947462598560378,0.3495115041732788,0.046118900179862976,0.046118900179862976,0.03397919982671738,0.44600969552993774,0.0003443748789517256
750,0.0009454147366341203,0.0009454147366341203,0.3492329269647598,0.046116236597299576,0.046116236597299576,0.03396148607134819,0.44598060846328735,0.00034322536962658033
751,0.000945297913858667,0.000945297913858667,0.349251389503479,0.046238768845796585,0.046238768845796585,0.033889174461364746,0.4456479251384735,0.0003420771061643985
752,0.0009443285234738141,0.0009443285234738141,0.3493528515100479,0.046221476048231125,0.046221476048231125,0.033898770809173584,0.4456244111061096,0.0003409300964352491
753,0.0009435777901671827,0.0009435777901671827,0.3495335429906845,0.04616657271981239,0.04616657271981239,0.03396422043442726,0.44588524103164673,0.00033978434830060866
754,0.000943195162108168,0.000943195162108168,0.34911972284317017,0.04621804133057594,0.04621804133057594,0.033909253776073456,0.4456687569618225,0.00033863986961330634
755,0.0009424757736269385,0.0009424757736269385,0.3490134924650192,0.04624173417687416,0.04624173417687416,0.033945102244615555,0.44583266973495483,0.0003374966682174711
756,0.0009412064682692289,0.0009412064682692289,0.3490259349346161,0.04627527296543121,0.04627527296543121,0.033938728272914886,0.4458445608615875,0.00033635475194847714
757,0.0009408772166352719,0.0009408772166352719,0.34891459345817566,0.0462367869913578,0.0462367869913578,0.03389676660299301,0.44567298889160156,0.00033521412863289103
758,0.0009400721755810082,0.0009400721755810082,0.3489855229854584,0.046210311353206635,0.046210311353206635,0.033934108912944794,0.4458606243133545,0.000334074806088417
759,0.0009396318055223674,0.0009396318055223674,0.34908878803253174,0.04618065059185028,0.04618065059185028,0.033942386507987976,0.44583389163017273,0.0003329367921238441
760,0.0009392937645316124,0.0009392937645316124,0.3489896357059479,0.04620596393942833,0.04620596393942833,0.03396355360746384,0.4459843933582306,0.00033180009453899283
761,0.0009390926279593259,0.0009390926279593259,0.348963126540184,0.04628579318523407,0.04628579318523407,0.033868685364723206,0.44550633430480957,0.0003306647211246612
762,0.0009377852838952094,0.0009377852838952094,0.3489735871553421,0.04620876535773277,0.04620876535773277,0.033947017043828964,0.44587242603302,0.0003295306796625715
763,0.0009375883382745087,0.0009375883382745087,0.3489297777414322,0.046199679374694824,0.046199679374694824,0.033953625708818436,0.44595250487327576,0.00032839797792531654
764,0.0009365657460875809,0.0009365657460875809,0.3486279547214508,0.046185556799173355,0.046185556799173355,0.03388717398047447,0.4455986022949219,0.0003272666236763076
765,0.0009362924902234226,0.0009362924902234226,0.34858497977256775,0.04616941884160042,0.04616941884160042,0.03393276780843735,0.44574785232543945,0.0003261366246697199
766,0.0009364258730784059,0.0009364258730784059,0.34859611093997955,0.04625456780195236,0.04625456780195236,0.03395399451255798,0.4459593892097473,0.00032500798865044015
767,0.0009340732067357749,0.0009340732067357749,0.34838926792144775,0.04622330516576767,0.04622330516576767,0.033929333090782166,0.4458197355270386,0.00032388072335401294
768,0.0009341627592220902,0.0009341627592220902,0.3483433127403259,0.04621712118387222,0.04621712118387222,0.03391578048467636,0.4457094073295593,0.00032275483650658863
769,0.0009329167078249156,0.0009329167078249156,0.3483572155237198,0.04624636471271515,0.04624636471271515,0.033965304493904114,0.44598492980003357,0.0003216303358248698
770,0.0009337264054920524,0.0009337264054920524,0.3485725671052933,0.04625234007835388,0.04625234007835388,0.033924393355846405,0.4457215368747711,0.0003205072290160579
771,0.0009335078939329833,0.0009335078939329833,0.34839320182800293,0.046250395476818085,0.046250395476818085,0.033878423273563385,0.44560402631759644,0.00031938552377780156
772,0.0009318233060184866,0.0009318233060184866,0.348075807094574,0.046228740364313126,0.046228740364313126,0.033915068954229355,0.4457303583621979,0.0003182652277981427
773,0.000932221781113185,0.000932221781113185,0.34827229380607605,0.04615724831819534,0.04615724831819534,0.03394961357116699,0.44578316807746887,0.00031714634875546453
774,0.0009298139484599233,0.0009298139484599233,0.3482813984155655,0.04628395661711693,0.04628395661711693,0.03384681046009064,0.4453524947166443,0.0003160288943184385
775,0.0009301986719947308,0.0009301986719947308,0.3481845557689667,0.046277470886707306,0.046277470886707306,0.03389999270439148,0.44560953974723816,0.0003149128721459727
776,0.0009288859146181494,0.0009288859146181494,0.3479304909706116,0.04617210105061531,0.04617210105061531,0.033941756933927536,0.4457497000694275,0.0003137982898871578
777,0.0009287937136832625,0.0009287937136832625,0.34777331352233887,0.04626568779349327,0.04626568779349327,0.03388219326734543,0.4455527663230896,0.00031268515518121574
778,0.0009284691186621785,0.0009284691186621785,0.34777142107486725,0.04635845869779587,0.04635845869779587,0.033852532505989075,0.44556236267089844,0.00031157347565744745
779,0.0009278446086682379,0.0009278446086682379,0.34769976139068604,0.04625701904296875,0.04625701904296875,0.033974699676036835,0.4460477828979492,0.00031046325893517953
780,0.0009279160585720092,0.0009279160585720092,0.3477981686592102,0.0461370125412941,0.0461370125412941,0.03398379310965538,0.44600537419319153,0.0003093545126237135
781,0.0009274488838855177,0.0009274488838855177,0.3477100729942322,0.04628756269812584,0.04628756269812584,0.033873386681079865,0.4455673098564148,0.0003082472443222721
782,0.0009260836814064533,0.0009260836814064533,0.3481559753417969,0.04636422544717789,0.04636422544717789,0.03394578769803047,0.44606125354766846,0.0003071414616199486
783,0.0009273357864003628,0.0009273357864003628,0.3478475958108902,0.04624347388744354,0.04624347388744354,0.03396137058734894,0.446000874042511,0.0003060371720956537
784,0.0009255600743927062,0.0009255600743927062,0.34753747284412384,0.04621449112892151,0.04621449112892151,0.033844053745269775,0.44535765051841736,0.000304934383318064
785,0.000925864587770775,0.000925864587770775,0.3474450409412384,0.046219244599342346,0.046219244599342346,0.03398682922124863,0.4461701810359955,0.0003038331028455703
786,0.0009240477520506829,0.0009240477520506829,0.34762075543403625,0.04633961245417595,0.04633961245417595,0.03392305225133896,0.44582054018974304,0.00030273333822622596
787,0.0009240158833563328,0.0009240158833563328,0.34767472743988037,0.04637690261006355,0.04637690261006355,0.033834777772426605,0.44526755809783936,0.0003016350969976943
788,0.0009224818786606193,0.0009224818786606193,0.34750352799892426,0.04621587321162224,0.04621587321162224,0.03401212394237518,0.44612210988998413,0.0003005383866871976
789,0.0009226024558302015,0.0009226024558302015,0.34735657274723053,0.046301066875457764,0.046301066875457764,0.03394521400332451,0.4458969831466675,0.00029944321481146564
790,0.0009213635930791497,0.0009213635930791497,0.347068190574646,0.0463608093559742,0.0463608093559742,0.033838022500276566,0.4454475939273834,0.0002983495888766842
791,0.0009206560498569161,0.0009206560498569161,0.34720513224601746,0.04620669409632683,0.04620669409632683,0.03398691490292549,0.44603288173675537,0.0002972575163784426
792,0.0009203975496347994,0.0009203975496347994,0.3473180681467056,0.04618542268872261,0.04618542268872261,0.0340239442884922,0.44617366790771484,0.00029616700480168337
793,0.000920001941267401,0.000920001941267401,0.3468758165836334,0.0463065579533577,0.0463065579533577,0.03382834792137146,0.44535085558891296,0.0002950780616206511
794,0.0009205861715599895,0.0009205861715599895,0.3470931649208069,0.0463191494345665,0.0463191494345665,0.033933382481336594,0.4458944499492645,0.0002939906942988402
795,0.0009185296948999166,0.0009185296948999166,0.3470974266529083,0.046175021678209305,0.046175021678209305,0.034059952944517136,0.44644695520401,0.0002929049102889447
796,0.0009185144444927573,0.0009185144444927573,0.34704941511154175,0.046215225011110306,0.046215225011110306,0.03391086682677269,0.4456717371940613,0.0002918207170328063
797,0.0009175440354738384,0.0009175440354738384,0.3468517065048218,0.04630294442176819,0.04630294442176819,0.03387658670544624,0.4455729126930237,0.00029073812196136464
798,0.0009171601850539446,0.0009171601850539446,0.34688642621040344,0.0462285652756691,0.0462285652756691,0.03399541229009628,0.44617438316345215,0.0002896571324946049
799,0.0009165458614006639,0.0009165458614006639,0.3465890884399414,0.046314939856529236,0.046314939856529236,0.03389415144920349,0.44566610455513,0.00028857775604150754
800,0.000915347074624151,0.000915347074624151,0.34675081074237823,0.04634246230125427,0.04634246230125427,0.03387322276830673,0.44548940658569336,0.0002874999999999982
801,0.0009146970696747303,0.0009146970696747303,0.346901535987854,0.046351924538612366,0.046351924538612366,0.033959489315748215,0.4459865391254425,0.0002864238717568964
802,0.0009139673202298582,0.0009139673202298582,0.3468414843082428,0.046295348554849625,0.046295348554849625,0.03394765406847,0.44597965478897095,0.0002853493786878643
803,0.0009130547696258873,0.0009130547696258873,0.34650084376335144,0.04627247154712677,0.04627247154712677,0.03390917927026749,0.4457871615886688,0.0002842765281573569
804,0.0009124352363869548,0.0009124352363869548,0.34627649188041687,0.04628947749733925,0.04628947749733925,0.03390922769904137,0.4458168148994446,0.0002832053275185721
805,0.0009120011527556926,0.0009120011527556926,0.3464725464582443,0.04627188295125961,0.04627188295125961,0.03396620973944664,0.44601982831954956,0.0002821357841133988
806,0.0009111488179769367,0.0009111488179769367,0.3465908020734787,0.046309128403663635,0.046309128403663635,0.03392121195793152,0.4457601308822632,0.00028106790527236784
807,0.000911030889255926,0.000911030889255926,0.34659260511398315,0.046298325061798096,0.046298325061798096,0.03390432521700859,0.4457350969314575,0.000280001698314601
808,0.0009113824053201824,0.0009113824053201824,0.3464853912591934,0.04631802812218666,0.04631802812218666,0.03389730304479599,0.4457300305366516,0.0002789371705477618
809,0.0009098925802391022,0.0009098925802391022,0.346364825963974,0.04625479504466057,0.04625479504466057,0.03394092246890068,0.4459157884120941,0.00027787432926800414
810,0.0009094915876630694,0.0009094915876630694,0.34625253081321716,0.04623403027653694,0.04623403027653694,0.03393978625535965,0.44585680961608887,0.0002768131817599229
811,0.000908752263057977,0.000908752263057977,0.3460889011621475,0.046281907707452774,0.046281907707452774,0.033893123269081116,0.44568783044815063,0.0002757537352965046
812,0.0009085382916964591,0.0009085382916964591,0.3459901064634323,0.046217747032642365,0.046217747032642365,0.03396710753440857,0.4460304081439972,0.0002746959971390768
813,0.0009083898621611297,0.0009083898621611297,0.34624525904655457,0.046265844255685806,0.046265844255685806,0.03394915908575058,0.4459051191806793,0.00027363997453725824
814,0.0009087560465559363,0.0009087560465559363,0.34590649604797363,0.04632454365491867,0.04632454365491867,0.033855974674224854,0.44553056359291077,0.0002725856747289093
815,0.0009071298991329968,0.0009071298991329968,0.34596243500709534,0.046276919543743134,0.046276919543743134,0.033960822969675064,0.4460737705230713,0.0002715331049400833
816,0.0009061943565029651,0.0009061943565029651,0.3460223525762558,0.046327486634254456,0.046327486634254456,0.03394637256860733,0.4459671080112457,0.00027048227238497547
817,0.0009059538715519011,0.0009059538715519011,0.3459461033344269,0.04632167890667915,0.04632167890667915,0.03389928489923477,0.4456304907798767,0.0002694331842658745
818,0.0009055960399564356,0.0009055960399564356,0.34592193365097046,0.0463065579533577,0.0463065579533577,0.03395926579833031,0.4459901750087738,0.0002683858477731127
819,0.0009049669315572828,0.0009049669315572828,0.3460162878036499,0.046347539871931076,0.046347539871931076,0.03394170477986336,0.4459215998649597,0.00026734027008501753
820,0.000903976324480027,0.000903976324480027,0.34595446288585663,0.04631764069199562,0.04631764069199562,0.033907316625118256,0.44573959708213806,0.00026629645836786115
821,0.000903951411601156,0.000903951411601156,0.34577374160289764,0.04628026485443115,0.04628026485443115,0.033915210515260696,0.4457915127277374,0.00026525441977581207
822,0.0009029657521750778,0.0009029657521750778,0.3454637974500656,0.04624762758612633,0.04624762758612633,0.033955756574869156,0.4460179805755615,0.0002642141614508862
823,0.0009024766914080828,0.0009024766914080828,0.3454996794462204,0.04626619070768356,0.04626619070768356,0.03392467275261879,0.44591403007507324,0.00026317569052289796
824,0.0009026284387800843,0.0009026284387800843,0.34569938480854034,0.04631231725215912,0.04631231725215912,0.03391832858324051,0.4458388388156891,0.0002621390141094105
825,0.0009014694660436362,0.0009014694660436362,0.34566792845726013,0.04626275971531868,0.04626275971531868,0.03395909070968628,0.4459681808948517,0.00026110413931568785
826,0.0009014561655931175,0.0009014561655931175,0.3455979824066162,0.04627087339758873,0.04627087339758873,0.03396478667855263,0.4460521936416626,0.00026007107323464617
827,0.0009007755288621411,0.0009007755288621411,0.3453831076622009,0.04639466106891632,0.04639466106891632,0.03389310836791992,0.44579577445983887,0.0002590398229468046
828,0.0009004430321510881,0.0009004430321510881,0.34551572799682617,0.046324845403432846,0.046324845403432846,0.03392930328845978,0.4459375739097595,0.0002580103955202371
829,0.0008998157572932541,0.0008998157572932541,0.34568050503730774,0.046237312257289886,0.046237312257289886,0.03398198261857033,0.44605979323387146,0.00025698279801052387
830,0.0008997913391795009,0.0008997913391795009,0.3453194200992584,0.0462777242064476,0.0462777242064476,0.03392571210861206,0.4457627534866333,0.00025595703746070355
831,0.0008987948822323233,0.0008987948822323233,0.34541037678718567,0.04636072739958763,0.04636072739958763,0.033890917897224426,0.4456798732280731,0.00025493312090122365
832,0.0008982332656159997,0.0008982332656159997,0.3454198092222214,0.04636721312999725,0.04636721312999725,0.03388158977031708,0.44568121433258057,0.00025391105534989405
833,0.0008976212702691555,0.0008976212702691555,0.3450240045785904,0.046278879046440125,0.046278879046440125,0.03391315042972565,0.44578418135643005,0.00025289084781183725
834,0.0008974723750725389,0.0008974723750725389,0.34479933977127075,0.04627329111099243,0.04627329111099243,0.033938974142074585,0.44587260484695435,0.0002518725052794418
835,0.0008969293849077076,0.0008969293849077076,0.3449506461620331,0.04636374115943909,0.04636374115943909,0.033888570964336395,0.4456841051578522,0.0002508560347323132
836,0.0008968535112217069,0.0008968535112217069,0.34523870050907135,0.04633011296391487,0.04633011296391487,0.03394442796707153,0.44603344798088074,0.00024984144313722667
837,0.0008956360979937017,0.0008956360979937017,0.34502801299095154,0.04630862921476364,0.04630862921476364,0.0339374914765358,0.44595229625701904,0.0002488287374480797
838,0.0008954672375693917,0.0008954672375693917,0.3448227047920227,0.04630373790860176,0.04630373790860176,0.03395182639360428,0.44600826501846313,0.0002478179246058435
839,0.000895162025699392,0.000895162025699392,0.34510253369808197,0.046364255249500275,0.046364255249500275,0.033938705921173096,0.44592276215553284,0.00024680901153851614
840,0.0008943174907471985,0.0008943174907471985,0.3450012803077698,0.046329665929079056,0.046329665929079056,0.03390786051750183,0.44577890634536743,0.00024580200516107463
841,0.0008938617829699069,0.0008938617829699069,0.3448535352945328,0.04629693180322647,0.04629693180322647,0.0339483916759491,0.4459761083126068,0.0002447969123754282
842,0.0008937597740441561,0.0008937597740441561,0.3448382019996643,0.04633672162890434,0.04633672162890434,0.03393583744764328,0.44598492980003357,0.00024379374007037007
843,0.0008926159061957151,0.0008926159061957151,0.3447077125310898,0.04635663703083992,0.04635663703083992,0.03389593958854675,0.44572609663009644,0.0002427924951215309
844,0.0008924145367927849,0.0008924145367927849,0.34467723965644836,0.04631660506129265,0.04631660506129265,0.03392523527145386,0.44584113359451294,0.00024179318439133176
845,0.000891674542799592,0.000891674542799592,0.34461408853530884,0.046312425285577774,0.046312425285577774,0.033946581184864044,0.44595208764076233,0.00024079581472893628
846,0.0008915923826862127,0.0008915923826862127,0.34476664662361145,0.046329837292432785,0.046329837292432785,0.0339384451508522,0.44589823484420776,0.00023980039297020447
847,0.0008912537014111876,0.0008912537014111876,0.34489405155181885,0.046375758945941925,0.046375758945941925,0.03390446677803993,0.44578975439071655,0.00023880692593764542
848,0.0008901098917704076,0.0008901098917704076,0.3445408046245575,0.04634648188948631,0.04634648188948631,0.033913496881723404,0.44584718346595764,0.0002378154204403713
849,0.0008902553236111999,0.0008902553236111999,0.34450967609882355,0.04627988114953041,0.04627988114953041,0.03394114226102829,0.44593700766563416,0.00023682588327404957
850,0.0008897625375539064,0.0008897625375539064,0.3444797545671463,0.046313654631376266,0.046313654631376266,0.033944837749004364,0.44603076577186584,0.0002358383212208572
851,0.0008891555189620703,0.0008891555189620703,0.3447462171316147,0.046351294964551926,0.046351294964551926,0.03389713168144226,0.4457787871360779,0.00023485274104943372
852,0.0008887595904525369,0.0008887595904525369,0.3445242643356323,0.04630109667778015,0.04630109667778015,0.03394077718257904,0.44591087102890015,0.00023386914951483565
853,0.0008880961977411062,0.0008880961977411062,0.3443724364042282,0.04633580520749092,0.04633580520749092,0.03393371403217316,0.445844829082489,0.00023288755335848884
854,0.0008879909582901746,0.0008879909582901746,0.3441561162471771,0.04633501544594765,0.04633501544594765,0.03394060581922531,0.4459224045276642,0.00023190795930814366
855,0.0008874910126905888,0.0008874910126905888,0.34411804378032684,0.04635196551680565,0.04635196551680565,0.033920492976903915,0.44592589139938354,0.0002309303740778282
856,0.0008870381861925125,0.0008870381861925125,0.34424495697021484,0.046330004930496216,0.046330004930496216,0.03395036607980728,0.4460829198360443,0.00022995480436780198
857,0.0008862021495588124,0.0008862021495588124,0.3442929536104202,0.04634343832731247,0.04634343832731247,0.0339643657207489,0.4460727870464325,0.00022898125686451055
858,0.0008861866954248399,0.0008861866954248399,0.34423956274986267,0.04634005203843117,0.04634005203843117,0.03394453972578049,0.4459475576877594,0.0002280097382405394
859,0.0008856292988639325,0.0008856292988639325,0.3440733402967453,0.046352095901966095,0.046352095901966095,0.03392365574836731,0.4458892047405243,0.00022704025515456867
860,0.0008855594496708363,0.0008855594496708363,0.34401461482048035,0.04631604626774788,0.04631604626774788,0.03395413979887962,0.44607627391815186,0.00022607281425132667
861,0.0008848453289829195,0.0008848453289829195,0.3439718633890152,0.04631552845239639,0.04631552845239639,0.033917009830474854,0.44585198163986206,0.0002251074221615451
862,0.0008843090326990932,0.0008843090326990932,0.34390147030353546,0.04634162038564682,0.04634162038564682,0.03395194560289383,0.44599705934524536,0.0002241440855019131
863,0.0008836676424834877,0.0008836676424834877,0.34394776821136475,0.04633358493447304,0.04633358493447304,0.03394480049610138,0.44597703218460083,0.00022318281087503253
864,0.0008837708010105416,0.0008837708010105416,0.34414535760879517,0.04636261984705925,0.04636261984705925,0.03390352800488472,0.4458170235157013,0.00022222360486937176
865,0.0008830424339976162,0.0008830424339976162,0.34402261674404144,0.04630264267325401,0.04630264267325401,0.03392636775970459,0.44588547945022583,0.00022126647405922153
866,0.0008826973207760602,0.0008826973207760602,0.3438011556863785,0.04631431773304939,0.04631431773304939,0.033918291330337524,0.44586464762687683,0.00022031142500464942
867,0.0008819854992907494,0.0008819854992907494,0.3437029719352722,0.046384744346141815,0.046384744346141815,0.033899590373039246,0.4457629919052124,0.00021935846425145445
868,0.0008818313071969897,0.0008818313071969897,0.3437958359718323,0.04640130326151848,0.04640130326151848,0.03392929583787918,0.4459533989429474,0.000218407598331123
869,0.0008816699264571071,0.0008816699264571071,0.3438694030046463,0.046350184828042984,0.046350184828042984,0.03394404798746109,0.44596153497695923,0.00021745883376078344
870,0.0008809934370219707,0.0008809934370219707,0.343670129776001,0.046328019350767136,0.046328019350767136,0.03395373374223709,0.44600996375083923,0.00021651217704316225
871,0.0008807326667010784,0.0008807326667010784,0.3434302806854248,0.04632658511400223,0.04632658511400223,0.03395727276802063,0.4460558295249939,0.00021556763466653835
872,0.0008804528915788978,0.0008804528915788978,0.34347517788410187,0.0462799072265625,0.0462799072265625,0.03398073464632034,0.4461590349674225,0.0002146252131046995
873,0.000879745784914121,0.000879745784914121,0.3437569886445999,0.046347931027412415,0.046347931027412415,0.03393390029668808,0.44599127769470215,0.00021368491881689739
874,0.0008794779423624277,0.0008794779423624277,0.3437781184911728,0.0463983491063118,0.0463983491063118,0.03393155708909035,0.4459803104400635,0.00021274675824780405
875,0.00087884278036654,0.00087884278036654,0.34372445940971375,0.04636470228433609,0.04636470228433609,0.03391658514738083,0.445860892534256,0.00021181073782746673
876,0.0008785934915067628,0.0008785934915067628,0.34337179362773895,0.04630609229207039,0.04630609229207039,0.03389865905046463,0.4457393288612366,0.0002108768639712647
877,0.0008787244441919029,0.0008787244441919029,0.3432408422231674,0.04629439488053322,0.04629439488053322,0.03392547369003296,0.44590499997138977,0.00020994514307986494
878,0.0008779128838796169,0.0008779128838796169,0.34341828525066376,0.04638943076133728,0.04638943076133728,0.03390272706747055,0.4458718001842499,0.00020901558153917806
879,0.0008778809278737754,0.0008778809278737754,0.3435164839029312,0.0463605672121048,0.0463605672121048,0.03392631560564041,0.4459295868873596,0.00020808818572031463
880,0.0008769691630732268,0.0008769691630732268,0.3432733565568924,0.04629531875252724,0.04629531875252724,0.033947646617889404,0.44593656063079834,0.00020716296197954175
881,0.0008770096756052226,0.0008770096756052226,0.34308235347270966,0.0462951585650444,0.0462951585650444,0.03396974503993988,0.4460839033126831,0.00020623991665823956
882,0.0008768155385041609,0.0008768155385041609,0.3431669771671295,0.04639800265431404,0.04639800265431404,0.03395863622426987,0.446169376373291,0.0002053190560828572
883,0.0008761234930716455,0.0008761234930716455,0.34327225387096405,0.046364881098270416,0.046364881098270416,0.03391224890947342,0.44592779874801636,0.0002044003865648699
884,0.000875963072758168,0.000875963072758168,0.34326304495334625,0.04634671285748482,0.04634671285748482,0.0338912308216095,0.44580310583114624,0.00020348391440073562
885,0.0008753850124776363,0.0008753850124776363,0.34311099350452423,0.046367064118385315,0.046367064118385315,0.033928655087947845,0.4459337890148163,0.000202569645871852
886,0.0008746341918595135,0.0008746341918595135,0.34307314455509186,0.04635392129421234,0.04635392129421234,0.0339670404791832,0.4461115300655365,0.00020165758724451346
887,0.0008745200757402927,0.0008745200757402927,0.3430301994085312,0.0463700108230114,0.0463700108230114,0.03392529487609863,0.4459061622619629,0.00020074774476986729
888,0.0008743894286453724,0.0008743894286453724,0.3430330157279968,0.046382416039705276,0.046382416039705276,0.033946409821510315,0.44601187109947205,0.0001998401246838723
889,0.0008732255082577467,0.0008732255082577467,0.34309573471546173,0.04633069783449173,0.04633069783449173,0.033970583230257034,0.4461473822593689,0.0001989347332072547
890,0.0008730436093173921,0.0008730436093173921,0.3429865539073944,0.04631316289305687,0.04631316289305687,0.03396415337920189,0.44611117243766785,0.0001980315765454664
891,0.0008726586384000257,0.0008726586384000257,0.34289149940013885,0.046324845403432846,0.046324845403432846,0.03394277021288872,0.44606873393058777,0.0001971306608886418
892,0.0008725989609956741,0.0008725989609956741,0.34285394847393036,0.04634372517466545,0.04634372517466545,0.033914439380168915,0.4459133446216583,0.00019623199241155628
893,0.0008722540223971009,0.0008722540223971009,0.3429446816444397,0.046364232897758484,0.046364232897758484,0.03397274762392044,0.4462006986141205,0.00019533557727358282
894,0.0008721349004190415,0.0008721349004190415,0.3428531885147095,0.04636892303824425,0.04636892303824425,0.03394415229558945,0.4460054337978363,0.00019444142161865034
895,0.0008711431000847369,0.0008711431000847369,0.34279003739356995,0.04633384943008423,0.04633384943008423,0.033912405371665955,0.44580453634262085,0.0001935495315752015
896,0.00087108148727566,0.00087108148727566,0.34266456961631775,0.04632985591888428,0.04632985591888428,0.03394683822989464,0.44603052735328674,0.0001926599132561509
897,0.0008703659113962203,0.0008703659113962203,0.34269434213638306,0.046382639557123184,0.046382639557123184,0.03395168483257294,0.44609808921813965,0.00019177257275884303
898,0.0008707205124665052,0.0008707205124665052,0.34271469712257385,0.04639796167612076,0.04639796167612076,0.03391854837536812,0.44592997431755066,0.00019088751616501006
899,0.0008700367179699242,0.0008700367179699242,0.34254950284957886,0.046320363879203796,0.046320363879203796,0.03393895924091339,0.44600576162338257,0.00019000474954073107
900,0.0008695802825968713,0.0008695802825968713,0.34259314835071564,0.0463532879948616,0.0463532879948616,0.03392947465181351,0.4459996521472931,0.00018912427893638946
901,0.0008696562435943633,0.0008696562435943633,0.3427100330591202,0.04638797789812088,0.04638797789812088,0.033896706998348236,0.4458169937133789,0.0001882461103866322
902,0.0008686330111231655,0.0008686330111231655,0.3424118906259537,0.0463714636862278,0.0463714636862278,0.0339696928858757,0.446135550737381,0.0001873702499103281
903,0.0008687447407282889,0.0008687447407282889,0.3425034284591675,0.04633428156375885,0.04633428156375885,0.033991262316703796,0.4462657570838928,0.00018649670351052704
904,0.0008679678430780768,0.0008679678430780768,0.3425474762916565,0.04636474326252937,0.04636474326252937,0.03392469137907028,0.44595763087272644,0.00018562547717441803
905,0.0008679230231791735,0.0008679230231791735,0.34254806488752365,0.04639832675457001,0.04639832675457001,0.03389272838830948,0.44582974910736084,0.00018475657687328892
906,0.0008675441495142877,0.0008675441495142877,0.34242822229862213,0.0463629849255085,0.0463629849255085,0.03396578133106232,0.4461781978607178,0.0001838900085624849
907,0.0008674290729686618,0.0008674290729686618,0.342386394739151,0.04635918512940407,0.04635918512940407,0.0339616984128952,0.4461260139942169,0.0001830257781813683
908,0.0008665848290547729,0.0008665848290547729,0.34233689308166504,0.046348750591278076,0.046348750591278076,0.0339529812335968,0.4460706412792206,0.00018216389165327752
909,0.0008661827014293522,0.0008661827014293522,0.34243589639663696,0.046364184468984604,0.046364184468984604,0.03392746299505234,0.4459712505340576,0.000181304354885486
910,0.0008662494947202504,0.0008662494947202504,0.3424723893404007,0.04639119654893875,0.04639119654893875,0.0339377298951149,0.4460567533969879,0.00018044717376916293
911,0.0008655001875013113,0.0008655001875013113,0.3423140197992325,0.046359650790691376,0.046359650790691376,0.03393916040658951,0.4459940195083618,0.00017959235417933138
912,0.0008655393903609365,0.0008655393903609365,0.3419804275035858,0.04633134603500366,0.04633134603500366,0.033928509801626205,0.44589775800704956,0.0001787399019748292
913,0.0008647376671433449,0.0008647376671433449,0.3420182019472122,0.04640482738614082,0.04640482738614082,0.03390780836343765,0.4458993375301361,0.00017788982299826814
914,0.0008646945934742689,0.0008646945934742689,0.34225794672966003,0.04642115905880928,0.04642115905880928,0.03392930328845978,0.4460446238517761,0.0001770421230759947
915,0.0008646380447316915,0.0008646380447316915,0.3422866612672806,0.04638412967324257,0.04638412967324257,0.03394230455160141,0.4460431933403015,0.00017619680801804905
916,0.0008640153100714087,0.0008640153100714087,0.3420405387878418,0.046317048370838165,0.046317048370838165,0.033976756036281586,0.4461199939250946,0.00017535388361812596
917,0.00086398352868855,0.00086398352868855,0.34188251197338104,0.04638649895787239,0.04638649895787239,0.03392668068408966,0.44598591327667236,0.0001745133556535347
918,0.0008636816346552223,0.0008636816346552223,0.342055544257164,0.04638354852795601,0.04638354852795601,0.033957529813051224,0.44619494676589966,0.00017367522988516001
919,0.00086282889242284,0.00086282889242284,0.3421470820903778,0.04639700800180435,0.04639700800180435,0.03394080698490143,0.4460938572883606,0.00017283951205742212
920,0.0008625760674476624,0.0008625760674476624,0.3420321047306061,0.046353235840797424,0.046353235840797424,0.03393420949578285,0.4459899961948395,0.0001720062078982373
921,0.0008624042384326458,0.0008624042384326458,0.3417588323354721,0.046351149678230286,0.046351149678230286,0.03396785631775856,0.4461382031440735,0.0001711753231189792
922,0.0008618789725005627,0.0008618789725005627,0.3418447971343994,0.04640212655067444,0.04640212655067444,0.03394193947315216,0.4460490942001343,0.00017034686341443875
923,0.0008617097919341177,0.0008617097919341177,0.3418737053871155,0.04639468714594841,0.04639468714594841,0.03392089158296585,0.4459601044654846,0.00016952083446278627
924,0.0008616147970315069,0.0008616147970315069,0.34198686480522156,0.046330325305461884,0.046330325305461884,0.03399554640054703,0.4462869167327881,0.0001686972419255314
925,0.0008613331301603466,0.0008613331301603466,0.3417225182056427,0.04633735865354538,0.04633735865354538,0.03396544232964516,0.44616901874542236,0.00016787609144748545
926,0.0008602623711340129,0.0008602623711340129,0.34171223640441895,0.04639744386076927,0.04639744386076927,0.03392532840371132,0.4459966719150543,0.00016705738865672182
927,0.0008616266277385876,0.0008616266277385876,0.34199219197034836,0.04644201695919037,0.04644201695919037,0.0339026153087616,0.4458737373352051,0.0001662411391645376
928,0.0008606574265286326,0.0008606574265286326,0.34196703135967255,0.04635414108633995,0.04635414108633995,0.03399861976504326,0.4463271498680115,0.00016542734856541546
929,0.0008603314636275172,0.0008603314636275172,0.34163089096546173,0.046379782259464264,0.046379782259464264,0.03398094326257706,0.4462849795818329,0.0001646160224369851
930,0.0008594178652856499,0.0008594178652856499,0.3416454792022705,0.04642957076430321,0.04642957076430321,0.03390920162200928,0.4459765553474426,0.00016380716633998502
931,0.0008593077945988625,0.0008593077945988625,0.3416275829076767,0.046415042132139206,0.046415042132139206,0.033931441605091095,0.44607797265052795,0.00016300078581822424
932,0.0008588289929321036,0.0008588289929321036,0.34172819554805756,0.046334948390722275,0.046334948390722275,0.033977799117565155,0.4462147057056427,0.0001621968863985447
933,0.0008583187300246209,0.0008583187300246209,0.34163620322942734,0.04634726792573929,0.04634726792573929,0.03396514803171158,0.44615060091018677,0.00016139547359078288
934,0.0008578411652706563,0.0008578411652706563,0.34155139327049255,0.04639175534248352,0.04639175534248352,0.033921778202056885,0.4459835886955261,0.00016059655288773252
935,0.0008577674743719399,0.0008577674743719399,0.34150221943855286,0.046418625861406326,0.046418625861406326,0.03391820192337036,0.4459769129753113,0.00015980012976510652
936,0.0008572730585001409,0.0008572730585001409,0.34140288829803467,0.04635508358478546,0.04635508358478546,0.033953942358493805,0.4461405873298645,0.00015900620968149992
937,0.0008570515783503652,0.0008570515783503652,0.3413431644439697,0.04632444679737091,0.04632444679737091,0.03397402912378311,0.4462284445762634,0.00015821479807835208
938,0.0008568451157771051,0.0008568451157771051,0.3414158821105957,0.046357251703739166,0.046357251703739166,0.03394312784075737,0.44611504673957825,0.00015742590037990937
939,0.00085688971739728,0.00085688971739728,0.34147438406944275,0.04640550538897514,0.04640550538897514,0.033932141959667206,0.4460493326187134,0.00015663952199318837
940,0.0008563263982068747,0.0008563263982068747,0.34151288866996765,0.046377308666706085,0.046377308666706085,0.03398238122463226,0.44626110792160034,0.00015585566830793863
941,0.0008561768336221576,0.0008561768336221576,0.3414265364408493,0.04638088494539261,0.04638088494539261,0.03395584225654602,0.44613397121429443,0.00015507434469660543
942,0.0008556200773455203,0.0008556200773455203,0.3411986529827118,0.04639649763703346,0.04639649763703346,0.0339486263692379,0.4461252689361572,0.00015429555651429316
943,0.0008551350911147892,0.0008551350911147892,0.3411785811185837,0.046372558921575546,0.046372558921575546,0.03396112471818924,0.446198046207428,0.0001535193090987291
944,0.0008550860511604697,0.0008550860511604697,0.34127941727638245,0.04638425633311272,0.04638425633311272,0.03395530581474304,0.4461701512336731,0.00015274560777022597
945,0.0008549355261493474,0.0008549355261493474,0.34129342436790466,0.0463544987142086,0.0463544987142086,0.03397047892212868,0.44621023535728455,0.0001519744578316461
946,0.000854316254844889,0.000854316254844889,0.34117405116558075,0.046372488141059875,0.046372488141059875,0.03395345062017441,0.4461408853530884,0.00015120586456836467
947,0.0008541584829799831,0.0008541584829799831,0.341158926486969,0.04637452960014343,0.04637452960014343,0.03395972028374672,0.44618678092956543,0.00015043983324823402
948,0.0008536332461517304,0.0008536332461517304,0.34118635952472687,0.04636811837553978,0.04636811837553978,0.033942073583602905,0.44609731435775757,0.00014967636912154703
949,0.0008534282969776541,0.0008534282969776541,0.3411858081817627,0.04636967182159424,0.04636967182159424,0.03394319489598274,0.4460969865322113,0.0001489154774210012
950,0.0008532588253729045,0.0008532588253729045,0.34118103981018066,0.046390943229198456,0.046390943229198456,0.03394085541367531,0.44608086347579956,0.00014815716336166314
951,0.0008529774786438793,0.0008529774786438793,0.34108857810497284,0.04638223722577095,0.04638223722577095,0.033950306475162506,0.44614094495773315,0.00014740143214093265
952,0.0008525566954631358,0.0008525566954631358,0.34091752767562866,0.046398188918828964,0.046398188918828964,0.03393802046775818,0.44610053300857544,0.00014664828893850676
953,0.0008525442099198699,0.0008525442099198699,0.34092965722084045,0.04639846831560135,0.04639846831560135,0.033937521278858185,0.44606927037239075,0.00014589773891634448
954,0.0008520766423316672,0.0008520766423316672,0.3408954441547394,0.04636302962899208,0.04636302962899208,0.03394600376486778,0.44609421491622925,0.00014514978721863196
955,0.0008517860260326415,0.0008517860260326415,0.34081847965717316,0.04636503383517265,0.04636503383517265,0.03395775705575943,0.4461599588394165,0.00014440443897174618
956,0.0008520632400177419,0.0008520632400177419,0.34098851680755615,0.046416107565164566,0.046416107565164566,0.03394294157624245,0.4461382329463959,0.00014366169928422062
957,0.0008515043155057356,0.0008515043155057356,0.3410114347934723,0.04641541838645935,0.04641541838645935,0.033962976187467575,0.4462006688117981,0.00014292157324670982
958,0.0008513537468388677,0.0008513537468388677,0.3410088121891022,0.0464068166911602,0.0464068166911602,0.033965956419706345,0.44623029232025146,0.00014218406593195502
959,0.0008509350300300866,0.0008509350300300866,0.3408546894788742,0.046406716108322144,0.046406716108322144,0.033944666385650635,0.446125328540802,0.0001414491823947486
960,0.000850560812978074,0.000850560812978074,0.34072721004486084,0.0463678315281868,0.0463678315281868,0.03396502882242203,0.4462069571018219,0.00014071692767189998
961,0.0008503132849000394,0.0008503132849000394,0.34066958725452423,0.04641071707010269,0.04641071707010269,0.03395581990480423,0.4462251663208008,0.0001399873067822011
962,0.0008500479598296806,0.0008500479598296806,0.3407287150621414,0.04640405625104904,0.04640405625104904,0.033972982317209244,0.4462836682796478,0.00013926032472639198
963,0.0008495964284520596,0.0008495964284520596,0.34078115224838257,0.04640749469399452,0.04640749469399452,0.03395640105009079,0.4461888074874878,0.00013853598648712619
964,0.0008496623195242137,0.0008496623195242137,0.3407609611749649,0.04640297219157219,0.04640297219157219,0.03395183011889458,0.44620320200920105,0.00013781429702893668
965,0.0008491457265336066,0.0008491457265336066,0.340654581785202,0.04638521373271942,0.04638521373271942,0.03398162126541138,0.4463353753089905,0.0001370952612982025
966,0.00084901180525776,0.00084901180525776,0.34069429337978363,0.046391796320676804,0.046391796320676804,0.03396096080541611,0.4462236166000366,0.00013637888422311393
967,0.0008487662998959422,0.0008487662998959422,0.34070849418640137,0.04637495428323746,0.04637495428323746,0.033963896334171295,0.4461963176727295,0.0001356651707136392
968,0.0008483997808070853,0.0008483997808070853,0.34066811203956604,0.04639154672622681,0.04639154672622681,0.03393764793872833,0.4460878372192383,0.0001349541256614906
969,0.0008481175173074007,0.0008481175173074007,0.34054116904735565,0.046390432864427567,0.046390432864427567,0.033939965069293976,0.44608086347579956,0.00013424575394009169
970,0.0008479654497932643,0.0008479654497932643,0.34048934280872345,0.04638322815299034,0.04638322815299034,0.0339745357632637,0.44630318880081177,0.0001335400604045427
971,0.0008477267110720277,0.0008477267110720277,0.3405710905790329,0.04640524089336395,0.04640524089336395,0.033969998359680176,0.4462753236293793,0.00013283704989158803
972,0.000848079624120146,0.000848079624120146,0.3406566381454468,0.04639182239770889,0.04639182239770889,0.033991675823926926,0.4463624954223633,0.00013213672721958315
973,0.0008469992899335921,0.0008469992899335921,0.3406519740819931,0.04639940708875656,0.04639940708875656,0.03395890071988106,0.44620752334594727,0.00013143909718846137
974,0.0008470341272186488,0.0008470341272186488,0.3405376821756363,0.0463985949754715,0.0463985949754715,0.03393929451704025,0.446135014295578,0.00013074416457970058
975,0.0008471469336654991,0.0008471469336654991,0.34038788080215454,0.04637354612350464,0.04637354612350464,0.03396037966012955,0.4462401866912842,0.00013005193415629106
976,0.0008463276899419725,0.0008463276899419725,0.3402741402387619,0.046376749873161316,0.046376749873161316,0.033978186547756195,0.44632214307785034,0.00012936241066270287
977,0.0008465607388643548,0.0008465607388643548,0.34044623374938965,0.04640202969312668,0.04640202969312668,0.033964913338422775,0.4462486505508423,0.00012867559882485266
978,0.0008460597600787878,0.0008460597600787878,0.3404424637556076,0.046446364372968674,0.046446364372968674,0.033918969333171844,0.44602513313293457,0.00012799150335007184
979,0.0008457587973680347,0.0008457587973680347,0.34039102494716644,0.046422943472862244,0.046422943472862244,0.03394114971160889,0.44610336422920227,0.00012731012892707418
980,0.0008452694746665657,0.0008452694746665657,0.34032583236694336,0.04639540985226631,0.04639540985226631,0.03397198021411896,0.4462621808052063,0.00012663148022592377
981,0.0008452045440208167,0.0008452045440208167,0.34021636843681335,0.04638517275452614,0.04638517275452614,0.03398619592189789,0.4463711380958557,0.00012595556189800284
982,0.0008447990694548935,0.0008447990694548935,0.34021276235580444,0.04638161510229111,0.04638161510229111,0.033970363438129425,0.44631868600845337,0.00012528237857597978
983,0.0008448015723843127,0.0008448015723843127,0.34034278988838196,0.04638824611902237,0.04638824611902237,0.03394624590873718,0.44617414474487305,0.00012461193487377773
984,0.0008444062987109646,0.0008444062987109646,0.34029248356819153,0.04639357700943947,0.04639357700943947,0.03395400941371918,0.44621992111206055,0.00012394423538654298
985,0.0008440772362519056,0.0008440772362519056,0.3401792198419571,0.04639800637960434,0.04639800637960434,0.033965371549129486,0.44626760482788086,0.0001232792846906129
986,0.0008438915829174221,0.0008438915829174221,0.34010130167007446,0.04639444127678871,0.04639444127678871,0.033978089690208435,0.44631293416023254,0.000122617087343485
987,0.0008438262884737924,0.0008438262884737924,0.34009747207164764,0.046416789293289185,0.046416789293289185,0.03395869582891464,0.44620198011398315,0.00012195764788378597
988,0.0008434295596089214,0.0008434295596089214,0.34013649821281433,0.04640720784664154,0.04640720784664154,0.03396870195865631,0.4462244510650635,0.00012130097083123988
989,0.0008432491158600897,0.0008432491158600897,0.3401513397693634,0.046391408890485764,0.046391408890485764,0.033989354968070984,0.44636037945747375,0.00012064706068663775
990,0.0008429301669821143,0.0008429301669821143,0.34022529423236847,0.04641341790556908,0.04641341790556908,0.03398124873638153,0.4463476538658142,0.00011999592193180642
991,0.0008428015280514956,0.0008428015280514956,0.3402194529771805,0.04640519246459007,0.04640519246459007,0.03394909203052521,0.446182519197464,0.0001193475590295782
992,0.0008423319086432457,0.0008423319086432457,0.3401034474372864,0.0464024543762207,0.0464024543762207,0.03394754230976105,0.44617652893066406,0.00011870197642375958
993,0.0008424978295806795,0.0008424978295806795,0.33998529613018036,0.046378567814826965,0.046378567814826965,0.03397137299180031,0.4463241696357727,0.00011805917853910158
994,0.0008420510857831687,0.0008420510857831687,0.3398784399032593,0.046388622373342514,0.046388622373342514,0.0339658297598362,0.446285218000412,0.00011741916978126905
995,0.000841636472614482,0.000841636472614482,0.3398708254098892,0.046388737857341766,0.046388737857341766,0.03395972400903702,0.4462225139141083,0.00011678195453681021
996,0.0008417950448347256,0.0008417950448347256,0.33999599516391754,0.04640315845608711,0.04640315845608711,0.03397180885076523,0.44627273082733154,0.00011614753717312706
997,0.0008412351162405685,0.0008412351162405685,0.3399854749441147,0.04640769958496094,0.04640769958496094,0.03395921736955643,0.4462135434150696,0.00011551592203844503
998,0.0008415183692704886,0.0008415183692704886,0.34002310037612915,0.04638931527733803,0.04638931527733803,0.0339815728366375,0.44636070728302,0.00011488711346178371
999,0.000840855500428006,0.000840855500428006,0.33985933661460876,0.046406734734773636,0.046406734734773636,0.033956509083509445,0.44625771045684814,0.00011426111575292664
1000,0.0008406418201047927,0.0008406418201047927,0.33982203900814056,0.04640898481011391,0.04640898481011391,0.03395502269268036,0.44625040888786316,0.00011363793320239197
1001,0.0008404292748309672,0.0008404292748309672,0.3397907614707947,0.04639483243227005,0.04639483243227005,0.03394550085067749,0.44619113206863403,0.00011301757008140304
1002,0.0008401900122407824,0.0008401900122407824,0.33971232175827026,0.04640752822160721,0.04640752822160721,0.03395354002714157,0.44623762369155884,0.00011240003064185949
1003,0.0008398225763812661,0.0008398225763812661,0.33974334597587585,0.0464208759367466,0.0464208759367466,0.03395858034491539,0.4462474286556244,0.00011178531911630718
1004,0.0008399944345001131,0.0008399944345001131,0.33981944620609283,0.0464627668261528,0.0464627668261528,0.03395239636301994,0.446224182844162,0.0001111734397179102
1005,0.0008396136690862477,0.0008396136690862477,0.3397817760705948,0.04642169550061226,0.04642169550061226,0.033972665667533875,0.44630855321884155,0.00011056439664042159
1006,0.0008391932642553002,0.0008391932642553002,0.33975811302661896,0.046403784304857254,0.046403784304857254,0.033988598734140396,0.4463689923286438,0.00010995819405815428
1007,0.0008390910224989057,0.0008390910224989057,0.33979539573192596,0.04642341658473015,0.04642341658473015,0.033976197242736816,0.4463323652744293,0.00010935483612595288
1008,0.0008389964641537517,0.0008389964641537517,0.3397971987724304,0.04639919102191925,0.04639919102191925,0.03396749496459961,0.446283221244812,0.00010875432697916504
1009,0.0008386873232666403,0.0008386873232666403,0.33971452713012695,0.04638339579105377,0.04638339579105377,0.033976055681705475,0.4463454484939575,0.00010815667073361336
1010,0.0008383342064917088,0.0008383342064917088,0.33960849046707153,0.046396609395742416,0.046396609395742416,0.03398417681455612,0.4463840126991272,0.00010756187148556673
1011,0.0008384500106330961,0.0008384500106330961,0.33971044421195984,0.04641304165124893,0.04641304165124893,0.03398837149143219,0.4464043378829956,0.00010696993331171266
1012,0.0008381553634535521,0.0008381553634535521,0.33968088030815125,0.04640677571296692,0.04640677571296692,0.03396760672330856,0.4463324248790741,0.00010638086026912896
1013,0.000837725296150893,0.000837725296150893,0.3395698219537735,0.046399250626564026,0.046399250626564026,0.03395625948905945,0.44626331329345703,0.0001057946563952565
1014,0.0008378613565582782,0.0008378613565582782,0.339580237865448,0.04642416909337044,0.04642416909337044,0.03396502882242203,0.4463134706020355,0.00010521132570787084
1015,0.0008373461314477026,0.0008373461314477026,0.3395349383354187,0.04642000421881676,0.04642000421881676,0.033976297825574875,0.4463399648666382,0.00010463087220505528
1016,0.0008372011361643672,0.0008372011361643672,0.3395223021507263,0.04640918970108032,0.04640918970108032,0.03397061675786972,0.44630950689315796,0.00010405329986517322
1017,0.0008368803537450731,0.0008368803537450731,0.339523047208786,0.04641431197524071,0.04641431197524071,0.03397248685359955,0.4463099539279938,0.00010347861264684072
1018,0.0008367890259250998,0.0008367890259250998,0.33953242003917694,0.04640002176165581,0.04640002176165581,0.03397488594055176,0.4463234841823578,0.00010290681448889955
1019,0.000836574356071651,0.000836574356071651,0.33954980969429016,0.04641852155327797,0.04641852155327797,0.033959947526454926,0.4462513327598572,0.00010233790931039032
1020,0.0008364031673409045,0.0008364031673409045,0.3395409882068634,0.046430159360170364,0.046430159360170364,0.03394912928342819,0.44623327255249023,0.0001017719010105255
1021,0.0008361318905372173,0.0008361318905372173,0.3394896984100342,0.04643018916249275,0.04643018916249275,0.0339614637196064,0.44626981019973755,0.00010120879346866256
1022,0.0008360039792023599,0.0008360039792023599,0.33940404653549194,0.046414103358983994,0.046414103358983994,0.03396652638912201,0.4463161826133728,0.00010064859054427746
1023,0.0008357085753232241,0.0008357085753232241,0.33928269147872925,0.04639757052063942,0.04639757052063942,0.033978141844272614,0.44634199142456055,0.00010009129607693832
1024,0.0008354714518645778,0.0008354714518645778,0.33932213485240936,0.046411771327257156,0.046411771327257156,0.03396056592464447,0.4462552070617676,9.953691388627918e-05
1025,0.0008352384902536869,0.0008352384902536869,0.33929505944252014,0.04641448333859444,0.04641448333859444,0.03396721929311752,0.4462893605232239,9.898544777197328e-05
1026,0.0008350898569915444,0.0008350898569915444,0.33933256566524506,0.0464162640273571,0.0464162640273571,0.03396923094987869,0.4463329017162323,9.843690151370771e-05
1027,0.000834926962852478,0.000834926962852478,0.3393876701593399,0.04641397297382355,0.04641397297382355,0.033977750688791275,0.4463897943496704,9.789127887115725e-05
1028,0.0008347264374606311,0.0008347264374606311,0.33935368061065674,0.046401381492614746,0.046401381492614746,0.03397092968225479,0.4463532269001007,9.734858358395826e-05
1029,0.0008345466776518151,0.0008345466776518151,0.33930230140686035,0.046388644725084305,0.046388644725084305,0.033974453806877136,0.4463341534137726,9.680881937168352e-05
1030,0.0008344538509845734,0.0008344538509845734,0.33928364515304565,0.04638247564435005,0.04638247564435005,0.03398049622774124,0.44633984565734863,9.627198993381637e-05
1031,0.0008341790235135704,0.0008341790235135704,0.3392431437969208,0.04641193524003029,0.04641193524003029,0.03396252542734146,0.4462738037109375,9.573809894972587e-05
1032,0.0008340092026628554,0.0008340092026628554,0.33927904069423676,0.04643111303448677,0.04643111303448677,0.0339677557349205,0.4463253617286682,9.520715007864097e-05
1033,0.0008337661565747112,0.0008337661565747112,0.3392561078071594,0.04642919823527336,0.04642919823527336,0.03395888954401016,0.4462800621986389,9.46791469596257e-05
1034,0.0008336746977875009,0.0008336746977875009,0.33920930325984955,0.04643019288778305,0.04643019288778305,0.033952806144952774,0.446262001991272,9.415409321155435e-05
1035,0.0008334390295203775,0.0008334390295203775,0.3391154408454895,0.04640175774693489,0.04640175774693489,0.03396286815404892,0.44628188014030457,9.363199243308662e-05
1036,0.0008333100413437933,0.0008333100413437933,0.33907778561115265,0.04640844836831093,0.04640844836831093,0.03398285061120987,0.44637399911880493,9.31128482026426e-05
1037,0.0008331137651111931,0.0008331137651111931,0.3391159772872925,0.04642334207892418,0.04642334207892418,0.03398241102695465,0.44639497995376587,9.259666407837888e-05
1038,0.0008328629191964865,0.0008328629191964865,0.33914925158023834,0.04642099142074585,0.04642099142074585,0.03398457169532776,0.44641202688217163,9.208344359816365e-05
1039,0.0008327020623255521,0.0008327020623255521,0.33919838070869446,0.04641726613044739,0.04641726613044739,0.03398972004652023,0.44644397497177124,9.157319027955257e-05
1040,0.0008327857358381152,0.0008327857358381152,0.339160680770874,0.04642074555158615,0.04642074555158615,0.033974215388298035,0.44639936089515686,9.106590761976478e-05
1041,0.0008325315720867366,0.0008325315720867366,0.3390840142965317,0.04640686884522438,0.04640686884522438,0.03398054838180542,0.4464062452316284,9.056159909565868e-05
1042,0.0008324109076056629,0.0008324109076056629,0.33900462090969086,0.046407684683799744,0.046407684683799744,0.03398779779672623,0.4464341998100281,9.006026816370866e-05
1043,0.0008320791239384562,0.0008320791239384562,0.33901259303092957,0.04642752557992935,0.04642752557992935,0.03398757800459862,0.44645383954048157,8.956191825998066e-05
1044,0.0008317753672599792,0.0008317753672599792,0.3390544652938843,0.04642089456319809,0.04642089456319809,0.03398522734642029,0.4464176297187805,8.90665528001092e-05
1045,0.0008315735612995923,0.0008315735612995923,0.3390250951051712,0.046418312937021255,0.046418312937021255,0.033966243267059326,0.4463014006614685,8.85741751792735e-05
1046,0.0008314741717185825,0.0008314741717185825,0.3389730304479599,0.04642227292060852,0.04642227292060852,0.033957451581954956,0.44625768065452576,8.808478877217474e-05
1047,0.0008313243160955608,0.0008313243160955608,0.3389793634414673,0.04643191024661064,0.04643191024661064,0.03397583216428757,0.44637778401374817,8.75983969330127e-05
1048,0.0008310746634379029,0.0008310746634379029,0.3389492481946945,0.04641512781381607,0.04641512781381607,0.03399045765399933,0.446454256772995,8.711500299546234e-05
1049,0.0008310254488606006,0.0008310254488606006,0.33891990780830383,0.04639078304171562,0.04639078304171562,0.03399058058857918,0.44642725586891174,8.663461027265183e-05
1050,0.0008307061507366598,0.0008307061507366598,0.3389011025428772,0.046407535672187805,0.046407535672187805,0.03398102521896362,0.4464014768600464,8.615722205713893e-05
1051,0.0008307000680360943,0.0008307000680360943,0.33893023431301117,0.04642082378268242,0.04642082378268242,0.033962324261665344,0.44634810090065,8.568284162088912e-05
1052,0.0008303265203721821,0.0008303265203721821,0.3388652503490448,0.046424347907304764,0.046424347907304764,0.033973079174757004,0.4463938772678375,8.521147221525264e-05
1053,0.0008302278001792729,0.0008302278001792729,0.33882351219654083,0.04641592502593994,0.04641592502593994,0.03399544954299927,0.44648483395576477,8.474311707094275e-05
1054,0.0008302742789965123,0.0008302742789965123,0.3388083577156067,0.046410202980041504,0.046410202980041504,0.03398445248603821,0.44641292095184326,8.427777939801318e-05
1055,0.0008299791952595115,0.0008299791952595115,0.3387449383735657,0.04642657935619354,0.04642657935619354,0.03398281708359718,0.44640621542930603,8.381546238583621e-05
1056,0.0008297644380945712,0.0008297644380945712,0.3387581706047058,0.04642605781555176,0.04642605781555176,0.033985450863838196,0.44642895460128784,8.335616920308072e-05
1057,0.0008296273299492896,0.0008296273299492896,0.3388327956199646,0.04644337296485901,0.04644337296485901,0.03397787734866142,0.4464205503463745,8.289990299769094e-05
1058,0.0008294116123579443,0.0008294116123579443,0.33883213996887207,0.04641222581267357,0.04641222581267357,0.033982500433921814,0.44642114639282227,8.244666689686438e-05
1059,0.0008292481652460992,0.0008292481652460992,0.33877769112586975,0.04639262333512306,0.04639262333512306,0.03398244455456734,0.44641250371932983,8.199646400703035e-05
1060,0.0008290310215670615,0.0008290310215670615,0.3387763500213623,0.046404071152210236,0.046404071152210236,0.033975888043642044,0.4463830590248108,8.154929741382928e-05
1061,0.0008289626857731491,0.0008289626857731491,0.3387472480535507,0.04641421139240265,0.04641421139240265,0.03398182615637779,0.4464206099510193,8.110517018209074e-05
1062,0.0008287886303151026,0.0008287886303151026,0.33867184817790985,0.04641974717378616,0.04641974717378616,0.03397415578365326,0.4463738799095154,8.066408535581314e-05
1063,0.0008285720832645893,0.0008285720832645893,0.3386581540107727,0.04643235355615616,0.04643235355615616,0.03397079557180405,0.4463641047477722,8.022604595814239e-05
1064,0.0008285384974442422,0.0008285384974442422,0.33872050046920776,0.04644273594021797,0.04644273594021797,0.03396984934806824,0.4463607668876648,7.979105499135165e-05
1065,0.0008283545030280948,0.0008283545030280948,0.3387211710214615,0.046423256397247314,0.046423256397247314,0.033983051776885986,0.4464339315891266,7.935911543682016e-05
1066,0.0008280350593850017,0.0008280350593850017,0.3386460840702057,0.046415314078330994,0.046415314078330994,0.03398873656988144,0.44645658135414124,7.893023025501332e-05
1067,0.0008278909372165799,0.0008278909372165799,0.33863919973373413,0.04639725014567375,0.04639725014567375,0.034001968801021576,0.44650545716285706,7.850440238546205e-05
1068,0.0008277759479824454,0.0008277759479824454,0.338630735874176,0.04640977084636688,0.04640977084636688,0.03398642688989639,0.44644224643707275,7.808163474674299e-05
1069,0.0008276725420728326,0.0008276725420728326,0.33866554498672485,0.0464182123541832,0.0464182123541832,0.03397689759731293,0.44639694690704346,7.766193023645818e-05
1070,0.0008275084255728871,0.0008275084255728871,0.3386746942996979,0.04642166197299957,0.04642166197299957,0.03399037942290306,0.44646337628364563,7.724529173121533e-05
1071,0.000827354728244245,0.000827354728244245,0.3386242389678955,0.04644104838371277,0.04644104838371277,0.03398241102695465,0.4464401602745056,7.683172208660811e-05
1072,0.0008272624691016972,0.0008272624691016972,0.3386157155036926,0.04641655832529068,0.04641655832529068,0.03398699313402176,0.4464276432991028,7.64212241371966e-05
1073,0.0008273031853605062,0.0008273031853605062,0.33856001496315,0.046408407390117645,0.046408407390117645,0.03399953246116638,0.4464852809906006,7.601380069648772e-05
1074,0.0008270886755781248,0.0008270886755781248,0.3385418504476547,0.04642961546778679,0.04642961546778679,0.0339670330286026,0.44636082649230957,7.560945455691606e-05
1075,0.0008267677039839327,0.0008267677039839327,0.3384338319301605,0.04641479626297951,0.04641479626297951,0.03395939618349075,0.4463306963443756,7.520818848982493e-05
1076,0.0008267509110737592,0.0008267509110737592,0.3384705036878586,0.04642154276371002,0.04642154276371002,0.033975016325712204,0.4463975131511688,7.481000524544694e-05
1077,0.0008264061470981687,0.0008264061470981687,0.33853229880332947,0.04642031714320183,0.04642031714320183,0.03399530053138733,0.4464949369430542,7.441490755288545e-05
1078,0.0008262483170256019,0.0008262483170256019,0.3385336399078369,0.04642488434910774,0.04642488434910774,0.03399333357810974,0.44647684693336487,7.40228981200958e-05
1079,0.0008261213370133191,0.0008261213370133191,0.33854302763938904,0.04642725735902786,0.04642725735902786,0.033987611532211304,0.4464447796344757,7.363397963386676e-05
1080,0.0008259398455265909,0.0008259398455265909,0.33851493895053864,0.04642767459154129,0.04642767459154129,0.033982083201408386,0.4464154839515686,7.324815475980216e-05
1081,0.0008258367015514523,0.0008258367015514523,0.33843863010406494,0.04643728956580162,0.04643728956580162,0.03396913409233093,0.446367472410202,7.286542614230237e-05
1082,0.0008256901055574417,0.0008256901055574417,0.33841772377491,0.04643193259835243,0.04643193259835243,0.03397669270634651,0.4464256167411804,7.248579640454658e-05
1083,0.0008254689746536314,0.0008254689746536314,0.33835235238075256,0.04642445221543312,0.04642445221543312,0.033988598734140396,0.4464699923992157,7.21092681484745e-05
1084,0.0008253317791968584,0.0008253317791968584,0.3383686989545822,0.04642830789089203,0.04642830789089203,0.03398776054382324,0.44646596908569336,7.173584395476858e-05
1085,0.0008252620173152536,0.0008252620173152536,0.3384096175432205,0.04644762724637985,0.04644762724637985,0.033968664705753326,0.4463711082935333,7.136552638283643e-05
1086,0.0008251451508840546,0.0008251451508840546,0.3383618891239166,0.046431444585323334,0.046431444585323334,0.03396915644407272,0.44637730717658997,7.099831797079326e-05
1087,0.0008248562226071954,0.0008248562226071954,0.33829517662525177,0.046416573226451874,0.046416573226451874,0.0339803583920002,0.4464174211025238,7.063422123544448e-05
1088,0.0008248057129094377,0.0008248057129094377,0.3382836729288101,0.04641815274953842,0.04641815274953842,0.03399672359228134,0.44651374220848083,7.027323867226813e-05
1089,0.0008246079087257385,0.0008246079087257385,0.33828845620155334,0.046425122767686844,0.046425122767686844,0.033997680991888046,0.4465343952178955,6.99153727553985e-05
1090,0.0008244027849286795,0.0008244027849286795,0.3383208066225052,0.04642549529671669,0.04642549529671669,0.03399045020341873,0.4464991092681885,6.956062593760838e-05
1091,0.000824276328785345,0.000824276328785345,0.338296502828598,0.04642230272293091,0.04642230272293091,0.03398898243904114,0.446474552154541,6.920900065029282e-05
1092,0.0008242675103247166,0.0008242675103247166,0.33832769840955734,0.04642751067876816,0.04642751067876816,0.033990271389484406,0.44646579027175903,6.886049930345211e-05
1093,0.0008239771414082497,0.0008239771414082497,0.33833353221416473,0.04642775282263756,0.04642775282263756,0.03398163244128227,0.4464282989501953,6.851512428567553e-05
1094,0.000824064714834094,0.000824064714834094,0.33832888305187225,0.04643399640917778,0.04643399640917778,0.03397455811500549,0.44642573595046997,6.817287796412468e-05
1095,0.0008239015587605536,0.0008239015587605536,0.3382580578327179,0.04641823470592499,0.04641823470592499,0.033988673239946365,0.4464843273162842,6.783376268451766e-05
1096,0.0008237518195528537,0.0008237518195528537,0.3381955176591873,0.04642956703901291,0.04642956703901291,0.03398134559392929,0.4464566111564636,6.749778077111247e-05
1097,0.0008236200665123761,0.0008236200665123761,0.3381641358137131,0.046433791518211365,0.046433791518211365,0.03396723419427872,0.4463842511177063,6.716493452669165e-05
1098,0.000823391048470512,0.000823391048470512,0.33809933066368103,0.046420030295848846,0.046420030295848846,0.03398410603404045,0.4464598596096039,6.683522623254604e-05
1099,0.0008232812979258597,0.0008232812979258597,0.33807767927646637,0.04641928896307945,0.04641928896307945,0.033991724252700806,0.4464806914329529,6.650865814845932e-05
1100,0.0008232142427004874,0.0008232142427004874,0.3381773680448532,0.046435531228780746,0.046435531228780746,0.033989228308200836,0.44649025797843933,6.618523251269263e-05
1101,0.0008229542872868478,0.0008229542872868478,0.3381766676902771,0.04641617089509964,0.04641617089509964,0.033996716141700745,0.4465186893939972,6.586495154196912e-05
1102,0.0008228588849306107,0.0008228588849306107,0.3382266163825989,0.04641606658697128,0.04641606658697128,0.03400839492678642,0.44657301902770996,6.554781743145862e-05
1103,0.0008228018414229155,0.0008228018414229155,0.3382119834423065,0.04642735421657562,0.04642735421657562,0.033996593207120895,0.44651085138320923,6.523383235476278e-05
1104,0.000822485686512664,0.000822485686512664,0.33819130063056946,0.04643341898918152,0.04643341898918152,0.033988162875175476,0.446468710899353,6.49229984639003e-05
1105,0.0008223961049225181,0.0008223961049225181,0.338151291012764,0.0464351586997509,0.0464351586997509,0.03398645669221878,0.44648632407188416,6.461531788929177e-05
1106,0.0008221876487368718,0.0008221876487368718,0.3381148874759674,0.04642604663968086,0.04642604663968086,0.03399154543876648,0.44651052355766296,6.431079273974535e-05
1107,0.0008220863528549671,0.0008220863528549671,0.33808280527591705,0.046423494815826416,0.046423494815826416,0.03399009257555008,0.446511834859848,6.400942510244239e-05
1108,0.0008220024174079299,0.0008220024174079299,0.3380429446697235,0.04642336815595627,0.04642336815595627,0.033990196883678436,0.44651949405670166,6.371121704292297e-05
1109,0.0008219871087931097,0.0008219871087931097,0.3380228132009506,0.046431414783000946,0.046431414783000946,0.03398354351520538,0.44647982716560364,6.341617060507163e-05
1110,0.0008218231669161469,0.0008218231669161469,0.3379863053560257,0.046437621116638184,0.046437621116638184,0.03398338332772255,0.44648605585098267,6.312428781110369e-05
1111,0.0008215935376938432,0.0008215935376938432,0.33800721168518066,0.04643729329109192,0.04643729329109192,0.03398433327674866,0.4464734196662903,6.283557066155111e-05
1112,0.0008214555855374783,0.0008214555855374783,0.3379863053560257,0.04642590507864952,0.04642590507864952,0.033997055143117905,0.4465288519859314,6.255002113524892e-05
1113,0.0008214080880861729,0.0008214080880861729,0.33803708851337433,0.04642308130860329,0.04642308130860329,0.03400162607431412,0.446541965007782,6.226764118932163e-05
1114,0.0008213543333113194,0.0008213543333113194,0.338023841381073,0.04643455892801285,0.04643455892801285,0.03399612009525299,0.4465391933917999,6.198843275916973e-05
1115,0.0008210264786612242,0.0008210264786612242,0.3379693031311035,0.046436283737421036,0.046436283737421036,0.03399079665541649,0.4465177059173584,6.171239775845655e-05
1116,0.0008210434461943805,0.0008210434461943805,0.337965190410614,0.04642670601606369,0.04642670601606369,0.03399065509438515,0.44649752974510193,6.143953807909508e-05
1117,0.0008208515937440097,0.0008208515937440097,0.3379427343606949,0.04643125832080841,0.04643125832080841,0.03398832306265831,0.4464937150478363,6.116985559123498e-05
1118,0.0008207843929994851,0.0008207843929994851,0.33795297145843506,0.046432334929704666,0.046432334929704666,0.03399112820625305,0.446513831615448,6.090335214324984e-05
1119,0.0008207625214708969,0.0008207625214708969,0.33796751499176025,0.04641169682145119,0.04641169682145119,0.03400925546884537,0.4465879797935486,6.064002956172453e-05
1120,0.0008204533078242093,0.0008204533078242093,0.3379139304161072,0.04640933498740196,0.04640933498740196,0.03400208428502083,0.44654664397239685,6.037988965144241e-05
1121,0.0008203326724469662,0.0008203326724469662,0.33785346150398254,0.04642490670084953,0.04642490670084953,0.0339839868247509,0.44647347927093506,6.012293419537334e-05
1122,0.0008204231562558562,0.0008204231562558562,0.33785562217235565,0.04644228145480156,0.04644228145480156,0.03397146612405777,0.4464242458343506,5.986916495466128e-05
1123,0.0008202389872167259,0.0008202389872167259,0.3379867970943451,0.046424128115177155,0.046424128115177155,0.034000568091869354,0.44657135009765625,5.961858366861222e-05
1124,0.0008200117736123502,0.0008200117736123502,0.3379145860671997,0.04643174260854721,0.04643174260854721,0.034009456634521484,0.4466201066970825,5.937119205468223e-05
1125,0.0008199599105864763,0.0008199599105864763,0.33789190649986267,0.04642535373568535,0.04642535373568535,0.03400323539972305,0.44658297300338745,5.91269918084656e-05
1126,0.0008198613068088889,0.0008198613068088889,0.33785873651504517,0.04644407704472542,0.04644407704472542,0.03397820517420769,0.44644802808761597,5.8885984603683615e-05
1127,0.0008196365379262716,0.0008196365379262716,0.3378596901893616,0.04643706604838371,0.04643706604838371,0.03397359699010849,0.44642066955566406,5.864817209217264e-05
1128,0.000819493638118729,0.000819493638118729,0.33782507479190826,0.04644174501299858,0.04644174501299858,0.03397940844297409,0.4464612901210785,5.8413555903872954e-05
1129,0.0008194355759769678,0.0008194355759769678,0.33782124519348145,0.04643333703279495,0.04643333703279495,0.03398671746253967,0.44649940729141235,5.818213764681764e-05
1130,0.0008192388340830803,0.0008192388340830803,0.3377480208873749,0.04642855376005173,0.04642855376005173,0.034005217254161835,0.44659677147865295,5.795391890712165e-05
1131,0.0008191567030735314,0.0008191567030735314,0.3377414792776108,0.04642637446522713,0.04642637446522713,0.03401097282767296,0.4466320872306824,5.772890124897052e-05
1132,0.0008190921216737479,0.0008190921216737479,0.3377431482076645,0.046415992081165314,0.046415992081165314,0.034012358635663986,0.4466261863708496,5.750708621461015e-05
1133,0.0008188677311409265,0.0008188677311409265,0.3377689868211746,0.04642694443464279,0.04642694443464279,0.03399180248379707,0.4465285837650299,5.7288475324335926e-05
1134,0.0008189878863049671,0.0008189878863049671,0.3377416729927063,0.04644135385751724,0.04644135385751724,0.033967532217502594,0.446414589881897,5.707307007648245e-05
1135,0.0008186973282136023,0.0008186973282136023,0.33775758743286133,0.046439312398433685,0.046439312398433685,0.033978644758462906,0.44645583629608154,5.686087194741311e-05
1136,0.0008186734630726278,0.0008186734630726278,0.3377963602542877,0.04643190652132034,0.04643190652132034,0.03400077670812607,0.4465671181678772,5.665188239151017e-05
1137,0.0008183807949535549,0.0008183807949535549,0.33773715794086456,0.046435944736003876,0.046435944736003876,0.0339965857565403,0.4465404748916626,5.64461028411647e-05
1138,0.0008182347810361534,0.0008182347810361534,0.3377203047275543,0.04643707349896431,0.04643707349896431,0.03399093449115753,0.44650474190711975,5.624353470676659e-05
1139,0.0008180997392628342,0.0008180997392628342,0.33770905435085297,0.04643910750746727,0.04643910750746727,0.03398418799042702,0.4464677572250366,5.604417937669519e-05
1140,0.0008180803270079195,0.0008180803270079195,0.3376542031764984,0.04643771052360535,0.04643771052360535,0.03397785499691963,0.44645264744758606,5.5848038217309645e-05
1141,0.0008180455915862694,0.0008180455915862694,0.3376307040452957,0.04643239080905914,0.04643239080905914,0.03398416191339493,0.44649624824523926,5.565511257293943e-05
1142,0.0008179370051948354,0.0008179370051948354,0.3376198410987854,0.04643472284078598,0.04643472284078598,0.03400504216551781,0.4466100335121155,5.546540376587535e-05
1143,0.0008177878335118294,0.0008177878335118294,0.33757954835891724,0.046427350491285324,0.046427350491285324,0.0340128019452095,0.44665807485580444,5.5278913096360385e-05
1144,0.0008176412375178188,0.0008176412375178188,0.3375704735517502,0.04642752185463905,0.04642752185463905,0.034013569355010986,0.4466540515422821,5.509564184258057e-05
1145,0.0008175797120202333,0.0008175797120202333,0.33758096396923065,0.04642361402511597,0.04642361402511597,0.033997539430856705,0.44656914472579956,5.491559126065666e-05
1146,0.0008173308160621673,0.0008173308160621673,0.3376268446445465,0.04643300548195839,0.04643300548195839,0.033998578786849976,0.44657665491104126,5.473876258463519e-05
1147,0.0008172423840733245,0.0008172423840733245,0.33768074214458466,0.04643535241484642,0.04643535241484642,0.033997200429439545,0.44655856490135193,5.4565157026480045e-05
1148,0.0008172178640961647,0.0008172178640961647,0.3376736342906952,0.04643234610557556,0.04643234610557556,0.033997248858213425,0.44656872749328613,5.4394775776064313e-05
1149,0.0008169922803062946,0.0008169922803062946,0.3376699835062027,0.04642347991466522,0.04642347991466522,0.03401239961385727,0.4466434121131897,5.4227620001162025e-05
1150,0.0008169134089257568,0.0008169134089257568,0.3375997394323349,0.046432558447122574,0.046432558447122574,0.03400225564837456,0.4466017186641693,5.406369084744009e-05
1151,0.0008168276108335704,0.0008168276108335704,0.3375336080789566,0.04643598571419716,0.04643598571419716,0.03398662805557251,0.4465269148349762,5.3902989438450625e-05
1152,0.0008167086052708328,0.0008167086052708328,0.33748921751976013,0.04643906652927399,0.04643906652927399,0.033985137939453125,0.4465089738368988,5.374551687562308e-05
1153,0.0008166047919075936,0.0008166047919075936,0.3374931663274765,0.04643360525369644,0.04643360525369644,0.03398968651890755,0.4465409517288208,5.359127423825671e-05
1154,0.0008165082690538839,0.0008165082690538839,0.3374894708395004,0.04642031341791153,0.04642031341791153,0.03400807827711105,0.4466237425804138,5.344026258351339e-05
1155,0.0008163767342921346,0.0008163767342921346,0.337506040930748,0.046423349529504776,0.046423349529504776,0.03400549292564392,0.44658899307250977,5.3292482946410026e-05
1156,0.0008162582525983453,0.0008162582525983453,0.3375038057565689,0.046431489288806915,0.046431489288806915,0.03399539738893509,0.44653406739234924,5.31479363398117e-05
1157,0.0008160529832821339,0.0008160529832821339,0.33748723566532135,0.04643552377820015,0.04643552377820015,0.03399808704853058,0.44655677676200867,5.3006623754424726e-05
1158,0.0008160088618751615,0.0008160088618751615,0.33749864995479584,0.0464424304664135,0.0464424304664135,0.033997852355241776,0.4465790092945099,5.2868546158789644e-05
1159,0.0008159039716701955,0.0008159039716701955,0.33747895061969757,0.04644989222288132,0.04644989222288132,0.03399290889501572,0.4465615153312683,5.2733704499274955e-05
1160,0.0008158225246006623,0.0008158225246006623,0.3375154733657837,0.046438612043857574,0.046438612043857574,0.034003037959337234,0.4466170072555542,5.260209970007019e-05
1161,0.0008156504482030869,0.0008156504482030869,0.33745476603507996,0.04642883688211441,0.04642883688211441,0.03400351107120514,0.44661569595336914,5.2473732663179926e-05
1162,0.0008155947434715927,0.0008155947434715927,0.3374514728784561,0.046432752162218094,0.046432752162218094,0.03399757668375969,0.44658225774765015,5.234860426841754e-05
1163,0.0008154688694048673,0.0008154688694048673,0.3374677300453186,0.046433225274086,0.046433225274086,0.03399734944105148,0.4465601444244385,5.2226715373398944e-05
1164,0.0008153090602718294,0.0008153090602718294,0.33743301033973694,0.04643099755048752,0.04643099755048752,0.033998142927885056,0.44655829668045044,5.2108066813537e-05
1165,0.0008153365924954414,0.0008153365924954414,0.3374306410551071,0.04642986133694649,0.04642986133694649,0.03398977220058441,0.4465254843235016,5.199265940203566e-05
1166,0.0008150995709002018,0.0008150995709002018,0.3373798355460167,0.04642569646239281,0.04642569646239281,0.03399787098169327,0.44658419489860535,5.188049392988447e-05
1167,0.000815137755125761,0.000815137755125761,0.33736860752105713,0.046429768204689026,0.046429768204689026,0.03400646895170212,0.4466444253921509,5.1771571165852905e-05
1168,0.0008150133362505585,0.0008150133362505585,0.3374061584472656,0.046437524259090424,0.046437524259090424,0.03399420157074928,0.44658076763153076,5.1665891856485427e-05
1169,0.00081485221744515,0.00081485221744515,0.3373381197452545,0.04643571376800537,0.04643571376800537,0.03399256616830826,0.44656985998153687,5.156345672609624e-05
1170,0.0008147109183482826,0.0008147109183482826,0.3373152166604996,0.046425044536590576,0.046425044536590576,0.03400679677724838,0.446632981300354,5.146426647676422e-05
1171,0.0008145760803017765,0.0008145760803017765,0.337272509932518,0.04643568396568298,0.04643568396568298,0.03401820734143257,0.446674644947052,5.1368321788328216e-05
1172,0.0008145480242092162,0.0008145480242092162,0.3373183310031891,0.046450983732938766,0.046450983732938766,0.034021615982055664,0.44669193029403687,5.127562331838241e-05
1173,0.0008144089806592092,0.0008144089806592092,0.33735285699367523,0.046461187303066254,0.046461187303066254,0.0339985117316246,0.4465843141078949,5.118617170227173e-05
1174,0.0008143843151628971,0.0008143843151628971,0.3373783230781555,0.04644840955734253,0.04644840955734253,0.03399829939007759,0.44656798243522644,5.109996755308749e-05
1175,0.0008141436264850199,0.0008141436264850199,0.3373635560274124,0.04643794521689415,0.04643794521689415,0.033999111503362656,0.446567565202713,5.101701146166335e-05
1176,0.0008141552389133722,0.0008141552389133722,0.33734385669231415,0.04644131287932396,0.04644131287932396,0.03399214521050453,0.44654300808906555,5.093730399657101e-05
1177,0.0008138589619193226,0.0008138589619193226,0.33725813031196594,0.04642970860004425,0.04642970860004425,0.03401000425219536,0.44662654399871826,5.086084570411652e-05
1178,0.0008138730481732637,0.0008138730481732637,0.33726346492767334,0.046436894685029984,0.046436894685029984,0.03401391580700874,0.4466729462146759,5.0787637108336547e-05
1179,0.0008137459517456591,0.0008137459517456591,0.33723184466362,0.04644027352333069,0.04644027352333069,0.03400860354304314,0.4466506242752075,5.071767871099448e-05
1180,0.000813643098808825,0.000813643098808825,0.3372041881084442,0.04644668847322464,0.04644668847322464,0.034000057727098465,0.4466072618961334,5.0650970991577424e-05
1181,0.0008134322124533355,0.0008134322124533355,0.33720704913139343,0.04644385725259781,0.04644385725259781,0.03399629145860672,0.44658419489860535,5.058751440729254e-05
1182,0.0008134015079122037,0.0008134015079122037,0.3372223824262619,0.04643334820866585,0.04643334820866585,0.03399658203125,0.44657257199287415,5.0527309393064295e-05
1183,0.0008134025556501001,0.0008134025556501001,0.3372311294078827,0.04642132669687271,0.04642132669687271,0.034012727439403534,0.4466387927532196,5.047035636153093e-05
1184,0.0008131488284561783,0.0008131488284561783,0.33720651268959045,0.04642866551876068,0.04642866551876068,0.034010790288448334,0.4466347098350525,5.0416655703042264e-05
1185,0.0008130687347147614,0.0008130687347147614,0.3372058719396591,0.046431463211774826,0.046431463211774826,0.034016117453575134,0.44666922092437744,5.036620778565662e-05
1186,0.0008129993511829525,0.0008129993511829525,0.3372267484664917,0.04644829034805298,0.04644829034805298,0.034002337604761124,0.44661715626716614,5.031901295513829e-05
1187,0.0008127870096359402,0.0008127870096359402,0.33718840777873993,0.046445779502391815,0.046445779502391815,0.03400275856256485,0.4466226100921631,5.027507153495538e-05
1188,0.0008127398905344307,0.0008127398905344307,0.33714166283607483,0.046433910727500916,0.046433910727500916,0.03399857133626938,0.44659656286239624,5.023438382627749e-05
1189,0.0008126880857162178,0.0008126880857162178,0.33708176016807556,0.0464312769472599,0.0464312769472599,0.03399267792701721,0.44657307863235474,5.019695010797366e-05
1190,0.0008124840387608856,0.0008124840387608856,0.3370998352766037,0.046428121626377106,0.046428121626377106,0.03399520739912987,0.44658809900283813,5.01627706366103e-05
1191,0.0008124863816192374,0.0008124863816192374,0.3371175676584244,0.046437930315732956,0.046437930315732956,0.033999908715486526,0.4466189742088318,5.0131845646449734e-05
1192,0.0008122891449602321,0.0008122891449602321,0.337107390165329,0.0464308001101017,0.0464308001101017,0.03400857746601105,0.4466482996940613,5.010417534944839e-05
1193,0.0008122987055685371,0.0008122987055685371,0.3370979577302933,0.04643656685948372,0.04643656685948372,0.03400219604372978,0.44661402702331543,5.0079759935255375e-05
1194,0.00081214914098382,0.00081214914098382,0.3371116816997528,0.04643798992037773,0.04643798992037773,0.03400351479649544,0.4466072618961334,5.005859957121122e-05
1195,0.0008121670107357204,0.0008121670107357204,0.33712761104106903,0.04642832651734352,0.04642832651734352,0.03401591628789902,0.44666343927383423,5.0040694402346674e-05
1196,0.0008118648547679186,0.0008118648547679186,0.3370458632707596,0.046443305909633636,0.046443305909633636,0.034006811678409576,0.4466351568698883,5.0026044551381734e-05
1197,0.0008118035912048072,0.0008118035912048072,0.3370859920978546,0.04644766077399254,0.04644766077399254,0.03399532288312912,0.4465789496898651,5.001465011872491e-05
1198,0.0008116401440929621,0.0008116401440929621,0.33708715438842773,0.04644845798611641,0.04644845798611641,0.03400056064128876,0.446615070104599,5.0006511182472296e-05
1199,0.0008115348464343697,0.0008115348464343697,0.3370928168296814,0.04643706977367401,0.04643706977367401,0.03400979936122894,0.4466584026813507,5.000162779840723e-05
1200,0.000811414560303092,0.000811414560303092,0.3370306044816971,0.04643719643354416,0.04643719643354416,0.03400696441531181,0.44664573669433594,5e-05
