epoch,train_pde_mse,train_pde_mse_absolute,train_state_rel_l2,val_pde_mse,val_pde_mse_absolute,val_state_mse,val_state_rel_l2,lr
1,0.6285332143306732,0.6285332143306732,0.42032621800899506,0.8345249891281128,0.8345249891281128,0.02339700609445572,0.42551669478416443,0.0009999983722015927
2,0.5891555845737457,0.5891555845737457,0.4158937484025955,0.791018009185791,0.791018009185791,0.022289320826530457,0.41448456048965454,0.0009999934888175275
3,0.551580548286438,0.551580548286438,0.40334248542785645,0.7403643131256104,0.7403643131256104,0.02034139633178711,0.39289432764053345,0.0009999853498812749
4,0.49998870491981506,0.49998870491981506,0.3728671073913574,0.6815428733825684,0.6815428733825684,0.017823390662670135,0.36255401372909546,0.000999973955448618
5,0.4427103102207184,0.4427103102207184,0.3353034108877182,0.6079490184783936,0.6079490184783936,0.014932472258806229,0.32613405585289,0.000999959305597653
6,0.3844366669654846,0.3844366669654846,0.2956900894641876,0.5369281768798828,0.5369281768798828,0.011988803744316101,0.28713908791542053,0.0009999414004287885
7,0.34147391468286514,0.34147391468286514,0.25775934755802155,0.4839276671409607,0.4839276671409607,0.009749634191393852,0.2600288987159729,0.0009999202400647444
8,0.3204074203968048,0.3204074203968048,0.23951822519302368,0.4518880844116211,0.4518880844116211,0.008644059300422668,0.24538210034370422,0.0009998958246505512
9,0.3019380122423172,0.3019380122423172,0.22689232230186462,0.43012678623199463,0.43012678623199463,0.008483437821269035,0.24000130593776703,0.0009998681543535498
10,0.2758342772722244,0.2758342772722244,0.22162041068077087,0.40016427636146545,0.40016427636146545,0.008233178406953812,0.23541493713855743,0.0009998372293633891
11,0.24977246671915054,0.24977246671915054,0.2130763903260231,0.3759962022304535,0.3759962022304535,0.00824611634016037,0.23550823330879211,0.000999803049892026
12,0.23308046907186508,0.23308046907186508,0.2175065353512764,0.3643649220466614,0.3643649220466614,0.008351768366992474,0.23658427596092224,0.000999765616173722
13,0.2122148647904396,0.2122148647904396,0.2114001363515854,0.3339402377605438,0.3339402377605438,0.0075945015996694565,0.22718021273612976,0.000999724928465044
14,0.19160684943199158,0.19160684943199158,0.19839800894260406,0.2973027229309082,0.2973027229309082,0.00659868773072958,0.2146819829940796,0.000999680987044861
15,0.17390605062246323,0.17390605062246323,0.18790074437856674,0.2665073573589325,0.2665073573589325,0.005741104483604431,0.2035416066646576,0.0009996337922143427
16,0.159273661673069,0.159273661673069,0.17801795154809952,0.24502088129520416,0.24502088129520416,0.005219903774559498,0.19463896751403809,0.000999583344296957
17,0.14273370802402496,0.14273370802402496,0.16672949492931366,0.22341449558734894,0.22341449558734894,0.00464576855301857,0.18359088897705078,0.0009995296436384681
18,0.13307283073663712,0.13307283073663712,0.16308379918336868,0.21369057893753052,0.21369057893753052,0.004421989433467388,0.17798271775245667,0.0009994726906069349
19,0.1297912485897541,0.1297912485897541,0.16062702238559723,0.19966822862625122,0.19966822862625122,0.004072541370987892,0.1717635691165924,0.0009994124855927063
20,0.11961096152663231,0.11961096152663231,0.15412861853837967,0.1885414719581604,0.1885414719581604,0.003928192891180515,0.1697622537612915,0.0009993490290084214
21,0.1105206161737442,0.1105206161737442,0.14800966531038284,0.17285169661045074,0.17285169661045074,0.0036895456723868847,0.16411101818084717,0.0009992823212890045
22,0.10354048758745193,0.10354048758745193,0.14341885596513748,0.15877796709537506,0.15877796709537506,0.0034477217122912407,0.15895022451877594,0.0009992123628916624
23,0.09574966132640839,0.09574966132640839,0.13781794160604477,0.153849259018898,0.153849259018898,0.003375690896064043,0.1573255956172943,0.0009991391542958825
24,0.08922088891267776,0.08922088891267776,0.132351353764534,0.1426222026348114,0.1426222026348114,0.0031317397952079773,0.15265199542045593,0.000999062696003428
25,0.084514070302248,0.084514070302248,0.13278569653630257,0.13786570727825165,0.13786570727825165,0.0030840053223073483,0.1503855586051941,0.0009989829885383356
26,0.08204498887062073,0.08204498887062073,0.12961654365062714,0.1356995701789856,0.1356995701789856,0.003104342380538583,0.1499352604150772,0.0009989000324469113
27,0.07397843711078167,0.07397843711078167,0.12152016907930374,0.1279371827840805,0.1279371827840805,0.0028717038221657276,0.14633750915527344,0.000998813828297727
28,0.07223837077617645,0.07223837077617645,0.11986912041902542,0.12077564746141434,0.12077564746141434,0.0027579767629504204,0.14113806188106537,0.0009987243766816161
29,0.07044068910181522,0.07044068910181522,0.12026099860668182,0.12248339504003525,0.12248339504003525,0.0028616671916097403,0.1444309949874878,0.0009986316782116702
30,0.06986036896705627,0.06986036896705627,0.11876600608229637,0.11787370592355728,0.11787370592355728,0.0027652005665004253,0.145088791847229,0.0009985357335232344
31,0.06175915338099003,0.06175915338099003,0.10985104739665985,0.11607541888952255,0.11607541888952255,0.00275358185172081,0.140347421169281,0.0009984365432739021
32,0.06276212260127068,0.06276212260127068,0.11575471982359886,0.11075910925865173,0.11075910925865173,0.002617551013827324,0.13831092417240143,0.0009983341081435128
33,0.05718890018761158,0.05718890018761158,0.10550355166196823,0.11027079075574875,0.11027079075574875,0.002662430051714182,0.1425187587738037,0.0009982284288341454
34,0.05712679773569107,0.05712679773569107,0.10652916133403778,0.10696446150541306,0.10696446150541306,0.002523161005228758,0.1352054476737976,0.0009981195060701138
35,0.05537333898246288,0.05537333898246288,0.10770943760871887,0.10402301698923111,0.10402301698923111,0.0024438328109681606,0.1353762447834015,0.0009980073405979624
36,0.05235990695655346,0.05235990695655346,0.10046092048287392,0.10209224373102188,0.10209224373102188,0.002428464125841856,0.13605086505413055,0.000997891933186461
37,0.05048884637653828,0.05048884637653828,0.09826000034809113,0.10317312180995941,0.10317312180995941,0.0024791168980300426,0.13490663468837738,0.000997773284626599
38,0.05090155825018883,0.05090155825018883,0.10566319525241852,0.1003274917602539,0.1003274917602539,0.002342952648177743,0.13327926397323608,0.0009976513957315803
39,0.047838397324085236,0.047838397324085236,0.09598644450306892,0.09739867597818375,0.09739867597818375,0.0022689979523420334,0.13199111819267273,0.0009975262673368177
40,0.04559772275388241,0.04559772275388241,0.0943874716758728,0.0955764651298523,0.0955764651298523,0.002205895259976387,0.12764772772789001,0.0009973979002999274
41,0.04685717262327671,0.04685717262327671,0.09883935377001762,0.09144948422908783,0.09144948422908783,0.0020923272240906954,0.12638770043849945,0.0009972662955007225
42,0.04350117780268192,0.04350117780268192,0.08967297151684761,0.09073331952095032,0.09073331952095032,0.0020801713690161705,0.12571129202842712,0.000997131453841208
43,0.04345157742500305,0.04345157742500305,0.093342375010252,0.08892973512411118,0.08892973512411118,0.002010839059948921,0.12363845109939575,0.0009969933762455727
44,0.0416194349527359,0.0416194349527359,0.08736831694841385,0.088133804500103,0.088133804500103,0.0019990107975900173,0.12413737922906876,0.0009968520636601855
45,0.040838975459337234,0.040838975459337234,0.08587433397769928,0.08614113926887512,0.08614113926887512,0.0019284749869257212,0.12114652991294861,0.0009967075170535873
46,0.04119971767067909,0.04119971767067909,0.08820053935050964,0.08524680137634277,0.08524680137634277,0.0018945029005408287,0.12049173563718796,0.000996559737416484
47,0.0406245868653059,0.0406245868653059,0.08822760358452797,0.08418993651866913,0.08418993651866913,0.0018602374475449324,0.11979463696479797,0.0009964087257617405
48,0.03873489238321781,0.03873489238321781,0.08250889927148819,0.08128511160612106,0.08128511160612106,0.0017527153249830008,0.11626161634922028,0.0009962544831243743
49,0.038961976766586304,0.038961976766586304,0.08642830327153206,0.07927290350198746,0.07927290350198746,0.0017179506830871105,0.11400307714939117,0.0009960970105615467
50,0.04012642987072468,0.04012642987072468,0.09319165349006653,0.08117041736841202,0.08117041736841202,0.0017924162093549967,0.11884801089763641,0.0009959363091525573
51,0.03828505799174309,0.03828505799174309,0.08326369896531105,0.08197701722383499,0.08197701722383499,0.0018326780991628766,0.11647316813468933,0.0009957723799988354
52,0.03926992416381836,0.03926992416381836,0.09397227317094803,0.08239807188510895,0.08239807188510895,0.0018442727159708738,0.12111543864011765,0.000995605224223933
53,0.0395792992785573,0.0395792992785573,0.0898609384894371,0.07767453789710999,0.07767453789710999,0.0016558964271098375,0.11258485168218613,0.0009954348429735173
54,0.03748096898198128,0.03748096898198128,0.08842170611023903,0.07589251548051834,0.07589251548051834,0.001597807859070599,0.11152680218219757,0.000995261237415362
55,0.036564757116138935,0.036564757116138935,0.07963692396879196,0.07604750990867615,0.07604750990867615,0.001612882362678647,0.1120002269744873,0.0009950844087393406
56,0.04086325038224459,0.04086325038224459,0.09728411585092545,0.08175693452358246,0.08175693452358246,0.00180584448389709,0.11817976832389832,0.0009949043581574167
57,0.038285525515675545,0.038285525515675545,0.08986196666955948,0.07786501199007034,0.07786501199007034,0.0017044307896867394,0.1172012984752655,0.000994721086903637
58,0.03565662633627653,0.03565662633627653,0.08593908324837685,0.07720229029655457,0.07720229029655457,0.0016907600220292807,0.11153337359428406,0.0009945345962341218
59,0.03757099434733391,0.03757099434733391,0.09614335000514984,0.0725070983171463,0.0725070983171463,0.0015492229722440243,0.11030472815036774,0.0009943448874270577
60,0.03470803424715996,0.03470803424715996,0.08118663728237152,0.07283373177051544,0.07283373177051544,0.0015396075323224068,0.10835480690002441,0.0009941519617826875
61,0.03292241320014,0.03292241320014,0.0811433382332325,0.07342416793107986,0.07342416793107986,0.0015648568514734507,0.10987979173660278,0.0009939558206233019
62,0.032559959217906,0.032559959217906,0.07786078006029129,0.07204306125640869,0.07204306125640869,0.0015300586819648743,0.10964309424161911,0.0009937564652932305
63,0.032887193374335766,0.032887193374335766,0.08169158920645714,0.07082538306713104,0.07082538306713104,0.0014751944690942764,0.10703610628843307,0.0009935538971588324
64,0.03187606204301119,0.03187606204301119,0.07838068157434464,0.0704197883605957,0.0704197883605957,0.0014717364683747292,0.1078893393278122,0.0009933481176084868
65,0.031739115715026855,0.031739115715026855,0.07929069548845291,0.0708303451538086,0.0708303451538086,0.0014748959802091122,0.10679394006729126,0.0009931391280525838
66,0.03074333257973194,0.03074333257973194,0.0756092220544815,0.06879279762506485,0.06879279762506485,0.0014459013473242521,0.1068856418132782,0.0009929269299235144
67,0.032411632128059864,0.032411632128059864,0.08442787826061249,0.0684996247291565,0.0684996247291565,0.0014361434150487185,0.10577280074357986,0.0009927115246756608
68,0.02980403695255518,0.02980403695255518,0.07529057562351227,0.0688098669052124,0.0688098669052124,0.001457305857911706,0.10733924806118011,0.0009924929137853865
69,0.029691030271351337,0.029691030271351337,0.07442601770162582,0.06950569152832031,0.06950569152832031,0.0014609891222789884,0.1056741327047348,0.0009922710987510263
70,0.02971586212515831,0.02971586212515831,0.07658218964934349,0.06675814092159271,0.06675814092159271,0.0014002120587974787,0.105227991938591,0.0009920460810928752
71,0.030429047532379627,0.030429047532379627,0.07594411075115204,0.06717978417873383,0.06717978417873383,0.0014127695467323065,0.10495759546756744,0.000991817862353179
72,0.02808755822479725,0.02808755822479725,0.0735759362578392,0.06612634658813477,0.06612634658813477,0.001358203124254942,0.10410334169864655,0.0009915864440961236
73,0.029144613072276115,0.029144613072276115,0.0730978511273861,0.06576303392648697,0.06576303392648697,0.0013595588970929384,0.10193401575088501,0.0009913518279078238
74,0.029747807420790195,0.029747807420790195,0.08272756636142731,0.06275918334722519,0.06275918334722519,0.001282298006117344,0.10085634142160416,0.0009911140153963127
75,0.028662807308137417,0.028662807308137417,0.07262145355343819,0.06160314008593559,0.06160314008593559,0.0012366862501949072,0.09805016219615936,0.0009908730081915308
76,0.02641236875206232,0.02641236875206232,0.07079499587416649,0.06301060318946838,0.06301060318946838,0.0012930610682815313,0.10018791258335114,0.000990628807945314
77,0.026019521057605743,0.026019521057605743,0.07021059095859528,0.06118026748299599,0.06118026748299599,0.001256308751180768,0.10019251704216003,0.000990381416331384
78,0.027662196196615696,0.027662196196615696,0.07679124549031258,0.05940818414092064,0.05940818414092064,0.0011876020580530167,0.09629735350608826,0.0009901308350453348
79,0.024762412533164024,0.024762412533164024,0.06642504781484604,0.05761425197124481,0.05761425197124481,0.0011679035378620028,0.09630364179611206,0.0009898770658046227
80,0.0242936871945858,0.0242936871945858,0.06678391993045807,0.05734216794371605,0.05734216794371605,0.0011312068672850728,0.0932653397321701,0.0009896201103485537
81,0.02405974082648754,0.02405974082648754,0.06717284023761749,0.054958276450634,0.054958276450634,0.001100457739084959,0.0938425362110138,0.0009893599704382716
82,0.02392472792416811,0.02392472792416811,0.06470751389861107,0.055505186319351196,0.055505186319351196,0.0011032794136554003,0.09280510991811752,0.0009890966478567462
83,0.022839855402708054,0.022839855402708054,0.06595667824149132,0.05237850919365883,0.05237850919365883,0.001007148646749556,0.08883729577064514,0.000988830144408761
84,0.021959394216537476,0.021959394216537476,0.06192776933312416,0.051476962864398956,0.051476962864398956,0.000990515691228211,0.08785691112279892,0.0009885604619209007
85,0.021560346707701683,0.021560346707701683,0.06279226951301098,0.049414973706007004,0.049414973706007004,0.000938044860959053,0.08629605919122696,0.0009882876022415392
86,0.02055224683135748,0.02055224683135748,0.05901674926280975,0.04877173528075218,0.04877173528075218,0.0009220263455063105,0.0854615569114685,0.0009880115672408262
87,0.020266616716980934,0.020266616716980934,0.059046342968940735,0.04620250314474106,0.04620250314474106,0.0008588748751208186,0.08225342631340027,0.0009877323588106742
88,0.01962699554860592,0.01962699554860592,0.05838355794548988,0.04373474791646004,0.04373474791646004,0.0007986266864463687,0.0795280858874321,0.0009874499788647467
89,0.018457116559147835,0.018457116559147835,0.05595793575048447,0.043091487139463425,0.043091487139463425,0.0007819198654033244,0.07872872054576874,0.0009871644293384444
90,0.018270761705935,0.018270761705935,0.05772462300956249,0.04031456261873245,0.04031456261873245,0.0007070130668580532,0.07547327876091003,0.0009868757121888917
91,0.017498428001999855,0.017498428001999855,0.052567386999726295,0.039729341864585876,0.039729341864585876,0.000704500824213028,0.07481414824724197,0.0009865838293949237
92,0.016925723291933537,0.016925723291933537,0.05523613467812538,0.03699363395571709,0.03699363395571709,0.0006197233451530337,0.0707496628165245,0.0009862887829570723
93,0.016087783500552177,0.016087783500552177,0.04925968684256077,0.03482606261968613,0.03482606261968613,0.0005582427838817239,0.06642420589923859,0.000985990574897553
94,0.015985677484422922,0.015985677484422922,0.053007688373327255,0.033998508006334305,0.033998508006334305,0.0005594455287791789,0.06698395311832428,0.00098568920726025
95,0.015367250423878431,0.015367250423878431,0.04851701110601425,0.03181647136807442,0.03181647136807442,0.0005114406230859458,0.06435006111860275,0.0009853846821107036
96,0.014398783445358276,0.014398783445358276,0.04946384206414223,0.03152712807059288,0.03152712807059288,0.0005050579202361405,0.06202459707856178,0.000985077001536095
97,0.013307456392794847,0.013307456392794847,0.04244678653776646,0.029433250427246094,0.029433250427246094,0.00046555904555134475,0.062012527137994766,0.0009847661676452323
98,0.012190486304461956,0.012190486304461956,0.04028341546654701,0.030579837039113045,0.030579837039113045,0.000496675493195653,0.060314472764730453,0.0009844521825685365
99,0.012521389871835709,0.012521389871835709,0.04443677328526974,0.027242640033364296,0.027242640033364296,0.0004194561333861202,0.0590626485645771,0.000984135048458026
100,0.012152202427387238,0.012152202427387238,0.040154747664928436,0.0271149892359972,0.0271149892359972,0.00040514435386285186,0.054448798298835754,0.0009838147674873024
101,0.011977721937000751,0.011977721937000751,0.044874222949147224,0.02449682541191578,0.02449682541191578,0.00034929777029901743,0.05346035957336426,0.0009834913418515358
102,0.0109302899800241,0.0109302899800241,0.037758179008960724,0.023738063871860504,0.023738063871860504,0.00032693511457182467,0.05011739209294319,0.000983164773767449
103,0.010008462239056826,0.010008462239056826,0.03526467643678188,0.0226497333496809,0.0226497333496809,0.00030450784834101796,0.04818826913833618,0.0009828350654733033
104,0.009510326432064176,0.009510326432064176,0.03328391723334789,0.021827517077326775,0.021827517077326775,0.0002844870905391872,0.04764985293149948,0.0009825022192288823
105,0.009453743230551481,0.009453743230551481,0.03338457364588976,0.02186286635696888,0.02186286635696888,0.00027724727988243103,0.04622315615415573,0.000982166237315477
106,0.008854019455611706,0.008854019455611706,0.031192464753985405,0.020661232993006706,0.020661232993006706,0.0002587049384601414,0.04546235874295235,0.00098182712203587
107,0.008599966764450073,0.008599966764450073,0.031283977441489697,0.020524678751826286,0.020524678751826286,0.00026276602875441313,0.044525064527988434,0.000981484875714319
108,0.00841422169469297,0.00841422169469297,0.030552439391613007,0.019298993051052094,0.019298993051052094,0.00023567391326650977,0.043124884366989136,0.0009811395006965424
109,0.00814316887408495,0.00814316887408495,0.02955362293869257,0.019504649564623833,0.019504649564623833,0.00024092037347145379,0.04267986863851547,0.0009807909993497016
110,0.008024297188967466,0.008024297188967466,0.031539518386125565,0.01867900975048542,0.01867900975048542,0.00021993729751557112,0.04162829369306564,0.000980439374062386
111,0.007679562550038099,0.007679562550038099,0.029578684829175472,0.01833030954003334,0.01833030954003334,0.00021317749633453786,0.040115296840667725,0.0009800846272445959
112,0.007329451851546764,0.007329451851546764,0.02794364746659994,0.01784764975309372,0.01784764975309372,0.0002049288887064904,0.04019119590520859,0.0009797267613277261
113,0.007181239780038595,0.007181239780038595,0.027335399761795998,0.017957786098122597,0.017957786098122597,0.00021930383809376508,0.04050430282950401,0.0009793657787645499
114,0.007007070817053318,0.007007070817053318,0.028303795494139194,0.01770723983645439,0.01770723983645439,0.00020771136041730642,0.04057254642248154,0.0009790016820292009
115,0.007029483560472727,0.007029483560472727,0.0273022148758173,0.017604557797312737,0.017604557797312737,0.00021324708359315991,0.03958098962903023,0.0009786344736171578
116,0.006832286715507507,0.006832286715507507,0.029708598740398884,0.01662968099117279,0.01662968099117279,0.00019099077326245606,0.03862830623984337,0.0009782641560452255
117,0.006479559699073434,0.006479559699073434,0.025556103326380253,0.016762033104896545,0.016762033104896545,0.00019303173758089542,0.03784942626953125,0.0009778907318515194
118,0.0064171478152275085,0.0064171478152275085,0.02704063057899475,0.016357360407710075,0.016357360407710075,0.00017813857994042337,0.036977898329496384,0.0009775142035954472
119,0.006108248606324196,0.006108248606324196,0.02438261266797781,0.01632995903491974,0.01632995903491974,0.00017827482952270657,0.0358111597597599,0.0009771345738576913
120,0.006091780494898558,0.006091780494898558,0.02633924875408411,0.015916146337985992,0.015916146337985992,0.0001701967848930508,0.035443924367427826,0.0009767518452401915
121,0.005818212404847145,0.005818212404847145,0.024739589542150497,0.0158590879291296,0.0158590879291296,0.00017126041348092258,0.03551138564944267,0.0009763660203661267
122,0.005797683261334896,0.005797683261334896,0.024915345013141632,0.015551217831671238,0.015551217831671238,0.00016408957890234888,0.03461137413978577,0.0009759771018798979
123,0.00586399738676846,0.00586399738676846,0.027297337539494038,0.015389223583042622,0.015389223583042622,0.0001599201641511172,0.03505028784275055,0.0009755850924471081
124,0.005876230774447322,0.005876230774447322,0.02536679059267044,0.015677109360694885,0.015677109360694885,0.0001835574075812474,0.036572396755218506,0.0009751899947545466
125,0.00575973535887897,0.00575973535887897,0.0279817134141922,0.015163663774728775,0.015163663774728775,0.00016453325224574655,0.03566622734069824,0.0009747918115101687
126,0.005621737567707896,0.005621737567707896,0.025696780532598495,0.015444652177393436,0.015444652177393436,0.0001836390874814242,0.036305733025074005,0.0009743905454430774
127,0.005577184958383441,0.005577184958383441,0.027643528766930103,0.014947808347642422,0.014947808347642422,0.00016141407832037657,0.03556995838880539,0.0009739861993035058
128,0.005497400648891926,0.005497400648891926,0.024909496307373047,0.015144530683755875,0.015144530683755875,0.00017152524378616363,0.03550387918949127,0.0009735787758627971
129,0.005196875426918268,0.005196875426918268,0.024906459264457226,0.01431311946362257,0.01431311946362257,0.00014486917643807828,0.03313908353447914,0.0009731682779133855
130,0.005069497739896178,0.005069497739896178,0.022859646007418633,0.015195508487522602,0.015195508487522602,0.00017907761503010988,0.0357234925031662,0.0009727547082687784
131,0.0051388617139309645,0.0051388617139309645,0.02496824599802494,0.014632030390202999,0.014632030390202999,0.00015940278535708785,0.035323616117239,0.0009723380697635356
132,0.005104420240968466,0.005104420240968466,0.02387718576937914,0.014880554750561714,0.014880554750561714,0.00018024496966972947,0.036501627415418625,0.0009719183652532508
133,0.004995645489543676,0.004995645489543676,0.024761016480624676,0.013897840864956379,0.013897840864956379,0.00015372147026937455,0.03490946441888809,0.0009714955976145317
134,0.00540099386125803,0.00540099386125803,0.02835818100720644,0.014196282252669334,0.014196282252669334,0.00015958028961904347,0.0338757261633873,0.0009710697697449805
135,0.004929677117615938,0.004929677117615938,0.024977484717965126,0.013598381541669369,0.013598381541669369,0.00014074734644964337,0.03249191865324974,0.0009706408845631738
136,0.004719132324680686,0.004719132324680686,0.02267281711101532,0.013597492128610611,0.013597492128610611,0.00014923809794709086,0.03233751654624939,0.0009702089450086423
137,0.004675175412558019,0.004675175412558019,0.023331094533205032,0.013452306389808655,0.013452306389808655,0.00013647819287143648,0.03201257064938545,0.0009697739540418514
138,0.004986516432836652,0.004986516432836652,0.023730034939944744,0.014056889340281487,0.014056889340281487,0.00016340336878784,0.034115009009838104,0.0009693359146441808
139,0.004757835995405912,0.004757835995405912,0.022900880314409733,0.013053160160779953,0.013053160160779953,0.00013041505008004606,0.030754296109080315,0.0009688948298179032
140,0.004952990449965,0.004952990449965,0.02592632919549942,0.013000130653381348,0.013000130653381348,0.00012603215873241425,0.029651202261447906,0.0009684507025861646
141,0.00470011483412236,0.00470011483412236,0.0227725962176919,0.013013585470616817,0.013013585470616817,0.00012954289559274912,0.03043692372739315,0.0009680035359929635
142,0.004603059962391853,0.004603059962391853,0.02410810999572277,0.012618981301784515,0.012618981301784515,0.0001200476981466636,0.029645228758454323,0.0009675533331031295
143,0.0043193664168938994,0.0043193664168938994,0.020381497219204903,0.013080151751637459,0.013080151751637459,0.000137194394483231,0.03103742189705372,0.0009671000970023028
144,0.004249224439263344,0.004249224439263344,0.021612439304590225,0.01256046537309885,0.01256046537309885,0.0001231775531778112,0.029469629749655724,0.000966643830796913
145,0.004031440243124962,0.004031440243124962,0.019249138422310352,0.012564273551106453,0.012564273551106453,0.0001222472928930074,0.029398392885923386,0.0009661845376141577
146,0.003970584133639932,0.003970584133639932,0.019025132060050964,0.012369867414236069,0.012369867414236069,0.00011812605953309685,0.028696179389953613,0.0009657222206019806
147,0.00398722686804831,0.00398722686804831,0.019856158643960953,0.012316578067839146,0.012316578067839146,0.00012053843238390982,0.029507219791412354,0.000965256882929051
148,0.003923486568965018,0.003923486568965018,0.01875324919819832,0.012613785453140736,0.012613785453140736,0.00013159491936676204,0.030462490394711494,0.0009647885277847412
149,0.003852785681374371,0.003852785681374371,0.01997195929288864,0.011976303532719612,0.011976303532719612,0.00011250336683588102,0.028254367411136627,0.0009643171583791048
150,0.003909970750100911,0.003909970750100911,0.019792212173342705,0.01227851677685976,0.01227851677685976,0.0001209484034916386,0.029447833076119423,0.0009638427779428549
151,0.0038182783173397183,0.0038182783173397183,0.019515231251716614,0.011982076801359653,0.011982076801359653,0.00011440703383414075,0.02840527519583702,0.000963365389727342
152,0.003741788095794618,0.003741788095794618,0.019369766116142273,0.011777701787650585,0.011777701787650585,0.00010983878746628761,0.02754107490181923,0.0009628849970045315
153,0.0036814039340242743,0.0036814039340242743,0.01822929922491312,0.01192871481180191,0.01192871481180191,0.00011652332614175975,0.028761673718690872,0.0009624016030669813
154,0.003705858951434493,0.003705858951434493,0.01943791750818491,0.011776331812143326,0.011776331812143326,0.00011442819231888279,0.028868159279227257,0.0009619152112278192
155,0.0036828385200351477,0.0036828385200351477,0.018652230501174927,0.012301205657422543,0.012301205657422543,0.00013534232857637107,0.031145166605710983,0.0009614258248207205
156,0.0038082997780293226,0.0038082997780293226,0.021334771066904068,0.0115036116912961,0.0115036116912961,0.00010777176066767424,0.02761637605726719,0.0009609334471998847
157,0.003544154344126582,0.003544154344126582,0.01789043191820383,0.012198179960250854,0.012198179960250854,0.00012861384311690927,0.030555201694369316,0.0009604380817400133
158,0.0036481618881225586,0.0036481618881225586,0.019512674771249294,0.011381285265088081,0.011381285265088081,0.00010890061093959957,0.0278414785861969,0.0009599397318362853
159,0.0035919607616961002,0.0035919607616961002,0.019267519004642963,0.011728866957128048,0.011728866957128048,0.00012004368181806058,0.029269658029079437,0.0009594384009043353
160,0.00366271345410496,0.00366271345410496,0.020582152530550957,0.01140432059764862,0.01140432059764862,0.00011119713599327952,0.0282306969165802,0.0009589340923802293
161,0.003489841241389513,0.003489841241389513,0.018379637971520424,0.011706413701176643,0.011706413701176643,0.00011811240983661264,0.029171865433454514,0.0009584268097204415
162,0.00342565739993006,0.00342565739993006,0.017829357646405697,0.01136896200478077,0.01136896200478077,0.00010747926717158407,0.02787003666162491,0.0009579165564018304
163,0.003432901343330741,0.003432901343330741,0.01804859098047018,0.011965524405241013,0.011965524405241013,0.00013106735423207283,0.030856627970933914,0.0009574033359216153
164,0.0034698517993092537,0.0034698517993092537,0.018709728494286537,0.011268173344433308,0.011268173344433308,0.00010897655738517642,0.028374383226037025,0.0009568871517973516
165,0.0034934718860313296,0.0034934718860313296,0.018727418035268784,0.011328328400850296,0.011328328400850296,0.0001102494788938202,0.028142696246504784,0.0009563680075669077
166,0.0035119402455165982,0.0035119402455165982,0.020078214816749096,0.010984656400978565,0.010984656400978565,0.00010284417658112943,0.026791822165250778,0.0009558459067884399
167,0.0033555005211383104,0.0033555005211383104,0.01858344953507185,0.0111498748883605,0.0111498748883605,0.00010734541865531355,0.02768877148628235,0.0009553208530403685
168,0.0032809883123263717,0.0032809883123263717,0.01695355772972107,0.011048037558794022,0.011048037558794022,0.00010357903374824673,0.02718294970691204,0.0009547928499213533
169,0.0032653588568791747,0.0032653588568791747,0.01753896102309227,0.01108515914529562,0.01108515914529562,0.00010596583888400346,0.027466315776109695,0.0009542619010502682
170,0.003254277748055756,0.003254277748055756,0.017580735497176647,0.0110916243866086,0.0110916243866086,0.00010558057692833245,0.02766050025820732,0.0009537280100661779
171,0.003229543915949762,0.003229543915949762,0.016853095032274723,0.011082091368734837,0.011082091368734837,0.00010710304195526987,0.027581065893173218,0.0009531911806283107
172,0.003210815484635532,0.003210815484635532,0.017490053083747625,0.010896877385675907,0.010896877385675907,0.00010084117820952088,0.026629656553268433,0.0009526514164160361
173,0.0032550658797845244,0.0032550658797845244,0.01755700446665287,0.010921593755483627,0.010921593755483627,0.00010391377145424485,0.02720714546740055,0.000952108721128837
174,0.0031574650201946497,0.0031574650201946497,0.016626114957034588,0.011011074297130108,0.011011074297130108,0.00010577448119875044,0.027597622945904732,0.0009515630984862864
175,0.00322956801392138,0.00322956801392138,0.01830611191689968,0.010722105391323566,0.010722105391323566,9.744681301526725e-05,0.026243790984153748,0.0009510145522280209
176,0.003180420375429094,0.003180420375429094,0.016977055929601192,0.011254174634814262,0.011254174634814262,0.00011539115803316236,0.02862781658768654,0.0009504630861137151
177,0.0031768438639119267,0.0031768438639119267,0.016966134309768677,0.01084604300558567,0.01084604300558567,0.00010031646525021642,0.026757948100566864,0.0009499087039230559
178,0.0031657798681408167,0.0031657798681408167,0.017136760987341404,0.010733659379184246,0.010733659379184246,9.801053238334134e-05,0.026558011770248413,0.0009493514094557168
179,0.003110499936155975,0.003110499936155975,0.016381382942199707,0.011110223829746246,0.011110223829746246,0.00011340418132022023,0.028620645403862,0.0009487912065313317
180,0.003155608312226832,0.003155608312226832,0.01799413189291954,0.01079796813428402,0.01079796813428402,0.00010243446740787476,0.027518372982740402,0.0009482280989894687
181,0.0032310927053913474,0.0032310927053913474,0.017419020645320415,0.012074134312570095,0.012074134312570095,0.0001504862739238888,0.03376554697751999,0.0009476620906896039
182,0.0037598334020003676,0.0037598334020003676,0.023406844586133957,0.010623251087963581,0.010623251087963581,9.990042599383742e-05,0.02689143270254135,0.0009470931855110946
183,0.0036201649345457554,0.0036201649345457554,0.02232919353991747,0.010817735455930233,0.010817735455930233,0.00010062612273031846,0.02702772058546543,0.0009465213873531535
184,0.0033627994125708938,0.0033627994125708938,0.01869517844170332,0.011158022098243237,0.011158022098243237,0.00011708078818628564,0.02905510552227497,0.0009459467001348209
185,0.003322439966723323,0.003322439966723323,0.02081254031509161,0.010710792616009712,0.010710792616009712,0.00010240671690553427,0.027728194370865822,0.0009453691277949389
186,0.0033145545748993754,0.0033145545748993754,0.018780140206217766,0.011910337023437023,0.011910337023437023,0.00013930778368376195,0.03243006393313408,0.0009447886742921233
187,0.0034982223296537995,0.0034982223296537995,0.021611773408949375,0.010476919822394848,0.010476919822394848,9.245425462722778e-05,0.02581373229622841,0.0009442053436047377
188,0.0032776636071503162,0.0032776636071503162,0.019878407940268517,0.010635213926434517,0.010635213926434517,9.773836063686758e-05,0.026592515408992767,0.0009436191397308651
189,0.00311841641087085,0.00311841641087085,0.017384675331413746,0.01080744992941618,0.01080744992941618,0.00010682993161026388,0.02772112935781479,0.0009430300666882817
190,0.003045920515432954,0.003045920515432954,0.017574951983988285,0.010459354147315025,0.010459354147315025,9.382216376252472e-05,0.02589375525712967,0.0009424381285144275
191,0.0029919390799477696,0.0029919390799477696,0.01634836010634899,0.010959235019981861,0.010959235019981861,0.0001124722184613347,0.02872190810739994,0.0009418433292663809
192,0.003023357829079032,0.003023357829079032,0.01752024097368121,0.01047622412443161,0.01047622412443161,9.404523734701797e-05,0.025961145758628845,0.0009412456730208292
193,0.003117387183010578,0.003117387183010578,0.018357958644628525,0.010598931461572647,0.010598931461572647,9.756679355632514e-05,0.026650670915842056,0.0009406451638740416
194,0.002899239072576165,0.002899239072576165,0.0162260252982378,0.010887835174798965,0.010887835174798965,0.0001079831417882815,0.027891140431165695,0.0009400418059418403
195,0.0029086291324347258,0.0029086291324347258,0.01739528961479664,0.01037131529301405,0.01037131529301405,9.197225153911859e-05,0.025816362351179123,0.0009394356033595729
196,0.0030417043017223477,0.0030417043017223477,0.0178797896951437,0.011140569113194942,0.011140569113194942,0.0001138069128501229,0.028951097279787064,0.0009388265602820842
197,0.0030274984892457724,0.0030274984892457724,0.018508019857108593,0.010600828565657139,0.010600828565657139,9.740403038449585e-05,0.026374217122793198,0.0009382146808836873
198,0.0028838319703936577,0.0028838319703936577,0.017560319043695927,0.010460570454597473,0.010460570454597473,9.305986895924434e-05,0.02562536671757698,0.0009375999693581351
199,0.002891554613597691,0.002891554613597691,0.016055042389780283,0.010933476500213146,0.010933476500213146,0.00011317923053866252,0.028492260724306107,0.0009369824299185914
200,0.002824387513101101,0.002824387513101101,0.0166299887932837,0.010554293170571327,0.010554293170571327,9.74025169853121e-05,0.02695421501994133,0.0009363620667976027
201,0.002965308493003249,0.002965308493003249,0.017830592580139637,0.010546457953751087,0.010546457953751087,9.801796113606542e-05,0.026469852775335312,0.000935738884247068
202,0.002955335075967014,0.002955335075967014,0.017181738279759884,0.010568231344223022,0.010568231344223022,0.00010045482486020774,0.026585988700389862,0.0009351128865382109
203,0.0028170276200398803,0.0028170276200398803,0.01708017848432064,0.010454051196575165,0.010454051196575165,9.567805682308972e-05,0.026707764714956284,0.0009344840779615496
204,0.0028711550403386354,0.0028711550403386354,0.017073913477361202,0.01091826893389225,0.01091826893389225,0.00011359481868566945,0.028917038813233376,0.0009338524628268676
205,0.0028721927665174007,0.0028721927665174007,0.017593488562852144,0.010280811227858067,0.010280811227858067,8.917319064494222e-05,0.025322064757347107,0.0009332180454631845
206,0.00278852810151875,0.00278852810151875,0.01656239479780197,0.01067306101322174,0.01067306101322174,0.00010495551396161318,0.027317894622683525,0.0009325808302187257
207,0.002990495995618403,0.002990495995618403,0.017733081243932247,0.01043078675866127,0.01043078675866127,9.511784446658567e-05,0.02595766820013523,0.0009319408214608931
208,0.0027393068885430694,0.0027393068885430694,0.016057760454714298,0.010126608423888683,0.010126608423888683,8.535411325283349e-05,0.02454506978392601,0.0009312980235762353
209,0.0027617817977443337,0.0027617817977443337,0.015200525056570768,0.0110551118850708,0.0110551118850708,0.0001147730290540494,0.028940625488758087,0.0009306524409704167
210,0.0029034276958554983,0.0029034276958554983,0.01667956681922078,0.010723091661930084,0.010723091661930084,8.919219544623047e-05,0.0253997053951025,0.0009300040780681884
211,0.0029273818945512176,0.0029273818945512176,0.015619422309100628,0.010661357082426548,0.010661357082426548,9.491029049968347e-05,0.025990311056375504,0.0009293529393133572
212,0.0028739817207679152,0.0028739817207679152,0.015429561957716942,0.010674799792468548,0.010674799792468548,0.00010269173071719706,0.027133533731102943,0.000928699029168755
213,0.0027046268805861473,0.0027046268805861473,0.015978320501744747,0.010341443121433258,0.010341443121433258,8.928294118959457e-05,0.025442030280828476,0.000928042352116209
214,0.002745442558079958,0.002745442558079958,0.01514552440494299,0.010760395787656307,0.010760395787656307,0.00010531902080401778,0.027508113533258438,0.00092738291265651
215,0.0028174809413030744,0.0028174809413030744,0.016460420563817024,0.010299810208380222,0.010299810208380222,8.871708996593952e-05,0.025111636146903038,0.0009267207153093822
216,0.002709670807234943,0.002709670807234943,0.015787665732204914,0.01032548863440752,0.01032548863440752,9.188560215989128e-05,0.025503914803266525,0.0009260557646134519
217,0.0026215248508378863,0.0026215248508378863,0.014847593382000923,0.010552098043262959,0.010552098043262959,9.674917964730412e-05,0.026172682642936707,0.0009253880651262172
218,0.002636028570123017,0.002636028570123017,0.015336683485656977,0.010494828224182129,0.010494828224182129,8.940922270994633e-05,0.02550141140818596,0.0009247176214240154
219,0.002756858943030238,0.002756858943030238,0.015060844831168652,0.010538308881223202,0.010538308881223202,0.00010183440463151783,0.026863710954785347,0.0009240444381019922
220,0.0027646247763186693,0.0027646247763186693,0.01622784323990345,0.010231486521661282,0.010231486521661282,8.993123628897592e-05,0.02516251616179943,0.0009233685197740714
221,0.0026877245400100946,0.0026877245400100946,0.016804508864879608,0.010345241986215115,0.010345241986215115,8.785013051237911e-05,0.025195855647325516,0.0009226898710729209
222,0.0027142215985804796,0.0027142215985804796,0.015778483357280493,0.01083249133080244,0.01083249133080244,0.00010812045366037637,0.027955029159784317,0.0009220084966499233
223,0.00275829725433141,0.00275829725433141,0.015990104526281357,0.009961643256247044,0.009961643256247044,8.339877240359783e-05,0.02433020994067192,0.0009213244011751424
224,0.002625595428980887,0.002625595428980887,0.015568500384688377,0.010749869048595428,0.010749869048595428,0.00010443211067467928,0.027693122625350952,0.000920637589337292
225,0.0028210225282236934,0.0028210225282236934,0.017392430920153856,0.01069045253098011,0.01069045253098011,9.404327283846214e-05,0.026346851140260696,0.0009199480658437039
226,0.002842130488716066,0.002842130488716066,0.016862778924405575,0.010185657069087029,0.010185657069087029,8.325805538333952e-05,0.024075452238321304,0.0009192558354202945
227,0.00291673606261611,0.00291673606261611,0.016111782751977444,0.010826511308550835,0.010826511308550835,0.00010857702000066638,0.02816542610526085,0.0009185609028115337
228,0.0027936003170907497,0.0027936003170907497,0.017646196763962507,0.01036028005182743,0.01036028005182743,9.205917740473524e-05,0.026074517518281937,0.0009178632727804119
229,0.0026775969890877604,0.0026775969890877604,0.015602982603013515,0.010725533589720726,0.010725533589720726,0.00011003993859048933,0.028444664552807808,0.0009171629501084071
230,0.0031040997710078955,0.0031040997710078955,0.02044377662241459,0.010195565409958363,0.010195565409958363,9.240889630746096e-05,0.025716183707118034,0.0009164599395954524
231,0.002699202741496265,0.002699202741496265,0.01753081288188696,0.010212640278041363,0.010212640278041363,9.32948460103944e-05,0.026449162513017654,0.0009157542460599035
232,0.002714666770771146,0.002714666770771146,0.016989456955343485,0.010906700044870377,0.010906700044870377,0.00011020588135579601,0.028489889577031136,0.0009150458743385046
233,0.0026198243722319603,0.0026198243722319603,0.016368485987186432,0.010028685443103313,0.010028685443103313,8.398617501370609e-05,0.024933168664574623,0.000914334829286356
234,0.002798241679556668,0.002798241679556668,0.017943772487342358,0.010475783608853817,0.010475783608853817,9.885521285468712e-05,0.026847686618566513,0.0009136211157768811
235,0.00256970280315727,0.00256970280315727,0.015856007114052773,0.009983767755329609,0.009983767755329609,8.775970491115004e-05,0.0250808484852314,0.0009129047387017925
236,0.0025408416986465454,0.0025408416986465454,0.015973245725035667,0.009700608439743519,0.009700608439743519,8.234893903136253e-05,0.02414802275598049,0.0009121857029710581
237,0.0024080825969576836,0.0024080825969576836,0.014115612022578716,0.010216507129371166,0.010216507129371166,9.425238386029378e-05,0.02601955458521843,0.0009114640135128688
238,0.002376898191869259,0.002376898191869259,0.014897688757628202,0.009886447340250015,0.009886447340250015,8.516834350302815e-05,0.02477594092488289,0.000910739675273603
239,0.002455027657561004,0.002455027657561004,0.015385379083454609,0.010225614532828331,0.010225614532828331,9.248367859981954e-05,0.025797992944717407,0.0009100126932177938
240,0.0024742220994085073,0.0024742220994085073,0.014832919463515282,0.010300095193088055,0.010300095193088055,9.373757347930223e-05,0.026126312091946602,0.000909283072328095
241,0.0024240120546892285,0.0024240120546892285,0.015611743088811636,0.009992341510951519,0.009992341510951519,8.785645331954584e-05,0.025483496487140656,0.0009085508176052465
242,0.002528694807551801,0.002528694807551801,0.016753189265727997,0.011215095408260822,0.011215095408260822,0.0001279432326555252,0.03101963922381401,0.00090781593406804
243,0.0025061225751414895,0.0025061225751414895,0.016398936975747347,0.010043960995972157,0.010043960995972157,9.1944559244439e-05,0.026690108701586723,0.000907078426753285
244,0.0026658932911232114,0.0026658932911232114,0.018328129313886166,0.010954680852591991,0.010954680852591991,0.00011816141341114417,0.0299278125166893,0.0009063383007157744
245,0.0029595722444355488,0.0029595722444355488,0.020213160663843155,0.00989435613155365,0.00989435613155365,8.520520350430161e-05,0.02446286752820015,0.0009055955610282487
246,0.003018207964487374,0.003018207964487374,0.021802503615617752,0.010155429132282734,0.010155429132282734,8.804586832411587e-05,0.025562284514307976,0.000904850212781363
247,0.0028113919543102384,0.0028113919543102384,0.018351798877120018,0.012264532037079334,0.012264532037079334,0.00016195455100387335,0.03521648049354553,0.0009041022610836503
248,0.0030038850381970406,0.0030038850381970406,0.02023397432640195,0.010214578360319138,0.010214578360319138,9.578144090482965e-05,0.02742171101272106,0.0009033517110614881
249,0.002979370183311403,0.002979370183311403,0.022272896021604538,0.011000791564583778,0.011000791564583778,0.00011897014337591827,0.030022628605365753,0.0009025985678590621
250,0.003129888908006251,0.003129888908006251,0.02226659096777439,0.009624378755688667,0.009624378755688667,8.166707993950695e-05,0.023880550637841225,0.0009018428366383317
251,0.0033562268363311887,0.0033562268363311887,0.02420467510819435,0.01061331294476986,0.01061331294476986,9.831318311626092e-05,0.02720118872821331,0.0009010845225789934
252,0.003418156527914107,0.003418156527914107,0.02328448835760355,0.011975864879786968,0.011975864879786968,0.00014511891640722752,0.03345172852277756,0.0009003236308784478
253,0.003426401875913143,0.003426401875913143,0.02413712814450264,0.010739240795373917,0.010739240795373917,0.00011918701056856662,0.03132099658250809,0.0008995601667517607
254,0.003615213092416525,0.003615213092416525,0.02403848059475422,0.013076874427497387,0.013076874427497387,0.00019262802379671484,0.03895890712738037,0.0008987941354316301
255,0.0033340794034302235,0.0033340794034302235,0.023893472738564014,0.010654988698661327,0.010654988698661327,0.00011983430886175483,0.031243033707141876,0.0008980255421683486
256,0.0034932399867102504,0.0034932399867102504,0.02481719758361578,0.01276426948606968,0.01276426948606968,0.00017982635472435504,0.0371926873922348,0.0008972543922297687
257,0.003834939911030233,0.003834939911030233,0.027624735608696938,0.009868966415524483,0.009868966415524483,8.18670669104904e-05,0.024789756163954735,0.0008964806909012655
258,0.003421924659051001,0.003421924659051001,0.022671117447316647,0.010127434507012367,0.010127434507012367,8.682091720402241e-05,0.02536894753575325,0.0008957044434857014
259,0.0031114611774683,0.0031114611774683,0.020647765137255192,0.010310987010598183,0.010310987010598183,9.282193786930293e-05,0.02600700780749321,0.0008949256553033892
260,0.0029493749607354403,0.0029493749607354403,0.020033419597893953,0.010124079883098602,0.010124079883098602,9.066516940947622e-05,0.0250015277415514,0.0008941443316920559
261,0.002827332471497357,0.002827332471497357,0.01816671621054411,0.010456955060362816,0.010456955060362816,9.912718087434769e-05,0.026864804327487946,0.0008933604780068062
262,0.002689171233214438,0.002689171233214438,0.01899227499961853,0.009685249999165535,0.009685249999165535,7.623280544066802e-05,0.024003319442272186,0.0008925740996200851
263,0.0026921824319288135,0.0026921824319288135,0.01697067730128765,0.010818065144121647,0.010818065144121647,0.00010803935583680868,0.028278149664402008,0.0008917852019216424
264,0.002530024852603674,0.002530024852603674,0.01698307693004608,0.010036122053861618,0.010036122053861618,8.629797957837582e-05,0.02513045445084572,0.0008909937903184945
265,0.002553463215008378,0.002553463215008378,0.016086429357528687,0.010658514685928822,0.010658514685928822,0.00010355596896260977,0.027559151872992516,0.000890199870234888
266,0.002481699804775417,0.002481699804775417,0.01624050922691822,0.010186475701630116,0.010186475701630116,8.167246414814144e-05,0.024661673232913017,0.0008894034471122621
267,0.0026090388419106603,0.0026090388419106603,0.0166722247377038,0.010407560504972935,0.010407560504972935,9.078695438802242e-05,0.02578740566968918,0.0008886045264092117
268,0.002337475190870464,0.002337475190870464,0.014130858238786459,0.009893271140754223,0.009893271140754223,8.233956759795547e-05,0.0238877572119236,0.0008878031136014499
269,0.0023208450293168426,0.0023208450293168426,0.015301408246159554,0.010113570839166641,0.010113570839166641,8.664911729283631e-05,0.02464650198817253,0.0008869992141817703
270,0.00228571321349591,0.00228571321349591,0.014815638773143291,0.010460205376148224,0.010460205376148224,9.27915534703061e-05,0.026015685871243477,0.0008861928336600095
271,0.0023508298909291625,0.0023508298909291625,0.014741940423846245,0.009957384318113327,0.009957384318113327,8.29573255032301e-05,0.024596620351076126,0.0008853839775630094
272,0.002264810958877206,0.002264810958877206,0.013719978742301464,0.010473824106156826,0.010473824106156826,0.00010088179260492325,0.026939550414681435,0.000884572651434579
273,0.0023805126547813416,0.0023805126547813416,0.01661776565015316,0.010146301239728928,0.010146301239728928,8.250433893408626e-05,0.024627361446619034,0.0008837588608354571
274,0.0023927618749439716,0.0023927618749439716,0.01654519885778427,0.010424843057990074,0.010424843057990074,9.007210610434413e-05,0.02579312212765217,0.0008829426113432729
275,0.002344477572478354,0.002344477572478354,0.015510410070419312,0.009936999529600143,0.009936999529600143,8.087149035418406e-05,0.023744262754917145,0.0008821239085525091
276,0.0023427417036145926,0.0023427417036145926,0.016298123635351658,0.010154664516448975,0.010154664516448975,8.393679308937863e-05,0.024605881422758102,0.0008813027580744632
277,0.002306946786120534,0.002306946786120534,0.014196319971233606,0.01086380984634161,0.01086380984634161,0.00010542378731770441,0.02809961326420307,0.0008804791655372085
278,0.0023321580374613404,0.0023321580374613404,0.015389401465654373,0.01003111619502306,0.01003111619502306,7.98338878666982e-05,0.024243075400590897,0.0008796531365855559
279,0.00236924784258008,0.00236924784258008,0.01510824030265212,0.010266203433275223,0.010266203433275223,9.532351396046579e-05,0.02617093175649643,0.0008788246768810155
280,0.0023790851701050997,0.0023790851701050997,0.015493253245949745,0.009920590557157993,0.009920590557157993,7.988621655385941e-05,0.023810312151908875,0.0008779937921017574
281,0.0022726423339918256,0.0022726423339918256,0.01454927958548069,0.010179020464420319,0.010179020464420319,8.195116242859513e-05,0.024256732314825058,0.0008771604879425725
282,0.002220581751316786,0.002220581751316786,0.013802138157188892,0.010002587921917439,0.010002587921917439,8.315799641422927e-05,0.024367745965719223,0.0008763247701148346
283,0.002148156752809882,0.002148156752809882,0.013626682572066784,0.009810353629291058,0.009810353629291058,7.950539293233305e-05,0.023612115532159805,0.00087548664434646
284,0.0021397325908765197,0.0021397325908765197,0.013722619507461786,0.010061641223728657,0.010061641223728657,8.484284626320004e-05,0.02495981752872467,0.0008746461163818687
285,0.002138416632078588,0.002138416632078588,0.01303256954997778,0.01010795310139656,0.01010795310139656,8.457766671199352e-05,0.024587951600551605,0.0008738031919819456
286,0.0020939642563462257,0.0020939642563462257,0.013038774020969868,0.009750565513968468,0.009750565513968468,7.850126712583005e-05,0.023449404165148735,0.0008729578769239999
287,0.002136341412551701,0.002136341412551701,0.013782673049718142,0.010123351588845253,0.010123351588845253,8.810967847239226e-05,0.02511969953775406,0.0008721101770017265
288,0.0020984733710065484,0.0020984733710065484,0.0133331255055964,0.010051961056888103,0.010051961056888103,8.304727089125663e-05,0.024688221514225006,0.0008712600980251656
289,0.0020586802856996655,0.0020586802856996655,0.013100226409733295,0.009709561243653297,0.009709561243653297,7.776990241836756e-05,0.023638105019927025,0.0008704076458206632
290,0.0020474293269217014,0.0020474293269217014,0.01307538989931345,0.009791111573576927,0.009791111573576927,7.50943145249039e-05,0.023014063015580177,0.0008695528262308317
291,0.0021468389313668013,0.0021468389313668013,0.01390664279460907,0.009910100139677525,0.009910100139677525,7.912448199931532e-05,0.02388111501932144,0.0008686956451145084
292,0.002112137502990663,0.002112137502990663,0.013326244428753853,0.010242311283946037,0.010242311283946037,9.048546780832112e-05,0.025675125420093536,0.0008678361083467171
293,0.0020420473883859813,0.0020420473883859813,0.013632794376462698,0.009451191872358322,0.009451191872358322,7.343674951698631e-05,0.02318093553185463,0.0008669742218186262
294,0.0020908088190481067,0.0020908088190481067,0.014015961438417435,0.010585173964500427,0.010585173964500427,0.00010470904817339033,0.027962569147348404,0.0008661099914375098
295,0.002162712742574513,0.002162712742574513,0.015575369354337454,0.009823273867368698,0.009823273867368698,7.712620572419837e-05,0.02383238449692726,0.0008652434231267059
296,0.0021977208089083433,0.0021977208089083433,0.015514214523136616,0.01004530768841505,0.01004530768841505,8.558279660064727e-05,0.024756839498877525,0.0008643745228255767
297,0.001990484248381108,0.001990484248381108,0.012751065194606781,0.009720059111714363,0.009720059111714363,7.949861173983663e-05,0.023758944123983383,0.0008635032964894676
298,0.0019814131082966924,0.0019814131082966924,0.01359789539128542,0.00980288628488779,0.00980288628488779,7.861569611122832e-05,0.02385476604104042,0.0008626297500896666
299,0.0019539105123840272,0.0019539105123840272,0.012752012815326452,0.009883605875074863,0.009883605875074863,8.224554767366499e-05,0.02435055375099182,0.0008617538896133625
300,0.0019107194966636598,0.0019107194966636598,0.01253166003152728,0.009553642943501472,0.009553642943501472,7.502987864427269e-05,0.022782109677791595,0.0008608757210636052
301,0.0019660761463455856,0.0019660761463455856,0.012995393946766853,0.010243922472000122,0.010243922472000122,9.518849401501939e-05,0.02624604105949402,0.0008599952504592636
302,0.0019682858837768435,0.0019682858837768435,0.013462676666676998,0.009639082476496696,0.009639082476496696,7.53635831642896e-05,0.023651747032999992,0.0008591124838349845
303,0.0020431673619896173,0.0020431673619896173,0.014490334782749414,0.009914860129356384,0.009914860129356384,8.352733857464045e-05,0.024540554732084274,0.0008582274272411517
304,0.001896615489386022,0.001896615489386022,0.012090190779417753,0.009529231116175652,0.009529231116175652,7.538162753917277e-05,0.02303902432322502,0.0008573400867438438
305,0.0019127095583826303,0.0019127095583826303,0.013018937781453133,0.00981091521680355,0.00981091521680355,8.250376413343474e-05,0.024212835356593132,0.0008564504684247932
306,0.0019044539076276124,0.0019044539076276124,0.012599617708474398,0.009756006300449371,0.009756006300449371,7.883035868871957e-05,0.02386828511953354,0.0008555585783813443
307,0.0018784034764394164,0.0018784034764394164,0.012587876059114933,0.009645460173487663,0.009645460173487663,7.931139407446608e-05,0.023766160011291504,0.0008546644227264119
308,0.0018832719651982188,0.0018832719651982188,0.01275108428671956,0.009751669131219387,0.009751669131219387,7.975786866154522e-05,0.023843806236982346,0.0008537680075884382
309,0.0018600539769977331,0.0018600539769977331,0.0126241659745574,0.009509456343948841,0.009509456343948841,7.220727275125682e-05,0.022643841803073883,0.0008528693391113527
310,0.0018725899863056839,0.0018725899863056839,0.012344127986580133,0.009892878122627735,0.009892878122627735,8.382867963518947e-05,0.02457226626574993,0.0008519684234545282
311,0.0018415127997286618,0.0018415127997286618,0.012543063145130873,0.009575599804520607,0.009575599804520607,7.643202843610197e-05,0.02351059950888157,0.0008510652667927398
312,0.0018506650812923908,0.0018506650812923908,0.012512339279055595,0.009625931270420551,0.009625931270420551,7.656789966858923e-05,0.023331843316555023,0.0008501598753161223
313,0.0018504415638744831,0.0018504415638744831,0.012180211022496223,0.009663979522883892,0.009663979522883892,7.799587183399126e-05,0.023520171642303467,0.0008492522552301272
314,0.0018031469080597162,0.0018031469080597162,0.012145641259849072,0.009754841215908527,0.009754841215908527,8.069096656981856e-05,0.024068180471658707,0.0008483424127554811
315,0.0018147103255614638,0.0018147103255614638,0.01197182945907116,0.00978311337530613,0.00978311337530613,7.993981125764549e-05,0.024034947156906128,0.0008474303541281425
316,0.0018190409755334258,0.0018190409755334258,0.01206619618460536,0.009711275808513165,0.009711275808513165,7.89371770224534e-05,0.02371092513203621,0.000846516085599259
317,0.0018097612191922963,0.0018097612191922963,0.012244866229593754,0.009600766934454441,0.009600766934454441,7.583197293570265e-05,0.023212498053908348,0.0008455996134351248
318,0.0018033438245765865,0.0018033438245765865,0.012243072036653757,0.009843073785305023,0.009843073785305023,8.390915900235996e-05,0.024629132822155952,0.0008446809439171374
319,0.0018422565190121531,0.0018422565190121531,0.012519240844994783,0.009579620324075222,0.009579620324075222,7.655570516362786e-05,0.023477554321289062,0.0008437600833417549
320,0.0018237789627164602,0.0018237789627164602,0.012702731415629387,0.009451580233871937,0.009451580233871937,7.295788964256644e-05,0.022883838042616844,0.0008428370380204527
321,0.0018203345825895667,0.0018203345825895667,0.011980808340013027,0.00996323861181736,0.00996323861181736,9.043505997397006e-05,0.025712596252560616,0.0008419118142796799
322,0.00197500828653574,0.00197500828653574,0.014838122762739658,0.00977835338562727,0.00977835338562727,7.733704114798456e-05,0.02361743524670601,0.0008409844184608164
323,0.0020734184654429555,0.0020734184654429555,0.015184162650257349,0.009404621087014675,0.009404621087014675,7.427939272020012e-05,0.02326265163719654,0.0008400548569201295
324,0.0021996491705067456,0.0021996491705067456,0.015660475008189678,0.010462300851941109,0.010462300851941109,0.00010785266931634396,0.028404267504811287,0.0008391231360287296
325,0.0021775919012725353,0.0021775919012725353,0.017230289056897163,0.009565435349941254,0.009565435349941254,7.585902494611219e-05,0.023620160296559334,0.0008381892621725278
326,0.001953211904037744,0.001953211904037744,0.014117725659161806,0.009909525513648987,0.009909525513648987,8.816139597911388e-05,0.025135723873972893,0.0008372532417521906
327,0.0019772019586525857,0.0019772019586525857,0.013428318314254284,0.009840677492320538,0.009840677492320538,8.09844204923138e-05,0.024152114987373352,0.0008363150811830972
328,0.001967008749488741,0.001967008749488741,0.014931903686374426,0.009565718472003937,0.009565718472003937,7.699565321672708e-05,0.023627813905477524,0.0008353747868952953
329,0.001974229817278683,0.001974229817278683,0.014048221986740828,0.010325814597308636,0.010325814597308636,9.961071191355586e-05,0.026998136192560196,0.0008344323653334563
330,0.0020455315243452787,0.0020455315243452787,0.015533438418060541,0.009342567063868046,0.009342567063868046,7.166012073867023e-05,0.022931352257728577,0.0008334878229568325
331,0.002148123341612518,0.002148123341612518,0.01533342432230711,0.010786616243422031,0.010786616243422031,0.00011248101509409025,0.029111579060554504,0.0008325411662392112
332,0.002296940889209509,0.002296940889209509,0.01769550982862711,0.009621230885386467,0.009621230885386467,7.506709516746923e-05,0.023538894951343536,0.0008315924016688717
333,0.002376871183514595,0.002376871183514595,0.01884566619992256,0.010093310847878456,0.010093310847878456,9.231529838871211e-05,0.025662275031208992,0.0008306415357485403
334,0.002346086548641324,0.002346086548641324,0.016620789654552937,0.010872872546315193,0.010872872546315193,9.514375415164977e-05,0.026744727045297623,0.0008296885749953453
335,0.002425007987767458,0.002425007987767458,0.017704374622553587,0.009576205164194107,0.009576205164194107,7.008140528341755e-05,0.022839633747935295,0.000828733525940773
336,0.002424530335702002,0.002424530335702002,0.016325518488883972,0.010404746048152447,0.010404746048152447,0.00010236230446025729,0.027461199089884758,0.0008277763951306229
337,0.002415177645161748,0.002415177645161748,0.017551621422171593,0.00937553308904171,0.00937553308904171,7.298447599168867e-05,0.022967569530010223,0.0008268171891249622
338,0.0022262067650444806,0.0022262067650444806,0.014280591160058975,0.009987958706915379,0.009987958706915379,8.664508641231805e-05,0.02517816051840782,0.0008258559144980815
339,0.0020980180706828833,0.0020980180706828833,0.014362430199980736,0.009818854741752148,0.009818854741752148,7.352980901487172e-05,0.023081135004758835,0.0008248925778384496
340,0.00205513380933553,0.00205513380933553,0.013406498357653618,0.010084899142384529,0.010084899142384529,9.111936378758401e-05,0.025940503925085068,0.0008239271857486681
341,0.002170251216739416,0.002170251216739416,0.014746260829269886,0.010165952146053314,0.010165952146053314,8.487301238346845e-05,0.025057971477508545,0.0008229597448454262
342,0.0023411454167217016,0.0023411454167217016,0.01809207769110799,0.009571903385221958,0.009571903385221958,7.390901737380773e-05,0.022972717881202698,0.0008219902617594552
343,0.0022592201130464673,0.0022592201130464673,0.016535532660782337,0.010640585795044899,0.010640585795044899,0.00010869665129575878,0.028481213375926018,0.0008210187431354841
344,0.002182280644774437,0.002182280644774437,0.01779591105878353,0.009865643456578255,0.009865643456578255,8.223344048019499e-05,0.025407247245311737,0.0008200451956321928
345,0.002358323661610484,0.002358323661610484,0.017033283598721027,0.010983900167047977,0.010983900167047977,0.00012012870865873992,0.030342238023877144,0.0008190696259221665
346,0.0022393398685380816,0.0022393398685380816,0.01667181635275483,0.009728833101689816,0.009728833101689816,7.554957119282335e-05,0.024006346240639687,0.000818092040691851
347,0.002533979481086135,0.002533979481086135,0.019674439914524555,0.010530075989663601,0.010530075989663601,0.000100313889561221,0.02724854275584221,0.0008171124466415059
348,0.0024262951919808984,0.0024262951919808984,0.017759457230567932,0.009691680781543255,0.009691680781543255,7.384048512903973e-05,0.02317044511437416,0.0008161308504851593
349,0.0023567078169435263,0.0023567078169435263,0.016677015461027622,0.009507590904831886,0.009507590904831886,7.353449473157525e-05,0.023131318390369415,0.0008151472589505611
350,0.002340504841413349,0.002340504841413349,0.01659766212105751,0.010173531249165535,0.010173531249165535,9.942484030034393e-05,0.027159161865711212,0.0008141616787791377
351,0.0021226584212854505,0.0021226584212854505,0.017412621527910233,0.009725524112582207,0.009725524112582207,7.428659591823816e-05,0.02364690601825714,0.0008131741167259453
352,0.002056976140011102,0.002056976140011102,0.014271430671215057,0.010464420542120934,0.010464420542120934,9.976920409826562e-05,0.02719619683921337,0.0008121845795596236
353,0.0019506568205542862,0.0019506568205542862,0.01341026509180665,0.009434232488274574,0.009434232488274574,7.033473229967058e-05,0.02287861332297325,0.0008111930740623492
354,0.0019322463776916265,0.0019322463776916265,0.013984385412186384,0.009921851567924023,0.009921851567924023,8.952882490120828e-05,0.025699466466903687,0.0008101996070297903
355,0.0018584299250505865,0.0018584299250505865,0.014143079053610563,0.009375592693686485,0.009375592693686485,7.094342436175793e-05,0.022556263953447342,0.0008092041852710587
356,0.00185453420272097,0.00185453420272097,0.013832395430654287,0.009686879813671112,0.009686879813671112,7.67289602663368e-05,0.023246649652719498,0.0008082068156086631
357,0.0018695183098316193,0.0018695183098316193,0.013499416876584291,0.009622459299862385,0.009622459299862385,7.780941086821258e-05,0.023674288764595985,0.0008072075048784639
358,0.0017860051593743265,0.0017860051593743265,0.012872596736997366,0.009477007202804089,0.009477007202804089,7.098129572113976e-05,0.02270876243710518,0.0008062062599296249
359,0.0017535773222334683,0.0017535773222334683,0.011971799656748772,0.009639477357268333,0.009639477357268333,7.938811904750764e-05,0.0238344706594944,0.0008052030876245668
360,0.0016957041225396097,0.0016957041225396097,0.011800565756857395,0.009375996887683868,0.009375996887683868,6.870013021398336e-05,0.02212006226181984,0.0008041979948389203
361,0.0017516451771371067,0.0017516451771371067,0.012199351098388433,0.009715110994875431,0.009715110994875431,7.83393406891264e-05,0.023683883249759674,0.0008031909884614789
362,0.0017231472302228212,0.0017231472302228212,0.011908703949302435,0.009643505327403545,0.009643505327403545,7.853675924707204e-05,0.023711927235126495,0.0008021820753941513
363,0.0017265685019083321,0.0017265685019083321,0.012980702333152294,0.00945670809596777,0.00945670809596777,7.124952389858663e-05,0.022866614162921906,0.000801171262551915
364,0.001724778616335243,0.001724778616335243,0.012053088750690222,0.009962750598788261,0.009962750598788261,8.944128057919443e-05,0.02554362267255783,0.000800158556862768
365,0.0017295384895987809,0.0017295384895987809,0.01245215442031622,0.009430861100554466,0.009430861100554466,6.88894942868501e-05,0.022233327850699425,0.0007991439652676816
366,0.001694015576504171,0.001694015576504171,0.011713361367583275,0.009778033010661602,0.009778033010661602,8.142547449097037e-05,0.02426053397357464,0.000798127494720553
367,0.00180773064494133,0.00180773064494133,0.013633059337735176,0.009678500704467297,0.009678500704467297,7.78341491241008e-05,0.023462392389774323,0.0007971091521881574
368,0.0016723752487450838,0.0016723752487450838,0.012235928792506456,0.009505528025329113,0.009505528025329113,7.082124648150057e-05,0.02256523072719574,0.0007960889446501008
369,0.0016882874770089984,0.0016882874770089984,0.011710145510733128,0.010244429111480713,0.010244429111480713,9.58380987867713e-05,0.02659071423113346,0.000795066879098771
370,0.001739395665936172,0.001739395665936172,0.013678880408406258,0.009448015131056309,0.009448015131056309,7.01119497534819e-05,0.02275398001074791,0.0007940429625392913
371,0.0017670721281319857,0.0017670721281319857,0.013153640553355217,0.01032442320138216,0.01032442320138216,9.864580351859331e-05,0.026920264586806297,0.000793017201989471
372,0.0018340382957831025,0.0018340382957831025,0.013499531894922256,0.009689673781394958,0.009689673781394958,7.55483633838594e-05,0.023723825812339783,0.0007919896044797579
373,0.001802699000108987,0.001802699000108987,0.013737217988818884,0.009742584079504013,0.009742584079504013,8.07807591627352e-05,0.02412068471312523,0.0007909601770531903
374,0.0017286496004089713,0.0017286496004089713,0.012315889820456505,0.009555359371006489,0.009555359371006489,7.345312042161822e-05,0.022678792476654053,0.0007899289267653487
375,0.0017168978229165077,0.0017168978229165077,0.01347852312028408,0.009765751659870148,0.009765751659870148,7.62323834351264e-05,0.023203887045383453,0.0007888958606843069
376,0.0017558772815391421,0.0017558772815391421,0.012577116955071688,0.01025429181754589,0.01025429181754589,8.989778871182352e-05,0.02560802549123764,0.0007878609858905844
377,0.001704723748844117,0.001704723748844117,0.012369812466204166,0.009260885417461395,0.009260885417461395,6.887460767757148e-05,0.022329077124595642,0.0007868243094770969
378,0.00180071743670851,0.00180071743670851,0.013013254851102829,0.010169388726353645,0.010169388726353645,9.310208406532183e-05,0.026056908071041107,0.0007857858385491085
379,0.0019241739064455032,0.0019241739064455032,0.015528744086623192,0.009598253294825554,0.009598253294825554,7.370753155555576e-05,0.0231962651014328,0.0007847455802241828
380,0.0017906716093420982,0.0017906716093420982,0.012161653023213148,0.009567931294441223,0.009567931294441223,7.335843110922724e-05,0.022951841354370117,0.0007837035416321337
381,0.001735757221467793,0.001735757221467793,0.012061307206749916,0.009814143180847168,0.009814143180847168,8.61674634506926e-05,0.02485758811235428,0.0007826597299149774
382,0.0017332666902802885,0.0017332666902802885,0.013323599006980658,0.009476964361965656,0.009476964361965656,7.272964285220951e-05,0.023046035319566727,0.0007816141522268821
383,0.0016583819524385035,0.0016583819524385035,0.0115277748554945,0.009996236301958561,0.009996236301958561,8.730664558243006e-05,0.025228742510080338,0.0007805668157341204
384,0.0016959098284132779,0.0016959098284132779,0.01305748987942934,0.009388623759150505,0.009388623759150505,7.174730853876099e-05,0.02254222333431244,0.0007795177276150193
385,0.0015972006367519498,0.0015972006367519498,0.010839208029210567,0.009771069511771202,0.009771069511771202,7.932716107461601e-05,0.02381904236972332,0.0007784668950599113
386,0.0016036733868531883,0.0016036733868531883,0.011181569658219814,0.009629527106881142,0.009629527106881142,7.52971027395688e-05,0.02321263961493969,0.0007774143252710853
387,0.0015940170269459486,0.0015940170269459486,0.011223274283111095,0.009561743587255478,0.009561743587255478,7.371716492343694e-05,0.022922033444046974,0.0007763600254627364
388,0.0015926489140838385,0.0015926489140838385,0.011094736400991678,0.0097892377525568,0.0097892377525568,8.208920917240903e-05,0.02429569512605667,0.0007753040028609179
389,0.0016111548175103962,0.0016111548175103962,0.012019616551697254,0.009450840763747692,0.009450840763747692,6.939549348317087e-05,0.022390933707356453,0.00077424626470349
390,0.001624742231797427,0.001624742231797427,0.0115557168610394,0.00967380590736866,0.00967380590736866,7.76143278926611e-05,0.02349058911204338,0.0007731868182400717
391,0.001554348214995116,0.001554348214995116,0.011030019260942936,0.00925176776945591,0.00925176776945591,6.920565647305921e-05,0.022074589505791664,0.0007721256707319907
392,0.0016345031908713281,0.0016345031908713281,0.01218465156853199,0.0096345329657197,0.0096345329657197,7.411418482661247e-05,0.023111451417207718,0.0007710628294522329
393,0.0016337528941221535,0.0016337528941221535,0.011817015707492828,0.009806509129703045,0.009806509129703045,8.352053555427119e-05,0.024509597569704056,0.0007699983016853936
394,0.0016102182562462986,0.0016102182562462986,0.011868226807564497,0.009381450712680817,0.009381450712680817,6.859355926280841e-05,0.022221826016902924,0.000768932094727627
395,0.0016222784761339426,0.0016222784761339426,0.0116008291952312,0.010081705637276173,0.010081705637276173,9.23393527045846e-05,0.02610863745212555,0.0007678642158865958
396,0.0017102028941735625,0.0017102028941735625,0.013352656736969948,0.009476684033870697,0.009476684033870697,7.110497972462326e-05,0.022843971848487854,0.0007667946724814224
397,0.0016051569837145507,0.0016051569837145507,0.012396789155900478,0.009789219126105309,0.009789219126105309,8.125670137815177e-05,0.024153713136911392,0.0007657234718426375
398,0.0016120073851197958,0.0016120073851197958,0.01180317485705018,0.009446665644645691,0.009446665644645691,7.06478749634698e-05,0.0223628468811512,0.0007646506213121302
399,0.0015206635580398142,0.0015206635580398142,0.010648425668478012,0.009779614396393299,0.009779614396393299,7.974974141689017e-05,0.023970425128936768,0.0007635761282430981
400,0.0015590628026984632,0.0015590628026984632,0.011393810622394085,0.009405753575265408,0.009405753575265408,7.041639764793217e-05,0.022361505776643753,0.0007624999999999961
401,0.001621532835997641,0.001621532835997641,0.012616093270480633,0.009448209777474403,0.009448209777474403,7.068589184200391e-05,0.022495660930871964,0.000761422243958487
402,0.0015729726292192936,0.0015729726292192936,0.011143391020596027,0.00997125543653965,0.00997125543653965,8.72710588737391e-05,0.025125354528427124,0.0007603428675053898
403,0.0015807545278221369,0.0015807545278221369,0.01174604007974267,0.00945431087166071,0.00945431087166071,6.77129573887214e-05,0.022115662693977356,0.0007592618780386299
404,0.0015717511996626854,0.0015717511996626854,0.011199211701750755,0.009864116087555885,0.009864116087555885,8.436833013547584e-05,0.02478295937180519,0.0007581792829671881
405,0.0015960109303705394,0.0015960109303705394,0.012360264081507921,0.009537621401250362,0.009537621401250362,7.107639976311475e-05,0.022690262645483017,0.0007570950897110498
406,0.001602641714271158,0.001602641714271158,0.012160175945609808,0.009602491743862629,0.009602491743862629,7.307698979275301e-05,0.02281348966062069,0.0007560093057011541
407,0.0016163045074790716,0.0016163045074790716,0.012000081595033407,0.009800640866160393,0.009800640866160393,8.113596413750201e-05,0.02421300858259201,0.0007549219383793432
408,0.0015863985754549503,0.0015863985754549503,0.012296712957322598,0.009323442354798317,0.009323442354798317,6.793417560402304e-05,0.02238321118056774,0.0007538329951983108
409,0.0015948900836519897,0.0015948900836519897,0.011715827509760857,0.010000523179769516,0.010000523179769516,8.979810809250921e-05,0.025673886761069298,0.0007527424836215516
410,0.0015596531447954476,0.0015596531447954476,0.012244479730725288,0.009465942159295082,0.009465942159295082,6.91372697474435e-05,0.022618774324655533,0.0007516504111233101
411,0.0017002737731672823,0.0017002737731672823,0.013827145099639893,0.010212710127234459,0.010212710127234459,9.299427620135248e-05,0.026120254769921303,0.0007505567851885283
412,0.0017513309721834958,0.0017513309721834958,0.014301718678325415,0.00931389257311821,0.00931389257311821,6.80784578435123e-05,0.02210097759962082,0.0007494616133127967
413,0.0015980078605934978,0.0015980078605934978,0.011859020683914423,0.009562753140926361,0.009562753140926361,7.287735934369266e-05,0.022862061858177185,0.0007483649030023002
414,0.00158794125309214,0.00158794125309214,0.011568985413759947,0.009533070959150791,0.009533070959150791,7.157570507843047e-05,0.022541997954249382,0.0007472666617737685
415,0.0016282559954561293,0.0016282559954561293,0.013373135589063168,0.009594122879207134,0.009594122879207134,7.112520688679069e-05,0.02278175950050354,0.000746166897154424
416,0.0016413036501035094,0.0016413036501035094,0.012284652795642614,0.010200701653957367,0.010200701653957367,9.59072494879365e-05,0.02654837816953659,0.0007450656166819305
417,0.0016520898789167404,0.0016520898789167404,0.012979395221918821,0.009342506527900696,0.009342506527900696,6.669390859315172e-05,0.022161033004522324,0.0007439628279043408
418,0.0016520225908607244,0.0016520225908607244,0.012388103175908327,0.010125342756509781,0.010125342756509781,9.228935232385993e-05,0.02605951391160488,0.0007428585383800457
419,0.001634907501284033,0.001634907501284033,0.013583129737526178,0.009554093703627586,0.009554093703627586,7.01608951203525e-05,0.022600511088967323,0.0007417527556777223
420,0.0016321091097779572,0.0016321091097779572,0.013396549038589,0.009613835252821445,0.009613835252821445,7.517581980209798e-05,0.0231246966868639,0.0007406454873762809
421,0.001674015074968338,0.001674015074968338,0.013379375915974379,0.009708822704851627,0.009708822704851627,7.749179349048063e-05,0.023538004606962204,0.0007395367410648148
422,0.0016053281142376363,0.0016053281142376363,0.013170187827199697,0.009407227858901024,0.009407227858901024,6.707842112518847e-05,0.022102057933807373,0.000738426524342547
423,0.0015869010821916163,0.0015869010821916163,0.011649309657514095,0.01017820741981268,0.01017820741981268,9.376630623592064e-05,0.02625695802271366,0.0007373148448187787
424,0.0015967552899383008,0.0015967552899383008,0.01228652149438858,0.009441503323614597,0.009441503323614597,6.721874524373561e-05,0.022282972931861877,0.0007362017101128366
425,0.0016908528632484376,0.0016908528632484376,0.013050201814621687,0.009902090765535831,0.009902090765535831,8.44470487209037e-05,0.02467869408428669,0.0007350871278540218
426,0.0015906994231045246,0.0015906994231045246,0.012535912450402975,0.00929195899516344,0.00929195899516344,6.697130447719246e-05,0.02177496626973152,0.0007339711056815558
427,0.0015761888353154063,0.0015761888353154063,0.012132590170949697,0.00953669473528862,0.00953669473528862,7.169971650000662e-05,0.022484175860881805,0.0007328536512445299
428,0.0015355987707152963,0.0015355987707152963,0.011052453890442848,0.009884371422231197,0.009884371422231197,8.079955296125263e-05,0.02406449243426323,0.0007317347722018518
429,0.00148907327093184,0.00148907327093184,0.01121943537145853,0.009481907822191715,0.009481907822191715,6.988050881773233e-05,0.022394467145204544,0.0007306144762221927
430,0.0014786229585297406,0.0014786229585297406,0.01043313043192029,0.009822944179177284,0.009822944179177284,8.224429620895535e-05,0.0243876613676548,0.0007294927709839364
431,0.0014877255307510495,0.0014877255307510495,0.011264590080827475,0.009496547281742096,0.009496547281742096,6.97544528520666e-05,0.022452350705862045,0.0007283696641751246
432,0.0014620639849454165,0.0014620639849454165,0.010625571012496948,0.009789669886231422,0.009789669886231422,8.152723603416234e-05,0.024014316499233246,0.0007272451634934057
433,0.0014828080893494189,0.0014828080893494189,0.01121758995577693,0.009504375979304314,0.009504375979304314,7.025852391961962e-05,0.02232280746102333,0.0007261192766459815
434,0.00147731089964509,0.00147731089964509,0.01170609937980771,0.009662238880991936,0.009662238880991936,7.362417818512768e-05,0.02311958372592926,0.0007249920113495545
435,0.0014931971090845764,0.0014931971090845764,0.01098324591293931,0.00964433141052723,0.00964433141052723,7.802182517480105e-05,0.023671571165323257,0.0007238633753302745
436,0.0014519182150252163,0.0014519182150252163,0.011021202895790339,0.009357395581901073,0.009357395581901073,6.727105210302398e-05,0.021786905825138092,0.0007227333763236868
437,0.001478257356211543,0.001478257356211543,0.010810157284140587,0.009964847937226295,0.009964847937226295,8.693484414834529e-05,0.025166258215904236,0.0007216020220746778
438,0.001541118195746094,0.001541118195746094,0.0124431774020195,0.009479699656367302,0.009479699656367302,7.045125676086172e-05,0.022701367735862732,0.0007204693203374228
439,0.0015321002574637532,0.0015321002574637532,0.012186733540147543,0.009519819170236588,0.009519819170236588,7.486598042305559e-05,0.023006897419691086,0.000719335278875333
440,0.0015515010454691947,0.0015515010454691947,0.012057763524353504,0.009562568739056587,0.009562568739056587,7.369685772573575e-05,0.022992078214883804,0.0007181999054610013
441,0.0014827735722064972,0.0014827735722064972,0.011691468767821789,0.009449726901948452,0.009449726901948452,6.966675573494285e-05,0.022421250119805336,0.0007170632078761502
442,0.0014801969518885016,0.0014801969518885016,0.010885114781558514,0.009821596555411816,0.009821596555411816,8.250835526268929e-05,0.024241941049695015,0.0007159251939115774
443,0.001474565826356411,0.001474565826356411,0.011066185310482979,0.009465082548558712,0.009465082548558712,6.631838186876848e-05,0.021914897486567497,0.0007147858713671033
444,0.0014756385935470462,0.0014756385935470462,0.010503442957997322,0.009864122606813908,0.009864122606813908,8.292307757074013e-05,0.02451973967254162,0.000713645248051517
445,0.0014842215459793806,0.0014842215459793806,0.011813562363386154,0.009536301717162132,0.009536301717162132,7.080494106048718e-05,0.022640518844127655,0.0007125033317825232
446,0.001444304536562413,0.001444304536562413,0.010830815881490707,0.009657039307057858,0.009657039307057858,7.658176764380187e-05,0.02336079627275467,0.0007113601303866878
447,0.00145035982131958,0.00145035982131958,0.01089704129844904,0.009377810172736645,0.009377810172736645,6.733795453328639e-05,0.02192220464348793,0.0007102156516993857
448,0.001464516797568649,0.001464516797568649,0.011122997850179672,0.009646089747548103,0.009646089747548103,7.639575778739527e-05,0.023385940119624138,0.000709069903564745
449,0.0014540426200255752,0.0014540426200255752,0.010671535041183233,0.00950421579182148,0.00950421579182148,7.351893145823851e-05,0.02293437160551548,0.0007079228938355956
450,0.0014438479556702077,0.0014438479556702077,0.011080620810389519,0.009516500867903233,0.009516500867903233,6.912656681379303e-05,0.022193124517798424,0.0007067746303734138
451,0.0014680461026728153,0.0014680461026728153,0.010873112827539444,0.009906955063343048,0.009906955063343048,8.511159103363752e-05,0.024715207517147064,0.0007056251210482685
452,0.0014644857728853822,0.0014644857728853822,0.011683372780680656,0.009427208453416824,0.009427208453416824,6.747378211002797e-05,0.022402700036764145,0.0007044743737387681
453,0.0015482711605727673,0.0015482711605727673,0.012310768943279982,0.010017293505370617,0.010017293505370617,8.61825974425301e-05,0.025107407942414284,0.0007033223963320057
454,0.0015037653502076864,0.0015037653502076864,0.01202490832656622,0.009336401708424091,0.009336401708424091,6.640449282713234e-05,0.021767783910036087,0.0007021691967235054
455,0.0014937000232748687,0.0014937000232748687,0.011722305323928595,0.009599531069397926,0.009599531069397926,7.371111132670194e-05,0.022914161905646324,0.0007010147828171683
456,0.00147333275526762,0.00147333275526762,0.011453164741396904,0.009689468890428543,0.009689468890428543,7.74688960518688e-05,0.02362458035349846,0.0006998591625252183
457,0.0014409871655516326,0.0014409871655516326,0.010915874037891626,0.009474598802626133,0.009474598802626133,6.870883225928992e-05,0.02221926487982273,0.0006987023437681469
458,0.0014272477710619569,0.0014272477710619569,0.010498733725398779,0.00978855974972248,0.00978855974972248,8.268997771665454e-05,0.024394284933805466,0.0006975443344746609
459,0.0014398510102182627,0.0014398510102182627,0.011467009782791138,0.009377704001963139,0.009377704001963139,6.733978807460517e-05,0.022005198523402214,0.000696385142581626
460,0.0014153823140077293,0.0014153823140077293,0.010530334897339344,0.00970311090350151,0.00970311090350151,7.605626888107508e-05,0.02344771847128868,0.0006952247760340137
461,0.0013758496497757733,0.0013758496497757733,0.01002406794577837,0.009372705593705177,0.009372705593705177,6.709476292598993e-05,0.02192150242626667,0.0006940632427848466
462,0.0014088026946410537,0.0014088026946410537,0.01071262126788497,0.009622971527278423,0.009622971527278423,7.4302930443082e-05,0.022934619337320328,0.0006929005507951433
463,0.001400825276505202,0.001400825276505202,0.010599628556519747,0.00959172286093235,0.00959172286093235,7.383911724900827e-05,0.02293894812464714,0.0006917367080338646
464,0.0013724816380999982,0.0013724816380999982,0.010055288206785917,0.009548629634082317,0.009548629634082317,7.191322947619483e-05,0.022635769098997116,0.0006905717224778584
465,0.0013873441494069993,0.0013873441494069993,0.010219039395451546,0.009649430401623249,0.009649430401623249,7.689308404223993e-05,0.023412831127643585,0.0006894056021118053
466,0.001381435722578317,0.001381435722578317,0.010784119833260775,0.009457862004637718,0.009457862004637718,6.915856647538021e-05,0.022283175960183144,0.0006882383549281639
467,0.0013652570196427405,0.0013652570196427405,0.01025245152413845,0.009772979654371738,0.009772979654371738,7.640397234354168e-05,0.02346809208393097,0.0006870699889271154
468,0.0013673059875145555,0.0013673059875145555,0.010064152535051107,0.009347396902740002,0.009347396902740002,6.729955930495635e-05,0.021958522498607635,0.0006859005121165097
469,0.0014342827489599586,0.0014342827489599586,0.01099339034408331,0.009750032797455788,0.009750032797455788,7.508635462727398e-05,0.023233477026224136,0.0006847299325118098
470,0.0014419149374589324,0.0014419149374589324,0.010771424043923616,0.009610000997781754,0.009610000997781754,7.411569094983861e-05,0.0229621771723032,0.0006835582581360373
471,0.0014411415322683752,0.0014411415322683752,0.010914105456322432,0.009551378898322582,0.009551378898322582,7.07827930455096e-05,0.02246386930346489,0.0006823854970197172
472,0.0014445846900343895,0.0014445846900343895,0.011173424776643515,0.009755612351000309,0.009755612351000309,8.035418431973085e-05,0.0240353811532259,0.0006812116572008231
473,0.0014273766428232193,0.0014273766428232193,0.011252321302890778,0.009471618570387363,0.009471618570387363,6.817862595198676e-05,0.02231508679687977,0.0006800367467247214
474,0.0014269564999267459,0.0014269564999267459,0.01081538526341319,0.009817279875278473,0.009817279875278473,8.132892253343016e-05,0.024177510291337967,0.0006788607736441172
475,0.0014009039150550961,0.0014009039150550961,0.01098171528428793,0.009372984059154987,0.009372984059154987,6.818422843934968e-05,0.022231226786971092,0.0006776837460189979
476,0.0016097939223982394,0.0016097939223982394,0.014208484906703234,0.010355476289987564,0.010355476289987564,9.01769963093102e-05,0.02577068656682968,0.0006765056719165794
477,0.0016075778403319418,0.0016075778403319418,0.012819861993193626,0.009766138158738613,0.009766138158738613,7.6692333095707e-05,0.023523522540926933,0.0006753265594112496
478,0.001601245196070522,0.001601245196070522,0.012905559968203306,0.009711811318993568,0.009711811318993568,7.211603224277496e-05,0.022707290947437286,0.0006741464165845136
479,0.0015618801699019969,0.0015618801699019969,0.0119077293202281,0.00991054717451334,0.00991054717451334,8.426560088992119e-05,0.02457219734787941,0.0006729652515249381
480,0.0015269126161001623,0.0015269126161001623,0.012553773820400238,0.009441557340323925,0.009441557340323925,6.603879592148587e-05,0.021865544840693474,0.0006717830723280962
481,0.0014744847430847585,0.0014744847430847585,0.011058223433792591,0.009903199970722198,0.009903199970722198,8.647312643006444e-05,0.024964479729533195,0.0006705998870965119
482,0.0014852608437649906,0.0014852608437649906,0.011952996719628572,0.009296794421970844,0.009296794421970844,6.873237725812942e-05,0.02233070880174637,0.0006694157039396041
483,0.0014950449112802744,0.0014950449112802744,0.011673140339553356,0.010193423368036747,0.010193423368036747,9.579556353855878e-05,0.02649284340441227,0.0006682305309736318
484,0.001551882887724787,0.001551882887724787,0.013178641442209482,0.009495964273810387,0.009495964273810387,6.93138426868245e-05,0.022581564262509346,0.0006670443763216375
485,0.001536962401587516,0.001536962401587516,0.012537023983895779,0.009692197665572166,0.009692197665572166,7.463840302079916e-05,0.02290349081158638,0.0006658572481133926
486,0.0014238778385333717,0.0014238778385333717,0.01093838457018137,0.009337643161416054,0.009337643161416054,6.405296880984679e-05,0.02120378240942955,0.0006646691544853408
487,0.0014728312962688506,0.0014728312962688506,0.011717077810317278,0.009554313495755196,0.009554313495755196,7.112640014383942e-05,0.022574903443455696,0.0006634801035805428
488,0.0013976001064293087,0.0013976001064293087,0.010435739532113075,0.009639577008783817,0.009639577008783817,7.314735557883978e-05,0.022996164858341217,0.0006622901035486204
489,0.0013764815521426499,0.0013764815521426499,0.01086344663053751,0.009405924938619137,0.009405924938619137,6.95220660418272e-05,0.02221265807747841,0.0006610991625457006
490,0.0013688277686014771,0.0013688277686014771,0.009770115837454796,0.009707869030535221,0.009707869030535221,7.498847844544798e-05,0.023120753467082977,0.0006599072887343597
491,0.0014116614474914968,0.0014116614474914968,0.01109541766345501,0.009385824203491211,0.009385824203491211,6.646410474786535e-05,0.0219297856092453,0.0006587144902835672
492,0.0013958506751805544,0.0013958506751805544,0.01032796734943986,0.009632973931729794,0.009632973931729794,7.530573930125684e-05,0.0231893602758646,0.0006575207753686304
493,0.0013800355955027044,0.0013800355955027044,0.011014040559530258,0.00953672919422388,0.00953672919422388,6.726582796545699e-05,0.02197767049074173,0.0006563261521711373
494,0.0013808110379613936,0.0013808110379613936,0.010293526574969292,0.00972018949687481,0.00972018949687481,7.754315447527915e-05,0.02366591989994049,0.0006551306288789019
495,0.0013667421881109476,0.0013667421881109476,0.010676786303520203,0.009439382702112198,0.009439382702112198,6.574141298187897e-05,0.02175312116742134,0.0006539342136859066
496,0.001461183070205152,0.001461183070205152,0.0118708536028862,0.009498209692537785,0.009498209692537785,7.130771700758487e-05,0.02241133525967598,0.0006527369147922476
497,0.0013811251847073436,0.0013811251847073436,0.010445318650454283,0.009687153622508049,0.009687153622508049,7.381215982604772e-05,0.022864239290356636,0.0006515387404040772
498,0.0013806711067445576,0.0013806711067445576,0.010698407422751188,0.009406800381839275,0.009406800381839275,6.748724263161421e-05,0.022007234394550323,0.0006503396987335486
499,0.0013983590179122984,0.0013983590179122984,0.010481647681444883,0.009787879884243011,0.009787879884243011,7.922252552816644e-05,0.023796318098902702,0.0006491397979987589
500,0.0013998202630318701,0.0013998202630318701,0.011380731593817472,0.009375090710818768,0.009375090710818768,6.51652881060727e-05,0.02170037105679512,0.0006479390464236939
501,0.0013938078191131353,0.0013938078191131353,0.010733560658991337,0.009844020009040833,0.009844020009040833,8.257774607045576e-05,0.024381540715694427,0.0006467374522381699
502,0.0013717295951209962,0.0013717295951209962,0.011223000008612871,0.009556416422128677,0.009556416422128677,6.786997255403548e-05,0.02234276942908764,0.0006455350236777791
503,0.001357637345790863,0.001357637345790863,0.010498120915144682,0.009881140664219856,0.009881140664219856,8.504537981934845e-05,0.02487354166805744,0.0006443317689838323
504,0.0014344466617330909,0.0014344466617330909,0.012068775948137045,0.009558696299791336,0.009558696299791336,6.854260573163629e-05,0.022227343171834946,0.0006431276964033024
505,0.0013564901310019195,0.0013564901310019195,0.010529715567827225,0.009836506098508835,0.009836506098508835,8.123695442918688e-05,0.024028515443205833,0.0006419228141887682
506,0.001352877647150308,0.001352877647150308,0.010557129047811031,0.009450995363295078,0.009450995363295078,6.479298463091254e-05,0.02185775153338909,0.0006407171305983572
507,0.0014055760693736374,0.0014055760693736374,0.011382762342691422,0.010055745020508766,0.010055745020508766,8.83512111613527e-05,0.025197532027959824,0.0006395106538956899
508,0.0014049314195290208,0.0014049314195290208,0.011356267146766186,0.009427351877093315,0.009427351877093315,6.625844252994284e-05,0.02179451659321785,0.0006383033923498224
509,0.0014367083786055446,0.0014367083786055446,0.012155291624367237,0.009706031531095505,0.009706031531095505,7.35100984456949e-05,0.022888699546456337,0.0006370953542351904
510,0.0013782550231553614,0.0013782550231553614,0.011003869120031595,0.009567628614604473,0.009567628614604473,7.093179738149047e-05,0.022466078400611877,0.0006358865478315516
511,0.0014275697176344693,0.0014275697176344693,0.011557296384125948,0.009358330629765987,0.009358330629765987,6.33876770734787e-05,0.0213360246270895,0.00063467698142393
512,0.0013870547991245985,0.0013870547991245985,0.010729774832725525,0.009946665726602077,0.009946665726602077,8.230999810621142e-05,0.024367094039916992,0.0006334666633025581
513,0.0014686157810501754,0.0014686157810501754,0.012646437622606754,0.009495160542428493,0.009495160542428493,6.736998329870403e-05,0.02246025577187538,0.0006322556017628209
514,0.0015039466670714319,0.0015039466670714319,0.012525372207164764,0.010485060513019562,0.010485060513019562,0.00010785214544739574,0.028325127437710762,0.0006310438051051985
515,0.0015786607982590795,0.0015786607982590795,0.013308040797710419,0.009460720233619213,0.009460720233619213,6.75821938784793e-05,0.022773578763008118,0.0006298312816352096
516,0.0015941723831929266,0.0015941723831929266,0.013449156191200018,0.010285729542374611,0.010285729542374611,9.473733371123672e-05,0.026340482756495476,0.0006286180396633544
517,0.001461499196011573,0.001461499196011573,0.012153948657214642,0.009396210312843323,0.009396210312843323,6.475239206338301e-05,0.02192698046565056,0.0006274040875050573
518,0.0014573389780707657,0.0014573389780707657,0.011809296905994415,0.009867205284535885,0.009867205284535885,8.426763815805316e-05,0.024675987660884857,0.0006261894334806104
519,0.0014833648456260562,0.0014833648456260562,0.01295853080227971,0.009321294724941254,0.009321294724941254,6.406541797332466e-05,0.021328669041395187,0.0006249740859151167
520,0.0013791221426799893,0.0013791221426799893,0.010818912647664547,0.009594264440238476,0.009594264440238476,7.346458733081818e-05,0.02277601882815361,0.0006237580531384323
521,0.0013903029612265527,0.0013903029612265527,0.011503093410283327,0.00962300505489111,0.00962300505489111,7.18160008545965e-05,0.022660378366708755,0.0006225413434851095
522,0.0013884681393392384,0.0013884681393392384,0.011215029284358025,0.009393579326570034,0.009393579326570034,6.520425813505426e-05,0.02158321812748909,0.00062132396529434
523,0.0013890817062929273,0.0013890817062929273,0.010601083282381296,0.009846738539636135,0.009846738539636135,7.85834199632518e-05,0.023743802681565285,0.0006201059269098977
524,0.0013711042702198029,0.0013711042702198029,0.011771589517593384,0.009410283528268337,0.009410283528268337,6.474321708083153e-05,0.021650424227118492,0.0006188872366800814
525,0.0014049793826416135,0.0014049793826416135,0.010906691197305918,0.009935801848769188,0.009935801848769188,8.311471901834011e-05,0.02450188435614109,0.0006176679029576576
526,0.001398758264258504,0.001398758264258504,0.012053690385073423,0.009453277103602886,0.009453277103602886,6.562618364114314e-05,0.021898053586483,0.0006164479340998026
527,0.0013690632185898721,0.0013690632185898721,0.010646972339600325,0.009740323759615421,0.009740323759615421,7.641999400220811e-05,0.023267634212970734,0.0006152273384680468
528,0.001353103609289974,0.001353103609289974,0.010815926361829042,0.009733027778565884,0.009733027778565884,7.024577644187957e-05,0.022455886006355286,0.0006140061244282158
529,0.0013655067887157202,0.0013655067887157202,0.010666284710168839,0.009732727892696857,0.009732727892696857,7.499733328586444e-05,0.023100407794117928,0.0006127843003503739
530,0.0013593178009614348,0.0013593178009614348,0.010262834839522839,0.009813723154366016,0.009813723154366016,7.343001198023558e-05,0.02296108566224575,0.0006115618746087666
531,0.0014129248447716236,0.0014129248447716236,0.010928814299404621,0.009613296017050743,0.009613296017050743,7.489805284421891e-05,0.023067999631166458,0.0006103388555817632
532,0.0015449192724190652,0.0015449192724190652,0.012260382995009422,0.009600038640201092,0.009600038640201092,7.173667108872905e-05,0.02261575311422348,0.0006091152516517988
533,0.0015153977437876165,0.0015153977437876165,0.012082785367965698,0.009532981552183628,0.009532981552183628,6.834068335592747e-05,0.022108176723122597,0.000607891071205318
534,0.0013832285185344517,0.0013832285185344517,0.010716143064200878,0.009712870232760906,0.009712870232760906,7.324215403059497e-05,0.02290395088493824,0.0006066663226327162
535,0.0014572616782970726,0.0014572616782970726,0.012149128131568432,0.010359245352447033,0.010359245352447033,8.119913400150836e-05,0.02483202889561653,0.0006054410143282833
536,0.001596276881173253,0.001596276881173253,0.012927269097417593,0.010124368593096733,0.010124368593096733,8.607642666902393e-05,0.02485179714858532,0.0006042151546901453
537,0.0016314227250404656,0.0016314227250404656,0.01359915779903531,0.009564235806465149,0.009564235806465149,6.29841597401537e-05,0.021518699824810028,0.0006029887521202067
538,0.0016689520562067628,0.0016689520562067628,0.013425256125628948,0.010399910621345043,0.010399910621345043,9.98003815766424e-05,0.027212921530008316,0.0006017618150240934
539,0.0016373444232158363,0.0016373444232158363,0.014537566807121038,0.009563852101564407,0.009563852101564407,6.93213805789128e-05,0.02278476394712925,0.0006005343518110949
540,0.001474867109209299,0.001474867109209299,0.012550457380712032,0.010137572884559631,0.010137572884559631,8.693635027157143e-05,0.02518729493021965,0.0005993063708941065
541,0.0014102026470936835,0.0014102026470936835,0.01217687502503395,0.009311138652265072,0.009311138652265072,6.212461448740214e-05,0.021224306896328926,0.0005980778806895721
542,0.001470097980927676,0.001470097980927676,0.012409882619976997,0.01001213863492012,0.01001213863492012,8.634985715616494e-05,0.025066789239645004,0.000596848889617426
543,0.0016375709674321115,0.0016375709674321115,0.014684597495943308,0.00943920947611332,0.00943920947611332,6.468159699579701e-05,0.021510865539312363,0.0005956194061010353
544,0.0015231681754812598,0.0015231681754812598,0.01186359254643321,0.009683951735496521,0.009683951735496521,7.098283822415397e-05,0.02236538752913475,0.0005943894385671424
545,0.0014282810152508318,0.0014282810152508318,0.011421853210777044,0.009867994114756584,0.009867994114756584,7.625177386216819e-05,0.02325023151934147,0.0005931589954458069
546,0.0013977307826280594,0.0013977307826280594,0.011809425428509712,0.009470646269619465,0.009470646269619465,6.573177233804017e-05,0.02178269997239113,0.0005919280851703486
547,0.0013940086355432868,0.0013940086355432868,0.010741670615971088,0.00998673029243946,0.00998673029243946,8.016101492103189e-05,0.023979201912879944,0.0005906967161772884
548,0.001362124748993665,0.001362124748993665,0.011360679753124714,0.009437608532607555,0.009437608532607555,6.687553832307458e-05,0.021898094564676285,0.0005894648969062915
549,0.0013739567948505282,0.0013739567948505282,0.010666422545909882,0.009929283522069454,0.009929283522069454,8.484704449074343e-05,0.024682767689228058,0.0005882326358001093
550,0.0013952163862995803,0.0013952163862995803,0.012236378621309996,0.009580034762620926,0.009580034762620926,6.801357085350901e-05,0.02210894227027893,0.0005869999413045214
551,0.0013657842064276338,0.0013657842064276338,0.010587403550744057,0.009723247028887272,0.009723247028887272,7.333913526963443e-05,0.022785156965255737,0.0005857668218682779
552,0.0012986285728402436,0.0012986285728402436,0.010271624196320772,0.00959142204374075,0.00959142204374075,6.585910159628838e-05,0.021510902792215347,0.0005845332859430413
553,0.0012786673032678664,0.0012786673032678664,0.010004390962421894,0.009710818529129028,0.009710818529129028,7.473072764696553e-05,0.023016268387436867,0.0005832993419833289
554,0.0013127669808454812,0.0013127669808454812,0.010347388684749603,0.009917340241372585,0.009917340241372585,7.20284806448035e-05,0.023033244535326958,0.0005820649984464542
555,0.001312860636971891,0.001312860636971891,0.010362247936427593,0.00972623098641634,0.00972623098641634,7.594181806780398e-05,0.023267358541488647,0.0005808302637924698
556,0.0013338842545635998,0.0013338842545635998,0.010764143895357847,0.009351100772619247,0.009351100772619247,6.311792094493285e-05,0.02108556032180786,0.0005795951464841086
557,0.0013199669774621725,0.0013199669774621725,0.011057107709348202,0.009879560209810734,0.009879560209810734,7.302542508114129e-05,0.022864632308483124,0.0005783596549867263
558,0.001308379985857755,0.001308379985857755,0.010138191282749176,0.009551906026899815,0.009551906026899815,6.680088699795306e-05,0.021754562854766846,0.0005771237977682435
559,0.0013294267118908465,0.0013294267118908465,0.010825653094798326,0.009617414325475693,0.009617414325475693,7.014570292085409e-05,0.022300735116004944,0.000575887583299087
560,0.0013128696591593325,0.0013128696591593325,0.010574306827038527,0.009596274234354496,0.009596274234354496,7.240472041303292e-05,0.022593211382627487,0.0005746510200521325
561,0.0012743300758302212,0.0012743300758302212,0.010039201006293297,0.009687529876828194,0.009687529876828194,6.671801384072751e-05,0.021953098475933075,0.0005734141165026458
562,0.0012599569745361805,0.0012599569745361805,0.009639376308768988,0.009597888216376305,0.009597888216376305,6.951086106710136e-05,0.02218915894627571,0.0005721768811282256
563,0.0012185857049189508,0.0012185857049189508,0.009634075220674276,0.009354725480079651,0.009354725480079651,6.476363341789693e-05,0.021342849358916283,0.0005709393224087445
564,0.0012212902656756341,0.0012212902656756341,0.009455915540456772,0.009708747267723083,0.009708747267723083,7.253789226524532e-05,0.02271687053143978,0.0005697014488262915
565,0.0012435316457413137,0.0012435316457413137,0.010007582139223814,0.009531285613775253,0.009531285613775253,6.574895814992487e-05,0.021748941391706467,0.0005684632688651133
566,0.0012100651510991156,0.0012100651510991156,0.009183345828205347,0.009741469286382198,0.009741469286382198,7.509177521569654e-05,0.022982360795140266,0.0005672247910115569
567,0.0012373182107694447,0.0012373182107694447,0.010185105726122856,0.009691054001450539,0.009691054001450539,6.636102625634521e-05,0.021858450025320053,0.0005659860237540107
568,0.0012554631102830172,0.0012554631102830172,0.009716960601508617,0.00981996301561594,0.00981996301561594,7.554936746601015e-05,0.023163042962551117,0.0005647469755828469
569,0.0012535002315416932,0.0012535002315416932,0.010029286844655871,0.009651212953031063,0.009651212953031063,6.790496991015971e-05,0.02191188745200634,0.000563507654990363
570,0.001235936302691698,0.001235936302691698,0.0103461854159832,0.009638060815632343,0.009638060815632343,7.053177978377789e-05,0.022208040580153465,0.0005622680704707234
571,0.001213691895827651,0.001213691895827651,0.00916567724198103,0.00956749264150858,0.00956749264150858,6.668649439234287e-05,0.021767092868685722,0.0005610282305199017
572,0.00122260203352198,0.00122260203352198,0.009913942776620388,0.009927740320563316,0.009927740320563316,7.561610982520506e-05,0.02333775907754898,0.0005597881436356221
573,0.0012398099061101675,0.0012398099061101675,0.0099102221429348,0.009531499817967415,0.009531499817967415,6.740524258930236e-05,0.021793026477098465,0.0005585478183173013
574,0.0012461748556233943,0.0012461748556233943,0.010133522562682629,0.009729779325425625,0.009729779325425625,7.186384755186737e-05,0.022451793774962425,0.00055730726306599
575,0.0012391446507535875,0.0012391446507535875,0.01001541968435049,0.009696777909994125,0.009696777909994125,6.977689918130636e-05,0.02228916622698307,0.0005560664863843152
576,0.0012099737068638206,0.0012099737068638206,0.00958117051050067,0.009623759426176548,0.009623759426176548,6.911292439326644e-05,0.022185713052749634,0.0005548254967764211
577,0.0012052843812853098,0.0012052843812853098,0.009474732913076878,0.009849278256297112,0.009849278256297112,7.288750202860683e-05,0.022765306755900383,0.0005535843027479116
578,0.0012295387568883598,0.0012295387568883598,0.009988549165427685,0.00961903017014265,0.00961903017014265,6.865229806862772e-05,0.021944578737020493,0.0005523429128057918
579,0.0013119110953994095,0.0013119110953994095,0.010606640949845314,0.009880308993160725,0.009880308993160725,7.364792691078037e-05,0.022891411557793617,0.000551101335458409
580,0.001304772449657321,0.001304772449657321,0.01066527795046568,0.009820136241614819,0.009820136241614819,7.277146505657583e-05,0.022802595049142838,0.0005498595792153957
581,0.0012887322809547186,0.0012887322809547186,0.010319859255105257,0.009631610475480556,0.009631610475480556,7.157918298617005e-05,0.022420138120651245,0.0005486176525876099
582,0.0012483496684581041,0.0012483496684581041,0.010725472122430801,0.009674367494881153,0.009674367494881153,6.695539923384786e-05,0.021799743175506592,0.0005473755640870776
583,0.0012433967785909772,0.0012433967785909772,0.00958702526986599,0.009800970554351807,0.009800970554351807,7.451533747371286e-05,0.023049047216773033,0.0005461333222269346
584,0.001305288984440267,0.001305288984440267,0.010098251514136791,0.00974220596253872,0.00974220596253872,6.962956103961915e-05,0.022158406674861908,0.0005448909355213672
585,0.0013048439286649227,0.0013048439286649227,0.010682880878448486,0.009647282771766186,0.009647282771766186,6.654931348748505e-05,0.021602028980851173,0.0005436484124855549
586,0.001238435332197696,0.001238435332197696,0.009930639993399382,0.009750747121870518,0.009750747121870518,7.176383951446041e-05,0.02250193990767002,0.0005424057616356117
587,0.0013011737610213459,0.0013011737610213459,0.010107904206961393,0.010184905491769314,0.010184905491769314,7.870857371017337e-05,0.02386028692126274,0.000541162991488527
588,0.0014208179200068116,0.0014208179200068116,0.012205163948237896,0.009647517465054989,0.009647517465054989,6.737634248565882e-05,0.02183219976723194,0.0005399201105621082
589,0.0013893239665776491,0.0013893239665776491,0.010870837606489658,0.010110179893672466,0.010110179893672466,7.939139322843403e-05,0.023845335468649864,0.0005386771273749226
590,0.0013275614473968744,0.0013275614473968744,0.011696015950292349,0.009723071940243244,0.009723071940243244,6.625376408919692e-05,0.02178383618593216,0.0005374340504462371
591,0.0012988169328309596,0.0012988169328309596,0.009991594590246677,0.009868749417364597,0.009868749417364597,7.5613206718117e-05,0.0231395922601223,0.0005361908882959623
592,0.0012950845411978662,0.0012950845411978662,0.01087571308016777,0.0098975645378232,0.0098975645378232,6.904055771883577e-05,0.022375520318746567,0.0005349476494445919
593,0.0012838271795772016,0.0012838271795772016,0.010299502406269312,0.009827450849115849,0.009827450849115849,7.461882341885939e-05,0.0231015644967556,0.0005337043424131462
594,0.0013185254065319896,0.0013185254065319896,0.01056776661425829,0.00967748649418354,0.00967748649418354,6.598496838705614e-05,0.021786030381917953,0.0005324609757231121
595,0.0012979407329112291,0.0012979407329112291,0.010633972007781267,0.009844733402132988,0.009844733402132988,7.532110612373799e-05,0.022985178977251053,0.0005312175578963859
596,0.0012462555314414203,0.0012462555314414203,0.010123002342879772,0.00954083725810051,0.00954083725810051,6.462400779128075e-05,0.021342899650335312,0.000529974097455214
597,0.0012433629599399865,0.0012433629599399865,0.009537828154861927,0.01015210710465908,0.01015210710465908,8.168840577127412e-05,0.024328239262104034,0.0005287306029221352
598,0.0013163388357497752,0.0013163388357497752,0.011037562042474747,0.00964389555156231,0.00964389555156231,6.720241799484938e-05,0.021955212578177452,0.0005274870828199215
599,0.0012621052446775138,0.0012621052446775138,0.009846680797636509,0.00975151639431715,0.00975151639431715,7.11905158823356e-05,0.022380167618393898,0.0005262435456715208
600,0.0012064690818078816,0.0012064690818078816,0.010075857397168875,0.009606270119547844,0.009606270119547844,6.426094478229061e-05,0.021340100094676018,0.0005249999999999973
601,0.0011884415289387107,0.0011884415289387107,0.009465786162763834,0.009790722280740738,0.009790722280740738,7.399350579362363e-05,0.022958433255553246,0.0005237564543284737
602,0.001235843577887863,0.001235843577887863,0.009769432246685028,0.00981663167476654,0.00981663167476654,7.002501661190763e-05,0.022451011463999748,0.000522512917180073
603,0.001211068534757942,0.001211068534757942,0.009535875171422958,0.009693628177046776,0.009693628177046776,6.895345723023638e-05,0.022008351981639862,0.0005212693970778594
604,0.0011769094853661954,0.0011769094853661954,0.009563979227095842,0.009534573182463646,0.009534573182463646,6.263282557483763e-05,0.02109573408961296,0.0005200259025447805
605,0.001208913221489638,0.001208913221489638,0.009937017224729061,0.010184472426772118,0.010184472426772118,8.095124940155074e-05,0.0240337997674942,0.0005187824421036086
606,0.0012315750354900956,0.0012315750354900956,0.010144064668565989,0.009534661658108234,0.009534661658108234,6.400984420906752e-05,0.021385420113801956,0.0005175390242768824
607,0.001291958149522543,0.001291958149522543,0.010510618332773447,0.009982357732951641,0.009982357732951641,7.404654752463102e-05,0.023060787469148636,0.0005162956575868483
608,0.0012283077230677009,0.0012283077230677009,0.010055518243461847,0.009653535671532154,0.009653535671532154,6.609073170693591e-05,0.021653849631547928,0.0005150523505554026
609,0.0012087414506822824,0.0012087414506822824,0.009803520981222391,0.009773329831659794,0.009773329831659794,7.24418496247381e-05,0.022556068375706673,0.0005138091117040321
610,0.0011983393342234194,0.0011983393342234194,0.009741748217493296,0.009744219481945038,0.009744219481945038,6.583165668416768e-05,0.021552816033363342,0.0005125659495537572
611,0.0011890632449649274,0.0011890632449649274,0.00961539288982749,0.009740795008838177,0.009740795008838177,7.173078483901918e-05,0.022468334063887596,0.0005113228726250718
612,0.0012233239831402898,0.0012233239831402898,0.010152616072446108,0.009758315049111843,0.009758315049111843,6.871411460451782e-05,0.02215210348367691,0.0005100798894378861
613,0.0012706803972832859,0.0012706803972832859,0.011087124235928059,0.009613915346562862,0.009613915346562862,6.657771882601082e-05,0.021632954478263855,0.0005088370085114675
614,0.0012489201035350561,0.0012489201035350561,0.010101691354066133,0.009742513298988342,0.009742513298988342,6.876314000692219e-05,0.02201278693974018,0.0005075942383643828
615,0.0011901510879397392,0.0011901510879397392,0.00968366814777255,0.010090469382703304,0.010090469382703304,7.406153599731624e-05,0.023084085434675217,0.0005063515875144395
616,0.00121544481953606,0.00121544481953606,0.009902745485305786,0.009650429710745811,0.009650429710745811,6.547372322529554e-05,0.021520599722862244,0.0005051090644786272
617,0.0012146502849645913,0.0012146502849645913,0.009831228759139776,0.00972734671086073,0.00972734671086073,7.022110366960987e-05,0.02225671336054802,0.00050386667777306
618,0.0012021540314890444,0.0012021540314890444,0.009877240285277367,0.009706738404929638,0.009706738404929638,6.812044739490375e-05,0.022117502987384796,0.0005026244359129168
619,0.001162357279099524,0.001162357279099524,0.009273530915379524,0.009759624488651752,0.009759624488651752,7.116746564861387e-05,0.022514846175909042,0.0005013823474123845
620,0.0011788507690653205,0.0011788507690653205,0.009672543965280056,0.009844486601650715,0.009844486601650715,6.962080806260929e-05,0.022150060161948204,0.0005001404207845987
621,0.001187398040201515,0.001187398040201515,0.009831690695136786,0.009705767035484314,0.009705767035484314,6.615369056817144e-05,0.02153208665549755,0.0004988986645415853
622,0.0011356386821717024,0.0011356386821717024,0.008791294414550066,0.009727505035698414,0.009727505035698414,6.776503869332373e-05,0.02183433063328266,0.0004976570871942026
623,0.001134691818151623,0.001134691818151623,0.00914367102086544,0.009761964902281761,0.009761964902281761,6.754875357728451e-05,0.021896332502365112,0.0004964156972520826
624,0.001141653920058161,0.001141653920058161,0.009248225018382072,0.009841332212090492,0.009841332212090492,7.26610014680773e-05,0.022555256262421608,0.0004951745032235732
625,0.0011223889887332916,0.0011223889887332916,0.009157000575214624,0.00975004956126213,0.00975004956126213,6.593804573640227e-05,0.021525636315345764,0.000493933513615679
626,0.0011193089885637164,0.0011193089885637164,0.008830194361507893,0.009792918339371681,0.009792918339371681,6.858071719761938e-05,0.021946128457784653,0.0004926927369340041
627,0.0011026133433915675,0.0011026133433915675,0.008827235084027052,0.009662989526987076,0.009662989526987076,6.554405990755185e-05,0.02148638851940632,0.0004914521816826927
628,0.0011081546545028687,0.0011081546545028687,0.008740867022424936,0.009759405627846718,0.009759405627846718,6.804009899497032e-05,0.021914862096309662,0.0004902118563643719
629,0.0011057737283408642,0.0011057737283408642,0.00880800187587738,0.00976838544011116,0.00976838544011116,6.9522371632047e-05,0.02209598943591118,0.0004889717694800922
630,0.0010956910555250943,0.0010956910555250943,0.008907120674848557,0.009739181026816368,0.009739181026816368,6.765525904484093e-05,0.021742573007941246,0.0004877319295292706
631,0.0011014234623871744,0.0011014234623871744,0.008812650572508574,0.009847737848758698,0.009847737848758698,7.082373485900462e-05,0.022259853780269623,0.000486492345009631
632,0.0010971266310662031,0.0010971266310662031,0.008907728362828493,0.009791454300284386,0.009791454300284386,6.647568807238713e-05,0.02166447415947914,0.000485253024417147
633,0.0010956188780255616,0.0010956188780255616,0.008681425359100103,0.009835237637162209,0.009835237637162209,6.988764653215185e-05,0.02219533920288086,0.00048401397624598335
634,0.0010879635228775442,0.0010879635228775442,0.00884049478918314,0.00979686714708805,0.00979686714708805,6.891308294143528e-05,0.022030740976333618,0.0004827752089884372
635,0.001087448326870799,0.001087448326870799,0.008975245989859104,0.009756090119481087,0.009756090119481087,6.661558290943503e-05,0.02163015678524971,0.00048153673113488085
636,0.0011030036839656532,0.0011030036839656532,0.008979156147688627,0.009903809987008572,0.009903809987008572,7.192122575361282e-05,0.02244460955262184,0.00048029855117370253
637,0.0010910717537626624,0.0010910717537626624,0.009073020424693823,0.00975298136472702,0.00975298136472702,6.567238597199321e-05,0.02154732123017311,0.0004790606775912495
638,0.001087940065190196,0.001087940065190196,0.008689099457114935,0.009841558523476124,0.009841558523476124,7.04185149515979e-05,0.02224551886320114,0.0004778231188717684
639,0.0010824022174347192,0.0010824022174347192,0.008949152659624815,0.0097611453384161,0.0097611453384161,6.539546302519739e-05,0.021446876227855682,0.00047658588349734827
640,0.0010830974206328392,0.0010830974206328392,0.008755301125347614,0.009904839098453522,0.009904839098453522,7.111324521247298e-05,0.022326789796352386,0.00047534897994786163
641,0.0010855997097678483,0.0010855997097678483,0.008948125643655658,0.009734077379107475,0.009734077379107475,6.413897790480405e-05,0.021360186859965324,0.000474112416700907
642,0.0010952629381790757,0.0010952629381790757,0.008811223320662975,0.01005225908011198,0.01005225908011198,7.594330236315727e-05,0.023148495703935623,0.0004728762022317505
643,0.001098762673791498,0.001098762673791498,0.009495305363088846,0.00978813786059618,0.00978813786059618,6.598037725780159e-05,0.021602239459753036,0.00047164034501326763
644,0.0010799962328746915,0.0010799962328746915,0.008767127990722656,0.009877607226371765,0.009877607226371765,6.997292803134769e-05,0.02215772122144699,0.00047040485351588547
645,0.0010765724000521004,0.0010765724000521004,0.008847258053719997,0.009721141308546066,0.009721141308546066,6.478279829025269e-05,0.021384473890066147,0.0004691697362075242
646,0.0010851130355149508,0.0010851130355149508,0.00882495054975152,0.009852410294115543,0.009852410294115543,6.910132651682943e-05,0.022086553275585175,0.0004679350015535398
647,0.0010691373609006405,0.0010691373609006405,0.008554456057026982,0.009800618514418602,0.009800618514418602,6.665092951152474e-05,0.02162860706448555,0.000466700658016665
648,0.0010686853784136474,0.0010686853784136474,0.008836478926241398,0.00986194796860218,0.00986194796860218,6.874803511891514e-05,0.021931100636720657,0.0004654667140569526
649,0.0010791991953738034,0.0010791991953738034,0.008790802210569382,0.009887454099953175,0.009887454099953175,7.000387267908081e-05,0.0221885833889246,0.00046423317813171607
650,0.0010803102632053196,0.0010803102632053196,0.008981086313724518,0.009816520847380161,0.009816520847380161,6.613061123061925e-05,0.021667908877134323,0.0004630000586954727
651,0.0010787533828988671,0.0010787533828988671,0.008688462432473898,0.009950043633580208,0.009950043633580208,7.149860175559297e-05,0.022415796294808388,0.00046176736419988485
652,0.0010838597663678229,0.0010838597663678229,0.009407617151737213,0.00976894237101078,0.00976894237101078,6.379711703630164e-05,0.02120877057313919,0.0004605351030937026
653,0.0011073158821091056,0.0011073158821091056,0.009076518472284079,0.010012783110141754,0.010012783110141754,7.465174712706357e-05,0.022930096834897995,0.00045930328382270556
654,0.0011284485808573663,0.0011284485808573663,0.010034402832388878,0.009747078642249107,0.009747078642249107,6.315576320048422e-05,0.021414345130324364,0.0004580719148296454
655,0.0011376090697012842,0.0011376090697012842,0.00972870271652937,0.010109988041222095,0.010109988041222095,7.757070852676407e-05,0.023499026894569397,0.0004568410045541871
656,0.0011079608811996877,0.0011079608811996877,0.009936720598489046,0.009700177237391472,0.009700177237391472,6.269245932344347e-05,0.021028893068432808,0.0004556105614328519
657,0.001091299403924495,0.001091299403924495,0.008862180635333061,0.010117069818079472,0.010117069818079472,7.538152567576617e-05,0.023070789873600006,0.00045438059389895887
658,0.0010940121137537062,0.0010940121137537062,0.009207215160131454,0.009809408336877823,0.009809408336877823,6.464512989623472e-05,0.021399006247520447,0.00045315111038256816
659,0.0010781046003103256,0.0010781046003103256,0.008949496783316135,0.009883251041173935,0.009883251041173935,6.910298543516546e-05,0.021995026618242264,0.0004519221193104221
660,0.0010575460619293153,0.0010575460619293153,0.00863938918337226,0.009851868264377117,0.009851868264377117,6.63561950204894e-05,0.021605215966701508,0.0004506936291058878
661,0.0010711972718127072,0.0010711972718127072,0.00906867440789938,0.009957408532500267,0.009957408532500267,6.952615513000637e-05,0.022131532430648804,0.00044946564818889933
662,0.0010549589642323554,0.0010549589642323554,0.008520269300788641,0.009772772900760174,0.009772772900760174,6.462060264311731e-05,0.021360071375966072,0.00044823818497590086
663,0.001072544080670923,0.001072544080670923,0.008846416138112545,0.010029986500740051,0.010029986500740051,7.21655524102971e-05,0.02251652628183365,0.0004470112478797875
664,0.001075097592547536,0.001075097592547536,0.008993115741759539,0.009787091985344887,0.009787091985344887,6.463237514253706e-05,0.021348334848880768,0.0004457848453098487
665,0.001066182681825012,0.001066182681825012,0.008684178814291954,0.009914468042552471,0.009914468042552471,6.918771396158263e-05,0.022083811461925507,0.0004445589856717107
666,0.0010543918469920754,0.0010543918469920754,0.008651561103761196,0.009831923060119152,0.009831923060119152,6.537626177305356e-05,0.021458588540554047,0.0004433336773672779
667,0.0010662198183126748,0.0010662198183126748,0.008798172231763601,0.009974192827939987,0.009974192827939987,7.216173980850726e-05,0.022463874891400337,0.00044210892879467634
668,0.0010653928620740771,0.0010653928620740771,0.009042466524988413,0.009883697144687176,0.009883697144687176,6.47543856757693e-05,0.021552007645368576,0.00044088474834819537
669,0.0010842594783753157,0.0010842594783753157,0.009019837249070406,0.010033462196588516,0.010033462196588516,7.338446448557079e-05,0.022772077471017838,0.0004396611444182309
670,0.0010804887861013412,0.0010804887861013412,0.00945529155433178,0.009802392683923244,0.009802392683923244,6.481434684246778e-05,0.021275542676448822,0.0004384381253912274
671,0.0010562414536252618,0.0010562414536252618,0.008689306676387787,0.00999399833381176,0.00999399833381176,7.034798909444362e-05,0.022244304418563843,0.00043721569964962016
672,0.0010544394026510417,0.0010544394026510417,0.008561736438423395,0.009881570003926754,0.009881570003926754,6.626007962040603e-05,0.02163165621459484,0.0004359938755717782
673,0.0010491322027519345,0.0010491322027519345,0.008541375864297152,0.00999859906733036,0.00999859906733036,7.10422100382857e-05,0.02232656255364418,0.00043477266153194727
674,0.0010499337804503739,0.0010499337804503739,0.008902951143682003,0.009830468334257603,0.009830468334257603,6.477761780843139e-05,0.021347980946302414,0.0004335520659001914
675,0.0010514286113902926,0.0010514286113902926,0.008618618827313185,0.010028351098299026,0.010028351098299026,7.034212467260659e-05,0.02223050221800804,0.0004323320970423364
676,0.001054974622093141,0.001054974622093141,0.008645659778267145,0.009845257736742496,0.009845257736742496,6.586367089767009e-05,0.02147219330072403,0.0004311127633199125
677,0.001045069599058479,0.001045069599058479,0.00852472661063075,0.009902846068143845,0.009902846068143845,6.877278065076098e-05,0.021971862763166428,0.0004298940730900963
678,0.001043020427459851,0.001043020427459851,0.008687754161655903,0.009968038648366928,0.009968038648366928,6.8257751991041e-05,0.02196774072945118,0.00042867603470565405
679,0.0010397734004072845,0.0010397734004072845,0.008487664628773928,0.009958735667169094,0.009958735667169094,6.836368993390352e-05,0.021884361281991005,0.00042745865651488453
680,0.0010486397077329457,0.0010486397077329457,0.008538414258509874,0.009961461648344994,0.009961461648344994,6.814851803937927e-05,0.021785805001854897,0.0004262419468615617
681,0.0010420910839457065,0.0010420910839457065,0.008803582517430186,0.009920693933963776,0.009920693933963776,6.606876559089869e-05,0.021480588242411613,0.00042502591408487733
682,0.0010396403959020972,0.0010396403959020972,0.008511890191584826,0.009933305904269218,0.009933305904269218,6.73866888973862e-05,0.021734170615673065,0.0004238105665193837
683,0.001036901114275679,0.001036901114275679,0.008410150883719325,0.00997956283390522,0.00997956283390522,6.801400741096586e-05,0.021846069023013115,0.00042259591249493687
684,0.0010361657768953592,0.0010361657768953592,0.0084876692853868,0.009907829575240612,0.009907829575240612,6.72898895572871e-05,0.02169233374297619,0.00042138196033663977
685,0.001034223532769829,0.001034223532769829,0.008546835742890835,0.009924439713358879,0.009924439713358879,6.686276174150407e-05,0.021647248417139053,0.00042016871836478455
686,0.001044027623720467,0.001044027623720467,0.008570725098252296,0.009960845112800598,0.009960845112800598,6.813726213295013e-05,0.021837223321199417,0.00041895619489479557
687,0.0010414932039566338,0.0010414932039566338,0.008684427477419376,0.009909102693200111,0.009909102693200111,6.556515290867537e-05,0.021455183625221252,0.00041774439823717333
688,0.0010423559579066932,0.0010423559579066932,0.00846013193950057,0.0100779477506876,0.0100779477506876,6.966570799704641e-05,0.022091131657361984,0.0004165333366974361
689,0.0010302771115675569,0.0010302771115675569,0.008614314254373312,0.009909075684845448,0.009909075684845448,6.586294330190867e-05,0.021492494270205498,0.0004153230185760642
690,0.0010332021629437804,0.0010332021629437804,0.008434292860329151,0.010046746581792831,0.010046746581792831,7.026299863355234e-05,0.022214122116565704,0.0004141134521684424
691,0.0010334071121178567,0.0010334071121178567,0.008726218715310097,0.009928853251039982,0.009928853251039982,6.617097824346274e-05,0.021576911211013794,0.00041290464576480373
692,0.0010270830243825912,0.0010270830243825912,0.008437786716967821,0.009960051625967026,0.009960051625967026,6.760584801668301e-05,0.02171851135790348,0.00041169660765017174
693,0.0010239537805318832,0.0010239537805318832,0.008510307874530554,0.009922013618052006,0.009922013618052006,6.611141725443304e-05,0.021513747051358223,0.0004104893461043044
694,0.001032985222991556,0.001032985222991556,0.008497197180986404,0.010053595528006554,0.010053595528006554,7.022405043244362e-05,0.022140612825751305,0.0004092828694016369
695,0.0010344183538109064,0.0010344183538109064,0.008852800354361534,0.009923546575009823,0.009923546575009823,6.46748230792582e-05,0.021354010328650475,0.0004080771858112259
696,0.001039960392517969,0.001039960392517969,0.00855353637598455,0.010083463042974472,0.010083463042974472,7.147926226025447e-05,0.022380221635103226,0.0004068723035966917
697,0.0010346604976803064,0.0010346604976803064,0.00900149391964078,0.009898585267364979,0.009898585267364979,6.514511915156618e-05,0.021407950669527054,0.00040566823101616164
698,0.0010468107648193836,0.0010468107648193836,0.00874018226750195,0.01012567151337862,0.01012567151337862,7.288846973096952e-05,0.022642839699983597,0.00040446497632221496
699,0.00105124746914953,0.00105124746914953,0.00928054191172123,0.009924153797328472,0.009924153797328472,6.40939615550451e-05,0.021321266889572144,0.00040326254776182433
700,0.0010430256370455027,0.0010430256370455027,0.008586445357650518,0.010095616802573204,0.010095616802573204,7.116862980183214e-05,0.02228679321706295,0.00040206095357630037
701,0.001038676011376083,0.001038676011376083,0.00908862054347992,0.009940331801772118,0.009940331801772118,6.551881233463064e-05,0.021439533680677414,0.0004008602020012351
702,0.0010458428296260536,0.0010458428296260536,0.008762164041399956,0.010074656456708908,0.010074656456708908,7.009122055023909e-05,0.022159744054079056,0.0003996603012664456
703,0.001038217917084694,0.001038217917084694,0.009059743490070105,0.009940879419445992,0.009940879419445992,6.493953696917742e-05,0.021386511623859406,0.000398461259595917
704,0.0010413108975626528,0.0010413108975626528,0.008599673863500357,0.010138053447008133,0.010138053447008133,7.08483494236134e-05,0.022278081625699997,0.00039726308520774664
705,0.0010469546250533313,0.0010469546250533313,0.009530706331133842,0.009915981441736221,0.009915981441736221,6.542788469232619e-05,0.021408071741461754,0.00039606578631408743
706,0.0010452816495671868,0.0010452816495671868,0.008683451218530536,0.010017304681241512,0.010017304681241512,6.842311267973855e-05,0.02191724255681038,0.00039486937112109225
707,0.0010271236533299088,0.0010271236533299088,0.008515021298080683,0.009999265894293785,0.009999265894293785,6.588020187336951e-05,0.021478164941072464,0.00039367384782885685
708,0.00102577410871163,0.00102577410871163,0.008398180361837149,0.010013663209974766,0.010013663209974766,6.805996963521466e-05,0.02178482711315155,0.0003924792246313637
709,0.001027012156555429,0.001027012156555429,0.00871383398771286,0.010055072605609894,0.010055072605609894,6.754609785275534e-05,0.021800119429826736,0.00039128550971642684
710,0.0010125864064320922,0.0010125864064320922,0.00835710484534502,0.010038018226623535,0.010038018226623535,6.658462370978668e-05,0.0216327216476202,0.0003900927112656345
711,0.0010119584912899882,0.0010119584912899882,0.0082722632214427,0.0100257508456707,0.0100257508456707,6.862662849016488e-05,0.0218974482268095,0.0003889008374542935
712,0.0010199974640272558,0.0010199974640272558,0.00854964042082429,0.00999719649553299,0.00999719649553299,6.683141691610217e-05,0.021609295159578323,0.00038770989645137355
713,0.0010200392280239612,0.0010200392280239612,0.008739045821130276,0.010043556801974773,0.010043556801974773,6.725422281306237e-05,0.02173905074596405,0.0003865198964194513
714,0.0010221572883892804,0.0010221572883892804,0.008559534326195717,0.010038278065621853,0.010038278065621853,6.713114271406084e-05,0.02169143036007881,0.0003853308455146533
715,0.001025514502543956,0.001025514502543956,0.008994856383651495,0.010100126266479492,0.010100126266479492,6.782205309718847e-05,0.021796349436044693,0.0003841427518866014
716,0.001026124693453312,0.001026124693453312,0.0085573960095644,0.009979816153645515,0.009979816153645515,6.701721576973796e-05,0.021580953150987625,0.00038295562367835655
717,0.0010211293993052095,0.0010211293993052095,0.008583034621551633,0.010045507922768593,0.010045507922768593,6.766393198631704e-05,0.021793974563479424,0.00038176946902636225
718,0.0010089477291330695,0.0010089477291330695,0.00829143775627017,0.010033465921878815,0.010033465921878815,6.638557533733547e-05,0.021600134670734406,0.00038058429606038985
719,0.0010219598188996315,0.0010219598188996315,0.008784484583884478,0.009965062141418457,0.009965062141418457,6.619506166316569e-05,0.021484434604644775,0.000379400112903482
720,0.0010272351210005581,0.0010272351210005581,0.008427540771663189,0.01006453949958086,0.01006453949958086,6.741590914316475e-05,0.021691901609301567,0.0003782169276718977
721,0.0010196915245614946,0.0010196915245614946,0.00876781321130693,0.010087968781590462,0.010087968781590462,6.77459902362898e-05,0.021790187805891037,0.00037703474847505596
722,0.001014054229017347,0.001014054229017347,0.008535092230886221,0.009984507225453854,0.009984507225453854,6.67247804813087e-05,0.02162732556462288,0.0003758535834154804
723,0.0010116903576999903,0.0010116903576999903,0.008454321883618832,0.010120920836925507,0.010120920836925507,6.939267768757418e-05,0.022035975009202957,0.00037467344058874426
724,0.001021089730784297,0.001021089730784297,0.00879501411691308,0.010031444951891899,0.010031444951891899,6.579922046512365e-05,0.02146647870540619,0.0003734943280834145
725,0.0010102575179189444,0.0010102575179189444,0.008380381623283029,0.010061610490083694,0.010061610490083694,6.779401883250102e-05,0.021747414022684097,0.00037231625398099604
726,0.001007166167255491,0.001007166167255491,0.008620258420705795,0.01009247824549675,0.01009247824549675,6.669494905509055e-05,0.02170313335955143,0.00037113922635587674
727,0.001019806251861155,0.001019806251861155,0.008543107658624649,0.01012543123215437,0.01012543123215437,7.069947605486959e-05,0.022248733788728714,0.00036996325327527245
728,0.0010237559909000993,0.0010237559909000993,0.008857402950525284,0.010003315284848213,0.010003315284848213,6.468965148087591e-05,0.02138403244316578,0.0003687883427991707
729,0.0010291615617461503,0.0010291615617461503,0.0085528832860291,0.010121914558112621,0.010121914558112621,6.996694719418883e-05,0.02212897501885891,0.0003676145029802766
730,0.0010216584196314216,0.0010216584196314216,0.009209541138261557,0.009945781901478767,0.009945781901478767,6.464631587732583e-05,0.021251264959573746,0.0003664417418639565
731,0.001008535036817193,0.001008535036817193,0.008365944493561983,0.010106322355568409,0.010106322355568409,6.753693742211908e-05,0.021822884678840637,0.00036527006748818426
732,0.0009980511385947466,0.0009980511385947466,0.008378444705158472,0.010077698156237602,0.010077698156237602,6.749910971848294e-05,0.021700158715248108,0.0003640994878834844
733,0.0009935114649124444,0.0009935114649124444,0.008227986749261618,0.010020621120929718,0.010020621120929718,6.592529825866222e-05,0.02143658697605133,0.00036293001107287875
734,0.0009884859318844974,0.0009884859318844974,0.008307494223117828,0.010200860910117626,0.010200860910117626,6.977015436859801e-05,0.02212991565465927,0.0003617616450718302
735,0.0010002223716583103,0.0010002223716583103,0.00839723227545619,0.010022303089499474,0.010022303089499474,6.559345638379455e-05,0.02144189178943634,0.0003605943978881887
736,0.0009874246316030622,0.0009874246316030622,0.008160966448485851,0.010086591355502605,0.010086591355502605,6.977262091822922e-05,0.022046197205781937,0.0003594282775221357
737,0.0010048974654637277,0.0010048974654637277,0.008818736299872398,0.010067381896078587,0.010067381896078587,6.526370270876214e-05,0.02147562801837921,0.00035826329196612944
738,0.001009496278129518,0.001009496278129518,0.00847760122269392,0.010145911946892738,0.010145911946892738,6.973233394091949e-05,0.0220792256295681,0.0003570994492048507
739,0.0010023910435847938,0.0010023910435847938,0.008575507439672947,0.010021503083407879,0.010021503083407879,6.583137292182073e-05,0.02142898365855217,0.00035593675721514747
740,0.0009975023567676544,0.0009975023567676544,0.008328192867338657,0.010155227035284042,0.010155227035284042,6.939770537428558e-05,0.022017905488610268,0.00035477522396598035
741,0.0009979631868191063,0.0009979631868191063,0.008729702327400446,0.010011525824666023,0.010011525824666023,6.543438939843327e-05,0.021416421979665756,0.000353614857418368
742,0.0010115716722793877,0.0010115716722793877,0.00855974480509758,0.010127825662493706,0.010127825662493706,6.842004222562537e-05,0.02189234457910061,0.0003524556655253332
743,0.0009993604035116732,0.0009993604035116732,0.00867884373292327,0.010147502645850182,0.010147502645850182,6.815849337726831e-05,0.02181847020983696,0.00035129765623184706
744,0.0009924514451995492,0.0009924514451995492,0.008287015371024609,0.010039846412837505,0.010039846412837505,6.618982297368348e-05,0.02148502692580223,0.000350140837474776
745,0.001003665936877951,0.001003665936877951,0.008797047659754753,0.010185358114540577,0.010185358114540577,6.846361793577671e-05,0.021963654085993767,0.00034898521718282566
746,0.0009930465603247285,0.0009930465603247285,0.008377320598810911,0.010039197281002998,0.010039197281002998,6.505157944047824e-05,0.02142629213631153,0.0003478308032764887
747,0.0009824607986956835,0.0009824607986956835,0.008282982744276524,0.010129290632903576,0.010129290632903576,6.961308099562302e-05,0.022017311304807663,0.0003466776036679885
748,0.000989767664577812,0.000989767664577812,0.008570253383368254,0.010052280500531197,0.010052280500531197,6.476925773313269e-05,0.021291859447956085,0.000345525626261226
749,0.0009833440417423844,0.0009833440417423844,0.008150683715939522,0.010184057056903839,0.010184057056903839,6.88783111399971e-05,0.021982252597808838,0.0003443748789517256
750,0.0009791830671019852,0.0009791830671019852,0.00831577880308032,0.010017636232078075,0.010017636232078075,6.429060158552602e-05,0.02122100070118904,0.00034322536962658033
751,0.0009834152006078511,0.0009834152006078511,0.008195093832910061,0.01014492567628622,0.01014492567628622,6.923392356839031e-05,0.021972840651869774,0.0003420771061643985
752,0.0009821522107813507,0.0009821522107813507,0.008579347748309374,0.010077445767819881,0.010077445767819881,6.585748633369803e-05,0.02150708995759487,0.0003409300964352491
753,0.0009773114579729736,0.0009773114579729736,0.008150154259055853,0.01010541059076786,0.01010541059076786,6.726050924044102e-05,0.021690204739570618,0.00033978434830060866
754,0.0009736927167978138,0.0009736927167978138,0.008279707981273532,0.010087202303111553,0.010087202303111553,6.657950871158391e-05,0.02154211327433586,0.00033863986961330634
755,0.0009779071842785925,0.0009779071842785925,0.008409560658037663,0.01009118277579546,0.01009118277579546,6.565529474755749e-05,0.02145816758275032,0.0003374966682174711
756,0.0009838028345257044,0.0009838028345257044,0.008234463632106781,0.010153831914067268,0.010153831914067268,6.8938490585424e-05,0.02193123660981655,0.00033635475194847714
757,0.00098874990362674,0.00098874990362674,0.008769634179770947,0.010076248086988926,0.010076248086988926,6.551734986715019e-05,0.02144974283874035,0.00033521412863289103
758,0.0009759667736943811,0.0009759667736943811,0.008197568356990814,0.010123123414814472,0.010123123414814472,6.764596764696762e-05,0.021782584488391876,0.000334074806088417
759,0.0009737127984408289,0.0009737127984408289,0.00827428000047803,0.010116477496922016,0.010116477496922016,6.729325104970485e-05,0.021687274798750877,0.0003329367921238441
760,0.0009710864396765828,0.0009710864396765828,0.00813823938369751,0.010115846060216427,0.010115846060216427,6.586355448234826e-05,0.02144116535782814,0.00033180009453899283
761,0.0009647308033891022,0.0009647308033891022,0.008114020340144634,0.01022197213023901,0.01022197213023901,6.985649815760553e-05,0.02206673100590706,0.0003306647211246612
762,0.0009798368555493653,0.0009798368555493653,0.008383035194128752,0.010128512047231197,0.010128512047231197,6.607444811379537e-05,0.021528510376811028,0.0003295306796625715
763,0.0009721484093461186,0.0009721484093461186,0.008201371878385544,0.010143158957362175,0.010143158957362175,6.764358840882778e-05,0.021714571863412857,0.00032839797792531654
764,0.0009675041073933244,0.0009675041073933244,0.008334774989634752,0.010049255564808846,0.010049255564808846,6.53526876703836e-05,0.021354200318455696,0.0003272666236763076
765,0.0009670094877947122,0.0009670094877947122,0.008092616917565465,0.010175549425184727,0.010175549425184727,6.764574209228158e-05,0.021739503368735313,0.0003261366246697199
766,0.0009687830752227455,0.0009687830752227455,0.008263335097581148,0.010155060328543186,0.010155060328543186,6.6735505242832e-05,0.021581701934337616,0.00032500798865044015
767,0.0009678738424554467,0.0009678738424554467,0.008135424461215734,0.010124944150447845,0.010124944150447845,6.703718099743128e-05,0.021621426567435265,0.00032388072335401294
768,0.0009809247858356684,0.0009809247858356684,0.008716828655451536,0.010166166350245476,0.010166166350245476,6.664841203019023e-05,0.02164553478360176,0.00032275483650658863
769,0.0009684665128588676,0.0009684665128588676,0.008230147417634726,0.010087961331009865,0.010087961331009865,6.603202200494707e-05,0.02145872823894024,0.0003216303358248698
770,0.0009771450131665915,0.0009771450131665915,0.008372968062758446,0.010128472931683064,0.010128472931683064,6.619861960643902e-05,0.021526232361793518,0.0003205072290160579
771,0.0009621209173928946,0.0009621209173928946,0.00804061722010374,0.010121322236955166,0.010121322236955166,6.610176205867901e-05,0.021521225571632385,0.00031938552377780156
772,0.0009607478277757764,0.0009607478277757764,0.008261297829449177,0.010157368145883083,0.010157368145883083,6.855149695184082e-05,0.02184269204735756,0.0003182652277981427
773,0.0009688504796940833,0.0009688504796940833,0.008315991144627333,0.010139753110706806,0.010139753110706806,6.581737397937104e-05,0.02148056961596012,0.00031714634875546453
774,0.0009663398959673941,0.0009663398959673941,0.008203418459743261,0.0101727694272995,0.0101727694272995,6.702901737298816e-05,0.02162836864590645,0.0003160288943184385
775,0.000957457028562203,0.000957457028562203,0.008120238780975342,0.010099601931869984,0.010099601931869984,6.604603549931198e-05,0.021465294063091278,0.0003149128721459727
776,0.000963548372965306,0.000963548372965306,0.008078787010163069,0.010183945298194885,0.010183945298194885,6.830880010966212e-05,0.02183619886636734,0.0003137982898871578
777,0.0009638304181862622,0.0009638304181862622,0.008390826173126698,0.010119647718966007,0.010119647718966007,6.516824942082167e-05,0.02137242816388607,0.00031268515518121574
778,0.0009573010902386159,0.0009573010902386159,0.008061697008088231,0.010135546326637268,0.010135546326637268,6.66735868435353e-05,0.021563977003097534,0.00031157347565744745
779,0.0009592488640919328,0.0009592488640919328,0.008093610871583223,0.010211607441306114,0.010211607441306114,6.741899414919317e-05,0.021709151566028595,0.00031046325893517953
780,0.000958835706114769,0.000958835706114769,0.008175878319889307,0.010199503973126411,0.010199503973126411,6.75926567055285e-05,0.021737705916166306,0.0003093545126237135
781,0.0009502420434728265,0.0009502420434728265,0.008099819533526897,0.01014997623860836,0.01014997623860836,6.753010529791936e-05,0.021711595356464386,0.0003082472443222721
782,0.0009561159240547568,0.0009561159240547568,0.00813804566860199,0.010152078233659267,0.010152078233659267,6.689125439152122e-05,0.02161356434226036,0.0003071414616199486
783,0.0009537515579722822,0.0009537515579722822,0.008147753775119781,0.010169663466513157,0.010169663466513157,6.701218080706894e-05,0.021618543192744255,0.0003060371720956537
784,0.000953218579525128,0.000953218579525128,0.008071359246969223,0.010140403173863888,0.010140403173863888,6.619970372412354e-05,0.021462375298142433,0.000304934383318064
785,0.0009557191806379706,0.0009557191806379706,0.00828742329031229,0.01020138245075941,0.01020138245075941,6.66325431666337e-05,0.021590538322925568,0.0003038331028455703
786,0.0009554256685078144,0.0009554256685078144,0.008077860809862614,0.01013782899826765,0.01013782899826765,6.610938726225868e-05,0.021482232958078384,0.00030273333822622596
787,0.0009481639717705548,0.0009481639717705548,0.008039222098886967,0.010158051736652851,0.010158051736652851,6.768223829567432e-05,0.021717902272939682,0.0003016350969976943
788,0.0009564629872329533,0.0009564629872329533,0.008259600959718227,0.010149555280804634,0.010149555280804634,6.62548845866695e-05,0.021530792117118835,0.0003005383866871976
789,0.0009507370123174042,0.0009507370123174042,0.00808933051303029,0.01020900346338749,0.01020900346338749,6.792755448259413e-05,0.02180001325905323,0.00029944321481146564
790,0.00095468939980492,0.00095468939980492,0.008140825666487217,0.010141520760953426,0.010141520760953426,6.530732207465917e-05,0.021358774974942207,0.0002983495888766842
791,0.0009473178943153471,0.0009473178943153471,0.008057629689574242,0.01021246612071991,0.01021246612071991,6.715684139635414e-05,0.02165568806231022,0.0002972575163784426
792,0.0009506818314548582,0.0009506818314548582,0.008180554956197739,0.010189852677285671,0.010189852677285671,6.680104706902057e-05,0.02160021848976612,0.00029616700480168337
793,0.0009455281833652407,0.0009455281833652407,0.008019697852432728,0.010257556103169918,0.010257556103169918,6.856586696812883e-05,0.02189422771334648,0.0002950780616206511
794,0.0009449554781895131,0.0009449554781895131,0.008119320962578058,0.010151391848921776,0.010151391848921776,6.542343180626631e-05,0.0213625505566597,0.0002939906942988402
795,0.0009446395852137357,0.0009446395852137357,0.008066383190453053,0.010166145861148834,0.010166145861148834,6.69392611598596e-05,0.021593354642391205,0.0002929049102889447
796,0.000944615196203813,0.000944615196203813,0.00805185898207128,0.010178018361330032,0.010178018361330032,6.652409501839429e-05,0.02159014344215393,0.0002918207170328063
797,0.0009412940125912428,0.0009412940125912428,0.008013878017663956,0.010194607079029083,0.010194607079029083,6.67889544274658e-05,0.021596811711788177,0.00029073812196136464
798,0.0009423111914657056,0.0009423111914657056,0.008155890507623553,0.010149974375963211,0.010149974375963211,6.589524855371565e-05,0.02141895517706871,0.0002896571324946049
799,0.0009420983551535755,0.0009420983551535755,0.008040344109758735,0.010202058590948582,0.010202058590948582,6.67388376314193e-05,0.021597182378172874,0.00028857775604150754
800,0.0009474698163103312,0.0009474698163103312,0.008249772246927023,0.010174271650612354,0.010174271650612354,6.627310358453542e-05,0.02149350754916668,0.0002874999999999982
801,0.0009408745972905308,0.0009408745972905308,0.008060990367084742,0.01014515571296215,0.01014515571296215,6.582147034350783e-05,0.02140764892101288,0.0002864238717568964
802,0.0009395747329108417,0.0009395747329108417,0.008021836401894689,0.010222950018942356,0.010222950018942356,6.689046858809888e-05,0.021633952856063843,0.0002853493786878643
803,0.0009412763174623251,0.0009412763174623251,0.008069441886618733,0.010168848559260368,0.010168848559260368,6.601509812753648e-05,0.021480679512023926,0.0002842765281573569
804,0.0009432319784536958,0.0009432319784536958,0.008120538666844368,0.01017683744430542,0.01017683744430542,6.6489985329099e-05,0.021546535193920135,0.0002832053275185721
805,0.0009469801443628967,0.0009469801443628967,0.008071630727499723,0.010206234641373158,0.010206234641373158,6.658103666268289e-05,0.021548284217715263,0.0002821357841133988
806,0.0009377052774652839,0.0009377052774652839,0.008053860627114773,0.010220800526440144,0.010220800526440144,6.776443478884175e-05,0.021728944033384323,0.00028106790527236784
807,0.0009366141748614609,0.0009366141748614609,0.00813246238976717,0.010116678662598133,0.010116678662598133,6.473239045590162e-05,0.021264391019940376,0.000280001698314601
808,0.0009371156629640609,0.0009371156629640609,0.007921012584120035,0.010275674983859062,0.010275674983859062,6.92620305926539e-05,0.022008806467056274,0.0002789371705477618
809,0.0009417564142495394,0.0009417564142495394,0.00830112025141716,0.010171063244342804,0.010171063244342804,6.50661822874099e-05,0.021358858793973923,0.00027787432926800414
810,0.0009468012140132487,0.0009468012140132487,0.008069307543337345,0.01021412294358015,0.01021412294358015,6.733123154845089e-05,0.021622125059366226,0.0002768131817599229
811,0.0009423995797988027,0.0009423995797988027,0.008260615635663271,0.010223926045000553,0.010223926045000553,6.715157360304147e-05,0.021602412685751915,0.0002757537352965046
812,0.0009399539267178625,0.0009399539267178625,0.008164333645254374,0.010179496370255947,0.010179496370255947,6.538504385389388e-05,0.0214607585221529,0.0002746959971390768
813,0.000937434087973088,0.000937434087973088,0.008039279375225306,0.010222431272268295,0.010222431272268295,6.869228673167527e-05,0.02192794904112816,0.00027363997453725824
814,0.0009495090343989432,0.0009495090343989432,0.008285748306661844,0.01013772189617157,0.01013772189617157,6.442192534450442e-05,0.021204162389039993,0.0002725856747289093
815,0.000932003022171557,0.000932003022171557,0.007902725599706173,0.010301869362592697,0.010301869362592697,6.842279253760353e-05,0.021865202113986015,0.0002715331049400833
816,0.0009393047948833555,0.0009393047948833555,0.008203365840017796,0.010198121890425682,0.010198121890425682,6.607316026929766e-05,0.021481133997440338,0.00027048227238497547
817,0.0009404294250998646,0.0009404294250998646,0.008036674465984106,0.01023037824779749,0.01023037824779749,6.707593274768442e-05,0.02162548340857029,0.0002694331842658745
818,0.0009382789430674165,0.0009382789430674165,0.008203000761568546,0.01023673452436924,0.01023673452436924,6.643158849328756e-05,0.021518032997846603,0.0002683858477731127
819,0.0009308398293796927,0.0009308398293796927,0.008012743899598718,0.010122902691364288,0.010122902691364288,6.456923438236117e-05,0.021238114684820175,0.00026734027008501753
820,0.0009380414558108896,0.0009380414558108896,0.007961304858326912,0.010223621502518654,0.010223621502518654,6.754657806595787e-05,0.021744415163993835,0.00026629645836786115
821,0.0009336287912447006,0.0009336287912447006,0.008104340638965368,0.010221471078693867,0.010221471078693867,6.585314986295998e-05,0.02149764820933342,0.00026525441977581207
822,0.0009359120158478618,0.0009359120158478618,0.008123173378407955,0.01019871886819601,0.01019871886819601,6.653340824414045e-05,0.02151663601398468,0.0002642141614508862
823,0.0009415842068847269,0.0009415842068847269,0.008406923385336995,0.010240907780826092,0.010240907780826092,6.663845124421641e-05,0.021546635776758194,0.00026317569052289796
824,0.0009362049750052392,0.0009362049750052392,0.008064779918640852,0.010252898558974266,0.010252898558974266,6.587719690287486e-05,0.021472612395882607,0.0002621390141094105
825,0.0009303002152591944,0.0009303002152591944,0.008096551522612572,0.010289978235960007,0.010289978235960007,6.903534813318402e-05,0.021958312019705772,0.00026110413931568785
826,0.0009347680897917598,0.0009347680897917598,0.008153445553034544,0.010123003274202347,0.010123003274202347,6.3556813984178e-05,0.021133916452527046,0.00026007107323464617
827,0.0009405365271959454,0.0009405365271959454,0.00799791724421084,0.010312148369848728,0.010312148369848728,6.942478648852557e-05,0.022027844563126564,0.0002590398229468046
828,0.0009774383215699345,0.0009774383215699345,0.009244787972420454,0.010179081000387669,0.010179081000387669,6.495493289548904e-05,0.021314512938261032,0.0002580103955202371
829,0.0009864656894933432,0.0009864656894933432,0.008951084688305855,0.010178443975746632,0.010178443975746632,6.478744035121053e-05,0.021239930763840675,0.00025698279801052387
830,0.0009330743923783302,0.0009330743923783302,0.00840311637148261,0.010390731506049633,0.010390731506049633,7.188631570897996e-05,0.022410988807678223,0.00025595703746070355
831,0.000948206230532378,0.000948206230532378,0.00873514311388135,0.01009455043822527,0.01009455043822527,6.177354225656018e-05,0.020932689309120178,0.00025493312090122365
832,0.000945943349506706,0.000945943349506706,0.00819721631705761,0.010308063589036465,0.010308063589036465,7.054203888401389e-05,0.022229904308915138,0.00025391105534989405
833,0.0009455825493205339,0.0009455825493205339,0.00859229825437069,0.010176141746342182,0.010176141746342182,6.423486047424376e-05,0.02122148871421814,0.00025289084781183725
834,0.0009370568732265383,0.0009370568732265383,0.008005143841728568,0.01020764373242855,0.01020764373242855,6.54070609016344e-05,0.0213482566177845,0.0002518725052794418
835,0.0009277566859964281,0.0009277566859964281,0.008092288859188557,0.010270809754729271,0.010270809754729271,6.804914301028475e-05,0.021756408736109734,0.0002508560347323132
836,0.0009227301925420761,0.0009227301925420761,0.00799465668387711,0.010211874730885029,0.010211874730885029,6.425236642826349e-05,0.02125617302954197,0.00024984144313722667
837,0.0009290201414842159,0.0009290201414842159,0.008020315784960985,0.010301705449819565,0.010301705449819565,6.857849075458944e-05,0.02186581678688526,0.0002488287374480797
838,0.0009248446440324187,0.0009248446440324187,0.008150056004524231,0.010213409550487995,0.010213409550487995,6.541966286022216e-05,0.021367434412240982,0.0002478179246058435
839,0.0009169471159111708,0.0009169471159111708,0.007823899388313293,0.010219906456768513,0.010219906456768513,6.531040708068758e-05,0.02134573459625244,0.00024680901153851614
840,0.0009162389615084976,0.0009162389615084976,0.007871351670473814,0.010275323875248432,0.010275323875248432,6.767269223928452e-05,0.021698733791708946,0.00024580200516107463
841,0.000927446992136538,0.000927446992136538,0.008289688266813755,0.010195360518991947,0.010195360518991947,6.458257848862559e-05,0.021254803985357285,0.0002447969123754282
842,0.0009257196797989309,0.0009257196797989309,0.007941077928990126,0.010214056819677353,0.010214056819677353,6.553056300617754e-05,0.021394718438386917,0.00024379374007037007
843,0.0009211215656250715,0.0009211215656250715,0.008117541670799255,0.010298504494130611,0.010298504494130611,6.823740841355175e-05,0.021818816661834717,0.0002427924951215309
844,0.0009202997025568038,0.0009202997025568038,0.008075980003923178,0.01019001193344593,0.01019001193344593,6.41059159534052e-05,0.0212152898311615,0.00024179318439133176
845,0.0009250961011275649,0.0009250961011275649,0.008067783433943987,0.010297252796590328,0.010297252796590328,6.77489151712507e-05,0.02175212651491165,0.00024079581472893628
846,0.0009190047276206315,0.0009190047276206315,0.00801555160433054,0.010199053213000298,0.010199053213000298,6.427432526834309e-05,0.021198729053139687,0.00023980039297020447
847,0.0009148047829512507,0.0009148047829512507,0.007920379284769297,0.010266619734466076,0.010266619734466076,6.70075896778144e-05,0.021605221554636955,0.00023880692593764542
848,0.0009142912458628416,0.0009142912458628416,0.008004976669326425,0.010200790129601955,0.010200790129601955,6.431940710172057e-05,0.0212137158960104,0.0002378154204403713
849,0.0009147068194579333,0.0009147068194579333,0.007833472453057766,0.010259113274514675,0.010259113274514675,6.65090192342177e-05,0.021543879061937332,0.00023682588327404957
850,0.0009136026783380657,0.0009136026783380657,0.007995343301445246,0.010232689790427685,0.010232689790427685,6.590668635908514e-05,0.02144087851047516,0.0002358383212208572
851,0.0009290085290558636,0.0009290085290558636,0.008109615417197347,0.01022606436163187,0.01022606436163187,6.601682980544865e-05,0.02145450934767723,0.00023485274104943372
852,0.0009123671043198556,0.0009123671043198556,0.008007310796529055,0.010305415838956833,0.010305415838956833,6.823192961746827e-05,0.02183077111840248,0.00023386914951483565
853,0.0009189344418700784,0.0009189344418700784,0.008121517486870289,0.010170288383960724,0.010170288383960724,6.34809402981773e-05,0.021076016128063202,0.00023288755335848884
854,0.0009153202408924699,0.0009153202408924699,0.00799759873189032,0.010297303088009357,0.010297303088009357,6.798937829444185e-05,0.021795980632305145,0.00023190795930814366
855,0.0009142225899267942,0.0009142225899267942,0.008040225598961115,0.01021116878837347,0.01021116878837347,6.448144267778844e-05,0.021282294765114784,0.0002309303740778282
856,0.0009131473198067397,0.0009131473198067397,0.007805007742717862,0.010259208269417286,0.010259208269417286,6.715711788274348e-05,0.02163604646921158,0.00022995480436780198
857,0.0009157313033938408,0.0009157313033938408,0.008222432807087898,0.010240856558084488,0.010240856558084488,6.585255323443562e-05,0.021414868533611298,0.00022898125686451055
858,0.0009095206914935261,0.0009095206914935261,0.007864213781431317,0.010212324559688568,0.010212324559688568,6.443302845582366e-05,0.021239183843135834,0.0002280097382405394
859,0.0009062179597094655,0.0009062179597094655,0.007777465041726828,0.01031963899731636,0.01031963899731636,6.841234426246956e-05,0.02183512970805168,0.00022704025515456867
860,0.0009111433173529804,0.0009111433173529804,0.007993578212335706,0.01025253813713789,0.01025253813713789,6.553027196787298e-05,0.021405085921287537,0.00022607281425132667
861,0.0009083787444978952,0.0009083787444978952,0.007815180579200387,0.010255159810185432,0.010255159810185432,6.542392657138407e-05,0.02138054557144642,0.0002251074221615451
862,0.0009082219039555639,0.0009082219039555639,0.007846205728128552,0.010305225849151611,0.010305225849151611,6.782705895602703e-05,0.021750496700406075,0.0002241440855019131
863,0.0009117836016230285,0.0009117836016230285,0.008115478791296482,0.010255017317831516,0.010255017317831516,6.559827306773514e-05,0.021392371505498886,0.00022318281087503253
864,0.0009062686585821211,0.0009062686585821211,0.00785825727507472,0.010262550786137581,0.010262550786137581,6.542498158523813e-05,0.021407272666692734,0.00022222360486937176
865,0.0009036574920173734,0.0009036574920173734,0.007808077614754438,0.010291803628206253,0.010291803628206253,6.73387257847935e-05,0.02165798656642437,0.00022126647405922153
866,0.0009070101368706673,0.0009070101368706673,0.007933370070531964,0.010239544324576855,0.010239544324576855,6.570035475306213e-05,0.021406596526503563,0.00022031142500464942
867,0.0009037696872837842,0.0009037696872837842,0.007838055491447449,0.010274095460772514,0.010274095460772514,6.647557893302292e-05,0.02154170721769333,0.00021935846425145445
868,0.0009050601511262357,0.0009050601511262357,0.007929153507575393,0.01025792770087719,0.01025792770087719,6.605056842090562e-05,0.021500108763575554,0.000218407598331123
869,0.0009013227827381343,0.0009013227827381343,0.007823011372238398,0.010256215929985046,0.010256215929985046,6.559464964084327e-05,0.02142060548067093,0.00021745883376078344
870,0.0009024357423186302,0.0009024357423186302,0.007841322105377913,0.010264897719025612,0.010264897719025612,6.604056397918612e-05,0.021458685398101807,0.00021651217704316225
871,0.0009022370795719326,0.0009022370795719326,0.007926418911665678,0.010266866534948349,0.010266866534948349,6.589663826161996e-05,0.02141515724360943,0.00021556763466653835
872,0.0009008117776829749,0.0009008117776829749,0.007827837020158768,0.010256185196340084,0.010256185196340084,6.538200250361115e-05,0.021376842632889748,0.0002146252131046995
873,0.0009026308835018426,0.0009026308835018426,0.007866051513701677,0.010300306603312492,0.010300306603312492,6.713073526043445e-05,0.021662747487425804,0.00021368491881689739
874,0.0009061395248863846,0.0009061395248863846,0.008031095378100872,0.010233034379780293,0.010233034379780293,6.545957876369357e-05,0.0214078351855278,0.00021274675824780405
875,0.000922086532227695,0.000922086532227695,0.008197697810828686,0.010235781781375408,0.010235781781375408,6.527524965349585e-05,0.021342478692531586,0.00021181073782746673
876,0.0009167106472887099,0.0009167106472887099,0.008272659964859486,0.010330185294151306,0.010330185294151306,6.821262650191784e-05,0.02180892787873745,0.0002108768639712647
877,0.0009064855985343456,0.0009064855985343456,0.008126927074044943,0.010208417661488056,0.010208417661488056,6.312833284027874e-05,0.02109117992222309,0.00020994514307986494
878,0.0009068739600479603,0.0009068739600479603,0.007837283425033092,0.01036568358540535,0.01036568358540535,6.887561175972223e-05,0.021933745592832565,0.00020901558153917806
879,0.0009132939449045807,0.0009132939449045807,0.008260804694145918,0.010233135893940926,0.010233135893940926,6.435406248783693e-05,0.021222248673439026,0.00020808818572031463
880,0.0009046837803907692,0.0009046837803907692,0.007813775446265936,0.010232406668365002,0.010232406668365002,6.420396675821394e-05,0.021185340359807014,0.00020716296197954175
881,0.0008970518538262695,0.0008970518538262695,0.007857440272346139,0.01034596748650074,0.01034596748650074,6.86815328663215e-05,0.02190515398979187,0.00020623991665823956
882,0.0009035753319039941,0.0009035753319039941,0.008125128224492073,0.010191394947469234,0.010191394947469234,6.337980448734015e-05,0.02109713852405548,0.0002053190560828572
883,0.0009026022162288427,0.0009026022162288427,0.0077828881330788136,0.010246253572404385,0.010246253572404385,6.560496694874018e-05,0.021410735324025154,0.0002044003865648699
884,0.0008955080120358616,0.0008955080120358616,0.007787192240357399,0.01030317135155201,0.01030317135155201,6.695710180792958e-05,0.021596847102046013,0.00020348391440073562
885,0.0008964440494310111,0.0008964440494310111,0.007953472435474396,0.010268699377775192,0.010268699377775192,6.507532089017332e-05,0.021300844848155975,0.000202569645871852
886,0.0008950455812737346,0.0008950455812737346,0.007756122853606939,0.010275867767632008,0.010275867767632008,6.536136788781732e-05,0.021335419267416,0.00020165758724451346
887,0.0008980604470707476,0.0008980604470707476,0.007890193723142147,0.010312158614397049,0.010312158614397049,6.650634168181568e-05,0.021549835801124573,0.00020074774476986729
888,0.0008980941493064165,0.0008980941493064165,0.007838680408895016,0.010234350338578224,0.010234350338578224,6.477728311438113e-05,0.021277930587530136,0.0001998401246838723
889,0.0008920578693505377,0.0008920578693505377,0.007813900243490934,0.010302877984941006,0.010302877984941006,6.736569048371166e-05,0.021678052842617035,0.0001989347332072547
890,0.0008934295037761331,0.0008934295037761331,0.007910731947049499,0.010222340933978558,0.010222340933978558,6.42443701508455e-05,0.0211980938911438,0.0001980315765454664
891,0.0008937816601246595,0.0008937816601246595,0.007814930751919746,0.010281574912369251,0.010281574912369251,6.566563388332725e-05,0.021427227184176445,0.0001971306608886418
892,0.000891106144990772,0.000891106144990772,0.007771263364702463,0.01027253270149231,0.01027253270149231,6.556339940289035e-05,0.021386906504631042,0.00019623199241155628
893,0.000889415736310184,0.000889415736310184,0.007753630867227912,0.010289529338479042,0.010289529338479042,6.600082997465506e-05,0.021446898579597473,0.00019533557727358282
894,0.0008908197924029082,0.0008908197924029082,0.007748631294816732,0.010277369059622288,0.010277369059622288,6.534613203257322e-05,0.021371226757764816,0.00019444142161865034
895,0.0008890980971045792,0.0008890980971045792,0.00778487091884017,0.010323520749807358,0.010323520749807358,6.643608503509313e-05,0.021565783768892288,0.0001935495315752015
896,0.0008915936050470918,0.0008915936050470918,0.007830420043319464,0.010270029306411743,0.010270029306411743,6.540041067637503e-05,0.021375872194767,0.0001926599132561509
897,0.0008878417720552534,0.0008878417720552534,0.007727805990725756,0.010276065208017826,0.010276065208017826,6.573564314749092e-05,0.02140967734158039,0.00019177257275884303
898,0.0008910090255085379,0.0008910090255085379,0.00792537140659988,0.010292653925716877,0.010292653925716877,6.568699609488249e-05,0.021414315328001976,0.00019088751616501006
899,0.0008941552368924022,0.0008941552368924022,0.007901484845206141,0.010273851454257965,0.010273851454257965,6.531227700179443e-05,0.02135474979877472,0.00019000474954073107
900,0.0008902148110792041,0.0008902148110792041,0.007783587323501706,0.010352733545005322,0.010352733545005322,6.71682064421475e-05,0.0216623917222023,0.00018912427893638946
901,0.0008888453303370625,0.0008888453303370625,0.007786649279296398,0.01025586947798729,0.01025586947798729,6.395146192517132e-05,0.02114959806203842,0.0001882461103866322
902,0.0008913483761716634,0.0008913483761716634,0.00786976097151637,0.01028217189013958,0.01028217189013958,6.597742321901023e-05,0.021433422341942787,0.0001873702499103281
903,0.000890574767254293,0.000890574767254293,0.00783856469206512,0.01026866864413023,0.01026866864413023,6.52658345643431e-05,0.021341554820537567,0.00018649670351052704
904,0.0008894253987818956,0.0008894253987818956,0.007787247654050589,0.010343044064939022,0.010343044064939022,6.636723264819011e-05,0.02157166227698326,0.00018562547717441803
905,0.0008933528733905405,0.0008933528733905405,0.007900611031800508,0.010323748923838139,0.010323748923838139,6.627847324125469e-05,0.021523065865039825,0.00018475657687328892
906,0.0008872649341356009,0.0008872649341356009,0.007726123556494713,0.010217596776783466,0.010217596776783466,6.344529538182542e-05,0.02103944681584835,0.0001838900085624849
907,0.0008922810375224799,0.0008922810375224799,0.007720311405137181,0.010338732972741127,0.010338732972741127,6.682310777250677e-05,0.021587073802947998,0.0001830257781813683
908,0.0008912812045309693,0.0008912812045309693,0.008016521576792002,0.010325753130018711,0.010325753130018711,6.607623072341084e-05,0.021496765315532684,0.00018216389165327752
909,0.0008845454140100628,0.0008845454140100628,0.0077639922965317965,0.010246423073112965,0.010246423073112965,6.425983156077564e-05,0.021199898794293404,0.000181304354885486
910,0.0008902927511371672,0.0008902927511371672,0.007690556813031435,0.010277443565428257,0.010277443565428257,6.530822429340333e-05,0.021347180008888245,0.00018044717376916293
911,0.0008879810629878193,0.0008879810629878193,0.007899908581748605,0.010352649725973606,0.010352649725973606,6.656401819782332e-05,0.021565286442637444,0.00017959235417933138
912,0.0008868770382832736,0.0008868770382832736,0.007831334369257092,0.01026929635554552,0.01026929635554552,6.42554514342919e-05,0.021180618554353714,0.0001787399019748292
913,0.0008864450792316347,0.0008864450792316347,0.007748018018901348,0.010290740057826042,0.010290740057826042,6.555433355970308e-05,0.021379008889198303,0.00017788982299826814
914,0.0008843079558573663,0.0008843079558573663,0.007730807876214385,0.01030191220343113,0.01030191220343113,6.56107731629163e-05,0.0214207973331213,0.0001770421230759947
915,0.000888294365722686,0.000888294365722686,0.00793148996308446,0.010333692654967308,0.010333692654967308,6.602548091905192e-05,0.021509431302547455,0.00017619680801804905
916,0.0008855668420437723,0.0008855668420437723,0.007747835945338011,0.010261581279337406,0.010261581279337406,6.474164547398686e-05,0.021274395287036896,0.00017535388361812596
917,0.0008883563859853894,0.0008883563859853894,0.007696364540606737,0.01031530648469925,0.01031530648469925,6.613424920942634e-05,0.021456245332956314,0.0001745133556535347
918,0.0008877825166564435,0.0008877825166564435,0.007933719083666801,0.010333816520869732,0.010333816520869732,6.53883907943964e-05,0.02136858180165291,0.00017367522988516001
919,0.000888158188899979,0.000888158188899979,0.007805471308529377,0.010260206647217274,0.010260206647217274,6.455468246713281e-05,0.021237578243017197,0.00017283951205742212
920,0.0008834126347210258,0.0008834126347210258,0.007666275138035417,0.010310870595276356,0.010310870595276356,6.664462853223085e-05,0.02155425399541855,0.0001720062078982373
921,0.0008830423757899553,0.0008830423757899553,0.007810399867594242,0.010312344878911972,0.010312344878911972,6.51454392937012e-05,0.02135862410068512,0.0001711753231189792
922,0.0008868059376254678,0.0008868059376254678,0.007770586758852005,0.01029589306563139,0.01029589306563139,6.471519736805931e-05,0.02124953828752041,0.00017034686341443875
923,0.0008800887444522232,0.0008800887444522232,0.00781583832576871,0.010300111025571823,0.010300111025571823,6.63567625451833e-05,0.021473966538906097,0.00016952083446278627
924,0.0008862954855430871,0.0008862954855430871,0.007819570833817124,0.01028602197766304,0.01028602197766304,6.498939183074981e-05,0.021324850618839264,0.0001686972419255314
925,0.0008804989338386804,0.0008804989338386804,0.007720327936112881,0.01035983208566904,0.01035983208566904,6.637741898884997e-05,0.021570436656475067,0.00016787609144748545
926,0.0008847354620229453,0.0008847354620229453,0.007868549786508083,0.010313589125871658,0.010313589125871658,6.569991819560528e-05,0.021418927237391472,0.00016705738865672182
927,0.0008797176415100694,0.0008797176415100694,0.007675813976675272,0.010273830965161324,0.010273830965161324,6.406819738913327e-05,0.021131185814738274,0.0001662411391645376
928,0.0008787242695689201,0.0008787242695689201,0.007694028317928314,0.010361259803175926,0.010361259803175926,6.676377961412072e-05,0.02157510071992874,0.00016542734856541546
929,0.0008797815535217524,0.0008797815535217524,0.007875772658735514,0.01030718069523573,0.01030718069523573,6.53788010822609e-05,0.02135525271296501,0.0001646160224369851
930,0.000878222519531846,0.000878222519531846,0.00775536336004734,0.010283689945936203,0.010283689945936203,6.464181205956265e-05,0.021251428872346878,0.00016380716633998502
931,0.0008762371144257486,0.0008762371144257486,0.007643799763172865,0.01034594140946865,0.01034594140946865,6.651484000030905e-05,0.02154434099793434,0.00016300078581822424
932,0.000880969688296318,0.000880969688296318,0.007951176259666681,0.010317246429622173,0.010317246429622173,6.546743679791689e-05,0.021364647895097733,0.0001621968863985447
933,0.000876917561981827,0.000876917561981827,0.007663294905796647,0.01025872491300106,0.01025872491300106,6.371652852976695e-05,0.021104782819747925,0.00016139547359078288
934,0.0008802926458884031,0.0008802926458884031,0.007826583459973335,0.01036982610821724,0.01036982610821724,6.711823516525328e-05,0.02164187654852867,0.00016059655288773252
935,0.0008792519511189312,0.0008792519511189312,0.007835294352844357,0.010309286415576935,0.010309286415576935,6.50803413009271e-05,0.021314941346645355,0.00015980012976510652
936,0.0008742109930608422,0.0008742109930608422,0.007678450550884008,0.010302872397005558,0.010302872397005558,6.536062574014068e-05,0.02135581709444523,0.00015900620968149992
937,0.0008747795654926449,0.0008747795654926449,0.007666030200198293,0.010315177030861378,0.010315177030861378,6.543173367390409e-05,0.021379292011260986,0.00015821479807835208
938,0.0008742206264287233,0.0008742206264287233,0.007673899410292506,0.010334093123674393,0.010334093123674393,6.54386094538495e-05,0.021384935826063156,0.00015742590037990937
939,0.0008743127400521189,0.0008743127400521189,0.007759858621284366,0.010343248955905437,0.010343248955905437,6.57833952573128e-05,0.021422840654850006,0.00015663952199318837
940,0.0008793969172984362,0.0008793969172984362,0.00778411072678864,0.010320045985281467,0.010320045985281467,6.472342647612095e-05,0.021232014521956444,0.00015585566830793863
941,0.000874401448527351,0.000874401448527351,0.007730870973318815,0.010364720597863197,0.010364720597863197,6.640680658165365e-05,0.021512817591428757,0.00015507434469660543
942,0.0008736930321902037,0.0008736930321902037,0.007754180580377579,0.010286228731274605,0.010286228731274605,6.408183253370225e-05,0.021156344562768936,0.00015429555651429316
943,0.0008738773176446557,0.0008738773176446557,0.007682633586227894,0.010316690430045128,0.010316690430045128,6.550081889145076e-05,0.021366406232118607,0.0001535193090987291
944,0.0008755753224249929,0.0008755753224249929,0.007714329287409782,0.010339098051190376,0.010339098051190376,6.593142461497337e-05,0.021443964913487434,0.00015274560777022597
945,0.0008731764974072576,0.0008731764974072576,0.007795288227498531,0.010364389047026634,0.010364389047026634,6.609399133594707e-05,0.021495791152119637,0.0001519744578316461
946,0.0008733135764487088,0.0008733135764487088,0.0077325894962996244,0.010296760126948357,0.010296760126948357,6.443009624490514e-05,0.021220844238996506,0.00015120586456836467
947,0.0008723445644136518,0.0008723445644136518,0.007659610826522112,0.010325461626052856,0.010325461626052856,6.569646939169616e-05,0.021393151953816414,0.00015043983324823402
948,0.0008723736682441086,0.0008723736682441086,0.0077674915082752705,0.010341646149754524,0.010341646149754524,6.531224062200636e-05,0.021360240876674652,0.00014967636912154703
949,0.0008706027874723077,0.0008706027874723077,0.007676133885979652,0.010318461805582047,0.010318461805582047,6.447098712669685e-05,0.021225543692708015,0.0001489154774210012
950,0.0008725290826987475,0.0008725290826987475,0.007745116483420134,0.010345593094825745,0.010345593094825745,6.614557059947401e-05,0.021467991173267365,0.00014815716336166314
951,0.0008714667055755854,0.0008714667055755854,0.007725508883595467,0.010314340703189373,0.010314340703189373,6.462773308157921e-05,0.021253980696201324,0.00014740143214093265
952,0.0008703131170477718,0.0008703131170477718,0.007663144264370203,0.010347275994718075,0.010347275994718075,6.524485070258379e-05,0.021335873752832413,0.00014664828893850676
953,0.0008705535146873444,0.0008705535146873444,0.007740413304418325,0.010347365401685238,0.010347365401685238,6.586595554836094e-05,0.021419038996100426,0.00014589773891634448
954,0.0008681976760271937,0.0008681976760271937,0.007688227342441678,0.010322134010493755,0.010322134010493755,6.48735513095744e-05,0.021269142627716064,0.00014514978721863196
955,0.000867718190420419,0.000867718190420419,0.007638697046786547,0.010322598740458488,0.010322598740458488,6.496597779914737e-05,0.021296756342053413,0.00014440443897174618
956,0.0008674813434481621,0.0008674813434481621,0.007660421309992671,0.010316751897335052,0.010316751897335052,6.492846296168864e-05,0.02128429338335991,0.00014366169928422062
957,0.0008674163836985826,0.0008674163836985826,0.007654307410120964,0.010327368043363094,0.010327368043363094,6.522462354041636e-05,0.021317483857274055,0.00014292157324670982
958,0.0008692700357642025,0.0008692700357642025,0.00774022052064538,0.010357147082686424,0.010357147082686424,6.574808503501117e-05,0.021419892087578773,0.00014218406593195502
959,0.0008666976646054536,0.0008666976646054536,0.007649045437574387,0.010311747901141644,0.010311747901141644,6.433321686927229e-05,0.02119855396449566,0.0001414491823947486
960,0.0008665430941618979,0.0008665430941618979,0.007620713673532009,0.010340996086597443,0.010340996086597443,6.558047607541084e-05,0.021379919722676277,0.00014071692767189998
961,0.0008694020216353238,0.0008694020216353238,0.007816314697265625,0.010327557101845741,0.010327557101845741,6.540729373227805e-05,0.021350737661123276,0.0001399873067822011
962,0.0008680469763930887,0.0008680469763930887,0.007616535294800997,0.010294225066900253,0.010294225066900253,6.422994920285419e-05,0.021186139434576035,0.00013926032472639198
963,0.000866404123371467,0.000866404123371467,0.007624761667102575,0.010379070416092873,0.010379070416092873,6.640098581556231e-05,0.021523460745811462,0.00013853598648712619
964,0.0008699738245923072,0.0008699738245923072,0.00786774093285203,0.010342156514525414,0.010342156514525414,6.502014002762735e-05,0.021289389580488205,0.00013781429702893668
965,0.0008735531300771981,0.0008735531300771981,0.00782747520133853,0.01029270701110363,0.01029270701110363,6.371503695845604e-05,0.02109573781490326,0.0001370952612982025
966,0.0008705116051714867,0.0008705116051714867,0.0077052556443959475,0.010381038300693035,0.010381038300693035,6.715368363074958e-05,0.021644748747348785,0.00013637888422311393
967,0.0008700058388058096,0.0008700058388058096,0.00787644344381988,0.010327015072107315,0.010327015072107315,6.459793075919151e-05,0.021242285147309303,0.0001356651707136392
968,0.0008678682497702539,0.0008678682497702539,0.007664709351956844,0.010310969315469265,0.010310969315469265,6.421322177629918e-05,0.021180259063839912,0.0001349541256614906
969,0.0008644144691061229,0.0008644144691061229,0.007596175651997328,0.010383524000644684,0.010383524000644684,6.701512029394507e-05,0.021613843739032745,0.00013424575394009169
970,0.0008681035251356661,0.0008681035251356661,0.007799030281603336,0.010343420319259167,0.010343420319259167,6.513371772598475e-05,0.021313901990652084,0.0001335400604045427
971,0.0008626321796327829,0.0008626321796327829,0.007608284708112478,0.010330655612051487,0.010330655612051487,6.436987314373255e-05,0.021207965910434723,0.00013283704989158803
972,0.0008633034594822675,0.0008633034594822675,0.007596202893182635,0.010356628336012363,0.010356628336012363,6.584404036402702e-05,0.021423494443297386,0.00013213672721958315
973,0.0008643564360681921,0.0008643564360681921,0.0076945009641349316,0.010336356237530708,0.010336356237530708,6.549785757670179e-05,0.0213613323867321,0.00013143909718846137
974,0.0008626311901025474,0.0008626311901025474,0.00764775974676013,0.010344716720283031,0.010344716720283031,6.516651046695188e-05,0.021323423832654953,0.00013074416457970058
975,0.0008625586342532188,0.0008625586342532188,0.007638271898031235,0.01035220269113779,0.01035220269113779,6.501450116047636e-05,0.02130827307701111,0.00013005193415629106
976,0.0008611607481725514,0.0008611607481725514,0.007608606247231364,0.010358357802033424,0.010358357802033424,6.565039802808315e-05,0.021396653726696968,0.00012936241066270287
977,0.0008614983526058495,0.0008614983526058495,0.007657831301912665,0.01034951489418745,0.01034951489418745,6.549040699610487e-05,0.021357577294111252,0.00012867559882485266
978,0.0008623476605862379,0.0008623476605862379,0.007684630807489157,0.010338176973164082,0.010338176973164082,6.482400931417942e-05,0.021250784397125244,0.00012799150335007184
979,0.0008614259422756732,0.0008614259422756732,0.00760227395221591,0.010336125269532204,0.010336125269532204,6.460060831159353e-05,0.021226469427347183,0.00012731012892707418
980,0.0008612085366621614,0.0008612085366621614,0.007617276627570391,0.0103730708360672,0.0103730708360672,6.578025204362348e-05,0.021416764706373215,0.00012663148022592377
981,0.0008625240006949753,0.0008625240006949753,0.007688727229833603,0.010341087356209755,0.010341087356209755,6.491468957392499e-05,0.021287623792886734,0.00012595556189800284
982,0.0008598330023232847,0.0008598330023232847,0.00760644068941474,0.010356542654335499,0.010356542654335499,6.563120405189693e-05,0.021389074623584747,0.00012528237857597978
983,0.0008605957264080644,0.0008605957264080644,0.007704055868089199,0.01036529429256916,0.01036529429256916,6.542018672917038e-05,0.021362703293561935,0.00012461193487377773
984,0.0008597252308391035,0.0008597252308391035,0.007638248382136226,0.010331012308597565,0.010331012308597565,6.428410415537655e-05,0.021189991384744644,0.00012394423538654298
985,0.0008587909978814423,0.0008587909978814423,0.00756440544500947,0.010356404818594456,0.010356404818594456,6.545099313370883e-05,0.02136952057480812,0.0001232792846906129
986,0.0008586420444771647,0.0008586420444771647,0.007646984653547406,0.01036131288856268,0.01036131288856268,6.547959492309019e-05,0.021377315744757652,0.000122617087343485
987,0.0008584218448959291,0.0008584218448959291,0.007659454131498933,0.010359683074057102,0.010359683074057102,6.516273424495012e-05,0.021320562809705734,0.00012195764788378597
988,0.0008587871852796525,0.0008587871852796525,0.007651536259800196,0.010353611782193184,0.010353611782193184,6.495934212580323e-05,0.021280180662870407,0.00012130097083123988
989,0.0008587740594521165,0.0008587740594521165,0.0075862526427954435,0.010363087058067322,0.010363087058067322,6.508488149847835e-05,0.02130037173628807,0.00012064706068663775
990,0.0008604419999755919,0.0008604419999755919,0.007690046448260546,0.010377894155681133,0.010377894155681133,6.588484393432736e-05,0.02144506759941578,0.00011999592193180642
991,0.0008581606962252408,0.0008581606962252408,0.007585335988551378,0.010344365611672401,0.010344365611672401,6.462945748353377e-05,0.02125231921672821,0.0001193475590295782
992,0.0008583376184105873,0.0008583376184105873,0.0075870060827583075,0.010379803366959095,0.010379803366959095,6.565963849425316e-05,0.021408595144748688,0.00011870197642375958
993,0.0008575806859880686,0.0008575806859880686,0.00764776929281652,0.010369616560637951,0.010369616560637951,6.52427552267909e-05,0.021326616406440735,0.00011805917853910158
994,0.0008574956154916435,0.0008574956154916435,0.007631679531186819,0.01034056767821312,0.01034056767821312,6.453931564465165e-05,0.02121480368077755,0.00011741916978126905
995,0.0008561644935980439,0.0008561644935980439,0.007613889407366514,0.010360760614275932,0.010360760614275932,6.537455192301422e-05,0.021352136507630348,0.00011678195453681021
996,0.0008579895074944943,0.0008579895074944943,0.00765715166926384,0.010347649455070496,0.010347649455070496,6.498303991975263e-05,0.021285882219672203,0.00011614753717312706
997,0.0008570129866711795,0.0008570129866711795,0.007586865220218897,0.010336766019463539,0.010336766019463539,6.427701737266034e-05,0.021187743172049522,0.00011551592203844503
998,0.0008564006711822003,0.0008564006711822003,0.007627800107002258,0.010385370813310146,0.010385370813310146,6.573756400030106e-05,0.02140842378139496,0.00011488711346178371
999,0.0008573519298806787,0.0008573519298806787,0.007698750123381615,0.010355135425925255,0.010355135425925255,6.503226177301258e-05,0.021294787526130676,0.00011426111575292664
1000,0.0008555363456252962,0.0008555363456252962,0.007588287582620978,0.01033304538577795,0.01033304538577795,6.429509085137397e-05,0.021180834621191025,0.00011363793320239197
1001,0.0008584708557464182,0.0008584708557464182,0.007690809899941087,0.010384300723671913,0.010384300723671913,6.562774069607258e-05,0.02139361947774887,0.00011301757008140304
1002,0.0008568764023948461,0.0008568764023948461,0.007658208254724741,0.01037029642611742,0.01037029642611742,6.484897312475368e-05,0.021282261237502098,0.00011240003064185949
1003,0.0008545698947273195,0.0008545698947273195,0.0075739105232059956,0.010373927652835846,0.010373927652835846,6.534662679769099e-05,0.021347656846046448,0.00011178531911630718
1004,0.0008559460693504661,0.0008559460693504661,0.007624278776347637,0.010370691306889057,0.010370691306889057,6.521814793813974e-05,0.021325811743736267,0.0001111734397179102
1005,0.0008557605615351349,0.0008557605615351349,0.007611732231453061,0.010349659249186516,0.010349659249186516,6.439086428144947e-05,0.021187078207731247,0.00011056439664042159
1006,0.0008559069246985018,0.0008559069246985018,0.007647469872608781,0.01036608312278986,0.01036608312278986,6.529387610498816e-05,0.021325277164578438,0.00010995819405815428
1007,0.0008542106079403311,0.0008542106079403311,0.0076341331005096436,0.01034684106707573,0.01034684106707573,6.464893522206694e-05,0.021235337480902672,0.00010935483612595288
1008,0.0008538148540537804,0.0008538148540537804,0.007550740847364068,0.010363668203353882,0.010363668203353882,6.490401574410498e-05,0.02127567119896412,0.00010875432697916504
1009,0.0008530110062565655,0.0008530110062565655,0.007566895801573992,0.010395203717052937,0.010395203717052937,6.57438940834254e-05,0.02141418494284153,0.00010815667073361336
1010,0.0008533148502465338,0.0008533148502465338,0.007625886704772711,0.010380021296441555,0.010380021296441555,6.5362844907213e-05,0.021351732313632965,0.00010756187148556673
1011,0.0008545406453777105,0.0008545406453777105,0.007650038227438927,0.01035597175359726,0.01035597175359726,6.476988346548751e-05,0.021251419559121132,0.00010696993331171266
1012,0.0008535991073586047,0.0008535991073586047,0.0075737545266747475,0.010359430685639381,0.010359430685639381,6.454774847952649e-05,0.021226193755865097,0.00010638086026912896
1013,0.000852965924423188,0.000852965924423188,0.0075905113480985165,0.01039708498865366,0.01039708498865366,6.551318801939487e-05,0.021367935463786125,0.0001057946563952565
1014,0.0008552072395104915,0.0008552072395104915,0.007741343462839723,0.010374060831964016,0.010374060831964016,6.523796764668077e-05,0.021315326914191246,0.00010521132570787084
1015,0.0008534163935109973,0.0008534163935109973,0.00756629416719079,0.010316104628145695,0.010316104628145695,6.358316750265658e-05,0.02106819674372673,0.00010463087220505528
1016,0.0008537393296137452,0.0008537393296137452,0.007534889271482825,0.010380932129919529,0.010380932129919529,6.550479156430811e-05,0.021383468061685562,0.00010405329986517322
1017,0.0008517838723491877,0.0008517838723491877,0.0076123911421746016,0.010402105748653412,0.010402105748653412,6.597695028176531e-05,0.02145961858332157,0.00010347861264684072
1018,0.0008514915825799108,0.0008514915825799108,0.007616308052092791,0.010358490981161594,0.010358490981161594,6.45273394184187e-05,0.021226275712251663,0.00010290681448889955
1019,0.0008517226087860763,0.0008517226087860763,0.007537071593105793,0.010357130318880081,0.010357130318880081,6.456814298871905e-05,0.02122151292860508,0.00010233790931039032
1020,0.0008510375046171248,0.0008510375046171248,0.007560195401310921,0.010394477285444736,0.010394477285444736,6.560582551173866e-05,0.02136950008571148,0.0001017719010105255
1021,0.0008523932192474604,0.0008523932192474604,0.007712133694440126,0.010385077446699142,0.010385077446699142,6.518542795674875e-05,0.02130422554910183,0.00010120879346866256
1022,0.0008490256150253117,0.0008490256150253117,0.0075546614825725555,0.01035181526094675,0.01035181526094675,6.400793790817261e-05,0.02113202214241028,0.00010064859054427746
1023,0.00085103974561207,0.00085103974561207,0.007544192485511303,0.010370636358857155,0.010370636358857155,6.487905193353072e-05,0.021262917667627335,0.00010009129607693832
1024,0.0008495674701407552,0.0008495674701407552,0.007582781603559852,0.010387918911874294,0.010387918911874294,6.561840564245358e-05,0.0213827695697546,9.953691388627918e-05
1025,0.0008526077726855874,0.0008526077726855874,0.0077120051719248295,0.010368173010647297,0.010368173010647297,6.472472887253389e-05,0.021245278418064117,9.898544777197328e-05
1026,0.000851974036777392,0.000851974036777392,0.007584793958812952,0.01033529918640852,0.01033529918640852,6.362969725159928e-05,0.0210783202201128,9.843690151370771e-05
1027,0.0008504365105181932,0.0008504365105181932,0.007555192802101374,0.01040933933109045,0.01040933933109045,6.593904254259542e-05,0.02143697813153267,9.789127887115725e-05
1028,0.0008506500744260848,0.0008506500744260848,0.007648603990674019,0.010402587242424488,0.010402587242424488,6.548091187141836e-05,0.021368075162172318,9.734858358395826e-05
1029,0.0008513114007655531,0.0008513114007655531,0.007604541489854455,0.010365205816924572,0.010365205816924572,6.413448136299849e-05,0.02116275578737259,9.680881937168352e-05
1030,0.0008504011784680188,0.0008504011784680188,0.00757354823872447,0.010395647957921028,0.010395647957921028,6.572124402737245e-05,0.021396130323410034,9.627198993381637e-05
1031,0.0008494945359416306,0.0008494945359416306,0.007583515020087361,0.010382204316556454,0.010382204316556454,6.528425001306459e-05,0.021324723958969116,9.573809894972587e-05
1032,0.000848564668558538,0.000848564668558538,0.007588214706629515,0.010385025292634964,0.010385025292634964,6.488341023214161e-05,0.021277649328112602,9.520715007864097e-05
1033,0.0008479929529130459,0.0008479929529130459,0.007536806399002671,0.010380304418504238,0.010380304418504238,6.448266503866762e-05,0.021217258647084236,9.46791469596257e-05
1034,0.0008485718572046608,0.0008485718572046608,0.007547434419393539,0.010395674034953117,0.010395674034953117,6.528949597850442e-05,0.021332228556275368,9.415409321155435e-05
1035,0.0008475378272123635,0.0008475378272123635,0.007565230131149292,0.010390040464699268,0.010390040464699268,6.516958819702268e-05,0.02130606211721897,9.363199243308662e-05
1036,0.0008473471971228719,0.0008473471971228719,0.007588664768263698,0.010391196236014366,0.010391196236014366,6.507506623165682e-05,0.021299900487065315,9.31128482026426e-05
1037,0.0008472306944895536,0.0008472306944895536,0.00758436624892056,0.010389699600636959,0.010389699600636959,6.498854781966656e-05,0.021287795156240463,9.259666407837888e-05
1038,0.0008469870081171393,0.0008469870081171393,0.007574121467769146,0.010383356362581253,0.010383356362581253,6.478384602814913e-05,0.021249305456876755,9.208344359816365e-05
1039,0.0008463684935122728,0.0008463684935122728,0.007534535834565759,0.01038328092545271,0.01038328092545271,6.476139242295176e-05,0.02124481275677681,9.157319027955257e-05
1040,0.0008483644051011652,0.0008483644051011652,0.007559006102383137,0.010389951057732105,0.010389951057732105,6.49564026389271e-05,0.021274130791425705,9.106590761976478e-05
1041,0.0008457631920464337,0.0008457631920464337,0.007553879637271166,0.010420795530080795,0.010420795530080795,6.593322905246168e-05,0.021428026258945465,9.056159909565868e-05
1042,0.0008469385793432593,0.0008469385793432593,0.00762101449072361,0.010378529317677021,0.010378529317677021,6.445353210438043e-05,0.021189838647842407,9.006026816370866e-05
1043,0.0008460624085273594,0.0008460624085273594,0.007544206455349922,0.010366166941821575,0.010366166941821575,6.417730764951557e-05,0.021147998049855232,8.956191825998066e-05
1044,0.0008469793829135597,0.0008469793829135597,0.007547726621851325,0.010384569875895977,0.010384569875895977,6.48396962787956e-05,0.02124689891934395,8.90665528001092e-05
1045,0.0008451583853457123,0.0008451583853457123,0.007569143548607826,0.010403653606772423,0.010403653606772423,6.545474752783775e-05,0.021358978003263474,8.85741751792735e-05
1046,0.000845457601826638,0.000845457601826638,0.007576359203085303,0.010384096764028072,0.010384096764028072,6.471328379120678e-05,0.021252965554594994,8.808478877217474e-05
1047,0.0008457328949589282,0.0008457328949589282,0.007532227784395218,0.010382804088294506,0.010382804088294506,6.469724758062512e-05,0.021253500133752823,8.75983969330127e-05
1048,0.0008452387992292643,0.0008452387992292643,0.007534059230238199,0.010412076488137245,0.010412076488137245,6.549879617523402e-05,0.021379880607128143,8.711500299546234e-05
1049,0.0008448190055787563,0.0008448190055787563,0.007561726728454232,0.010406549088656902,0.010406549088656902,6.497069989563897e-05,0.021290019154548645,8.663461027265183e-05
1050,0.0008449396409559995,0.0008449396409559995,0.007555298274382949,0.010389646515250206,0.010389646515250206,6.455102993641049e-05,0.02120150253176689,8.615722205713893e-05
1051,0.0008446445281151682,0.0008446445281151682,0.007563083432614803,0.010399779304862022,0.010399779304862022,6.49968278594315e-05,0.021269740536808968,8.568284162088912e-05
1052,0.000846475682919845,0.000846475682919845,0.007573363836854696,0.010385408997535706,0.010385408997535706,6.466427294071764e-05,0.021224461495876312,8.521147221525264e-05
1053,0.0008442771795671433,0.0008442771795671433,0.0075393859297037125,0.0104093411937356,0.0104093411937356,6.525860953843221e-05,0.021330708637833595,8.474311707094275e-05
1054,0.0008444412960670888,0.0008444412960670888,0.0075714001432061195,0.010403844527900219,0.010403844527900219,6.481217860709876e-05,0.02127152867615223,8.427777939801318e-05
1055,0.0008445237763226032,0.0008445237763226032,0.007559289690107107,0.01038535125553608,0.01038535125553608,6.454398680943996e-05,0.021224137395620346,8.381546238583621e-05
1056,0.0008439686498604715,0.0008439686498604715,0.007495531812310219,0.010384747758507729,0.010384747758507729,6.463895260822028e-05,0.02122955024242401,8.335616920308072e-05
1057,0.0008462389232590795,0.0008462389232590795,0.007609808351844549,0.010422189719974995,0.010422189719974995,6.559991015819833e-05,0.021381771191954613,8.289990299769094e-05
1058,0.00084500084631145,0.00084500084631145,0.007601969875395298,0.010390441864728928,0.010390441864728928,6.429696077248082e-05,0.021171262487769127,8.244666689686438e-05
1059,0.0008443369879387319,0.0008443369879387319,0.007536917692050338,0.010400432161986828,0.010400432161986828,6.486520578619093e-05,0.02125738561153412,8.199646400703035e-05
1060,0.0008422905812039971,0.0008422905812039971,0.007529217284172773,0.010406163521111012,0.010406163521111012,6.54698524158448e-05,0.02136054076254368,8.154929741382928e-05
1061,0.0008452792244497687,0.0008452792244497687,0.007578022079542279,0.010385653004050255,0.010385653004050255,6.469674553954974e-05,0.021248096600174904,8.110517018209074e-05
1062,0.000842757144710049,0.000842757144710049,0.007506630849093199,0.010404374450445175,0.010404374450445175,6.49202847853303e-05,0.02128424495458603,8.066408535581314e-05
1063,0.00084190524648875,0.00084190524648875,0.007545702392235398,0.010395575314760208,0.010395575314760208,6.461239536292851e-05,0.02121821977198124,8.022604595814239e-05
1064,0.0008429935260210186,0.0008429935260210186,0.007577354554086924,0.010400829836726189,0.010400829836726189,6.48427230771631e-05,0.021249031648039818,7.979105499135165e-05
1065,0.0008421776874456555,0.0008421776874456555,0.007539556361734867,0.010399787686765194,0.010399787686765194,6.458967982325703e-05,0.021208733320236206,7.935911543682016e-05
1066,0.0008419978257734329,0.0008419978257734329,0.007512526819482446,0.010416283272206783,0.010416283272206783,6.512222171295434e-05,0.021301785483956337,7.893023025501332e-05
1067,0.0008414882468059659,0.0008414882468059659,0.007529648020863533,0.010418706573545933,0.010418706573545933,6.52547532808967e-05,0.021325282752513885,7.850440238546205e-05
1068,0.0008412149036303163,0.0008412149036303163,0.007551461923867464,0.010395987890660763,0.010395987890660763,6.457332347054034e-05,0.021217457950115204,7.808163474674299e-05
1069,0.0008419435762334615,0.0008419435762334615,0.0075444604735821486,0.010379746556282043,0.010379746556282043,6.416082032956183e-05,0.021137800067663193,7.766193023645818e-05
1070,0.0008412724127992988,0.0008412724127992988,0.00752126076258719,0.010400212369859219,0.010400212369859219,6.49101275485009e-05,0.021271733567118645,7.724529173121533e-05
1071,0.0008407710993196815,0.0008407710993196815,0.007541213417425752,0.010420811362564564,0.010420811362564564,6.532813131343573e-05,0.021348129957914352,7.683172208660811e-05
1072,0.0008410077134612948,0.0008410077134612948,0.007541998289525509,0.010407611727714539,0.010407611727714539,6.478890281869099e-05,0.021260056644678116,7.64212241371966e-05
1073,0.0008404866966884583,0.0008404866966884583,0.007504593348130584,0.010400542989373207,0.010400542989373207,6.462597229983658e-05,0.02122817374765873,7.601380069648772e-05
1074,0.0008413530013058335,0.0008413530013058335,0.007496293867006898,0.010399037040770054,0.010399037040770054,6.467064667958766e-05,0.021222062408924103,7.560945455691606e-05
1075,0.0008397739438805729,0.0008397739438805729,0.007522643776610494,0.010423434898257256,0.010423434898257256,6.546821532538161e-05,0.02135797217488289,7.520818848982493e-05
1076,0.0008413892064709216,0.0008413892064709216,0.007577747572213411,0.010403208434581757,0.010403208434581757,6.470973312389106e-05,0.02124222368001938,7.481000524544694e-05
1077,0.0008397760684601963,0.0008397760684601963,0.0075376436579972506,0.010407810099422932,0.010407810099422932,6.485890480689704e-05,0.021259864792227745,7.441490755288545e-05
1078,0.0008394787437282503,0.0008394787437282503,0.007529055699706078,0.010400966741144657,0.010400966741144657,6.467171624535695e-05,0.02122754417359829,7.40228981200958e-05
1079,0.0008392733579967171,0.0008392733579967171,0.007498323917388916,0.0103933559730649,0.0103933559730649,6.446612678701058e-05,0.021198678761720657,7.363397963386676e-05
1080,0.0008399403304792941,0.0008399403304792941,0.007490165298804641,0.010399647988379002,0.010399647988379002,6.475229747593403e-05,0.02123834565281868,7.324815475980216e-05
1081,0.0008398819481953979,0.0008398819481953979,0.007550994865596294,0.010431317612528801,0.010431317612528801,6.554297578986734e-05,0.02137279510498047,7.286542614230237e-05
1082,0.0008397259516641498,0.0008397259516641498,0.007556656375527382,0.010401973500847816,0.010401973500847816,6.449203647207469e-05,0.021212266758084297,7.248579640454658e-05
1083,0.000841713888803497,0.000841713888803497,0.00750319822691381,0.01038416475057602,0.01038416475057602,6.415358802769333e-05,0.021145930513739586,7.21092681484745e-05
1084,0.0008389893046114594,0.0008389893046114594,0.0074828932993113995,0.01041997317224741,0.01041997317224741,6.556900916621089e-05,0.02137288823723793,7.173584395476858e-05
1085,0.0008395684126298875,0.0008395684126298875,0.007575027644634247,0.010422894731163979,0.010422894731163979,6.532423867611215e-05,0.021337460726499557,7.136552638283643e-05
1086,0.0008388123533222824,0.0008388123533222824,0.007558809127658606,0.01040620543062687,0.01040620543062687,6.444569589802995e-05,0.021216049790382385,7.099831797079326e-05
1087,0.0008390278089791536,0.0008390278089791536,0.007507059723138809,0.010408114641904831,0.010408114641904831,6.46068001515232e-05,0.02123217098414898,7.063422123544448e-05
1088,0.0008385916298720986,0.0008385916298720986,0.007531726965680718,0.010408670641481876,0.010408670641481876,6.505179771920666e-05,0.021287333220243454,7.027323867226813e-05
1089,0.0008382897649426013,0.0008382897649426013,0.007542392238974571,0.010398314334452152,0.010398314334452152,6.479446892626584e-05,0.021247344091534615,6.99153727553985e-05
1090,0.0008381044317502528,0.0008381044317502528,0.007501645945012569,0.010399297811090946,0.010399297811090946,6.464104808401316e-05,0.021219084039330482,6.956062593760838e-05
1091,0.00083722616545856,0.00083722616545856,0.007503153523430228,0.010414769873023033,0.010414769873023033,6.478215800598264e-05,0.021252265200018883,6.920900065029282e-05
1092,0.000838788109831512,0.000838788109831512,0.007537955418229103,0.010420694947242737,0.010420694947242737,6.487332575488836e-05,0.02127155102789402,6.886049930345211e-05
1093,0.0008382291125599295,0.0008382291125599295,0.007500027772039175,0.010391050949692726,0.010391050949692726,6.416172254830599e-05,0.021147888153791428,6.851512428567553e-05
1094,0.0008388634887523949,0.0008388634887523949,0.007495188154280186,0.010397341102361679,0.010397341102361679,6.469038635259494e-05,0.021223651245236397,6.817287796412468e-05
1095,0.0008381355437450111,0.0008381355437450111,0.007569937035441399,0.01043867040425539,0.01043867040425539,6.584926450159401e-05,0.021419594064354897,6.783376268451766e-05
1096,0.0008381469233427197,0.0008381469233427197,0.007590324617922306,0.010409032925963402,0.010409032925963402,6.455757829826325e-05,0.021229781210422516,6.749778077111247e-05
1097,0.0008376810583285987,0.0008376810583285987,0.007487678434699774,0.010384506545960903,0.010384506545960903,6.384839798556641e-05,0.02111031487584114,6.716493452669165e-05
1098,0.0008367748523596674,0.0008367748523596674,0.007452929858118296,0.010408858768641949,0.010408858768641949,6.486137135652825e-05,0.02126365527510643,6.683522623254604e-05
1099,0.0008378258207812905,0.0008378258207812905,0.007557952078059316,0.010438776575028896,0.010438776575028896,6.584500806638971e-05,0.021416984498500824,6.650865814845932e-05
1100,0.0008372190059162676,0.0008372190059162676,0.007551919901743531,0.010412253439426422,0.010412253439426422,6.453530659200624e-05,0.02121259830892086,6.618523251269263e-05
1101,0.0008376939804293215,0.0008376939804293215,0.007479235762730241,0.01039810199290514,0.01039810199290514,6.390006456058472e-05,0.021111108362674713,6.586495154196912e-05
1102,0.0008367773843929172,0.0008367773843929172,0.007497689686715603,0.01042298972606659,0.01042298972606659,6.513048720080405e-05,0.02129795402288437,6.554781743145862e-05
1103,0.0008377592021133751,0.0008377592021133751,0.007608138024806976,0.010427341796457767,0.010427341796457767,6.54926334391348e-05,0.0213560052216053,6.523383235476278e-05
1104,0.0008364147506654263,0.0008364147506654263,0.0075109165627509356,0.010389399714767933,0.010389399714767933,6.397129618562758e-05,0.02112119272351265,6.49229984639003e-05
1105,0.00083639842341654,0.00083639842341654,0.007463717134669423,0.010407507419586182,0.010407507419586182,6.445467442972586e-05,0.021203497424721718,6.461531788929177e-05
1106,0.0008362201333511621,0.0008362201333511621,0.007525093853473663,0.010442622937262058,0.010442622937262058,6.552034028572962e-05,0.02137727662920952,6.431079273974535e-05
1107,0.0008356900070793927,0.0008356900070793927,0.007540595252066851,0.010413394309580326,0.010413394309580326,6.463417958002537e-05,0.02122969925403595,6.400942510244239e-05
1108,0.0008350179414264858,0.0008350179414264858,0.00748777948319912,0.010410424321889877,0.010410424321889877,6.459723954321817e-05,0.021220989525318146,6.371121704292297e-05
1109,0.0008345749229192734,0.0008345749229192734,0.007474938407540321,0.010407570749521255,0.010407570749521255,6.458069401560351e-05,0.02120998315513134,6.341617060507163e-05
1110,0.0008355184691026807,0.0008355184691026807,0.007528642658144236,0.010419797152280807,0.010419797152280807,6.484684126917273e-05,0.021252067759633064,6.312428781110369e-05
1111,0.0008359037747140974,0.0008359037747140974,0.007513626478612423,0.010401754640042782,0.010401754640042782,6.425501487683505e-05,0.02115759253501892,6.283557066155111e-05
1112,0.0008350595599040389,0.0008350595599040389,0.007476449012756348,0.010413585230708122,0.010413585230708122,6.469299842137843e-05,0.021227963268756866,6.255002113524892e-05
1113,0.0008341321372427046,0.0008341321372427046,0.007483012275770307,0.010427645407617092,0.010427645407617092,6.524469063151628e-05,0.021323569118976593,6.226764118932163e-05
1114,0.0008361815998796374,0.0008361815998796374,0.007552452851086855,0.010426733642816544,0.010426733642816544,6.501279131043702e-05,0.02128951996564865,6.198843275916973e-05
1115,0.0008337510516867042,0.0008337510516867042,0.007492625154554844,0.010399919003248215,0.010399919003248215,6.402180588338524e-05,0.021135246381163597,6.171239775845655e-05
1116,0.0008350062416866422,0.0008350062416866422,0.007460220716893673,0.010400062426924706,0.010400062426924706,6.419263081625104e-05,0.021156348288059235,6.143953807909508e-05
1117,0.0008337379258591682,0.0008337379258591682,0.007472684606909752,0.010432729497551918,0.010432729497551918,6.529489473905414e-05,0.021322954446077347,6.116985559123498e-05
1118,0.0008341885404661298,0.0008341885404661298,0.007533869706094265,0.010438644327223301,0.010438644327223301,6.537548324558884e-05,0.02133854106068611,6.090335214324984e-05
1119,0.0008340903150383383,0.0008340903150383383,0.007522467523813248,0.0104209054261446,0.0104209054261446,6.470747757703066e-05,0.021239127963781357,6.064002956172453e-05
1120,0.0008336924074683338,0.0008336924074683338,0.007464947644621134,0.010401176288723946,0.010401176288723946,6.392480281647295e-05,0.02111845836043358,6.037988965144241e-05
1121,0.0008344644447788596,0.0008344644447788596,0.007448400370776653,0.010415022261440754,0.010415022261440754,6.455130642279983e-05,0.02120550535619259,6.012293419537334e-05
1122,0.000834102655062452,0.000834102655062452,0.00755283934995532,0.010445170104503632,0.010445170104503632,6.574061990249902e-05,0.021390115842223167,5.986916495466128e-05
1123,0.000834582227980718,0.000834582227980718,0.007582873338833451,0.010416855104267597,0.010416855104267597,6.467824277933687e-05,0.02123083546757698,5.961858366861222e-05
1124,0.0008336611499544233,0.0008336611499544233,0.007462485693395138,0.010395163670182228,0.010395163670182228,6.375342491082847e-05,0.02109449729323387,5.937119205468223e-05
1125,0.0008340726199094206,0.0008340726199094206,0.007439879467710853,0.010420911945402622,0.010420911945402622,6.471046071965247e-05,0.02124127373099327,5.91269918084656e-05
1126,0.0008334487210959196,0.0008334487210959196,0.0075472157914191484,0.010453728958964348,0.010453728958964348,6.590304838027805e-05,0.021421317011117935,5.8885984603683615e-05
1127,0.0008341545180883259,0.0008341545180883259,0.0075641293078660965,0.010418153367936611,0.010418153367936611,6.463175668613985e-05,0.021219201385974884,5.864817209217264e-05
1128,0.0008321941131725907,0.0008321941131725907,0.007457744795829058,0.010400064289569855,0.010400064289569855,6.401028076652437e-05,0.021126484498381615,5.8413555903872954e-05
1129,0.0008327168179675937,0.0008327168179675937,0.007452742196619511,0.010427582077682018,0.010427582077682018,6.481891614384949e-05,0.02125556394457817,5.818213764681764e-05
1130,0.0008319167536683381,0.0008319167536683381,0.007491619326174259,0.010440998710691929,0.010440998710691929,6.520647730212659e-05,0.02131510153412819,5.795391890712165e-05
1131,0.0008325759554281831,0.0008325759554281831,0.007522269384935498,0.010416842997074127,0.010416842997074127,6.439870048779994e-05,0.021188121289014816,5.772890124897052e-05
1132,0.000831589539302513,0.000831589539302513,0.007466571405529976,0.010421398095786572,0.010421398095786572,6.458519783336669e-05,0.02121000364422798,5.750708621461015e-05
1133,0.0008315836603287607,0.0008315836603287607,0.007475495338439941,0.010430091060698032,0.010430091060698032,6.484342156909406e-05,0.021252626553177834,5.7288475324335926e-05
1134,0.0008313848229590803,0.0008313848229590803,0.007485722191631794,0.010424706153571606,0.010424706153571606,6.461232987930998e-05,0.02121194452047348,5.707307007648245e-05
1135,0.0008316757739521563,0.0008316757739521563,0.0074739602860063314,0.010422837920486927,0.010422837920486927,6.445534381782636e-05,0.021195754408836365,5.686087194741311e-05
1136,0.0008312402933370322,0.0008312402933370322,0.007459617685526609,0.010431278496980667,0.010431278496980667,6.478426075773314e-05,0.021246766671538353,5.665188239151017e-05
1137,0.0008313669241033494,0.0008313669241033494,0.0075035374611616135,0.010442346334457397,0.010442346334457397,6.525796197820455e-05,0.02132469415664673,5.64461028411647e-05
1138,0.0008316336025018245,0.0008316336025018245,0.00751224160194397,0.010426612570881844,0.010426612570881844,6.489869701908901e-05,0.021268215030431747,5.624353470676659e-05
1139,0.0008312466670759022,0.0008312466670759022,0.007459726650267839,0.010403614491224289,0.010403614491224289,6.409374327631667e-05,0.02114381082355976,5.604417937669519e-05
1140,0.0008319688204210252,0.0008319688204210252,0.007457959931343794,0.010426350869238377,0.010426350869238377,6.460279109887779e-05,0.021220074966549873,5.5848038217309645e-05
1141,0.0008304815273731947,0.0008304815273731947,0.007473280420526862,0.010442494414746761,0.010442494414746761,6.517916335724294e-05,0.021304190158843994,5.565511257293943e-05
1142,0.0008315962040796876,0.0008315962040796876,0.007524582324549556,0.010420529171824455,0.010420529171824455,6.454675167333335e-05,0.021201390773057938,5.546540376587535e-05
1143,0.0008305893279612064,0.0008305893279612064,0.007464803056791425,0.010415095835924149,0.010415095835924149,6.439450953621417e-05,0.02118023671209812,5.5278913096360385e-05
1144,0.0008307544630952179,0.0008307544630952179,0.007469177013263106,0.010429196059703827,0.010429196059703827,6.492404645541683e-05,0.021262405440211296,5.509564184258057e-05
1145,0.0008307502139359713,0.0008307502139359713,0.0074997893534600735,0.010434141382575035,0.010434141382575035,6.475072586908937e-05,0.0212471392005682,5.491559126065666e-05
1146,0.0008297383901663125,0.0008297383901663125,0.007456726394593716,0.01043445710092783,0.01043445710092783,6.467616185545921e-05,0.021234793588519096,5.473876258463519e-05
1147,0.0008299837936647236,0.0008299837936647236,0.007470997283235192,0.010432635433971882,0.010432635433971882,6.476652924902737e-05,0.02123723179101944,5.4565157026480045e-05
1148,0.0008296355954371393,0.0008296355954371393,0.007477996172383428,0.010421977378427982,0.010421977378427982,6.45663749310188e-05,0.021199537441134453,5.4394775776064313e-05
1149,0.0008299656037706882,0.0008299656037706882,0.00747566157951951,0.010424944572150707,0.010424944572150707,6.461975135607645e-05,0.02120990864932537,5.4227620001162025e-05
1150,0.0008303401118610054,0.0008303401118610054,0.007462261943146586,0.010419497266411781,0.010419497266411781,6.433541420847178e-05,0.0211765319108963,5.406369084744009e-05
1151,0.0008295594598166645,0.0008295594598166645,0.0074623944237828255,0.010446663945913315,0.010446663945913315,6.516331632155925e-05,0.02130531705915928,5.3902989438450625e-05
1152,0.0008295552106574178,0.0008295552106574178,0.007504603359848261,0.010440406389534473,0.010440406389534473,6.481618038378656e-05,0.021245300769805908,5.374551687562308e-05
1153,0.000828740798169747,0.000828740798169747,0.0074668992310762405,0.010428772307932377,0.010428772307932377,6.429807399399579e-05,0.02116609551012516,5.359127423825671e-05
1154,0.0008290411788038909,0.0008290411788038909,0.007457747822627425,0.010424166917800903,0.010424166917800903,6.445398321375251e-05,0.02119257301092148,5.344026258351339e-05
1155,0.0008297860040329397,0.0008297860040329397,0.007479052292183042,0.010428358800709248,0.010428358800709248,6.483894685516134e-05,0.021255772560834885,5.3292482946410026e-05
1156,0.0008290542755275965,0.0008290542755275965,0.007471156772226095,0.01043318584561348,0.01043318584561348,6.476188718806952e-05,0.021251723170280457,5.31479363398117e-05
1157,0.0008288003446068615,0.0008288003446068615,0.007444749120622873,0.010433383285999298,0.010433383285999298,6.443528400268406e-05,0.021199893206357956,5.3006623754424726e-05
1158,0.0008292394632007927,0.0008292394632007927,0.007470743265002966,0.010443250648677349,0.010443250648677349,6.475440750364214e-05,0.021241173148155212,5.2868546158789644e-05
1159,0.0008283422503154725,0.0008283422503154725,0.007478591287508607,0.01043087337166071,0.01043087337166071,6.462852616095915e-05,0.02120489627122879,5.2733704499274955e-05
1160,0.0008292297716252506,0.0008292297716252506,0.007482221350073814,0.010418293997645378,0.010418293997645378,6.434321403503418e-05,0.021166812628507614,5.260209970007019e-05
1161,0.0008286142256110907,0.0008286142256110907,0.0074273222126066685,0.010428461246192455,0.010428461246192455,6.460367876570672e-05,0.021213775500655174,5.2473732663179926e-05
1162,0.0008280995534732938,0.0008280995534732938,0.0074505675584077835,0.010447034612298012,0.010447034612298012,6.488760118372738e-05,0.02126350626349449,5.234860426841754e-05
1163,0.0008285288349725306,0.0008285288349725306,0.007486456073820591,0.010444982908666134,0.010444982908666134,6.473342364188284e-05,0.02123817801475525,5.2226715373398944e-05
1164,0.0008287539531011134,0.0008287539531011134,0.007472705096006393,0.01042361930012703,0.01042361930012703,6.406093598343432e-05,0.02113068290054798,5.2108066813537e-05
1165,0.0008282434428110719,0.0008282434428110719,0.007435646839439869,0.010443476028740406,0.010443476028740406,6.483848846983165e-05,0.021247927099466324,5.199265940203566e-05
1166,0.0008273723360616714,0.0008273723360616714,0.007477122824639082,0.010446542873978615,0.010446542873978615,6.510215462185442e-05,0.021283205598592758,5.188049392988447e-05
1167,0.000828100717626512,0.000828100717626512,0.007491317810490727,0.010424152947962284,0.010424152947962284,6.434693932533264e-05,0.021163424476981163,5.1771571165852905e-05
1168,0.0008275766740553081,0.0008275766740553081,0.007456557359546423,0.010430705733597279,0.010430705733597279,6.45850959699601e-05,0.021211933344602585,5.1665891856485427e-05
1169,0.0008273066487163305,0.0008273066487163305,0.007456681225448847,0.010432078503072262,0.010432078503072262,6.452890374930575e-05,0.021203400567173958,5.156345672609624e-05
1170,0.0008272329578176141,0.0008272329578176141,0.00745750404894352,0.010436201468110085,0.010436201468110085,6.472079257946461e-05,0.021238071843981743,5.146426647676422e-05
1171,0.0008266741933766752,0.0008266741933766752,0.007449013646692038,0.01044524647295475,0.01044524647295475,6.498950824607164e-05,0.021281270310282707,5.1368321788328216e-05
1172,0.0008268581295851618,0.0008268581295851618,0.007466428447514772,0.01044311560690403,0.01044311560690403,6.472023960668594e-05,0.021233713254332542,5.127562331838241e-05
1173,0.0008272863924503326,0.0008272863924503326,0.0074473354034125805,0.010428952053189278,0.010428952053189278,6.420409772545099e-05,0.021142946556210518,5.118617170227173e-05
1174,0.0008268507954198867,0.0008268507954198867,0.007448237854987383,0.010436033830046654,0.010436033830046654,6.456987466663122e-05,0.02119775116443634,5.109996755308749e-05
1175,0.000826633011456579,0.000826633011456579,0.007494681281968951,0.010450907982885838,0.010450907982885838,6.51700102025643e-05,0.02129976451396942,5.101701146166335e-05
1176,0.000826974050141871,0.000826974050141871,0.007480833912268281,0.010431334376335144,0.010431334376335144,6.441175355575979e-05,0.02118520438671112,5.093730399657101e-05
1177,0.000826041359687224,0.000826041359687224,0.007414028514176607,0.010436411015689373,0.010436411015689373,6.439169374061748e-05,0.021190643310546875,5.086084570411652e-05
1178,0.0008260969188995659,0.0008260969188995659,0.007416142150759697,0.010445797815918922,0.010445797815918922,6.470138760050759e-05,0.021241579204797745,5.0787637108336547e-05
1179,0.000825728289783001,0.000825728289783001,0.007437542080879211,0.010452128946781158,0.010452128946781158,6.490186206065118e-05,0.021266262978315353,5.071767871099448e-05
1180,0.0008261266630142927,0.0008261266630142927,0.007478073937818408,0.010448471643030643,0.010448471643030643,6.483845936600119e-05,0.021247368305921555,5.0650970991577424e-05
1181,0.0008256564906332642,0.0008256564906332642,0.007451565470546484,0.01043179165571928,0.01043179165571928,6.427149492083117e-05,0.02115122601389885,5.058751440729254e-05
1182,0.000825520750368014,0.000825520750368014,0.007426408585160971,0.0104371951892972,0.0104371951892972,6.448589556384832e-05,0.021185286343097687,5.0527309393064295e-05
1183,0.0008259082387667149,0.0008259082387667149,0.00744189228862524,0.010450683534145355,0.010450683534145355,6.494028639281169e-05,0.0212625190615654,5.047035636153093e-05
1184,0.000826981064165011,0.000826981064165011,0.0074815708212554455,0.01044388860464096,0.01044388860464096,6.454547110479325e-05,0.02120603248476982,5.0416655703042264e-05
1185,0.0008254211279563606,0.0008254211279563606,0.007428408600389957,0.010448717512190342,0.010448717512190342,6.469355139415711e-05,0.021226726472377777,5.036620778565662e-05
1186,0.0008248900412581861,0.0008248900412581861,0.007454057224094868,0.010456373915076256,0.010456373915076256,6.503312761196867e-05,0.021274350583553314,5.031901295513829e-05
1187,0.0008251123945228755,0.0008251123945228755,0.0074706154409796,0.010442656464874744,0.010442656464874744,6.456297705881298e-05,0.021199697628617287,5.027507153495538e-05
1188,0.0008258507878053933,0.0008258507878053933,0.007485635345801711,0.010438524186611176,0.010438524186611176,6.445349572459236e-05,0.02117898315191269,5.023438382627749e-05
1189,0.0008247191726695746,0.0008247191726695746,0.007424953859299421,0.010429936461150646,0.010429936461150646,6.413153460016474e-05,0.02113403007388115,5.019695010797366e-05
1190,0.0008247129444498569,0.0008247129444498569,0.007415494881570339,0.010447057895362377,0.010447057895362377,6.474408291978762e-05,0.021236872300505638,5.01627706366103e-05
1191,0.0008249322127085179,0.0008249322127085179,0.0074650440365076065,0.010466058738529682,0.010466058738529682,6.520384340547025e-05,0.02131144516170025,5.0131845646449734e-05
1192,0.0008248235390055925,0.0008248235390055925,0.007469553500413895,0.010450259782373905,0.010450259782373905,6.476540875155479e-05,0.0212433859705925,5.010417534944839e-05
1193,0.0008254815766122192,0.0008254815766122192,0.007446658331900835,0.010420621372759342,0.010420621372759342,6.39042555121705e-05,0.021106651052832603,5.0079759935255375e-05
1194,0.0008249876264017075,0.0008249876264017075,0.007389984093606472,0.01043809112161398,0.01043809112161398,6.450586079154164e-05,0.021196410059928894,5.005859957121122e-05
1195,0.0008242008625529706,0.0008242008625529706,0.007463988848030567,0.010467533953487873,0.010467533953487873,6.546312943100929e-05,0.021348513662815094,5.0040694402346674e-05
1196,0.0008253949927166104,0.0008253949927166104,0.007521333638578653,0.010451281443238258,0.010451281443238258,6.470514927059412e-05,0.021227870136499405,5.0026044551381734e-05
1197,0.0008240418683271855,0.0008240418683271855,0.007456925697624683,0.010438036173582077,0.010438036173582077,6.426588515751064e-05,0.02115778811275959,5.001465011872491e-05
1198,0.0008239119488280267,0.0008239119488280267,0.007411506259813905,0.010433749295771122,0.010433749295771122,6.433125236071646e-05,0.021171066910028458,5.0006511182472296e-05
1199,0.0008240703900810331,0.0008240703900810331,0.007399780210107565,0.01044472586363554,0.01044472586363554,6.467799539677799e-05,0.021221719682216644,5.000162779840723e-05
1200,0.0008238814189098775,0.0008238814189098775,0.0074212271720170975,0.01046279352158308,0.01046279352158308,6.501342431874946e-05,0.021281635388731956,5e-05
