epoch,train_loss,train_mse,train_pde_mse,train_pde_mse_absolute,train_state_rel_l2,val_loss,val_pde_mse,val_pde_mse_absolute,val_state_mse,val_mse,val_state_rel_l2,test_loss,test_mse,test_pde_mse,test_pde_mse_absolute,test_state_rel_l2,lr
1,0.3705650418996811,0.31895454227924347,1.0322099924087524,435289.78125,1.1783495545387268,0.33285051584243774,0.850475549697876,358651.1875,0.2903267443180084,0.2903267443180084,1.172133207321167,0.274648517370224,0.24024708569049835,0.6880285739898682,290146.15625,1.1153459548950195,0.0009999983722015927
2,0.3695288747549057,0.3179308623075485,1.0319601893424988,435184.453125,1.1758885979652405,0.33201247453689575,0.85029536485672,358575.15625,0.2894977033138275,0.2894977033138275,1.1702139377593994,0.27381840348243713,0.23942597210407257,0.687848687171936,290070.34375,1.113093614578247,0.0009999934888175275
3,0.3687385320663452,0.31715086102485657,1.0317534804344177,435097.296875,1.1740555167198181,0.33142733573913574,0.8501589894294739,358517.65625,0.2889193892478943,0.2889193892478943,1.1688766479492188,0.27324584126472473,0.23885975778102875,0.687721848487854,290016.84375,1.1115466356277466,0.0009999853498812749
4,0.36819709837436676,0.3166182339191437,1.0315773785114288,435022.984375,1.1729305982589722,0.3310908079147339,0.8500538468360901,358473.3125,0.28858810663223267,0.28858810663223267,1.1681158542633057,0.27292773127555847,0.23854568600654602,0.6876407265663147,289982.625,1.1107033491134644,0.000999973955448618
5,0.36789610981941223,0.3163246363401413,1.0314292907714844,434960.53125,1.1722358465194702,0.3309740424156189,0.8499577641487122,358432.8125,0.2884761393070221,0.2884761393070221,1.1678705215454102,0.2728387117385864,0.23845911026000977,0.6875921487808228,289962.15625,1.110498070716858,0.000999959305597653
6,0.3677867203950882,0.31622450053691864,1.031244307756424,434882.546875,1.172048270702362,0.331006795167923,0.8498421907424927,358384.09375,0.2885146737098694,0.2885146737098694,1.1679821014404297,0.2729107439517975,0.23853325843811035,0.687549889087677,289944.3125,1.1107453107833862,0.0009999414004287885
7,0.3677857220172882,0.31623615324497223,1.0309911966323853,434775.765625,1.1721149682998657,0.33106696605682373,0.8496712446212769,358311.9375,0.2885833978652954,0.2885833978652954,1.1681727170944214,0.2730253338813782,0.2386513501405716,0.6874799132347107,289914.78125,1.1111173629760742,0.0009999202400647444
8,0.36777086555957794,0.3162386938929558,1.0306435525417328,434629.171875,1.1722009778022766,0.3310360312461853,0.8494167327880859,358204.625,0.28856518864631653,0.28856518864631653,1.1681697368621826,0.2730623781681061,0.23869486153125763,0.6873503923416138,289860.1875,1.111282229423523,0.0009998958246505512
9,0.3676620274782181,0.3161505162715912,1.030230075120926,434454.828125,1.1720691323280334,0.3308643698692322,0.8490506410598755,358050.25,0.28841182589530945,0.28841182589530945,1.1678638458251953,0.2729768753051758,0.23861980438232422,0.6871412396430969,289772.0,1.1111210584640503,0.0009998681543535498
10,0.36736732721328735,0.31589023768901825,1.0295416414737701,434164.515625,1.1715829968452454,0.33056268095970154,0.848556637763977,357841.9375,0.2881348431110382,0.2881348431110382,1.167284607887268,0.272784024477005,0.23844210803508759,0.6868385672569275,289644.3125,1.1106821298599243,0.0009998372293633891
11,0.36695776879787445,0.31552064418792725,1.0287427008152008,433827.578125,1.1708270907402039,0.3301532566547394,0.8478702902793884,357552.5,0.2877597510814667,0.2877597510814667,1.166501760482788,0.2725237309932709,0.2382030040025711,0.6864145994186401,289465.59375,1.1100897789001465,0.000999803049892026
12,0.3663741648197174,0.3149983882904053,1.0275156497955322,433310.109375,1.1698390245437622,0.3296310305595398,0.8468939065933228,357140.75,0.28728634119033813,0.28728634119033813,1.165524959564209,0.2722078561782837,0.2379172146320343,0.6858125925064087,289211.71875,1.1093990802764893,0.000999765616173722
13,0.3656272739171982,0.31433726847171783,1.025800108909607,432586.671875,1.168551743030548,0.3289387822151184,0.8454534411430359,356533.28125,0.2866661250591278,0.2866661250591278,1.164262056350708,0.27181679010391235,0.237570121884346,0.6849334836006165,288840.96875,1.1085904836654663,0.000999724928465044
14,0.36458656191825867,0.3134242594242096,1.0232461392879486,431509.703125,1.1668177247047424,0.3279784619808197,0.8433126211166382,355630.46875,0.2858128249645233,0.2858128249645233,1.1625324487686157,0.2712850272655487,0.23710495233535767,0.6836015582084656,288279.28125,1.1075358390808105,0.000999680987044861
15,0.3630545139312744,0.31208769977092743,1.0193365216255188,429860.9375,1.1643994450569153,0.3265899121761322,0.8400772213935852,354266.125,0.2845860421657562,0.2845860421657562,1.1600465774536133,0.27051106095314026,0.23643361032009125,0.6815488934516907,287413.6875,1.106027603149414,0.0009996337922143427
16,0.3609740287065506,0.310284748673439,1.013785868883133,427520.1875,1.1609207391738892,0.32459601759910583,0.8352559208869934,352232.9375,0.2828332185745239,0.2828332185745239,1.1564873456954956,0.2693784236907959,0.2354581356048584,0.6784058809280396,286088.21875,1.1038495302200317,0.000999583344296957
17,0.35790030658245087,0.30762606859207153,1.0054847300052643,424019.5625,1.1559295058250427,0.3218114376068115,0.8282068967819214,349260.3125,0.2804010808467865,0.2804010808467865,1.1515321731567383,0.2677377164363861,0.23405732214450836,0.6736080050468445,284064.90625,1.1007473468780518,0.0009995296436384681
18,0.35346265137195587,0.3038170784711838,0.9929114282131195,418717.296875,1.1491494178771973,0.31801044940948486,0.8180992603302002,344997.84375,0.2771054804325104,0.2771054804325104,1.1447975635528564,0.26538217067718506,0.23206639289855957,0.6663153767585754,280989.59375,1.0963404178619385,0.0009994726906069349
19,0.34741851687431335,0.2986553758382797,0.9752626717090607,411274.6875,1.1398460865020752,0.31292206048965454,0.8041678667068481,339122.90625,0.27271366119384766,0.27271366119384766,1.1357331275939941,0.2619333267211914,0.2291547954082489,0.6555708050727844,276458.5625,1.0897096395492554,0.0009994124855927063
20,0.3401310443878174,0.2924582213163376,0.9534566402435303,402078.953125,1.1278578639030457,0.3061526417732239,0.7861460447311401,331522.9375,0.26684534549713135,0.26684534549713135,1.1234099864959717,0.2569279074668884,0.22488123178482056,0.6409335732460022,270285.90625,1.079634428024292,0.0009993490290084214
21,0.33033062517642975,0.2839807718992233,0.9269967973232269,390920.671875,1.1122651100158691,0.29728251695632935,0.764390766620636,322348.625,0.2590629756450653,0.2590629756450653,1.106640338897705,0.249807208776474,0.218666672706604,0.6228106021881104,262643.3125,1.0642772912979126,0.0009992823212890045
22,0.31909148395061493,0.27421069145202637,0.8976157307624817,378530.46875,1.0925159454345703,0.2861565947532654,0.738118588924408,311269.46875,0.24925068020820618,0.24925068020820618,1.084963083267212,0.2403586059808731,0.21034659445285797,0.6002402901649475,253125.296875,1.0428884029388428,0.0009992123628916624
23,0.30509646236896515,0.26199665665626526,0.8619962334632874,363509.5,1.0670496225357056,0.273126482963562,0.7066147327423096,297984.125,0.23779575526714325,0.23779575526714325,1.059128999710083,0.2289508581161499,0.20032815635204315,0.5724541544914246,241407.71875,1.016300916671753,0.0009991391542958825
24,0.28952132165431976,0.24844396859407425,0.8215471506118774,346451.875,1.0390350222587585,0.2590196132659912,0.6720325946807861,283400.59375,0.22541798651218414,0.22541798651218414,1.0308234691619873,0.21659104526042938,0.18950118124485016,0.5417971611022949,228479.421875,0.9869189262390137,0.000999062696003428
25,0.2738937512040138,0.23469102382659912,0.7840546369552612,330641.03125,1.0090749859809875,0.24465706944465637,0.6386646628379822,269329.0625,0.21272383630275726,0.21272383630275726,1.0014442205429077,0.2041810005903244,0.17853470146656036,0.5129258632659912,216304.234375,0.9567347168922424,0.0009989829885383356
26,0.25759728997945786,0.22035013139247894,0.7449431419372559,314147.4375,0.9793511033058167,0.23071731626987457,0.6089370250701904,256792.78125,0.20027045905590057,0.20027045905590057,0.9721066355705261,0.19213101267814636,0.16774095594882965,0.48780128359794617,205709.0,0.9269648194313049,0.0009989000324469113
27,0.24360966682434082,0.20780476927757263,0.7160979211330414,301983.234375,0.9506169259548187,0.217694953083992,0.5831614136695862,245923.015625,0.1885368824005127,0.1885368824005127,0.9438065886497498,0.18051813542842865,0.15722966194152832,0.46576958894729614,196418.078125,0.8979346752166748,0.000998813828297727
28,0.22972381860017776,0.19532255083322525,0.6880254149436951,290144.859375,0.9224589169025421,0.20473329722881317,0.5592601895332336,235843.703125,0.17677028477191925,0.17677028477191925,0.9139422178268433,0.1688719242811203,0.14664627611637115,0.4445130527019501,187454.09375,0.8684778213500977,0.0009987243766816161
29,0.21574454009532928,0.18284019082784653,0.6580870747566223,277519.6875,0.8927524983882904,0.1922505795955658,0.5354591608047485,225806.671875,0.16547761857509613,0.16547761857509613,0.8841351270675659,0.1580359935760498,0.13686394691467285,0.4234408140182495,178567.796875,0.8408125638961792,0.0009986316782116702
30,0.2029648944735527,0.1716149002313614,0.6269998550415039,264409.9765625,0.8630636036396027,0.18036115169525146,0.5108951330184937,215447.84375,0.1548163890838623,0.1548163890838623,0.85537189245224,0.14896565675735474,0.1287655085325241,0.4040030241012573,170370.734375,0.8179790377616882,0.0009985357335232344
31,0.1891845390200615,0.15975214540958405,0.5886478424072266,248236.6484375,0.8335748016834259,0.1697186827659607,0.4859909415245056,204945.5625,0.1454191356897354,0.1454191356897354,0.8298920392990112,0.14204435050487518,0.12265738099813461,0.3877393901348114,163512.265625,0.800626277923584,0.0009984365432739021
32,0.17715298384428024,0.14959342777729034,0.5511910617351532,232440.9140625,0.8066999912261963,0.16013357043266296,0.46121746301651,194498.453125,0.13707269728183746,0.13707269728183746,0.8071473836898804,0.13583630323410034,0.11722307652235031,0.3722645044326782,156986.40625,0.7843434810638428,0.0009983341081435128
33,0.16615603864192963,0.14040488004684448,0.5150231420993805,217188.6484375,0.7825650572776794,0.15109671652317047,0.43692439794540405,184253.90625,0.12925049662590027,0.12925049662590027,0.7852013111114502,0.12879909574985504,0.11105170845985413,0.35494786500930786,149683.859375,0.7638132572174072,0.0009982284288341454
34,0.15684352070093155,0.13258405402302742,0.4851892739534378,204607.5234375,0.7597858905792236,0.14178837835788727,0.4121643006801605,173812.40625,0.12118016183376312,0.12118016183376312,0.7612212896347046,0.12094242870807648,0.10416566580533981,0.3355351686477661,141497.390625,0.7394466400146484,0.0009981195060701138
35,0.14668631553649902,0.12392166256904602,0.45529308915138245,192000.09375,0.7357106804847717,0.13224323093891144,0.3873646855354309,163354.234375,0.11287499964237213,0.11287499964237213,0.7350130081176758,0.11233357340097427,0.09662961959838867,0.31407907605171204,132449.21875,0.711066722869873,0.0009980073405979624
36,0.13781152665615082,0.1163136214017868,0.42995817959308624,181316.203125,0.711496889591217,0.12289237976074219,0.3619786202907562,152648.78125,0.10479345172643661,0.10479345172643661,0.7085758447647095,0.10375261306762695,0.08921623229980469,0.2907275855541229,122601.7421875,0.6820589303970337,0.000997891933186461
37,0.1290384754538536,0.10879096016287804,0.40495021641254425,170770.171875,0.6869490146636963,0.11317066103219986,0.33643755316734314,141877.9375,0.09634878486394882,0.09634878486394882,0.6789778470993042,0.09531480073928833,0.08194456249475479,0.2674047350883484,112766.3359375,0.6524969935417175,0.000997773284626599
38,0.1210322231054306,0.10207393392920494,0.3791658282279968,159896.734375,0.6647720038890839,0.10444284230470657,0.31136810779571533,131306.0,0.0888744369149208,0.0888744369149208,0.6515583992004395,0.08784648776054382,0.07557938992977142,0.24534189701080322,103462.2890625,0.6254451274871826,0.0009976513957315803
39,0.11302860453724861,0.09529045224189758,0.3547630310058594,149605.90625,0.641606330871582,0.09736181795597076,0.286548912525177,120839.5625,0.08303437381982803,0.08303437381982803,0.6298965811729431,0.08193422853946686,0.07070659101009369,0.2245527058839798,94695.3515625,0.6042627692222595,0.0009975262673368177
40,0.10607705265283585,0.08959690481424332,0.3296029418706894,138995.7421875,0.6217319369316101,0.08994455635547638,0.2648410201072693,111685.203125,0.07670250535011292,0.07670250535011292,0.6040410995483398,0.07638397067785263,0.06600987911224365,0.20748183131217957,87496.453125,0.5827914476394653,0.0009973979002999274
41,0.09997421130537987,0.08454348519444466,0.30861450731754303,130144.76953125,0.603390246629715,0.08554673939943314,0.245514914393425,103535.25,0.07327099144458771,0.07327099144458771,0.5909943580627441,0.07278347760438919,0.06315658241510391,0.19253791868686676,81194.515625,0.5700253248214722,0.0009972662955007225
42,0.09517573192715645,0.08069976419210434,0.2895193547010422,122092.2265625,0.5898134112358093,0.0808178186416626,0.23157724738121033,97657.65625,0.06923895329236984,0.06923895329236984,0.5736185312271118,0.06976813077926636,0.060624945908784866,0.18286365270614624,77114.8125,0.558427095413208,0.000997131453841208
43,0.09130961075425148,0.07753060013055801,0.2755802497267723,116214.01171875,0.5773533582687378,0.07849787175655365,0.21963828802108765,92622.8984375,0.06751595437526703,0.06751595437526703,0.567815899848938,0.06783798336982727,0.059137146919965744,0.17401675879955292,73384.0078125,0.5520868897438049,0.0009969933762455727
44,0.08793129026889801,0.07486531138420105,0.2613195776939392,110200.1953125,0.5679939985275269,0.07455301284790039,0.2111082226037979,89025.7421875,0.06399760395288467,0.06399760395288467,0.5520342588424683,0.06541919708251953,0.05696331709623337,0.16911756992340088,71318.0,0.542016863822937,0.0009968520636601855
45,0.0847819373011589,0.0721835233271122,0.25196825712919235,106256.671875,0.5575720965862274,0.072259820997715,0.20336629450321198,85760.90625,0.06209150329232216,0.06209150329232216,0.5447083711624146,0.06314288079738617,0.05495508015155792,0.16375593841075897,69056.953125,0.5324674844741821,0.0009967075170535873
46,0.0819515585899353,0.0698102805763483,0.24282557517290115,102401.15625,0.5489318668842316,0.06950478255748749,0.19733642041683197,83218.0703125,0.05963796377182007,0.05963796377182007,0.5337027907371521,0.06134704500436783,0.05332528427243233,0.16043516993522644,67656.5625,0.5256256461143494,0.000996559737416484
47,0.07989867031574249,0.06805713102221489,0.23683079332113266,99873.09765625,0.5411058664321899,0.06749424338340759,0.19189515709877014,80923.4609375,0.05789948254823685,0.05789948254823685,0.5266748070716858,0.05941034108400345,0.05157295614480972,0.1567477136850357,66101.546875,0.5171412229537964,0.0009964087257617405
48,0.07758582383394241,0.06607869081199169,0.23014269024133682,97052.69140625,0.5332839488983154,0.06519932299852371,0.18746531009674072,79055.359375,0.055826060473918915,0.055826060473918915,0.5170066356658936,0.05778079107403755,0.050077054649591446,0.1540747582912445,64974.328125,0.5104630589485168,0.0009962544831243743
49,0.07558359578251839,0.06434017233550549,0.22486846894025803,94828.51953125,0.5256773829460144,0.06366698443889618,0.1833321750164032,77312.390625,0.05450037494301796,0.05450037494301796,0.5112374424934387,0.05633162334561348,0.04879181459546089,0.15079617500305176,63591.74609375,0.5040638446807861,0.0009960970105615467
50,0.0737844742834568,0.06278633512556553,0.21996278315782547,92759.7578125,0.5189165771007538,0.0623096264898777,0.18005125224590302,75928.8125,0.05330706387758255,0.05330706387758255,0.5057359337806702,0.05516522005200386,0.047778237611055374,0.14773964881896973,62302.78515625,0.49921464920043945,0.0009959363091525573
51,0.07209185510873795,0.06133543886244297,0.21512829512357712,90721.0234375,0.512905478477478,0.061137519776821136,0.17711986601352692,74692.6171875,0.05228152498602867,0.05228152498602867,0.5011053085327148,0.05411647632718086,0.04687093570828438,0.14491082727909088,61109.84765625,0.494824081659317,0.0009957723799988354
52,0.07051539048552513,0.059977633878588676,0.2107551097869873,88876.828125,0.5071122199296951,0.05998867005109787,0.17430433630943298,73505.2890625,0.05127345398068428,0.05127345398068428,0.49664485454559326,0.05308496579527855,0.045983169227838516,0.14203590154647827,59897.4765625,0.4903019070625305,0.000995605224223933
53,0.06904564425349236,0.058737536892294884,0.20616213232278824,86939.92578125,0.5018288493156433,0.05885561183094978,0.17200009524822235,72533.578125,0.050255607813596725,0.050255607813596725,0.4919089674949646,0.05214422196149826,0.04517606273293495,0.1393631547689438,58770.359375,0.4867399334907532,0.0009954348429735173
54,0.06767034903168678,0.057559870183467865,0.20220952481031418,85273.09375,0.4968779534101486,0.05785827338695526,0.16979342699050903,71603.0,0.04936860129237175,0.04936860129237175,0.48775407671928406,0.05128694698214531,0.044431645423173904,0.1371060311794281,57818.515625,0.4832432270050049,0.000995261237415362
55,0.06624466367065907,0.05633858032524586,0.19812168926000595,83549.220703125,0.49148716032505035,0.05671801418066025,0.16725142300128937,70531.0234375,0.04835544154047966,0.04835544154047966,0.48276540637016296,0.0504513643682003,0.04370502755045891,0.13492676615715027,56899.5078125,0.4801200032234192,0.0009950844087393406
56,0.06493708118796349,0.055218081921339035,0.194379985332489,81971.32421875,0.4862270653247833,0.05580327659845352,0.16452503204345703,69381.296875,0.04757702350616455,0.04757702350616455,0.4789992868900299,0.049717504531145096,0.043094370514154434,0.13246268033981323,55860.3828125,0.47706031799316406,0.0009949043581574167
57,0.06370504386723042,0.054188111796975136,0.19033867865800858,80267.08203125,0.4815482497215271,0.05471428111195564,0.16195420920848846,68297.15625,0.0466165691614151,0.0466165691614151,0.47388994693756104,0.04877660423517227,0.04227502644062042,0.13003158569335938,54835.17578125,0.47321611642837524,0.000994721086903637
58,0.062459709122776985,0.05314883589744568,0.18621747195720673,78529.140625,0.47669288516044617,0.05382870137691498,0.15920346975326538,67137.1484375,0.04586852714419365,0.04586852714419365,0.4700765609741211,0.047897305339574814,0.041520703583955765,0.1275320202112198,53781.09765625,0.4693518877029419,0.0009945345962341218
59,0.06128678657114506,0.052175287157297134,0.18222997337579727,76847.58203125,0.4722730368375778,0.052848994731903076,0.15691624581813812,66172.6171875,0.04500318318605423,0.04500318318605423,0.46545660495758057,0.047024138271808624,0.04073909670114517,0.12570084631443024,53008.875,0.4657493233680725,0.0009943448874270577
60,0.05998319014906883,0.05106221325695515,0.1784195601940155,75240.703125,0.4668971598148346,0.05207868292927742,0.15449057519435883,65149.68359375,0.0443541556596756,0.0443541556596756,0.462096631526947,0.0462791733443737,0.04009219631552696,0.12373954057693481,52181.78125,0.46268123388290405,0.0009941519617826875
61,0.05881338566541672,0.05008312128484249,0.17460527271032333,73632.19140625,0.4623795449733734,0.05116992071270943,0.15203654766082764,64114.8203125,0.043568093329668045,0.043568093329668045,0.45770999789237976,0.04543749988079071,0.03935139253735542,0.12172210961580276,51331.015625,0.4590405821800232,0.0009939558206233019
62,0.057694584131240845,0.049155907705426216,0.17077353596687317,72016.330078125,0.45793384313583374,0.050431471318006516,0.1497773975133896,63162.1171875,0.042942602187395096,0.042942602187395096,0.4542267322540283,0.044806670397520065,0.03880315274000168,0.12007032334804535,50634.4453125,0.45655182003974915,0.0009937564652932305
63,0.056546228006482124,0.048208171501755714,0.1667611002922058,70324.2578125,0.45349861681461334,0.04959871619939804,0.14715398848056793,62055.8046875,0.042241018265485764,0.042241018265485764,0.4501640796661377,0.04406699910759926,0.03817051276564598,0.11792974174022675,49731.75,0.45350003242492676,0.0009935538971588324
64,0.05533183924853802,0.04719282686710358,0.16278024017810822,68645.498046875,0.4486558139324188,0.04869094491004944,0.14489629864692688,61103.7265625,0.041446130722761154,0.041446130722761154,0.4456416368484497,0.043263912200927734,0.03745022043585777,0.11627384275197983,49033.44921875,0.45008420944213867,0.0009933481176084868
65,0.05426454171538353,0.04629732482135296,0.15934433788061142,67196.5625,0.4439709931612015,0.047942232340574265,0.14228028059005737,60000.53125,0.040828216820955276,0.040828216820955276,0.4421650767326355,0.04255039617419243,0.036842335015535355,0.11416120827198029,48142.53125,0.44693487882614136,0.0009931391280525838
66,0.05317555367946625,0.045395875349640846,0.15559355914592743,65614.83203125,0.4394729882478714,0.04715783894062042,0.14049944281578064,59249.54296875,0.04013286530971527,0.04013286530971527,0.43806201219558716,0.041733674705028534,0.036108046770095825,0.11251255124807358,47447.28515625,0.4435748755931854,0.0009929269299235144
67,0.052059298381209373,0.04445408284664154,0.15210431069135666,64143.390625,0.4344494044780731,0.046384893357753754,0.13772019743919373,58077.51953125,0.03949888423085213,0.03949888423085213,0.43446141481399536,0.040950708091259,0.035449590533971786,0.11002238839864731,46397.16796875,0.4398190677165985,0.0009927115246756608
68,0.05099462904036045,0.043558394536376,0.14872468262910843,62718.181640625,0.4299073964357376,0.04556635022163391,0.1358194351196289,57275.95703125,0.038775376975536346,0.038775376975536346,0.43019694089889526,0.04007233679294586,0.03466000035405159,0.10824675858020782,45648.37109375,0.435646116733551,0.0009924929137853865
69,0.04981712065637112,0.04257052764296532,0.1449318304657936,61118.708984375,0.424842044711113,0.044737108051776886,0.1334547996520996,56278.765625,0.038064368069171906,0.038064368069171906,0.4260648787021637,0.039086513221263885,0.033799368888139725,0.10574284940958023,44592.45703125,0.4309784770011902,0.0009922710987510263
70,0.04873894341289997,0.04167291708290577,0.14132052659988403,59595.798828125,0.4201817065477371,0.04380204901099205,0.13002221286296844,54831.2265625,0.03730093687772751,0.03730093687772751,0.42159610986709595,0.03804885223507881,0.03291992470622063,0.1025785282254219,43258.0390625,0.4254547357559204,0.0009920460810928752
71,0.047650089487433434,0.04076199419796467,0.1377619355916977,58095.115234375,0.4151073098182678,0.04275136813521385,0.12676775455474854,53458.796875,0.036412980407476425,0.036412980407476425,0.41620516777038574,0.03697582334280014,0.0319959782063961,0.09959687292575836,42000.65625,0.4197041690349579,0.000991817862353179
72,0.04658079147338867,0.03985891677439213,0.13443750143051147,56693.17578125,0.41014163196086884,0.042083196341991425,0.12421496957540512,52382.26953125,0.0358724482357502,0.0358724482357502,0.4131513833999634,0.03621912747621536,0.03135422244668007,0.09729810059070587,41031.25390625,0.4156046509742737,0.0009915864440961236
73,0.045576395466923714,0.03901153430342674,0.13129722326993942,55368.904296875,0.4056859314441681,0.041322339326143265,0.12305592000484467,51893.4921875,0.03516954183578491,0.03516954183578491,0.4087905287742615,0.035414841026067734,0.03062337078154087,0.09582941234111786,40411.890625,0.4114745855331421,0.0009913518279078238
74,0.04458495415747166,0.03816402330994606,0.12841859832406044,54154.96484375,0.40087613463401794,0.04038630798459053,0.12042675912380219,50784.7578125,0.0343649685382843,0.0343649685382843,0.40373653173446655,0.034605808556079865,0.029932502657175064,0.09346610307693481,39415.2734375,0.406904011964798,0.0009911140153963127
75,0.04367971420288086,0.03739989176392555,0.12559645250439644,52964.857421875,0.39640122652053833,0.039934396743774414,0.11739932000637054,49508.06640625,0.03406443074345589,0.03406443074345589,0.40223589539527893,0.03432442620396614,0.02976633422076702,0.0911618247628212,38443.54296875,0.4055249094963074,0.0009908730081915308
76,0.04281651973724365,0.03667831793427467,0.12276403233408928,51770.40625,0.39263826608657837,0.03885100409388542,0.1151929646730423,48577.6328125,0.03309135511517525,0.03309135511517525,0.39606568217277527,0.0330849289894104,0.028645703569054604,0.08878450840711594,37441.01171875,0.3984697759151459,0.000990628807945314
77,0.041958246380090714,0.03595891036093235,0.11998672410845757,50599.189453125,0.3888222724199295,0.03780227527022362,0.11223095655441284,47328.53125,0.032190728932619095,0.032190728932619095,0.39026886224746704,0.03210461512207985,0.027779102325439453,0.08651023358106613,36481.94140625,0.39165711402893066,0.000990381416331384
78,0.04094926081597805,0.03508058190345764,0.11737360432744026,49497.22265625,0.3831079751253128,0.037089161574840546,0.11034544557332993,46533.40234375,0.0315718874335289,0.0315718874335289,0.38629698753356934,0.03149816393852234,0.027260933071374893,0.08474462479352951,35737.36328125,0.38796114921569824,0.0009901308350453348
79,0.040110690519213676,0.034371163696050644,0.11479054018855095,48407.931640625,0.37922661006450653,0.03664446622133255,0.10870834439992905,45843.02734375,0.031209047883749008,0.031209047883749008,0.384197473526001,0.03102951869368553,0.026882106438279152,0.08294826000928879,34979.828125,0.38591301441192627,0.0009898770658046227
80,0.03945070505142212,0.033821212127804756,0.11258985474705696,47479.8828125,0.37605319917201996,0.03584246709942818,0.10655638575553894,44935.53125,0.03051464818418026,0.03051464818418026,0.37969738245010376,0.030398596078157425,0.026324033737182617,0.08149123936891556,34365.39453125,0.3809162974357605,0.0009896201103485537
81,0.03857451491057873,0.033062041737139225,0.11024947836995125,46492.931640625,0.3715723603963852,0.03513842821121216,0.10466031730175018,44135.9453125,0.02990541234612465,0.02990541234612465,0.37584084272384644,0.029641777276992798,0.025653239339590073,0.0797707661986351,33639.859375,0.3762221336364746,0.0009893599704382716
82,0.03787265904247761,0.03248477075248957,0.10775773599743843,45442.150390625,0.36829225718975067,0.034905605018138885,0.10257310420274734,43255.7578125,0.029776951298117638,0.029776951298117638,0.37544161081314087,0.02948865108191967,0.02559145912528038,0.0779438391327858,32869.4296875,0.3764870762825012,0.0009890966478567462
83,0.03764474578201771,0.032362147234380245,0.10565200075507164,44554.1484375,0.3686070442199707,0.03388947993516922,0.10051529109477997,42387.9609375,0.02886371500790119,0.02886371500790119,0.3690308928489685,0.028706703335046768,0.024873247370123863,0.0766691043972969,32331.869140625,0.3702281415462494,0.000988830144408761
84,0.036455451510846615,0.03128826059401035,0.10334383323788643,43580.775390625,0.3610170930624008,0.03396575152873993,0.09838521480560303,41489.6953125,0.02904648892581463,0.02904648892581463,0.37083667516708374,0.028932923451066017,0.025159960612654686,0.07545924931764603,31821.662109375,0.3719344139099121,0.0009885604619209007
85,0.03644229657948017,0.03137465286999941,0.10135287791490555,42741.17578125,0.36311641335487366,0.03311784565448761,0.09651852399110794,40702.5,0.028291918337345123,0.028291918337345123,0.3657243847846985,0.02804035134613514,0.02434954047203064,0.0738162100315094,31128.78515625,0.3656284511089325,0.0009882876022415392
86,0.03510804567486048,0.030151519924402237,0.09913049265742302,41803.982421875,0.35502883791923523,0.03286725655198097,0.09575824439525604,40381.88671875,0.02807934395968914,0.02807934395968914,0.3644750118255615,0.02778157778084278,0.024145882576704025,0.07271389663219452,30663.9296875,0.36527419090270996,0.0009880115672408262
87,0.03476120997220278,0.029894626699388027,0.09733165428042412,41045.3984375,0.35329344868659973,0.03192877769470215,0.09335543215274811,39368.6015625,0.027261005714535713,0.027261005714535713,0.35855090618133545,0.02720617689192295,0.02362653985619545,0.07159274071455002,30191.1328125,0.3596414029598236,0.0009877323588106742
88,0.03405267558991909,0.029279296286404133,0.09546757116913795,40259.306640625,0.3496217727661133,0.031382594257593155,0.09154751151800156,38606.1875,0.026805220171809196,0.026805220171809196,0.35549628734588623,0.026756033301353455,0.023237304762005806,0.07037455588579178,29677.4140625,0.3564474880695343,0.0009874499788647467
89,0.033236389979720116,0.028579716570675373,0.09313346818089485,39275.001953125,0.3452780693769455,0.03135937452316284,0.09059824794530869,38205.8828125,0.026829460635781288,0.026829460635781288,0.3560596704483032,0.026678647845983505,0.02320759929716587,0.06942097097635269,29275.279296875,0.35746461153030396,0.0009871644293384444
90,0.032852744683623314,0.028275897726416588,0.09153694286942482,38601.728515625,0.34345465898513794,0.03062586486339569,0.088346466422081,37256.2890625,0.02620854042470455,0.02620854042470455,0.35180479288101196,0.026021530851721764,0.02260199934244156,0.06839063763618469,28840.783203125,0.35103514790534973,0.0009868757121888917
91,0.03262827638536692,0.028129706159234047,0.0899713933467865,37941.53125,0.3431626856327057,0.03054259531199932,0.08732569217681885,36825.8203125,0.02617631107568741,0.02617631107568741,0.35172826051712036,0.02619607374072075,0.022801151499152184,0.0678984597325325,28633.228515625,0.35225820541381836,0.0009865838293949237
92,0.03163714613765478,0.027216007001698017,0.08842278644442558,37288.470703125,0.3372926414012909,0.030083922669291496,0.08713501691818237,36745.40625,0.025727171450853348,0.025727171450853348,0.34827908873558044,0.025724638253450394,0.022385280579328537,0.06678714603185654,28164.580078125,0.350513756275177,0.0009862887829570723
93,0.03144167177379131,0.02709097880870104,0.0870138555765152,36694.31640625,0.33657968044281006,0.029085414484143257,0.08500498533248901,35847.1640625,0.024835165590047836,0.024835165590047836,0.341823935508728,0.02472681924700737,0.021454012021422386,0.06545612961053848,27603.279296875,0.34207433462142944,0.000985990574897553
94,0.03053542785346508,0.026260350830852985,0.0855015441775322,36056.56640625,0.33024826645851135,0.029592745006084442,0.08349401503801346,35209.9765625,0.02541804499924183,0.02541804499924183,0.34709930419921875,0.025464152917265892,0.02219369076192379,0.06540925800800323,27583.51171875,0.34741368889808655,0.00098568920726025
95,0.030132371932268143,0.025936643593013287,0.08391457423567772,35387.330078125,0.32942382991313934,0.029019635170698166,0.08290351927280426,34960.9609375,0.024874458089470863,0.024874458089470863,0.3426538109779358,0.02491271123290062,0.021708490327000618,0.06408441811800003,27024.8203125,0.34483063220977783,0.0009853846821107036
96,0.03054000996053219,0.026394296437501907,0.08291426673531532,34965.494140625,0.33388039469718933,0.02798616699874401,0.0820198506116867,34588.3125,0.023885173723101616,0.023885173723101616,0.335092693567276,0.023957692086696625,0.02078831009566784,0.06338765472173691,26730.9921875,0.33615753054618835,0.000985077001536095
97,0.029048914089798927,0.024968916550278664,0.08159994706511497,34411.236328125,0.3222360461950302,0.028160445392131805,0.08049365133047104,33944.703125,0.024135762825608253,0.024135762825608253,0.33785152435302734,0.024261636659502983,0.02110949158668518,0.06304290145635605,26585.607421875,0.33792927861213684,0.0009847661676452323
98,0.028643222525715828,0.024631083011627197,0.08024280518293381,33838.9169921875,0.3205464482307434,0.02893654629588127,0.0808357372879982,34088.96484375,0.02489475905895233,0.02489475905895233,0.343815416097641,0.024928927421569824,0.021805059164762497,0.06247738003730774,26347.125,0.34635129570961,0.0009844521825685365
99,0.028738253749907017,0.02477480098605156,0.07926905900239944,33428.2822265625,0.32263757288455963,0.028018895536661148,0.07865744829177856,33170.3671875,0.02408602274954319,0.02408602274954319,0.33791857957839966,0.024490149691700935,0.021372206509113312,0.06235886737704277,26297.150390625,0.3398117423057556,0.000984135048458026
100,0.02850293181836605,0.024585602805018425,0.07834659144282341,33039.2734375,0.32170750200748444,0.02654806151986122,0.07826537638902664,33005.0234375,0.02263479307293892,0.02263479307293892,0.3259755074977875,0.022889018058776855,0.019838131964206696,0.061017733067274094,25731.578125,0.32761552929878235,0.0009838147674873024
101,0.028081989847123623,0.02423266787081957,0.07698645442724228,32465.6982421875,0.31870661675930023,0.02612002193927765,0.07681059837341309,32391.53515625,0.022279491648077965,0.022279491648077965,0.323539137840271,0.022468730807304382,0.01946931704878807,0.05998827517032623,25297.453125,0.3241419792175293,0.0009834913418515358
102,0.027050779201090336,0.0232670484110713,0.075674619525671,31912.4873046875,0.3106158822774887,0.026609430089592934,0.07546602934598923,31824.521484375,0.022836128249764442,0.022836128249764442,0.3288678526878357,0.023195991292595863,0.02020132914185524,0.05989325791597366,25257.380859375,0.3296472132205963,0.000983164773767449
103,0.026609275490045547,0.02288784831762314,0.07442853972315788,31387.0068359375,0.3092001974582672,0.027056299149990082,0.07612970471382141,32104.400390625,0.02324981428682804,0.02324981428682804,0.33180248737335205,0.023595714941620827,0.020633598789572716,0.05924231559038162,24982.876953125,0.33584457635879517,0.0009828350654733033
104,0.02642711903899908,0.02273689489811659,0.07380448654294014,31123.8408203125,0.3079400807619095,0.02689376287162304,0.0742025151848793,31291.6875,0.023183636367321014,0.023183636367321014,0.3324127495288849,0.023668847978115082,0.020700888708233833,0.059359170496463776,25032.154296875,0.3339231610298157,0.0009825022192288823
105,0.026259364560246468,0.022624154575169086,0.07270419970154762,30659.8408203125,0.30923207104206085,0.025565121322870255,0.07395578920841217,31187.642578125,0.021867331117391586,0.021867331117391586,0.3209969401359558,0.022278696298599243,0.019379911944270134,0.05797569081187248,24448.73046875,0.3240858316421509,0.000982166237315477
106,0.025671611540019512,0.022084777243435383,0.07173668220639229,30251.830078125,0.30455848574638367,0.024647390469908714,0.07247679680585861,30563.943359375,0.021023551002144814,0.021023551002144814,0.3143653869628906,0.021562930196523666,0.018689503893256187,0.05746850743889809,24234.849609375,0.3161080479621887,0.00098182712203587
107,0.02509164810180664,0.021561065688729286,0.07061164081096649,29777.3955078125,0.30023932456970215,0.024334369227290154,0.07145503908395767,30133.060546875,0.02076161652803421,0.02076161652803421,0.31246015429496765,0.0214068740606308,0.018557168543338776,0.056994106620550156,24034.7890625,0.3144392967224121,0.000981484875714319
108,0.02435136679559946,0.02087732870131731,0.06948074698448181,29300.490234375,0.29434187710285187,0.02396499738097191,0.07054392993450165,29748.841796875,0.020437801256775856,0.020437801256775856,0.309825599193573,0.021122505888342857,0.01830763928592205,0.056297335773706436,23740.95703125,0.31262534856796265,0.0009811395006965424
109,0.02387312613427639,0.020458928309381008,0.06828395649790764,28795.7939453125,0.29093652963638306,0.023924728855490685,0.06953559070825577,29323.619140625,0.020447948947548866,0.020447948947548866,0.31061285734176636,0.02111971378326416,0.018315600231289864,0.056082289665937424,23650.26953125,0.3122623562812805,0.0009807909993497016
110,0.0236652297899127,0.020292235538363457,0.06745988503098488,28448.2783203125,0.29007193446159363,0.023385459557175636,0.06910042464733124,29140.10546875,0.019930439069867134,0.019930439069867134,0.3058035969734192,0.0206654854118824,0.017895417287945747,0.05540134757757187,23363.11328125,0.3090767562389374,0.000980439374062386
111,0.023105766624212265,0.019781158305704594,0.06649216637015343,28040.1884765625,0.28609026968479156,0.02330799400806427,0.06827989965677261,28794.08203125,0.01989399828016758,0.01989399828016758,0.3058367967605591,0.020765474066138268,0.018002644181251526,0.05525658279657364,23302.06640625,0.30917882919311523,0.0009800846272445959
112,0.0227954238653183,0.01951357163488865,0.06563703529536724,27679.5693359375,0.2844897508621216,0.023249633610248566,0.06783278286457062,28605.533203125,0.019857995212078094,0.019857995212078094,0.30569973587989807,0.02064584568142891,0.017924189567565918,0.05443313717842102,22954.814453125,0.30958855152130127,0.0009797267613277261
113,0.022527219727635384,0.019292308017611504,0.0646982304751873,27283.671875,0.28314143419265747,0.02304932475090027,0.06666868925094604,28114.626953125,0.019715890288352966,0.019715890288352966,0.30549854040145874,0.020653553307056427,0.017931384965777397,0.05444337800145149,22959.12890625,0.3082008957862854,0.0009793657787645499
114,0.02227456495165825,0.0190854724496603,0.06378184631466866,26897.22265625,0.281774565577507,0.02254651114344597,0.06611320376396179,27880.375,0.01924085058271885,0.01924085058271885,0.3007078170776367,0.020224371924996376,0.017544008791446686,0.053607277572155,22606.54296875,0.3060814142227173,0.0009790016820292009
115,0.022540348581969738,0.019387190230190754,0.06306316517293453,26594.15234375,0.28491726517677307,0.02218545600771904,0.06494399160146713,27387.30859375,0.018938256427645683,0.018938256427645683,0.29825282096862793,0.019954493269324303,0.017294494435191154,0.053199972957372665,22434.779296875,0.3032391667366028,0.0009786344736171578
116,0.022108161821961403,0.018995913676917553,0.062244951725006104,26249.107421875,0.28195199370384216,0.02381417155265808,0.06472685933113098,27295.744140625,0.02057782933115959,0.02057782933115959,0.314120352268219,0.021711306646466255,0.019004100933670998,0.054144103080034256,22832.92578125,0.31803685426712036,0.0009782641560452255
117,0.022330251522362232,0.019261633045971394,0.061372363939881325,25881.12890625,0.2853949964046478,0.024245282635092735,0.06539300829172134,27576.6640625,0.020975632593035698,0.020975632593035698,0.3164327144622803,0.022060856223106384,0.01941675879061222,0.05288195237517357,22300.66796875,0.3253740072250366,0.0009778907318515194
118,0.022742388769984245,0.01966799795627594,0.06148782558739185,25929.8203125,0.2903304398059845,0.0255352221429348,0.06405952572822571,27014.32421875,0.022332245483994484,0.022332245483994484,0.3299432694911957,0.02352689951658249,0.020824933424592018,0.054039329290390015,22788.7421875,0.33432358503341675,0.0009775142035954472
119,0.024708597920835018,0.021654552780091763,0.06108090654015541,25758.2216796875,0.3094914108514786,0.021738344803452492,0.06417384743690491,27062.53515625,0.018529651686549187,0.018529651686549187,0.2952418923377991,0.019780756905674934,0.017144978046417236,0.052715592086315155,22230.513671875,0.30189764499664307,0.0009771345738576913
120,0.021097099408507347,0.018093728460371494,0.06006743013858795,25330.8310546875,0.2752232998609543,0.02185746096074581,0.06257554888725281,26388.51953125,0.01872868277132511,0.01872868277132511,0.29830655455589294,0.02003825083374977,0.01743047498166561,0.052155498415231705,21994.318359375,0.30279213190078735,0.0009767518452401915
121,0.02058541774749756,0.017635950818657875,0.05898933298885822,24876.1904296875,0.27218471467494965,0.0221090130507946,0.06320943683385849,26655.837890625,0.018948541954159737,0.018948541954159737,0.2992437481880188,0.02017853781580925,0.017592722550034523,0.05171630159020424,21809.10546875,0.307587206363678,0.0009763660203661267
122,0.020494289696216583,0.01755945384502411,0.05869671516120434,24752.791015625,0.27134813368320465,0.02168843522667885,0.06204777583479881,26165.95703125,0.018586046993732452,0.018586046993732452,0.29764869809150696,0.019829679280519485,0.01722542569041252,0.052085064351558685,21964.615234375,0.3010593354701996,0.0009759771018798979
123,0.020547389052808285,0.01764839654788375,0.05797985568642616,24450.4892578125,0.27268461883068085,0.02055181935429573,0.061386577785015106,25887.125,0.017482491210103035,0.017482491210103035,0.2865859270095825,0.018828442320227623,0.016283780336380005,0.05089322850108147,21462.01171875,0.292510062456131,0.0009755850924471081
124,0.01967360358685255,0.01681490708142519,0.05717393197119236,24110.6240234375,0.26501476764678955,0.020279090851545334,0.06111781299114227,25773.787109375,0.01722319982945919,0.01722319982945919,0.2846945822238922,0.01847006566822529,0.015945471823215485,0.05049187317490578,21292.75390625,0.2893223762512207,0.0009751899947545466
125,0.019706702791154385,0.0168615635484457,0.056902794167399406,23996.2841796875,0.2650509476661682,0.020894639194011688,0.06012776121497154,25356.2734375,0.017888251692056656,0.017888251692056656,0.2917667627334595,0.019178137183189392,0.01665239967405796,0.05051473528146744,21302.3984375,0.29539257287979126,0.0009747918115101687
126,0.019417735747992992,0.016631193924695253,0.055730827152729034,23502.05859375,0.26418302953243256,0.0203644260764122,0.059770550578832626,25205.634765625,0.017375899478793144,0.017375899478793144,0.285800039768219,0.0187898650765419,0.016287893056869507,0.05003942549228668,21101.955078125,0.29352784156799316,0.0009743905454430774
127,0.018846683204174042,0.01609547296538949,0.05502420663833618,23204.068359375,0.25917667150497437,0.020361263304948807,0.05890842527151108,24842.072265625,0.017415842041373253,0.017415842041373253,0.2877085506916046,0.01872459426522255,0.016226742416620255,0.04995705187320709,21067.21875,0.2909761369228363,0.0009739861993035058
128,0.019371867179870605,0.01663810759782791,0.054675180464982986,23056.8837890625,0.26416631042957306,0.019587591290473938,0.05869479104876518,24751.98046875,0.016652852296829224,0.016652852296829224,0.27997511625289917,0.018058154731988907,0.015588117763400078,0.049400731921195984,20832.6171875,0.2850798964500427,0.0009735787758627971
129,0.0187298022210598,0.01603246107697487,0.0539468377828598,22749.73828125,0.2586299031972885,0.020055819302797318,0.05855347588658333,24692.38671875,0.017128145322203636,0.017128145322203636,0.28414615988731384,0.018623070791363716,0.01616799831390381,0.049101460725069046,20706.41015625,0.29278382658958435,0.0009731682779133855
130,0.018456202931702137,0.01578565686941147,0.05341091938316822,22523.736328125,0.2567199468612671,0.020120246335864067,0.05752475559711456,24258.568359375,0.0172440093010664,0.0172440093010664,0.28688856959342957,0.01876015216112137,0.01628514751791954,0.049500081688165665,20874.51171875,0.2914406359195709,0.0009727547082687784
131,0.01840092334896326,0.01576396683230996,0.05273913964629173,22240.4423828125,0.25673793256282806,0.019551848992705345,0.057487085461616516,24242.68359375,0.01667749509215355,0.01667749509215355,0.27992740273475647,0.01824147440493107,0.015804056078195572,0.04874836653470993,20557.5078125,0.28888678550720215,0.0009723380697635356
132,0.018506729044020176,0.01588641619309783,0.05240626260638237,22100.06640625,0.2584560215473175,0.018901905044913292,0.05677245557308197,23941.318359375,0.016063282266259193,0.016063282266259193,0.2747451663017273,0.0176085215061903,0.015181881375610828,0.04853278771042824,20466.595703125,0.2813085913658142,0.0009719183652532508
133,0.018666411750018597,0.01606232998892665,0.0520816408097744,21963.171875,0.2593038007616997,0.018952004611492157,0.056646112352609634,23888.0390625,0.0161196980625391,0.0161196980625391,0.274899423122406,0.017759239301085472,0.015338603407144547,0.048412710428237915,20415.958984375,0.28313103318214417,0.0009714955976145317
134,0.018109762109816074,0.01553992135450244,0.051396820694208145,21674.3779296875,0.25735945999622345,0.01869867742061615,0.05614904686808586,23678.421875,0.015891224145889282,0.015891224145889282,0.27369561791419983,0.017471669241786003,0.015058442950248718,0.0482645183801651,20353.466796875,0.2795255780220032,0.0009710697697449805
135,0.017984116449952126,0.015427916776388884,0.05112398602068424,21559.322265625,0.25601859390735626,0.018582943826913834,0.055739179253578186,23505.580078125,0.015795985236763954,0.015795985236763954,0.2724226415157318,0.017384430393576622,0.014991659671068192,0.047855399549007416,20180.935546875,0.27955445647239685,0.0009706408845631738
136,0.017811087891459465,0.015292884781956673,0.0503640491515398,21238.8525390625,0.2549377530813217,0.018505224958062172,0.055170875042676926,23265.923828125,0.01574668101966381,0.01574668101966381,0.2727832496166229,0.01731838472187519,0.014921612106263638,0.04793544486165047,20214.6953125,0.2777237296104431,0.0009702089450086423
137,0.01805102825164795,0.01555052911862731,0.050009967759251595,21089.53515625,0.2580326199531555,0.019224116578698158,0.05525614693760872,23301.880859375,0.016461309045553207,0.016461309045553207,0.2782692313194275,0.018111277371644974,0.015740739181637764,0.047410767525434494,19993.43359375,0.2885831594467163,0.0009697739540418514
138,0.01899247895926237,0.016505076549947262,0.049748046323657036,20979.0810546875,0.2656463384628296,0.02276429906487465,0.055095747113227844,23234.23828125,0.020009512081742287,0.020009512081742287,0.3135475516319275,0.021621668711304665,0.01917981170117855,0.04883713275194168,20594.94140625,0.31936296820640564,0.0009693359146441808
139,0.018604904413223267,0.01614207960665226,0.04925649240612984,20771.787109375,0.2649078071117401,0.02315082959830761,0.05636375769972801,23768.96875,0.020332641899585724,0.020332641899585724,0.3134068250656128,0.022167149931192398,0.01976981945335865,0.04794662073254585,20219.408203125,0.3298003077507019,0.0009688948298179032
140,0.020653022453188896,0.01815024856477976,0.05005549639463425,21108.7314453125,0.28425464034080505,0.018160097301006317,0.05425175279378891,22878.32421875,0.015447510406374931,0.015447510406374931,0.27057409286499023,0.01726369932293892,0.01488963607698679,0.047481268644332886,20023.166015625,0.27676939964294434,0.0009684507025861646
141,0.01776912808418274,0.015323343221098185,0.04891570284962654,20628.07421875,0.25606219470500946,0.017820129171013832,0.053802378475666046,22688.81640625,0.015130010433495045,0.015130010433495045,0.26735901832580566,0.01689920388162136,0.0145521629601717,0.04694081097841263,19795.248046875,0.2735075354576111,0.0009680035359929635
142,0.017819377593696117,0.015379642136394978,0.048794714733958244,20577.0517578125,0.25669874995946884,0.019930627197027206,0.05488617345690727,23145.865234375,0.017186317592859268,0.017186317592859268,0.2858853340148926,0.019060485064983368,0.01670037768781185,0.04720216616988182,19905.46484375,0.29914993047714233,0.0009675533331031295
143,0.018001568503677845,0.015579532831907272,0.0484407190233469,20427.76953125,0.2569768950343132,0.018802804872393608,0.053364142775535583,22504.01171875,0.0161345973610878,0.0161345973610878,0.2782975435256958,0.017872916534543037,0.01551083754748106,0.047241583466529846,19922.0859375,0.28304535150527954,0.0009671000970023028
144,0.016996161080896854,0.014607510063797235,0.04777303338050842,20146.2041015625,0.24990326911211014,0.01804649457335472,0.053376954048871994,22509.4140625,0.015377647243440151,0.015377647243440151,0.26880866289138794,0.017208656296133995,0.014878690242767334,0.04659933224320412,19651.24609375,0.27876168489456177,0.000966643830796913
145,0.01759943086653948,0.015219055116176605,0.04760752059519291,20076.40625,0.2560812532901764,0.01944710500538349,0.05297185108065605,22338.580078125,0.016798513010144234,0.016798513010144234,0.28515130281448364,0.01847662217915058,0.01611824706196785,0.047167498618364334,19890.845703125,0.2899399995803833,0.0009661845376141577
146,0.016683424822986126,0.014311558101326227,0.047437338158488274,20004.6396484375,0.24851985275745392,0.019047731533646584,0.053301673382520676,22477.66796875,0.016382647678256035,0.016382647678256035,0.2788216471672058,0.018197936937212944,0.01588093861937523,0.0463399738073349,19541.873046875,0.2904680371284485,0.0009657222206019806
147,0.016279871575534344,0.01392495958134532,0.047098228707909584,19861.6337890625,0.24269995093345642,0.01838749088346958,0.052397795021533966,22096.49609375,0.015767600387334824,0.015767600387334824,0.27488869428634644,0.017603417858481407,0.015254802070558071,0.046972330659627914,19808.544921875,0.27996501326560974,0.000965256882929051
148,0.016207153908908367,0.013874460943043232,0.04665386117994785,19674.2421875,0.24194876849651337,0.017482124269008636,0.05223146826028824,22026.353515625,0.01487055141478777,0.01487055141478777,0.2641827464103699,0.016780268400907516,0.014477123506367207,0.046062879264354706,19425.01953125,0.2742200195789337,0.0009647885277847412
149,0.01568312756717205,0.013379417359828949,0.04607419669628143,19429.7919921875,0.23719272017478943,0.016950897872447968,0.05163831636309624,21776.216796875,0.014368981122970581,0.014368981122970581,0.2601725459098816,0.016210133209824562,0.013919757679104805,0.04580751061439514,19317.330078125,0.2668621838092804,0.0009643171583791048
150,0.015269173309206963,0.012984273955225945,0.04569799453020096,19271.14453125,0.2324662208557129,0.016906876116991043,0.05147455632686615,21707.162109375,0.01433314848691225,0.01433314848691225,0.25986748933792114,0.016187580302357674,0.013895164243876934,0.04584833234548569,19334.54296875,0.26624441146850586,0.0009638427779428549
151,0.015389157924801111,0.013123161625117064,0.04531991295516491,19111.70703125,0.2350841611623764,0.01734394207596779,0.05139438435435295,21673.349609375,0.014774222858250141,0.014774222858250141,0.26365506649017334,0.01663777604699135,0.014370848424732685,0.04533853754401207,19119.560546875,0.2732924222946167,0.000963365389727342
152,0.015108163934201002,0.012855416629463434,0.04505494795739651,18999.96875,0.23145483434200287,0.016994519159197807,0.05072779208421707,21392.24609375,0.014458130113780499,0.014458130113780499,0.2618769407272339,0.01632428728044033,0.014045700430870056,0.04557172209024429,19217.89453125,0.2676078975200653,0.0009628849970045315
153,0.014826544094830751,0.012599216308444738,0.044546544551849365,18785.5703125,0.22983064502477646,0.017342127859592438,0.050873227417469025,21453.57421875,0.014798467047512531,0.014798467047512531,0.2639080286026001,0.016829807311296463,0.014552976004779339,0.04553661122918129,19203.08984375,0.2754817605018616,0.0009624016030669813
154,0.014973867684602737,0.012758729513734579,0.04430276155471802,18682.76708984375,0.23062770068645477,0.016734931617975235,0.0502358116209507,21184.7734375,0.014223141595721245,0.014223141595721245,0.2592879831790924,0.016266504302620888,0.013981088995933533,0.0457083061337471,19275.494140625,0.26682141423225403,0.0009619152112278192
155,0.01475358521565795,0.012559658382087946,0.043878523632884026,18503.86328125,0.2294776737689972,0.016472019255161285,0.05010951682925224,21131.513671875,0.013966543599963188,0.013966543599963188,0.25630930066108704,0.016006840392947197,0.01373774278908968,0.04538194090127945,19137.865234375,0.2651120722293854,0.0009614258248207205
156,0.014293013140559196,0.012121472973376513,0.04343079961836338,18315.0537109375,0.22509945929050446,0.016324860975146294,0.04984143748879433,21018.462890625,0.013832789845764637,0.013832789845764637,0.2552366554737091,0.01589718833565712,0.01363193616271019,0.0453050471842289,19105.4375,0.2637791037559509,0.0009609334471998847
157,0.01425738725811243,0.012098475359380245,0.04317822866141796,18208.5439453125,0.22503677755594254,0.016307273879647255,0.04949314892292023,20871.5859375,0.013832616619765759,0.013832616619765759,0.2557031810283661,0.015895942226052284,0.01363118551671505,0.045295149087905884,19101.26171875,0.26303955912590027,0.0009604380817400133
158,0.01416072528809309,0.012021275237202644,0.042788995429873466,18044.40234375,0.22449706494808197,0.016627337783575058,0.04935485124588013,20813.267578125,0.014159594662487507,0.014159594662487507,0.2583024799823761,0.01622775010764599,0.013987738639116287,0.04480024054646492,18892.55859375,0.26873669028282166,0.0009599397318362853
159,0.014101138804107904,0.011978099588304758,0.04246078059077263,17905.99169921875,0.22440168261528015,0.01636786200106144,0.04863685369491577,20510.478515625,0.013936019502580166,0.013936019502580166,0.2573256492614746,0.015948103740811348,0.01370445266366005,0.04487302526831627,18923.248046875,0.26364582777023315,0.0009594384009043353
160,0.013935676775872707,0.011837122961878777,0.041971078142523766,17699.48046875,0.22269060462713242,0.016245495527982712,0.04855441674590111,20475.71875,0.013817775063216686,0.013817775063216686,0.2548552453517914,0.01599894091486931,0.013768370263278484,0.04461142420768738,18812.931640625,0.2661197781562805,0.0009589340923802293
161,0.013713666703552008,0.011625612154603004,0.04176109656691551,17610.931640625,0.22103900462388992,0.016856815665960312,0.0484556145966053,20434.052734375,0.014434034936130047,0.014434034936130047,0.26340553164482117,0.01670341193675995,0.014425982721149921,0.045548565685749054,19208.1328125,0.2711067199707031,0.0009584268097204415
162,0.014236710499972105,0.012156206648796797,0.04161006957292557,17547.240234375,0.22740652412176132,0.0160664115101099,0.04842105135321617,20419.4765625,0.013645359314978123,0.013645359314978123,0.25351065397262573,0.015948239713907242,0.013712874613702297,0.044707316905260086,18853.37109375,0.26558929681777954,0.0009579165564018304
163,0.013611877337098122,0.01155121996998787,0.04121314734220505,17379.857421875,0.2203361839056015,0.01568671502172947,0.04786516726016998,20185.0546875,0.01329345628619194,0.01329345628619194,0.2507789433002472,0.015454909764230251,0.01322545949369669,0.04458900913596153,18803.48046875,0.25810277462005615,0.0009574033359216153
164,0.013474846724420786,0.01143491081893444,0.040798723697662354,17205.08984375,0.2195381373167038,0.015600628219544888,0.047679707407951355,20106.84765625,0.013216642662882805,0.013216642662882805,0.24944600462913513,0.015371900051832199,0.013151745311915874,0.04440309852361679,18725.078125,0.25780296325683594,0.0009568871517973516
165,0.013220260851085186,0.011198322288691998,0.04043877683579922,17053.298828125,0.21655301749706268,0.015566081739962101,0.04748256504535675,20023.7109375,0.013191953301429749,0.013191953301429749,0.249045729637146,0.015419409610331059,0.013207823969423771,0.044231709092855453,18652.802734375,0.25899726152420044,0.0009563680075669077
166,0.013099846430122852,0.011088602244853973,0.04022488556802273,16963.1005859375,0.21551042050123215,0.015395951457321644,0.04722112417221069,19913.458984375,0.013034895062446594,0.013034895062446594,0.2478446215391159,0.015360692515969276,0.013144287280738354,0.04432809352874756,18693.451171875,0.2580069303512573,0.0009558459067884399
167,0.013029801659286022,0.011028295382857323,0.04003012552857399,16880.966796875,0.21497821062803268,0.015852289274334908,0.0471150279045105,19868.716796875,0.013496537692844868,0.013496537692844868,0.25387945771217346,0.01588326506316662,0.013639385811984539,0.04487757384777069,18925.169921875,0.2623259127140045,0.0009553208530403685
168,0.013230414595454931,0.011239063926041126,0.0398270096629858,16795.314453125,0.21843143552541733,0.01529676467180252,0.04690344259142876,19779.490234375,0.012951591983437538,0.012951591983437538,0.246860072016716,0.015435846522450447,0.01322203129529953,0.044276293367147446,18671.60546875,0.2591519355773926,0.0009547928499213533
169,0.012711501214653254,0.010738157201558352,0.039466872811317444,16643.44140625,0.21290291845798492,0.015165654942393303,0.04649103432893753,19605.57421875,0.012841102667152882,0.012841102667152882,0.2466079592704773,0.015240808948874474,0.013026455417275429,0.044287070631980896,18676.150390625,0.2557152211666107,0.0009542619010502682
170,0.01284094387665391,0.010880980640649796,0.03919927217066288,16530.59228515625,0.21466126292943954,0.015012672170996666,0.04625663906335831,19506.73046875,0.012699839659035206,0.012699839659035206,0.24488034844398499,0.015068025328218937,0.01286047138273716,0.04415107145905495,18618.796875,0.25395792722702026,0.0009537280100661779
171,0.01295227138325572,0.011005062144249678,0.03894419223070145,16423.0224609375,0.2160213366150856,0.015736578032374382,0.04639818146824837,19566.41796875,0.013416669331490993,0.013416669331490993,0.25155824422836304,0.01578027568757534,0.01359083317220211,0.0437888503074646,18466.048828125,0.26451754570007324,0.0009531911806283107
172,0.012747352011501789,0.010814879555255175,0.03864945471286774,16298.7314453125,0.21446936577558517,0.015413260087370872,0.04591091722249985,19360.935546875,0.01311771385371685,0.01311771385371685,0.25010406970977783,0.015458496287465096,0.013253097422420979,0.04410796985030174,18600.62109375,0.25799185037612915,0.0009526514164160361
173,0.012479762081056833,0.010559362825006247,0.03840798698365688,16196.90087890625,0.21153733879327774,0.015488572418689728,0.04609166458249092,19437.158203125,0.013183988630771637,0.013183988630771637,0.24947908520698547,0.015778912231326103,0.013576042838394642,0.04405738413333893,18579.291015625,0.2644556760787964,0.000952108721128837
174,0.013002293184399605,0.011079701129347086,0.03845183923840523,16215.39404296875,0.217842236161232,0.014680999331176281,0.04561718553304672,19237.068359375,0.012400140054523945,0.012400140054523945,0.24214422702789307,0.01500123180449009,0.012798206880688667,0.04406050592660904,18580.607421875,0.25317901372909546,0.0009515630984862864
175,0.012889891862869263,0.010974251665174961,0.03831280395388603,16156.76220703125,0.21635247766971588,0.014670169912278652,0.04552267864346504,19197.21484375,0.012394036166369915,0.012394036166369915,0.24151062965393066,0.01494584884494543,0.012758485041558743,0.04374726861715317,18448.51171875,0.2532852292060852,0.0009510145522280209
176,0.012578468769788742,0.01068275049328804,0.03791436739265919,15988.73828125,0.21334097534418106,0.014550214633345604,0.04532533511519432,19113.994140625,0.012283948250114918,0.012283948250114918,0.24042868614196777,0.014793304726481438,0.012608368881046772,0.04369870945811272,18428.03515625,0.251386821269989,0.0009504630861137151
177,0.012713231146335602,0.010825816076248884,0.0377482995390892,15918.70703125,0.21515624970197678,0.014489726163446903,0.04512907564640045,19031.228515625,0.012233272194862366,0.012233272194862366,0.23981663584709167,0.014779174700379372,0.01259697787463665,0.04364394396543503,18404.939453125,0.2512417435646057,0.0009499087039230559
178,0.012584158685058355,0.010710683418437839,0.037469517439603806,15801.14306640625,0.21411557495594025,0.014438270591199398,0.0448845811188221,18928.125,0.012194041162729263,0.012194041162729263,0.23991747200489044,0.014723183587193489,0.012542081996798515,0.04362202808260918,18395.697265625,0.2498607635498047,0.0009493514094557168
179,0.012431048322468996,0.010568785946816206,0.03724525310099125,15706.5693359375,0.21141399443149567,0.014440841972827911,0.04476667568087578,18878.404296875,0.012202507816255093,0.012202507816255093,0.23959921300411224,0.014743422158062458,0.012573903426527977,0.043390367180109024,18298.00390625,0.2508851885795593,0.0009487912065313317
180,0.012641055043786764,0.0107888737693429,0.037043627351522446,15621.53955078125,0.2157304883003235,0.014534621499478817,0.04448521509766579,18759.708984375,0.012310360558331013,0.012310360558331013,0.242080420255661,0.014892222359776497,0.012713190168142319,0.04358065128326416,18378.248046875,0.2517865300178528,0.0009482280989894687
181,0.012569798156619072,0.010721045080572367,0.036975061520934105,15592.62646484375,0.21532157063484192,0.015342315658926964,0.044728681445121765,18862.380859375,0.01310588140040636,0.01310588140040636,0.24913740158081055,0.015809081494808197,0.013646294362843037,0.0432557575404644,18241.23828125,0.2658695876598358,0.0009476620906896039
182,0.013143095653504133,0.01129926834255457,0.03687654994428158,15551.083984375,0.22137457877397537,0.016263602301478386,0.044488221406936646,18760.978515625,0.014039190486073494,0.014039190486073494,0.2616119384765625,0.016655944287776947,0.01445775106549263,0.04396388307213783,18539.859375,0.27188998460769653,0.0009470931855110946
183,0.012680033221840858,0.010849799495190382,0.03660468012094498,15436.435546875,0.21689116954803467,0.015148678794503212,0.04442954435944557,18736.234375,0.012927201576530933,0.012927201576530933,0.2470686435699463,0.01560226734727621,0.013452457264065742,0.042996201664209366,18131.783203125,0.26337236166000366,0.0009465213873531535
184,0.012462512124329805,0.010641358327120543,0.036423069424927235,15359.84912109375,0.21316909044981003,0.014029339887201786,0.04395998641848564,18538.216796875,0.011831340380012989,0.011831340380012989,0.2363211214542389,0.014474684372544289,0.012319127097725868,0.04311113432049751,18180.251953125,0.2474803924560547,0.0009459467001348209
185,0.011507282499223948,0.009700592141598463,0.03613380156457424,15237.86181640625,0.20243416726589203,0.013987387530505657,0.0439082570374012,18516.40234375,0.011791974306106567,0.011791974306106567,0.2359270453453064,0.014459921047091484,0.012303736060857773,0.04312368854880333,18185.544921875,0.24718602001667023,0.0009453691277949389
186,0.011403650045394897,0.009608481079339981,0.035903383046388626,15140.6943359375,0.201571986079216,0.014347352087497711,0.04398711398243904,18549.65625,0.012147996574640274,0.012147996574640274,0.23921652138233185,0.014811480417847633,0.012669828720390797,0.04283302277326584,18062.966796875,0.25300437211990356,0.0009447886742921233
187,0.011342400219291449,0.00955207273364067,0.03580654785037041,15099.85791015625,0.20110303908586502,0.014075085520744324,0.04373093321919441,18441.623046875,0.011888538487255573,0.011888538487255573,0.2376079112291336,0.01453629694879055,0.012377861887216568,0.04316869005560875,18204.521484375,0.24808122217655182,0.0009442053436047377
188,0.011333906557410955,0.009555143304169178,0.03557526133954525,15002.322265625,0.20147176086902618,0.013814248144626617,0.0434926338493824,18341.1328125,0.011639616452157497,0.011639616452157497,0.23423302173614502,0.014280721545219421,0.012143131345510483,0.04275179281830788,18028.712890625,0.24582843482494354,0.0009436191397308651
189,0.01107595395296812,0.009311340749263763,0.03529226593673229,14882.98095703125,0.19844427704811096,0.013929524458944798,0.04339565709233284,18300.234375,0.011759741231799126,0.011759741231799126,0.2352117896080017,0.014477006159722805,0.012345352210104465,0.042633071541786194,17978.650390625,0.2491511106491089,0.0009430300666882817
190,0.011013524606823921,0.009259901475161314,0.03507247008383274,14790.291015625,0.1979934498667717,0.013739429414272308,0.043166808784008026,18203.7265625,0.011581088416278362,0.011581088416278362,0.233963280916214,0.014265809208154678,0.012131727300584316,0.04268163815140724,17999.12890625,0.2451903373003006,0.0009424381285144275
191,0.010956049896776676,0.009214610327035189,0.0348287932574749,14687.53173828125,0.19724254310131073,0.013628607615828514,0.04300922900438309,18137.27734375,0.011478145606815815,0.011478145606815815,0.23275889456272125,0.014166925102472305,0.012038813903927803,0.042562223970890045,17948.76953125,0.2443085014820099,0.0009418433292663809
192,0.010789828840643167,0.009058602154254913,0.03462453372776508,14601.39404296875,0.19568469375371933,0.013703730888664722,0.04297361150383949,18122.2578125,0.011555050499737263,0.011555050499737263,0.2331506907939911,0.014242712408304214,0.01213021669536829,0.04224992170929909,17817.0703125,0.2467128485441208,0.0009412456730208292
193,0.010719350539147854,0.00899532064795494,0.034480600617825985,14540.697265625,0.1950521394610405,0.013721237890422344,0.04279762879014015,18048.04296875,0.011581356637179852,0.011581356637179852,0.23471759259700775,0.014259069226682186,0.012135431170463562,0.04247276484966278,17911.044921875,0.2456652969121933,0.0009406451638740416
194,0.01068549556657672,0.008972414769232273,0.034261614084243774,14448.3505859375,0.19499918818473816,0.013719580136239529,0.04274711385369301,18026.740234375,0.011582224629819393,0.011582224629819393,0.23365405201911926,0.014323070645332336,0.01221686415374279,0.04212411865592003,17764.017578125,0.24819539487361908,0.0009400418059418403
195,0.010686259716749191,0.00898359576240182,0.03405327536165714,14360.49169921875,0.19540894776582718,0.013478063978254795,0.04240031540393829,17880.4921875,0.01135804783552885,0.01135804783552885,0.23186570405960083,0.014056266285479069,0.011943678371608257,0.04225175827741623,17817.845703125,0.24324315786361694,0.0009394356033595729
196,0.011348674073815346,0.009649918880313635,0.033975101076066494,14327.52294921875,0.20438020676374435,0.013421702198684216,0.04232760891318321,17849.830078125,0.01130532193928957,0.01130532193928957,0.2302781343460083,0.014019697904586792,0.011916226707398891,0.04206943139433861,17740.955078125,0.2443360537290573,0.0009388265602820842
197,0.011347596533596516,0.009654531721025705,0.033861296251416206,14279.5322265625,0.2036118060350418,0.013477494940161705,0.0421542190015316,17776.712890625,0.01136978343129158,0.01136978343129158,0.23238083720207214,0.014084311202168465,0.011981036514043808,0.04206548631191254,17739.294921875,0.24377483129501343,0.0009382146808836873
198,0.011396563611924648,0.009699818678200245,0.03393489681184292,14310.5703125,0.20587561279535294,0.014289549551904202,0.0424988754093647,17922.056640625,0.012164605781435966,0.012164605781435966,0.2401827573776245,0.01493808627128601,0.012839583680033684,0.041970040649175644,17699.04296875,0.2567041516304016,0.0009375999693581351
199,0.011965376324951649,0.01027399580925703,0.033827610313892365,14265.328125,0.21310243755578995,0.01569330133497715,0.04251273721456528,17927.90234375,0.013567663729190826,0.013567663729190826,0.25797754526138306,0.01634724996984005,0.014190788380801678,0.043129224330186844,18187.876953125,0.2694091796875,0.0009369824299185914
200,0.011535642202943563,0.00985599122941494,0.0335930185392499,14166.39697265625,0.20935223251581192,0.01459975354373455,0.04232392832636833,17848.279296875,0.012483556754887104,0.012483556754887104,0.2436080127954483,0.015287165530025959,0.013195043429732323,0.04184243828058243,17645.23046875,0.26169127225875854,0.0009363620667976027
201,0.011025446467101574,0.009357217932119966,0.03336457069963217,14070.06005859375,0.19987928867340088,0.013330993242561817,0.041745465248823166,17604.337890625,0.011243719607591629,0.011243719607591629,0.23138123750686646,0.014078769832849503,0.011977478861808777,0.04202582687139511,17722.572265625,0.24408802390098572,0.000935738884247068
202,0.01038703741505742,0.008730961475521326,0.033121515065431595,13967.5615234375,0.19389015436172485,0.012975421734154224,0.041749343276023865,17605.974609375,0.010887954384088516,0.010887954384088516,0.22624388337135315,0.013783128932118416,0.01168825663626194,0.04189743846654892,17668.42578125,0.24107478559017181,0.0009351128865382109
203,0.010184623301029205,0.008533393498510122,0.03302459418773651,13926.689453125,0.19074785709381104,0.012993165291845798,0.04175303503870964,17607.53125,0.010905513539910316,0.010905513539910316,0.2265430986881256,0.013767968863248825,0.011678434908390045,0.0417906753718853,17623.404296875,0.24102862179279327,0.0009344840779615496
204,0.010165276005864143,0.008523537311702967,0.03283477947115898,13846.6435546875,0.19077695161104202,0.01365014910697937,0.04162469878792763,17553.41015625,0.011568914167582989,0.011568914167582989,0.23579898476600647,0.014391804113984108,0.012287077493965626,0.04209452494978905,17751.541015625,0.2476707100868225,0.0009338524628268676
205,0.010367128532379866,0.008737246505916119,0.03259764611721039,13746.64208984375,0.1946888491511345,0.013478626497089863,0.04159124568104744,17539.302734375,0.01139906421303749,0.01139906421303749,0.231960266828537,0.014129412360489368,0.012063109315931797,0.04132605716586113,17427.470703125,0.24754168093204498,0.0009332180454631845
206,0.010220884811133146,0.008598730899393559,0.032443078234791756,13681.46044921875,0.19202562421560287,0.01288387831300497,0.04121098294854164,17378.9453125,0.010823328979313374,0.010823328979313374,0.22665834426879883,0.013511884026229382,0.011438893154263496,0.041459813714027405,17483.876953125,0.23745545744895935,0.0009325808302187257
207,0.010268128477036953,0.008655061712488532,0.03226133342832327,13604.81591796875,0.19189685583114624,0.012748225592076778,0.04096539691090584,17275.376953125,0.010699955746531487,0.010699955746531487,0.22500574588775635,0.013452799990773201,0.011388761922717094,0.041280753910541534,17408.3671875,0.23673100769519806,0.0009319408214608931
208,0.009875852148979902,0.008276282111182809,0.03199140541255474,13490.98681640625,0.1877826228737831,0.013076198287308216,0.04105357825756073,17312.564453125,0.011023519560694695,0.011023519560694695,0.22778600454330444,0.013806205242872238,0.01175683457404375,0.040987417101860046,17284.6640625,0.2430267333984375,0.0009312980235762353
209,0.00978548126295209,0.00819090218283236,0.03189157694578171,13448.88818359375,0.18712051212787628,0.012942029163241386,0.04090838134288788,17251.333984375,0.010896610096096992,0.010896610096096992,0.2277223765850067,0.013679382391273975,0.01160916406661272,0.0414043664932251,17460.494140625,0.23991325497627258,0.0009306524409704167
210,0.009707147721201181,0.008119341684505343,0.03175611235201359,13391.76220703125,0.18608775734901428,0.012820678763091564,0.04073791578412056,17179.44921875,0.010783783160150051,0.010783783160150051,0.22518453001976013,0.013587665744125843,0.011548309586942196,0.04078712314367294,17200.197265625,0.24043631553649902,0.0009300040780681884
211,0.009951245971024036,0.008368792710825801,0.031649066135287285,13346.619140625,0.1901000738143921,0.012567821890115738,0.040544744580984116,17097.98828125,0.010540585033595562,0.010540585033595562,0.22271808981895447,0.013307049870491028,0.011276408098638058,0.040612831711769104,17126.69921875,0.23655781149864197,0.0009293529393133572
212,0.009493951685726643,0.007924152771010995,0.031395978294312954,13239.892578125,0.18371377885341644,0.012528845109045506,0.040433477610349655,17051.064453125,0.010507171042263508,0.010507171042263508,0.22307676076889038,0.013254961930215359,0.011217423714697361,0.04075075685977936,17184.861328125,0.23541618883609772,0.000928699029168755
213,0.009422601666301489,0.007860372308641672,0.03124458808451891,13176.0498046875,0.18302903324365616,0.012613252736628056,0.040423814207315445,17046.98828125,0.010592062026262283,0.010592062026262283,0.22334295511245728,0.013365708291530609,0.011336051858961582,0.04059312492609024,17118.388671875,0.23822417855262756,0.000928042352116209
214,0.009628788102418184,0.008075432386249304,0.03106711432337761,13101.20654296875,0.18590480834245682,0.012386474758386612,0.04022925719618797,16964.943359375,0.010375011712312698,0.010375011712312698,0.22095473110675812,0.013138281181454659,0.011124382726848125,0.040277961641550064,16985.482421875,0.23456889390945435,0.00092738291265651
215,0.00928922207094729,0.007744058733806014,0.030903263948857784,13032.10986328125,0.1815447360277176,0.01236741989850998,0.04016103222966194,16936.171875,0.010359368287026882,0.010359368287026882,0.22136938571929932,0.013116059824824333,0.011092104949057102,0.04047910496592522,17070.3046875,0.2341231256723404,0.0009267207153093822
216,0.00920199602842331,0.007667013676837087,0.030699647963047028,12946.244140625,0.18068207800388336,0.012308766134083271,0.04000229015946388,16869.228515625,0.010308651253581047,0.010308651253581047,0.22021424770355225,0.01305549405515194,0.011043934151530266,0.04023120552301407,16965.765625,0.23466962575912476,0.0009260557646134519
217,0.00912199029698968,0.00759659637697041,0.030507877469062805,12865.3740234375,0.1799253523349762,0.01238284632563591,0.03979208692908287,16780.583984375,0.010393242351710796,0.010393242351710796,0.22205191850662231,0.01307930238544941,0.01107636746019125,0.0400586873292923,16893.01171875,0.23407402634620667,0.0009253880651262172
218,0.009129031328484416,0.007615753449499607,0.030265556648373604,12763.185546875,0.18054667115211487,0.012310629710555077,0.03974343463778496,16760.068359375,0.010323458351194859,0.010323458351194859,0.2205006331205368,0.012999113649129868,0.011004184372723103,0.039898581802845,16825.49609375,0.23380392789840698,0.0009247176214240154
219,0.009168659336864948,0.007666561519727111,0.030041959136724472,12668.89208984375,0.18136567622423172,0.012153282761573792,0.0395563505589962,16681.171875,0.010175464674830437,0.010175464674830437,0.21891692280769348,0.012891796417534351,0.010895220562815666,0.039931513369083405,16839.3828125,0.2324167788028717,0.0009240444381019922
220,0.008963084779679775,0.007466372800990939,0.029934242367744446,12623.46923828125,0.17824865877628326,0.01203148253262043,0.039302583783864975,16574.158203125,0.010066353715956211,0.010066353715956211,0.21791446208953857,0.012806396931409836,0.010821128264069557,0.03970538079738617,16744.021484375,0.2312140166759491,0.0009233685197740714
221,0.00888432515785098,0.007395154796540737,0.029783407226204872,12559.8583984375,0.17757941037416458,0.012013386934995651,0.03920004516839981,16530.919921875,0.01005338504910469,0.01005338504910469,0.2175014764070511,0.012828276492655277,0.010848828591406345,0.03958895057439804,16694.921875,0.23161667585372925,0.0009226898710729209
222,0.008940020576119423,0.007459942949935794,0.029601553454995155,12483.17041015625,0.17864689230918884,0.01209026388823986,0.039157845079898834,16513.123046875,0.010132371447980404,0.010132371447980404,0.2185230553150177,0.01288257073611021,0.010905653238296509,0.03953834995627403,16673.580078125,0.23324620723724365,0.0009220084966499233
223,0.008829277940094471,0.00735684297978878,0.029448702931404114,12418.71240234375,0.17712943255901337,0.012273403815925121,0.03907022252678871,16476.169921875,0.010319892317056656,0.010319892317056656,0.22197377681732178,0.013081170618534088,0.011088586412370205,0.03985167667269707,16805.71484375,0.23441848158836365,0.0009213244011751424
224,0.009093262255191803,0.0076253353618085384,0.029358542524278164,12380.69091796875,0.1814984828233719,0.011890471912920475,0.0389220304787159,16413.6796875,0.00994437001645565,0.00994437001645565,0.21676237881183624,0.012679100967943668,0.010712087154388428,0.03934027627110481,16590.0546875,0.22982780635356903,0.000920637589337292
225,0.008657388854771852,0.007200609659776092,0.02913558203727007,12286.6669921875,0.1755143702030182,0.011887631379067898,0.03888498619198799,16398.0546875,0.009943381883203983,0.009943381883203983,0.21685752272605896,0.01263719704002142,0.010668081231415272,0.03938230872154236,16607.78125,0.2295273244380951,0.0009199480658437039
226,0.008683694992214441,0.007232744712382555,0.029019003733992577,12237.5048828125,0.1759137436747551,0.012410951778292656,0.03894193843007088,16422.0703125,0.010463855229318142,0.010463855229318142,0.2226950079202652,0.013147355988621712,0.011186671443283558,0.039213698357343674,16536.67578125,0.23795002698898315,0.0009192558354202945
227,0.009149418212473392,0.007700558518990874,0.028977197594940662,12219.875,0.18372683227062225,0.011738099157810211,0.0385151207447052,16242.080078125,0.009812342934310436,0.009812342934310436,0.21503831446170807,0.01254766434431076,0.010596750304102898,0.039018288254737854,16454.26953125,0.22893506288528442,0.0009185609028115337
228,0.008562369970604777,0.007125785341486335,0.028731688857078552,12116.3427734375,0.1749577820301056,0.011892423033714294,0.03830075263977051,16151.6806640625,0.009977385401725769,0.009977385401725769,0.2176530808210373,0.012719836086034775,0.010771934874355793,0.03895803168416023,16428.859375,0.23107001185417175,0.0009178632727804119
229,0.008521596435457468,0.0070967599749565125,0.028496728278696537,12017.2587890625,0.17461363971233368,0.011942993849515915,0.03843977674841881,16210.3076171875,0.01002100482583046,0.01002100482583046,0.2173195481300354,0.012745238840579987,0.010799434036016464,0.038916099816560745,16411.177734375,0.23266097903251648,0.0009171629501084071
230,0.008462117286399007,0.007039663847535849,0.02844906970858574,11997.16015625,0.17417306452989578,0.01193330716341734,0.03828788176178932,16146.25390625,0.010018913075327873,0.010018913075327873,0.21874885261058807,0.012764866463840008,0.01081064436584711,0.03908444568514824,16482.169921875,0.23137778043746948,0.0009164599395954524
231,0.008769887033849955,0.0073487116023898125,0.028423503041267395,11986.3779296875,0.17959491908550262,0.011527596041560173,0.0380295105278492,16037.294921875,0.009626120328903198,0.009626120328903198,0.2134782075881958,0.012307077646255493,0.01038739737123251,0.038393598049879074,16190.8349609375,0.2261160910129547,0.0009157542460599035
232,0.008732801768928766,0.00732528674416244,0.02815030049532652,11871.16796875,0.17820723354816437,0.012192368507385254,0.03816596046090126,16094.8369140625,0.01028407085686922,0.01028407085686922,0.22065870463848114,0.012908105738461018,0.010987003333866596,0.03842204809188843,16202.8330078125,0.2361268699169159,0.0009150458743385046
233,0.008620887994766235,0.007216623518615961,0.02808528207242489,11843.74853515625,0.1766108125448227,0.011767152696847916,0.037859175354242325,15965.4638671875,0.0098741939291358,0.0098741939291358,0.21700699627399445,0.012547057121992111,0.010611438192427158,0.03871237859129906,16325.2646484375,0.22915121912956238,0.000914334829286356
234,0.008422039449214935,0.007028376683592796,0.027873260900378227,11754.33740234375,0.17407949268817902,0.011426507495343685,0.03763395920395851,15870.490234375,0.009544809348881245,0.009544809348881245,0.21224325895309448,0.01224316656589508,0.010339144617319107,0.03808043524622917,16058.7724609375,0.2258388102054596,0.0009136211157768811
235,0.008159606251865625,0.006774884415790439,0.02769444417208433,11678.93017578125,0.17050974071025848,0.011394687928259373,0.03772774711251259,15910.0400390625,0.009508300572633743,0.009508300572633743,0.21186891198158264,0.012222517281770706,0.010309497825801373,0.03826039656996727,16134.6611328125,0.2260432243347168,0.0009129047387017925
236,0.00841146195307374,0.007027464918792248,0.027679945342242718,11672.8154296875,0.17381788045167923,0.012263819575309753,0.03778164088726044,15932.767578125,0.010374737903475761,0.010374737903475761,0.22375088930130005,0.013142882846295834,0.011206835508346558,0.03872094675898552,16328.876953125,0.23743440210819244,0.0009121857029710581
237,0.008597221225500107,0.007217080565169454,0.02760281413793564,11640.2880859375,0.1781609207391739,0.01243999507278204,0.037828054279088974,15952.33984375,0.010548592545092106,0.010548592545092106,0.2241532951593399,0.013212976045906544,0.011316991411149502,0.03791968524456024,15990.98046875,0.2408997118473053,0.0009114640135128688
238,0.008558393688872457,0.007184652611613274,0.02747481781989336,11586.31201171875,0.17742688208818436,0.012525557540357113,0.037814248353242874,15946.5166015625,0.01063484512269497,0.01063484512269497,0.22732475399971008,0.01335784513503313,0.011413981206715107,0.038877274841070175,16394.8046875,0.24012281000614166,0.000910739675273603
239,0.008474205620586872,0.007107626413926482,0.0273315766826272,11525.90673828125,0.17654812335968018,0.012958778068423271,0.03778346627950668,15933.537109375,0.011069605126976967,0.011069605126976967,0.23027190566062927,0.013693568296730518,0.011794177815318108,0.037987805902957916,16019.70703125,0.24750371277332306,0.0009100126932177938
240,0.008792329579591751,0.007427947595715523,0.02728764060884714,11507.37841796875,0.17971862107515335,0.01314754318445921,0.037574537098407745,15845.4296875,0.011268815957009792,0.011268815957009792,0.2348061501979828,0.01398203894495964,0.012047039344906807,0.03869999572634697,16320.04296875,0.24866223335266113,0.000909283072328095
241,0.009022701531648636,0.007664569653570652,0.027162639424204826,11454.6640625,0.1842968612909317,0.015347051434218884,0.03809159994125366,16063.4775390625,0.013442471623420715,0.013442471623420715,0.2561871409416199,0.016142932698130608,0.0142350560054183,0.038157541304826736,16091.2890625,0.27709561586380005,0.0009085508176052465
242,0.012407378293573856,0.011002841871231794,0.02809073030948639,11846.046875,0.22740470618009567,0.011071224696934223,0.036930572241544724,15573.8662109375,0.009224696084856987,0.009224696084856987,0.20883096754550934,0.011997012421488762,0.010105212219059467,0.037835996598005295,15955.689453125,0.22361187636852264,0.00090781593406804
243,0.010770098073408008,0.009385112440213561,0.027699709869921207,11681.1513671875,0.20512061566114426,0.01683175191283226,0.03824106231331825,16126.5078125,0.014919698238372803,0.014919698238372803,0.2739049196243286,0.01781454123556614,0.01581689529120922,0.03995290398597717,16848.40234375,0.291145920753479,0.000907078426753285
244,0.010860055685043335,0.009479846339672804,0.02760418225079775,11640.8662109375,0.2096560001373291,0.016692176461219788,0.03842286393046379,16203.1767578125,0.014771034009754658,0.014771034009754658,0.2697696387767792,0.017521141096949577,0.015596793964505196,0.03848692774772644,16230.19140625,0.2917581796646118,0.0009063383007157744
245,0.013965500053018332,0.012541859410703182,0.02847281191498041,12007.171875,0.24480410665273666,0.011463296599686146,0.03712594509124756,15656.2548828125,0.009606999345123768,0.009606999345123768,0.21307547390460968,0.012337036430835724,0.010443986393511295,0.037860993295907974,15966.2314453125,0.22896119952201843,0.0009055955610282487
246,0.012205357663333416,0.01081028115004301,0.027901533991098404,11766.2607421875,0.22687318921089172,0.026637036353349686,0.04064851626753807,17141.748046875,0.024604611098766327,0.024604611098766327,0.35520458221435547,0.027605898678302765,0.02547069825232029,0.042704012244939804,18008.5625,0.3770672678947449,0.000904850212781363
247,0.019238187931478024,0.01776920212432742,0.029379707761108875,12389.6171875,0.29246701300144196,0.01135019026696682,0.037186216562986374,15681.673828125,0.009490879252552986,0.009490879252552986,0.21143943071365356,0.01217909436672926,0.010287689045071602,0.037828102707862854,15952.361328125,0.2266211360692978,0.0009041022610836503
248,0.009545085486024618,0.008176409872248769,0.02737350668758154,11543.5888671875,0.19090772420167923,0.012150617316365242,0.0374431312084198,15790.015625,0.010278460569679737,0.010278460569679737,0.22094124555587769,0.013000125996768475,0.011091089807450771,0.038180723786354065,16101.0625,0.23822815716266632,0.0009033517110614881
249,0.010044755414128304,0.00867033121176064,0.027488483116030693,11592.0751953125,0.1989584118127823,0.016407106071710587,0.03887457400560379,16393.6640625,0.014463377185165882,0.014463377185165882,0.26925036311149597,0.017451398074626923,0.015409593470394611,0.04083609580993652,17220.853515625,0.2870352566242218,0.0009025985678590621
250,0.010811349377036095,0.009420064277946949,0.027825704775750637,11734.28369140625,0.20544295012950897,0.016415756195783615,0.038721706718206406,16329.19921875,0.014479671604931355,0.014479671604931355,0.2672252058982849,0.017217934131622314,0.015270139090716839,0.03895590454339981,16427.96484375,0.2883361577987671,0.0009018428366383317
251,0.01477921474725008,0.013326362241059542,0.029057050123810768,12253.5498046875,0.25309474766254425,0.0129517437890172,0.03786388039588928,15967.447265625,0.011058549396693707,0.011058549396693707,0.23105734586715698,0.013796464540064335,0.011878822930157185,0.03835282847285271,16173.6396484375,0.24914756417274475,0.0009010845225789934
252,0.010412705596536398,0.009032330010086298,0.027607516385614872,11642.271484375,0.20519457757472992,0.019742373377084732,0.03905792906880379,16470.986328125,0.017789477482438087,0.017789477482438087,0.3004138767719269,0.020759640261530876,0.01870195008814335,0.04115380346775055,17354.83203125,0.3197779953479767,0.0009003236308784478
253,0.013842389918863773,0.012431689538061619,0.028214006684720516,11898.03271484375,0.23755018413066864,0.01237939391285181,0.03728480264544487,15723.248046875,0.010515153408050537,0.010515153408050537,0.22424617409706116,0.013221558183431625,0.01131411548703909,0.038148846477270126,16087.62109375,0.2412099540233612,0.0008995601667517607
254,0.010159122757613659,0.008791095111519098,0.02736055478453636,11538.12646484375,0.20032399892807007,0.011236879974603653,0.03694206848740578,15578.7158203125,0.009389776736497879,0.009389776736497879,0.21060511469841003,0.012038109824061394,0.010144672356545925,0.037868741899728775,15969.498046875,0.2249508500099182,0.0008987941354316301
255,0.009998669382184744,0.008641852531582117,0.02713633794337511,11443.572265625,0.19729963690042496,0.01712675392627716,0.038284026086330414,16144.6279296875,0.01521255262196064,0.01521255262196064,0.27655792236328125,0.0180297140032053,0.016029931604862213,0.03999565541744232,16866.431640625,0.29367995262145996,0.0008980255421683486
256,0.011168685741722584,0.009797602193430066,0.027421659789979458,11563.89501953125,0.2103942111134529,0.01751946471631527,0.03867999091744423,16311.6064453125,0.015585465356707573,0.015585465356707573,0.27775686979293823,0.01828102208673954,0.016340412199497223,0.03881218284368515,16367.3525390625,0.299315482378006,0.0008972543922297687
257,0.01764424331486225,0.016181528102606535,0.029254306107759476,12336.73388671875,0.2798359766602516,0.018113480880856514,0.03873579949140549,16335.1416015625,0.01617669127881527,0.01617669127881527,0.283286988735199,0.018950315192341805,0.01699559949338436,0.039094310253858566,16486.326171875,0.30578649044036865,0.0008964806909012655
258,0.01100089680403471,0.009622251614928246,0.027572904713451862,11627.67578125,0.20881782472133636,0.01673232577741146,0.03833203762769699,16164.8720703125,0.014815724454820156,0.014815724454820156,0.2727546989917755,0.017734011635184288,0.015723463147878647,0.04021097719669342,16957.234375,0.290130615234375,0.0008957044434857014
259,0.01376252993941307,0.01235892716795206,0.028072061948478222,11838.17236328125,0.2431093230843544,0.011297119781374931,0.03703232854604721,15616.77734375,0.00944550335407257,0.00944550335407257,0.2125953733921051,0.01216648519039154,0.010261979885399342,0.03809009864926338,16062.845703125,0.22549475729465485,0.0008949256553033892
260,0.011071814922615886,0.009677910478785634,0.027878090739250183,11756.3740234375,0.20363913476467133,0.02405419945716858,0.040285274386405945,16988.564453125,0.022039934992790222,0.022039934992790222,0.33352887630462646,0.024738481268286705,0.02274327166378498,0.03990417718887329,16827.85546875,0.35845500230789185,0.0008941443316920559
261,0.017540864646434784,0.01608066400513053,0.029204022139310837,12315.52783203125,0.2798682451248169,0.010794362984597683,0.03713001310825348,15657.9716796875,0.008937862701714039,0.008937862701714039,0.2059013396501541,0.011720368638634682,0.009808018803596497,0.0382469967007637,16129.009765625,0.2193060964345932,0.0008933604780068062
262,0.010272667976096272,0.008902809349820018,0.027397175319492817,11553.56884765625,0.1987704485654831,0.01587865874171257,0.037759896367788315,15923.5986328125,0.013990663923323154,0.013990663923323154,0.26475077867507935,0.016757048666477203,0.014797416515648365,0.03919263556599617,16527.791015625,0.2802429497241974,0.0008925740996200851
263,0.010191556764766574,0.008837721543386579,0.027076699770987034,11418.42333984375,0.197995126247406,0.016044724732637405,0.038286205381155014,16145.546875,0.01413041539490223,0.01413041539490223,0.2636239528656006,0.016760526224970818,0.014853628352284431,0.03813794627785683,16083.0244140625,0.28416305780410767,0.0008917852019216424
264,0.01391873462125659,0.012501458171755075,0.028345528058707714,11953.4970703125,0.24445677548646927,0.012540833093225956,0.037058860063552856,15627.966796875,0.010687890462577343,0.010687890462577343,0.2263643443584442,0.0133960647508502,0.011515311896800995,0.03761505335569382,15862.515625,0.24481114745140076,0.0008909937903184945
265,0.010058738756924868,0.008697682525962591,0.027221129275858402,11479.33056640625,0.19930385053157806,0.018282998353242874,0.038931239396333694,16417.55859375,0.016336435452103615,0.016336435452103615,0.2873459756374359,0.01933610625565052,0.01728861592710018,0.040949806571006775,17268.802734375,0.3062342703342438,0.000890199870234888
266,0.01294179167598486,0.011541484855115414,0.028006142005324364,11810.37451171875,0.23180918395519257,0.011609373614192009,0.0367857962846756,15512.8115234375,0.009770084172487259,0.009770084172487259,0.21538491547107697,0.012551290914416313,0.010675622150301933,0.037513382732868195,15819.640625,0.23333773016929626,0.0008894034471122621
267,0.00916624115779996,0.0078108967281877995,0.027106892317533493,11431.1552734375,0.18686356395483017,0.010713004507124424,0.03650439903140068,15394.14453125,0.00888778455555439,0.00888778455555439,0.20468026399612427,0.011611279100179672,0.009748397395014763,0.037257641553878784,15711.7919921875,0.21953889727592468,0.0008886045264092117
268,0.008813584689050913,0.007478412473574281,0.02670344617217779,11261.01953125,0.18365664780139923,0.012835994362831116,0.037140510976314545,15662.3984375,0.010978968814015388,0.010978968814015388,0.2321266531944275,0.0137999402359128,0.011870411224663258,0.038590580224990845,16273.90234375,0.24704179167747498,0.0008878031136014499
269,0.00855957972817123,0.007232345407828689,0.02654468733817339,11194.0693359375,0.17768022418022156,0.012396398931741714,0.036909155547618866,15564.8349609375,0.010550941340625286,0.010550941340625286,0.22502651810646057,0.013232697732746601,0.011365783400833607,0.03733828663825989,15745.8017578125,0.2427203357219696,0.0008869992141817703
270,0.008339886320754886,0.00701906462199986,0.026416433043777943,11139.9833984375,0.17600416392087936,0.012134633958339691,0.03658836707472801,15429.5546875,0.01030521560460329,0.01030521560460329,0.22412323951721191,0.013041522353887558,0.011153733357787132,0.037755776196718216,15921.8603515625,0.23828156292438507,0.0008861928336600095
271,0.008574256440624595,0.00726173841394484,0.02625035960227251,11069.94970703125,0.18042198568582535,0.012251347303390503,0.0366990827023983,15476.2470703125,0.010416393168270588,0.010416393168270588,0.22325268387794495,0.013062729500234127,0.011217460967600346,0.03690537437796593,15563.2412109375,0.2410687506198883,0.0008853839775630094
272,0.009126842953264713,0.007806191220879555,0.026413030922412872,11138.54931640625,0.18799709528684616,0.010654319077730179,0.036218058317899704,15273.3955078125,0.008843416348099709,0.008843416348099709,0.20458272099494934,0.011481036432087421,0.009638349525630474,0.03685373067855835,15541.4599609375,0.21778175234794617,0.000884572651434579
273,0.007957127410918474,0.006666156696155667,0.025819416157901287,10888.21875,0.17082807421684265,0.010525363497436047,0.03611746057868004,15230.9716796875,0.008719490841031075,0.008719490841031075,0.20286351442337036,0.011315956711769104,0.009488982148468494,0.03653949126601219,15408.9443359375,0.21596655249595642,0.0008837588608354571
274,0.007656732341274619,0.006372923497110605,0.025676180608570576,10827.814453125,0.16737937927246094,0.010458140634000301,0.035915255546569824,15145.7021484375,0.00866237748414278,0.00866237748414278,0.20240584015846252,0.011334306560456753,0.00950685329735279,0.03654906898736954,15412.9853515625,0.21605727076530457,0.0008829426113432729
275,0.007641033036634326,0.006364703644067049,0.02552658971399069,10764.73193359375,0.16660655289888382,0.010499588213860989,0.03570418432354927,15056.6904296875,0.00871437881141901,0.00871437881141901,0.20280587673187256,0.011375620029866695,0.00956039596349001,0.03630448877811432,15309.8427734375,0.2171514332294464,0.0008821239085525091
276,0.007520150160416961,0.006247156765311956,0.02545986883342266,10736.59423828125,0.16467631608247757,0.010707957670092583,0.03568458557128906,15048.42578125,0.0089237280189991,0.0089237280189991,0.20622286200523376,0.011561903171241283,0.009736678563058376,0.03650449961423874,15394.1884765625,0.2196846306324005,0.0008813027580744632
277,0.00742481742054224,0.006162822246551514,0.02523990161716938,10643.8330078125,0.1633526086807251,0.010842779651284218,0.035719502717256546,15063.150390625,0.009056804701685905,0.009056804701685905,0.2070641815662384,0.011627446860074997,0.009828709065914154,0.035974759608507156,15170.7939453125,0.22210121154785156,0.0008804791655372085
278,0.007379751419648528,0.006122739287093282,0.02514023706316948,10601.8046875,0.1627238392829895,0.010901669040322304,0.03565138950943947,15034.4267578125,0.00911909993737936,0.00911909993737936,0.209196999669075,0.011778065003454685,0.00995992124080658,0.036362871527671814,15334.4619140625,0.22299502789974213,0.0008796531365855559
279,0.00742328679189086,0.006173361325636506,0.024998510256409645,10542.037109375,0.16364553570747375,0.010657592676579952,0.03552353382110596,14980.5087890625,0.00888141617178917,0.00888141617178917,0.20497655868530273,0.011453008279204369,0.00966615043580532,0.03573715314269066,15070.5947265625,0.21969828009605408,0.0008788246768810155
280,0.0072443787939846516,0.006000938825309277,0.024868800304830074,10487.3369140625,0.16083639860153198,0.010531831532716751,0.03529023751616478,14882.1279296875,0.008767319843173027,0.008767319843173027,0.20447319746017456,0.011363433673977852,0.00957303587347269,0.03580796346068382,15100.455078125,0.21786803007125854,0.0008779937921017574
281,0.007181612541899085,0.00594730069860816,0.02468623872846365,10410.349609375,0.16048452258110046,0.010427858680486679,0.035295795649290085,14884.4697265625,0.008663068525493145,0.008663068525493145,0.20258355140686035,0.01127596851438284,0.009488086216151714,0.035757649689912796,15079.2373046875,0.21716280281543732,0.0008771604879425725
282,0.007094556232914329,0.005866864463314414,0.024553836323320866,10354.5146484375,0.15937305241823196,0.010349508374929428,0.0351669043302536,14830.1162109375,0.008591162972152233,0.008591162972152233,0.2021840214729309,0.01124316081404686,0.009451411664485931,0.035834990441799164,15111.853515625,0.21597754955291748,0.0008763247701148346
283,0.007084216922521591,0.005859267432242632,0.024498989805579185,10331.38623046875,0.15943152457475662,0.01025049202144146,0.03490516170859337,14719.7373046875,0.008505233563482761,0.008505233563482761,0.2005845010280609,0.011086729355156422,0.00932223629206419,0.035289861261844635,14881.9677734375,0.21455328166484833,0.00087548664434646
284,0.0071765941102057695,0.005964177893474698,0.02424832060933113,10225.67626953125,0.16054723411798477,0.01039884053170681,0.034856781363487244,14699.3330078125,0.008656001649796963,0.008656001649796963,0.2023649960756302,0.011167144402861595,0.009407681412994862,0.03518926352262497,14839.54296875,0.21661719679832458,0.0008746461163818687
285,0.007018000818789005,0.005808948772028089,0.024181039072573185,10197.30322265625,0.1584133803844452,0.010354327037930489,0.034893885254859924,14714.98046875,0.008609632961452007,0.008609632961452007,0.2025802731513977,0.011235732585191727,0.009452017024159431,0.035674311220645905,15044.0927734375,0.21657538414001465,0.0008738031919819456
286,0.006957214791327715,0.005751576740294695,0.024112765677273273,10168.51318359375,0.15749268233776093,0.010240430943667889,0.03479795157909393,14674.5263671875,0.008500533178448677,0.008500533178448677,0.20065651834011078,0.011100182309746742,0.009341088123619556,0.03518189117312431,14836.4345703125,0.2154952436685562,0.0008729578769239999
287,0.00685299071483314,0.005653588334098458,0.023988046683371067,10115.91845703125,0.15615183860063553,0.010289166122674942,0.03483740985393524,14691.1640625,0.008547295816242695,0.008547295816242695,0.20187592506408691,0.011077498085796833,0.00931618083268404,0.03522634878754616,14855.1826171875,0.2152102142572403,0.0008721101770017265
288,0.006923966808244586,0.005729960976168513,0.02388011384755373,10070.401611328125,0.15752840787172318,0.010153869166970253,0.034711804240942,14638.1962890625,0.008418278768658638,0.008418278768658638,0.19991955161094666,0.010930418968200684,0.009178536012768745,0.035037655383348465,14775.6103515625,0.21325263381004333,0.0008712600980251656
289,0.0067767349537462,0.005591576220467687,0.023703175596892834,9995.7861328125,0.15544074028730392,0.010099392384290695,0.03441666439175606,14513.7353515625,0.008378558792173862,0.008378558792173862,0.19939838349819183,0.010885951109230518,0.009147723205387592,0.03476456180214882,14660.4453125,0.2127145230770111,0.0008704076458206632
290,0.006739654112607241,0.005560391815379262,0.023585242219269276,9946.05322265625,0.15493088215589523,0.010077476501464844,0.034358374774456024,14489.1533203125,0.008359557949006557,0.008359557949006557,0.19941416382789612,0.01091319415718317,0.009168288670480251,0.03489811345934868,14716.7646484375,0.2131660431623459,0.0008695528262308317
291,0.006699558347463608,0.005525909131392837,0.023472984321415424,9898.7119140625,0.15441760420799255,0.010021640919148922,0.0343533419072628,14487.03125,0.008303973823785782,0.008303973823785782,0.19860541820526123,0.010898319073021412,0.009154983796179295,0.03486670181155205,14703.517578125,0.2133796662092209,0.0008686956451145084
292,0.0066722051706165075,0.00550244958139956,0.023395108990371227,9865.87158203125,0.15409496426582336,0.010040436871349812,0.034243855625391006,14440.8603515625,0.008328244090080261,0.008328244090080261,0.1991390585899353,0.010877207852900028,0.009149287827312946,0.03455839678645134,14573.5029296875,0.21330377459526062,0.0008678361083467171
293,0.006644274340942502,0.005480675026774406,0.02327198814600706,9813.950927734375,0.15389840304851532,0.010009264573454857,0.03415396809577942,14402.9541015625,0.0083015663549304,0.0083015663549304,0.19854670763015747,0.010793925262987614,0.009076722897589207,0.03434405103325844,14483.1142578125,0.21216711401939392,0.0008669742218186262
294,0.006630384363234043,0.005475072888657451,0.023106230422854424,9744.0498046875,0.15374961495399475,0.010026007890701294,0.03418031334877014,14414.0654296875,0.008316991850733757,0.008316991850733757,0.19867956638336182,0.010776662267744541,0.009053868241608143,0.03445587307214737,14530.271484375,0.21182173490524292,0.0008661099914375098
295,0.006662028841674328,0.005508523201569915,0.023070111870765686,9728.81884765625,0.15473779290914536,0.010403345339000225,0.03414921090006828,14400.9462890625,0.008695884607732296,0.008695884607732296,0.20437091588974,0.011159475892782211,0.009434294886887074,0.03450361266732216,14550.400390625,0.21759918332099915,0.0008652434231267059
296,0.0067864342126995325,0.005635768873617053,0.02301330864429474,9704.864501953125,0.15735752880573273,0.009998224675655365,0.034021638333797455,14347.1484375,0.008297142572700977,0.008297142572700977,0.19857415556907654,0.010790178552269936,0.009081621654331684,0.03417113050818443,14410.189453125,0.2130480408668518,0.0008643745228255767
297,0.006580262444913387,0.005430033430457115,0.023004580289125443,9701.18359375,0.1537102907896042,0.009862157516181469,0.034021541476249695,14347.109375,0.008161080069839954,0.008161080069839954,0.19713327288627625,0.01071012020111084,0.008988362736999989,0.034435153007507324,14521.5322265625,0.21141988039016724,0.0008635032964894676
298,0.006571823265403509,0.0054298825562000275,0.022838816046714783,9631.27978515625,0.1530671939253807,0.00997908879071474,0.03378671035170555,14248.078125,0.008289753459393978,0.008289753459393978,0.19917821884155273,0.01078079640865326,0.009078901261091232,0.03403789550065994,14354.0048828125,0.21273186802864075,0.0008626297500896666
299,0.00650539924390614,0.005373815773054957,0.022631668485701084,9543.92333984375,0.15275785326957703,0.009962460957467556,0.033746421337127686,14231.087890625,0.008275140076875687,0.008275140076875687,0.19826632738113403,0.010752130299806595,0.009061194024980068,0.03381872922182083,14261.5810546875,0.2131643295288086,0.0008617538896133625
300,0.006514269160106778,0.005386464763432741,0.022556087002158165,9512.05078125,0.15324319899082184,0.009887988679111004,0.0337839312851429,14246.908203125,0.008198792114853859,0.008198792114853859,0.19745388627052307,0.010671047493815422,0.008968967013061047,0.03404160216450691,14355.56640625,0.2113957703113556,0.0008608757210636052
301,0.0063660223968327045,0.005242921877652407,0.02246201131492853,9472.37939453125,0.1507631316781044,0.009923559613525867,0.033724620938301086,14221.896484375,0.008237328380346298,0.008237328380346298,0.1979445517063141,0.010647368617355824,0.008957267738878727,0.03380202129483223,14254.5341796875,0.21159805357456207,0.0008599952504592636
302,0.00649828277528286,0.005378259113058448,0.02240047324448824,9446.42724609375,0.15327127277851105,0.009796025231480598,0.033593352884054184,14166.5380859375,0.008116357959806919,0.008116357959806919,0.19641005992889404,0.010585486888885498,0.008901838213205338,0.03367297351360321,14200.115234375,0.2106858640909195,0.0008591124838349845
303,0.006332463817670941,0.005218325415626168,0.022282768040895462,9396.79052734375,0.15052586048841476,0.00973935890942812,0.03356859087944031,14156.09765625,0.008060929365456104,0.008060929365456104,0.19602836668491364,0.010541291907429695,0.008856569416821003,0.03369445353746414,14209.1728515625,0.21057084202766418,0.0008582274272411517
304,0.006305216578766704,0.005194774130359292,0.02220884896814823,9365.61865234375,0.1499597579240799,0.009741736575961113,0.03342019021511078,14093.513671875,0.008070726878941059,0.008070726878941059,0.1960630714893341,0.010504529811441898,0.008829237893223763,0.03350583463907242,14129.6298828125,0.2099551260471344,0.0008573400867438438
305,0.00626102602109313,0.0051578497514128685,0.022063521668314934,9304.33349609375,0.1495523750782013,0.009859527461230755,0.03348774462938309,14122.0048828125,0.00818513985723257,0.00818513985723257,0.19732341170310974,0.01059927511960268,0.008923901244997978,0.03350748121738434,14130.326171875,0.21138516068458557,0.0008564504684247932
306,0.00635310378856957,0.005254093557596207,0.02198020275682211,9269.1962890625,0.15141308307647705,0.00971632543951273,0.03341905027627945,14093.0322265625,0.008045372553169727,0.008045372553169727,0.19561344385147095,0.010462220758199692,0.00879304762929678,0.033383455127477646,14078.0234375,0.2092372477054596,0.0008555585783813443
307,0.006372757954522967,0.005273953313007951,0.021976091898977757,9267.4619140625,0.1518256664276123,0.010205140337347984,0.033496636897325516,14125.75390625,0.008530308492481709,0.008530308492481709,0.20285654067993164,0.011002976447343826,0.00931871123611927,0.03368529677391052,14205.310546875,0.2173323631286621,0.0008546644227264119
308,0.006488834274932742,0.005394448526203632,0.02188771404325962,9230.19384765625,0.1538071483373642,0.009717588312923908,0.033266205340623856,14028.5791015625,0.0080542778596282,0.0080542778596282,0.1958242505788803,0.010486481711268425,0.008827653713524342,0.03317655250430107,13990.7724609375,0.21079230308532715,0.0008537680075884382
309,0.006246943026781082,0.005157708772458136,0.02178468368947506,9186.7451171875,0.1500454768538475,0.009580891579389572,0.03321194276213646,14005.6962890625,0.00792029406875372,0.00792029406875372,0.19437289237976074,0.010365212336182594,0.008703877218067646,0.03322670981287956,14011.9228515625,0.20876091718673706,0.0008528693391113527
310,0.006126676918938756,0.005040567833930254,0.02172218356281519,9160.388671875,0.14817848801612854,0.009603364393115044,0.033159274607896805,13983.484375,0.007945400662720203,0.007945400662720203,0.1946980357170105,0.010328185744583607,0.008673807606101036,0.03308756276965141,13953.244140625,0.20837712287902832,0.0008519684234545282
311,0.006174098234623671,0.00509208464063704,0.021640272811055183,9125.84521484375,0.14894429594278336,0.009909825399518013,0.03318982943892479,13996.3681640625,0.008250334300100803,0.008250334300100803,0.1984417736530304,0.010587122291326523,0.008941731415688992,0.032907821238040924,13877.4462890625,0.21299920976161957,0.0008510652667927398
312,0.006257625529542565,0.0051796643529087305,0.021559223532676697,9091.6669921875,0.15049709379673004,0.009655846282839775,0.033051058650016785,13937.8515625,0.00800329353660345,0.00800329353660345,0.1955670565366745,0.010403669439256191,0.008752838708460331,0.03301660716533661,13923.3212890625,0.2095285952091217,0.0008501598753161223
313,0.0061562873888760805,0.005084433825686574,0.021437067538499832,9040.1533203125,0.1488875299692154,0.009512120857834816,0.03294377028942108,13892.60546875,0.007864932529628277,0.007864932529628277,0.19365203380584717,0.010262983851134777,0.00862236600369215,0.032812364399433136,13837.19140625,0.20766964554786682,0.0008492522552301272
314,0.006129908142611384,0.005060884635895491,0.021380468271672726,9016.28369140625,0.14856574684381485,0.0098259337246418,0.03300178796052933,13917.0712890625,0.008175844326615334,0.008175844326615334,0.19764193892478943,0.010519507341086864,0.008885818533599377,0.032673779875040054,13778.7490234375,0.21242350339889526,0.0008483424127554811
315,0.006157048977911472,0.005092438543215394,0.021292206831276417,8979.06494140625,0.14989377558231354,0.009687657468020916,0.03295210003852844,13896.119140625,0.008040052838623524,0.008040052838623524,0.19641512632369995,0.010425514541566372,0.008782592602074146,0.03285844251513481,13856.6220703125,0.21037466824054718,0.0008474303541281425
316,0.006116004195064306,0.005056026624515653,0.02119955513626337,8939.9921875,0.14886637777090073,0.009502224624156952,0.03284677490592003,13851.7021484375,0.007859885692596436,0.007859885692596436,0.19351699948310852,0.010205578058958054,0.008574483916163445,0.03262187913060188,13756.8623046875,0.20743900537490845,0.000846516085599259
317,0.005964644951745868,0.004908852279186249,0.02111585345119238,8904.6953125,0.14651407301425934,0.009478610008955002,0.032760296016931534,13815.232421875,0.007840595208108425,0.007840595208108425,0.19327855110168457,0.010167141444981098,0.008543312549591064,0.03247658163309097,13695.5888671875,0.20687612891197205,0.0008455996134351248
318,0.005963103147223592,0.004910246469080448,0.021057129837572575,8879.9306640625,0.14663420617580414,0.009684602729976177,0.03272251412272453,13799.2998046875,0.00804847665131092,0.00804847665131092,0.1966964304447174,0.010431772097945213,0.008803490549325943,0.032565638422966,13733.14453125,0.21075990796089172,0.0008446809439171374
319,0.006011422490701079,0.0049626699183136225,0.020975048653781414,8845.316162109375,0.14742571860551834,0.009436245076358318,0.032724834978580475,13800.2783203125,0.007800003048032522,0.007800003048032522,0.19286781549453735,0.010126185603439808,0.008507995866239071,0.03236379846930504,13648.0263671875,0.20708128809928894,0.0008437600833417549
320,0.0059252409264445305,0.004882535897195339,0.020854098722338676,8794.31201171875,0.14597579836845398,0.009393242187798023,0.0326475165784359,13767.6728515625,0.007760866079479456,0.007760866079479456,0.19239109754562378,0.010052675381302834,0.00843883864581585,0.03227672725915909,13611.3095703125,0.20607499778270721,0.0008428370380204527
321,0.005854361690580845,0.004814700456336141,0.02079322375357151,8768.640380859375,0.14488768577575684,0.009474743157625198,0.03256826102733612,13734.25,0.007846330292522907,0.007846330292522907,0.1939830482006073,0.010209665633738041,0.008591956458985806,0.03235417976975441,13643.9716796875,0.20817068219184875,0.0008419118142796799
322,0.005892574554309249,0.0048541652504354715,0.020768183283507824,8758.08056640625,0.14556343108415604,0.009317217394709587,0.03249393403530121,13702.90625,0.007692520972341299,0.007692520972341299,0.1915152370929718,0.010031682439148426,0.008425145410001278,0.032130736857652664,13549.7431640625,0.20571477711200714,0.0008409844184608164
323,0.005847386084496975,0.004812944447621703,0.020688834600150585,8724.6181640625,0.1448991373181343,0.009489055722951889,0.03260734677314758,13750.734375,0.00785868801176548,0.00785868801176548,0.19371123611927032,0.010142698884010315,0.008535165339708328,0.032150670886039734,13558.150390625,0.2079189121723175,0.0008400548569201295
324,0.005818796809762716,0.00478830561041832,0.020609824918210506,8691.2998046875,0.14478708803653717,0.009723400697112083,0.03253122791647911,13718.6337890625,0.008096839301288128,0.008096839301288128,0.1977255940437317,0.01045552920550108,0.008839431218802929,0.03232195973396301,13630.3837890625,0.21183517575263977,0.0008391231360287296
325,0.005994062405079603,0.004965143511071801,0.020578375086188316,8678.036376953125,0.14833566546440125,0.009301028214395046,0.03230148181319237,13621.7470703125,0.007685954216867685,0.007685954216867685,0.1916380673646927,0.010014200583100319,0.008416324853897095,0.031957510858774185,13476.6943359375,0.2061276137828827,0.0008381892621725278
326,0.006013866746798158,0.004989481996744871,0.020487694069743156,8639.7958984375,0.14839867502450943,0.009444335475564003,0.03236054256558418,13646.6552734375,0.007826308719813824,0.007826308719813824,0.19329623878002167,0.010092094540596008,0.008501422591507435,0.03181344270706177,13415.9384765625,0.20811547338962555,0.0008372532417521906
327,0.00579995708540082,0.0047815180150792,0.020368781872093678,8589.648193359375,0.14487504214048386,0.009483208879828453,0.03229786828160286,13620.2236328125,0.00786831509321928,0.00786831509321928,0.19444842636585236,0.01020065974444151,0.008601867593824863,0.03197585046291351,13484.427734375,0.2089765965938568,0.0008363150811830972
328,0.005813931580632925,0.004798911279067397,0.020300405099987984,8560.814453125,0.1450948491692543,0.00923198089003563,0.03222011774778366,13587.4365234375,0.007620975375175476,0.007620975375175476,0.19078892469406128,0.009920461103320122,0.008332791738212109,0.03175338730216026,13390.61328125,0.20493824779987335,0.0008353747868952953
329,0.005627706879749894,0.004616607911884785,0.020221980288624763,8527.742431640625,0.14200913906097412,0.009298976510763168,0.03222336992621422,13588.80859375,0.007687808014452457,0.007687808014452457,0.19191233813762665,0.009961635805666447,0.00837565679103136,0.03171958401799202,13376.357421875,0.20540639758110046,0.0008344323653334563
330,0.00566226476803422,0.004655235912650824,0.020140579901635647,8493.4150390625,0.14293278753757477,0.009192772209644318,0.03216699883341789,13565.0361328125,0.007584421895444393,0.007584421895444393,0.19045114517211914,0.009846889413893223,0.008267161436378956,0.03159455955028534,13323.634765625,0.20445753633975983,0.0008334878229568325
331,0.005668999394401908,0.004667087458074093,0.02003824058920145,8450.25830078125,0.1429373100399971,0.00933284591883421,0.03212499991059303,13547.32421875,0.007726595737040043,0.007726595737040043,0.19230112433433533,0.010001098737120628,0.008422640152275562,0.03156917169690132,13312.9267578125,0.20708850026130676,0.0008325411662392112
332,0.005672835046425462,0.004672232316806912,0.02001205552369356,8439.216064453125,0.14309557527303696,0.009202824905514717,0.03200686350464821,13497.5068359375,0.007602481637150049,0.007602481637150049,0.19092896580696106,0.009919703006744385,0.008337625302374363,0.031641554087400436,13343.453125,0.20524302124977112,0.0008315924016688717
333,0.005653832107782364,0.004655421944335103,0.019968204200267792,8420.724853515625,0.14323005825281143,0.0092111611738801,0.031978800892829895,13485.671875,0.007612220942974091,0.007612220942974091,0.191098153591156,0.009871081449091434,0.008299683220684528,0.03142796829342842,13253.3818359375,0.20484977960586548,0.0008306415357485403
334,0.005542933940887451,0.004552144790068269,0.0198157811537385,8356.4453125,0.1411260962486267,0.009149329736828804,0.031964011490345,13479.4345703125,0.007551129441708326,0.007551129441708326,0.1899787187576294,0.009830883704125881,0.008266623131930828,0.031285207718610764,13193.1767578125,0.2046288251876831,0.0008296885749953453
335,0.0055387860629707575,0.00454926467500627,0.01979042775928974,8345.754150390625,0.1411040872335434,0.009082091972231865,0.031868670135736465,13439.2275390625,0.007488658186048269,0.007488658186048269,0.18920870125293732,0.009758439846336842,0.00819841492921114,0.031200500205159187,13157.4560546875,0.20350955426692963,0.000828733525940773
336,0.005479468032717705,0.004494077991694212,0.019707798026502132,8310.90771484375,0.1401473432779312,0.009067532606422901,0.031799644231796265,13410.1201171875,0.0074775503017008305,0.0074775503017008305,0.1890861988067627,0.009694259613752365,0.008138749748468399,0.03111020289361477,13119.37890625,0.20271524786949158,0.0008277763951306229
337,0.0054676702711731195,0.004484432050958276,0.019664760679006577,8292.75927734375,0.140088252723217,0.00906667485833168,0.03182513639330864,13420.87109375,0.007475418504327536,0.007475418504327536,0.18905046582221985,0.009761692956089973,0.008200191892683506,0.031230030581355095,13169.91015625,0.2041318714618683,0.0008268171891249622
338,0.005439259111881256,0.004459604620933533,0.019593089818954468,8262.53466796875,0.1397155225276947,0.009084941819310188,0.0317794531583786,13401.603515625,0.007495969533920288,0.007495969533920288,0.18947800993919373,0.009717385284602642,0.008166615851223469,0.031015383079648018,13079.390625,0.20371028780937195,0.0008258559144980815
339,0.005467207869514823,0.004492395557463169,0.019496249966323376,8221.6982421875,0.14020583033561707,0.00909447856247425,0.03166435286402702,13353.068359375,0.007511261384934187,0.007511261384934187,0.18972936272621155,0.009716777130961418,0.008168328553438187,0.030968964099884033,13059.81640625,0.2031847983598709,0.0008248925778384496
340,0.005418007727712393,0.0044470049906522036,0.019420056603848934,8189.56591796875,0.13951503485441208,0.00900707021355629,0.03164474293589592,13344.7978515625,0.007424833253026009,0.007424833253026009,0.18842776119709015,0.009640423581004143,0.008095476776361465,0.030898939818143845,13030.2861328125,0.2021736055612564,0.0008239271857486681
341,0.005354617955163121,0.004386255284771323,0.019367250613868237,8167.298095703125,0.13858647644519806,0.009037577547132969,0.031617213040590286,13333.1875,0.007456716615706682,0.007456716615706682,0.18917891383171082,0.00969085656106472,0.008145608939230442,0.030904952436685562,13032.822265625,0.2036236822605133,0.0008229597448454262
342,0.0054380272049456835,0.004473147448152304,0.01929759280756116,8137.92138671875,0.13994871079921722,0.009080769494175911,0.03159962594509125,13325.7705078125,0.007500787731260061,0.007500787731260061,0.1898615062236786,0.009714283980429173,0.008169126696884632,0.030903153121471405,13032.0634765625,0.20412400364875793,0.0008219902617594552
343,0.00540267420001328,0.004441306460648775,0.019227352924644947,8108.301513671875,0.13964493572711945,0.008983233943581581,0.03142222389578819,13250.9599609375,0.007412123028188944,0.007412123028188944,0.18837779760360718,0.009601820260286331,0.008069674484431744,0.03064291551709175,12922.318359375,0.20216171443462372,0.0008210187431354841
344,0.005317159462720156,0.004359811544418335,0.01914695929735899,8074.39892578125,0.13825134932994843,0.009034084156155586,0.031451571732759476,13263.3349609375,0.007461505476385355,0.007461505476385355,0.18897143006324768,0.009599464014172554,0.008074126206338406,0.03050674870610237,12864.8984375,0.20290260016918182,0.0008200451956321928
345,0.005311890039592981,0.004356341902166605,0.019110960885882378,8059.21728515625,0.13824556022882462,0.009044637903571129,0.03149700164794922,13282.4921875,0.007469788193702698,0.007469788193702698,0.1894780993461609,0.009661966934800148,0.008127782493829727,0.030683692544698715,12939.515625,0.20377443730831146,0.0008190696259221665
346,0.00536648603156209,0.004413091926835477,0.019067881628870964,8041.052001953125,0.13943403959274292,0.008912704885005951,0.03137212619185448,13229.8330078125,0.007344098761677742,0.007344098761677742,0.1876613050699234,0.00950087234377861,0.007977327331900597,0.030470892786979675,12849.7763671875,0.20139791071414948,0.000818092040691851
347,0.005271861096844077,0.004323796834796667,0.0189612852409482,7996.099365234375,0.1377713680267334,0.0089520663022995,0.03126830235123634,13186.0498046875,0.007388651371002197,0.007388651371002197,0.18816301226615906,0.009542366489768028,0.008029353804886341,0.03026026301085949,12760.9521484375,0.20226256549358368,0.0008171124466415059
348,0.005267692264169455,0.004322737688198686,0.018899092450737953,7969.8720703125,0.13781950622797012,0.008941447362303734,0.03127610310912132,13189.3388671875,0.007377642672508955,0.007377642672508955,0.18822336196899414,0.009556950069963932,0.008039552718400955,0.03034794144332409,12797.9267578125,0.2022959440946579,0.0008161308504851593
349,0.00524470885284245,0.0043024064507335424,0.01884604897350073,7947.503662109375,0.13737257570028305,0.008870091289281845,0.031247539445757866,13177.2939453125,0.007307714782655239,0.007307714782655239,0.1870797872543335,0.009450527839362621,0.007940721698105335,0.030196119099855423,12733.90234375,0.20101159811019897,0.0008151472589505611
350,0.005179219646379352,0.004239422036334872,0.018795953132212162,7926.377685546875,0.13633351773023605,0.008827384561300278,0.03112245351076126,13124.5439453125,0.007271262351423502,0.007271262351423502,0.18651083111763,0.009444518014788628,0.007937689311802387,0.03013657033443451,12708.7900390625,0.20071063935756683,0.0008141616787791377
351,0.005209058057516813,0.004272060003131628,0.018739961087703705,7902.765625,0.13702133297920227,0.009135174565017223,0.03126763924956322,13185.7705078125,0.00757179269567132,0.00757179269567132,0.19133475422859192,0.009767984971404076,0.008245158940553665,0.03045651689171791,12843.7138671875,0.20581181347370148,0.0008131741167259453
352,0.00546990311704576,0.0045334488386288285,0.018729085102677345,7898.1787109375,0.1417560800909996,0.008891340345144272,0.031195804476737976,13155.4775390625,0.007331550121307373,0.007331550121307373,0.18774470686912537,0.009468312375247478,0.007957573048770428,0.030214792117476463,12741.7763671875,0.2018086016178131,0.0008121845795596236
353,0.00519417691975832,0.004261362599208951,0.018656287342309952,7867.478759765625,0.13701513409614563,0.009183013811707497,0.03126000612974167,13182.5517578125,0.007620013318955898,0.007620013318955898,0.19145694375038147,0.00973547250032425,0.008233954198658466,0.030030356720089912,12664.0,0.2063230574131012,0.0008111930740623492
354,0.005477596074342728,0.004543591756373644,0.018680081702768803,7877.51416015625,0.14264393597841263,0.008783169090747833,0.031050734221935272,13094.2998046875,0.00723063200712204,0.00723063200712204,0.18620264530181885,0.009337003342807293,0.007838825695216656,0.029963547363877296,12635.826171875,0.19989287853240967,0.0008101996070297903
355,0.0051730291452258825,0.004246199736371636,0.0185365853831172,7817.0,0.13642053306102753,0.009057792834937572,0.031108645722270012,13118.7197265625,0.007502360735088587,0.007502360735088587,0.19042141735553741,0.009639098308980465,0.008131559006869793,0.03015078417956829,12714.7861328125,0.20440512895584106,0.0008092041852710587
356,0.005265574669465423,0.004341305233538151,0.018485387787222862,7795.410400390625,0.13853325694799423,0.00872081983834505,0.03088381327688694,13023.908203125,0.007176629267632961,0.007176629267632961,0.18554097414016724,0.009321880526840687,0.007833174429833889,0.029774121940135956,12555.943359375,0.19996246695518494,0.0008082068156086631
357,0.005107485456392169,0.00418813934084028,0.018386924639344215,7753.8876953125,0.1358204185962677,0.008918235078454018,0.03097454458475113,13062.169921875,0.007369507569819689,0.007369507569819689,0.18811184167861938,0.009460545144975185,0.007969300262629986,0.02982489950954914,12577.357421875,0.20239782333374023,0.0008072075048784639
358,0.005116437561810017,0.004197939415462315,0.018369960598647594,7746.7333984375,0.1363992914557457,0.008909869939088821,0.030972715467214584,13061.3974609375,0.007361234165728092,0.007361234165728092,0.18849994242191315,0.009494169615209103,0.007994570769369602,0.02999197319149971,12647.8125,0.20263263583183289,0.0008062062599296249
359,0.005142312729731202,0.00422441482078284,0.01835795771330595,7741.671875,0.13678943365812302,0.008699995465576649,0.03076786920428276,12975.0126953125,0.0071616023778915405,0.0071616023778915405,0.18530043959617615,0.009268040768802166,0.007789295632392168,0.029574906453490257,12471.931640625,0.1994413435459137,0.0008052030876245668
360,0.005026595434173942,0.004114747978746891,0.018236949108541012,7690.6416015625,0.13461649417877197,0.008747690357267857,0.030750392004847527,12967.642578125,0.00721017038449645,0.00721017038449645,0.1858380138874054,0.00927309412509203,0.007798034232109785,0.02950119599699974,12440.8486328125,0.19964657723903656,0.0008041979948389203
361,0.005007949424907565,0.004099539015442133,0.01816820725798607,7661.65283203125,0.134316585958004,0.008709781803190708,0.030790533870458603,12984.5712890625,0.007170254830271006,0.007170254830271006,0.18564023077487946,0.009238800033926964,0.00775905279442668,0.029594944790005684,12480.3818359375,0.19902610778808594,0.0008031909884614789
362,0.004968662746250629,0.004063521162606776,0.018102829344570637,7634.08203125,0.13369276374578476,0.00864938460290432,0.030697140842676163,12945.1875,0.007114527281373739,0.007114527281373739,0.18465307354927063,0.009199832566082478,0.0077299573458731174,0.029397498816251755,12397.119140625,0.198671355843544,0.0008021820753941513
363,0.004954257048666477,0.004052153788506985,0.018042064737528563,7608.4580078125,0.13358236104249954,0.008665723726153374,0.030658412724733353,12928.853515625,0.007132803555577993,0.007132803555577993,0.18489402532577515,0.009201864711940289,0.007731928024441004,0.029398730024695396,12397.6376953125,0.19894741475582123,0.000801171262551915
364,0.004937821300700307,0.0040366771863773465,0.01802288182079792,7600.367919921875,0.13334579020738602,0.00881287083029747,0.030688364058732986,12941.486328125,0.007278453093022108,0.007278453093022108,0.18738585710525513,0.009371944703161716,0.007894455455243587,0.02954978495836258,12461.3388671875,0.2014348804950714,0.000800158556862768
365,0.00499866995960474,0.004099550191313028,0.017982397228479385,7583.29541015625,0.1347813680768013,0.008604094386100769,0.030603423714637756,12905.666015625,0.007073923014104366,0.007073923014104366,0.184152290225029,0.00916474498808384,0.007697924971580505,0.02933640405535698,12371.3544921875,0.19845984876155853,0.0007991439652676816
366,0.005001403391361237,0.0041065484983846545,0.01789709646254778,7547.323486328125,0.13476229459047318,0.008850962854921818,0.03065667487680912,12928.12109375,0.007318129297345877,0.007318129297345877,0.18755920231342316,0.009355262853205204,0.007894535548985004,0.02921454794704914,12319.9677734375,0.20170573890209198,0.000798127494720553
367,0.0050856738816946745,0.0041898321360349655,0.01791683677583933,7555.64794921875,0.13645298033952713,0.008574340492486954,0.030543528497219086,12880.408203125,0.007047163788229227,0.007047163788229227,0.1839936375617981,0.009114598855376244,0.007651969790458679,0.029252581298351288,12336.005859375,0.198125958442688,0.0007971091521881574
368,0.004856161307543516,0.003966358257457614,0.017796061001718044,7504.716064453125,0.13207029551267624,0.008568967692553997,0.03043317049741745,12833.869140625,0.007047309540212154,0.007047309540212154,0.18408891558647156,0.009107019752264023,0.0076491557992994785,0.02915726974606514,12295.8125,0.1981748640537262,0.0007960889446501008
369,0.004862589528784156,0.003976566484197974,0.017720459029078484,7472.8349609375,0.13223500549793243,0.00863468274474144,0.030420606955885887,12828.5703125,0.007113652303814888,0.007113652303814888,0.1850995421409607,0.009172067046165466,0.007715251762419939,0.029136309400200844,12286.97265625,0.19910147786140442,0.000795066879098771
370,0.004866027040407062,0.0039819442899897695,0.017681653145700693,7456.469482421875,0.1326170489192009,0.008555457927286625,0.030422963201999664,12829.5634765625,0.0070343101397156715,0.0070343101397156715,0.18378567695617676,0.009052356705069542,0.00760348467156291,0.028977442532777786,12219.9794921875,0.19764278829097748,0.0007940429625392913
371,0.0047929922584444284,0.003911932813934982,0.01762118563055992,7430.97021484375,0.13121766597032547,0.008539233356714249,0.03039955534040928,12819.693359375,0.0070192557759583,0.0070192557759583,0.18350766599178314,0.009030619636178017,0.007585653103888035,0.02889932692050934,12187.037109375,0.19737684726715088,0.000793017201989471
372,0.004832783481106162,0.003954145475290716,0.01757276151329279,7410.5498046875,0.13206229731440544,0.008995743468403816,0.030507152900099754,12865.068359375,0.007470386102795601,0.007470386102795601,0.19054193794727325,0.009581491351127625,0.008119399659335613,0.02924182452261448,12331.470703125,0.2052769958972931,0.0007919896044797579
373,0.005100182956084609,0.004220540868118405,0.01759284269064665,7419.017578125,0.13752557337284088,0.00848819874227047,0.03030858002603054,12781.3271484375,0.006972769275307655,0.006972769275307655,0.18297991156578064,0.008978493511676788,0.007539629936218262,0.02877727523446083,12135.5654296875,0.19668510556221008,0.0007909601770531903
374,0.004927920876070857,0.004053160082548857,0.017495217267423868,7377.84912109375,0.13461807370185852,0.008908695541322231,0.030361594632267952,12803.685546875,0.007390615995973349,0.007390615995973349,0.18877007067203522,0.009360719472169876,0.007924942299723625,0.028715550899505615,12109.5361328125,0.20297235250473022,0.0007899289267653487
375,0.004993136739358306,0.004117568023502827,0.01751137152314186,7384.660400390625,0.13595586270093918,0.008618373423814774,0.030303288251161575,12779.0966796875,0.007103208918124437,0.007103208918124437,0.1851719617843628,0.009129837155342102,0.007684068754315376,0.028915375471115112,12193.8037109375,0.19907204806804657,0.0007888958606843069
376,0.004900775384157896,0.004029584000818431,0.01742382813245058,7347.743896484375,0.13405973464250565,0.008553081192076206,0.03019610047340393,12733.89453125,0.007043276447802782,0.007043276447802782,0.18419696390628815,0.009060900658369064,0.007624062243849039,0.028736773878335953,12118.48828125,0.1981707364320755,0.0007878609858905844
377,0.004748637322336435,0.0038821224588900805,0.017330298200249672,7308.300537109375,0.1308199167251587,0.008437415584921837,0.030055582523345947,12674.6376953125,0.006934636272490025,0.006934636272490025,0.18235871195793152,0.008936374448239803,0.007514809723943472,0.02843129076063633,11989.662109375,0.1964084506034851,0.0007868243094770969
378,0.004691431298851967,0.0038278084248304367,0.017272459343075752,7283.909912109375,0.13009188324213028,0.008411751128733158,0.030119968578219414,12701.7890625,0.006905752699822187,0.006905752699822187,0.18216051161289215,0.008925733156502247,0.007492204662412405,0.028670575469732285,12090.5712890625,0.19627001881599426,0.0007857858385491085
379,0.004665418993681669,0.0038034601602703333,0.01723917666822672,7269.874755859375,0.12943243980407715,0.00839860737323761,0.030149826779961586,12714.380859375,0.006891116499900818,0.006891116499900818,0.18199381232261658,0.008904222398996353,0.007473125122487545,0.02862194925546646,12070.0654296875,0.19624832272529602,0.0007847455802241828
380,0.004681069171056151,0.0038214196683838964,0.017192989587783813,7250.397705078125,0.12976239621639252,0.008550882339477539,0.03005565144121647,12674.6669921875,0.007048100233078003,0.007048100233078003,0.18404649198055267,0.008992851711809635,0.007581012323498726,0.028236782178282738,11907.63671875,0.19788432121276855,0.0007837035416321337
381,0.004731568740680814,0.0038743859622627497,0.017143654637038708,7229.59228515625,0.13116493076086044,0.008447268046438694,0.030048061162233353,12671.466796875,0.006944864988327026,0.006944864988327026,0.18290309607982635,0.008905978873372078,0.007482904475182295,0.028461478650569916,12002.3935546875,0.19629892706871033,0.0007826597299149774
382,0.00473659741692245,0.003882093704305589,0.01709007192403078,7206.99658203125,0.13135182857513428,0.008572190999984741,0.03008771874010563,12688.189453125,0.00706780469045043,0.00706780469045043,0.18494898080825806,0.00907529890537262,0.007645784877240658,0.028590278699994087,12056.708984375,0.19892160594463348,0.0007816141522268821
383,0.004694740986451507,0.003841061028651893,0.017073599621653557,7200.050048828125,0.1305544264614582,0.008412770926952362,0.02999626100063324,12649.62109375,0.006912957411259413,0.006912957411259413,0.1823737621307373,0.008918882347643375,0.007502526976168156,0.02832711488008499,11945.732421875,0.1967819631099701,0.0007805668157341204
384,0.004725390113890171,0.0038736065616831183,0.017035669647157192,7184.054443359375,0.13129591196775436,0.008397141471505165,0.02994428016245365,12627.7001953125,0.006899927742779255,0.006899927742779255,0.18205618858337402,0.008842306211590767,0.007431262172758579,0.028220875188708305,11900.9296875,0.19591014087200165,0.0007795177276150193
385,0.004593980731442571,0.0037470090901479125,0.016939431428909302,7143.469970703125,0.12867344915866852,0.00849556177854538,0.029962042346596718,12635.1904296875,0.006997459568083286,0.006997459568083286,0.18374338746070862,0.008944429457187653,0.007526662666350603,0.028355343267321587,11957.6357421875,0.19729310274124146,0.0007784668950599113
386,0.004686300177127123,0.003840747755020857,0.01691104518249631,7131.4990234375,0.13069948554039001,0.008351023308932781,0.029821760952472687,12576.0341796875,0.006859934888780117,0.006859934888780117,0.18181370198726654,0.008860708214342594,0.007448839023709297,0.028237391263246536,11907.8935546875,0.19599124789237976,0.0007774143252710853
387,0.004555395105853677,0.003712204867042601,0.0168638052418828,7111.578125,0.12807556241750717,0.008327716961503029,0.029800329357385635,12566.9951171875,0.00683770002797246,0.00683770002797246,0.181293323636055,0.008807581849396229,0.007406655233353376,0.028018534183502197,11815.6015625,0.19554314017295837,0.0007763600254627364
388,0.004548107273876667,0.0037060858448967338,0.016840428113937378,7101.7197265625,0.12792041152715683,0.008303157053887844,0.029788458719849586,12561.9892578125,0.00681373430415988,0.00681373430415988,0.1811434030532837,0.008780751377344131,0.0073750936426222324,0.02811315841972828,11855.50390625,0.1951981782913208,0.0007753040028609179
389,0.004558467422612011,0.003721586079336703,0.016737624537199736,7058.366455078125,0.1285044476389885,0.008374234661459923,0.029755260795354843,12547.9892578125,0.0068864719942212105,0.0068864719942212105,0.1823093295097351,0.008813547901809216,0.007412197533994913,0.028027011081576347,11819.1748046875,0.19566774368286133,0.00077424626470349
390,0.004528183955699205,0.0036928647896274924,0.01670638658106327,7045.193359375,0.12782814353704453,0.00844647642225027,0.029785972088575363,12560.939453125,0.00695717753842473,0.00695717753842473,0.18298816680908203,0.008828376419842243,0.007438010536134243,0.0278073251247406,11726.5322265625,0.19606897234916687,0.0007731868182400717
391,0.004669194342568517,0.003833991242572665,0.016704061534255743,7044.212158203125,0.13119884580373764,0.00830394122749567,0.029758142307400703,12549.2060546875,0.006816034205257893,0.006816034205257893,0.1810164600610733,0.008724922314286232,0.007332137785851955,0.027855699881911278,11746.93359375,0.19472995400428772,0.0007721256707319907
392,0.004523115698248148,0.0036898705875501037,0.01666489988565445,7027.69775390625,0.12794195115566254,0.00866774097084999,0.02976834587752819,12553.5068359375,0.007179324049502611,0.007179324049502611,0.18682946264743805,0.009125050157308578,0.007724879775196314,0.028003402054309845,11809.21875,0.20072749257087708,0.0007710628294522329
393,0.0048031285405159,0.00397100392729044,0.016642493195831776,7018.2490234375,0.133825846016407,0.00824960507452488,0.029634572565555573,12497.09375,0.006767876446247101,0.006767876446247101,0.1806689202785492,0.00870558526366949,0.007313556037843227,0.02784057892858982,11740.5546875,0.19429418444633484,0.0007699983016853936
394,0.004529207362793386,0.003701282199472189,0.01655850140377879,6982.82958984375,0.12845999747514725,0.008607241325080395,0.029621616005897522,12491.630859375,0.0071261608973145485,0.0071261608973145485,0.18548786640167236,0.008983476087450981,0.007608303800225258,0.02750343643128872,11598.380859375,0.19936011731624603,0.000768932094727627
395,0.004676794400438666,0.0038515827618539333,0.016504233237355947,6959.943603515625,0.13193827867507935,0.008293883875012398,0.02961033582687378,12486.8740234375,0.006813366897404194,0.006813366897404194,0.1812441051006317,0.008685939013957977,0.00729942973703146,0.02773018553853035,11694.0029296875,0.19455380737781525,0.0007678642158865958
396,0.0045574180549010634,0.0037334682419896126,0.016478997189551592,6949.302490234375,0.1294107735157013,0.008380819112062454,0.02965342067182064,12505.04296875,0.006898148451000452,0.006898148451000452,0.1827378273010254,0.008831221610307693,0.007438956759870052,0.02784530259668827,11742.5478515625,0.19655266404151917,0.0007667946724814224
397,0.004460235475562513,0.003637151443399489,0.01646168064326048,6941.99951171875,0.12703941017389297,0.008505288511514664,0.029639728367328644,12499.26953125,0.007023302372545004,0.007023302372545004,0.18417465686798096,0.008897560648620129,0.00752335274592042,0.02748415432870388,11590.25,0.19791331887245178,0.0007657234718426375
398,0.004873874364420772,0.004045592853799462,0.0165656297467649,6985.836181640625,0.13560955226421356,0.008200712502002716,0.029614964500069618,12488.8251953125,0.0067199645563960075,0.0067199645563960075,0.17991352081298828,0.00857887789607048,0.0072009265422821045,0.02755902148783207,11621.8212890625,0.19317997992038727,0.0007646506213121302
399,0.004476821748539805,0.0036578967701643705,0.016378500498831272,6906.921142578125,0.12770040333271027,0.008629219606518745,0.02958259917795658,12475.1767578125,0.007150089833885431,0.007150089833885431,0.18646569550037384,0.00901537761092186,0.0076354187913239,0.027599185705184937,11638.7587890625,0.1998947262763977,0.0007635761282430981
400,0.004505790304392576,0.00369037757627666,0.016308252699673176,6877.297607421875,0.12878485769033432,0.00852352287620306,0.029429947957396507,12410.802734375,0.007052025757730007,0.007052025757730007,0.1845252513885498,0.008904960937798023,0.007539918180555105,0.027300849556922913,11512.9482421875,0.19843365252017975,0.0007624999999999961
401,0.00488644209690392,0.00406586704775691,0.016411503311246634,6920.839599609375,0.13632510602474213,0.008136818185448647,0.02939721569418907,12397.0,0.006666956935077906,0.006666956935077906,0.1793317198753357,0.008578410372138023,0.007202272769063711,0.02752276137471199,11606.5302734375,0.19299419224262238,0.000761422243958487
402,0.004777327761985362,0.003961867303587496,0.016309206373989582,6877.69970703125,0.13195621967315674,0.008140193298459053,0.02941831573843956,12405.896484375,0.006669277790933847,0.006669277790933847,0.17939728498458862,0.008568289689719677,0.0071943956427276134,0.02747788466513157,11587.6044921875,0.1931767761707306,0.0007603428675053898
403,0.004413058049976826,0.0036020033294335008,0.016221093013882637,6840.5419921875,0.12658695876598358,0.008344662375748158,0.029368048533797264,12384.69921875,0.0068762595765292645,0.0068762595765292645,0.18203791975975037,0.008727526292204857,0.00736947963014245,0.02716093696653843,11453.9462890625,0.19596518576145172,0.0007592618780386299
404,0.004442408448085189,0.003631682717241347,0.01621451647952199,6837.768798828125,0.12722669914364815,0.008191445842385292,0.029389850795269012,12393.892578125,0.006721953395754099,0.006721953395754099,0.18020661175251007,0.008564147166907787,0.007195841055363417,0.02736612595617771,11540.4755859375,0.19311514496803284,0.0007581792829671881
405,0.00436282716691494,0.003556849784217775,0.0161195476539433,6797.71923828125,0.1259913444519043,0.008084126748144627,0.029258528724312782,12338.5146484375,0.006621200125664473,0.006621200125664473,0.17870448529720306,0.008475566282868385,0.007114560343325138,0.027220111340284348,11478.9013671875,0.19197295606136322,0.0007570950897110498
406,0.00431568268686533,0.0035128090530633926,0.016057470813393593,6771.540771484375,0.12485305592417717,0.008192159235477448,0.029194636270403862,12311.5703125,0.0067324270494282246,0.0067324270494282246,0.180108442902565,0.008618684485554695,0.007263849023729563,0.02709670178592205,11426.857421875,0.19428497552871704,0.0007560093057011541
407,0.004413162125274539,0.003610598389059305,0.016051275189965963,6768.928955078125,0.126926451921463,0.00809537060558796,0.02920091152191162,12314.216796875,0.0066353254951536655,0.0066353254951536655,0.17871740460395813,0.008426767773926258,0.007077171001583338,0.02699192799627781,11382.673828125,0.19163119792938232,0.0007549219383793432
408,0.004345072200521827,0.003545377985574305,0.01599388523027301,6744.72705078125,0.1254396252334118,0.008467121981084347,0.029251229017972946,12335.4365234375,0.007004560902714729,0.007004560902714729,0.18458548188209534,0.008884274400770664,0.007520089391618967,0.027283700183033943,11505.71484375,0.1983407735824585,0.0007538329951983108
409,0.004500172100961208,0.003701574052684009,0.015971960499882698,6735.481201171875,0.12910928577184677,0.008037627674639225,0.0291936993598938,12311.1748046875,0.0065779429860413074,0.0065779429860413074,0.17804837226867676,0.008476682007312775,0.007115680258721113,0.02722003497183323,11478.869140625,0.1918686032295227,0.0007527424836215516
410,0.004335593665018678,0.003537883749231696,0.01595419691875577,6727.990234375,0.12560878694057465,0.008192968554794788,0.029219502583146095,12322.056640625,0.006731993053108454,0.006731993053108454,0.1802074909210205,0.008560020476579666,0.007211113814264536,0.02697812393307686,11376.8525390625,0.19385093450546265,0.0007516504111233101
411,0.004340357845649123,0.0035461753141134977,0.015883650165051222,6698.239501953125,0.1255338080227375,0.00801609642803669,0.029069911688566208,12258.974609375,0.006562600377947092,0.006562600377947092,0.1779276430606842,0.008407671935856342,0.007061793468892574,0.02691756747663021,11351.3154296875,0.19161462783813477,0.0007505567851885283
412,0.004195477580651641,0.0034018884180113673,0.01587178185582161,6693.23486328125,0.12273995578289032,0.0080244867131114,0.02910049445927143,12271.87109375,0.006569461897015572,0.006569461897015572,0.17806395888328552,0.008391845971345901,0.00704165967181325,0.027003731578588486,11387.6513671875,0.19123515486717224,0.0007494616133127967
413,0.004240612383000553,0.0034488902892917395,0.01583444280549884,6677.489013671875,0.12392931431531906,0.008015858940780163,0.029050733894109726,12250.8857421875,0.006563322618603706,0.006563322618603706,0.17781713604927063,0.008360045962035656,0.0070234932936728,0.026731060817837715,11272.6640625,0.19072413444519043,0.0007483649030023002
414,0.004185231402516365,0.0033959056017920375,0.01578651601448655,6657.277587890625,0.1228683814406395,0.008046773262321949,0.029039576649665833,12246.1806640625,0.006594794802367687,0.006594794802367687,0.178507462143898,0.008454601280391216,0.0071135833859443665,0.026820361614227295,11310.32421875,0.19245809316635132,0.0007472666617737685
415,0.004197444883175194,0.003412502002902329,0.01569885713979602,6620.311767578125,0.12309028208255768,0.007974980399012566,0.029083531349897385,12264.716796875,0.006520803552120924,0.006520803552120924,0.17726972699165344,0.00834768358618021,0.007004782557487488,0.026858018711209297,11326.205078125,0.1905118227005005,0.000746166897154424
416,0.004215352004393935,0.003432238125242293,0.015662276651710272,6604.885009765625,0.1236223354935646,0.008217153139412403,0.029020078480243683,12237.9580078125,0.006766148842871189,0.006766148842871189,0.18063294887542725,0.00853924173861742,0.007209249772131443,0.026599835604429245,11217.3251953125,0.19385042786598206,0.0007450656166819305
417,0.004309032578021288,0.003526494838297367,0.01565075246617198,6600.025634765625,0.12608415633440018,0.007981406524777412,0.028918122872710228,12194.9638671875,0.0065355002880096436,0.0065355002880096436,0.17758536338806152,0.008350616320967674,0.007018112577497959,0.026650065556168556,11238.5087890625,0.19114767014980316,0.0007439628279043408
418,0.0042151473462581635,0.0034356657415628433,0.015589629299938679,6574.24951171875,0.12415991723537445,0.008210867643356323,0.029024936258792877,12240.0078125,0.006759621202945709,0.006759621202945709,0.18117378652095795,0.008580234833061695,0.007241690531373024,0.026770880445837975,11289.45703125,0.19481126964092255,0.0007428585383800457
419,0.0042665861546993256,0.0034870478557422757,0.015590767841786146,6574.729248046875,0.1250516176223755,0.007913787849247456,0.028859008103609085,12170.0341796875,0.006470837630331516,0.006470837630331516,0.1765570491552353,0.008253146894276142,0.0069316294975578785,0.026430347934365273,11145.8525390625,0.18973304331302643,0.0007417527556777223
420,0.0040959203615784645,0.0033210687106475234,0.01549703348428011,6535.201171875,0.12137345224618912,0.007901527918875217,0.028879130259156227,12178.51953125,0.006457571405917406,0.006457571405917406,0.17639273405075073,0.008305403403937817,0.006974818184971809,0.026611708104610443,11222.333984375,0.19028496742248535,0.0007406454873762809
421,0.004081260180100799,0.0033093804959207773,0.015437593217939138,6510.13525390625,0.12116611748933792,0.007938112132251263,0.0288675669580698,12173.6435546875,0.0064947339706122875,0.0064947339706122875,0.17708267271518707,0.008326803334057331,0.006997256074100733,0.026590952649712563,11213.5791015625,0.19075803458690643,0.0007395367410648148
422,0.004085988271981478,0.003316181246191263,0.015396140050143003,6492.654052734375,0.12139000371098518,0.00791273545473814,0.028775285929441452,12134.7275390625,0.00647397106513381,0.00647397106513381,0.17666219174861908,0.008247802034020424,0.006929771043360233,0.02636062167584896,11116.4482421875,0.18993745744228363,0.000738426524342547
423,0.0040503788040950894,0.003282768651843071,0.015352202113717794,6474.124755859375,0.12072239816188812,0.007921765558421612,0.028787458315491676,12139.861328125,0.0064823925495147705,0.0064823925495147705,0.17689567804336548,0.008218202739953995,0.006899511907249689,0.026373807340860367,11122.0087890625,0.1897331029176712,0.0007373148448187787
424,0.0040469627128914,0.0032795281149446964,0.015348692424595356,6472.64501953125,0.12063712626695633,0.00790236797183752,0.02874460257589817,12121.7880859375,0.0064651379361748695,0.0064651379361748695,0.1767181158065796,0.008252526633441448,0.00693405931815505,0.026369351893663406,11120.130859375,0.190005362033844,0.0007362017101128366
425,0.004034591373056173,0.0032697501592338085,0.015296824276447296,6450.771728515625,0.1204896792769432,0.007857202552258968,0.028714030981063843,12108.8955078125,0.006421501282602549,0.006421501282602549,0.1759505271911621,0.00819513201713562,0.00688408175483346,0.026221001520752907,11057.568359375,0.18918627500534058,0.0007350871278540218
426,0.004017828963696957,0.0032554753124713898,0.015247071627527475,6429.790771484375,0.1202060766518116,0.007885906845331192,0.028719721361994743,12111.2958984375,0.00644992059096694,0.00644992059096694,0.17639699578285217,0.00820939801633358,0.006898321211338043,0.026221536099910736,11057.794921875,0.1894908845424652,0.0007339711056815558
427,0.004033674253150821,0.0032737114233896136,0.015199254266917706,6409.62548828125,0.12075826525688171,0.007878853939473629,0.028665216639637947,12088.3115234375,0.006445592734962702,0.006445592734962702,0.17650485038757324,0.008233933709561825,0.006925022695213556,0.026178227737545967,11039.53125,0.1899878978729248,0.0007328536512445299
428,0.004028173862025142,0.0032689470099285245,0.015184537973254919,6403.419921875,0.12060851603746414,0.008180945180356503,0.028748568147420883,12123.4609375,0.006743516772985458,0.006743516772985458,0.1807313859462738,0.008429368026554585,0.007128118071705103,0.026024997234344482,10974.912109375,0.19365809857845306,0.0007317347722018518
429,0.00430232856888324,0.003541090409271419,0.015224761329591274,6420.381591796875,0.1267048940062523,0.007833952084183693,0.02860894426703453,12064.580078125,0.006403505336493254,0.006403505336493254,0.1757069230079651,0.008137060329318047,0.006835630163550377,0.026028594002127647,10976.4287109375,0.18866047263145447,0.0007306144762221927
430,0.003982641967013478,0.00322685984428972,0.015115644782781601,6374.366943359375,0.11984861269593239,0.00787219125777483,0.02861430123448372,12066.8408203125,0.006441476289182901,0.006441476289182901,0.17642094194889069,0.008168918080627918,0.0068642571568489075,0.02609321102499962,11003.6796875,0.18922370672225952,0.0007294927709839364
431,0.003971968893893063,0.0032180710695683956,0.015077955555170774,6358.47314453125,0.11962594091892242,0.007809143979102373,0.028543999418616295,12037.193359375,0.0063819438219070435,0.0063819438219070435,0.1754758358001709,0.008117008954286575,0.006818192545324564,0.02597632445394993,10954.3876953125,0.18840670585632324,0.0007283696641751246
432,0.003943381947465241,0.0031913998536765575,0.015039641410112381,6342.316162109375,0.11904137954115868,0.007778029423207045,0.02850779891014099,12021.9267578125,0.00635263929143548,0.00635263929143548,0.1750318855047226,0.008076461032032967,0.006782947573810816,0.025870276615023613,10909.666015625,0.18799063563346863,0.0007272451634934057
433,0.003937708796001971,0.003186402842402458,0.015026120003312826,6336.613525390625,0.11896847561001778,0.007787213195115328,0.02857353165745735,12049.6474609375,0.006358536425977945,0.006358536425977945,0.17536185681819916,0.008107730187475681,0.0068051014095544815,0.026052575558423996,10986.54296875,0.18866699934005737,0.0007261192766459815
434,0.003922850824892521,0.0031722437124699354,0.015012143179774284,6330.719482421875,0.11877085641026497,0.007764972746372223,0.02853463776409626,12033.24609375,0.0063382405787706375,0.0063382405787706375,0.1748945116996765,0.008090329356491566,0.00679370341822505,0.025932516902685165,10935.9130859375,0.18822315335273743,0.0007249920113495545
435,0.003907875856384635,0.003160111140459776,0.01495529618114233,6306.7470703125,0.11858139932155609,0.007778191938996315,0.028454571962356567,11999.4814453125,0.006355463061481714,0.006355463061481714,0.17512649297714233,0.008057676255702972,0.006769820116460323,0.02575712651014328,10861.951171875,0.18791604042053223,0.0007238633753302745
436,0.003907466190867126,0.003162452019751072,0.014900281094014645,6283.547119140625,0.1186489649116993,0.007809258997440338,0.028490446507930756,12014.607421875,0.006384736392647028,0.006384736392647028,0.17551898956298828,0.00808263011276722,0.006790427956730127,0.025844033807516098,10898.6005859375,0.1882753223180771,0.0007227333763236868
437,0.003890787367708981,0.0031470091780647635,0.014875566586852074,6273.125,0.11831506341695786,0.007784213870763779,0.028426622971892357,11987.693359375,0.006362882908433676,0.006362882908433676,0.17515859007835388,0.008079293183982372,0.006793966982513666,0.025706524029374123,10840.611328125,0.18833455443382263,0.0007216020220746778
438,0.003920880379155278,0.0031775275710970163,0.014867055229842663,6269.535400390625,0.11914779618382454,0.007741513196378946,0.028448907658457756,11997.091796875,0.006319067906588316,0.006319067906588316,0.1747015416622162,0.008034381084144115,0.0067460304126143456,0.02576700784265995,10866.1162109375,0.1878299117088318,0.0007204693203374228
439,0.003907783888280392,0.003166288137435913,0.01482991548255086,6253.873046875,0.11879753321409225,0.007974817417562008,0.028461460024118423,12002.3857421875,0.006551744416356087,0.006551744416356087,0.17844587564468384,0.008237047120928764,0.006948432885110378,0.025772282853722572,10868.3408203125,0.19103097915649414,0.000719335278875333
440,0.0039767681155353785,0.0032350471010431647,0.0148344193585217,6255.7724609375,0.1204773485660553,0.007723415270447731,0.028306009247899055,11936.83203125,0.006308114621788263,0.006308114621788263,0.17452064156532288,0.007985261268913746,0.006708446424454451,0.025536293163895607,10768.8232421875,0.187019482254982,0.0007181999054610013
441,0.003932246821932495,0.003195487428456545,0.014735184609889984,6213.9248046875,0.11969263106584549,0.007832597941160202,0.028311381116509438,11939.095703125,0.006417029071599245,0.006417029071599245,0.1760087013244629,0.008105462417006493,0.006828804034739733,0.0255331639200449,10767.50390625,0.18916745483875275,0.0007170632078761502
442,0.003935049520805478,0.003198873018845916,0.014723530039191246,6209.009521484375,0.11990185081958771,0.007738570682704449,0.028371630236506462,11964.501953125,0.006319988984614611,0.006319988984614611,0.17478537559509277,0.007981430739164352,0.006702371407300234,0.025581179186701775,10787.751953125,0.1873636394739151,0.0007159251939115774
443,0.00383470905944705,0.0030996090499684215,0.014702001120895147,6199.93115234375,0.11755237355828285,0.0076951379887759686,0.028294047340750694,11931.7861328125,0.006280435714870691,0.006280435714870691,0.17412328720092773,0.00798471923917532,0.006711981259286404,0.025454765185713768,10734.4423828125,0.18729965388774872,0.0007147858713671033
444,0.0038154522189870477,0.0030827615410089493,0.014653814490884542,6179.610107421875,0.11716506630182266,0.007710335776209831,0.02831405960023403,11940.224609375,0.00629463279619813,0.00629463279619813,0.17423292994499207,0.00796277541667223,0.006687872111797333,0.02549806796014309,10752.703125,0.18689723312854767,0.000713645248051517
445,0.003817024640738964,0.0030853787902742624,0.014632917940616608,6170.798583984375,0.1172880083322525,0.007719171233475208,0.028326822444796562,11945.607421875,0.006302829831838608,0.006302829831838608,0.1744402050971985,0.007927617989480495,0.006653616204857826,0.025480035692453384,10745.0986328125,0.18656542897224426,0.0007125033317825232
446,0.0037914292188361287,0.0030610915273427963,0.014606751967221498,6159.763427734375,0.11682505160570145,0.007720594760030508,0.028206702321767807,11894.9541015625,0.006310259457677603,0.006310259457677603,0.17481303215026855,0.008007356896996498,0.006736236624419689,0.02542240545153618,10720.7958984375,0.18782655894756317,0.0007113601303866878
447,0.0038416467141360044,0.0031131249852478504,0.014570435043424368,6144.448974609375,0.11792827770113945,0.00769797433167696,0.028238872066140175,11908.5185546875,0.006286030635237694,0.006286030635237694,0.17446938157081604,0.007965958677232265,0.006692965980619192,0.025459861382842064,10736.591796875,0.18738394975662231,0.0007102156516993857
448,0.0037819676799699664,0.0030546748312190175,0.014545855578035116,6134.083251953125,0.11668727174401283,0.007666444405913353,0.028173143044114113,11880.7998046875,0.006257787346839905,0.006257787346839905,0.17386239767074585,0.007883397862315178,0.006620189640671015,0.025264155119657516,10654.0615234375,0.18614554405212402,0.000709069903564745
449,0.003838995238766074,0.0031135514145717025,0.014508876483887434,6118.489013671875,0.11804590001702309,0.007695735897868872,0.028180019930005074,11883.7001953125,0.006286734715104103,0.006286734715104103,0.17423227429389954,0.00793459266424179,0.006674005184322596,0.025211751461029053,10631.9619140625,0.18707339465618134,0.0007079228938355956
450,0.003777126781642437,0.0030543056782335043,0.014456421602517366,6096.368408203125,0.11681793257594109,0.007850992493331432,0.028217213228344917,11899.384765625,0.006440131459385157,0.006440131459385157,0.1768539398908615,0.008100797422230244,0.006832421757280827,0.025367507711052895,10697.6455078125,0.18967986106872559,0.0007067746303734138
451,0.003919813432730734,0.0031964367954060435,0.014467534609138966,6101.054443359375,0.12031643092632294,0.007714615669101477,0.02811368554830551,11855.7275390625,0.006308931391686201,0.006308931391686201,0.17469096183776855,0.007911216467618942,0.006654260214418173,0.025139130651950836,10601.3369140625,0.18683235347270966,0.0007056251210482685
452,0.0037598919589072466,0.003040935844182968,0.014379121363162994,6063.7705078125,0.11654610931873322,0.007772547658532858,0.028066035360097885,11835.6318359375,0.006369245704263449,0.006369245704263449,0.17540335655212402,0.00800304301083088,0.006750830449163914,0.02504424937069416,10561.326171875,0.18822318315505981,0.0007044743737387681
453,0.003919641254469752,0.003200800041668117,0.01437682705000043,6062.802734375,0.1204746849834919,0.00761199276894331,0.02808903343975544,11845.3310546875,0.006207541096955538,0.006207541096955538,0.17315183579921722,0.007843541912734509,0.006586981005966663,0.0251312218606472,10598.0009765625,0.1856318712234497,0.0007033223963320057
454,0.0037416303530335426,0.003024317673407495,0.01434625219553709,6049.908935546875,0.11633319780230522,0.00787386018782854,0.02817378006875515,11881.0703125,0.006465170998126268,0.006465170998126268,0.17740458250045776,0.008108612149953842,0.006842914503067732,0.025313952937722206,10675.0595703125,0.19020389020442963,0.0007021691967235054
455,0.003939152462407947,0.003219786216504872,0.014387327712029219,6067.231201171875,0.1210268884897232,0.007709975820034742,0.027995651587843895,11805.951171875,0.006310193333774805,0.006310193333774805,0.1748429536819458,0.007923128083348274,0.00666918745264411,0.025078805163502693,10575.896484375,0.18726998567581177,0.0007010147828171683
456,0.003726979484781623,0.0030147789511829615,0.014244011603295803,6006.79345703125,0.11621025949716568,0.007815135642886162,0.0279818307608366,11800.123046875,0.006416043732315302,0.006416043732315302,0.17618606984615326,0.007990311831235886,0.00674396101385355,0.024927007034420967,10511.8837890625,0.1883080005645752,0.0006998591625252183
457,0.004097715951502323,0.003381712595000863,0.01432006573304534,6038.86669921875,0.12417994067072868,0.00761746009811759,0.027903670445084572,11767.16015625,0.006222276482731104,0.006222276482731104,0.1732727289199829,0.00782247819006443,0.006580768618732691,0.024834195151925087,10472.7431640625,0.18569548428058624,0.0006987023437681469
458,0.003736035549081862,0.0030236846068874,0.014247020240873098,6008.06201171875,0.11644516885280609,0.007931433618068695,0.028067704290151596,11836.3369140625,0.006528048310428858,0.006528048310428858,0.1784825623035431,0.008208240382373333,0.00694727897644043,0.02521922066807747,10635.1123046875,0.1918850541114807,0.0006975443344746609
459,0.003934605396352708,0.003221475169993937,0.014262604527175426,6014.63427734375,0.12089338153600693,0.007546191103756428,0.027959629893302917,11790.7587890625,0.0061482093296945095,0.0061482093296945095,0.1723838746547699,0.007754315156489611,0.006507012527436018,0.024946052581071854,10519.9150390625,0.18471743166446686,0.000696385142581626
460,0.0037058553425595164,0.0029959961539134383,0.014197184704244137,5987.04638671875,0.1158524714410305,0.007692635990679264,0.027938416227698326,11781.814453125,0.006295714993029833,0.006295714993029833,0.17441362142562866,0.007881037890911102,0.006642303429543972,0.024774683639407158,10447.6484375,0.1870456039905548,0.0006952247760340137
461,0.003713758895173669,0.0030060061253607273,0.014155055861920118,5969.280517578125,0.11622994765639305,0.007738692685961723,0.02797362580895424,11796.6630859375,0.006340011488646269,0.006340011488646269,0.17544612288475037,0.007917030714452267,0.006667789537459612,0.02498481795191765,10536.2626953125,0.1875847578048706,0.0006940632427848466
462,0.0037994002923369408,0.0030929193599149585,0.014129617251455784,5958.55322265625,0.1184273362159729,0.007623057812452316,0.027936093509197235,11780.833984375,0.006226253230124712,0.006226253230124712,0.17369018495082855,0.007835264317691326,0.006586156319826841,0.024982161819934845,10535.1416015625,0.18596237897872925,0.0006929005507951433
463,0.0036529949866235256,0.0029479310614988208,0.014101278502494097,5946.6025390625,0.1149536706507206,0.007633952423930168,0.02788744494318962,11760.3193359375,0.006239579990506172,0.006239579990506172,0.17372378706932068,0.00781845673918724,0.006582407746464014,0.02472098171710968,10425.0,0.1860734075307846,0.0006917367080338646
464,0.0037083765491843224,0.00300339562818408,0.014099615160375834,5945.900146484375,0.11647912859916687,0.0075193122029304504,0.02783592976629734,11738.595703125,0.006127515807747841,0.006127515807747841,0.17224501073360443,0.007709309924393892,0.006471999455243349,0.024746209383010864,10435.640625,0.1844913363456726,0.0006905717224778584
465,0.0037655201740562916,0.003063466399908066,0.014041074085980654,5921.21337890625,0.11753938347101212,0.00804056040942669,0.027913955971598625,11771.4990234375,0.006644862238317728,0.006644862238317728,0.1802530586719513,0.00824655033648014,0.007003524340689182,0.02486051432788372,10483.841796875,0.19290412962436676,0.0006894056021118053
466,0.0038258653366938233,0.0031264598947018385,0.013988110702484846,5898.87890625,0.11960379779338837,0.007664334494620562,0.027823496609926224,11733.3525390625,0.006273159757256508,0.006273159757256508,0.17412647604942322,0.007866542786359787,0.006637726444751024,0.024576334282755852,10364.001953125,0.18685857951641083,0.0006882383549281639
467,0.003997576190158725,0.003294844995252788,0.014054620172828436,5926.92626953125,0.12240112572908401,0.007469507399946451,0.02778380922973156,11716.6162109375,0.006080316845327616,0.006080316845327616,0.17132829129695892,0.0076987952925264835,0.006464513950049877,0.02468562312424183,10410.0908203125,0.18413661420345306,0.0006870699889271154
468,0.0036880114348605275,0.002989379456266761,0.013972639106214046,5892.3544921875,0.11611296236515045,0.007930006831884384,0.027965592220425606,11793.2744140625,0.006531727034598589,0.006531727034598589,0.17860186100006104,0.008156148716807365,0.006903070490807295,0.025061557069420815,10568.6240234375,0.1915946900844574,0.0006859005121165097
469,0.003799082594923675,0.00309956434648484,0.013990364968776703,5899.828857421875,0.11838303133845329,0.007487852592021227,0.02769014984369278,11677.1171875,0.006103345192968845,0.006103345192968845,0.1717240810394287,0.007650670129805803,0.006424144841730595,0.024530505761504173,10344.67578125,0.18374593555927277,0.0006847299325118098
470,0.003721485612913966,0.003024685778655112,0.013935995288193226,5876.901123046875,0.11699965968728065,0.00762550625950098,0.027663614600896835,11665.9287109375,0.006242325529456139,0.006242325529456139,0.17389701306819916,0.007844810374081135,0.006618366111069918,0.024528881534934044,10343.9921875,0.186762273311615,0.0006835582581360373
471,0.0036516343243420124,0.002956502023153007,0.013902646955102682,5862.837890625,0.11591992527246475,0.007672017440199852,0.027777882292866707,11714.115234375,0.006283123046159744,0.006283123046159744,0.1748507022857666,0.007878649979829788,0.006639981642365456,0.024773357436060905,10447.087890625,0.18756623566150665,0.0006823854970197172
472,0.003829163033515215,0.0031333849765360355,0.013915559276938438,5868.282958984375,0.118804220110178,0.007594952825456858,0.027726154774427414,11692.302734375,0.0062086451798677444,0.0062086451798677444,0.17359450459480286,0.007775967009365559,0.006544557865709066,0.024628181010484695,10385.8662109375,0.1857725977897644,0.0006812116572008231
473,0.003589112777262926,0.002898028353229165,0.013821688015013933,5828.697021484375,0.1139272004365921,0.007649601902812719,0.027676813304424286,11671.4951171875,0.0062657613307237625,0.0062657613307237625,0.17405745387077332,0.007806984707713127,0.006587004754692316,0.02439960092306137,10289.4736328125,0.18623092770576477,0.0006800367467247214
474,0.003782606916502118,0.003091916791163385,0.013813799247145653,5825.37060546875,0.1187240332365036,0.007484958507120609,0.02759222313761711,11635.8232421875,0.006105347070842981,0.006105347070842981,0.17168238759040833,0.007610075641423464,0.006395137868821621,0.02429875172674656,10246.943359375,0.18333175778388977,0.0006788607736441172
475,0.0035405834205448627,0.002854457008652389,0.013722526375204325,5786.8798828125,0.11311330273747444,0.007481925655156374,0.02756800688803196,11625.6103515625,0.0061035254038870335,0.0061035254038870335,0.17198756337165833,0.0076540145091712475,0.006433034315705299,0.024419603869318962,10297.908203125,0.18402282893657684,0.0006776837460189979
476,0.003585596801713109,0.00290066737215966,0.013698587659746408,5776.78515625,0.11417786777019501,0.007429440505802631,0.02756061963737011,11622.4951171875,0.006051409523934126,0.006051409523934126,0.17127111554145813,0.007629929110407829,0.00640757055953145,0.02444716915488243,10309.533203125,0.18364913761615753,0.0006765056719165794
477,0.0035100802779197693,0.0028244710993021727,0.013712185434997082,5782.519287109375,0.11250020563602448,0.00745837576687336,0.027526115998625755,11607.9443359375,0.006082070060074329,0.006082070060074329,0.17143671214580536,0.007626135367900133,0.006414099596440792,0.02424071729183197,10222.470703125,0.18367817997932434,0.0006753265594112496
478,0.0035826116800308228,0.0028983966913074255,0.013684299774467945,5770.759765625,0.11409831419587135,0.0073849838227033615,0.027569834142923355,11626.380859375,0.006006491836160421,0.006006491836160421,0.17029112577438354,0.007540564052760601,0.00632501021027565,0.024311071261763573,10252.1396484375,0.18241296708583832,0.0006741464165845136
479,0.0035304116318002343,0.0028474607970565557,0.013659015763550997,5760.09716796875,0.11305674538016319,0.0077377548441290855,0.02767690271139145,11671.533203125,0.006353909615427256,0.006353909615427256,0.1759083867073059,0.007899066433310509,0.006674172356724739,0.024497875943779945,10330.916015625,0.1881631463766098,0.0006729652515249381
480,0.0036041276762261987,0.0029205208411440253,0.013672137167304754,5765.630126953125,0.11515863612294197,0.0074816253036260605,0.027556557208299637,11620.783203125,0.006103797350078821,0.006103797350078821,0.17169103026390076,0.007617578841745853,0.006407056003808975,0.024210453033447266,10209.70703125,0.18383541703224182,0.0006717830723280962
481,0.0037279397947713733,0.003045462421141565,0.013649546075612307,5756.103271484375,0.11784874647855759,0.0074921720661222935,0.027519788593053818,11605.2763671875,0.006116182543337345,0.006116182543337345,0.1719934642314911,0.007649444509297609,0.006436327937990427,0.024262329563498497,10231.5849609375,0.18450812995433807,0.0006705998870965119
482,0.0035354522988200188,0.0028566416585817933,0.013576211407780647,5725.177734375,0.1135387122631073,0.007816349156200886,0.027580350637435913,11630.81640625,0.006437331438064575,0.006437331438064575,0.1774001568555832,0.007983414456248283,0.006761448457837105,0.02443932369351387,10306.2236328125,0.18982034921646118,0.0006694157039396041
483,0.0037736237281933427,0.003093511098995805,0.013602252583950758,5736.1591796875,0.1189582385122776,0.0073298015631735325,0.027405841276049614,11557.2236328125,0.005959509406238794,0.005959509406238794,0.16970890760421753,0.007505219429731369,0.006298622116446495,0.02413194440305233,10176.599609375,0.181961327791214,0.0006682305309736318
484,0.003509212168864906,0.002830940531566739,0.013565432280302048,5720.632568359375,0.11275238543748856,0.007492013741284609,0.027477677911520004,11587.517578125,0.006118129938840866,0.006118129938840866,0.17201879620552063,0.007653261534869671,0.006442546378821135,0.024214303120970726,10211.3310546875,0.18444333970546722,0.0006670443763216375
485,0.003507537068799138,0.00283195439260453,0.013511654455214739,5697.953857421875,0.11312271282076836,0.007551492191851139,0.027506625279784203,11599.7255859375,0.006176161114126444,0.006176161114126444,0.17321239411830902,0.007681890390813351,0.006468862760812044,0.02426055446267128,10230.8369140625,0.18506023287773132,0.0006658572481133926
486,0.0036367076681926847,0.0029599772533401847,0.013534608762711287,5707.633544921875,0.11620360612869263,0.0074692037887871265,0.02739865519106388,11554.193359375,0.00609927112236619,0.00609927112236619,0.17202171683311462,0.0075987852178514,0.006396791432052851,0.024039875715970993,10137.7734375,0.1838195025920868,0.0006646691544853408
487,0.0034600525395944715,0.0027876795502379537,0.01344746071845293,5670.88330078125,0.11206719651818275,0.007498425431549549,0.027355510741472244,11536.0,0.006130649708211422,0.006130649708211422,0.17227797210216522,0.007633198518306017,0.006433476228266954,0.02399444580078125,10118.615234375,0.18440783023834229,0.0006634801035805428
488,0.00362432561814785,0.002950592548586428,0.01347466092556715,5682.353271484375,0.11596222594380379,0.007303713820874691,0.02728864923119545,11507.802734375,0.005939281079918146,0.005939281079918146,0.16938789188861847,0.0074360305443406105,0.006238146685063839,0.023957671597599983,10103.109375,0.1810869574546814,0.0006622901035486204
489,0.0035019676433876157,0.0028310049092397094,0.013419254682958126,5658.988037109375,0.11303067207336426,0.00796824786812067,0.027401885017752647,11555.5556640625,0.006598153617233038,0.006598153617233038,0.17983469367027283,0.008120362646877766,0.006910840515047312,0.024190442636609077,10201.2685546875,0.1922808587551117,0.0006610991625457006
490,0.0036920947022736073,0.0030227997340261936,0.013385902624577284,5644.92333984375,0.11742095649242401,0.007614353206008673,0.027348045259714127,11532.8525390625,0.006246950943022966,0.006246950943022966,0.17399805784225464,0.0077385734766721725,0.006540067959576845,0.0239701084792614,10108.353515625,0.18623922765254974,0.0006599072887343597
491,0.003942719544284046,0.0032714748522266746,0.013424892909824848,5661.36572265625,0.12307931110262871,0.007366440258920193,0.027290131896734238,11508.4287109375,0.006001933477818966,0.006001933477818966,0.1705184131860733,0.007477018982172012,0.006278485059738159,0.023970676586031914,10108.5927734375,0.1820412576198578,0.0006587144902835672
492,0.0038860575295984745,0.003214408759959042,0.013432977255433798,5664.77490234375,0.12187420576810837,0.007289202883839607,0.027265550568699837,11498.0634765625,0.005925925448536873,0.005925925448536873,0.16918638348579407,0.00741278100758791,0.006218662951141596,0.023882362991571426,10071.3515625,0.1809733808040619,0.0006575207753686304
493,0.004029933596029878,0.0033574469853192568,0.013449732214212418,5671.8408203125,0.12366236373782158,0.007482032757252455,0.027348503470420837,11533.0439453125,0.00611460767686367,0.00611460767686367,0.17242926359176636,0.007616132032126188,0.0064123994670808315,0.024074651300907135,10152.439453125,0.1846361607313156,0.0006563261521711373
494,0.004390051239170134,0.0037146859103813767,0.013507306575775146,5696.120361328125,0.13198813423514366,0.008466033264994621,0.02754393219947815,11615.45703125,0.007088836748152971,0.007088836748152971,0.18646332621574402,0.008553583174943924,0.007351441774517298,0.024042818695306778,10139.0146484375,0.19911013543605804,0.0006551306288789019
495,0.004477690905332565,0.0037997785257175565,0.0135582503862679,5717.603271484375,0.13459956645965576,0.008358940482139587,0.027528412640094757,11608.9140625,0.006982520222663879,0.006982520222663879,0.18556615710258484,0.008523376658558846,0.007309435401111841,0.024278828874230385,10238.5419921875,0.19915175437927246,0.0006539342136859066
496,0.004197639646008611,0.003524424391798675,0.01346430554986,5677.986572265625,0.12825345247983932,0.00760264229029417,0.027350543066859245,11533.9033203125,0.006235115230083466,0.006235115230083466,0.17396265268325806,0.007685037795454264,0.006493741646409035,0.02382592111825943,10047.5478515625,0.18567749857902527,0.0006527369147922476
497,0.004395605297759175,0.003720938810147345,0.013493329286575317,5690.226318359375,0.13225962221622467,0.009193199686706066,0.02782692015171051,11734.794921875,0.0078018540516495705,0.0078018540516495705,0.19706378877162933,0.009349831379950047,0.008116258308291435,0.024671457707881927,10404.1171875,0.21144597232341766,0.0006515387404040772
498,0.004317034501582384,0.003642093506641686,0.01349882036447525,5692.54150390625,0.13002309948205948,0.007603098172694445,0.02736402302980423,11539.5888671875,0.006234896834939718,0.006234896834939718,0.17404967546463013,0.007688164245337248,0.006491680163890123,0.02392967976629734,10091.3037109375,0.18577289581298828,0.0006503396987335486
499,0.004139204975217581,0.0034656841307878494,0.013470418751239777,5680.564208984375,0.1273561306297779,0.00797150656580925,0.027374902740120888,11544.1767578125,0.006602761801332235,0.006602761801332235,0.17994758486747742,0.008166796527802944,0.0069622863084077835,0.024090204387903214,10158.9970703125,0.19392859935760498,0.0006491397979987589
500,0.0044655275996774435,0.0037907486548647285,0.013495577033609152,5691.173095703125,0.13291297107934952,0.00885416567325592,0.027522636577486992,11606.4775390625,0.007478033658117056,0.007478033658117056,0.19199246168136597,0.008844146504998207,0.007650315761566162,0.023876620456576347,10068.9287109375,0.20358514785766602,0.0006479390464236939
501,0.004341717576608062,0.003667510231025517,0.013484145514667034,5686.352783203125,0.1308044269680977,0.008042855188250542,0.027386315166950226,11548.9892578125,0.006673539523035288,0.006673539523035288,0.1809806376695633,0.008169968612492085,0.006964109838008881,0.024117177352309227,10170.373046875,0.19423526525497437,0.0006467374522381699
502,0.0038223578594624996,0.003155613550916314,0.013334882911294699,5623.40771484375,0.12103510275483131,0.007206601556390524,0.027135523036122322,11443.23046875,0.005849825218319893,0.005849825218319893,0.16808339953422546,0.007323883008211851,0.006135123316198587,0.023775195702910423,10026.1572265625,0.179805189371109,0.0006455350236777791
503,0.0036221302580088377,0.0029567574383690953,0.013307456392794847,5611.84228515625,0.1155204325914383,0.007222383748739958,0.027153102681040764,11450.6416015625,0.005864728707820177,0.005864728707820177,0.1682976633310318,0.007347282022237778,0.006157010793685913,0.02380542829632759,10038.9072265625,0.1801789402961731,0.0006443317689838323
504,0.0035082449903711677,0.002844852046109736,0.01326785609126091,5595.14208984375,0.11363597959280014,0.007975328713655472,0.02734406292438507,11531.173828125,0.006608125288039446,0.006608125288039446,0.17991647124290466,0.00813579186797142,0.006928995251655579,0.02413593977689743,10178.28515625,0.1933055818080902,0.0006431276964033024
505,0.003648643149062991,0.0029861602233722806,0.013249658513814211,5587.46875,0.11758676543831825,0.007771918084472418,0.027147958055138588,11448.47265625,0.006414520088583231,0.006414520088583231,0.17661845684051514,0.007796094287186861,0.006612901110202074,0.02366385981440544,9979.205078125,0.1872575283050537,0.0006419228141887682
506,0.003659229609183967,0.003001402481459081,0.013156540226191282,5548.199462890625,0.11649215221405029,0.007633619476109743,0.0271178986877203,11435.7978515625,0.006277724634855986,0.006277724634855986,0.1749611496925354,0.007738234009593725,0.006550498306751251,0.02375471405684948,10017.5205078125,0.1866932511329651,0.0006407171305983572
507,0.003563104895874858,0.002906041801907122,0.013141260482370853,5541.756591796875,0.11544152349233627,0.007169801741838455,0.027013225480914116,11391.6552734375,0.005819140467792749,0.005819140467792749,0.16764101386070251,0.007281958591192961,0.006101496983319521,0.023609232157468796,9956.16796875,0.17911487817764282,0.0006395106538956899
508,0.0033890337217599154,0.0027339005609974265,0.013102662283927202,5525.479248046875,0.11103436723351479,0.007208635564893484,0.02704506367444992,11405.0810546875,0.005856382194906473,0.005856382194906473,0.16833633184432983,0.007340444251894951,0.006154118571430445,0.023726511746644974,10005.6259765625,0.18001991510391235,0.0006383033923498224
509,0.003322302713058889,0.002669243374839425,0.013061185833066702,5507.988525390625,0.10969534888863564,0.007348992861807346,0.027072671800851822,11416.724609375,0.005995359271764755,0.005995359271764755,0.17066705226898193,0.007493347395211458,0.006303355097770691,0.023799842223525047,10036.5498046875,0.18259179592132568,0.0006370953542351904
510,0.003330831532366574,0.0026792550925165415,0.013031528797000647,5495.4814453125,0.10990185290575027,0.0071797557175159454,0.027005689218640327,11388.4775390625,0.005829471163451672,0.005829471163451672,0.16780340671539307,0.007279742509126663,0.006102280225604773,0.023549241945147514,9930.87109375,0.1791100800037384,0.0006358865478315516
511,0.0033814883790910244,0.0027314372127875686,0.013001022394746542,5482.61669921875,0.11136474087834358,0.0072026327252388,0.02699526585638523,11384.0830078125,0.005852869246155024,0.005852869246155024,0.16821050643920898,0.007283823564648628,0.006106774788349867,0.023540977388620377,9927.3857421875,0.17942126095294952,0.00063467698142393
512,0.0032803862122818828,0.0026327396044507623,0.01295293215662241,5462.336669921875,0.10879687964916229,0.0072115445509552956,0.026960741728544235,11369.5224609375,0.005863507278263569,0.005863507278263569,0.1686314344406128,0.007337386719882488,0.006154895294457674,0.023649832233786583,9973.291015625,0.18029165267944336,0.0006334666633025581
513,0.003264001337811351,0.002617387450300157,0.0129322768189013,5453.62646484375,0.10850706323981285,0.007110757287591696,0.026901528239250183,11344.5517578125,0.005765680689364672,0.005765680689364672,0.16696378588676453,0.007245211396366358,0.006067694164812565,0.02355034276843071,9931.3349609375,0.1786757856607437,0.0006322556017628209
514,0.0032593089854344726,0.002614023396745324,0.01290570991113782,5442.423095703125,0.10844029113650322,0.007136878557503223,0.026904655620455742,11345.8701171875,0.005791645497083664,0.005791645497083664,0.16725853085517883,0.007273578550666571,0.0060988059267401695,0.023495450615882874,9908.1875,0.17919476330280304,0.0006310438051051985
515,0.0032401045318692923,0.0025967416586354375,0.01286725653335452,5426.206787109375,0.10805092751979828,0.0072101629339158535,0.026848137378692627,11322.037109375,0.005867755971848965,0.005867755971848965,0.16861453652381897,0.0073081678710877895,0.006136620882898569,0.02343093790113926,9880.9814453125,0.17997607588768005,0.0006298312816352096
516,0.0032476638443768024,0.00260690541472286,0.012815168593078852,5404.241455078125,0.10828979685902596,0.007131463382393122,0.02680441550910473,11303.5986328125,0.005791242700070143,0.005791242700070143,0.1673268973827362,0.007185995578765869,0.006020040716975927,0.023319097235798836,9833.8154296875,0.17794352769851685,0.0006286180396633544
517,0.003228078014217317,0.0025890845572575927,0.012779868207871914,5389.354248046875,0.10791159048676491,0.007093377411365509,0.02679513953626156,11299.6865234375,0.005753620527684689,0.005753620527684689,0.16681373119354248,0.007202048785984516,0.006035319063812494,0.023334594443440437,9840.3515625,0.17831206321716309,0.0006274040875050573
518,0.0032399517949670553,0.002600011066533625,0.012798813171684742,5397.34375,0.1082458347082138,0.0072950501926243305,0.026838432997465134,11317.9443359375,0.005953128449618816,0.005953128449618816,0.17014193534851074,0.007392717991024256,0.006222295109182596,0.02340845577418804,9871.5,0.18176530301570892,0.0006261894334806104
519,0.003244016319513321,0.002604457549750805,0.012791176792234182,5394.12353515625,0.10832482948899269,0.007290174253284931,0.02686478942632675,11329.05859375,0.005946934688836336,0.005946934688836336,0.1697581559419632,0.007342604920268059,0.006175515707582235,0.02334178052842617,9843.3828125,0.18078948557376862,0.0006249740859151167
520,0.003391189151443541,0.002750534564256668,0.01281309174373746,5403.365478515625,0.11217050999403,0.007080959156155586,0.026756757870316505,11283.501953125,0.005743121262639761,0.005743121262639761,0.16656707227230072,0.007171208038926125,0.006007336545735598,0.02327742800116539,9816.24609375,0.17776598036289215,0.0006237580531384323
521,0.0032474964391440153,0.002610799972899258,0.01273392653092742,5369.980224609375,0.10878736898303032,0.007238609250634909,0.026792088523507118,11298.3994140625,0.005899004638195038,0.005899004638195038,0.16927757859230042,0.007326983381062746,0.006160250864923,0.023334646597504616,9840.375,0.18078958988189697,0.0006225413434851095
522,0.003225256223231554,0.0025903929490596056,0.012697265017777681,5354.520751953125,0.10804969072341919,0.007182723842561245,0.02674955129623413,11280.4609375,0.005845246370881796,0.005845246370881796,0.16814859211444855,0.0072617060504853725,0.006103108171373606,0.023171957582235336,9771.767578125,0.17976629734039307,0.00062132396529434
523,0.0032355448929592967,0.0026012698654085398,0.012685500551015139,5349.559326171875,0.10825344547629356,0.007178610190749168,0.026728980243206024,11271.7880859375,0.005842160899192095,0.005842160899192095,0.16822417080402374,0.007232298143208027,0.006070825736969709,0.0232294499874115,9796.0126953125,0.17924226820468903,0.0006201059269098977
524,0.0032682244200259447,0.0026344151701778173,0.012676183599978685,5345.630126953125,0.10926150158047676,0.007095503155142069,0.026715293526649475,11266.0146484375,0.005759738385677338,0.005759738385677338,0.1669069528579712,0.007177288644015789,0.006016553845256567,0.023214692249894142,9789.7890625,0.17823711037635803,0.0006188872366800814
525,0.0031635290943086147,0.0025322462897747755,0.012625655625015497,5324.322021484375,0.10683038085699081,0.007095729932188988,0.02671719342470169,11266.8173828125,0.005759870167821646,0.005759870167821646,0.16675624251365662,0.007131500635296106,0.005977111868560314,0.023087777197360992,9736.2685546875,0.17772254347801208,0.0006176679029576576
526,0.0031583242816850543,0.0025274415966123343,0.012617652304470539,5320.947509765625,0.10663891583681107,0.007095602806657553,0.02667928859591484,11250.8330078125,0.005761638283729553,0.005761638283729553,0.16697868704795837,0.007120001129806042,0.00596416974440217,0.023116623982787132,9748.4326171875,0.17770256102085114,0.0006164479340998026
527,0.003148500225506723,0.0025199680821970105,0.012570641003549099,5301.1220703125,0.10648611187934875,0.007062059827148914,0.026663435623049736,11244.146484375,0.005728887859731913,0.005728887859731913,0.1664738655090332,0.007116949185729027,0.005961145740002394,0.023116067051887512,9748.1982421875,0.17753852903842926,0.0006152273384680468
528,0.003125174902379513,0.002497355919331312,0.012556377798318863,5295.107421875,0.10603433847427368,0.007060740143060684,0.026652028784155846,11239.3369140625,0.0057281386107206345,0.0057281386107206345,0.16633138060569763,0.007100442424416542,0.005950827617198229,0.022992296144366264,9696.00390625,0.17735490202903748,0.0006140061244282158
529,0.0031468162778764963,0.0025185528211295605,0.012565269134938717,5298.857421875,0.10659771412611008,0.007046975661069155,0.026631729677319527,11230.775390625,0.005715389270335436,0.005715389270335436,0.1660948097705841,0.007084643468260765,0.005934218410402536,0.023008503019809723,9702.837890625,0.17713773250579834,0.0006127843003503739
530,0.003115595900453627,0.0024890961358323693,0.012529996689409018,5283.98291015625,0.10587397962808609,0.007064546458423138,0.026667773723602295,11245.9765625,0.0057311574928462505,0.0057311574928462505,0.1664941906929016,0.00709937047213316,0.00594374118372798,0.02311258763074875,9746.73046875,0.1773676723241806,0.0006115618746087666
531,0.003097518696449697,0.0024732755264267325,0.012484863866120577,5264.94921875,0.10549475252628326,0.00708148255944252,0.026629474014043808,11229.8251953125,0.00575000885874033,0.00575000885874033,0.16675035655498505,0.007076299283653498,0.005930600222200155,0.02291397750377655,9662.974609375,0.177079439163208,0.0006103388555817632
532,0.0031326347962021828,0.002509007346816361,0.012472548056393862,5259.755615234375,0.10643087327480316,0.0070349895395338535,0.026626979932188988,11228.7734375,0.005703640636056662,0.005703640636056662,0.16608917713165283,0.007060559466481209,0.005915615241974592,0.02289888635277748,9656.6103515625,0.17689955234527588,0.0006091152516517988
533,0.0030838116072118282,0.0024614855647087097,0.012446521315723658,5248.7802734375,0.10529214888811111,0.007034512236714363,0.026644602417945862,11236.205078125,0.005702281836420298,0.005702281836420298,0.16601410508155823,0.007076323963701725,0.005926886573433876,0.02298874966800213,9694.5078125,0.1771245151758194,0.000607891071205318
534,0.0030740477377548814,0.002452869259286672,0.012423567939549685,5239.1005859375,0.10506977513432503,0.007008035201579332,0.026569828391075134,11204.6708984375,0.005679543595761061,0.005679543595761061,0.16561967134475708,0.007035876624286175,0.005890073720365763,0.02291605807840824,9663.8544921875,0.17639000713825226,0.0006066663226327162
535,0.00306949345394969,0.002449338440783322,0.012403099797666073,5230.46923828125,0.10498417168855667,0.007014333736151457,0.026556912809610367,11199.2255859375,0.005686488002538681,0.005686488002538681,0.16574370861053467,0.007054237648844719,0.0059079742059111595,0.022925272583961487,9667.7392578125,0.17684248089790344,0.0006054410143282833
536,0.0030688452534377575,0.0024491605581715703,0.012393693439662457,5226.502197265625,0.10501577332615852,0.00700771901756525,0.026536351069808006,11190.552734375,0.00568090146407485,0.00568090146407485,0.16568809747695923,0.007045890670269728,0.005900241434574127,0.02291298285126686,9662.556640625,0.17691269516944885,0.0006042151546901453
537,0.0030594858108088374,0.002441550837829709,0.012358698062598705,5211.744384765625,0.1048538014292717,0.0069945440627634525,0.026506928727030754,11178.146484375,0.005669197533279657,0.005669197533279657,0.16552114486694336,0.007012606132775545,0.005871361121535301,0.02282489836215973,9625.4111328125,0.17624634504318237,0.0006029887521202067
538,0.0030486059840768576,0.0024323936086148024,0.012324247509241104,5197.217041015625,0.10462270677089691,0.006979148834943771,0.02647455222904682,11164.4931640625,0.005655421409755945,0.005655421409755945,0.1652856171131134,0.007017320953309536,0.0058766626752913,0.02281316928565502,9620.4638671875,0.17623600363731384,0.0006017618150240934
539,0.003048312966711819,0.0024323349352926016,0.01231955923140049,5195.239501953125,0.10470686852931976,0.006991904694586992,0.026482155546545982,11167.7001953125,0.005667796824127436,0.005667796824127436,0.16545170545578003,0.007026837207376957,0.005884926300495863,0.022838212549686432,9631.0263671875,0.17644208669662476,0.0006005343518110949
540,0.0030426925513893366,0.002427711966447532,0.012299610767513514,5186.826904296875,0.10464616119861603,0.007036203518509865,0.026478296145796776,11166.072265625,0.005712288897484541,0.005712288897484541,0.16630612313747406,0.0070482841692864895,0.005907629616558552,0.022813091054558754,9620.4306640625,0.17703679203987122,0.0005993063708941065
541,0.0030622859485447407,0.002448576968163252,0.012274179141968489,5176.102294921875,0.10520540177822113,0.006967406719923019,0.026449445635080338,11153.9052734375,0.005644934251904488,0.005644934251904488,0.16518059372901917,0.006999087054282427,0.005862063728272915,0.022740468382835388,9589.8056640625,0.17628607153892517,0.0005980778806895721
542,0.0030637498712167144,0.0024499547434970737,0.012275902554392815,5176.828857421875,0.10515764355659485,0.00707672955468297,0.026487641036510468,11170.01171875,0.005752347409725189,0.005752347409725189,0.16675639152526855,0.007066294550895691,0.005930609535425901,0.02271369658410549,9578.515625,0.17737051844596863,0.000596848889617426
543,0.0030699821654707193,0.002456962480209768,0.012260395102202892,5170.289794921875,0.10535819455981255,0.007063842378556728,0.026460593566298485,11158.6064453125,0.005740812513977289,0.005740812513977289,0.16684044897556305,0.007051554974168539,0.0059144687838852406,0.02274172008037567,9590.3330078125,0.1772548109292984,0.0005956194061010353
544,0.0030979199800640345,0.002486196579411626,0.012234467547386885,5159.35595703125,0.10625472292304039,0.0069514308124780655,0.026396580040454865,11131.6123046875,0.00563160190358758,0.00563160190358758,0.16502439975738525,0.0069805015809834,0.005843657534569502,0.02273687906563282,9588.2919921875,0.17597153782844543,0.0005943894385671424
545,0.0030278092017397285,0.0024176727747544646,0.012202727608382702,5145.970458984375,0.1044972687959671,0.0069887274876236916,0.026382775977253914,11125.7900390625,0.005669588688760996,0.005669588688760996,0.16544577479362488,0.00700385682284832,0.00587254436686635,0.02262624353170395,9541.6357421875,0.17638766765594482,0.0005931589954458069
546,0.003025151672773063,0.002415985567495227,0.012183320242911577,5137.786865234375,0.10462820157408714,0.007012990303337574,0.02638617716729641,11127.224609375,0.005693681538105011,0.005693681538105011,0.16608193516731262,0.007010819390416145,0.005878465715795755,0.0226470734924078,9550.419921875,0.17683784663677216,0.0005919280851703486
547,0.003024404402822256,0.002417498966678977,0.012138107791543007,5118.719970703125,0.10454532504081726,0.006948790512979031,0.02634231559932232,11108.7275390625,0.0056316745467484,0.0056316745467484,0.16493093967437744,0.006925646215677261,0.005799338221549988,0.022526156157255173,9499.4287109375,0.1751602590084076,0.0005906967161772884
548,0.0030084123136475682,0.002403169055469334,0.012104866094887257,5104.702392578125,0.10418939962983131,0.00694255530834198,0.02633737586438656,11106.6455078125,0.0056256866082549095,0.0056256866082549095,0.164842426776886,0.006925719790160656,0.005799236241728067,0.022529665380716324,9500.9072265625,0.17517605423927307,0.0005894648969062915
549,0.0029952756594866514,0.0023902959073893726,0.012099596206098795,5102.479248046875,0.10384929552674294,0.007033010013401508,0.026354430243372917,11113.8369140625,0.00571528822183609,0.00571528822183609,0.1665109395980835,0.007047026418149471,0.005916386842727661,0.022612793371081352,9535.9638671875,0.17746785283088684,0.0005882326358001093
550,0.0030101174488663673,0.00240505940746516,0.012101159431040287,5103.138427734375,0.10440995544195175,0.00695353327319026,0.02631506696343422,11097.2373046875,0.0056377798318862915,0.0056377798318862915,0.16506323218345642,0.00696171447634697,0.005834703799337149,0.02254020795226097,9505.3544921875,0.1760694682598114,0.0005869999413045214
551,0.003009773325175047,0.002405094914138317,0.012093567755073309,5099.93701171875,0.10435228049755096,0.0069207786582410336,0.026285424828529358,11084.7373046875,0.005606507416814566,0.005606507416814566,0.16476550698280334,0.006934715900570154,0.0058072954416275024,0.022548411041498184,9508.8134765625,0.17559251189231873,0.0005857668218682779
552,0.0030053918017074466,0.002402154030278325,0.012064755894243717,5087.787353515625,0.10432304069399834,0.00694984570145607,0.026311084628105164,11095.5576171875,0.005634291563183069,0.005634291563183069,0.16507405042648315,0.006909105461090803,0.005785783287137747,0.022466445341706276,9474.2490234375,0.17522557079792023,0.0005845332859430413
553,0.0029646699549630284,0.0023629727074876428,0.012033944018185139,5074.793212890625,0.10335810109972954,0.00693002063781023,0.026331258937716484,11104.0654296875,0.005613457877188921,0.005613457877188921,0.16466976702213287,0.006908566225320101,0.005782832391560078,0.022514672949910164,9494.5859375,0.1751517355442047,0.0005832993419833289
554,0.002960869576781988,0.002359220525249839,0.012032981961965561,5074.38720703125,0.10322608426213264,0.006936233025044203,0.0263076014816761,11094.08984375,0.005620853044092655,0.005620853044092655,0.16494914889335632,0.006931164301931858,0.005804374814033508,0.022535791620612144,9503.4921875,0.17555615305900574,0.0005820649984464542
555,0.002946278196759522,0.002346065593883395,0.01200425112619996,5062.271728515625,0.10299384593963623,0.006911801174283028,0.026253070682287216,11071.09375,0.005599147640168667,0.005599147640168667,0.16445501148700714,0.006877184845507145,0.005756734404712915,0.02240900695323944,9450.02734375,0.17464061081409454,0.0005808302637924698
556,0.0030044637387618423,0.0024046957259997725,0.011995361652225256,5058.5234375,0.10440480709075928,0.006916871760040522,0.026205191388726234,11050.9013671875,0.00560661219060421,0.00560661219060421,0.16449925303459167,0.0068911174312233925,0.0057729133404791355,0.02236408181488514,9431.0810546875,0.1750737726688385,0.0005795951464841086
557,0.0029578404501080513,0.002359723555855453,0.011962336953729391,5044.5966796875,0.10330354794859886,0.0069763618521392345,0.02622840739786625,11060.693359375,0.005664941389113665,0.005664941389113665,0.16569307446479797,0.006959699094295502,0.005835374817252159,0.022486485540866852,9482.6982421875,0.1761644333600998,0.0005783596549867263
558,0.00298053037840873,0.0023823525989428163,0.0119635546579957,5045.10986328125,0.10388407111167908,0.006877722218632698,0.026202410459518433,11049.73046875,0.005567601881921291,0.005567601881921291,0.16407467424869537,0.006872635334730148,0.0057516456581652164,0.02241978980600834,9454.57421875,0.17456558346748352,0.0005771237977682435
559,0.002930293441750109,0.0023329397663474083,0.011947073973715305,5038.159912109375,0.10274943709373474,0.006846940610557795,0.026179702952504158,11040.1533203125,0.005537955556064844,0.005537955556064844,0.1635589748620987,0.006854072213172913,0.005736911669373512,0.022343214601278305,9422.2802734375,0.17445291578769684,0.000575887583299087
560,0.0029168141772970557,0.0023210893850773573,0.011914496310055256,5024.422119140625,0.10243556275963783,0.006904338486492634,0.026221532374620438,11057.7939453125,0.005593261681497097,0.005593261681497097,0.16449037194252014,0.006842765957117081,0.005724324379116297,0.02236882969737053,9433.083984375,0.17451253533363342,0.0005746510200521325
561,0.0029120799154043198,0.0023171906359493732,0.011897786054760218,5017.375244140625,0.10235003381967545,0.006877534557133913,0.02619655430316925,11047.259765625,0.005567706655710936,0.005567706655710936,0.1640278697013855,0.006812220439314842,0.005697226617485285,0.022299874573946,9404.00390625,0.1740064173936844,0.0005734141165026458
562,0.002898154081776738,0.0023047568975016475,0.011867944616824389,5004.79052734375,0.10208470746874809,0.006878054700791836,0.026148950681090355,11027.1845703125,0.0055706072598695755,0.0055706072598695755,0.1641869843006134,0.0068580820225179195,0.005743544083088636,0.022290755063295364,9400.1591796875,0.1747596114873886,0.0005721768811282256
563,0.0028994559543207288,0.0023072471376508474,0.011844176799058914,4994.76708984375,0.10220399871468544,0.006889040116220713,0.026137812063097954,11022.4873046875,0.005582149606198072,0.005582149606198072,0.16417238116264343,0.006854882929474115,0.005742399953305721,0.022249657660722733,9382.8271484375,0.17464236915111542,0.0005709393224087445
564,0.0029179680859670043,0.00232627778314054,0.011833804193884134,4990.3934326171875,0.10268475115299225,0.006840362213551998,0.0261241402477026,11016.7216796875,0.005534155294299126,0.005534155294299126,0.16350676119327545,0.006819379515945911,0.005704529117792845,0.022297007963061333,9402.794921875,0.1740405112504959,0.0005697014488262915
565,0.002961249789223075,0.002369603083934635,0.011832933872938156,4990.02587890625,0.10406438261270523,0.006988462060689926,0.026119913905858994,11014.9384765625,0.005682466086000204,0.005682466086000204,0.1661738157272339,0.006969607435166836,0.005853643175214529,0.022319285199046135,9412.1904296875,0.17677968740463257,0.0005684632688651133
566,0.002955283969640732,0.002364009036682546,0.011825498193502426,4986.890869140625,0.10362076759338379,0.006905081681907177,0.026126645505428314,11017.77734375,0.005598749499768019,0.005598749499768019,0.16451354324817657,0.006861727684736252,0.0057494849897921085,0.022244855761528015,9380.802734375,0.17489811778068542,0.0005672247910115569
567,0.0029835522873327136,0.0023920172825455666,0.011830699630081654,4989.083740234375,0.1044621542096138,0.006841331720352173,0.026111366227269173,11011.3359375,0.005535763222724199,0.005535763222724199,0.16347675025463104,0.006768452934920788,0.005661326460540295,0.022142531350255013,9337.65234375,0.17359928786754608,0.0005659860237540107
568,0.002906137495301664,0.0023164349840953946,0.011794050689786673,4973.62939453125,0.10236675664782524,0.006974495481699705,0.02610625885426998,11009.181640625,0.0056691826321184635,0.0056691826321184635,0.1658121943473816,0.00691597256809473,0.005803597159683704,0.02224750630557537,9381.919921875,0.17610396444797516,0.0005647469755828469
569,0.0029222379671409726,0.0023333010030910373,0.011778739746659994,4967.17236328125,0.10302853211760521,0.006857396103441715,0.026061445474624634,10990.2822265625,0.005554323550313711,0.005554323550313711,0.16381984949111938,0.006826438009738922,0.005715503357350826,0.02221868745982647,9369.7666015625,0.1743054836988449,0.000563507654990363
570,0.002929876442067325,0.0023422761587426066,0.011752006597816944,4955.898681640625,0.1032119132578373,0.0067913951352238655,0.026019206270575523,10972.470703125,0.005490434821695089,0.005490434821695089,0.16274702548980713,0.006761795841157436,0.005655455868691206,0.02212679758667946,9331.015625,0.17325788736343384,0.0005622680704707234
571,0.0028884599450975657,0.002301749773323536,0.011734203901141882,4948.391357421875,0.10208128020167351,0.006958145648241043,0.02607356198132038,10995.392578125,0.005654467269778252,0.005654467269778252,0.16554611921310425,0.006891265045851469,0.0057818093337118626,0.02218911424279213,9357.294921875,0.17588494718074799,0.0005610282305199017
572,0.002896423451602459,0.002310478826984763,0.011718892492353916,4941.93408203125,0.10254746302962303,0.006849068682640791,0.026006286963820457,10967.0224609375,0.005548754241317511,0.005548754241317511,0.16374540328979492,0.006786339916288853,0.005682418588548899,0.02207843028008938,9310.6201171875,0.17392441630363464,0.0005597881436356221
573,0.002904222928918898,0.002319523016922176,0.011693997774273157,4931.43603515625,0.10271577537059784,0.006792232394218445,0.02599245309829712,10961.1884765625,0.0054926094599068165,0.0054926094599068165,0.1628756821155548,0.006725471466779709,0.0056228977628052235,0.02205146849155426,9299.25,0.17273351550102234,0.0005585478183173013
574,0.0028646038845181465,0.0022809607326053083,0.011672863736748695,4922.52392578125,0.10159078240394592,0.0068729170598089695,0.026017678901553154,10971.8271484375,0.005572033114731312,0.005572033114731312,0.16421914100646973,0.006798517424613237,0.00569511204957962,0.02206810750067234,9306.267578125,0.1742529273033142,0.00055730726306599
575,0.002853887155652046,0.002271139295771718,0.011654955800622702,4914.97119140625,0.1014639288187027,0.0068108574487268925,0.025993065908551216,10961.4482421875,0.005511204246431589,0.005511204246431589,0.1631174087524414,0.006757367867976427,0.005654569715261459,0.022055963054299355,9301.1455078125,0.17354363203048706,0.0005560664863843152
576,0.0028404686599969864,0.002257688087411225,0.011655611451715231,4915.24853515625,0.10117585957050323,0.006783079355955124,0.025966014713048935,10950.041015625,0.005484778434038162,0.005484778434038162,0.16278812289237976,0.006721086334437132,0.005616957787424326,0.02208256907761097,9312.365234375,0.17275725305080414,0.0005548254967764211
577,0.0028384305769577622,0.0022559225326403975,0.011650160420686007,4912.94921875,0.10117913037538528,0.006803932599723339,0.025982040911912918,10956.7978515625,0.005504830740392208,0.005504830740392208,0.16317218542099,0.006742716301232576,0.005638899747282267,0.022076329216361046,9309.7333984375,0.17332935333251953,0.0005535843027479116
578,0.00282061321195215,0.0022399919107556343,0.011612426023930311,4897.03662109375,0.10073092579841614,0.006775279063731432,0.025939222425222397,10938.7421875,0.005478317849338055,0.005478317849338055,0.16265664994716644,0.006716664414852858,0.005615645553916693,0.022020377218723297,9286.138671875,0.1728687882423401,0.0005523429128057918
579,0.0028184521943330765,0.002239114372059703,0.011586754582822323,4886.21044921875,0.10074952617287636,0.006758755072951317,0.025904333218932152,10924.029296875,0.005463538225740194,0.005463538225740194,0.16243967413902283,0.006695782300084829,0.005598255433142185,0.021950535476207733,9256.6865234375,0.1725853830575943,0.000551101335458409
580,0.002800732967443764,0.0022228353773243725,0.011557952966541052,4874.0654296875,0.10034292191267014,0.006788069382309914,0.025902049615979195,10923.0654296875,0.005492967087775469,0.005492967087775469,0.1629859209060669,0.006718295160681009,0.005620444193482399,0.021957021206617355,9259.419921875,0.17303164303302765,0.0005498595792153957
581,0.002798756933771074,0.0022215285571292043,0.011544567067176104,4868.419677734375,0.10031795501708984,0.006770648993551731,0.02589261531829834,10919.0859375,0.005476017948240042,0.005476017948240042,0.1625899076461792,0.006680533289909363,0.0055835554376244545,0.021939555183053017,9252.0556640625,0.1722756177186966,0.0005486176525876099
582,0.002799031790345907,0.0022215868812054396,0.011548899114131927,4870.246826171875,0.1003202572464943,0.006729417480528355,0.025849398225545883,10900.8623046875,0.0054369475692510605,0.0054369475692510605,0.16196505725383759,0.006671679671853781,0.005578362382948399,0.021866345778107643,9221.181640625,0.17218561470508575,0.0005473755640870776
583,0.00278566253837198,0.002209637896157801,0.011520490981638432,4858.26708984375,0.10006779059767723,0.006766959093511105,0.025876590982079506,10912.3291015625,0.005473129451274872,0.005473129451274872,0.16266335546970367,0.006697345059365034,0.005602208431810141,0.02190273441374302,9236.52734375,0.17273354530334473,0.0005461333222269346
584,0.0027928607305511832,0.002217414090409875,0.011508931871503592,4853.392333984375,0.10027210786938667,0.00676088547334075,0.02587364986538887,10911.087890625,0.005467202980071306,0.005467202980071306,0.16246789693832397,0.006679584737867117,0.0055838520638644695,0.021914655342698097,9241.5546875,0.17238707840442657,0.0005448909355213672
585,0.0027979756705462933,0.0022221634862944484,0.011516240891069174,4856.475341796875,0.10047893971204758,0.006751347333192825,0.02584010176360607,10896.9404296875,0.005459342151880264,0.005459342151880264,0.1623242199420929,0.006648664362728596,0.005558396223932505,0.021805360913276672,9195.4638671875,0.17204345762729645,0.0005436484124855549
586,0.002780444920063019,0.0022060397313907743,0.011488104239106178,4844.609619140625,0.10004016757011414,0.006822266615927219,0.025909993797540665,10926.4150390625,0.005526766646653414,0.005526766646653414,0.16362884640693665,0.006735870614647865,0.005636020563542843,0.021996995434165,9276.2783203125,0.17351177334785461,0.0005424057616356117
587,0.002796389744617045,0.002222187235020101,0.01148404972627759,4842.8994140625,0.10051990300416946,0.006754904054105282,0.02586274780333042,10906.490234375,0.005461766850203276,0.005461766850203276,0.16240453720092773,0.006680376827716827,0.005583751946687698,0.02193249575793743,9249.078125,0.17233841121196747,0.000541162991488527
588,0.002801635069772601,0.0022283027647063136,0.011466645170003176,4835.56005859375,0.10062768310308456,0.006733153946697712,0.025821048766374588,10888.9072265625,0.0054421015083789825,0.0054421015083789825,0.16205686330795288,0.0066300928592681885,0.005539026577025652,0.021821320056915283,9202.1943359375,0.171908900141716,0.0005399201105621082
589,0.0027635981095954776,0.0021924739703536034,0.011422483250498772,4816.93701171875,0.09969097748398781,0.006757319439202547,0.02582140453159809,10889.056640625,0.0054662493057549,0.0054662493057549,0.1625652313232422,0.006666101515293121,0.005574543494731188,0.021831154823303223,9206.3408203125,0.17253798246383667,0.0005386771273749226
590,0.002759569208137691,0.0021891618380323052,0.011408146936446428,4810.890625,0.09967982769012451,0.006761058699339628,0.02578781545162201,10874.8916015625,0.005471667740494013,0.005471667740494013,0.16253727674484253,0.00666960421949625,0.005580398719757795,0.021784106269478798,9186.5009765625,0.17243662476539612,0.0005374340504462371
591,0.0027836806839331985,0.002213823259808123,0.011397148482501507,4806.2529296875,0.10048358142375946,0.006707249209284782,0.025772325694561005,10868.3603515625,0.00541863264515996,0.00541863264515996,0.1618219017982483,0.006621331907808781,0.005533098708838224,0.021764663979411125,9178.302734375,0.1717226356267929,0.0005361908882959623
592,0.0027648569084703922,0.002195914159528911,0.011378854513168335,4798.538330078125,0.09997330233454704,0.0067305900156497955,0.02577463909983635,10869.3349609375,0.005441857967525721,0.005441857967525721,0.1621537208557129,0.0066309729591012,0.00554322125390172,0.02175503596663475,9174.2431640625,0.17217478156089783,0.0005349476494445919
593,0.002752174623310566,0.0021840998670086265,0.01136149326339364,4791.216796875,0.09955038130283356,0.006772324442863464,0.02574394829571247,10856.3935546875,0.005485126748681068,0.005485126748681068,0.16273710131645203,0.0066705564968287945,0.005584883037954569,0.021713469177484512,9156.712890625,0.1725996732711792,0.0005337043424131462
594,0.00278561282902956,0.002218516543507576,0.011341926641762257,4782.96533203125,0.10067331418395042,0.006704732310026884,0.025700699537992477,10838.154296875,0.005419697146862745,0.005419697146862745,0.16178569197654724,0.006604496389627457,0.00552095053717494,0.02167091704905033,9138.7685546875,0.17145243287086487,0.0005324609757231121
595,0.002737519214861095,0.002171830739825964,0.011313769035041332,4771.0908203125,0.0993010364472866,0.00668402761220932,0.02569633163511753,10836.3115234375,0.005399210844188929,0.005399210844188929,0.161447212100029,0.006588003598153591,0.005505452863872051,0.021651016548275948,9130.376953125,0.17143215239048004,0.0005312175578963859
596,0.0027183342026546597,0.002152165281586349,0.011323378421366215,4775.143310546875,0.09879504144191742,0.006691816262900829,0.02569926343858242,10837.548828125,0.005406853277236223,0.005406853277236223,0.16155561804771423,0.006582214031368494,0.005496777594089508,0.02170872502028942,9154.7138671875,0.17132338881492615,0.000529974097455214
597,0.002711696201004088,0.0021463391021825373,0.011307140812277794,4768.296142578125,0.09870543703436852,0.0066918921656906605,0.02569885179400444,10837.376953125,0.005406949669122696,0.005406949669122696,0.16162465512752533,0.006583720911294222,0.005499207880347967,0.021690260618925095,9146.92578125,0.17125844955444336,0.0005287306029221352
598,0.0027087058406323195,0.0021439389092847705,0.011295337229967117,4763.318359375,0.09869247674942017,0.006660230457782745,0.02565634995698929,10819.451171875,0.005377412773668766,0.005377412773668766,0.16111260652542114,0.0065668243914842606,0.005484952125698328,0.021637439727783203,9124.650390625,0.17103737592697144,0.0005274870828199215
599,0.002735411049798131,0.002170674386434257,0.011294734198600054,4763.06396484375,0.09930681437253952,0.006700028199702501,0.025661570951342583,10821.654296875,0.00541694974526763,0.00541694974526763,0.16166429221630096,0.006584998220205307,0.00550193153321743,0.02166132815182209,9134.7255859375,0.17142808437347412,0.0005262435456715208
600,0.0027140338206663728,0.0021512233652174473,0.011256208643317223,4746.8173828125,0.09892059117555618,0.006732243113219738,0.02567991241812706,10829.3876953125,0.00544824730604887,0.00544824730604887,0.16224849224090576,0.00660912599414587,0.005525215063244104,0.021678222343325615,9141.849609375,0.1717560589313507,0.0005249999999999973
601,0.0027215488953515887,0.00215893640415743,0.011252249125391245,4745.14794921875,0.09912160784006119,0.00664864107966423,0.025586489588022232,10789.9912109375,0.005369316320866346,0.005369316320866346,0.1609552502632141,0.006567617412656546,0.005490269977599382,0.021546946838498116,9086.4892578125,0.17106977105140686,0.0005237564543284737
602,0.0027003601426258683,0.0021392719354480505,0.011221763677895069,4732.2919921875,0.09858280420303345,0.006648156326264143,0.025610560551285744,10800.142578125,0.005367628298699856,0.005367628298699856,0.16094349324703217,0.006530611775815487,0.005452691111713648,0.021558411419391632,9091.3251953125,0.1706085503101349,0.000522512917180073
603,0.002688440610654652,0.0021278418134897947,0.011211975011974573,4728.163818359375,0.09829013794660568,0.0066871559247374535,0.025622550398111343,10805.19921875,0.005406028125435114,0.005406028125435114,0.16159024834632874,0.006531694903969765,0.0054532247595489025,0.021569404751062393,9095.9599609375,0.17060133814811707,0.0005212693970778594
604,0.0026783195789903402,0.0021193663123995066,0.011179064866155386,4714.285400390625,0.09812794625759125,0.0066546229645609856,0.025600694119930267,10795.9814453125,0.005374588072299957,0.005374588072299957,0.16101759672164917,0.006549102254211903,0.005471871700137854,0.02154461294412613,9085.5048828125,0.17083492875099182,0.0005200259025447805
605,0.00269128056243062,0.0021321892272681,0.011181824840605259,4715.449462890625,0.09849785268306732,0.006643797270953655,0.025566743686795235,10781.6640625,0.005365460179746151,0.005365460179746151,0.16085685789585114,0.006518014706671238,0.005444957409054041,0.021461142227053642,9050.3056640625,0.17045199871063232,0.0005187824421036086
606,0.0026857254561036825,0.0021275250473991036,0.01116400770843029,4707.935791015625,0.09834995493292809,0.006714310962706804,0.025596754625439644,10794.3203125,0.005434473045170307,0.005434473045170307,0.1621587574481964,0.0065678758546710014,0.00549182528629899,0.021521013230085373,9075.5537109375,0.17157256603240967,0.0005175390242768824
607,0.0026873655151575804,0.0021299663931131363,0.01114798104390502,4701.1773681640625,0.09839236736297607,0.006771113257855177,0.02559698186814785,10794.4169921875,0.005491264164447784,0.005491264164447784,0.1628749966621399,0.0066514331847429276,0.005577540956437588,0.021477846428751945,9057.3486328125,0.1728907823562622,0.0005162956575868483
608,0.0028160816291347146,0.002258502529002726,0.011151581071317196,4702.695068359375,0.10195919871330261,0.006634915713220835,0.025554092600941658,10776.3291015625,0.005357210990041494,0.005357210990041494,0.1607643961906433,0.006508201360702515,0.005434244405478239,0.021479133516550064,9057.892578125,0.1703007072210312,0.0005150523505554026
609,0.002683014143258333,0.0021267200354486704,0.011125881224870682,4691.857421875,0.09839708358049393,0.006671771872788668,0.025543175637722015,10771.7265625,0.005394612904638052,0.005394612904638052,0.1614031195640564,0.006537808105349541,0.00546402670443058,0.021475624293088913,9056.412109375,0.17080649733543396,0.0005138091117040321
610,0.00268807343672961,0.00213230331428349,0.01111540338024497,4687.4390869140625,0.09864075481891632,0.006763685494661331,0.02558019384741783,10787.3359375,0.005484675522893667,0.005484675522893667,0.16276663541793823,0.006668137386441231,0.005591357126832008,0.021535607054829597,9081.7080078125,0.1730601191520691,0.0005125659495537572
611,0.0027345282724127173,0.002178161288611591,0.011127338744699955,4692.472412109375,0.09983211755752563,0.0067253620363771915,0.02552870847284794,10765.6240234375,0.005448926705867052,0.005448926705867052,0.16252031922340393,0.006603817455470562,0.005529285408556461,0.021490635350346565,9062.7431640625,0.17211276292800903,0.0005113228726250718
612,0.0028497459134086967,0.002294048899784684,0.011113937944173813,4686.821044921875,0.10289693996310234,0.006669046822935343,0.025514857843518257,10759.7841796875,0.00539330393075943,0.00539330393075943,0.1615685224533081,0.006533190608024597,0.0054586962796747684,0.021489888429641724,9062.4287109375,0.17103073000907898,0.0005100798894378861
613,0.0027259383350610733,0.0021711874287575483,0.0110950181260705,4678.842529296875,0.09969791024923325,0.006872800178825855,0.02555922232568264,10778.4921875,0.005594838876277208,0.005594838876277208,0.16450504958629608,0.006747792940586805,0.005675219930708408,0.02145145833492279,9046.220703125,0.17472979426383972,0.0005088370085114675
614,0.0028082752833142877,0.0022541629150509834,0.011082246899604797,4673.456787109375,0.10181970149278641,0.00674703624099493,0.025486791506409645,10747.94921875,0.005472696386277676,0.005472696386277676,0.16281142830848694,0.006611780263483524,0.00553795276209712,0.021476544439792633,9056.80078125,0.17230987548828125,0.0005075942383643828
615,0.002764057950116694,0.002210122300311923,0.01107871113345027,4671.9652099609375,0.10098963230848312,0.006619147025048733,0.025500157848000526,10753.5849609375,0.0053441389463841915,0.0053441389463841915,0.1606043428182602,0.006484554149210453,0.005411259829998016,0.021465884521603584,9052.3046875,0.16999903321266174,0.0005063515875144395
616,0.002680108998902142,0.0021282541565597057,0.011037095449864864,4654.415771484375,0.098661620169878,0.0066311233676970005,0.025485336780548096,10747.333984375,0.005356856621801853,0.005356856621801853,0.16074827313423157,0.006511402782052755,0.0054405382834374905,0.021417289972305298,9031.8125,0.17065078020095825,0.0005051090644786272
617,0.0026504872366786003,0.0020994634833186865,0.011020473670214415,4647.40673828125,0.09788161143660545,0.0066257864236831665,0.025411438196897507,10716.1708984375,0.005355214234441519,0.005355214234441519,0.16091319918632507,0.0065177567303180695,0.005451246630400419,0.021330203860998154,8995.0869140625,0.17091713845729828,0.00050386667777306
618,0.002629012567922473,0.0020796123426407576,0.01098800403997302,4633.714111328125,0.09726053103804588,0.0066176848486065865,0.02541293203830719,10716.7998046875,0.0053470381535589695,0.0053470381535589695,0.16060340404510498,0.006469066254794598,0.005405864678323269,0.021264035254716873,8967.18359375,0.16994930803775787,0.0005026244359129168
619,0.0026366161182522774,0.002087981905788183,0.010972683783620596,4627.253173828125,0.09758126363158226,0.006629022769629955,0.0254264697432518,10722.509765625,0.00535769946873188,0.00535769946873188,0.16087283194065094,0.006472598761320114,0.005405002739280462,0.021351918578147888,9004.24609375,0.16998112201690674,0.0005013823474123845
620,0.0026628575287759304,0.002114047121722251,0.010976206511259079,4628.73828125,0.09839725494384766,0.006585270632058382,0.02540132775902748,10711.9072265625,0.0053152041509747505,0.0053152041509747505,0.16010242700576782,0.0064556594006717205,0.005390919279307127,0.02129480242729187,8980.1591796875,0.16975383460521698,0.0005001404207845987
621,0.002609771559946239,0.0020621338626369834,0.010952753480523825,4618.84814453125,0.09692428261041641,0.006585038732737303,0.025400999933481216,10711.76953125,0.005314988549798727,0.005314988549798727,0.16006061434745789,0.006440071854740381,0.00537622207775712,0.021276995539665222,8972.6484375,0.16960245370864868,0.0004988986645415853
622,0.0026029566070064902,0.0020559370750561357,0.010940391104668379,4613.635009765625,0.09672628715634346,0.006617381237447262,0.025391248986124992,10707.65625,0.005347818601876497,0.005347818601876497,0.16074901819229126,0.006439716089516878,0.0053746504709124565,0.021301308646798134,8982.9033203125,0.16966888308525085,0.0004976570871942026
623,0.002602196764200926,0.0020558524993248284,0.010926885530352592,4607.93994140625,0.09680815041065216,0.006594907492399216,0.025368303060531616,10697.98046875,0.005326492246240377,0.005326492246240377,0.160246342420578,0.006441587582230568,0.005379075184464455,0.021250251680612564,8961.37109375,0.16953817009925842,0.0004964156972520826
624,0.002622552798129618,0.0020760579500347376,0.01092989556491375,4609.208984375,0.09738766774535179,0.006569487974047661,0.02535725198686123,10693.3203125,0.005301625467836857,0.005301625467836857,0.15995565056800842,0.006435292772948742,0.005372845102101564,0.02124895341694355,8960.8232421875,0.16960477828979492,0.0004951745032235732
625,0.0026464234106242657,0.002100015291944146,0.010928161907941103,4608.478271484375,0.0981447771191597,0.0066001745872199535,0.02536054700613022,10694.7099609375,0.005332147236913443,0.005332147236913443,0.16046586632728577,0.006446193903684616,0.005382271483540535,0.021278448402881622,8973.26171875,0.16979196667671204,0.000493933513615679
626,0.002636917633935809,0.002091972972266376,0.010898890905082226,4596.1346435546875,0.09790948033332825,0.006793356966227293,0.025405364111065865,10713.609375,0.005523088853806257,0.005523088853806257,0.16334739327430725,0.006625359877943993,0.005562789272516966,0.021251413971185684,8961.861328125,0.17284177243709564,0.0004926927369340041
627,0.0027193953283131123,0.0021754552144557238,0.01087880227714777,4587.662841796875,0.10024313256144524,0.006680304184556007,0.02534804493188858,10689.4375,0.0054129017516970634,0.0054129017516970634,0.16182318329811096,0.00652221217751503,0.005460422020405531,0.02123580127954483,8955.27734375,0.17122933268547058,0.0004914521816826927
628,0.0026505960850045085,0.0021079153520986438,0.010853613261133432,4577.0401611328125,0.09838046878576279,0.006554898805916309,0.025280050933361053,10660.763671875,0.005290896166115999,0.005290896166115999,0.1596824824810028,0.006412147544324398,0.005355427507311106,0.021134397014975548,8912.5146484375,0.1692413091659546,0.0004902118563643719
629,0.0026472595054656267,0.002104518236592412,0.010854823980480433,4577.55078125,0.09810832142829895,0.006524232216179371,0.025278186425566673,10659.9775390625,0.005260322708636522,0.005260322708636522,0.1592446267604828,0.00637797312811017,0.00531882606446743,0.021182941272854805,8932.9873046875,0.1685991734266281,0.0004889717694800922
630,0.0026133438805118203,0.002070907852612436,0.010848719161003828,4574.9765625,0.0972917415201664,0.006641945336014032,0.025288434699177742,10664.2998046875,0.005377523601055145,0.005377523601055145,0.16139858961105347,0.006501578725874424,0.005440110806375742,0.02122935838997364,8952.5595703125,0.17086243629455566,0.0004877319295292706
631,0.002610876690596342,0.002068981295451522,0.010837907437235117,4570.417236328125,0.09712923318147659,0.006624238099902868,0.02524474635720253,10645.8759765625,0.005362000782042742,0.005362000782042742,0.16090475022792816,0.0064978026784956455,0.0054422118701040745,0.02111181803047657,8902.994140625,0.17088213562965393,0.000486492345009631
632,0.0026461370289325714,0.002105007995851338,0.010822579730302095,4563.95361328125,0.09829618781805038,0.0065704709850251675,0.02524719573557377,10646.908203125,0.005308111198246479,0.005308111198246479,0.1601090431213379,0.006410064175724983,0.005352795124053955,0.021145379170775414,8917.146484375,0.16937044262886047,0.000485253024417147
633,0.0026484953705221415,0.0021083076135255396,0.010803755838423967,4556.01513671875,0.09796188771724701,0.006537629757076502,0.025230735540390015,10639.9677734375,0.005276092793792486,0.005276092793792486,0.15947119891643524,0.00637203361839056,0.005317403934895992,0.021092595532536507,8894.8857421875,0.16856375336647034,0.00048401397624598335
634,0.002573481062427163,0.002033962169662118,0.010790376458317041,4550.37255859375,0.0963340625166893,0.006545387674123049,0.025265473872423172,10654.6171875,0.005282113794237375,0.005282113794237375,0.15954160690307617,0.006397236604243517,0.005339546594768763,0.021153800189495087,8920.6982421875,0.16907206177711487,0.0004827752089884372
635,0.00256161589641124,0.0020224465406499803,0.010783386882394552,4547.425537109375,0.0960986390709877,0.006594773847609758,0.025276830419898033,10659.40625,0.005330932326614857,0.005330932326614857,0.16058477759361267,0.006421439815312624,0.0053629688918590546,0.021169420331716537,8927.28515625,0.1696910709142685,0.00048153673113488085
636,0.0025791256921365857,0.0020400973735377192,0.010780565906316042,4546.235107421875,0.09647459536790848,0.006529500707983971,0.025213196873664856,10632.5712890625,0.005268841050565243,0.005268841050565243,0.15930265188217163,0.0063466280698776245,0.005296814721077681,0.020996270701289177,8854.265625,0.1682988852262497,0.00048029855117370253
637,0.00255203852429986,0.0020147583563812077,0.010745604522526264,4531.492431640625,0.09591908380389214,0.006504520773887634,0.025194115936756134,10624.525390625,0.005244814790785313,0.005244814790785313,0.15907299518585205,0.006341802421957254,0.005288808140903711,0.021059881895780563,8881.08984375,0.16827571392059326,0.0004790606775912495
638,0.0025591254234313965,0.002022229600697756,0.010737915057688951,4528.24951171875,0.09608854353427887,0.006491007748991251,0.0251853559166193,10620.8310546875,0.005231739953160286,0.005231739953160286,0.15890759229660034,0.006340472958981991,0.0052861412987113,0.021086636930704117,8892.3740234375,0.16813252866268158,0.0004778231188717684
639,0.00255121395457536,0.0020150942145846784,0.01072239363566041,4521.7041015625,0.0958477072417736,0.006556505337357521,0.02521604858338833,10633.7734375,0.00529570272192359,0.00529570272192359,0.15976674854755402,0.0063848551362752914,0.005333952605724335,0.021018054336309433,8863.451171875,0.1690351814031601,0.00047658588349734827
640,0.002562128473073244,0.0020262538455426693,0.010717493947595358,4519.63720703125,0.09627804160118103,0.006582848262041807,0.025213517248630524,10632.70703125,0.0053221723064780235,0.0053221723064780235,0.16038361191749573,0.006410802248865366,0.0053564803674817085,0.02108643390238285,8892.2890625,0.1697133183479309,0.00047534897994786163
641,0.0025803098687902093,0.002044835244305432,0.0107094906270504,4516.26318359375,0.09686198830604553,0.006476782262325287,0.025142114609479904,10602.5947265625,0.005219676531851292,0.005219676531851292,0.15853999555110931,0.006306005176156759,0.00525639858096838,0.020992128178477287,8852.5185546875,0.16781853139400482,0.000474112416700907
642,0.0025217427173629403,0.00198767171241343,0.010681421030312777,4504.425537109375,0.0952618233859539,0.006490945816040039,0.025139842182397842,10601.6376953125,0.005233953706920147,0.005233953706920147,0.1588674932718277,0.00631188228726387,0.005263027269393206,0.02097710408270359,8846.18359375,0.16782218217849731,0.0004728762022317505
643,0.0025160028599202633,0.0019819108420051634,0.01068184059113264,4504.602783203125,0.09513437747955322,0.006469781510531902,0.02511647902429104,10591.78515625,0.005213957745581865,0.005213957745581865,0.1584600955247879,0.006297791842371225,0.00524973776191473,0.020961081609129906,8839.42578125,0.16769741475582123,0.00047164034501326763
644,0.0025326963514089584,0.0019992709276266396,0.010668507777154446,4498.9801025390625,0.0954376794397831,0.006506862118840218,0.025126993656158447,10596.2197265625,0.005250512156635523,0.005250512156635523,0.15898221731185913,0.006333937402814627,0.005286617670208216,0.02094639651477337,8833.2333984375,0.16838562488555908,0.00047040485351588547
645,0.0025337974075227976,0.002001081593334675,0.010654315818101168,4492.99560546875,0.09561549872159958,0.006668280344456434,0.025156505405902863,10608.6640625,0.005410455167293549,0.005410455167293549,0.1619117110967636,0.006458914838731289,0.005409896373748779,0.020980369299650192,8847.5595703125,0.1707650125026703,0.0004691697362075242
646,0.002591355238109827,0.00205883732996881,0.010650357697159052,4491.325927734375,0.09713858366012573,0.006512289401143789,0.025103027001023293,10586.11328125,0.005257138051092625,0.005257138051092625,0.1591053307056427,0.006335581187158823,0.00529151875525713,0.02088124491274357,8805.7587890625,0.16838854551315308,0.0004679350015535398
647,0.0025652324547991157,0.002034186036325991,0.010620927903801203,4478.91552734375,0.09655873104929924,0.006449388340115547,0.025060441344976425,10568.1533203125,0.005196366459131241,0.005196366459131241,0.15823230147361755,0.0062711723148822784,0.005227506626397371,0.020873315632343292,8802.4150390625,0.16721493005752563,0.000466700658016665
648,0.002545284805819392,0.002014581812545657,0.010614058934152126,4476.018798828125,0.0959908701479435,0.006512217689305544,0.025119516998529434,10593.06640625,0.005256241653114557,0.005256241653114557,0.15926647186279297,0.006314689293503761,0.005265657790005207,0.020980626344680786,8847.6669921875,0.16811424493789673,0.0004654667140569526
649,0.00251307908911258,0.0019829085213132203,0.01060341065749526,4471.5279541015625,0.09518894553184509,0.006493218243122101,0.02505965158343315,10567.8203125,0.005240235477685928,0.005240235477685928,0.1589152216911316,0.006324035115540028,0.005278658587485552,0.020907532423734665,8816.8447265625,0.16826722025871277,0.00046423317813171607
650,0.0025166129926219583,0.0019867420778609812,0.01059741759672761,4469.0009765625,0.095480065792799,0.00648163678124547,0.025036713108420372,10558.1474609375,0.0052298009395599365,0.0052298009395599365,0.1589091569185257,0.006304224021732807,0.005259718280285597,0.020890114828944206,8809.5,0.16805218160152435,0.0004630000586954727
651,0.0025426916545256972,0.002013058983720839,0.010592651087790728,4466.9912109375,0.0960700623691082,0.0064562545157969,0.02503935806453228,10559.2626953125,0.005204286426305771,0.005204286426305771,0.15834520757198334,0.006252282299101353,0.0052088964730501175,0.020867716521024704,8800.052734375,0.1671748161315918,0.00046176736419988485
652,0.00248046952765435,0.0019521844224072993,0.010565701872110367,4455.6260986328125,0.09436583518981934,0.0064520868472754955,0.025043804198503494,10561.1376953125,0.005199896637350321,0.005199896637350321,0.1582372486591339,0.006251120008528233,0.005207202397286892,0.020878346636891365,8804.537109375,0.1671430766582489,0.0004605351030937026
653,0.0024746046401560307,0.0019475079607218504,0.010541932191699743,4445.602294921875,0.09426388144493103,0.006480390205979347,0.02503690868616104,10558.2294921875,0.00522854458540678,0.00522854458540678,0.1587751805782318,0.006296893581748009,0.00525248097255826,0.020888248458504677,8808.712890625,0.16782614588737488,0.00045930328382270556
654,0.002476606285199523,0.0019496960449032485,0.010538202244788408,4444.029296875,0.09440361708402634,0.006440352648496628,0.025013037025928497,10548.1630859375,0.005189700983464718,0.005189700983464718,0.15803468227386475,0.006266677752137184,0.005223534069955349,0.020862868055701256,8798.0087890625,0.16735093295574188,0.0004580719148296454
655,0.002473328961059451,0.0019474357250146568,0.010517863556742668,4435.4527587890625,0.09430429339408875,0.0064534153789281845,0.02502136118710041,10551.6728515625,0.0052023474127054214,0.0052023474127054214,0.15830811858177185,0.006234928034245968,0.0051931459456682205,0.02083563804626465,8786.5244140625,0.16697126626968384,0.0004568410045541871
656,0.002470938488841057,0.0019454999128356576,0.010508770123124123,4431.6175537109375,0.09433145448565483,0.006427009589970112,0.024982567876577377,10535.3134765625,0.0051778811030089855,0.0051778811030089855,0.15796196460723877,0.006221381947398186,0.005183358211070299,0.020760469138622284,8754.8271484375,0.16662976145744324,0.0004556105614328519
657,0.002460698247887194,0.001935971959028393,0.010494527406990528,4425.611083984375,0.0940527468919754,0.006411886774003506,0.02496044896543026,10525.9853515625,0.005163864232599735,0.005163864232599735,0.15764087438583374,0.006244044750928879,0.005205255467444658,0.02077578753232956,8761.287109375,0.16691261529922485,0.00045438059389895887
658,0.0024585254723206162,0.0019346722401678562,0.010477063711732626,4418.24658203125,0.09401846677064896,0.006465979386121035,0.024980371817946434,10534.388671875,0.005216960795223713,0.005216960795223713,0.1586320996284485,0.006270607467740774,0.005228955764323473,0.020833035930991173,8785.427734375,0.16759437322616577,0.00045315111038256816
659,0.0024762465618550777,0.001952378312125802,0.010477363597601652,4418.373291015625,0.09457043185830116,0.006425961852073669,0.02494942583143711,10521.3369140625,0.005178490653634071,0.005178490653634071,0.1578446626663208,0.006203011143952608,0.005166313145309687,0.02073395811021328,8743.646484375,0.16644851863384247,0.0004519221193104221
660,0.0024436137173324823,0.0019208434969186783,0.01045540301129222,4409.112548828125,0.09363516420125961,0.006416411604732275,0.024944331496953964,10519.1884765625,0.005169195123016834,0.005169195123016834,0.15776067972183228,0.0062215751968324184,0.00518367625772953,0.020757976919412613,8753.7763671875,0.16658851504325867,0.0004506936291058878
661,0.002447586855851114,0.001925369375385344,0.010444349143654108,4404.4510498046875,0.09380996972322464,0.006416137330234051,0.02492097206413746,10509.337890625,0.005170088727027178,0.005170088727027178,0.15781056880950928,0.006215483415871859,0.005178674124181271,0.02073618583381176,8744.5859375,0.1665593385696411,0.00044946564818889933
662,0.0024360952666029334,0.0019149808795191348,0.010422288440167904,4395.147705078125,0.0935140885412693,0.006405688356608152,0.024906683713197708,10503.3125,0.0051603540778160095,0.0051603540778160095,0.1575653851032257,0.006176619790494442,0.005142393056303263,0.020684538409113884,8722.806640625,0.16612893342971802,0.00044823818497590086
663,0.0024370307801291347,0.001916192879434675,0.010416757315397263,4392.8154296875,0.09347010403871536,0.006393843796104193,0.024905066937208176,10502.6318359375,0.005148590542376041,0.005148590542376041,0.15741735696792603,0.006188946310430765,0.005154106300324202,0.02069680206477642,8727.9775390625,0.16633260250091553,0.0004470112478797875
664,0.0024294989416375756,0.0019091175636276603,0.010407627560198307,4388.965087890625,0.09335420653223991,0.006401397287845612,0.024913350120186806,10506.1240234375,0.005155729595571756,0.005155729595571756,0.15754124522209167,0.006197504233568907,0.005162637215107679,0.020697342231869698,8728.2060546875,0.1664157211780548,0.0004457848453098487
665,0.0024210396222770214,0.001901279203593731,0.010395209770649672,4383.7283935546875,0.09319821000099182,0.006391672417521477,0.02488490752875805,10494.1298828125,0.005147426854819059,0.005147426854819059,0.15734049677848816,0.006179725751280785,0.005148247815668583,0.020629560574889183,8699.6220703125,0.16611070930957794,0.0004445589856717107
666,0.0024197367019951344,0.0019007407827302814,0.010379918850958347,4377.2802734375,0.09317395463585854,0.006386746186763048,0.02487502247095108,10489.9609375,0.005142995156347752,0.005142995156347752,0.15735673904418945,0.006177495699375868,0.005145485047250986,0.020640211179852486,8704.11328125,0.1661917269229889,0.0004433336773672779
667,0.0024267062544822693,0.0019078690675087273,0.010376743972301483,4375.941650390625,0.0933588519692421,0.006385666783899069,0.024868443608283997,10487.1865234375,0.0051422445103526115,0.0051422445103526115,0.15743547677993774,0.0061800675466656685,0.005145677365362644,0.020687805488705635,8724.18359375,0.16618464887142181,0.00044210892879467634
668,0.002417020150460303,0.0018984661437571049,0.010371079668402672,4373.552978515625,0.09312542155385017,0.006381112150847912,0.024853933602571487,10481.068359375,0.00513841537758708,0.00513841537758708,0.15724021196365356,0.006182828452438116,0.005149470642209053,0.02066715434193611,8715.474609375,0.16624107956886292,0.00044088474834819537
669,0.002416662988252938,0.0018989084637723863,0.01035509118810296,4366.810546875,0.09317220747470856,0.006432839669287205,0.024850046262145042,10479.427734375,0.0051903375424444675,0.0051903375424444675,0.15823717415332794,0.006225709803402424,0.005192698910832405,0.020660219714045525,8712.5498046875,0.16713692247867584,0.0004396611444182309
670,0.002431466127745807,0.0019141726079396904,0.010345869697630405,4362.9212646484375,0.09357723221182823,0.006395263131707907,0.02483253926038742,10472.044921875,0.005153635982424021,0.005153635982424021,0.1574716866016388,0.006164301186800003,0.005135385785251856,0.020578311756253242,8678.0107421875,0.16611286997795105,0.0004384381253912274
671,0.002434358582831919,0.0019182226387783885,0.010322717484086752,4353.15771484375,0.09375467896461487,0.006390483118593693,0.02482311800122261,10468.0732421875,0.005149327218532562,0.005149327218532562,0.15742957592010498,0.006148871034383774,0.005120380781590939,0.020569803193211555,8674.4208984375,0.16564726829528809,0.00043721569964962016
672,0.002400302095338702,0.0018844271544367075,0.01031749788671732,4350.95703125,0.09281320497393608,0.006367053836584091,0.02479451522231102,10456.0107421875,0.005127327982336283,0.005127327982336283,0.1569996476173401,0.006169636733829975,0.0051407767459750175,0.020577196031808853,8677.5390625,0.16596469283103943,0.0004359938755717782
673,0.0024014690425246954,0.0018866629689000547,0.010296120774000883,4341.94189453125,0.09283147007226944,0.006368682719767094,0.02482597343623638,10469.27734375,0.00512738386169076,0.00512738386169076,0.15707120299339294,0.006154525559395552,0.005123821087181568,0.02061408944427967,8693.0986328125,0.16604560613632202,0.00043477266153194727
674,0.0024039909476414323,0.0018892405205406249,0.010295008309185505,4341.4730224609375,0.09286236017942429,0.006369623355567455,0.02481842041015625,10466.091796875,0.005128702148795128,0.005128702148795128,0.1571972668170929,0.006127842701971531,0.005098289810121059,0.02059105411171913,8683.3818359375,0.1655920445919037,0.0004335520659001914
675,0.0023917180951684713,0.0018777732620947063,0.010278897825628519,4334.6788330078125,0.09261152520775795,0.006328690331429243,0.024774104356765747,10447.404296875,0.005089985206723213,0.005089985206723213,0.15653389692306519,0.006122596096247435,0.005096327979117632,0.020525362342596054,8655.6796875,0.1652030497789383,0.0004323320970423364
676,0.0023877897765487432,0.0018738028011284769,0.010279741138219833,4335.03466796875,0.09257705882191658,0.006334112025797367,0.024770449846982956,10445.8623046875,0.005095589440315962,0.005095589440315962,0.15656137466430664,0.006119550205767155,0.0050941514782607555,0.020507970824837685,8648.345703125,0.16535338759422302,0.0004311127633199125
677,0.0023804429220035672,0.0018666997202672064,0.010274863801896572,4332.97802734375,0.09235590696334839,0.0063777524046599865,0.024797385558485985,10457.2197265625,0.005137883126735687,0.005137883126735687,0.15716587007045746,0.006120692938566208,0.005093517247587442,0.020543517544865608,8663.3359375,0.1656358391046524,0.0004298940730900963
678,0.0023800263879820704,0.0018671363359317183,0.01025779964402318,4325.78173828125,0.09236598387360573,0.006369507871568203,0.024770259857177734,10445.78125,0.005130994599312544,0.005130994599312544,0.1571274995803833,0.006145192310214043,0.005117506720125675,0.02055370807647705,8667.6328125,0.16590380668640137,0.00042867603470565405
679,0.002378817880526185,0.0018663209630176425,0.010249937884509563,4322.46630859375,0.09240711480379105,0.006345872301608324,0.024740414693951607,10433.1962890625,0.005108851473778486,0.005108851473778486,0.15676426887512207,0.0061454144306480885,0.005119421053677797,0.020519867539405823,8653.36328125,0.16574527323246002,0.00042745865651488453
680,0.002377412049099803,0.0018663062364794314,0.010222116019576788,4310.73388671875,0.09240850806236267,0.006334790028631687,0.02469438686966896,10413.7861328125,0.005100070498883724,0.005100070498883724,0.1566782295703888,0.006090760696679354,0.00506902439519763,0.020434727892279625,8617.4599609375,0.16493728756904602,0.0004262419468615617
681,0.002378803212195635,0.0018679286004044116,0.010217492002993822,4308.783447265625,0.09240346774458885,0.006328257732093334,0.02471976727247238,10424.48828125,0.005092269275337458,0.005092269275337458,0.1565660834312439,0.006089689210057259,0.005066299345344305,0.02046779729425907,8631.4052734375,0.16507601737976074,0.00042502591408487733
682,0.002364596235565841,0.0018544834456406534,0.010202254168689251,4302.358154296875,0.09206284582614899,0.0063053457997739315,0.024699606001377106,10415.986328125,0.005070365499705076,0.005070365499705076,0.15616703033447266,0.006095190066844225,0.005072731524705887,0.020449168980121613,8623.5498046875,0.16502928733825684,0.0004238105665193837
683,0.002362489583902061,0.001852535584475845,0.010199078358709812,4301.018798828125,0.0920332744717598,0.006330547854304314,0.024729449301958084,10428.572265625,0.005094075575470924,0.005094075575470924,0.15652145445346832,0.00610764417797327,0.005084475968033075,0.02046336606144905,8629.537109375,0.1652124524116516,0.00042259591249493687
684,0.0023692611139267683,0.0018595674191601574,0.010193875059485435,4298.8248291015625,0.0922158882021904,0.006382755469530821,0.02471744827926159,10423.5107421875,0.005146882962435484,0.005146882962435484,0.15746107697486877,0.0061347102746367455,0.005112515762448311,0.020443884655833244,8621.3212890625,0.16580669581890106,0.00042138196033663977
685,0.002372072311118245,0.0018634307198226452,0.010172830428928137,4289.94970703125,0.09239763021469116,0.006383370608091354,0.02470945566892624,10420.140625,0.0051478976383805275,0.0051478976383805275,0.1572883427143097,0.006124431267380714,0.005103372968733311,0.020421165972948074,8611.7412109375,0.1657169759273529,0.00042016871836478455
686,0.0023647663183510303,0.0018567031947895885,0.010161262936890125,4285.071044921875,0.09225298091769218,0.006446729879826307,0.02470138482749462,10416.73828125,0.005211660638451576,0.005211660638451576,0.1586451679468155,0.0061911288648843765,0.005168403964489698,0.020454494282603264,8625.794921875,0.1668972373008728,0.00041895619489479557
687,0.0024069384089671075,0.0018985674832947552,0.010167416650801897,4287.6668701171875,0.09352535009384155,0.006346727721393108,0.024656308814883232,10397.728515625,0.005113912280648947,0.005113912280648947,0.15688246488571167,0.006115231662988663,0.005096619017422199,0.02037225291132927,8591.11328125,0.1654449850320816,0.00041774439823717333
688,0.002421893645077944,0.0019137242925353348,0.01016338774934411,4285.967529296875,0.09375469014048576,0.006304661277681589,0.024677641689777374,10406.724609375,0.0050707790069282055,0.0050707790069282055,0.15621384978294373,0.006060177460312843,0.005039840936660767,0.020406726747751236,8605.6513671875,0.16464848816394806,0.0004165333366974361
689,0.002351968316361308,0.001845209684688598,0.01013517053797841,4274.068603515625,0.09188804030418396,0.006320130079984665,0.024674277752637863,10405.306640625,0.005086416378617287,0.005086416378617287,0.156359001994133,0.006070464849472046,0.005050182342529297,0.02040565200150013,8605.19921875,0.164860337972641,0.0004153230185760642
690,0.0023510248865932226,0.0018447810434736311,0.010124877095222473,4269.727294921875,0.09186463057994843,0.006294387858361006,0.02464032918214798,10390.990234375,0.005062371492385864,0.005062371492385864,0.1559467911720276,0.00607665628194809,0.005057808011770248,0.020376965403556824,8593.1005859375,0.16475018858909607,0.0004141134521684424
691,0.002349070506170392,0.0018429899355396628,0.010121610946953297,4268.35009765625,0.09193000197410583,0.006321161054074764,0.024618767201900482,10381.8955078125,0.00509022269397974,0.00509022269397974,0.15661737322807312,0.006095341872423887,0.005076980218291283,0.020367229357361794,8588.9951171875,0.16513410210609436,0.00041290464576480373
692,0.002350179012864828,0.0018444613087922335,0.010114352218806744,4265.2891845703125,0.09186384081840515,0.00631736172363162,0.024630343541502953,10386.7802734375,0.005085844546556473,0.005085844546556473,0.1563776731491089,0.006060531362891197,0.0050447057001292706,0.020316507667303085,8567.6044921875,0.1646277904510498,0.00041169660765017174
693,0.002333111478947103,0.0018282170640304685,0.010097888298332691,4258.346435546875,0.09149720519781113,0.006319914944469929,0.024631613865494728,10387.3134765625,0.005088334437459707,0.005088334437459707,0.15648627281188965,0.006061709485948086,0.005044747609645128,0.02033923752605915,8577.189453125,0.16476556658744812,0.0004104893461043044
694,0.002333760494366288,0.0018292221357114613,0.010090766474604607,4255.3428955078125,0.09155037999153137,0.006284894421696663,0.024602482095360756,10375.0283203125,0.005054770037531853,0.005054770037531853,0.15588673949241638,0.006048377603292465,0.0050324625335633755,0.020318305119872093,8568.36328125,0.16448292136192322,0.0004092828694016369
695,0.0023439796641469,0.001840019947849214,0.010079195257276297,4250.463623046875,0.09186383709311485,0.006305263377726078,0.024601120501756668,10374.455078125,0.005075207445770502,0.005075207445770502,0.15617260336875916,0.006040153559297323,0.005025578197091818,0.02029150351881981,8557.060546875,0.1643722653388977,0.0004080771858112259
696,0.002322247251868248,0.0018195323646068573,0.010054297745227814,4239.963623046875,0.09128248691558838,0.006292225793004036,0.02459440752863884,10371.623046875,0.005062505137175322,0.005062505137175322,0.15599068999290466,0.006028673145920038,0.005015062168240547,0.02027221769094467,8548.9287109375,0.1642022579908371,0.0004068723035966917
697,0.002318727900274098,0.0018159285536967218,0.010055986698716879,4240.676025390625,0.0911683551967144,0.006272903643548489,0.024597221985459328,10372.8115234375,0.005043042358011007,0.005043042358011007,0.1557232141494751,0.006041775457561016,0.005026200786232948,0.020311497151851654,8565.4921875,0.16442422568798065,0.00040566823101616164
698,0.002310766139999032,0.0018084430485032499,0.010046460665762424,4236.6585693359375,0.09096482768654823,0.006264931987971067,0.024560531601309776,10357.3388671875,0.005036905407905579,0.005036905407905579,0.15565043687820435,0.006028342992067337,0.005014618393033743,0.020274486392736435,8549.8857421875,0.16420617699623108,0.00040446497632221496
699,0.0023229182697832584,0.0018208063556812704,0.01004223758354783,4234.8779296875,0.09134778752923012,0.006327478215098381,0.02456529438495636,10359.345703125,0.005099213682115078,0.005099213682115078,0.15674185752868652,0.006056488957256079,0.005042495205998421,0.02027987502515316,8552.158203125,0.1647939383983612,0.00040326254776182433
700,0.002334371441975236,0.0018328854930587113,0.010029719676822424,4229.598876953125,0.09166217222809792,0.006270166486501694,0.024560565128922462,10357.3525390625,0.005042138043791056,0.005042138043791056,0.15562084317207336,0.006015309132635593,0.00500228488817811,0.020260486751794815,8543.9814453125,0.16408675909042358,0.00040206095357630037
701,0.0023128859465941787,0.0018114373087882996,0.01002897135913372,4229.28369140625,0.09109795466065407,0.006277983542531729,0.024564238265156746,10358.9013671875,0.0050497716292738914,0.0050497716292738914,0.15575513243675232,0.006016126833856106,0.0050029456615448,0.02026362158358097,8545.302734375,0.16416087746620178,0.0004008602020012351
702,0.0023041674867272377,0.0018036364926956594,0.010010619182139635,4221.543701171875,0.09090833365917206,0.006271543446928263,0.024523314088582993,10341.6435546875,0.005045377649366856,0.005045377649366856,0.1557287871837616,0.00601605512201786,0.005003950092941523,0.020242104306817055,8536.228515625,0.1641145646572113,0.0003996603012664456
703,0.002299590385518968,0.0017991724307648838,0.01000835932791233,4220.5914306640625,0.09078460186719894,0.006248574238270521,0.02450532466173172,10334.0576171875,0.005023308098316193,0.005023308098316193,0.15537413954734802,0.005993558093905449,0.004982286132872105,0.020225439220666885,8529.201171875,0.1637451946735382,0.000398461259595917
704,0.002302163396961987,0.0018028049380518496,0.00998716801404953,4211.6546630859375,0.09084907919168472,0.006279809400439262,0.024523384869098663,10341.6728515625,0.005053640343248844,0.005053640343248844,0.15582925081253052,0.006016692146658897,0.005006295628845692,0.020207930356264114,8521.8173828125,0.16418156027793884,0.00039726308520774664
705,0.002302530803717673,0.0018042809679172933,0.009964996948838234,4202.3048095703125,0.0910320058465004,0.006281016394495964,0.02450832724571228,10335.3232421875,0.005055599845945835,0.005055599845945835,0.15588174760341644,0.0059974403120577335,0.004989537410438061,0.020158059895038605,8500.787109375,0.16387230157852173,0.00039606578631408743
706,0.002310900017619133,0.0018128461670130491,0.00996107654646039,4200.651611328125,0.09111189097166061,0.0062563722021877766,0.024495691061019897,10329.9931640625,0.005031587556004524,0.005031587556004524,0.1555447280406952,0.006006352137774229,0.00499683665111661,0.02019031159579754,8514.388671875,0.16390298306941986,0.00039486937112109225
707,0.0023100428516045213,0.001812047848943621,0.009959898889064789,4200.1549072265625,0.09117961302399635,0.0063064382411539555,0.02450583130121231,10334.271484375,0.005081146489828825,0.005081146489828825,0.1562723070383072,0.006056994665414095,0.005046857986599207,0.02020273357629776,8519.6259765625,0.16481107473373413,0.00039367384782885685
708,0.0023160686250776052,0.0018185392837040126,0.009950585197657347,4196.2275390625,0.091567512601614,0.006293910555541515,0.024494361132383347,10329.43359375,0.005069192498922348,0.005069192498922348,0.1561843454837799,0.006013703066855669,0.005004593636840582,0.020182184875011444,8510.9619140625,0.16425350308418274,0.0003924792246313637
709,0.002295766258612275,0.0017988382023759186,0.009938559960573912,4191.1563720703125,0.09087463840842247,0.006264809984713793,0.024458084255456924,10314.134765625,0.005041905678808689,0.005041905678808689,0.15556573867797852,0.005994240753352642,0.004989189095795155,0.020101027563214302,8476.736328125,0.16397610306739807,0.00039128550971642684
710,0.0022919841576367617,0.0017951448680832982,0.009936785325407982,4190.4080810546875,0.09071322157979012,0.006253903731703758,0.024457354098558426,10313.8271484375,0.005031036213040352,0.005031036213040352,0.15553152561187744,0.006003776099532843,0.00499474722892046,0.020180579274892807,8510.283203125,0.16401545703411102,0.0003900927112656345
711,0.0023065011482685804,0.0018100485322065651,0.009929052088409662,4187.146728515625,0.09112821519374847,0.006236039102077484,0.024448536336421967,10310.109375,0.005013612098991871,0.005013612098991871,0.15521001815795898,0.005961020942777395,0.004954140167683363,0.020137611776590347,8492.1630859375,0.16327287256717682,0.0003889008374542935
712,0.002273078542202711,0.0017773680738173425,0.009914210066199303,4180.8880615234375,0.09019601345062256,0.006239864509552717,0.024448545649647713,10310.11328125,0.005017437040805817,0.005017437040805817,0.1552453339099884,0.005943749099969864,0.004938739817589521,0.02010018564760685,8476.3818359375,0.1630811095237732,0.00038770989645137355
713,0.0022673053899779916,0.0017716503352858126,0.009913101326674223,4180.4202880859375,0.09006889536976814,0.0062387725338339806,0.02445899322628975,10314.5185546875,0.005015822593122721,0.005015822593122721,0.1552489548921585,0.005960457026958466,0.00495540676638484,0.020101001486182213,8476.724609375,0.16336078941822052,0.0003865198964194513
714,0.002262700581923127,0.0017681086901575327,0.009891836438328028,4171.45263671875,0.09000289812684059,0.006224626675248146,0.024426136165857315,10300.6640625,0.005003320053219795,0.005003320053219795,0.1550026684999466,0.00595348933711648,0.004950154107064009,0.020066702738404274,8462.2607421875,0.16318219900131226,0.0003853308455146533
715,0.002265675808303058,0.0017715531284920871,0.009882453829050064,4167.49560546875,0.09013717249035835,0.006247258745133877,0.024404073134064674,10291.3583984375,0.005027054809033871,0.005027054809033871,0.15545539557933807,0.00596781587228179,0.004964717198163271,0.020061973482370377,8460.2666015625,0.16345608234405518,0.0003841427518866014
716,0.0022660361137241125,0.001772885036189109,0.009863020852208138,4159.301025390625,0.09015880897641182,0.0062324730679392815,0.024414483457803726,10295.75,0.005011748988181353,0.005011748988181353,0.15510419011116028,0.005956358276307583,0.004952337127178907,0.020080426707863808,8468.048828125,0.16329126060009003,0.00038295562367835655
717,0.0022588882711715996,0.001765700988471508,0.009863746352493763,4159.6070556640625,0.0899556614458561,0.006218915805220604,0.024415697902441025,10296.2607421875,0.004998130723834038,0.004998130723834038,0.15487980842590332,0.005957604851573706,0.004952253773808479,0.020107021555304527,8479.2646484375,0.16330504417419434,0.00038176946902636225
718,0.002256966196000576,0.0017639528959989548,0.00986026506870985,4158.1390380859375,0.08995798602700233,0.006231953389942646,0.024381423369050026,10281.8076171875,0.00501288240775466,0.00501288240775466,0.15517711639404297,0.005953285377472639,0.004950567148625851,0.02005436271429062,8457.056640625,0.16334199905395508,0.00038058429606038985
719,0.0022626069840043783,0.0017703918856568635,0.009844300802797079,4151.4066162109375,0.0900794044137001,0.006227612029761076,0.024371173232793808,10277.484375,0.005009053274989128,0.005009053274989128,0.15517354011535645,0.005943352356553078,0.004940380342304707,0.02005944401025772,8459.19921875,0.16315032541751862,0.000379400112903482
720,0.0022502114297822118,0.0017581047723069787,0.009842133382335305,4150.492431640625,0.0897831916809082,0.006222427822649479,0.024385539814829826,10283.54296875,0.0050031510181725025,0.0050031510181725025,0.15500997006893158,0.0059345802292227745,0.0049323332495987415,0.020044934004545212,8453.080078125,0.16294169425964355,0.0003782169276718977
721,0.0022496612509712577,0.0017578322440385818,0.009836581069976091,4148.1510009765625,0.08979366719722748,0.006203232333064079,0.024383649230003357,10282.74609375,0.004984050057828426,0.004984050057828426,0.15471328794956207,0.005920416209846735,0.004918588325381279,0.02003655768930912,8449.5478515625,0.16273441910743713,0.00037703474847505596
722,0.002241828362457454,0.0017508144956082106,0.009820278268307447,4141.2762451171875,0.0895800068974495,0.006202169228345156,0.024374274536967278,10278.7919921875,0.004983455408364534,0.004983455408364534,0.15465551614761353,0.005923147778958082,0.004921821877360344,0.020026514306664467,8445.3134765625,0.16283650696277618,0.0003758535834154804
723,0.0022392614046111703,0.0017490435275249183,0.009804357774555683,4134.562744140625,0.0895206369459629,0.006199650000780821,0.02432442270219326,10257.7705078125,0.004983428865671158,0.004983428865671158,0.15467163920402527,0.005923983175307512,0.004923814442008734,0.02000337466597557,8435.5556640625,0.16286978125572205,0.00037467344058874426
724,0.0022474097786471248,0.0017578272963874042,0.009791651740670204,4129.2044677734375,0.08983638882637024,0.006222466938197613,0.024332046508789062,10260.9853515625,0.005005864426493645,0.005005864426493645,0.155075803399086,0.00594978267326951,0.004948219750076532,0.02003125473856926,8447.3134765625,0.16333898901939392,0.0003734943280834145
725,0.002238995861262083,0.001749328279402107,0.00979335093870759,4129.9210205078125,0.08960949257016182,0.006186788901686668,0.02431841939687729,10255.2373046875,0.004970868118107319,0.004970868118107319,0.15447616577148438,0.005920599214732647,0.004921555984765291,0.019980868324637413,8426.064453125,0.1628500521183014,0.00037231625398099604
726,0.002235738909803331,0.001746630179695785,0.009782175533473492,4125.2080078125,0.08946920186281204,0.006189276929944754,0.024305002763867378,10249.580078125,0.004974026698619127,0.004974026698619127,0.15455129742622375,0.005897138267755508,0.0049003660678863525,0.01993544027209282,8406.9072265625,0.16242444515228271,0.00037113922635587674
727,0.002232301514595747,0.0017438734648749232,0.0097685600630939,4119.466552734375,0.08941379189491272,0.00620186747983098,0.02432565949857235,10258.2900390625,0.004985584411770105,0.004985584411770105,0.15471197664737701,0.005899198818951845,0.004901366773992777,0.019956640899181366,8415.84765625,0.16255474090576172,0.00036996325327527245
728,0.0022299221018329263,0.0017414308968000114,0.009769822470843792,4119.99853515625,0.08936713263392448,0.006187120918184519,0.02429451048374176,10245.154296875,0.004972395487129688,0.004972395487129688,0.1544504165649414,0.0059168837033212185,0.004920224193483591,0.0199331883341074,8405.95703125,0.16278904676437378,0.0003687883427991707
729,0.0022286555031314492,0.001740573556162417,0.00976163987070322,4116.5477294921875,0.08941207081079483,0.006200971081852913,0.02430800162255764,10250.8447265625,0.0049855709075927734,0.0049855709075927734,0.1547563225030899,0.005916586145758629,0.004918620456010103,0.01995931752026081,8416.9765625,0.1629173308610916,0.0003676145029802766
730,0.0022271251073107123,0.0017393514863215387,0.009755470789968967,4113.9461669921875,0.08927988260984421,0.006184599827975035,0.024292998015880585,10244.5185546875,0.004969949834048748,0.004969949834048748,0.15441925823688507,0.005894132424145937,0.004898086190223694,0.01992092654109001,8400.787109375,0.1625087857246399,0.0003664417418639565
731,0.002219263929873705,0.0017316339653916657,0.009752598591148853,4112.735107421875,0.08916977420449257,0.006201452575623989,0.024312449619174004,10252.720703125,0.0049858298152685165,0.0049858298152685165,0.15483051538467407,0.005921980831772089,0.0049220421351492405,0.019998770207166672,8433.61328125,0.16296353936195374,0.00036527006748818426
732,0.0022273509530350566,0.0017400086508132517,0.009746845345944166,4110.30908203125,0.08939826115965843,0.006181802600622177,0.024281436577439308,10239.642578125,0.004967730492353439,0.004967730492353439,0.15439572930335999,0.005888670217245817,0.004892727825790644,0.01991884782910347,8399.91015625,0.16239693760871887,0.0003640994878834844
733,0.0022203236585482955,0.0017338754842057824,0.009728963486850262,4102.768310546875,0.08920705690979958,0.006184426136314869,0.024266354739665985,10233.28125,0.00497110839933157,0.00497110839933157,0.15447676181793213,0.005877485498785973,0.004882934037595987,0.019891025498509407,8388.1767578125,0.16213509440422058,0.00036293001107287875
734,0.002221343107521534,0.0017353424918837845,0.009720011614263058,4098.9930419921875,0.08927151933312416,0.006173008121550083,0.024256372824311256,10229.0732421875,0.004960189573466778,0.004960189573466778,0.15430940687656403,0.005883720703423023,0.004888169467449188,0.0199110209941864,8396.609375,0.16226476430892944,0.0003617616450718302
735,0.0022051765117794275,0.0017200081492774189,0.009703367482870817,4091.9744873046875,0.08883767947554588,0.006178608164191246,0.02426355518400669,10232.1015625,0.004965430591255426,0.004965430591255426,0.15437662601470947,0.005886820610612631,0.004889639560133219,0.019943619146943092,8410.35546875,0.16237753629684448,0.0003605943978881887
736,0.0022009643726050854,0.0017161256400868297,0.009696775581687689,4089.1947021484375,0.08872105926275253,0.0061717526987195015,0.024245403707027435,10224.4462890625,0.004959482233971357,0.004959482233971357,0.1542454957962036,0.005866000894457102,0.00487243989482522,0.019871218129992485,8379.82421875,0.16209769248962402,0.0003594282775221357
737,0.002197528723627329,0.0017131473287008703,0.009687628131359816,4085.3370361328125,0.08864204585552216,0.006152124609798193,0.024216080084443092,10212.0810546875,0.004941320512443781,0.004941320512443781,0.15395139157772064,0.0058594681322574615,0.004868242423981428,0.01982451044023037,8360.126953125,0.16198627650737762,0.00035826329196612944
738,0.0021960657322779298,0.001712307974230498,0.00967515492811799,4080.0767822265625,0.08864159509539604,0.006154084578156471,0.024214381352066994,10211.3642578125,0.0049433656968176365,0.0049433656968176365,0.1540103256702423,0.005863461177796125,0.004871044773608446,0.019848326221108437,8370.1689453125,0.16199299693107605,0.0003570994492048507
739,0.0021943594911135733,0.0017109440523199737,0.009668308775871992,4077.1893310546875,0.08860195055603981,0.006153537891805172,0.024225061759352684,10215.869140625,0.004942284896969795,0.004942284896969795,0.1540215015411377,0.005848640110343695,0.0048566111363470554,0.019840577617287636,8366.9033203125,0.1618468165397644,0.00035593675721514747
740,0.0021922329906374216,0.001709322794340551,0.00965820299461484,4072.9281005859375,0.08853010088205338,0.006148993968963623,0.024221064522862434,10214.1826171875,0.004937940742820501,0.004937940742820501,0.15389789640903473,0.005848359316587448,0.004857190884649754,0.01982337050139904,8359.646484375,0.16184207797050476,0.00035477522396598035
741,0.0021912462543696165,0.00170863454695791,0.009652233682572842,4070.4105224609375,0.0885680578649044,0.006166782230138779,0.02420526184141636,10207.5185546875,0.004956519231200218,0.004956519231200218,0.15423044562339783,0.005859930533915758,0.0048700678162276745,0.019797250628471375,8348.6318359375,0.16207146644592285,0.000353614857418368
742,0.002187370089814067,0.0017050988390110433,0.009645424783229828,4067.5390625,0.08852410688996315,0.006157584488391876,0.02418912574648857,10200.7138671875,0.004948128014802933,0.004948128014802933,0.15401200950145721,0.005853730253875256,0.00486396299675107,0.01979534514248371,8347.828125,0.16194739937782288,0.0003524556655253332
743,0.0021848430624231696,0.0017027509165927768,0.009641841519623995,4066.02783203125,0.08845101669430733,0.006162554956972599,0.02419649250805378,10203.8203125,0.004952730145305395,0.004952730145305395,0.15418708324432373,0.005842054728418589,0.004851642996072769,0.01980823464691639,8353.2626953125,0.16184622049331665,0.00035129765623184706
744,0.0021837670356035233,0.001702197128906846,0.009631397668272257,4061.6241455078125,0.08839759975671768,0.006148290820419788,0.024185970425605774,10199.3837890625,0.004938992206007242,0.004938992206007242,0.1538919061422348,0.00584090081974864,0.004851304925978184,0.019791919738054276,8346.3828125,0.16176074743270874,0.000350140837474776
745,0.002183416159823537,0.001702349167317152,0.009621339850127697,4057.3826904296875,0.08842185884714127,0.0061494638212025166,0.02417532540857792,10194.8935546875,0.004940697457641363,0.004940697457641363,0.15401333570480347,0.005855290684849024,0.004864893853664398,0.019807938486337662,8353.138671875,0.16190223395824432,0.00034898521718282566
746,0.0021837654057890177,0.001702492532785982,0.009625457227230072,4059.1187744140625,0.08848173171281815,0.006151868961751461,0.0241575725376606,10187.408203125,0.004943990148603916,0.004943990148603916,0.15394806861877441,0.005838593002408743,0.00485181575641036,0.019735543057322502,8322.6083984375,0.1617240011692047,0.0003478308032764887
747,0.0021797919180244207,0.001699036278296262,0.009615113493055105,4054.7569580078125,0.08839711919426918,0.0061469003558158875,0.024160193279385567,10188.5126953125,0.004938890691846609,0.004938890691846609,0.1539679765701294,0.0058320011012256145,0.004843259230256081,0.01977483555674553,8339.1767578125,0.16166898608207703,0.0003466776036679885
748,0.0021742673125118017,0.0016940231435000896,0.009604882914572954,4050.4425048828125,0.08822011947631836,0.006128711625933647,0.024133967235684395,10177.4521484375,0.004922013264149427,0.004922013264149427,0.1536303460597992,0.005826635751873255,0.004839694127440453,0.019738834351301193,8323.99609375,0.16161438822746277,0.000345525626261226
749,0.002179375267587602,0.0017000822117552161,0.009585862513631582,4042.4215087890625,0.08837388455867767,0.00613446906208992,0.02414010465145111,10180.041015625,0.0049274638295173645,0.0049274638295173645,0.15379361808300018,0.005823967047035694,0.004835990723222494,0.019759520888328552,8332.7197265625,0.16155007481575012,0.0003443748789517256
750,0.002165946876630187,0.0016871779807843268,0.009575378615409136,4038.00048828125,0.08802827075123787,0.006130772177129984,0.02411821484565735,10170.810546875,0.0049248612485826015,0.0049248612485826015,0.15366795659065247,0.0058176289312541485,0.004832299426198006,0.019706591963768005,8310.400390625,0.16145312786102295,0.00034322536962658033
751,0.0021647923858836293,0.0016865163343027234,0.009565521962940693,4033.843994140625,0.08805181831121445,0.006139826029539108,0.024111760780215263,10168.0888671875,0.00493423780426383,0.00493423780426383,0.15381482243537903,0.005820799618959427,0.00483666779473424,0.019682640209794044,8300.298828125,0.1614891141653061,0.0003420771061643985
752,0.0021735384361818433,0.0016951271099969745,0.009568225592374802,4034.984375,0.08824474737048149,0.006138091906905174,0.02413906529545784,10179.6025390625,0.004931138828396797,0.004931138828396797,0.15378527343273163,0.005818702280521393,0.00483184726908803,0.01973709650337696,8323.2646484375,0.1614922732114792,0.0003409300964352491
753,0.0021632652496919036,0.0016854691202752292,0.009555924218147993,4029.796142578125,0.08798150718212128,0.0061263288371264935,0.024121765047311783,10172.30859375,0.004920240491628647,0.004920240491628647,0.1535574346780777,0.005810355767607689,0.004824602976441383,0.019715052098035812,8313.9677734375,0.1613290011882782,0.00033978434830060866
754,0.002168435719795525,0.0016903509967960417,0.009561695624142885,4032.230224609375,0.08818309381604195,0.006129587069153786,0.024123745039105415,10173.1435546875,0.0049233995378017426,0.0049233995378017426,0.153753861784935,0.005815831944346428,0.0048302034847438335,0.019712572917342186,8312.9208984375,0.1614951193332672,0.00033863986961330634
755,0.0021706074476242065,0.0016928156837821007,0.009555834345519543,4029.758544921875,0.08825961500406265,0.006144203245639801,0.02411176823079586,10168.0927734375,0.004938615020364523,0.004938615020364523,0.1539081335067749,0.005843644496053457,0.004859980661422014,0.01967327855527401,8296.3525390625,0.16206268966197968,0.0003374966682174711
756,0.002180196112021804,0.0017029674490913749,0.009544570930302143,4025.009033203125,0.08856494724750519,0.006174599751830101,0.02410854585468769,10166.732421875,0.004969172179698944,0.004969172179698944,0.15451636910438538,0.0058382186107337475,0.004852390382438898,0.019716564565896988,8314.60546875,0.161998450756073,0.00033635475194847714
757,0.0021860002889297903,0.001709458651021123,0.009530831594020128,4019.2144775390625,0.08867103233933449,0.006128507200628519,0.024081196635961533,10155.19921875,0.004924447275698185,0.004924447275698185,0.1536075472831726,0.005799989216029644,0.004816919099539518,0.019661400467157364,8291.341796875,0.16129793226718903,0.00033521412863289103
758,0.0021517075365409255,0.001675692095886916,0.009520308580249548,4014.777099609375,0.08783954754471779,0.006139765493571758,0.02408655732870102,10157.4599609375,0.004935437813401222,0.004935437813401222,0.15390564501285553,0.005819064565002918,0.004834709223359823,0.01968710869550705,8302.18359375,0.16154536604881287,0.000334074806088417
759,0.0021728090941905975,0.0016969480784609914,0.009517219383269548,4013.4739990234375,0.0883583277463913,0.006099578458815813,0.024061381816864014,10146.84375,0.00489650946110487,0.00489650946110487,0.15317592024803162,0.005786610767245293,0.004803716670721769,0.019657878205180168,8289.8564453125,0.1609613299369812,0.0003329367921238441
760,0.002154672343749553,0.00167925312416628,0.009508383693173528,4009.748291015625,0.087830550968647,0.006092575378715992,0.024055061861872673,10144.1787109375,0.004889822099357843,0.004889822099357843,0.1530371904373169,0.00577954389154911,0.004796827211976051,0.01965433731675148,8288.3642578125,0.1608971804380417,0.00033180009453899283
761,0.0021521871676668525,0.0016774366958998144,0.009495007805526257,4004.1072998046875,0.08782357349991798,0.006115724332630634,0.024060700088739395,10146.556640625,0.0049126893281936646,0.0049126893281936646,0.1535290628671646,0.0057972753420472145,0.004813360515981913,0.01967829093337059,8298.46484375,0.16129787266254425,0.0003306647211246612
762,0.002150094951502979,0.0016752645024098456,0.00949660874903202,4004.7828369140625,0.08777705579996109,0.006098453421145678,0.024030739441514015,10133.921875,0.004896916449069977,0.004896916449069977,0.15320566296577454,0.005784671753644943,0.004805342294275761,0.01958659291267395,8259.7958984375,0.16116176545619965,0.0003295306796625715
763,0.0021464836318045855,0.0016720136627554893,0.009489398915320635,4001.7423095703125,0.08775602653622627,0.006105417385697365,0.024015231058001518,10127.3818359375,0.004904655739665031,0.004904655739665031,0.15340356528759003,0.005770930089056492,0.0047921668738126755,0.01957526244223118,8255.0166015625,0.16084393858909607,0.00032839797792531654
764,0.002139376592822373,0.001665655814576894,0.009474415797740221,3995.423583984375,0.08751872554421425,0.006123941857367754,0.02403116412460804,10134.1005859375,0.004922383464872837,0.004922383464872837,0.15358906984329224,0.005788352340459824,0.0048074559308588505,0.019617930054664612,8273.01171875,0.1611488312482834,0.0003272666236763076
765,0.0021504107862710953,0.0016766053158789873,0.00947610940784216,3996.137939453125,0.08787999302148819,0.0061045242473483086,0.024030329659581184,10133.748046875,0.004903007764369249,0.004903007764369249,0.15329405665397644,0.005773981101810932,0.004792609252035618,0.01962743140757084,8277.0166015625,0.1609315425157547,0.0003261366246697199
766,0.0021401102421805263,0.0016670078039169312,0.00946204736828804,3990.20751953125,0.08754954859614372,0.006080890540033579,0.024024151265621185,10131.1435546875,0.004879682790488005,0.004879682790488005,0.15289944410324097,0.0057588559575378895,0.004779620561748743,0.019584709778428078,8259.0009765625,0.1606757789850235,0.00032500798865044015
767,0.0021397799719125032,0.0016668569878675044,0.00945845851674676,3988.6944580078125,0.08750792592763901,0.006081513129174709,0.024005411192774773,10123.2392578125,0.004881242290139198,0.004881242290139198,0.15292400121688843,0.005766713060438633,0.004788525402545929,0.01956375129520893,8250.1630859375,0.16071361303329468,0.00032388072335401294
768,0.0021464263554662466,0.0016741501749493182,0.0094455243088305,3983.239990234375,0.08781952038407326,0.006141871679574251,0.02401331067085266,10126.572265625,0.004941205959767103,0.004941205959767103,0.15407174825668335,0.005795120727270842,0.004815626889467239,0.019589878618717194,8261.181640625,0.16128277778625488,0.00032275483650658863
769,0.0021576860453933477,0.001685245952103287,0.009448803961277008,3984.622802734375,0.0881778709590435,0.006146236788481474,0.024005761370062828,10123.38671875,0.0049459487199783325,0.0049459487199783325,0.15396933257579803,0.005828258115798235,0.00485116895288229,0.019541781395673752,8240.8984375,0.16197103261947632,0.0003216303358248698
770,0.002165461773984134,0.0016933089937083423,0.009443056304007769,3982.1990966796875,0.08833294361829758,0.006213156506419182,0.024030722677707672,10133.9140625,0.005011620465666056,0.005011620465666056,0.155318021774292,0.005858871154487133,0.004879041109234095,0.019596600905060768,8264.015625,0.16268277168273926,0.0003205072290160579
771,0.0021757525391876698,0.001703726768027991,0.00944051519036293,3981.1279296875,0.08889415487647057,0.006173635832965374,0.024011634290218353,10125.86328125,0.004973053932189941,0.004973053932189941,0.1544284075498581,0.005858849734067917,0.004880239721387625,0.01957220397889614,8253.7265625,0.16265952587127686,0.00031938552377780156
772,0.00217504077591002,0.0017038766527548432,0.00942328292876482,3973.8607177734375,0.08864492550492287,0.006180977914482355,0.024002330377697945,10121.94140625,0.004980861209332943,0.004980861209332943,0.1547694355249405,0.005826884415000677,0.004847108386456966,0.019595516845583916,8263.5595703125,0.1620808094739914,0.0003182652277981427
773,0.0021573103731498122,0.0016866030055098236,0.009414146654307842,3970.0079345703125,0.08837378025054932,0.0061151995323598385,0.023969551548361778,10108.1181640625,0.00491672195494175,0.00491672195494175,0.1534663736820221,0.005790582858026028,0.004814949352294207,0.01951267197728157,8228.623046875,0.16130270063877106,0.00031714634875546453
774,0.0021340419771149755,0.001663874660152942,0.009403344709426165,3965.452880859375,0.08763710409402847,0.00613061711192131,0.02396499179303646,10106.1953125,0.004932367242872715,0.004932367242872715,0.15388822555541992,0.005782504100352526,0.004806950688362122,0.019511066377162933,8227.9453125,0.16118095815181732,0.0003160288943184385
775,0.0021285642869770527,0.0016590498853474855,0.009390287566930056,3959.9461669921875,0.08748598769307137,0.0060819718055427074,0.023946786299347878,10098.517578125,0.004884632304310799,0.004884632304310799,0.15298756957054138,0.00576536450535059,0.0047908965498209,0.019489359110593796,8218.7900390625,0.16094538569450378,0.0003149128721459727
776,0.002149729523807764,0.001680302550084889,0.00938853994011879,3959.2095947265625,0.08805229514837265,0.0060626002959907055,0.023946331813931465,10098.326171875,0.004865283612161875,0.004865283612161875,0.15273559093475342,0.00573351327329874,0.004756583366543055,0.019538594409823418,8239.5537109375,0.16039370000362396,0.0003137982898871578
777,0.0021368947345763445,0.001667576958425343,0.009386355523020029,3958.287353515625,0.08779581263661385,0.006053355988115072,0.023915978148579597,10085.5263671875,0.0048575568944215775,0.0048575568944215775,0.15253406763076782,0.005720355547964573,0.0047457655891776085,0.019491802901029587,8219.822265625,0.1601763218641281,0.00031268515518121574
778,0.0021200365154072642,0.0016512414440512657,0.009375902824103832,3953.8802490234375,0.08716616407036781,0.006058419123291969,0.023905238136649132,10080.99609375,0.00486315693706274,0.00486315693706274,0.15262529253959656,0.005718093831092119,0.004745339509099722,0.019455090165138245,8204.3388671875,0.16006037592887878,0.00031157347565744745
779,0.0021223234944045544,0.0016537323826923966,0.009371821768581867,3952.1593017578125,0.08719893544912338,0.006063496693968773,0.02391447126865387,10084.890625,0.004867773037403822,0.004867773037403822,0.15273547172546387,0.005727244075387716,0.0047540622763335705,0.019463639706373215,8207.9453125,0.16020941734313965,0.00031046325893517953
780,0.0021194942528381944,0.0016514540184289217,0.009360806085169315,3947.5135498046875,0.08719328790903091,0.006065402179956436,0.023926109075546265,10089.798828125,0.0048690964467823505,0.0048690964467823505,0.15265806019306183,0.0057310923002660275,0.00475732097402215,0.019475426524877548,8212.9169921875,0.1603468656539917,0.0003093545126237135
781,0.002114101080223918,0.0016465664375573397,0.009350692387670279,3943.2486572265625,0.08711585775017738,0.006095534190535545,0.023927679285407066,10090.4599609375,0.004899150226265192,0.004899150226265192,0.1532425582408905,0.005722617730498314,0.004749723710119724,0.01945788413286209,8205.5185546875,0.16033586859703064,0.0003082472443222721
782,0.0021063126623630524,0.001638883666601032,0.00934858014807105,3942.3577880859375,0.08687334135174751,0.006060698535293341,0.02391102723777294,10083.4375,0.004865147173404694,0.004865147173404694,0.15262961387634277,0.0057167774066329,0.004744476638734341,0.019446013495326042,8200.51171875,0.16015294194221497,0.0003071414616199486
783,0.002099011791869998,0.0016318850102834404,0.00934253679588437,3939.8089599609375,0.08670754358172417,0.006062427535653114,0.023905083537101746,10080.9326171875,0.00486717326566577,0.00486717326566577,0.15278485417366028,0.005729561671614647,0.004756011068820953,0.01947101205587387,8211.0546875,0.16034828126430511,0.0003060371720956537
784,0.0020974207436665893,0.001630609796848148,0.00933621684089303,3937.1441650390625,0.08666662126779556,0.006041376385837793,0.023874416947364807,10067.9990234375,0.004847655538469553,0.004847655538469553,0.15235082805156708,0.005704158451408148,0.004734328482300043,0.019396597519516945,8179.673828125,0.15999409556388855,0.000304934383318064
785,0.002090434543788433,0.0016240833792835474,0.009327022358775139,3933.266845703125,0.08646910265088081,0.006067282520234585,0.023873815312981606,10067.7451171875,0.0048735919408500195,0.0048735919408500195,0.1528424620628357,0.005707215517759323,0.004736036062240601,0.01942358911037445,8191.05615234375,0.16002047061920166,0.0003038331028455703
786,0.00209518033079803,0.001629489182960242,0.009313823189586401,3927.70068359375,0.08658544346690178,0.006034491583704948,0.023862648755311966,10063.03515625,0.004841359332203865,0.004841359332203865,0.15221449732780457,0.005701315589249134,0.004730064421892166,0.019425027072429657,8191.6611328125,0.15984387695789337,0.00030273333822622596
787,0.002097546122968197,0.001632028550375253,0.009310351684689522,3926.2364501953125,0.08666142448782921,0.006030228920280933,0.023846954107284546,10056.41796875,0.0048378813080489635,0.0048378813080489635,0.15214072167873383,0.005696167703717947,0.004725294187664986,0.019417474046349525,8188.4765625,0.15971174836158752,0.0003016350969976943
788,0.00208941288292408,0.0016247446765191853,0.00929336529225111,3919.073486328125,0.08647473528981209,0.006044844631105661,0.023844165727496147,10055.2412109375,0.004852636251598597,0.004852636251598597,0.15248149633407593,0.005691754166036844,0.00472289090976119,0.019377268850803375,8171.5224609375,0.1598116159439087,0.0003005383866871976
789,0.0020888660801574588,0.0016241142293438315,0.00929503608494997,3919.7779541015625,0.08647452667355537,0.006042333319783211,0.023834990337491035,10051.3740234375,0.004850583616644144,0.004850583616644144,0.15236157178878784,0.005684575065970421,0.004717523697763681,0.01934102736413479,8156.23828125,0.15971514582633972,0.00029944321481146564
790,0.002080567181110382,0.0016165151027962565,0.009281040634959936,3913.8760986328125,0.08627794682979584,0.006032510660588741,0.023850394412875175,10057.8681640625,0.004839990753680468,0.004839990753680468,0.1522456705570221,0.0056847380474209785,0.004714720882475376,0.0194003414362669,8181.2529296875,0.1596280038356781,0.0002983495888766842
791,0.00207445933483541,0.0016104268725030124,0.009280648082494736,3913.7105712890625,0.08609853684902191,0.006026056129485369,0.023856861516833305,10060.5966796875,0.0048332130536437035,0.0048332130536437035,0.15210872888565063,0.005676375702023506,0.004705690313130617,0.01941370591521263,8186.8876953125,0.1595042645931244,0.0002972575163784426
792,0.002072188595775515,0.001608078833669424,0.009282195940613747,3914.36328125,0.08604346588253975,0.006036427803337574,0.023844227194786072,10055.267578125,0.004844216629862785,0.004844216629862785,0.15227679908275604,0.005674013867974281,0.004705051891505718,0.019379235804080963,8172.3515625,0.15955621004104614,0.00029616700480168337
793,0.0020704898051917553,0.0016066431417129934,0.009276931639760733,3912.1434326171875,0.08599183335900307,0.006031966768205166,0.023829950019717216,10049.24609375,0.004840468987822533,0.004840468987822533,0.15219996869564056,0.005676131695508957,0.004708733409643173,0.019347967579960823,8159.166015625,0.1595948487520218,0.0002950780616206511
794,0.0020665283082053065,0.001603273267392069,0.009265099186450243,3907.1533203125,0.08590198308229446,0.006023815833032131,0.023828355595469475,10048.5751953125,0.004832398146390915,0.004832398146390915,0.1520816683769226,0.005677459761500359,0.004708882886916399,0.01937153749167919,8169.1064453125,0.15950876474380493,0.0002939906942988402
795,0.002064363448880613,0.001601755095180124,0.009252166375517845,3901.699462890625,0.08586536720395088,0.00602083932608366,0.02382727526128292,10048.1201171875,0.0048294756561517715,0.0048294756561517715,0.15203487873077393,0.005669127684086561,0.004700107034295797,0.019380414858460426,8172.84814453125,0.15941987931728363,0.0002929049102889447
796,0.002063002437353134,0.001600517483893782,0.009249699767678976,3900.6593017578125,0.08584773913025856,0.006013389676809311,0.023810289800167084,10040.95703125,0.004822874907404184,0.004822874907404184,0.15195532143115997,0.0056627471931278706,0.0046959081664681435,0.019336778670549393,8154.447265625,0.1593630611896515,0.0002918207170328063
797,0.0020619278657250106,0.0015993223059922457,0.009252111427485943,3901.6766357421875,0.08580158650875092,0.006011117249727249,0.023807620629668236,10039.8310546875,0.00482073612511158,0.00482073612511158,0.1519155204296112,0.005654120352119207,0.004688332322984934,0.01931576244533062,8145.5849609375,0.15926538407802582,0.00029073812196136464
798,0.002057975623756647,0.0015960726304911077,0.009238059166818857,3895.75048828125,0.08568981289863586,0.006014371290802956,0.023804428055882454,10038.484375,0.004824149888008833,0.004824149888008833,0.15194061398506165,0.005655619781464338,0.004688301123678684,0.01934637315571308,8158.49267578125,0.15925242006778717,0.0002896571324946049
799,0.002059208753053099,0.00159743259428069,0.009235523408278823,3894.68115234375,0.08577632158994675,0.006031102035194635,0.02381100133061409,10041.2568359375,0.004840551875531673,0.004840551875531673,0.15225115418434143,0.005664265714585781,0.004696767311543226,0.019349966198205948,8160.00732421875,0.15942466259002686,0.00028857775604150754
800,0.002071685274131596,0.0016100751236081123,0.0092322020791471,3893.280517578125,0.08610870689153671,0.006038296036422253,0.023808831349015236,10040.33984375,0.004847854375839233,0.004847854375839233,0.15231549739837646,0.00568211916834116,0.004716966301202774,0.019303061068058014,8140.22802734375,0.15974152088165283,0.0002874999999999982
801,0.002078302903100848,0.0016172006726264954,0.009222045540809631,3888.99755859375,0.08637520670890808,0.006023338995873928,0.02379143238067627,10033.00390625,0.0048337671905756,0.0048337671905756,0.15205734968185425,0.0056392233818769455,0.004676532931625843,0.019253810867667198,8119.4580078125,0.15898990631103516,0.0002864238717568964
802,0.002050770213827491,0.001590495987329632,0.009205485694110394,3882.013916015625,0.08557514473795891,0.006003646645694971,0.023768769577145576,10023.447265625,0.00481520825996995,0.00481520825996995,0.15174338221549988,0.005632874555885792,0.004671271424740553,0.01923205889761448,8110.28662109375,0.15890634059906006,0.0002853493786878643
803,0.002051445364486426,0.001591402804479003,0.009200849570333958,3880.0589599609375,0.08557320386171341,0.006001451052725315,0.0237713772803545,10024.546875,0.0048128822818398476,0.0048128822818398476,0.1517442762851715,0.005643890704959631,0.004679455421864986,0.01928870752453804,8134.1748046875,0.15915055572986603,0.0002842765281573569
804,0.0020478436490520835,0.0015876084216870368,0.009204705245792866,3881.68505859375,0.08549528568983078,0.005985886789858341,0.023752378299832344,10016.53515625,0.0047982679679989815,0.0047982679679989815,0.15152856707572937,0.00564097473397851,0.0046766153536736965,0.019287187606096268,8133.53369140625,0.15908420085906982,0.0002832053275185721
805,0.002044850727543235,0.0015850141644477844,0.009196730330586433,3878.322021484375,0.0854443907737732,0.005985158495604992,0.023737607523798943,10010.3056640625,0.004798278212547302,0.004798278212547302,0.1515417993068695,0.00563169876113534,0.004668930545449257,0.019255368039011955,8120.1162109375,0.15885987877845764,0.0002821357841133988
806,0.0020465331617742777,0.0015869371127337217,0.009191920980811119,3876.293701171875,0.08554527536034584,0.006001735106110573,0.023751292377710342,10016.0771484375,0.004814170300960541,0.004814170300960541,0.15177688002586365,0.005630792118608952,0.004667977336794138,0.019256291911005974,8120.505859375,0.15889760851860046,0.00028106790527236784
807,0.002046940033324063,0.0015878701815381646,0.009181397035717964,3871.855712890625,0.08550810068845749,0.005996902473270893,0.02375503070652485,10017.6533203125,0.004809150937944651,0.004809150937944651,0.15168055891990662,0.005636255256831646,0.0046722847037017345,0.019279414787888527,8130.25732421875,0.15904667973518372,0.000280001698314601
808,0.002050660434179008,0.0015917973942123353,0.009177259635180235,3870.11083984375,0.08568353578448296,0.006017139647156,0.023746781051158905,10014.1748046875,0.004829800687730312,0.004829800687730312,0.15208159387111664,0.0056413523852825165,0.00467775808647275,0.019271889701485634,8127.08349609375,0.1592222899198532,0.0002789371705477618
809,0.0020458484068512917,0.0015871109790168703,0.009174749255180359,3869.05224609375,0.08552666008472443,0.006001913454383612,0.023729296401143074,10006.80078125,0.0048154485411942005,0.0048154485411942005,0.1517118215560913,0.005632298532873392,0.004671388305723667,0.0192182008177042,8104.4423828125,0.15898552536964417,0.00027787432926800414
810,0.002037599333561957,0.001579704461619258,0.009157896973192692,3861.9454345703125,0.08533206582069397,0.006001580506563187,0.023723052814602852,10004.1689453125,0.004815428052097559,0.004815428052097559,0.151760071516037,0.005633035209029913,0.004672291222959757,0.01921488158404827,8103.04296875,0.1589641273021698,0.0002768131817599229
811,0.0020327698439359665,0.0015754217747598886,0.009146962780505419,3857.3349609375,0.08518079295754433,0.005988446995615959,0.023711038753390312,9999.1005859375,0.004802894778549671,0.004802894778549671,0.1515706479549408,0.005619106814265251,0.00465796235948801,0.019222890958189964,8106.4189453125,0.1587490737438202,0.0002757537352965046
812,0.0020298612071201205,0.0015727931750006974,0.009141359943896532,3854.9710693359375,0.08509881049394608,0.005976452026516199,0.023714199662208557,10000.4345703125,0.004790741950273514,0.004790741950273514,0.15137448906898499,0.005612763576209545,0.004651536699384451,0.019224533811211586,8107.11181640625,0.15862135589122772,0.0002746959971390768
813,0.002029560273513198,0.0015723336837254465,0.00914453063160181,3856.3084716796875,0.08507658168673515,0.005974777974188328,0.023719632998108864,10002.7255859375,0.004788796417415142,0.004788796417415142,0.1513569951057434,0.005611558444797993,0.004650729242712259,0.01921658404171467,8103.759765625,0.15864640474319458,0.00027363997453725824
814,0.0020303966011852026,0.001573187590111047,0.009144180454313755,3856.1611328125,0.08513934910297394,0.005990946665406227,0.023706892505288124,9997.353515625,0.004805602133274078,0.004805602133274078,0.15160174667835236,0.005608640611171722,0.004649552050977945,0.01918177306652069,8089.07958984375,0.15867558121681213,0.0002725856747289093
815,0.0020267879008315504,0.0015702981036156416,0.009129795245826244,3850.094970703125,0.08507508412003517,0.005983247887343168,0.02369263768196106,9991.341796875,0.0047986158169806,0.0047986158169806,0.15145674347877502,0.005611166823655367,0.004652134142816067,0.019180653616786003,8088.60888671875,0.15871328115463257,0.0002715331049400833
816,0.0020249696681275964,0.0015689745196141303,0.009119902970269322,3845.923095703125,0.08503906801342964,0.005981489084661007,0.02368631213903427,9988.6748046875,0.004797173198312521,0.004797173198312521,0.1514752209186554,0.005602166056632996,0.004643257241696119,0.019178174436092377,8087.56298828125,0.15850666165351868,0.00027048227238497547
817,0.002023520995862782,0.001567953557241708,0.009111348539590836,3842.3160400390625,0.0849924273788929,0.005976435262709856,0.023690572008490562,9990.4697265625,0.0047919065691530704,0.0047919065691530704,0.15140710771083832,0.005605241749435663,0.004646093584597111,0.01918295957148075,8089.580078125,0.1585720032453537,0.0002694331842658745
818,0.002020228945184499,0.001564866048283875,0.009107257705181837,3840.5906982421875,0.08491219207644463,0.005978043656796217,0.023693272843956947,9991.6083984375,0.004793379921466112,0.004793379921466112,0.15139177441596985,0.005606658291071653,0.00464707100763917,0.019191747531294823,8093.2861328125,0.15862035751342773,0.0002683858477731127
819,0.002018298488110304,0.001562862831633538,0.009108713362365961,3841.204345703125,0.08486523479223251,0.005979724694043398,0.02368331514298916,9987.41015625,0.004795558750629425,0.004795558750629425,0.15138505399227142,0.005602797493338585,0.004644191358238459,0.019172126427292824,8085.013671875,0.1585703343153,0.00026734027008501753
820,0.0020161132561042905,0.0015610770788043737,0.009100724942982197,3837.8359375,0.08482743054628372,0.005974690895527601,0.0236612930893898,9978.1240234375,0.004791626241058111,0.004791626241058111,0.1513482630252838,0.005591670982539654,0.004633926320821047,0.01915489137172699,8077.74365234375,0.15837055444717407,0.00026629645836786115
821,0.0020236114505678415,0.0015687880222685635,0.009096468798816204,3836.041015625,0.08502370864152908,0.005965153221040964,0.02365182898938656,9974.1328125,0.004782561678439379,0.004782561678439379,0.1511925458908081,0.005599553696811199,0.004642118699848652,0.019148703664541245,8075.134765625,0.1584910750389099,0.00026525441977581207
822,0.002023339970037341,0.0015692731249146163,0.009081336203962564,3829.659423828125,0.08510958775877953,0.00597208458930254,0.02364853210747242,9972.7431640625,0.004789657890796661,0.004789657890796661,0.15137413144111633,0.0055948281660676,0.004637832287698984,0.01913992129266262,8071.431640625,0.15843947231769562,0.0002642141614508862
823,0.0020267697982490063,0.001572777982801199,0.009079835843294859,3829.0264892578125,0.08518194407224655,0.005975468084216118,0.02364848367869854,9972.72265625,0.004793043714016676,0.004793043714016676,0.15133842825889587,0.005597200244665146,0.00464138388633728,0.019116323441267014,8061.47998046875,0.15854108333587646,0.00026317569052289796
824,0.002023708075284958,0.0015698772040195763,0.009076617658138275,3827.66943359375,0.0851469337940216,0.005957704968750477,0.023635033518075943,9967.05078125,0.004775953479111195,0.004775953479111195,0.15119895339012146,0.005587218329310417,0.004630689974874258,0.01913057081401348,8067.4873046875,0.15832367539405823,0.0002621390141094105
825,0.0020152790239080787,0.0015613487921655178,0.009078604634851217,3828.507568359375,0.08486219123005867,0.00593989621847868,0.023628126829862595,9964.1376953125,0.0047584897838532925,0.0047584897838532925,0.15084606409072876,0.005575602874159813,0.004619694780558348,0.019118165597319603,8062.25732421875,0.1581609696149826,0.00026110413931568785
826,0.002011337608564645,0.0015579612227156758,0.009067528415471315,3823.8365478515625,0.08475139737129211,0.005960367154330015,0.023629946634173393,9964.904296875,0.004778869915753603,0.004778869915753603,0.15118679404258728,0.005578626412898302,0.004622486419975758,0.01912279799580574,8064.2099609375,0.15819689631462097,0.00026007107323464617
827,0.002007871400564909,0.0015548471128568053,0.009060485288500786,3820.8668212890625,0.0846567340195179,0.005969338584691286,0.023632805794477463,9966.109375,0.00478769838809967,0.00478769838809967,0.1512429118156433,0.005579028278589249,0.004623110871762037,0.019118349999189377,8062.33349609375,0.15822236239910126,0.0002590398229468046
828,0.002005128306336701,0.0015525812632404268,0.009050940629094839,3816.84130859375,0.08464080095291138,0.005963230971246958,0.02361937239766121,9960.4443359375,0.00478226225823164,0.00478226225823164,0.15116313099861145,0.0055770957842469215,0.004622346721589565,0.019094984978437424,8052.482421875,0.15815457701683044,0.0002580103955202371
829,0.002002701861783862,0.0015505753108300269,0.009042531717568636,3813.2950439453125,0.08455575257539749,0.005945452023297548,0.0236170943826437,9959.4833984375,0.004764597397297621,0.004764597397297621,0.15090230107307434,0.005573539528995752,0.00461973063647747,0.019076181575655937,8044.55126953125,0.1581847369670868,0.00025698279801052387
830,0.002000537177082151,0.0015483779716305435,0.00904318317770958,3813.570068359375,0.08448419719934464,0.005949956364929676,0.023622430860996246,9961.7353515625,0.004768834915012121,0.004768834915012121,0.15099979937076569,0.005565300118178129,0.004610786680132151,0.01909027062356472,8050.49365234375,0.1580897569656372,0.00025595703746070355
831,0.0019956965115852654,0.0015436408575624228,0.00904111284762621,3812.697021484375,0.08433722332119942,0.005955034866929054,0.023622654378414154,9961.830078125,0.004773902241140604,0.004773902241140604,0.15109030902385712,0.0055717346258461475,0.004615696147084236,0.019120773300528526,8063.35693359375,0.15810734033584595,0.00025493312090122365
832,0.001994116057176143,0.0015422800788655877,0.009036718402057886,3810.8438720703125,0.08432655036449432,0.0059446305967867374,0.023606687784194946,9955.095703125,0.004764296114444733,0.004764296114444733,0.15091104805469513,0.005570169072598219,0.004615800455212593,0.01908736862242222,8049.27001953125,0.15808238089084625,0.00025391105534989405
833,0.0019944016239605844,0.0015430217608809471,0.00902759749442339,3806.9974365234375,0.08435459807515144,0.00593882892280817,0.023588554933667183,9947.4482421875,0.004759401082992554,0.004759401082992554,0.150802880525589,0.005552873481065035,0.004600952845066786,0.01903841271996498,8028.6240234375,0.15782032907009125,0.00025289084781183725
834,0.001990069344174117,0.0015392221393994987,0.009016942698508501,3802.504150390625,0.08423435315489769,0.005940085276961327,0.023571433499455452,9940.2294921875,0.004761513788253069,0.004761513788253069,0.15082114934921265,0.005541612859815359,0.004591256380081177,0.019007129594683647,8015.4326171875,0.1576535999774933,0.0002518725052794418
835,0.0019952274160459638,0.001545004255603999,0.009004461811855435,3797.2412109375,0.08438893407583237,0.005946175195276737,0.023575149476528168,9941.796875,0.004767417907714844,0.004767417907714844,0.15089496970176697,0.005545272026211023,0.004593835212290287,0.019028734415769577,8024.54248046875,0.157736137509346,0.0002508560347323132
836,0.0019874251447618008,0.0015374452923424542,0.008999596349895,3795.189208984375,0.08419740945100784,0.005933177657425404,0.02356644719839096,9938.126953125,0.0047548552975058556,0.0047548552975058556,0.1507193148136139,0.005552229471504688,0.004600303713232279,0.01903851330280304,8028.66748046875,0.15781408548355103,0.00024984144313722667
837,0.001988754782360047,0.001538993907161057,0.008995218202471733,3793.3427734375,0.0842689573764801,0.005933054257184267,0.023570088669657707,9939.6611328125,0.004754549823701382,0.004754549823701382,0.15075570344924927,0.005553822498768568,0.0046021644957363605,0.01903315633535385,8026.40771484375,0.1578509658575058,0.0002488287374480797
838,0.0019833985716104507,0.0015334454947151244,0.008999062236398458,3794.963623046875,0.08409613370895386,0.0059355865232646465,0.023589298129081726,9947.763671875,0.004756121430546045,0.004756121430546045,0.1507733166217804,0.0055475677363574505,0.004595970269292593,0.01903194561600685,8025.89697265625,0.15778344869613647,0.0002478179246058435
839,0.001983471098355949,0.001533745031338185,0.008994520641863346,3793.0487060546875,0.08409200608730316,0.005935281049460173,0.02357316203415394,9940.9580078125,0.004756622947752476,0.004756622947752476,0.15078836679458618,0.005538034252822399,0.0045863487757742405,0.019033711403608322,8026.64208984375,0.15761077404022217,0.00024680901153851614
840,0.0019830806995742023,0.0015334872296079993,0.008991869166493416,3791.9306640625,0.08410058170557022,0.0059290393255651,0.023562848567962646,9936.6083984375,0.0047508967109024525,0.0047508967109024525,0.15067747235298157,0.005538386292755604,0.004587411414831877,0.01901949569582939,8020.646484375,0.15768662095069885,0.00024580200516107463
841,0.0019867526134476066,0.0015374150243587792,0.008986752480268478,3789.7725830078125,0.08420891687273979,0.005939225200563669,0.02355671301484108,9934.021484375,0.004761389456689358,0.004761389456689358,0.15081456303596497,0.0055520199239254,0.004602067172527313,0.01899905316531658,8012.0263671875,0.1578724980354309,0.0002447969123754282
842,0.001981356996111572,0.0015325123094953597,0.008976892568171024,3785.614990234375,0.08413355052471161,0.005934851244091988,0.023555919528007507,9933.6865234375,0.004757055081427097,0.004757055081427097,0.15075458586215973,0.005536054261028767,0.0045869904570281506,0.018981272354722023,8004.52734375,0.15760597586631775,0.00024379374007037007
843,0.001978864660486579,0.0015303819673135877,0.008969654329121113,3782.5621337890625,0.0840209499001503,0.005929936654865742,0.02354235202074051,9927.9658203125,0.004752818960696459,0.004752818960696459,0.15066620707511902,0.0055288043804466724,0.004580093547701836,0.018974216654896736,8001.552734375,0.15748050808906555,0.0002427924951215309
844,0.0019745564204640687,0.0015263043460436165,0.00896504009142518,3780.6165771484375,0.08390399068593979,0.005923653952777386,0.023539293557405472,9926.67578125,0.004746689461171627,0.004746689461171627,0.1505623757839203,0.0055329385213553905,0.004582785069942474,0.019003065302968025,8013.71826171875,0.15755128860473633,0.00024179318439133176
845,0.0019743930897675455,0.0015260896179825068,0.008966068737208843,3781.0504150390625,0.08392175659537315,0.0059246341697871685,0.023530852049589157,9923.115234375,0.004748091567307711,0.004748091567307711,0.15058669447898865,0.005534043535590172,0.0045836493372917175,0.019007882103323936,8015.74951171875,0.1575802117586136,0.00024079581472893628
846,0.001973547041416168,0.0015255704056471586,0.008959532715380192,3778.2940673828125,0.08388518542051315,0.005922310054302216,0.023528147488832474,9921.974609375,0.004745902493596077,0.004745902493596077,0.1505318135023117,0.0055303811095654964,0.004581189248710871,0.018983837217092514,8005.609375,0.1575857698917389,0.00023980039297020447
847,0.00197404099162668,0.001526543463114649,0.008949949871748686,3774.2529296875,0.0839313194155693,0.005918406881392002,0.023523002862930298,9919.8046875,0.004742256831377745,0.004742256831377745,0.1505090892314911,0.005520605016499758,0.0045715090818703175,0.018981920555233955,8004.80078125,0.15739485621452332,0.00023880692593764542
848,0.0019685555016621947,0.0015215683379210532,0.0089397425763309,3769.948486328125,0.08374356850981712,0.005913642235100269,0.023508433252573013,9913.6611328125,0.004738220479339361,0.004738220479339361,0.15042169392108917,0.005516320001333952,0.004568617790937424,0.018954046070575714,7993.0458984375,0.15737876296043396,0.0002378154204403713
849,0.0019670919282361865,0.0015205262461677194,0.008931313641369343,3766.3941650390625,0.08373907208442688,0.005910054314881563,0.023492461070418358,9906.92578125,0.004735431168228388,0.004735431168228388,0.1504441648721695,0.00552101107314229,0.004573723301291466,0.018945759162306786,7989.552734375,0.15742632746696472,0.00023682588327404957
850,0.001965226896572858,0.0015187202952802181,0.008930131327360868,3765.895263671875,0.08370121940970421,0.005904650315642357,0.0234912671148777,9906.4228515625,0.004730086773633957,0.004730086773633957,0.15032097697257996,0.005515471566468477,0.004568679723888636,0.018935834988951683,7985.3662109375,0.15731868147850037,0.0002358383212208572
851,0.0019690970657393336,0.001522438193205744,0.008933177683502436,3767.1800537109375,0.08383084088563919,0.00591064291074872,0.023505695164203644,9912.5068359375,0.0047353580594062805,0.0047353580594062805,0.15041573345661163,0.005514189135283232,0.004566459450870752,0.01895459182560444,7993.2763671875,0.15731929242610931,0.00023485274104943372
852,0.001963337301276624,0.0015167630626820028,0.00893148547038436,3766.46630859375,0.08366554602980614,0.005918622482568026,0.023515034466981888,9916.4453125,0.004742870572954416,0.004742870572954416,0.15049390494823456,0.005512245465070009,0.00456458143889904,0.01895328424870968,7992.72412109375,0.1573808342218399,0.00023386914951483565
853,0.0019594458281062543,0.001513289287686348,0.00892313034273684,3762.943115234375,0.08357221260666847,0.005928137339651585,0.0235200934112072,9918.578125,0.004752132575958967,0.004752132575958967,0.1506085991859436,0.005514443386346102,0.00456739217042923,0.01894102804362774,7987.55712890625,0.15739768743515015,0.00023288755335848884
854,0.0019576894119381905,0.0015121425385586917,0.008910935837775469,3757.8006591796875,0.08354874700307846,0.005922358017414808,0.023497214540839195,9908.9306640625,0.004747497383505106,0.004747497383505106,0.15054553747177124,0.005510485731065273,0.004564183298498392,0.018926044926047325,7981.23779296875,0.15728691220283508,0.00023190795930814366
855,0.0019581392407417297,0.0015129914972931147,0.008902955800294876,3754.43505859375,0.08357063308358192,0.005909882485866547,0.023478800430893898,9901.1650390625,0.004735942464321852,0.004735942464321852,0.15033189952373505,0.0055129677057266235,0.004567448515444994,0.018910381942987442,7974.63232421875,0.157260462641716,0.0002309303740778282
856,0.0019592525204643607,0.001514216128271073,0.00890072900801897,3753.49609375,0.08363231271505356,0.005899754818528891,0.023458998650312424,9892.814453125,0.004726804792881012,0.004726804792881012,0.15022516250610352,0.005500614643096924,0.0045556980185210705,0.01889832876622677,7969.5498046875,0.15710441768169403,0.00022995480436780198
857,0.0019561281660571694,0.0015113059198483825,0.00889644492417574,3751.6895751953125,0.08349260687828064,0.0058940714225173,0.02346876822412014,9896.9345703125,0.004720632918179035,0.004720632918179035,0.15015244483947754,0.005497014615684748,0.0045511145144701,0.018918002024292946,7977.845703125,0.1571168452501297,0.00022898125686451055
858,0.001955331477802247,0.0015107474173419178,0.008891681907698512,3749.68115234375,0.08351137116551399,0.005901849362999201,0.023466913029551506,9896.15234375,0.004728503525257111,0.004728503525257111,0.15029719471931458,0.005494147073477507,0.004549107514321804,0.01890079490840435,7970.5888671875,0.15702560544013977,0.0002280097382405394
859,0.001961980655323714,0.0015174667350947857,0.008890277706086636,3749.088623046875,0.08366821706295013,0.005888238549232483,0.023452185094356537,9889.94140625,0.0047156293876469135,0.0047156293876469135,0.15005269646644592,0.005492005497217178,0.00454795453697443,0.018881015479564667,7962.24951171875,0.15694738924503326,0.00022704025515456867
860,0.0019594208570197225,0.0015151830739341676,0.008884756360203028,3746.76025390625,0.08365505561232567,0.005890714004635811,0.023455670103430748,9891.41015625,0.004717930220067501,0.004717930220067501,0.15010595321655273,0.005495916586369276,0.004551510792225599,0.018888115882873535,7965.24267578125,0.15704798698425293,0.00022607281425132667
861,0.0019668195163831115,0.0015227744006551802,0.008880903013050556,3745.1351318359375,0.08383846655488014,0.0059052724391222,0.023458296433091164,9892.5185546875,0.004732357803732157,0.004732357803732157,0.15030229091644287,0.005492711439728737,0.0045490264892578125,0.018873700872063637,7959.1640625,0.15707018971443176,0.0002251074221615451
862,0.0019540103967301548,0.001510299276560545,0.008874223101884127,3742.3189697265625,0.08355613797903061,0.005913792178034782,0.023448381572961807,9888.3369140625,0.004741373006254435,0.004741373006254435,0.1504441201686859,0.005495601799339056,0.004552624188363552,0.018859555944800377,7953.19873046875,0.15712478756904602,0.0002241440855019131
863,0.0019560085493139923,0.0015123593620955944,0.0088729839771986,3741.7957763671875,0.08357818052172661,0.005894792266190052,0.023449299857020378,9888.724609375,0.004722327459603548,0.004722327459603548,0.15013518929481506,0.0054881214164197445,0.004544525407254696,0.01887192204594612,7958.4140625,0.15699610114097595,0.00022318281087503253
864,0.0019528198754414916,0.0015092685353010893,0.008871025405824184,3740.9700927734375,0.08352028951048851,0.00588151253759861,0.023434286937117577,9882.39453125,0.004709798377007246,0.004709798377007246,0.1499098241329193,0.005483701825141907,0.0045415908098220825,0.018842216581106186,7945.88623046875,0.1569434255361557,0.00022222360486937176
865,0.0019483138457871974,0.0015050187357701361,0.008865901734679937,3738.809326171875,0.08337125182151794,0.005893681198358536,0.023442070931196213,9885.6748046875,0.004721577744930983,0.004721577744930983,0.1501709222793579,0.0054803043603897095,0.004536796826869249,0.018870150670409203,7957.66796875,0.15688732266426086,0.00022126647405922153
866,0.0019392617396079004,0.001496134849730879,0.008862538263201714,3737.3909912109375,0.08312516659498215,0.005893863271921873,0.02343595027923584,9883.0947265625,0.004722065757960081,0.004722065757960081,0.15013054013252258,0.005484913010150194,0.0045426213182508945,0.018845830112695694,7947.41064453125,0.15695473551750183,0.00022031142500464942
867,0.001945154508575797,0.0015024893218651414,0.00885330280289054,3733.495849609375,0.08333174139261246,0.005902696400880814,0.023434314876794815,9882.4052734375,0.0047309803776443005,0.0047309803776443005,0.1503152847290039,0.005478553008288145,0.004536282736808062,0.01884540356695652,7947.23095703125,0.1568094789981842,0.00021935846425145445
868,0.0019426364451646805,0.0015001832507550716,0.008849065285176039,3731.7091064453125,0.08324224129319191,0.005890333093702793,0.023432599380612373,9881.681640625,0.004718703217804432,0.004718703217804432,0.15007030963897705,0.005484404973685741,0.004542618058621883,0.01883574202656746,7943.15625,0.1569434106349945,0.000218407598331123
869,0.0019380181329324841,0.0014962049317546189,0.008836263325065374,3726.3104248046875,0.0831378735601902,0.005895797163248062,0.02341439202427864,9874.0029296875,0.0047250776551663876,0.0047250776551663876,0.15023095905780792,0.005484051536768675,0.004541501402854919,0.01885100267827511,7949.59228515625,0.15693780779838562,0.00021745883376078344
870,0.0019363781902939081,0.001494815805926919,0.00883124629035592,3724.1947021484375,0.08307192474603653,0.005887691862881184,0.023400956764817238,9868.337890625,0.004717643838375807,0.004717643838375807,0.15004070103168488,0.005471710115671158,0.004530477803200483,0.01882464811205864,7938.478515625,0.15673759579658508,0.00021651217704316225
871,0.001933249644935131,0.0014921082183718681,0.008822826901450753,3720.644287109375,0.08300115168094635,0.005878150928765535,0.023385999724268913,9862.0302734375,0.004708850756287575,0.004708850756287575,0.1498868465423584,0.005460391286760569,0.004520446062088013,0.018798906356096268,7927.62255859375,0.15654593706130981,0.00021556763466653835
872,0.0019346973858773708,0.0014935560175217688,0.008822828065603971,3720.6444091796875,0.0830342099070549,0.005865412764251232,0.023386051878333092,9862.0537109375,0.004696110263466835,0.004696110263466835,0.1496957242488861,0.0054587991908192635,0.004519137553870678,0.01879323460161686,7925.23095703125,0.15651117265224457,0.0002146252131046995
873,0.0019361176528036594,0.0014950872282497585,0.008820607326924801,3719.7080078125,0.083116814494133,0.005874179303646088,0.023392189294099808,9864.6396484375,0.004704569932073355,0.004704569932073355,0.1498541384935379,0.0054625095799565315,0.004522592760622501,0.018798334524035454,7927.38037109375,0.15657076239585876,0.00021368491881689739
874,0.0019388122600503266,0.0014979186817072332,0.008817870635539293,3718.554443359375,0.08321221172809601,0.005884245503693819,0.023396728560328484,9866.5556640625,0.00471440888941288,0.00471440888941288,0.14999186992645264,0.005458591505885124,0.004518842790275812,0.018794970586895943,7925.962890625,0.15654224157333374,0.00021274675824780405
875,0.0019310932257212698,0.0014904646668583155,0.008812571875751019,3716.320068359375,0.08298603817820549,0.0058797067031264305,0.023386308923363686,9862.16015625,0.004710391163825989,0.004710391163825989,0.14990341663360596,0.005461163818836212,0.004521664697676897,0.0187899861484766,7923.861328125,0.1566041260957718,0.00021181073782746673
876,0.0019264935399405658,0.0014861943200230598,0.008805984165519476,3713.54150390625,0.08287501335144043,0.005881478078663349,0.023379188030958176,9859.158203125,0.004712518770247698,0.004712518770247698,0.14999344944953918,0.005462137516587973,0.004523056093603373,0.018781624734401703,7920.33447265625,0.15661810338497162,0.0002108768639712647
877,0.001924783457070589,0.001485025743022561,0.008795153815299273,3708.974365234375,0.08281836286187172,0.005884706042706966,0.02337772771716118,9858.5419921875,0.004715819843113422,0.004715819843113422,0.14996594190597534,0.005464296787977219,0.004526094999164343,0.018764032050967216,7912.91650390625,0.1567036509513855,0.00020994514307986494
878,0.0019277616520412266,0.0014882145915180445,0.008790940046310425,3707.197265625,0.08295650780200958,0.005882605444639921,0.02338174730539322,9860.23828125,0.00471351807937026,0.00471351807937026,0.1500033438205719,0.005452442914247513,0.004513134248554707,0.018786171451210976,7922.25244140625,0.15652194619178772,0.00020901558153917806
879,0.0019254201906733215,0.001485715212766081,0.008794098626822233,3708.5294189453125,0.08283888921141624,0.0058668507263064384,0.023385122418403625,9861.66015625,0.004697594325989485,0.004697594325989485,0.14971408247947693,0.005450000986456871,0.004510390106588602,0.01879221573472023,7924.8017578125,0.15643785893917084,0.00020808818572031463
880,0.001925162854604423,0.001485473127104342,0.008793792687356472,3708.400390625,0.08284283429384232,0.0058672307059168816,0.023368295282125473,9854.564453125,0.004698815755546093,0.004698815755546093,0.14976716041564941,0.005454514175653458,0.00451531121507287,0.018784061074256897,7921.36279296875,0.15647095441818237,0.00020716296197954175
881,0.0019243028946220875,0.001484909385908395,0.008787869941443205,3705.90283203125,0.08284685015678406,0.005859901197254658,0.023346366360783577,9845.31640625,0.004692582879215479,0.004692582879215479,0.14963971078395844,0.005456645507365465,0.004518019966781139,0.018772510811686516,7916.49169921875,0.15651071071624756,0.00020623991665823956
882,0.0019288152107037604,0.0014896453358232975,0.008783398196101189,3704.0166015625,0.08296750858426094,0.005862518213689327,0.02333703637123108,9841.3828125,0.004695666488260031,0.004695666488260031,0.1496676504611969,0.005440395791083574,0.004502502735704184,0.018757862970232964,7910.31494140625,0.1563299596309662,0.0002053190560828572
883,0.0019319694256410003,0.0014931432087905705,0.008776524802669883,3701.1182861328125,0.0831085667014122,0.005864294245839119,0.023332521319389343,9839.4775390625,0.004697667900472879,0.004697667900472879,0.14968153834342957,0.005435480736196041,0.0044982898980379105,0.018743813037872314,7904.38916015625,0.15623739361763,0.0002044003865648699
884,0.0019249895703978837,0.0014865471748635173,0.008768848143517971,3697.8812255859375,0.08288684487342834,0.005848410073667765,0.023329155519604683,9838.0595703125,0.0046819522976875305,0.0046819522976875305,0.14943638443946838,0.005438786931335926,0.004501944873481989,0.018736841157078743,7901.44970703125,0.15626420080661774,0.00020348391440073562
885,0.0019234290230087936,0.0014852904714643955,0.008762771030887961,3695.3182373046875,0.08284588903188705,0.005857740994542837,0.02333400398492813,9840.1025390625,0.004691040609031916,0.004691040609031916,0.149656280875206,0.005438567139208317,0.00450211251154542,0.018729090690612793,7898.181640625,0.15625424683094025,0.000202569645871852
886,0.0019193350453861058,0.0014811432338319719,0.00876383576542139,3695.7672119140625,0.08274717628955841,0.005858501885086298,0.023343401029706,9844.06640625,0.004691331647336483,0.004691331647336483,0.14956393837928772,0.005436689127236605,0.004500917159020901,0.01871543936431408,7892.42333984375,0.1562747061252594,0.00020165758724451346
887,0.001913455140311271,0.0014752793358638883,0.00876351585611701,3695.632568359375,0.0825803354382515,0.005885939113795757,0.023360740393400192,9851.3798828125,0.004717901814728975,0.004717901814728975,0.15007352828979492,0.0054452139884233475,0.004507779143750668,0.01874869503080845,7906.44921875,0.1564459204673767,0.00020074774476986729
888,0.0019164597033523023,0.0014784993254579604,0.008759206160902977,3693.8150634765625,0.0826607495546341,0.005870610475540161,0.023347092792391777,9845.623046875,0.004703255835920572,0.004703255835920572,0.1497553586959839,0.005447662901133299,0.00451108580455184,0.01873154565691948,7899.2158203125,0.15650451183319092,0.0001998401246838723
889,0.0019188125734217465,0.0014814295573160052,0.00874765939079225,3688.9456787109375,0.08278007805347443,0.005864030681550503,0.023328149691224098,9837.634765625,0.004697623196989298,0.004697623196989298,0.14973820745944977,0.00543222576379776,0.004495939239859581,0.01872573047876358,7896.76416015625,0.15616737306118011,0.0001989347332072547
890,0.0019172150059603155,0.0014800879289396107,0.008742541540414095,3686.7877197265625,0.08271487057209015,0.005846594925969839,0.023310966789722443,9830.388671875,0.004681046586483717,0.004681046586483717,0.14943373203277588,0.005427644122391939,0.004492643754929304,0.01870000548660755,7885.91552734375,0.15610235929489136,0.0001980315765454664
891,0.0019250705954618752,0.001487980131059885,0.008741809986531734,3686.4786376953125,0.08295734971761703,0.005853517912328243,0.023310571908950806,9830.2216796875,0.004687989130616188,0.004687989130616188,0.14955630898475647,0.005421939771622419,0.0044871182180941105,0.01869642734527588,7884.40771484375,0.15606671571731567,0.0001971306608886418
892,0.001920988957863301,0.0014840828953310847,0.008738121017813683,3684.9234619140625,0.08282983303070068,0.005853480193763971,0.02331237494945526,9830.982421875,0.004687861539423466,0.004687861539423466,0.14954838156700134,0.005425258539617062,0.00448984419927001,0.018708284944295883,7889.40771484375,0.15610763430595398,0.00019623199241155628
893,0.0019241645350120962,0.001487553003244102,0.008732229704037309,3682.4393310546875,0.08284225687384605,0.005842052400112152,0.023304738104343414,9827.76171875,0.004676815588027239,0.004676815588027239,0.14931488037109375,0.005430710967630148,0.00449506938457489,0.018712829798460007,7891.32470703125,0.15618747472763062,0.00019533557727358282
894,0.0019249108154326677,0.0014884848496876657,0.008728519082069397,3680.8740234375,0.08293967321515083,0.005854163784533739,0.023295527324080467,9823.876953125,0.004689387511461973,0.004689387511461973,0.1495770812034607,0.00542426435276866,0.00448961416259408,0.01869300752878189,7882.96533203125,0.15609067678451538,0.00019444142161865034
895,0.0019073514849878848,0.001471282506827265,0.008721379097551107,3677.86328125,0.08247124031186104,0.005860351491719484,0.023294460028409958,9823.4267578125,0.0046956283040344715,0.0046956283040344715,0.1495821624994278,0.005437757819890976,0.004504439886659384,0.018666360527276993,7871.72705078125,0.15637844800949097,0.0001935495315752015
896,0.0019128990825265646,0.0014766115345992148,0.008725749794393778,3679.70654296875,0.08262746036052704,0.005869543179869652,0.023307662457227707,9828.9951171875,0.004704160150140524,0.004704160150140524,0.14984680712223053,0.005433136597275734,0.004498472902923822,0.01869327574968338,7883.078125,0.15631455183029175,0.0001926599132561509
897,0.0019210783066228032,0.0014847140409983695,0.008727284148335457,3680.3533935546875,0.08289415389299393,0.0058389026671648026,0.02328893542289734,9821.09765625,0.004674455616623163,0.004674455616623163,0.14928530156612396,0.005415268242359161,0.004481765907257795,0.01867004483938217,7873.28076171875,0.15600422024726868,0.00019177257275884303
898,0.0018969223601743579,0.0014612727682106197,0.00871299160644412,3674.32568359375,0.08221334964036942,0.005854484625160694,0.023290760815143585,9821.8671875,0.00468994677066803,0.00468994677066803,0.14966213703155518,0.005426451563835144,0.004491985309869051,0.018689323216676712,7881.41162109375,0.15617898106575012,0.00019088751616501006
899,0.0019020974286831915,0.0014667222858406603,0.008707503322511911,3672.0118408203125,0.08234509080648422,0.0058417548425495625,0.02328578010201454,9819.767578125,0.0046774656511843204,0.0046774656511843204,0.14934852719306946,0.0054214224219322205,0.004487319383770227,0.01868205890059471,7878.34814453125,0.15606020390987396,0.00019000474954073107
900,0.001903010532259941,0.0014678658335469663,0.008702892810106277,3670.0673828125,0.08242471143603325,0.005844189319759607,0.023284178227186203,9819.091796875,0.004679980222135782,0.004679980222135782,0.14942383766174316,0.005414433311671019,0.004480547737330198,0.018677709624171257,7876.51318359375,0.15591445565223694,0.00018912427893638946
901,0.0018997424631379545,0.0014648169744759798,0.008698510471731424,3668.2191162109375,0.08230007439851761,0.005834197625517845,0.02326716110110283,9811.9150390625,0.004670839756727219,0.004670839756727219,0.1492249071598053,0.005400683730840683,0.004468361381441355,0.018646448850631714,7863.33056640625,0.1556970775127411,0.0001882461103866322
902,0.0019013752462342381,0.0014666656497865915,0.008694191696122289,3666.39794921875,0.08243859186768532,0.005839264951646328,0.02326616458594799,9811.4951171875,0.004675956442952156,0.004675956442952156,0.14928410947322845,0.005401555448770523,0.0044693723320961,0.018643664196133614,7862.15673828125,0.15575799345970154,0.0001873702499103281
903,0.0019084137747995555,0.0014737102901563048,0.00869406946003437,3666.3466796875,0.08257972821593285,0.005844985134899616,0.02326068840920925,9809.185546875,0.004681950900703669,0.004681950900703669,0.14942234754562378,0.005408719182014465,0.004476072732359171,0.01865292713046074,7866.06298828125,0.15584740042686462,0.00018649670351052704
904,0.0018897075788117945,0.0014556397800333798,0.00868135504424572,3660.984619140625,0.08205335959792137,0.00584320118650794,0.023254595696926117,9806.6162109375,0.004680471494793892,0.004680471494793892,0.1493367999792099,0.005420714151114225,0.004488886799663305,0.018636547029018402,7859.15478515625,0.15610483288764954,0.00018562547717441803
905,0.0018924951436929405,0.00145855569280684,0.008678789716213942,3659.9031982421875,0.0821705162525177,0.005846954882144928,0.023258661851286888,9808.3310546875,0.004684021696448326,0.004684021696448326,0.14951029419898987,0.005408525001257658,0.004477014299482107,0.018630215898156166,7856.48583984375,0.15591847896575928,0.00018475657687328892
906,0.0018936819396913052,0.0014598388806916773,0.008676860481500626,3659.089111328125,0.08215513825416565,0.005828356835991144,0.02325357496738434,9806.1865234375,0.004665677901357412,0.004665677901357412,0.14912408590316772,0.0054024276323616505,0.004471483174711466,0.01861889287829399,7851.7099609375,0.15581849217414856,0.0001838900085624849
907,0.0018932719831354916,0.0014592859661206603,0.008679719408974051,3660.294677734375,0.08217158541083336,0.00582589115947485,0.023253964260220528,9806.3515625,0.004663193132728338,0.004663193132728338,0.1491188108921051,0.005394442472606897,0.004462561570107937,0.01863762177526951,7859.609375,0.15563473105430603,0.0001830257781813683
908,0.0018867640756070614,0.0014529258478432894,0.008676764089614153,3659.048828125,0.0819658562541008,0.005824254360049963,0.023245794698596,9802.9052734375,0.00466196471825242,0.00466196471825242,0.14910182356834412,0.005388942547142506,0.004457141272723675,0.018636025488376617,7858.9345703125,0.15552867949008942,0.00018216389165327752
909,0.0018845752347260714,0.001451216172426939,0.00866718078032136,3655.0072021484375,0.0818985067307949,0.005821182392537594,0.023232711479067802,9797.3876953125,0.004659547004848719,0.004659547004848719,0.1490197479724884,0.005386725999414921,0.0044561424292624,0.018611673265695572,7848.6650390625,0.15551063418388367,0.000181304354885486
910,0.0018821997800841928,0.001448956085368991,0.00866487342864275,3654.0343017578125,0.0818304643034935,0.005829135421663523,0.023235751315951347,9798.669921875,0.004667347762733698,0.004667347762733698,0.14918756484985352,0.0053888107649981976,0.004458009265363216,0.018616031855344772,7850.50390625,0.15560798346996307,0.00018044717376916293
911,0.001880983414594084,0.001447886461392045,0.008661937434226274,3652.7960205078125,0.08183111250400543,0.005830022972077131,0.023238738998770714,9799.9287109375,0.004668085835874081,0.004668085835874081,0.14914362132549286,0.005395158659666777,0.004464753903448582,0.01860809698700905,7847.15673828125,0.15572796761989594,0.00017959235417933138
912,0.001880683412309736,0.0014478321536444128,0.008657023776322603,3650.72412109375,0.08185028657317162,0.005827758461236954,0.023235859349370003,9798.716796875,0.0046659656800329685,0.0046659656800329685,0.1491360068321228,0.0053889816626906395,0.0044585103169083595,0.0186094231903553,7847.71533203125,0.15558688342571259,0.0001787399019748292
913,0.0018773480551317334,0.0014448835863731802,0.008649289142340422,3647.46240234375,0.08171974495053291,0.0058207884430885315,0.023226318880915642,9794.6923828125,0.004659472499042749,0.004659472499042749,0.14902585744857788,0.0053801327012479305,0.004450410604476929,0.018594443798065186,7841.3994140625,0.15542791783809662,0.00017788982299826814
914,0.0018783493433147669,0.0014460735255852342,0.008645516354590654,3645.871826171875,0.08176537603139877,0.00582105852663517,0.023219868540763855,9791.9716796875,0.004660064820200205,0.004660064820200205,0.14901204407215118,0.00537857273593545,0.004449282772839069,0.018585799261927605,7837.75439453125,0.15539222955703735,0.0001770421230759947
915,0.0018771934555843472,0.0014451087918132544,0.008641693275421858,3644.2591552734375,0.08174867928028107,0.00582015048712492,0.023220818489789963,9792.3720703125,0.004659109748899937,0.004659109748899937,0.14902983605861664,0.005381145980209112,0.004451800603419542,0.0185869038105011,7838.2197265625,0.15543214976787567,0.00017619680801804905
916,0.0018745671841315925,0.0014426878769882023,0.008637584978714585,3642.526611328125,0.08166831359267235,0.005813696887344122,0.023207951337099075,9786.9462890625,0.004653299227356911,0.004653299227356911,0.1489582657814026,0.005376869812607765,0.004448136780411005,0.018574660643935204,7833.05712890625,0.15536169707775116,0.00017535388361812596
917,0.0018752780742943287,0.0014433438773266971,0.008638684172183275,3642.990234375,0.08169236779212952,0.0058124130591750145,0.02320244535803795,9784.6259765625,0.004652290605008602,0.004652290605008602,0.1488860845565796,0.0053818062879145145,0.004453739617019892,0.018561333417892456,7827.43701171875,0.15546992421150208,0.0001745133556535347
918,0.0018768146983347833,0.0014452011091634631,0.008632270619273186,3640.2855224609375,0.08177950978279114,0.0058179995976388454,0.023206673562526703,9786.4072265625,0.004657665733247995,0.004657665733247995,0.14897948503494263,0.005377406254410744,0.004448938649147749,0.018569350242614746,7830.81689453125,0.15540726482868195,0.00017367522988516001
919,0.0018714622128754854,0.0014403958339244127,0.00862132664769888,3635.67041015625,0.08160323649644852,0.005815412383526564,0.0231915395706892,9780.025390625,0.004655835218727589,0.004655835218727589,0.14894859492778778,0.005368303507566452,0.004440824966877699,0.01854957453906536,7822.478515625,0.15526103973388672,0.00017283951205742212
920,0.0018717579660005867,0.0014410410076379776,0.00861433963291347,3632.7239990234375,0.08160566166043282,0.005810794420540333,0.023188363760709763,9778.685546875,0.00465137604624033,0.00465137604624033,0.1488780975341797,0.005366647150367498,0.004439219366759062,0.01854855567216873,7822.0478515625,0.15525275468826294,0.0001720062078982373
921,0.0018696622573770583,0.0014389014686457813,0.00861521577462554,3633.0933837890625,0.08155270665884018,0.005808604881167412,0.02319161593914032,9780.056640625,0.004649023991078138,0.004649023991078138,0.14887499809265137,0.005373760592192411,0.004445540253072977,0.018564404919743538,7828.73291015625,0.15534856915473938,0.0001711753231189792
922,0.0018675582250580192,0.0014366842224262655,0.008617479354143143,3634.048095703125,0.08151531219482422,0.0058028786443173885,0.023190421983599663,9779.5537109375,0.0046433573588728905,0.0046433573588728905,0.14873194694519043,0.005375205539166927,0.004446841776371002,0.018567273393273354,7829.94140625,0.15540766716003418,0.00017034686341443875
923,0.001867602695710957,0.0014367777621373534,0.008616497740149498,3633.6343994140625,0.08153591677546501,0.005806458182632923,0.02318974956870079,9779.2705078125,0.004646970424801111,0.004646970424801111,0.14882014691829681,0.00536357844248414,0.004435793962329626,0.018555693328380585,7825.05810546875,0.15521825850009918,0.00016952083446278627
924,0.001868940715212375,0.001438209437765181,0.008614624850451946,3632.843994140625,0.08155567944049835,0.00580293545499444,0.02319016307592392,9779.4453125,0.004643427208065987,0.004643427208065987,0.14877542853355408,0.005353934597223997,0.004426499363034964,0.01854870654642582,7822.1123046875,0.1551087200641632,0.0001686972419255314
925,0.0018652775324881077,0.0014346530078910291,0.008612490259110928,3631.9439697265625,0.0814349353313446,0.005804897751659155,0.023187916725873947,9778.498046875,0.004645501729100943,0.004645501729100943,0.1487981677055359,0.005356987006962299,0.004429076798260212,0.018558204174041748,7826.1171875,0.15514294803142548,0.00016787609144748545
926,0.0018655763706192374,0.0014352503349073231,0.008606520015746355,3629.4259033203125,0.08148188143968582,0.005810434930026531,0.023176953196525574,9773.8740234375,0.00465158699080348,0.00465158699080348,0.14887943863868713,0.0053604766726493835,0.0044336882419884205,0.01853576861321926,7816.65576171875,0.1551940143108368,0.00016705738865672182
927,0.001864135090727359,0.0014341266360133886,0.008600169094279408,3626.7479248046875,0.08143608644604683,0.005811999086290598,0.023180309683084488,9775.2890625,0.004652983509004116,0.004652983509004116,0.14890632033348083,0.005365115590393543,0.004438419360667467,0.018533920869231224,7815.87646484375,0.15525463223457336,0.0001662411391645376
928,0.0018595242290757596,0.0014298036112450063,0.008594412356615067,3624.3203125,0.08134007081389427,0.005805610679090023,0.023170586675405502,9771.1884765625,0.0046470812521874905,0.0046470812521874905,0.14877651631832123,0.005363026168197393,0.004436839837580919,0.01852373033761978,7811.5791015625,0.15519964694976807,0.00016542734856541546
929,0.0018641361384652555,0.0014345657546073198,0.008591407909989357,3623.053466796875,0.08148004114627838,0.005803365260362625,0.02316446043550968,9768.607421875,0.004645142238587141,0.004645142238587141,0.1487741768360138,0.005348932463675737,0.004422799684107304,0.018522653728723526,7811.1240234375,0.1549762487411499,0.0001646160224369851
930,0.0018604824435897171,0.0014312314451672137,0.008585019502788782,3620.3590087890625,0.08134819567203522,0.005799338221549988,0.02316155843436718,9767.3818359375,0.004641260486096144,0.004641260486096144,0.1487063467502594,0.005351488944143057,0.0044258288107812405,0.018513206392526627,7807.140625,0.15501591563224792,0.00016380716633998502
931,0.0018630512640811503,0.0014338143519125879,0.008584738243371248,3620.24072265625,0.08145265281200409,0.0057986280880868435,0.0231651421636343,9768.89453125,0.004640371073037386,0.004640371073037386,0.14868196845054626,0.005350940860807896,0.0044256760738790035,0.018505295738577843,7803.80615234375,0.15507103502750397,0.00016300078581822424
932,0.0018587824306450784,0.0014296065783128142,0.008583515882492065,3619.725341796875,0.08129594475030899,0.0058029224164783955,0.023164652287960052,9768.6865234375,0.004644689615815878,0.004644689615815878,0.14876879751682281,0.005355463363230228,0.004430041648447514,0.018508438020944595,7805.13037109375,0.15513978898525238,0.0001621968863985447
933,0.001855897600762546,0.001426996081136167,0.008578029926866293,3617.4119873046875,0.08125673606991768,0.005800846964120865,0.02315456047654152,9764.4306640625,0.004643118940293789,0.004643118940293789,0.14870625734329224,0.005359426140785217,0.004435057286173105,0.01848737895488739,7796.24951171875,0.15518876910209656,0.00016139547359078288
934,0.001859283249359578,0.0014305688673630357,0.008574288804084063,3615.834228515625,0.08140625059604645,0.0057929703034460545,0.0231494028121233,9762.255859375,0.004635500255972147,0.004635500255972147,0.14861810207366943,0.0053423065692186356,0.004418279509991407,0.018480539321899414,7793.365234375,0.15487414598464966,0.00016059655288773252
935,0.0018572063418105245,0.0014285830548033118,0.008572464110329747,3615.064453125,0.0813080407679081,0.005786897614598274,0.023144802078604698,9760.3154296875,0.004629657603800297,0.004629657603800297,0.14850914478302002,0.005335919093340635,0.004412142094224691,0.018475541844964027,7791.2578125,0.15478603541851044,0.00015980012976510652
936,0.0018565121572464705,0.001428054179996252,0.008569160476326942,3613.671630859375,0.08133124932646751,0.005795303266495466,0.023145703598856926,9760.6962890625,0.00463801808655262,0.00463801808655262,0.1486130952835083,0.005338801071047783,0.00441476795822382,0.018480665981769562,7793.41943359375,0.1548997461795807,0.00015900620968149992
937,0.0018529370427131653,0.001424717775080353,0.00856438372284174,3611.6572265625,0.08119447529315948,0.00580627704039216,0.02314802259206772,9761.673828125,0.0046488759107887745,0.0046488759107887745,0.14884155988693237,0.005346445366740227,0.004421514924615622,0.018498605117201805,7800.98486328125,0.1550375372171402,0.00015821479807835208
938,0.0018523864564485848,0.0014242508332245052,0.008562712464481592,3610.9522705078125,0.08118968829512596,0.005796375684440136,0.023138435557484627,9757.630859375,0.00463945372030139,0.00463945372030139,0.14863988757133484,0.005355804692953825,0.004431021865457296,0.018495654687285423,7799.73876953125,0.1551549881696701,0.00015742590037990937
939,0.0018557586008682847,0.0014277060399763286,0.008561051916331053,3610.252197265625,0.08133531734347343,0.005788946058601141,0.023129984736442566,9754.0673828125,0.00463244691491127,0.00463244691491127,0.14856867492198944,0.0053455522283911705,0.004421793855726719,0.01847517117857933,7791.1015625,0.15496507287025452,0.00015663952199318837
940,0.0018570415559224784,0.0014294238644652069,0.008552354294806719,3606.5843505859375,0.08133496716618538,0.005793466232717037,0.02312041074037552,9750.0302734375,0.004637445788830519,0.004637445788830519,0.14863285422325134,0.005331905093044043,0.004409588873386383,0.01844632253050804,7778.93603515625,0.15476644039154053,0.00015585566830793863
941,0.0018505789921618998,0.0014233273104764521,0.00854503270238638,3603.496826171875,0.0811629667878151,0.005794597789645195,0.02311699278652668,9748.587890625,0.0046387482434511185,0.0046387482434511185,0.14862143993377686,0.005337310954928398,0.004414889495819807,0.01844843104481697,7779.8251953125,0.15485262870788574,0.00015507434469660543
942,0.001850053435191512,0.0014229778316803277,0.00854151090607047,3602.0115966796875,0.08112771809101105,0.005799716338515282,0.02311811037361622,9749.060546875,0.004643810912966728,0.004643810912966728,0.14875784516334534,0.005336759611964226,0.004412954673171043,0.018476098775863647,7791.49267578125,0.15480327606201172,0.00015429555651429316
943,0.0018482899758964777,0.0014212917303666472,0.008539965841919184,3601.35986328125,0.08110542222857475,0.005784705746918917,0.023120341822504997,9750.0009765625,0.004628688562661409,0.004628688562661409,0.1484670341014862,0.005338714458048344,0.004415065515786409,0.018472975119948387,7790.17578125,0.15485692024230957,0.0001535193090987291
944,0.00185148895252496,0.001424438611138612,0.008541005663573742,3601.7987060546875,0.08122919499874115,0.005781627260148525,0.023119211196899414,9749.5244140625,0.004625666420906782,0.004625666420906782,0.1484469771385193,0.005332401487976313,0.004408902022987604,0.01846998557448387,7788.91455078125,0.15479692816734314,0.00015274560777022597
945,0.0018512193346396089,0.0014242127654142678,0.00854012998752296,3601.42919921875,0.08121893554925919,0.005783418193459511,0.02311120554804802,9746.1474609375,0.004627857822924852,0.004627857822924852,0.14847096800804138,0.0053321742452681065,0.004409621004015207,0.018451061099767685,7780.9345703125,0.15481039881706238,0.0001519744578316461
946,0.0018430426716804504,0.001416306826286018,0.008534717140719295,3599.146728515625,0.08095671981573105,0.005783881060779095,0.023104263469576836,9743.21875,0.0046286676079034805,0.0046286676079034805,0.14844676852226257,0.0053421445190906525,0.004419822711497545,0.018446436151862144,7778.98388671875,0.1549786925315857,0.00015120586456836467
947,0.0018455893732607365,0.0014191769296303391,0.008528247941285372,3596.4183349609375,0.08107366785407066,0.0057899560779333115,0.02309975028038025,9741.3173828125,0.0046349684707820415,0.0046349684707820415,0.14860177040100098,0.0053266421891748905,0.0044045643880963326,0.01844155229628086,7776.92431640625,0.1547209918498993,0.00015043983324823402
948,0.0018442959408275783,0.0014179403078742325,0.008527111727744341,3595.9393310546875,0.080999955534935,0.005776853300631046,0.023093784227967262,9738.8017578125,0.004622164182364941,0.004622164182364941,0.1483473777770996,0.00531805632635951,0.004397016949951649,0.018420787528157234,7768.16748046875,0.15458153188228607,0.00014967636912154703
949,0.0018399702967144549,0.0014138948754407465,0.008521508425474167,3593.576416015625,0.08089317381381989,0.005779439117759466,0.02309722825884819,9740.2529296875,0.004624577704817057,0.004624577704817057,0.1483856439590454,0.00532071478664875,0.00439950218424201,0.018424252048134804,7769.62841796875,0.15460501611232758,0.0001489154774210012
950,0.0018375684740021825,0.0014115386875346303,0.008520595263689756,3593.1910400390625,0.08081299439072609,0.005779565777629614,0.023097312077879906,9740.2890625,0.004624700173735619,0.004624700173735619,0.14842632412910461,0.0053256358951330185,0.004403969738632441,0.01843331940472126,7773.4521484375,0.15466104447841644,0.00014815716336166314
951,0.0018412370700389147,0.001415287028066814,0.008519000839442015,3592.5189208984375,0.08092861995100975,0.005775688216090202,0.02309555560350418,9739.5478515625,0.004620910622179508,0.004620910622179508,0.1483275145292282,0.005322491284459829,0.004400651436299086,0.018436796963214874,7774.91943359375,0.1546308547258377,0.00014740143214093265
952,0.001837554678786546,0.0014116730890236795,0.00851763179525733,3591.9415283203125,0.08083904534578323,0.00577972549945116,0.023098869249224663,9740.9462890625,0.004624782130122185,0.004624782130122185,0.14838925004005432,0.005318013485521078,0.004395929630845785,0.01844167895615101,7776.97802734375,0.15456713736057281,0.00014664828893850676
953,0.0018372105550952256,0.0014114748337306082,0.008514714427292347,3590.7113037109375,0.08081948757171631,0.005776624660938978,0.023096555843949318,9739.9697265625,0.004621796775609255,0.004621796775609255,0.14833185076713562,0.005318757146596909,0.004397282842546701,0.018429486081004143,7771.83544921875,0.15459057688713074,0.00014589773891634448
954,0.001834594877436757,0.0014091248158365488,0.008509402628988028,3588.4710693359375,0.08076011762022972,0.005775703117251396,0.023090573027729988,9737.4462890625,0.004621174652129412,0.004621174652129412,0.14833438396453857,0.0053166779689490795,0.004395826254040003,0.018417032435536385,7766.583984375,0.15452592074871063,0.00014514978721863196
955,0.001832673093304038,0.0014074919745326042,0.008503622841089964,3586.0338134765625,0.08070364594459534,0.005771688185632229,0.023082435131072998,9734.0146484375,0.004617566242814064,0.004617566242814064,0.148270845413208,0.005312241613864899,0.004391560796648264,0.018413614481687546,7765.14306640625,0.15447980165481567,0.00014440443897174618
956,0.00183273630682379,0.0014077324885874987,0.008500076364725828,3584.5382080078125,0.08072001859545708,0.005769347306340933,0.02307136543095112,9729.3466796875,0.004615779034793377,0.004615779034793377,0.14825749397277832,0.005307978019118309,0.004387823864817619,0.018403084948658943,7760.70166015625,0.15442365407943726,0.00014366169928422062
957,0.0018344064010307193,0.001409459742717445,0.008498931769281626,3584.0557861328125,0.08074920997023582,0.005771564319729805,0.02307075262069702,9729.0888671875,0.004618026781827211,0.004618026781827211,0.14827588200569153,0.0053038629703223705,0.004384225700050592,0.018392743542790413,7756.341796875,0.15437056124210358,0.00014292157324670982
958,0.0018316213390789926,0.0014069332391954958,0.008493761997669935,3581.8756103515625,0.0807199515402317,0.0057714045979082584,0.0230685044080019,9728.1396484375,0.004617979284375906,0.004617979284375906,0.14824886620044708,0.0053129480220377445,0.004393537528812885,0.018388211727142334,7754.42919921875,0.1544876992702484,0.00014218406593195502
959,0.0018297478673048317,0.0014052034821361303,0.00849088653922081,3580.6630859375,0.0806712843477726,0.005776146426796913,0.02306557632982731,9726.90625,0.004622867796570063,0.004622867796570063,0.1483665257692337,0.0053146095015108585,0.004394957795739174,0.018393032252788544,7756.46337890625,0.1545088291168213,0.0001414491823947486
960,0.0018307003774680197,0.0014062055270187557,0.008489896543323994,3580.2454833984375,0.0806962326169014,0.005765709560364485,0.023057227954268456,9723.384765625,0.004612848162651062,0.004612848162651062,0.14818555116653442,0.005308634601533413,0.004389715380966663,0.01837838627398014,7750.28759765625,0.1544540822505951,0.00014071692767189998
961,0.0018276203190907836,0.001403310219757259,0.008486201986670494,3578.68701171875,0.08060213923454285,0.005768087692558765,0.02306683361530304,9727.4365234375,0.004614745732396841,0.004614745732396841,0.14821889996528625,0.005305029451847076,0.004385427571833134,0.018392035737633705,7756.04248046875,0.15443477034568787,0.0001399873067822011
962,0.0018270616419613361,0.001402860158123076,0.00848403014242649,3577.771484375,0.0805741548538208,0.00576997734606266,0.02306392788887024,9726.2109375,0.004616781137883663,0.004616781137883663,0.14825484156608582,0.005301987752318382,0.004382578656077385,0.018388185650110245,7754.41943359375,0.15436869859695435,0.00013926032472639198
963,0.0018261349759995937,0.0014020689413882792,0.008481320925056934,3576.6290283203125,0.08054976910352707,0.005768526345491409,0.023059627041220665,9724.3974609375,0.004615544807165861,0.004615544807165861,0.14822173118591309,0.005299569573253393,0.0043805260211229324,0.018380871042609215,7751.333984375,0.15430039167404175,0.00013853598648712619
964,0.0018259055796079338,0.0014019048539921641,0.008480014745146036,3576.078369140625,0.08055751398205757,0.005766396876424551,0.023056723177433014,9723.1728515625,0.004613560624420643,0.004613560624420643,0.14816807210445404,0.005301769357174635,0.004382877144962549,0.018377844244241714,7750.0576171875,0.1543371081352234,0.00013781429702893668
965,0.0018255269969813526,0.0014017410576343536,0.008475717389956117,3574.2657470703125,0.0805758535861969,0.005759824998676777,0.02304241620004177,9717.138671875,0.004607704002410173,0.004607704002410173,0.14809240400791168,0.005297102499753237,0.004379155579954386,0.01835893839597702,7742.0849609375,0.15423934161663055,0.0001370952612982025
966,0.0018248193664476275,0.0014014460030011833,0.008467467967420816,3570.7869873046875,0.08055237680673599,0.005758861545473337,0.02303985133767128,9716.056640625,0.004606869071722031,0.004606869071722031,0.1480790078639984,0.005298893433064222,0.004380932077765465,0.0183592289686203,7742.2080078125,0.15428957343101501,0.00013637888422311393
967,0.0018229318666271865,0.0013996613561175764,0.008465411374345422,3569.919921875,0.08050662279129028,0.00575629435479641,0.023045549169182777,9718.4599609375,0.004604016896337271,0.004604016896337271,0.1480277180671692,0.005302139092236757,0.004383680410683155,0.018369177356362343,7746.40380859375,0.1543584167957306,0.0001356651707136392
968,0.0018248852575197816,0.001401585468556732,0.008465996943414211,3570.1671142578125,0.08055326342582703,0.005763855762779713,0.023055220022797585,9722.5380859375,0.004611094947904348,0.004611094947904348,0.14814868569374084,0.005298101343214512,0.004379241727292538,0.018377188593149185,7749.78125,0.15430474281311035,0.0001349541256614906
969,0.001820339704863727,0.0013971638982184231,0.008463516365736723,3569.120361328125,0.0804264098405838,0.005759377032518387,0.023051802068948746,9721.0966796875,0.004606786649674177,0.004606786649674177,0.14806249737739563,0.005289720371365547,0.0043716453947126865,0.018361497670412064,7743.1650390625,0.15419822931289673,0.00013424575394009169
970,0.0018198425532318652,0.0013967138947919011,0.00846257247030735,3568.7225341796875,0.08041780069470406,0.005755458027124405,0.023033177480101585,9713.2421875,0.004603798966854811,0.004603798966854811,0.1480531394481659,0.00528770312666893,0.004370520822703838,0.018343647941946983,7735.6376953125,0.15414439141750336,0.0001335400604045427
971,0.0018204604857601225,0.0013974426547065377,0.008460356388241053,3567.7879638671875,0.08043623715639114,0.005749705247581005,0.02302592061460018,9710.1826171875,0.004598408937454224,0.004598408937454224,0.14796103537082672,0.005285090301185846,0.004368563182651997,0.018330542370676994,7730.1103515625,0.1541050374507904,0.00013283704989158803
972,0.0018176488811150193,0.0013947963016107678,0.008457051124423742,3566.3944091796875,0.08035186678171158,0.005755537189543247,0.023033296689391136,9713.2939453125,0.004603872075676918,0.004603872075676918,0.1480303257703781,0.0052893501706421375,0.00437221908941865,0.018342623487114906,7735.205078125,0.15417775511741638,0.00013213672721958315
973,0.001818087708670646,0.0013953812886029482,0.008454128168523312,3565.161865234375,0.0804009735584259,0.005758407060056925,0.02303454279899597,9713.8193359375,0.004606680013239384,0.004606680013239384,0.14805686473846436,0.00528735714033246,0.004370481241494417,0.018337521702051163,7733.05322265625,0.15414763987064362,0.00013143909718846137
974,0.0018182318890467286,0.0013956566690467298,0.008451505098491907,3564.0557861328125,0.08038546144962311,0.005765962414443493,0.0230366513133049,9714.7080078125,0.004614129662513733,0.004614129662513733,0.1481899619102478,0.00528439786285162,0.00436776876449585,0.018332580104470253,7730.96923828125,0.15410372614860535,0.00013074416457970058
975,0.0018150311661884189,0.0013926621177233756,0.008447380270808935,3562.3160400390625,0.08032407984137535,0.005761673673987389,0.023029400035738945,9711.650390625,0.004610203672200441,0.004610203672200441,0.1480863094329834,0.005288027226924896,0.004372029099613428,0.01831996627151966,7725.65087890625,0.1541612446308136,0.00013005193415629106
976,0.0018167807720601559,0.0013944493839517236,0.008446627762168646,3561.9986572265625,0.08038416132330894,0.0057532405480742455,0.0230239387601614,9709.3466796875,0.0046020434238016605,0.0046020434238016605,0.14799991250038147,0.005286223255097866,0.0043695648200809956,0.01833317242562771,7731.2197265625,0.15412378311157227,0.00012936241066270287
977,0.0018148274393752217,0.0013927414547652006,0.008441719692200422,3559.92919921875,0.08030260726809502,0.005750700365751982,0.023022759705781937,9708.8505859375,0.004599562380462885,0.004599562380462885,0.1479727178812027,0.005288919433951378,0.00437168637290597,0.018344659358263016,7736.064453125,0.1541484147310257,0.00012867559882485266
978,0.001812585862353444,0.001390725199598819,0.008437213022261858,3558.0283203125,0.08024433627724648,0.005755197256803513,0.02302098460495472,9708.1015625,0.004604147747159004,0.004604147747159004,0.14800366759300232,0.005289238411933184,0.004372448660433292,0.018335791304707527,7732.32470703125,0.15419360995292664,0.00012799150335007184
979,0.0018132273689843714,0.0013915720046497881,0.008433106821030378,3556.2967529296875,0.08026692271232605,0.005757991690188646,0.023015625774860382,9705.83984375,0.004607210401445627,0.004607210401445627,0.14805194735527039,0.005278751719743013,0.004362595733255148,0.01832311600446701,7726.978515625,0.1540314257144928,0.00012731012892707418
980,0.0018137238803319633,0.001392143138218671,0.008431616006419063,3555.6680908203125,0.08029747009277344,0.005754673387855291,0.02300218865275383,9700.173828125,0.004604564048349857,0.004604564048349857,0.14799904823303223,0.005279268603771925,0.004363981541246176,0.018305737525224686,7719.65087890625,0.1539994329214096,0.00012663148022592377
981,0.0018093743128702044,0.0013882042258046567,0.008423402439802885,3552.2044677734375,0.08017796277999878,0.005746715702116489,0.022983890026807785,9692.458984375,0.004597521387040615,0.004597521387040615,0.1478782296180725,0.00527929188683629,0.004364994820207357,0.01828594133257866,7711.3017578125,0.15398547053337097,0.00012595556189800284
982,0.001810978981666267,0.001389821816701442,0.008423141669481993,3552.09423828125,0.08024587482213974,0.005744038615375757,0.022985052317380905,9692.9482421875,0.004594786092638969,0.004594786092638969,0.14789026975631714,0.005274299066513777,0.00435942318290472,0.01829751953482628,7716.1845703125,0.15390561521053314,0.00012528237857597978
983,0.0018110997625626624,0.0013899668701924384,0.008422656916081905,3551.8897705078125,0.08024503290653229,0.005743424873799086,0.022993577644228935,9696.544921875,0.004593745805323124,0.004593745805323124,0.1478683054447174,0.005273456685245037,0.004358127247542143,0.018306588754057884,7720.009765625,0.15392060577869415,0.00012461193487377773
984,0.0018117069848813117,0.001390559773426503,0.008422943763434887,3552.0113525390625,0.08026726171374321,0.0057388488203287125,0.02300323359668255,9700.615234375,0.004588686861097813,0.004588686861097813,0.14777179062366486,0.005277288146317005,0.004361409228295088,0.018317578360438347,7724.64404296875,0.15404443442821503,0.00012394423538654298
985,0.0018073777318932116,0.001386085816193372,0.008425837848335505,3553.2315673828125,0.08014290779829025,0.005742922890931368,0.023001907393336296,9700.056640625,0.004592827521264553,0.004592827521264553,0.14787164330482483,0.00527033768594265,0.004354371689260006,0.018319319933652878,7725.3779296875,0.15395621955394745,0.0001232792846906129
986,0.0018118807347491384,0.001390795805491507,0.008421697653830051,3551.4852294921875,0.08025074005126953,0.005737727507948875,0.02299290895462036,9696.2607421875,0.0045880819670856,0.0045880819670856,0.14775872230529785,0.0052675288170576096,0.004352537449449301,0.018299829214811325,7717.158203125,0.1538635641336441,0.000122617087343485
987,0.0018103517359122634,0.0013896581949666142,0.008413870353251696,3548.1845703125,0.08024617284536362,0.005743738729506731,0.022987157106399536,9693.8359375,0.004594380967319012,0.004594380967319012,0.14782291650772095,0.0052709756419062614,0.004356844816356897,0.01828261837363243,7709.900390625,0.1539078652858734,0.00012195764788378597
988,0.0018041455186903477,0.001383830385748297,0.008406302193179727,3544.9930419921875,0.08005613088607788,0.005756891332566738,0.022988582029938698,9694.435546875,0.004607462324202061,0.004607462324202061,0.1480916440486908,0.0052772206254303455,0.004362622741609812,0.018291959539055824,7713.84033203125,0.15398076176643372,0.00012130097083123988
989,0.0018091975944116712,0.0013888862449675798,0.008406227454543114,3544.96142578125,0.08022422716021538,0.005749144125729799,0.022985903546214104,9693.306640625,0.004599848762154579,0.004599848762154579,0.14790306985378265,0.005275582894682884,0.004361137747764587,0.018288906663656235,7712.55224609375,0.1539653241634369,0.00012064706068663775
990,0.0018066278425976634,0.0013865132932551205,0.008402291219681501,3543.301513671875,0.08017518743872643,0.005745997652411461,0.022986561059951782,9693.5849609375,0.004596669692546129,0.004596669692546129,0.14785395562648773,0.005279311444610357,0.004364634398370981,0.01829354092478752,7714.5068359375,0.15406012535095215,0.00011999592193180642
991,0.0018092914833687246,0.001389291137456894,0.008400006219744682,3542.338134765625,0.08023355156183243,0.005749519448727369,0.022980399429798126,9690.986328125,0.004600499290972948,0.004600499290972948,0.14797097444534302,0.005267179571092129,0.00435334537178278,0.01827668584883213,7707.39892578125,0.1538832187652588,0.0001193475590295782
992,0.0018072347738780081,0.0013872716226615012,0.008399262558668852,3542.0244140625,0.08014775067567825,0.005737553350627422,0.022977884858846664,9689.9248046875,0.004588658921420574,0.004588658921420574,0.14773723483085632,0.005265760701149702,0.004352181684225798,0.01827157661318779,7705.244140625,0.1538868248462677,0.00011870197642375958
993,0.0018030839273706079,0.001383155002258718,0.00839857873506844,3541.7364501953125,0.08004601299762726,0.0057372828014194965,0.022967102006077766,9685.37890625,0.004588927607983351,0.004588927607983351,0.1477695107460022,0.005256630014628172,0.004343339242041111,0.018265817314386368,7702.81591796875,0.15370658040046692,0.00011805917853910158
994,0.001802318322006613,0.0013825406203977764,0.008395553333684802,3540.460205078125,0.08003265783190727,0.0057359905913472176,0.022969387471675873,9686.3408203125,0.004587521310895681,0.004587521310895681,0.14774176478385925,0.00526032131165266,0.004346607718616724,0.018274271860718727,7706.380859375,0.15373416244983673,0.00011741916978126905
995,0.0017997624236159027,0.0013801433378830552,0.008392381016165018,3539.122314453125,0.07997898757457733,0.005736796651035547,0.022963831201195717,9684.0,0.0045886049047112465,0.0045886049047112465,0.14772284030914307,0.005267839878797531,0.00435467716306448,0.018263254314661026,7701.734375,0.15386173129081726,0.00011678195453681021
996,0.0017993866349570453,0.0013800013693980873,0.008387705311179161,3537.1507568359375,0.07997919619083405,0.005742361769080162,0.022967759519815445,9685.6552734375,0.004593973513692617,0.004593973513692617,0.14783352613449097,0.005263695027679205,0.004350557923316956,0.018262745812535286,7701.52001953125,0.15380454063415527,0.00011614753717312706
997,0.0017986472812481225,0.0013793823891319335,0.008385298307985067,3536.1357421875,0.07994207739830017,0.005741434637457132,0.0229694414883852,9686.3642578125,0.004592962563037872,0.004592962563037872,0.14779357612133026,0.005260258447378874,0.004347403533756733,0.018257098272442818,7699.138671875,0.15376904606819153,0.00011551592203844503
998,0.001796686148736626,0.001377516018692404,0.008383401669561863,3535.3359375,0.07989129051566124,0.005734521429985762,0.022957637906074524,9681.3876953125,0.0045866393484175205,0.0045866393484175205,0.1476651132106781,0.005257411859929562,0.004344933666288853,0.01824956387281418,7695.96142578125,0.15373405814170837,0.00011488711346178371
999,0.0017967144958674908,0.0013777351123280823,0.008379588136449456,3533.7276611328125,0.07989182323217392,0.005730911158025265,0.02294705994427204,9676.9267578125,0.004583558067679405,0.004583558067679405,0.14764676988124847,0.0052530355751514435,0.004340360872447491,0.018253494054079056,7697.61962890625,0.15362519025802612,0.00011426111575292664
1000,0.0017975378432311118,0.0013786829076707363,0.008377098944038153,3532.6778564453125,0.07991089671850204,0.005730253644287586,0.022945942357182503,9676.4560546875,0.004582956433296204,0.004582956433296204,0.14764054119586945,0.005250627640634775,0.004338189959526062,0.018248753622174263,7695.6201171875,0.15357568860054016,0.00011363793320239197
1001,0.0018007202888838947,0.0013819064479321241,0.008376276353374124,3532.3309326171875,0.08003963530063629,0.005727170966565609,0.022947726771235466,9677.20703125,0.004579784348607063,0.004579784348607063,0.14758619666099548,0.0052556125447154045,0.004343322478234768,0.01824580505490303,7694.37646484375,0.15369179844856262,0.00011301757008140304
1002,0.0017998177791014314,0.0013810274540446699,0.00837580650113523,3532.1329345703125,0.07999788224697113,0.0057350159622728825,0.022948190569877625,9677.404296875,0.004587606526911259,0.004587606526911259,0.14775368571281433,0.005254323128610849,0.004342310130596161,0.01824026368558407,7692.0400390625,0.15367043018341064,0.00011240003064185949
1003,0.0017959026736207306,0.0013771325466223061,0.008375402074307203,3531.962646484375,0.0799047127366066,0.0057239532470703125,0.022945182397961617,9676.134765625,0.004576694220304489,0.004576694220304489,0.14752896130084991,0.0052535925060510635,0.004342095926403999,0.018229935318231583,7687.6845703125,0.15368744730949402,0.00011178531911630718
1004,0.0017943840357474983,0.0013758644345216453,0.008370391558855772,3529.84912109375,0.07985378056764603,0.005726156756281853,0.022946758195757866,9676.798828125,0.004578819032758474,0.004578819032758474,0.14758428931236267,0.00524650514125824,0.004334962926805019,0.018230844289064407,7688.06689453125,0.15355712175369263,0.0001111734397179102
1005,0.001791805843822658,0.0013734573731198907,0.008366969181224704,3528.40576171875,0.0797676108777523,0.005729932803660631,0.022947126999497414,9676.9541015625,0.0045825764536857605,0.0045825764536857605,0.1476399153470993,0.005245136097073555,0.004333744756877422,0.018227824941277504,7686.79443359375,0.1535414308309555,0.00011056439664042159
1006,0.0017913348274305463,0.0013732083607465029,0.00836252886801958,3526.5335693359375,0.07976491749286652,0.005730335135012865,0.022937508299946785,9672.8984375,0.004583459813147783,0.004583459813147783,0.14762231707572937,0.0052464427426457405,0.004335449077188969,0.01821986958384514,7683.43896484375,0.15353694558143616,0.00010995819405815428
1007,0.0017914629424922168,0.0013734861859120429,0.00835953513160348,3525.2713623046875,0.07976861298084259,0.00573195843026042,0.022944705560803413,9675.93359375,0.004584723152220249,0.004584723152220249,0.1476590484380722,0.00524509372189641,0.004333636723458767,0.018229136243462563,7687.34765625,0.15353882312774658,0.00010935483612595288
1008,0.0017887601279653609,0.0013707924517802894,0.008359352592378855,3525.1942138671875,0.07969662919640541,0.005727480165660381,0.02293909341096878,9673.56640625,0.004580525681376457,0.004580525681376457,0.14757409691810608,0.00524594122543931,0.0043349359184503555,0.01822010613977909,7683.5390625,0.15358372032642365,0.00010875432697916504
1009,0.001790393958799541,0.0013724855380132794,0.00835816701874137,3524.6943359375,0.07975225150585175,0.005725352559238672,0.022936826571822166,9672.611328125,0.004578511230647564,0.004578511230647564,0.14755678176879883,0.005250985734164715,0.004339838866144419,0.01822294108569622,7684.73486328125,0.15366560220718384,0.00010815667073361336
1010,0.001787845860235393,0.0013701209682039917,0.008354498073458672,3523.14697265625,0.07967841997742653,0.005723393522202969,0.022926336154341698,9668.1875,0.004577076528221369,0.004577076528221369,0.14755438268184662,0.005245378706604242,0.004334564320743084,0.018216287717223167,7681.92919921875,0.153571218252182,0.00010756187148556673
1011,0.0017894772463478148,0.0013718268601223826,0.00835300819016993,3522.5186767578125,0.0797233060002327,0.005720348097383976,0.02291765809059143,9664.52734375,0.004574465099722147,0.004574465099722147,0.14748415350914001,0.005239374004304409,0.004329289309680462,0.018201690167188644,7675.7724609375,0.1534598171710968,0.00010696993331171266
1012,0.0017877159407362342,0.0013702426804229617,0.008349465439096093,3521.024658203125,0.07968819886445999,0.005719414912164211,0.022917600348591805,9664.50390625,0.004573534708470106,0.004573534708470106,0.14745289087295532,0.0052411616779863834,0.004330891650170088,0.01820540241897106,7677.337890625,0.1535046100616455,0.00010638086026912896
1013,0.0017900140956044197,0.0013725165044888854,0.008349951822310686,3521.2294921875,0.07976138591766357,0.00572624895721674,0.02292335219681263,9666.9296875,0.004580081440508366,0.004580081440508366,0.1475801169872284,0.005238341633230448,0.004327395930886269,0.018218910321593285,7683.03466796875,0.15342581272125244,0.0001057946563952565
1014,0.0017858768114820123,0.0013685338199138641,0.008346860762685537,3519.92626953125,0.07962597161531448,0.005720344837754965,0.022921625524759293,9666.19921875,0.004574263468384743,0.004574263468384743,0.14745521545410156,0.005238119047135115,0.0043275183998048306,0.01821201480925083,7680.126953125,0.1534109115600586,0.00010521132570787084
1015,0.0017855421174317598,0.001368350873235613,0.008343824651092291,3518.6455078125,0.07964682951569557,0.0057184724137187,0.02291940525174141,9665.2646484375,0.004572502337396145,0.004572502337396145,0.1474476456642151,0.005236838012933731,0.004326733760535717,0.01820208691060543,7675.9404296875,0.1534276306629181,0.00010463087220505528
1016,0.0017856043996289372,0.0013685430749319494,0.008341226726770401,3517.550048828125,0.07962388545274734,0.00572491530328989,0.02292037382721901,9665.6728515625,0.004578896798193455,0.004578896798193455,0.14756619930267334,0.005238519981503487,0.004328531678766012,0.01819976419210434,7674.96044921875,0.15347009897232056,0.00010405329986517322
1017,0.001783737854566425,0.0013667294406332076,0.008340167813003063,3517.1036376953125,0.0795840322971344,0.005719886627048254,0.0229191854596138,9665.1728515625,0.0045739272609353065,0.0045739272609353065,0.1474611908197403,0.005241053178906441,0.004331210628151894,0.01819685287773609,7673.732421875,0.15352997183799744,0.00010347861264684072
1018,0.0017843792447820306,0.0013675187365151942,0.008337209466844797,3515.8564453125,0.07964060455560684,0.005719617009162903,0.022912168875336647,9662.212890625,0.004574008285999298,0.004574008285999298,0.14745751023292542,0.0052362061105668545,0.004326912108808756,0.018185876309871674,7669.103515625,0.1534322202205658,0.00010290681448889955
1019,0.0017872012103907764,0.0013705281889997423,0.00833346089348197,3514.2755126953125,0.07969409599900246,0.0057249851524829865,0.02291201613843441,9662.1484375,0.004579384345561266,0.004579384345561266,0.1475675106048584,0.0052313972264528275,0.004322029650211334,0.018187347799539566,7669.724609375,0.15333668887615204,0.00010233790931039032
1020,0.0017872797325253487,0.0013707242906093597,0.008331108372658491,3513.2833251953125,0.07970758527517319,0.0057179187424480915,0.022908668965101242,9660.7373046875,0.0045724851079285145,0.0045724851079285145,0.14742419123649597,0.005233243107795715,0.004323993343859911,0.01818499155342579,7668.73095703125,0.15338240563869476,0.0001017719010105255
1021,0.0017810356221161783,0.001364641182590276,0.008327889256179333,3511.92578125,0.07953507080674171,0.005717248655855656,0.022903896868228912,9658.724609375,0.0045720539055764675,0.0045720539055764675,0.1474527269601822,0.005228917580097914,0.004320015665143728,0.01817803643643856,7665.798828125,0.15329819917678833,0.00010120879346866256
1022,0.001780939637683332,0.0013646045117639005,0.00832670135423541,3511.4249267578125,0.07952343299984932,0.005715536884963512,0.022904666140675545,9659.048828125,0.004570303484797478,0.004570303484797478,0.14742261171340942,0.005228453315794468,0.004319360479712486,0.018181852996349335,7667.40771484375,0.1532960832118988,0.00010064859054427746
1023,0.0017795584863051772,0.001363246759865433,0.008326234063133597,3511.2281494140625,0.0794813334941864,0.005712898448109627,0.022899605333805084,9656.9140625,0.0045679183676838875,0.0045679183676838875,0.1473616361618042,0.0052303471602499485,0.0043214005418121815,0.01817893423140049,7666.17626953125,0.15334631502628326,0.00010009129607693832
1024,0.001780182821676135,0.0013639217941090465,0.00832522101700306,3510.8004150390625,0.07952880859375,0.005711499135941267,0.022902825847268105,9658.2724609375,0.004566357936710119,0.004566357936710119,0.14732974767684937,0.005230804905295372,0.004321509972214699,0.018185896798968315,7669.11279296875,0.15334293246269226,9.953691388627918e-05
1025,0.0017783459625206888,0.0013622221304103732,0.008322475478053093,3509.6427001953125,0.07946687191724777,0.005713615566492081,0.02289563976228237,9655.2412109375,0.004568833392113447,0.004568833392113447,0.14739301800727844,0.0052262721583247185,0.004317220766097307,0.018181027844548225,7667.05908203125,0.15323208272457123,9.898544777197328e-05
1026,0.001778627629391849,0.001362718059681356,0.008318191859871149,3507.8363037109375,0.07946088165044785,0.0057078879326581955,0.02288816124200821,9652.0888671875,0.00456347968429327,0.00456347968429327,0.14728254079818726,0.005222022533416748,0.004313829354941845,0.01816386543214321,7659.822265625,0.15317457914352417,9.843690151370771e-05
1027,0.001776395016349852,0.0013605923159047961,0.00831605400890112,3506.934814453125,0.07942371070384979,0.005709484685212374,0.02288881503045559,9652.3642578125,0.004565043840557337,0.004565043840557337,0.14730602502822876,0.005222573410719633,0.004314302001148462,0.018165426328778267,7660.48046875,0.1532059758901596,9.789127887115725e-05
1028,0.0017767027602531016,0.0013610260211862624,0.008313534781336784,3505.872314453125,0.07942922040820122,0.005714106373488903,0.02288982644677162,9652.7900390625,0.00456961477175355,0.00456961477175355,0.1473899781703949,0.005224402062594891,0.00431615998968482,0.01816483773291111,7660.2314453125,0.15323495864868164,9.734858358395826e-05
1029,0.0017759905895218253,0.001360284979455173,0.00831411313265562,3506.1163330078125,0.07941105216741562,0.005710725672543049,0.02288857288658619,9652.2626953125,0.004566296935081482,0.004566296935081482,0.14730894565582275,0.005226105451583862,0.004317893646657467,0.01816423609852791,7659.9775390625,0.153288334608078,9.680881937168352e-05
1030,0.0017749390099197626,0.001359380257781595,0.008311175042763352,3504.877197265625,0.07938628643751144,0.005710522178560495,0.022880207747220993,9648.734375,0.004566511604934931,0.004566511604934931,0.1473158597946167,0.005222107283771038,0.004314103629440069,0.018160073086619377,7658.22265625,0.15321052074432373,9.627198993381637e-05
1031,0.0017734143766574562,0.0013580103404819965,0.008308079559355974,3503.5718994140625,0.07934590056538582,0.005710873752832413,0.022878360003232956,9647.955078125,0.004566955845803022,0.004566955845803022,0.14733856916427612,0.005223012063652277,0.004315028432756662,0.018159668892621994,7658.05224609375,0.1532244235277176,9.573809894972587e-05
1032,0.0017736663576215506,0.0013582955580204725,0.00830741599202156,3503.2923583984375,0.07935678213834763,0.00570614542812109,0.022875916212797165,9646.92578125,0.004562349524348974,0.004562349524348974,0.1472676694393158,0.005221451632678509,0.004313584882766008,0.018157338723540306,7657.0703125,0.15319791436195374,9.520715007864097e-05
1033,0.0017721659387461841,0.0013569461298175156,0.008304395945742726,3502.0184326171875,0.07931127399206161,0.005709237884730101,0.0228798296302557,9648.5751953125,0.004565246403217316,0.004565246403217316,0.147322416305542,0.005219157785177231,0.0043113441206514835,0.018156271427869797,7656.61865234375,0.15314793586730957,9.46791469596257e-05
1034,0.0017718569142743945,0.0013567403075285256,0.008302331902086735,3501.148193359375,0.07930346578359604,0.005710155237466097,0.022883394733071327,9650.078125,0.004565985407680273,0.004565985407680273,0.14732010662555695,0.005220605991780758,0.004312651697546244,0.018159087747335434,7657.80810546875,0.15316492319107056,9.415409321155435e-05
1035,0.0017713475390337408,0.0013563194079324603,0.008300563087686896,3500.4019775390625,0.07929150387644768,0.005706115625798702,0.02287694253027439,9647.357421875,0.004562268499284983,0.004562268499284983,0.14725390076637268,0.005215721670538187,0.0043082949705421925,0.018148530274629593,7653.35498046875,0.15310771763324738,9.363199243308662e-05
1036,0.0017707104561850429,0.0013558630016632378,0.008296949788928032,3498.87841796875,0.07928062975406647,0.005703512113541365,0.022869456559419632,9644.2001953125,0.0045600393787026405,0.0045600393787026405,0.14722391963005066,0.005215613637119532,0.00430853758007288,0.018141523003578186,7650.39990234375,0.15308499336242676,9.31128482026426e-05
1037,0.0017696254653856158,0.001354938023723662,0.008293747901916504,3497.5283203125,0.0792456604540348,0.005701048299670219,0.022869331762194633,9644.1474609375,0.00455758161842823,0.00455758161842823,0.14719431102275848,0.005211239214986563,0.004304344765841961,0.018137888982892036,7648.86767578125,0.1530289649963379,9.259666407837888e-05
1038,0.0017701685428619385,0.0013555573532357812,0.008292223559692502,3496.88525390625,0.07925767451524734,0.005701753776520491,0.022868920117616653,9643.9736328125,0.004558307584375143,0.004558307584375143,0.1472032368183136,0.005212218500673771,0.004305453971028328,0.01813529245555401,7647.7724609375,0.15305614471435547,9.208344359816365e-05
1039,0.0017702034092508256,0.0013556113699451089,0.008291840320453048,3496.7236328125,0.07928594201803207,0.005703944247215986,0.02287459746003151,9646.3701171875,0.004560214467346668,0.004560214467346668,0.14721709489822388,0.0052163265645504,0.004309474490582943,0.018137037754058838,7648.50830078125,0.15315434336662292,9.157319027955257e-05
1040,0.0017693848931230605,0.00135479134041816,0.008291871286928654,3496.73681640625,0.07925882190465927,0.005706647410988808,0.022875826805830002,9646.8857421875,0.004562856163829565,0.004562856163829565,0.1472802758216858,0.005213347263634205,0.004306214861571789,0.01814264990389347,7650.87451171875,0.15309108793735504,9.106590761976478e-05
1041,0.001767555600963533,0.0013530829455703497,0.008289452409371734,3495.716796875,0.07919719442725182,0.005705391056835651,0.022871311753988266,9644.9833984375,0.004561825189739466,0.004561825189739466,0.14723920822143555,0.0052114324644207954,0.004304694477468729,0.01813475601375103,7647.546875,0.15307359397411346,9.056159909565868e-05
1042,0.0017668631044216454,0.001352523802779615,0.00828678603284061,3494.592529296875,0.07918301597237587,0.005701006855815649,0.022859105840325356,9639.8349609375,0.004558051470667124,0.004558051470667124,0.14717340469360352,0.00520821800455451,0.004302005749195814,0.018124248832464218,7643.11572265625,0.1530149281024933,9.006026816370866e-05
1043,0.001767453271895647,0.0013531703734770417,0.008285658434033394,3494.1168212890625,0.07920949533581734,0.005697047337889671,0.02285151183605194,9636.6337890625,0.004554471466690302,0.004554471466690302,0.147124245762825,0.005205476190894842,0.004299444146454334,0.018120644614100456,7641.59619140625,0.15296170115470886,8.956191825998066e-05
1044,0.0017655878327786922,0.0013514538877643645,0.008282678667455912,3492.8602294921875,0.0791546031832695,0.005697690416127443,0.022853165864944458,9637.3310546875,0.00455503212288022,0.00455503212288022,0.1471341848373413,0.005207338836044073,0.004301102366298437,0.01812473125755787,7643.3193359375,0.15297313034534454,8.90665528001092e-05
1045,0.001765142660588026,0.0013510769349522889,0.008281314978376031,3492.2855224609375,0.0791410282254219,0.005698689725250006,0.022853557020425797,9637.4951171875,0.004556011874228716,0.004556011874228716,0.14715099334716797,0.005206682253628969,0.004300493281334639,0.018123779445886612,7642.91796875,0.15296846628189087,8.85741751792735e-05
1046,0.001764525892212987,0.001350601320154965,0.00827849074266851,3491.0941162109375,0.07912419736385345,0.005697465967386961,0.02284805290400982,9635.17578125,0.00455506332218647,0.00455506332218647,0.1471208930015564,0.0052015939727425575,0.004295966122299433,0.018112555146217346,7638.18408203125,0.15289533138275146,8.808478877217474e-05
1047,0.001763822219800204,0.00135002942988649,0.008275855798274279,3489.9830322265625,0.07911402359604836,0.00569899519905448,0.022847792133688927,9635.064453125,0.004556605592370033,0.004556605592370033,0.14713212847709656,0.005203669890761375,0.004298001993447542,0.018113356083631516,7638.52197265625,0.1529449224472046,8.75983969330127e-05
1048,0.0017636340926401317,0.0013499376364052296,0.0082739288918674,3489.17041015625,0.0791177749633789,0.0056966072879731655,0.022846689447760582,9634.6005859375,0.0045542726293206215,0.0045542726293206215,0.14710593223571777,0.005203674081712961,0.004298088606446981,0.018111707642674446,7637.8271484375,0.15293365716934204,8.711500299546234e-05
1049,0.001762581174261868,0.0013489688863046467,0.008272244594991207,3488.4600830078125,0.07908366993069649,0.0056975120678544044,0.02284683659672737,9634.6630859375,0.004555170424282551,0.004555170424282551,0.14711450040340424,0.005206270609050989,0.004300581756979227,0.018113773316144943,7638.69775390625,0.15299291908740997,8.663461027265183e-05
1050,0.0017636357806622982,0.0013500851346179843,0.00827101245522499,3487.9405517578125,0.0791391097009182,0.005696464795619249,0.022845080122351646,9633.9208984375,0.0045542106963694096,0.0045542106963694096,0.14710178971290588,0.005205002147704363,0.004299706779420376,0.01810590922832489,7635.3818359375,0.15297958254814148,8.615722205713893e-05
1051,0.0017611433868296444,0.0013477301108650863,0.008268265053629875,3486.7821044921875,0.07904921099543571,0.005697907879948616,0.02284296229481697,9633.02734375,0.004555759485810995,0.004555759485810995,0.14714384078979492,0.005202382802963257,0.004297049716114998,0.01810666173696518,7635.6982421875,0.15292499959468842,8.568284162088912e-05
1052,0.0017618659185245633,0.0013484886731021106,0.008267544442787766,3486.4781494140625,0.07906431704759598,0.005696981213986874,0.022842930629849434,9633.013671875,0.004554834682494402,0.004554834682494402,0.14711271226406097,0.005200245417654514,0.004295069258660078,0.018103519454598427,7634.3740234375,0.15289823710918427,8.521147221525264e-05
1053,0.0017601558938622475,0.0013468782417476177,0.008265553042292595,3485.63818359375,0.07902589440345764,0.005693733226507902,0.022836267948150635,9630.2041015625,0.0045519196428358555,0.0045519196428358555,0.1470533013343811,0.005197138991206884,0.004292339086532593,0.01809599995613098,7631.20263671875,0.1528477668762207,8.474311707094275e-05
1054,0.0017599408165551722,0.0013467624667100608,0.008263567229732871,3484.80078125,0.07902397215366364,0.005691170692443848,0.022836310788989067,9630.2216796875,0.004549355246126652,0.004549355246126652,0.147011399269104,0.005196700803935528,0.0042919861152768135,0.018094293773174286,7630.48291015625,0.15282702445983887,8.427777939801318e-05
1055,0.0017594340024515986,0.0013463509967550635,0.008261660113930702,3483.99658203125,0.07900013029575348,0.005690902471542358,0.02283710055053234,9630.556640625,0.004549047444015741,0.004549047444015741,0.1470213234424591,0.0051954640075564384,0.004290781915187836,0.018093643710017204,7630.2099609375,0.15282118320465088,8.381546238583621e-05
1056,0.0017589511699043214,0.001345954544376582,0.008259932743385434,3483.26806640625,0.07899192720651627,0.005688663572072983,0.022833414375782013,9629.0,0.00454699294641614,0.00454699294641614,0.14697551727294922,0.005194756202399731,0.004290320910513401,0.018088703975081444,7628.12548828125,0.15282578766345978,8.335616920308072e-05
1057,0.0017595107201486826,0.00134659290779382,0.008258356247097254,3482.6031494140625,0.0790199413895607,0.005691719241440296,0.022831948474049568,9628.3837890625,0.00455012172460556,0.00455012172460556,0.14702922105789185,0.005198045168071985,0.004293656907975674,0.01808776706457138,7627.73095703125,0.15288332104682922,8.289990299769094e-05
1058,0.0017578316037543118,0.0013450137921608984,0.008256356231868267,3481.760009765625,0.07897526770830154,0.005695200525224209,0.02283363975584507,9629.095703125,0.00455351872369647,0.00455351872369647,0.1471019685268402,0.005197762977331877,0.004292877856642008,0.01809769868850708,7631.91845703125,0.15287011861801147,8.244666689686438e-05
1059,0.0017585540772415698,0.0013458830653689802,0.008253420004621148,3480.521484375,0.07899999618530273,0.005695735570043325,0.022832583636045456,9628.65234375,0.004554106388241053,0.004554106388241053,0.14708968997001648,0.005197133403271437,0.004292401950806379,0.01809462532401085,7630.623046875,0.15285584330558777,8.199646400703035e-05
1060,0.0017567270551808178,0.0013441240298561752,0.008252061204984784,3479.948486328125,0.07895198836922646,0.0056951409205794334,0.022829849272966385,9627.4990234375,0.004553648177534342,0.004553648177534342,0.14706584811210632,0.005199034698307514,0.004294605925679207,0.018088575452566147,7628.072265625,0.1529080867767334,8.154929741382928e-05
1061,0.0017575312522239983,0.0013449366088025272,0.00825189333409071,3479.8778076171875,0.07898940518498421,0.0056892093271017075,0.02282632887363434,9626.0126953125,0.0045478930696845055,0.0045478930696845055,0.14700794219970703,0.005194696597754955,0.004290399607270956,0.018085939809679985,7626.96044921875,0.1528046578168869,8.110517018209074e-05
1062,0.0017558864201419055,0.0013434894499368966,0.00824793940410018,3478.2105712890625,0.07893647253513336,0.005689514800906181,0.02282075025141239,9623.6611328125,0.004548477474600077,0.004548477474600077,0.14703142642974854,0.005192277953028679,0.0042882864363491535,0.018079834058880806,7624.3857421875,0.1527760773897171,8.066408535581314e-05
1063,0.0017558061517775059,0.0013435121509246528,0.008245879784226418,3477.34228515625,0.0789194144308567,0.005684850737452507,0.022813908755779266,9620.775390625,0.004544155206531286,0.004544155206531286,0.14692801237106323,0.005189044866710901,0.00428560608997941,0.018068775534629822,7619.7216796875,0.1527378261089325,8.022604595814239e-05
1064,0.001755092351231724,0.0013428714592009783,0.008244417142122984,3476.7252197265625,0.07892167195677757,0.005683451425284147,0.02281159907579422,9619.8017578125,0.004542871378362179,0.004542871378362179,0.1469106823205948,0.005187494680285454,0.004283973015844822,0.018070435151457787,7620.4228515625,0.15269996225833893,7.979105499135165e-05
1065,0.0017548067262396216,0.0013427016092464328,0.008242102805525064,3475.7489013671875,0.07891111820936203,0.005684943869709969,0.022812210023403168,9620.05859375,0.004544333554804325,0.004544333554804325,0.14694692194461823,0.005186753813177347,0.00428308779373765,0.018073324114084244,7621.6396484375,0.1526831090450287,7.935911543682016e-05
1066,0.001753402000758797,0.0013414190034382045,0.008239659015089273,3474.7186279296875,0.0788666345179081,0.005685460288077593,0.0228133425116539,9620.537109375,0.004544793162494898,0.004544793162494898,0.14693881571292877,0.005186093505471945,0.0042827073484659195,0.018067719414830208,7619.275390625,0.15268287062644958,7.893023025501332e-05
1067,0.0017544088186696172,0.0013424259377643466,0.008239657152444124,3474.717529296875,0.07891014218330383,0.0056858789175748825,0.022815896198153496,9621.61328125,0.004545084200799465,0.004545084200799465,0.14693845808506012,0.005185979418456554,0.004282781854271889,0.018063953146338463,7617.6884765625,0.15270276367664337,7.850440238546205e-05
1068,0.00175345572642982,0.0013415419380180538,0.008238275768235326,3474.13525390625,0.07887450978159904,0.005689532961696386,0.022817110642790794,9622.1259765625,0.004548677243292332,0.004548677243292332,0.14701342582702637,0.005184716545045376,0.004281660541892052,0.018061121925711632,7616.49462890625,0.1526915729045868,7.808163474674299e-05
1069,0.001753457065206021,0.0013415215071290731,0.00823871186003089,3474.3194580078125,0.07888590544462204,0.005693142302334309,0.022818172350525856,9622.57421875,0.004552233498543501,0.004552233498543501,0.14706134796142578,0.005187212489545345,0.0042839995585381985,0.018064256757497787,7617.8154296875,0.15273381769657135,7.766193023645818e-05
1070,0.0017541071865707636,0.001342260220553726,0.008236938621848822,3473.5712890625,0.07890760526061058,0.005685997195541859,0.022814948111772537,9621.21484375,0.004545249510556459,0.004545249510556459,0.14692926406860352,0.0051893629133701324,0.004286137409508228,0.018064511939883232,7617.92431640625,0.1527564823627472,7.724529173121533e-05
1071,0.0017516580410301685,0.0013398986193351448,0.008235188201069832,3472.8333740234375,0.07883721962571144,0.005686562042683363,0.02281246893107891,9620.1689453125,0.004545938689261675,0.004545938689261675,0.1469554454088211,0.005186707712709904,0.004283202812075615,0.018070099875330925,7620.27978515625,0.15269359946250916,7.683172208660811e-05
1072,0.001751172763761133,0.0013395060086622834,0.00823333440348506,3472.051513671875,0.07881608977913857,0.005684080999344587,0.02280616946518421,9617.5126953125,0.004543772432953119,0.004543772432953119,0.14691898226737976,0.005181248299777508,0.004278047475963831,0.018064018338918686,7617.71630859375,0.15260761976242065,7.64212241371966e-05
1073,0.0017501108814030886,0.0013385505299083889,0.008231207262724638,3471.1544189453125,0.07878526300191879,0.005681478418409824,0.02280106209218502,9615.3583984375,0.004541425500065088,0.004541425500065088,0.14686357975006104,0.005180976819247007,0.004278447944670916,0.018050577491521835,7612.048828125,0.15260952711105347,7.601380069648772e-05
1074,0.0017504472052678466,0.0013390706153586507,0.008227530866861343,3469.60400390625,0.07880521938204765,0.005680811125785112,0.022797279059886932,9613.7646484375,0.004540947265923023,0.004540947265923023,0.14686572551727295,0.005180180538445711,0.004277861211448908,0.018046386539936066,7610.2802734375,0.15259206295013428,7.560945455691606e-05
1075,0.0017487623845227063,0.001337463385425508,0.008225979516282678,3468.949951171875,0.07875153422355652,0.005679417867213488,0.02279634214937687,9613.3681640625,0.004539600573480129,0.004539600573480129,0.14683988690376282,0.005181104876101017,0.004278894048184156,0.01804421842098236,7609.3662109375,0.15261170268058777,7.520818848982493e-05
1076,0.0017485169228166342,0.0013372600660659373,0.008225137367844582,3468.5948486328125,0.07875122129917145,0.005680379457771778,0.02279849164187908,9614.275390625,0.004540455061942339,0.004540455061942339,0.1468634009361267,0.0051843831315636635,0.004281688015908003,0.018053898587822914,7613.4482421875,0.15269002318382263,7.481000524544694e-05
1077,0.0017488430603407323,0.0013376310234889388,0.008224240969866514,3468.216796875,0.07876075059175491,0.00568237341940403,0.02279532514512539,9612.9384765625,0.004542607348412275,0.004542607348412275,0.1468983292579651,0.0051819379441440105,0.004279560409486294,0.018047546967864037,7610.76904296875,0.1526416540145874,7.441490755288545e-05
1078,0.001747580710798502,0.0013364040642045438,0.00822353269904852,3467.9178466796875,0.07873799651861191,0.005680255126208067,0.022791631519794464,9611.3818359375,0.004540673457086086,0.004540673457086086,0.14685067534446716,0.005180231295526028,0.004278244916349649,0.018039729446172714,7607.47412109375,0.15260857343673706,7.40228981200958e-05
1079,0.0017472377512603998,0.0013361795572564006,0.008221163414418697,3466.9190673828125,0.07873481512069702,0.005680167116224766,0.0227936003357172,9612.2119140625,0.004540487192571163,0.004540487192571163,0.1468648463487625,0.005178359802812338,0.004276493098586798,0.018037335947155952,7606.4638671875,0.15257763862609863,7.363397963386676e-05
1080,0.0017461106181144714,0.0013351605157367885,0.008219000650569797,3466.006591796875,0.0786948949098587,0.005676937755197287,0.022791212424635887,9611.2060546875,0.004537377040833235,0.004537377040833235,0.14682339131832123,0.005173219367861748,0.0042714923620224,0.018034543842077255,7605.28564453125,0.15249162912368774,7.324815475980216e-05
1081,0.0017459901282563806,0.0013350170338526368,0.0082194609567523,3466.2008056640625,0.07868973538279533,0.0056736352853477,0.02278970181941986,9610.56640625,0.004534150008112192,0.004534150008112192,0.1467495560646057,0.005170474294573069,0.0042689465917646885,0.018030554056167603,7603.60302734375,0.1524505317211151,7.286542614230237e-05
1082,0.0017459196387790143,0.001334990665782243,0.00821857969276607,3465.8292236328125,0.07868786156177521,0.005676207598298788,0.022790446877479553,9610.8818359375,0.0045366850681602955,0.0045366850681602955,0.14679017663002014,0.0051721129566431046,0.004270235542207956,0.018037550151348114,7606.5537109375,0.15246239304542542,7.248579640454658e-05
1083,0.0017455206252634525,0.0013346790801733732,0.008216829970479012,3465.0911865234375,0.07867738604545593,0.005677076522260904,0.02279091812670231,9611.0810546875,0.004537530709058046,0.004537530709058046,0.1468050479888916,0.005175475031137466,0.004273113328963518,0.018047230318188667,7610.6357421875,0.15251761674880981,7.21092681484745e-05
1084,0.0017449349397793412,0.0013341510784812272,0.00821567652747035,3464.6046142578125,0.07867084816098213,0.005677729845046997,0.022786017507314682,9609.013671875,0.004538428969681263,0.004538428969681263,0.14681050181388855,0.005175763741135597,0.0042738476768136024,0.018038325011730194,7606.88037109375,0.15253664553165436,7.173584395476858e-05
1085,0.0017439695075154305,0.0013333592796698213,0.008212205022573471,3463.141357421875,0.07864896208047867,0.005679321475327015,0.022781318053603172,9607.0322265625,0.004540255758911371,0.004540255758911371,0.14684554934501648,0.005173437297344208,0.0042721605859696865,0.018025532364845276,7601.484375,0.15250864624977112,7.136552638283643e-05
1086,0.001743787550367415,0.0013333465321920812,0.008208819665014744,3461.7135009765625,0.07864698395133018,0.0056792874820530415,0.022780969738960266,9606.8857421875,0.004540238995105028,0.004540238995105028,0.14684878289699554,0.00517243379727006,0.004271479789167643,0.01801908016204834,7598.7646484375,0.15251633524894714,7.099831797079326e-05
1087,0.0017427949933335185,0.0013325198669917881,0.008205502294003963,3460.314453125,0.07861870899796486,0.00567950215190649,0.02277906984090805,9606.083984375,0.004540548659861088,0.004540548659861088,0.1468321681022644,0.0051737320609390736,0.004273144528269768,0.018011748790740967,7595.673828125,0.15254217386245728,7.063422123544448e-05
1088,0.0017431345186196268,0.0013328864588402212,0.008204960729926825,3460.0859375,0.07864541187882423,0.0056791603565216064,0.022777821868658066,9605.55859375,0.004540269263088703,0.004540269263088703,0.14683285355567932,0.005174643825739622,0.004273837432265282,0.01801612414419651,7597.5185546875,0.15255267918109894,7.027323867226813e-05
1089,0.0017429872532375157,0.0013327542692422867,0.008204658515751362,3459.9588623046875,0.07864256575703621,0.005677619017660618,0.022779172286391258,9606.1279296875,0.004538660403341055,0.004538660403341055,0.14683078229427338,0.005172282923012972,0.0042709955014288425,0.018025750294327736,7601.57763671875,0.15248705446720123,6.99153727553985e-05
1090,0.001741780317388475,0.00133168586762622,0.008201888529583812,3458.7906494140625,0.07859305664896965,0.005672327242791653,0.02277330309152603,9603.6533203125,0.004533661995083094,0.004533661995083094,0.14674805104732513,0.005168631672859192,0.004267857875674963,0.018015477806329727,7597.24658203125,0.15241381525993347,6.956062593760838e-05
1091,0.001743447210174054,0.0013334136456251144,0.008200671058148146,3458.277099609375,0.07865191251039505,0.005671423859894276,0.02277134358882904,9602.8251953125,0.004532856401056051,0.004532856401056051,0.14671868085861206,0.005166490096598864,0.004266005475074053,0.018009688705205917,7594.80517578125,0.15239979326725006,6.920900065029282e-05
1092,0.001743048895150423,0.0013330861693248153,0.008199254516512156,3457.6798095703125,0.07863067463040352,0.0056714750826358795,0.022771427407860756,9602.8603515625,0.004532903898507357,0.004532903898507357,0.14674127101898193,0.005166441667824984,0.0042655798606574535,0.0180172361433506,7597.986328125,0.15239167213439941,6.886049930345211e-05
1093,0.0017404004465788603,0.0013305605971254408,0.008196796989068389,3456.6429443359375,0.07855918258428574,0.005672238301485777,0.02277115173637867,9602.74609375,0.004533680621534586,0.004533680621534586,0.14672574400901794,0.005169039126485586,0.004268268123269081,0.0180154200643301,7597.2216796875,0.1524602621793747,6.851512428567553e-05
1094,0.001740470645017922,0.001330693019554019,0.008195552509278059,3456.118896484375,0.07857019454240799,0.005672589875757694,0.02276822365820408,9601.5107421875,0.004534178413450718,0.004534178413450718,0.1467222273349762,0.005168348550796509,0.004267650190740824,0.0180139672011137,7596.6083984375,0.15246455371379852,6.817287796412468e-05
1095,0.0017422291566617787,0.0013324142200872302,0.008196298032999039,3456.432861328125,0.07862312346696854,0.005674886051565409,0.022766418755054474,9600.7490234375,0.00453656492754817,0.00453656492754817,0.14677777886390686,0.0051663597114384174,0.004265863914042711,0.018009912222623825,7594.89892578125,0.15241311490535736,6.783376268451766e-05
1096,0.0017397374613210559,0.0013300194987095892,0.008194359485059977,3455.6153564453125,0.07855715230107307,0.005668871104717255,0.022762970998883247,9599.294921875,0.004530722741037607,0.004530722741037607,0.1466759592294693,0.005165019538253546,0.004265036433935165,0.01799965836107731,7590.57470703125,0.15240125358104706,6.749778077111247e-05
1097,0.0017386102117598057,0.0013289273483678699,0.008193658199161291,3455.3197021484375,0.07852678373456001,0.0056678419932723045,0.022763296961784363,9599.4326171875,0.004529677331447601,0.004529677331447601,0.1466553658246994,0.005162115208804607,0.004262121859937906,0.017999863252043724,7590.6611328125,0.15233537554740906,6.716493452669165e-05
1098,0.0017384369857609272,0.0013288416666910052,0.008191906148567796,3454.580810546875,0.07851482182741165,0.005668408237397671,0.022764764726161957,9600.05078125,0.004530170001089573,0.004530170001089573,0.14668460190296173,0.005161300767213106,0.004261069931089878,0.01800462044775486,7592.6669921875,0.15233072638511658,6.683522623254604e-05
1099,0.0017375930910930037,0.0013280452694743872,0.0081909557338804,3454.1798095703125,0.07848798483610153,0.00566899636760354,0.02276597172021866,9600.560546875,0.004530697595328093,0.004530697595328093,0.14668190479278564,0.005163435824215412,0.0042631677351891994,0.018005363643169403,7592.98046875,0.15237027406692505,6.650865814845932e-05
1100,0.0017373200971633196,0.0013278831611387432,0.008188738254830241,3453.2447509765625,0.07848672568798065,0.005670393817126751,0.022761311382055283,9598.595703125,0.004532328341156244,0.004532328341156244,0.14668840169906616,0.005160877015441656,0.004260963294655085,0.01799827627837658,7589.9921875,0.15232810378074646,6.618523251269263e-05
1101,0.0017366267275065184,0.0013272854266688228,0.008186826016753912,3452.4388427734375,0.07847445830702782,0.005671467632055283,0.02275901287794113,9597.6259765625,0.004533516708761454,0.004533516708761454,0.1467052847146988,0.005162372719496489,0.004262393806129694,0.017999574542045593,7590.53857421875,0.1523437798023224,6.586495154196912e-05
1102,0.0017364148516207933,0.0013271764037199318,0.008184768725186586,3451.57080078125,0.07847323641180992,0.005669906735420227,0.022757913917303085,9597.1630859375,0.0045320107601583,0.0045320107601583,0.14669063687324524,0.005162057466804981,0.004262140952050686,0.017998330295085907,7590.01513671875,0.1523251235485077,6.554781743145862e-05
1103,0.0017359371995553374,0.001326808356679976,0.008182576857507229,3450.646728515625,0.07846051827073097,0.005668195895850658,0.02275492250919342,9595.9013671875,0.004530449863523245,0.004530449863523245,0.1466577649116516,0.0051602707244455814,0.0042608496733009815,0.0179884172976017,7585.83447265625,0.15229642391204834,6.523383235476278e-05
1104,0.0017353310831822455,0.0013263479340821505,0.008179663214832544,3449.418212890625,0.07844813168048859,0.0056664347648620605,0.022749556228518486,9593.6376953125,0.004528956953436136,0.004528956953436136,0.14663727581501007,0.005161447450518608,0.004262175876647234,0.01798543520271778,7584.576171875,0.1523350328207016,6.49229984639003e-05
1105,0.0017357966280542314,0.0013268221518956125,0.008179488591849804,3449.344482421875,0.07846661284565926,0.005664467811584473,0.022750001400709152,9593.8251953125,0.004526967648416758,0.004526967648416758,0.1466180384159088,0.00515969842672348,0.00426024105399847,0.017989151179790497,7586.1435546875,0.15233193337917328,6.461531788929177e-05
1106,0.0017348002875223756,0.0013258373364806175,0.008179259020835161,3449.2474365234375,0.0784367211163044,0.005662971176207066,0.02274962328374386,9593.6650390625,0.00452549010515213,0.00452549010515213,0.1466226577758789,0.005157088860869408,0.004257593769580126,0.017989905551075935,7586.46142578125,0.15228769183158875,6.431079273974535e-05
1107,0.0017362345824949443,0.001327228092122823,0.008180128876119852,3449.6143798828125,0.07847506552934647,0.005662550684064627,0.022750338539481163,9593.9677734375,0.0045250337570905685,0.0045250337570905685,0.14659593999385834,0.005154354497790337,0.004254790488630533,0.017991283908486366,7587.0439453125,0.15223784744739532,6.400942510244239e-05
1108,0.0017341151251457632,0.0013252151547931135,0.008177999872714281,3448.716552734375,0.07841823622584343,0.005662717390805483,0.0227467343211174,9592.4482421875,0.004525380674749613,0.004525380674749613,0.14657580852508545,0.005156980827450752,0.004257731139659882,0.017984993755817413,7584.39013671875,0.15229658782482147,6.371121704292297e-05
1109,0.0017346476088277996,0.0013258628314360976,0.008175695315003395,3447.74462890625,0.07845231890678406,0.005664849653840065,0.02274276688694954,9590.7744140625,0.004527711309492588,0.004527711309492588,0.1466180384159088,0.005155025981366634,0.00425594300031662,0.01798166148364544,7582.98486328125,0.15223239362239838,6.341617060507163e-05
1110,0.0017336232704110444,0.0013249561889097095,0.00817334116436541,3446.752197265625,0.0784100890159607,0.005668716970831156,0.02274402417242527,9591.3046875,0.004531515762209892,0.004531515762209892,0.1467001885175705,0.005157058592885733,0.0042576841078698635,0.017987485975027084,7585.44140625,0.15226097404956818,6.312428781110369e-05
1111,0.0017338624456897378,0.0013253014767542481,0.008171218913048506,3445.85693359375,0.07842056080698967,0.005664082244038582,0.022739935666322708,9589.5810546875,0.0045270854607224464,0.0045270854607224464,0.14659477770328522,0.005155806429684162,0.004256816580891609,0.017979798838496208,7582.19921875,0.15224696695804596,6.283557066155111e-05
1112,0.0017318899044767022,0.0013234123471193016,0.00816955091431737,3445.15380859375,0.07836766541004181,0.005664922762662172,0.02273949608206749,9589.3955078125,0.00452794786542654,0.00452794786542654,0.1465979516506195,0.005158096551895142,0.004259362816810608,0.017974676564335823,7580.0390625,0.15229791402816772,6.255002113524892e-05
1113,0.0017328345566056669,0.0013243696885183454,0.008169297827407718,3445.0467529296875,0.07840730994939804,0.005664007272571325,0.022740541025996208,9589.8359375,0.004526980221271515,0.004526980221271515,0.14659593999385834,0.005153168924152851,0.004254452418535948,0.017974333837628365,7579.8955078125,0.15221942961215973,6.226764118932163e-05
1114,0.0017319804173894227,0.0013235483784228563,0.008168640546500683,3444.76953125,0.07837159931659698,0.0056684184819459915,0.02273985557258129,9589.546875,0.004531425423920155,0.004531425423920155,0.14669477939605713,0.0051536220125854015,0.004254959058016539,0.01797325909137726,7579.4423828125,0.15222689509391785,6.198843275916973e-05
1115,0.0017320814658887684,0.001323708740528673,0.008167453808709979,3444.2689208984375,0.07837436348199844,0.005663062911480665,0.022735558450222015,9587.7353515625,0.0045262849889695644,0.0045262849889695644,0.1465795934200287,0.005151796154677868,0.004253593739122152,0.017964046448469162,7575.556640625,0.1521943360567093,6.171239775845655e-05
1116,0.0017320390325039625,0.0013237991370260715,0.008164797443896532,3443.14892578125,0.07839294523000717,0.005662254057824612,0.022738564759492874,9589.0009765625,0.0045253257267177105,0.0045253257267177105,0.1465616673231125,0.005156325176358223,0.004257955122739077,0.01796739734709263,7576.9697265625,0.15229035913944244,6.143953807909508e-05
1117,0.0017309333197772503,0.0013227086164988577,0.008164493832737207,3443.0208740234375,0.07835466414690018,0.005661951843649149,0.0227394700050354,9589.384765625,0.004524978343397379,0.004524978343397379,0.14658473432064056,0.005152050405740738,0.0042533352971076965,0.017974304035305977,7579.8828125,0.15220585465431213,6.116985559123498e-05
1118,0.0017309774411842227,0.0013227559975348413,0.008164429105818272,3442.9935302734375,0.07834168151021004,0.005663291085511446,0.022739624604582787,9589.44921875,0.004526309669017792,0.004526309669017792,0.146621972322464,0.005150824319571257,0.004252136684954166,0.017973748967051506,7579.6494140625,0.1521908938884735,6.090335214324984e-05
1119,0.0017296474543400109,0.0013215102953836322,0.008162743411958218,3442.2828369140625,0.0783100500702858,0.005660251714289188,0.02273513190448284,9587.5556640625,0.004523495212197304,0.004523495212197304,0.14653268456459045,0.005148956086486578,0.004250808153301477,0.017962956801056862,7575.09765625,0.15216153860092163,6.064002956172453e-05
1120,0.0017300363979302347,0.0013220249093137681,0.00816022977232933,3441.2225341796875,0.07833784818649292,0.005659626796841621,0.022732501849532127,9586.4462890625,0.004523001611232758,0.004523001611232758,0.14652478694915771,0.005150219891220331,0.004252204671502113,0.01796030066907406,7573.97802734375,0.15218710899353027,6.037988965144241e-05
1121,0.0017291756812483072,0.001321210351306945,0.008159306831657887,3440.833740234375,0.07831628620624542,0.005661723203957081,0.022730298340320587,9585.5166015625,0.004525208380073309,0.004525208380073309,0.14658254384994507,0.005144371651113033,0.004246546886861324,0.01795649528503418,7572.373046875,0.1520763486623764,6.012293419537334e-05
1122,0.001730814401526004,0.0013229300966486335,0.008157685864716768,3440.1502685546875,0.07835395261645317,0.005662637762725353,0.02272690087556839,9584.0830078125,0.004526292439550161,0.004526292439550161,0.14660288393497467,0.005144460592418909,0.004246815107762814,0.01795290596783161,7570.859375,0.1520717591047287,5.986916495466128e-05
1123,0.0017286490183323622,0.0013208624441176653,0.008155730552971363,3439.3251953125,0.0782875157892704,0.005658553447574377,0.022726256400346756,9583.8125,0.004522240720689297,0.004522240720689297,0.1464969515800476,0.005148263648152351,0.004250659607350826,0.017952078953385353,7570.51025390625,0.15215745568275452,5.961858366861222e-05
1124,0.001728939067106694,0.0013212085468694568,0.0081546101719141,3438.8533935546875,0.07832329720258713,0.00565730407834053,0.022724485024809837,9583.064453125,0.0045210798271000385,0.0045210798271000385,0.14648887515068054,0.005145701114088297,0.004248031415045261,0.01795339584350586,7571.064453125,0.15211063623428345,5.937119205468223e-05
1125,0.0017270276439376175,0.0013193614431656897,0.008153323084115982,3438.3101806640625,0.07825906574726105,0.005658487323671579,0.022725192829966545,9583.36328125,0.004522227682173252,0.004522227682173252,0.146534726023674,0.0051470911130309105,0.004249079618602991,0.017960229888558388,7573.947265625,0.15213200449943542,5.91269918084656e-05
1126,0.0017287334776483476,0.0013210779870860279,0.008153109811246395,3438.220703125,0.07830004766583443,0.005659465212374926,0.02272154949605465,9581.8271484375,0.004523387644439936,0.004523387644439936,0.1465553194284439,0.005145665258169174,0.004247727338224649,0.017958756536245346,7573.32568359375,0.1521173119544983,5.8885984603683615e-05
1127,0.0017270519165322185,0.0013194911880418658,0.00815121503546834,3437.42138671875,0.07824517786502838,0.005658401176333427,0.022720707580447197,9581.47265625,0.004522365517914295,0.004522365517914295,0.1465030014514923,0.005150166805833578,0.004252471961081028,0.017953893169760704,7571.275390625,0.152201309800148,5.864817209217264e-05
1128,0.001726559828966856,0.0013190769241191447,0.008149657165631652,3436.763916015625,0.0782533586025238,0.0056584496051073074,0.022722028195858,9582.029296875,0.004522348288446665,0.004522348288446665,0.14650756120681763,0.005146861542016268,0.004249219316989183,0.017952844500541687,7570.833984375,0.15213251113891602,5.8413555903872954e-05
1129,0.0017250564997084439,0.001317653397563845,0.00814806204289198,3436.091552734375,0.07821107655763626,0.005657697096467018,0.022718938067555428,9580.7265625,0.004521750379353762,0.004521750379353762,0.14651525020599365,0.005143669433891773,0.004246152937412262,0.017950331792235374,7569.77294921875,0.1520620584487915,5.818213764681764e-05
1130,0.0017247733776457608,0.0013174447230994701,0.008146571926772594,3435.46337890625,0.07819152995944023,0.005653141997754574,0.022715715691447258,9579.3681640625,0.0045173559337854385,0.0045173559337854385,0.14643743634223938,0.005141535308212042,0.004244322422891855,0.01794425956904888,7567.21240234375,0.1520342230796814,5.795391890712165e-05
1131,0.001723939145449549,0.00131669407710433,0.008144901366904378,3434.7586669921875,0.07816745340824127,0.005653101950883865,0.022714601829648018,9578.8974609375,0.004517371766269207,0.004517371766269207,0.14643245935440063,0.005139398854225874,0.0042424933053553104,0.01793810911476612,7564.619140625,0.1520065814256668,5.772890124897052e-05
1132,0.0017238928121514618,0.0013166818534955382,0.008144218474626541,3434.470703125,0.0781688429415226,0.005651636049151421,0.02271083928644657,9577.310546875,0.0045160939916968346,0.0045160939916968346,0.14640742540359497,0.005137553438544273,0.00424091937020421,0.017932681366801262,7562.32958984375,0.15198011696338654,5.750708621461015e-05
1133,0.001723585301078856,0.0013164309784770012,0.008143085986375809,3433.9931640625,0.07816672697663307,0.005652113351970911,0.022712789475917816,9578.1337890625,0.004516473971307278,0.004516473971307278,0.14642861485481262,0.005138934589922428,0.0042419033125042915,0.01794062741100788,7565.68017578125,0.15199926495552063,5.7288475324335926e-05
1134,0.0017229962395504117,0.0013158924411982298,0.008142075035721064,3433.56640625,0.07814231887459755,0.0056524379178881645,0.02271110564470291,9577.423828125,0.004516882356256247,0.004516882356256247,0.14642798900604248,0.00514189200475812,0.00424482487142086,0.017941338941454887,7565.98046875,0.15205292403697968,5.707307007648245e-05
1135,0.0017225275514647365,0.0013155224733054638,0.008140101563185453,3432.7344970703125,0.07813724875450134,0.005652904976159334,0.022709853947162628,9576.89453125,0.004517412278801203,0.004517412278801203,0.1464329957962036,0.005140924826264381,0.004244047217071056,0.01793755032122135,7564.3837890625,0.1520513892173767,5.686087194741311e-05
1136,0.001722184766549617,0.0013152920873835683,0.008137853583320975,3431.786376953125,0.07812894508242607,0.0056531489826738834,0.022707195952534676,9575.7744140625,0.004517788998782635,0.004517788998782635,0.14643320441246033,0.005139283370226622,0.004242538940161467,0.0179348886013031,7563.2607421875,0.1520223468542099,5.665188239151017e-05
1137,0.0017218301654793322,0.001315003726631403,0.008136529475450516,3431.2281494140625,0.07811903953552246,0.005652925930917263,0.02270418033003807,9574.5029296875,0.004517716821283102,0.004517716821283102,0.14643579721450806,0.005136545281857252,0.004240134730935097,0.01792820729315281,7560.443359375,0.15197867155075073,5.64461028411647e-05
1138,0.0017216292908415198,0.0013148639700375497,0.008135306416079402,3430.71240234375,0.07811297476291656,0.005650409497320652,0.022702153772115707,9573.6484375,0.004515301901847124,0.004515301901847124,0.14639127254486084,0.005135003477334976,0.004238753113895655,0.01792500726878643,7559.09423828125,0.15196236968040466,5.624353470676659e-05
1139,0.0017211047816090286,0.001314386259764433,0.008134371135383844,3430.3182373046875,0.07810323685407639,0.00565111730247736,0.022702135145664215,9573.640625,0.0045160106383264065,0.0045160106383264065,0.14639613032341003,0.005137320142239332,0.004241218324750662,0.017922040075063705,7557.8427734375,0.15200364589691162,5.604417937669519e-05
1140,0.0017209475045092404,0.001314293302129954,0.008133084513247013,3429.7755126953125,0.0781051330268383,0.005653355736285448,0.022703595459461212,9574.255859375,0.0045181759633123875,0.0045181759633123875,0.14643779397010803,0.005136705003678799,0.004240499343723059,0.0179241094738245,7558.71484375,0.15197980403900146,5.5848038217309645e-05
1141,0.0017201040172949433,0.001313503598794341,0.008132007904350758,3429.321533203125,0.07808128371834755,0.005650653038173914,0.022701026871800423,9573.173828125,0.00451560178771615,0.00451560178771615,0.14639566838741302,0.00513439578935504,0.004238193854689598,0.01792404055595398,7558.6865234375,0.15193529427051544,5.565511257293943e-05
1142,0.001720577129162848,0.0013140286318957806,0.008130969945341349,3428.8836669921875,0.0781027153134346,0.005647803656756878,0.022701261565089226,9573.2705078125,0.0045127407647669315,0.0045127407647669315,0.14634785056114197,0.005134620238095522,0.004238129127770662,0.01792982406914234,7561.125,0.15193447470664978,5.546540376587535e-05
1143,0.0017200775910168886,0.0013135488843545318,0.008130573201924562,3428.71630859375,0.0780843198299408,0.005651005078107119,0.022704003378748894,9574.427734375,0.0045158048160374165,0.0045158048160374165,0.14640770852565765,0.00513446144759655,0.00423791678622365,0.017930893227458,7561.57568359375,0.15193727612495422,5.5278913096360385e-05
1144,0.0017194037209264934,0.001312874781433493,0.008130579954013228,3428.7191162109375,0.07806213945150375,0.00564912986010313,0.022702036425471306,9573.59765625,0.00451402785256505,0.00451402785256505,0.1463717371225357,0.005131716839969158,0.004235482309013605,0.01792469061911106,7558.96044921875,0.15190160274505615,5.509564184258057e-05
1145,0.0017201151349581778,0.0013136096531525254,0.008130110101774335,3428.5211181640625,0.07809419184923172,0.00564833078533411,0.02269940823316574,9572.4892578125,0.004513360559940338,0.004513360559940338,0.14635130763053894,0.005132926162332296,0.00423692399635911,0.01792004704475403,7557.00244140625,0.15192638337612152,5.491559126065666e-05
1146,0.0017185377073474228,0.0013121330994181335,0.008128092857077718,3427.670654296875,0.07805284112691879,0.005647469777613878,0.022696658968925476,9571.330078125,0.004512636922299862,0.004512636922299862,0.14635631442070007,0.005131882149726152,0.004235959146171808,0.017918456345796585,7556.33203125,0.15190595388412476,5.473876258463519e-05
1147,0.0017198572750203311,0.0013135155313648283,0.008126834873110056,3427.1397705078125,0.0780748687684536,0.00565148564055562,0.022695768624544144,9570.9560546875,0.004516697023063898,0.004516697023063898,0.14643102884292603,0.0051325238309800625,0.004236673470586538,0.017917010933160782,7555.72119140625,0.15192410349845886,5.4565157026480045e-05
1148,0.0017180511495098472,0.0013118244241923094,0.008124533109366894,3426.169189453125,0.07803621888160706,0.005648558493703604,0.02269439399242401,9570.3740234375,0.004513838794082403,0.004513838794082403,0.14635559916496277,0.005134235136210918,0.004238485358655453,0.017914991825819016,7554.87060546875,0.1519671082496643,5.4394775776064313e-05
1149,0.0017182131996378303,0.0013120787916705012,0.00812268815934658,3425.3912353515625,0.07804828882217407,0.0056483810767531395,0.02268925867974758,9568.2099609375,0.0045139179565012455,0.0045139179565012455,0.1463538408279419,0.00513354130089283,0.004238000139594078,0.017910823225975037,7553.11328125,0.15196222066879272,5.4227620001162025e-05
1150,0.0017176877590827644,0.0013116018380969763,0.008121718186885118,3424.98193359375,0.07802439481019974,0.0056499820202589035,0.022690966725349426,9568.9306640625,0.004515433683991432,0.004515433683991432,0.1463961899280548,0.005131154786795378,0.004235345870256424,0.017916176468133926,7555.3701171875,0.1518981158733368,5.406369084744009e-05
1151,0.0017170197097584605,0.0013109821593388915,0.00812075100839138,3424.5743408203125,0.07800404354929924,0.005647752434015274,0.02269282378256321,9569.712890625,0.004513110965490341,0.004513110965490341,0.14635241031646729,0.0051301270723342896,0.004234382417052984,0.017914893105626106,7554.82861328125,0.15188664197921753,5.3902989438450625e-05
1152,0.001716817554552108,0.0013108245912007987,0.00811985949985683,3424.1982421875,0.0780070535838604,0.005647923797369003,0.022692369297146797,9569.5205078125,0.0045133051462471485,0.0045133051462471485,0.1463419497013092,0.005130845587700605,0.004235377069562674,0.017909372225403786,7552.50048828125,0.15189377963542938,5.374551687562308e-05
1153,0.0017156718531623483,0.001309687679167837,0.008119684178382158,3424.124267578125,0.07797655463218689,0.005646727047860622,0.022691700607538223,9569.240234375,0.004512141924351454,0.004512141924351454,0.14632540941238403,0.005127768497914076,0.004232568666338921,0.017903994768857956,7550.23291015625,0.15184327960014343,5.359127423825671e-05
1154,0.0017162561998702586,0.0013102787779644132,0.008119548205286264,3424.06689453125,0.07799896970391273,0.005646987352520227,0.02268831804394722,9567.8125,0.0045125712640583515,0.0045125712640583515,0.14633110165596008,0.005125428084284067,0.004230451304465532,0.017899539321660995,7548.353515625,0.15180151164531708,5.344026258351339e-05
1155,0.001715357298962772,0.0013095022295601666,0.008117101853713393,3423.035400390625,0.07797270268201828,0.005644573830068111,0.022684400901198387,9566.1611328125,0.004510353785008192,0.004510353785008192,0.1462911069393158,0.005126250442117453,0.004231148865073919,0.017902033403515816,7549.40625,0.15181493759155273,5.3292482946410026e-05
1156,0.0017152198706753552,0.0013094534515403211,0.008115327917039394,3422.287353515625,0.07797414809465408,0.005642828531563282,0.02268565259873867,9566.689453125,0.004508546087890863,0.004508546087890863,0.1462705433368683,0.0051279012113809586,0.0042324853129684925,0.017908314242959023,7552.0537109375,0.1518470048904419,5.31479363398117e-05
1157,0.0017144677112810314,0.001308795704971999,0.008113439194858074,3421.490966796875,0.07794547826051712,0.005642883479595184,0.02268245816230774,9565.3427734375,0.004508760757744312,0.004508760757744312,0.1462731659412384,0.0051271747797727585,0.004232023376971483,0.017903031781315804,7549.82666015625,0.15183484554290771,5.3006623754424726e-05
1158,0.001713803387247026,0.0013082323712296784,0.008111420087516308,3420.6396484375,0.07793065533041954,0.005643235985189676,0.022679343819618225,9564.0283203125,0.004509268794208765,0.004509268794208765,0.14627495408058167,0.005125078838318586,0.004230218008160591,0.017897216603159904,7547.375,0.1518068015575409,5.2868546158789644e-05
1159,0.0017135434900410473,0.0013080374337732792,0.00811012089252472,3420.0914306640625,0.07792780548334122,0.005643283016979694,0.022678766399621964,9563.7861328125,0.004509344696998596,0.004509344696998596,0.14628326892852783,0.0051240213215351105,0.004229306243360043,0.017894301563501358,7546.1455078125,0.15179714560508728,5.2733704499274955e-05
1160,0.0017131914501078427,0.0013077161274850368,0.008109506918117404,3419.832763671875,0.077918142080307,0.005644023418426514,0.022678285837173462,9563.5830078125,0.004510108847171068,0.004510108847171068,0.1463041752576828,0.005123894661664963,0.0042291791178286076,0.017894309014081955,7546.1474609375,0.15179239213466644,5.260209970007019e-05
1161,0.0017129407497122884,0.0013075298047624528,0.008108218433335423,3419.2890625,0.07791035994887352,0.005643418990075588,0.022676967084407806,9563.0263671875,0.0045095705427229404,0.0045095705427229404,0.1462884545326233,0.005124083254486322,0.004229349549859762,0.017894672229886055,7546.3017578125,0.15181103348731995,5.2473732663179926e-05
1162,0.001712416938971728,0.0013070495333522558,0.008107348810881376,3418.9228515625,0.07789664715528488,0.0056436192244291306,0.02267761528491974,9563.2998046875,0.004509738180786371,0.004509738180786371,0.14628541469573975,0.0051232376135885715,0.004228497389703989,0.0178948063403368,7546.357421875,0.15180346369743347,5.234860426841754e-05
1163,0.0017124240403063595,0.0013071122230030596,0.008106236578896642,3418.4534912109375,0.077895138412714,0.005641730967909098,0.022674310952425003,9561.90625,0.004508015234023333,0.004508015234023333,0.1462591141462326,0.005122401751577854,0.004227925557643175,0.01788952201604843,7544.1298828125,0.15177592635154724,5.2226715373398944e-05
1164,0.0017116900417022407,0.0013064614031463861,0.008104573003947735,3417.7518310546875,0.07787739485502243,0.005640802904963493,0.02267414890229702,9561.837890625,0.0045070955529809,0.0045070955529809,0.1462409347295761,0.005121670197695494,0.0042272829450666904,0.017887741327285767,7543.37841796875,0.1517607867717743,5.2108066813537e-05
1165,0.001711506862193346,0.0013063318328931928,0.008103501284494996,3417.3001708984375,0.07787497714161873,0.005639653652906418,0.02267501689493656,9562.2041015625,0.004505902994424105,0.004505902994424105,0.146223247051239,0.005121036898344755,0.00422649085521698,0.017890924587845802,7544.720703125,0.1517510712146759,5.199265940203566e-05
1166,0.0017111125634983182,0.0013059611665084958,0.008103028638288379,3417.1007080078125,0.07785915583372116,0.005640046205371618,0.02267303690314293,9561.3681640625,0.004506394267082214,0.004506394267082214,0.14623185992240906,0.005117776338011026,0.004223467782139778,0.017886174842715263,7542.71875,0.1516876220703125,5.188049392988447e-05
1167,0.0017107719322666526,0.0013056522002443671,0.008102393709123135,3416.8328857421875,0.07785316184163094,0.005640374030917883,0.02267179638147354,9560.845703125,0.004506784025579691,0.004506784025579691,0.14623785018920898,0.005116658750921488,0.004222591873258352,0.017881333827972412,7540.6767578125,0.1516667753458023,5.1771571165852905e-05
1168,0.001710715179797262,0.0013057418982498348,0.008099465630948544,3415.5982666015625,0.07785584777593613,0.005640204064548016,0.022668426856398582,9559.4248046875,0.004506782628595829,0.004506782628595829,0.14623014628887177,0.005119355861097574,0.004225415643304586,0.017878806218504906,7539.6103515625,0.15171438455581665,5.1665891856485427e-05
1169,0.0017110066837631166,0.00130604044534266,0.00809932523407042,3415.5389404296875,0.07787863910198212,0.005639714188873768,0.022665079683065414,9558.013671875,0.004506460390985012,0.004506460390985012,0.14622750878334045,0.005118692759424448,0.004224838688969612,0.017877081409096718,7538.88427734375,0.15171590447425842,5.156345672609624e-05
1170,0.0017093000351451337,0.0013044268707744777,0.00809746328741312,3414.7537841796875,0.0778249204158783,0.005640288349241018,0.02266436628997326,9557.712890625,0.004507069941610098,0.004507069941610098,0.14625057578086853,0.005119473207741976,0.004225452430546284,0.017880411818623543,7540.287109375,0.15173421800136566,5.146426647676422e-05
1171,0.0017100856639444828,0.001305264828260988,0.008096416713669896,3414.3123779296875,0.07784632965922356,0.0056390599347651005,0.022661086171865463,9556.3291015625,0.004506005439907312,0.004506005439907312,0.14622867107391357,0.005121084861457348,0.004227018915116787,0.01788131706416607,7540.66943359375,0.1517626941204071,5.1368321788328216e-05
1172,0.0017093176138587296,0.0013045133673585951,0.008096084697172046,3414.1727294921875,0.0778253823518753,0.005637854803353548,0.022661423310637474,9556.4716796875,0.004504783544689417,0.004504783544689417,0.14619186520576477,0.005119172856211662,0.004225289449095726,0.017877670004963875,7539.130859375,0.1517459601163864,5.127562331838241e-05
1173,0.0017091443296521902,0.001304392353631556,0.008095038821920753,3413.731201171875,0.07782720029354095,0.00563811557367444,0.022662287577986717,9556.8359375,0.00450500100851059,0.00450500100851059,0.14619922637939453,0.0051172650419175625,0.004223550204187632,0.017874300479888916,7537.7099609375,0.15171802043914795,5.118617170227173e-05
1174,0.001708109164610505,0.0013034435687586665,0.008093311684206128,3413.0028076171875,0.07779397815465927,0.005637597758322954,0.02266051433980465,9556.0869140625,0.004504572134464979,0.004504572134464979,0.1461947113275528,0.005115297622978687,0.004221652168780565,0.01787290722131729,7537.123046875,0.15167632699012756,5.109996755308749e-05
1175,0.0017080167890526354,0.0013034009607508779,0.008092316100373864,3412.5828857421875,0.07778818905353546,0.005637474823743105,0.022660715505480766,9556.173828125,0.004504438955336809,0.004504438955336809,0.14619487524032593,0.005114618223160505,0.004220981616526842,0.017872732132673264,7537.0478515625,0.15165501832962036,5.101701146166335e-05
1176,0.0017078252858482301,0.001303302706219256,0.00809045066125691,3411.7965087890625,0.07778747007250786,0.005635235924273729,0.022656289860606194,9554.3076171875,0.004502421244978905,0.004502421244978905,0.14615508913993835,0.005114058032631874,0.004220473114401102,0.01787169650197029,7536.61181640625,0.15164409577846527,5.093730399657101e-05
1177,0.0017074692295864224,0.0013030256377533078,0.008088871836662292,3411.130615234375,0.07777639850974083,0.005635032430291176,0.02265590988099575,9554.146484375,0.004502236843109131,0.004502236843109131,0.14615018665790558,0.005114655010402203,0.004220988601446152,0.017873330041766167,7537.30078125,0.15164990723133087,5.086084570411652e-05
1178,0.0017070280155166984,0.001302594959270209,0.008088661590591073,3411.0418701171875,0.0777718611061573,0.005637295078486204,0.022655867040157318,9554.12890625,0.004504501819610596,0.004504501819610596,0.1461816430091858,0.00511304521933198,0.004219540394842625,0.01787009835243225,7535.93798828125,0.15162697434425354,5.0787637108336547e-05
1179,0.0017067953012883663,0.001302386517636478,0.008088174741715193,3410.836669921875,0.07776333764195442,0.005637403577566147,0.02265777997672558,9554.935546875,0.004504514392465353,0.004504514392465353,0.14618262648582458,0.005113320890814066,0.004219771362841129,0.017870990559458733,7536.31396484375,0.15164071321487427,5.071767871099448e-05
1180,0.0017062246915884316,0.0013018219033256173,0.008088055532425642,3410.78662109375,0.07775092124938965,0.005637253634631634,0.022658871486783028,9555.396484375,0.004504309967160225,0.004504309967160225,0.1461760550737381,0.005114670377224684,0.004221184179186821,0.017869727686047554,7535.78125,0.15166808664798737,5.0650970991577424e-05
1181,0.0017067738808691502,0.0013024552026763558,0.008086373563855886,3410.0772705078125,0.0777692124247551,0.005636208690702915,0.022658247500658035,9555.1328125,0.004503296222537756,0.004503296222537756,0.14616182446479797,0.0051135108806192875,0.004220166243612766,0.017866894602775574,7534.587890625,0.1516483575105667,5.058751440729254e-05
1182,0.0017057431978173554,0.0013015318545512855,0.008084226865321398,3409.172119140625,0.0777396522462368,0.005635017529129982,0.022654671221971512,9553.6240234375,0.004502283874899149,0.004502283874899149,0.14613354206085205,0.0051123034209012985,0.004219400230795145,0.017858067527413368,7530.8642578125,0.15162965655326843,5.0527309393064295e-05
1183,0.0017054500640369952,0.0013013683492317796,0.008081633830443025,3408.0782470703125,0.07773743569850922,0.005633094348013401,0.022650377824902534,9551.814453125,0.004500575363636017,0.004500575363636017,0.1461133360862732,0.005110438447445631,0.004217814188450575,0.017852487042546272,7528.51220703125,0.15159565210342407,5.047035636153093e-05
1184,0.0017055411008186638,0.0013015028671361506,0.008080764440819621,3407.7119140625,0.07773509249091148,0.0056361062452197075,0.02265009842813015,9551.6953125,0.0045036012306809425,0.0045036012306809425,0.14617346227169037,0.005110248923301697,0.004217422101646662,0.0178565364331007,7530.21923828125,0.15158794820308685,5.0416655703042264e-05
1185,0.0017056711949408054,0.001301655254792422,0.008080318802967668,3407.52392578125,0.07774631679058075,0.005633742548525333,0.022649388760328293,9551.396484375,0.004501272924244404,0.004501272924244404,0.14612753689289093,0.00511171855032444,0.00421868497505784,0.017860667780041695,7531.9609375,0.15162788331508636,5.036620778565662e-05
1186,0.001704706228338182,0.0013007225352339447,0.008079672930762172,3407.25146484375,0.07771891355514526,0.005634183529764414,0.022647475823760033,9550.58984375,0.00450180983170867,0.00450180983170867,0.14613881707191467,0.005110548809170723,0.004217621870338917,0.017858536913990974,7531.0625,0.15161354839801788,5.031901295513829e-05
1187,0.001704041671473533,0.0013000923790968955,0.00807898584753275,3406.9615478515625,0.07769910618662834,0.0056334128603339195,0.0226459801197052,9549.958984375,0.004501113668084145,0.004501113668084145,0.14613696932792664,0.005107644945383072,0.00421482976526022,0.017856307327747345,7530.12353515625,0.1515507996082306,5.027507153495538e-05
1188,0.0017035306082107127,0.0012996331206522882,0.008077949052676558,3406.5244140625,0.07767874002456665,0.005629607476294041,0.02264169044792652,9548.150390625,0.004497522953897715,0.004497522953897715,0.14607223868370056,0.005106762517243624,0.004214065615087748,0.017853938043117523,7529.12255859375,0.15153266489505768,5.023438382627749e-05
1189,0.0017030598246492445,0.0012992534320801497,0.008076127618551254,3405.7564697265625,0.07767225056886673,0.005628454498946667,0.022639857605099678,9547.3779296875,0.00449646171182394,0.00449646171182394,0.14604708552360535,0.005109094548970461,0.00421646423637867,0.01785260997712612,7528.5634765625,0.15157131850719452,5.019695010797366e-05
1190,0.0017036753706634045,0.0012999323662370443,0.008074859622865915,3405.2215576171875,0.07768938690423965,0.005629981402307749,0.022639930248260498,9547.4072265625,0.004497984889894724,0.004497984889894724,0.14606565237045288,0.005107020493596792,0.004214494023472071,0.017850525677204132,7527.68408203125,0.1515374332666397,5.01627706366103e-05
1191,0.0017027970170602202,0.0012990927789360285,0.00807408569380641,3404.8951416015625,0.0776749774813652,0.00563020259141922,0.02263730764389038,9546.302734375,0.0044983369298279285,0.0044983369298279285,0.14606128633022308,0.0051059843972325325,0.004213760141283274,0.017844483256340027,7525.13525390625,0.15153279900550842,5.0131845646449734e-05
1192,0.0017019978258758783,0.001298361225053668,0.008072731085121632,3404.323974609375,0.07764788717031479,0.005630528554320335,0.02263818494975567,9546.671875,0.004498619120568037,0.004498619120568037,0.14607810974121094,0.005105350166559219,0.004212986212223768,0.017847275361418724,7526.31396484375,0.15152068436145782,5.010417534944839e-05
1193,0.0017017358331941068,0.0012981703621335328,0.008071309654042125,3403.7244873046875,0.077644944190979,0.005631688050925732,0.02263711951673031,9546.22265625,0.004499832168221474,0.004499832168221474,0.14609363675117493,0.00510598998516798,0.00421377457678318,0.01784431003034115,7525.0625,0.1515304446220398,5.0079759935255375e-05
1194,0.0017016365309245884,0.001298124494496733,0.008070241194218397,3403.274169921875,0.07764243334531784,0.005631557200103998,0.022633304819464684,9544.6142578125,0.004499891772866249,0.004499891772866249,0.14609751105308533,0.00510434340685606,0.004212350118905306,0.017839865759015083,7523.18798828125,0.15150916576385498,5.005859957121122e-05
1195,0.0017014060285873711,0.0012979671591892838,0.00806877645663917,3402.656494140625,0.07763874903321266,0.005629600025713444,0.022631822153925896,9543.98828125,0.004498009104281664,0.004498009104281664,0.14606697857379913,0.005103486590087414,0.004211660008877516,0.01783653534948826,7521.7841796875,0.15150663256645203,5.0040694402346674e-05
1196,0.0017006162670440972,0.0012972270487807691,0.008067784830927849,3402.23779296875,0.07761862128973007,0.005628511775285006,0.02263171598315239,9543.943359375,0.004496925976127386,0.004496925976127386,0.14605718851089478,0.005101959221065044,0.004210198298096657,0.01783522218465805,7521.23095703125,0.15147385001182556,5.0026044551381734e-05
1197,0.0017003974062390625,0.0012970492243766785,0.008066963637247682,3401.891845703125,0.0776139348745346,0.005626530386507511,0.022629961371421814,9543.2041015625,0.0044950321316719055,0.0044950321316719055,0.14602604508399963,0.005099407397210598,0.004207841586321592,0.017831316217780113,7519.5830078125,0.15143033862113953,5.001465011872491e-05
1198,0.0017007552087306976,0.0012974762357771397,0.008065580390393734,3401.3087158203125,0.07761292159557343,0.005625496152788401,0.022631810978055,9543.9833984375,0.004493905697017908,0.004493905697017908,0.14599747955799103,0.005100097507238388,0.004208242055028677,0.01783710904419422,7522.0263671875,0.1514430195093155,5.0006511182472296e-05
1199,0.0016999146901071072,0.0012966986396349967,0.008064321475103498,3400.7774658203125,0.07759566232562065,0.005624954588711262,0.022632822394371033,9544.41015625,0.004493313375860453,0.004493313375860453,0.14599089324474335,0.005101297982037067,0.004209222737699747,0.017841506749391556,7523.880859375,0.15146107971668243,5.000162779840723e-05
1200,0.0016993228928186,0.001296132744755596,0.008063802495598793,3400.558837890625,0.07757989689707756,0.005625272169709206,0.02263006567955017,9543.248046875,0.00449376879259944,0.00449376879259944,0.1460093855857849,0.0051010362803936005,0.0042089843191206455,0.01784103736281395,7523.68310546875,0.15143916010856628,5e-05
