{
    "config": {
        "SEED": 114514,
        "epochs": 60,
        "batch_size": 8,
        "lr": 0.001,
        "dataset": {
            "H": 32,
            "W": 32,
            "n_train": 120,
            "n_val": 40,
            "n_test": 40
        },
        "FNO": {
            "modes": 16,
            "width": 16,
            "depth": 6
        },
        "CNO": {
            "cheb_modes": [
                8,
                8
            ],
            "width": 16,
            "depth": 3
        },
        "CFNO": {
            "modes": 6,
            "cheb_modes": [
                8,
                8
            ],
            "width": 16,
            "depth": 3,
            "alpha_init": 0.5
        }
    },
    "results": {
        "FNO": {
            "mse": 1.932959639816545e-05,
            "time": 7.6392858028411865,
            "train_loss": 1.1392343549232464e-05,
            "val_loss": 1.0575538908597082e-05
        },
        "CNO": {
            "mse": 7.895948328950908e-06,
            "time": 11.133581161499023,
            "train_loss": 3.7461838322390878e-06,
            "val_loss": 3.6344542877486674e-06
        },
        "CFNO": {
            "mse": 5.0234880291100126e-06,
            "time": 14.33212924003601,
            "train_loss": 1.3823511835653334e-06,
            "val_loss": 2.493591637175996e-06,
            "final_alpha": [
                0.6234167814254761,
                0.6224150657653809,
                0.6224161982536316
            ]
        }
    }
}