{
    "config": {
        "SEED": 142857,
        "epochs": 60,
        "batch_size": 8,
        "lr": 0.001,
        "dataset": {
            "H": 32,
            "W": 32,
            "n_train": 120,
            "n_val": 40,
            "n_test": 40
        },
        "FNO": {
            "modes": 16,
            "width": 16,
            "depth": 6
        },
        "CNO": {
            "cheb_modes": [
                8,
                8
            ],
            "width": 16,
            "depth": 3
        },
        "CFNO": {
            "modes": 6,
            "cheb_modes": [
                8,
                8
            ],
            "width": 16,
            "depth": 3,
            "alpha_init": 0.5
        }
    },
    "results": {
        "FNO": {
            "mse": 1.1757066204154398e-05,
            "time": 9.625591278076172,
            "train_loss": 8.35926416584698e-06,
            "val_loss": 1.18108282549656e-05
        },
        "CNO": {
            "mse": 3.5923342238675104e-06,
            "time": 12.142165422439575,
            "train_loss": 2.695305935655294e-06,
            "val_loss": 5.5307259572145995e-06
        },
        "CFNO": {
            "mse": 3.5061166272498667e-06,
            "time": 14.20647406578064,
            "train_loss": 2.3172039770239888e-06,
            "val_loss": 5.1830525080731604e-06,
            "final_alpha": [
                0.6183863878250122,
                0.6216559410095215,
                0.6249966621398926
            ]
        }
    }
}