epoch,train_loss,train_mse,train_pde_mse,train_pde_mse_absolute,train_state_rel_l2,val_loss,val_pde_mse,val_pde_mse_absolute,val_state_mse,val_mse,val_state_rel_l2,test_loss,test_mse,test_pde_mse,test_pde_mse_absolute,test_state_rel_l2,lr
1,0.3670424371957779,0.3206820785999298,0.9272072613239288,55.7362174987793,1.00031179189682,0.4571536183357239,1.0776077508926392,64.77708435058594,0.40327322483062744,0.40327322483062744,1.0001816749572754,0.29531341791152954,0.26069360971450806,0.6923962831497192,41.621280670166016,0.9998474717140198,0.0009999983722015927
2,0.36622197926044464,0.3198815733194351,0.9268079698085785,55.71222114562988,1.000301480293274,0.4580634832382202,1.0771608352661133,64.75021362304688,0.40420544147491455,0.40420544147491455,1.0038589239120483,0.2935130000114441,0.25891220569610596,0.6920158267021179,41.59840393066406,0.9961031675338745,0.0009999934888175275
3,0.3652711361646652,0.31895145773887634,0.9263937175273895,55.68731689453125,0.9987996220588684,0.4589931070804596,1.0766476392745972,64.71937561035156,0.40516072511672974,0.40516072511672974,1.0067636966705322,0.29256558418273926,0.25798511505126953,0.6916096210479736,41.57398986816406,0.9941597580909729,0.0009999853498812749
4,0.36507008969783783,0.31877200305461884,0.9259617626667023,55.66135025024414,0.9993236362934113,0.4598163068294525,1.0760399103164673,64.68284606933594,0.4060143232345581,0.4060143232345581,1.0090506076812744,0.2920214533805847,0.257464736700058,0.691134512424469,41.54542922973633,0.9930828213691711,0.000999973955448618
5,0.3650647699832916,0.3187949061393738,0.9253972172737122,55.627418518066406,0.9998688101768494,0.4604710042476654,1.075311303138733,64.63904571533203,0.40670543909072876,0.40670543909072876,1.0107874870300293,0.2916887104511261,0.25715866684913635,0.6906009316444397,41.51335906982422,0.9924584031105042,0.000999959305597653
6,0.36552342772483826,0.3192853629589081,0.9247613847255707,55.589195251464844,1.0007708668708801,0.4612495005130768,1.0743962526321411,64.58403015136719,0.40752968192100525,0.40752968192100525,1.0127429962158203,0.2914043366909027,0.2569069266319275,0.6899483799934387,41.47412872314453,0.9919557571411133,0.0009999414004287885
7,0.3652941733598709,0.31909509003162384,0.923981636762619,55.54232215881348,1.001031070947647,0.46142929792404175,1.0733141899108887,64.51898956298828,0.40776360034942627,0.40776360034942627,1.0133092403411865,0.29126548767089844,0.25680479407310486,0.6892141699790955,41.43000030517578,0.9917705059051514,0.0009999202400647444
8,0.36520910263061523,0.31905803084373474,0.9230215549468994,55.48461151123047,1.0010517835617065,0.46091094613075256,1.0720547437667847,64.44329071044922,0.4073082208633423,0.4073082208633423,1.0123329162597656,0.29122382402420044,0.25680306553840637,0.6884151101112366,41.3819694519043,0.991797685623169,0.0009998958246505512
9,0.36492379009723663,0.31882356107234955,0.9220045804977417,55.42348289489746,1.0005271434783936,0.46058088541030884,1.0703489780426025,64.34074401855469,0.40706342458724976,0.40706342458724976,1.0118415355682373,0.2911127507686615,0.2567465305328369,0.6873241662979126,41.31637954711914,0.9917225241661072,0.0009998681543535498
10,0.3646378815174103,0.3186172544956207,0.9204127192497253,55.327789306640625,1.000082015991211,0.4600204527378082,1.0681707859039307,64.20980834960938,0.40661191940307617,0.40661191940307617,1.0109009742736816,0.29101037979125977,0.25671154260635376,0.6859766840934753,41.23538589477539,0.9917025566101074,0.0009998372293633891
11,0.36451026797294617,0.31857894361019135,0.9186262786388397,55.22039794921875,0.999769002199173,0.4591200351715088,1.0653542280197144,64.0405044555664,0.4058523178100586,0.4058523178100586,1.0092451572418213,0.29096171259880066,0.2567492425441742,0.684249222278595,41.13154220581055,0.9918493628501892,0.000999803049892026
12,0.3639693409204483,0.3181668817996979,0.9160492420196533,55.06549263000488,0.9989348649978638,0.4585058391094208,1.061388611793518,63.8021240234375,0.4054363965988159,0.4054363965988159,1.0084609985351562,0.2907092571258545,0.25661712884902954,0.6818423867225647,40.98686218261719,0.9916682243347168,0.000999765616173722
13,0.36349086463451385,0.31785760819911957,0.9126651585102081,54.8620662689209,0.9983336925506592,0.45774132013320923,1.0559606552124023,63.47583770751953,0.4049432873725891,0.4049432873725891,1.0075817108154297,0.290341317653656,0.2564125061035156,0.6785763502120972,40.79053497314453,0.9913715124130249,0.000999724928465044
14,0.3629752844572067,0.31754378974437714,0.9086298644542694,54.619497299194336,0.9976739585399628,0.456672340631485,1.0484596490859985,63.02493667602539,0.404249370098114,0.404249370098114,1.0063388347625732,0.2898445129394531,0.25614142417907715,0.6740614771842957,40.51913833618164,0.9909847974777222,0.000999680987044861
15,0.36201615631580353,0.3169440031051636,0.9014430940151215,54.18748664855957,0.9965862035751343,0.4553646445274353,1.037961721420288,62.393890380859375,0.4034665524959564,0.4034665524959564,1.0051522254943848,0.2890435457229614,0.25565120577812195,0.6678467392921448,40.14555740356445,0.990196943283081,0.0009996337922143427
16,0.36107856035232544,0.3164873421192169,0.8918242454528809,53.60928726196289,0.9959074854850769,0.45407554507255554,1.0235862731933594,61.529747009277344,0.4028962254524231,0.4028962254524231,1.0048112869262695,0.2876923978328705,0.25472503900527954,0.6593472957611084,39.634639739990234,0.98858243227005,0.000999583344296957
17,0.3592841178178787,0.3152795284986496,0.8800915479660034,52.904008865356445,0.9940422475337982,0.45179063081741333,1.0045394897460938,60.38481521606445,0.4015636444091797,0.4015636444091797,1.0029306411743164,0.2861379086971283,0.25373703241348267,0.6480177640914917,38.95359802246094,0.9869399070739746,0.0009995296436384681
18,0.3569204807281494,0.3137286901473999,0.8638357222080231,51.926836013793945,0.9913613796234131,0.44884783029556274,0.977662205696106,58.769161224365234,0.39996472001075745,0.39996472001075745,1.0011024475097656,0.28374183177948,0.2521411180496216,0.6320145130157471,37.991615295410156,0.9842028021812439,0.0009994726906069349
19,0.35396699607372284,0.3118811547756195,0.8417167663574219,50.597219467163086,0.9886088371276855,0.444979727268219,0.9400497674942017,56.508216857910156,0.39797723293304443,0.39797723293304443,0.9992600679397583,0.2801640033721924,0.2496851086616516,0.6095775961875916,36.64289093017578,0.979897677898407,0.0009994124855927063
20,0.34902118146419525,0.30858562886714935,0.8087109923362732,48.61318397521973,0.9832742512226105,0.4392153024673462,0.8895224928855896,53.470916748046875,0.39473918080329895,0.39473918080329895,0.9957315921783447,0.2753092646598816,0.24633121490478516,0.5795607566833496,34.83851623535156,0.9739946722984314,0.0009993490290084214
21,0.3430652469396591,0.3045017123222351,0.7712708413600922,46.36258316040039,0.9766344726085663,0.4311971962451935,0.823624849319458,49.509681701660156,0.39001595973968506,0.39001595973968506,0.9904917478561401,0.26855581998825073,0.2415684163570404,0.5397483706474304,32.445316314697266,0.9654864072799683,0.0009992823212890045
22,0.3349580615758896,0.2990925908088684,0.7173094749450684,43.11886215209961,0.9668036103248596,0.42091813683509827,0.747434139251709,44.92971420288086,0.3835464417934418,0.3835464417934418,0.9834238290786743,0.259490430355072,0.23490649461746216,0.4916784465312958,29.555740356445312,0.9533153772354126,0.0009992123628916624
23,0.3238430619239807,0.2907371297478676,0.6621187031269073,39.80123519897461,0.9535472095012665,0.4084457457065582,0.6849339008331299,41.172698974609375,0.3741990625858307,0.3741990625858307,0.9721052646636963,0.2485470324754715,0.2262880653142929,0.4451793134212494,26.760589599609375,0.9370269775390625,0.0009991391542958825
24,0.3111473619937897,0.2800654321908951,0.6216386556625366,37.36790466308594,0.9335857033729553,0.396975576877594,0.6932458281517029,41.6723518371582,0.36231327056884766,0.36231327056884766,0.9577152729034424,0.23637185990810394,0.2151869237422943,0.42369869351387024,25.46935272216797,0.9149045348167419,0.000999062696003428
25,0.30049076676368713,0.2677822709083557,0.6541699171066284,39.323418617248535,0.9095786809921265,0.3902110159397125,0.8362966179847717,50.27140808105469,0.3483961820602417,0.3483961820602417,0.9396539926528931,0.22583305835723877,0.20285359025001526,0.4595892131328583,27.62679672241211,0.8885877132415771,0.0009989829885383356
26,0.2916604280471802,0.2548714950680733,0.7357787787914276,44.229087829589844,0.8839405179023743,0.38030651211738586,0.9313429594039917,55.984825134277344,0.33373937010765076,0.33373937010765076,0.9176628589630127,0.21653181314468384,0.19204777479171753,0.4896806478500366,29.435649871826172,0.8634610176086426,0.0009989000324469113
27,0.2831552177667618,0.24446309357881546,0.7738426029682159,46.51717567443848,0.8614656925201416,0.364246666431427,0.8292948007583618,49.85050964355469,0.32278192043304443,0.32278192043304443,0.9006550312042236,0.20598691701889038,0.18365159630775452,0.44670629501342773,26.852378845214844,0.8435463905334473,0.000998813828297727
28,0.2737717926502228,0.23928317427635193,0.6897723376750946,41.46354866027832,0.8470981419086456,0.3440804183483124,0.626309871673584,37.6486930847168,0.3127649128437042,0.3127649128437042,0.8825513124465942,0.19635573029518127,0.1779594123363495,0.36792629957199097,22.116762161254883,0.8299457430839539,0.0009987243766816161
29,0.2622060775756836,0.233822301030159,0.5676755160093307,34.12407112121582,0.8350652754306793,0.32827627658843994,0.45994406938552856,27.648130416870117,0.30527907609939575,0.30527907609939575,0.8699653148651123,0.187570720911026,0.1724415272474289,0.3025837540626526,18.18889617919922,0.8172512650489807,0.0009986316782116702
30,0.2540982812643051,0.23063357174396515,0.4692941755056381,28.210180282592773,0.826124519109726,0.3158006966114044,0.3724234998226166,22.38709831237793,0.29717952013015747,0.29717952013015747,0.8577864766120911,0.178280770778656,0.1651134341955185,0.2633466422557831,15.830275535583496,0.8004055619239807,0.0009985357335232344
31,0.24558377265930176,0.2247818112373352,0.4160390943288803,25.008917808532715,0.8141942322254181,0.30581554770469666,0.33065125346183777,19.87608528137207,0.28928297758102417,0.28928297758102417,0.8486096858978271,0.16799218952655792,0.15588152408599854,0.24221332371234894,14.559910774230957,0.7788205742835999,0.0009984365432739021
32,0.23803184181451797,0.21813379228115082,0.39796096086502075,23.922203063964844,0.7997479736804962,0.29834556579589844,0.3154464662075043,18.962095260620117,0.28257325291633606,0.28257325291633606,0.8424650430679321,0.1583024114370346,0.14665690064430237,0.23291029036045074,14.000686645507812,0.7570821046829224,0.0009983341081435128
33,0.23083516210317612,0.2113962024450302,0.3887791335582733,23.37026596069336,0.7850828468799591,0.29037347435951233,0.29977843165397644,18.020263671875,0.2753845453262329,0.2753845453262329,0.8334411382675171,0.15085716545581818,0.13964569568634033,0.2242293357849121,13.478859901428223,0.7406607866287231,0.0009982284288341454
34,0.22555740922689438,0.20659416913986206,0.3792647123336792,22.7983341217041,0.775059700012207,0.2857760787010193,0.2756388485431671,16.569185256958008,0.27199414372444153,0.27199414372444153,0.8316588401794434,0.145081028342247,0.13489440083503723,0.20373255014419556,12.246756553649902,0.7303844690322876,0.0009981195060701138
35,0.22183683514595032,0.20387057960033417,0.3593251407146454,21.599729537963867,0.7720543742179871,0.28268808126449585,0.2562762498855591,15.405261993408203,0.2698742747306824,0.2698742747306824,0.8301805257797241,0.1412709355354309,0.13239538669586182,0.17751085758209229,10.670520782470703,0.725214958190918,0.0009980073405979624
36,0.2191496416926384,0.20256148278713226,0.3317631930112839,19.942927360534668,0.770647794008255,0.2796145975589752,0.2446490377187729,14.706327438354492,0.2673821449279785,0.2673821449279785,0.8244578838348389,0.13959646224975586,0.1320013552904129,0.15190209448337555,9.131128311157227,0.7220913767814636,0.000997891933186461
37,0.21741767972707748,0.20214571803808212,0.30543919652700424,18.36054039001465,0.7708294093608856,0.2797791659832001,0.23694700002670288,14.243343353271484,0.26793181896209717,0.26793181896209717,0.8256093263626099,0.13922622799873352,0.13225781917572021,0.13936816155910492,8.377689361572266,0.7216405272483826,0.000997773284626599
38,0.214996837079525,0.2007935494184494,0.28406575322151184,17.075741291046143,0.7689089477062225,0.276497483253479,0.2308368980884552,13.87605094909668,0.26495563983917236,0.26495563983917236,0.8172029852867126,0.13982346653938293,0.13318011164665222,0.1328672170639038,7.986904621124268,0.7214155197143555,0.0009976513957315803
39,0.21205194294452667,0.19859444350004196,0.2691499665379524,16.179123878479004,0.7610834240913391,0.2729375660419464,0.22245371341705322,13.372122764587402,0.2618148922920227,0.2618148922920227,0.8108930587768555,0.13937994837760925,0.13269440829753876,0.13371095061302185,8.03762435913086,0.720348596572876,0.0009975262673368177
40,0.2113197296857834,0.1981649473309517,0.2630956768989563,15.815190315246582,0.7556562423706055,0.27022525668144226,0.21574227511882782,12.968687057495117,0.259438157081604,0.259438157081604,0.8056018352508545,0.13957421481609344,0.13279542326927185,0.13557596504688263,8.149733543395996,0.7204406261444092,0.0009973979002999274
41,0.20768388360738754,0.19472121447324753,0.2592533603310585,15.584220886230469,0.7481950521469116,0.2703700065612793,0.21665237843990326,13.023393630981445,0.25953739881515503,0.25953739881515503,0.8082295656204224,0.13896450400352478,0.1318075954914093,0.1431380659341812,8.604305267333984,0.7186659574508667,0.0009972662955007225
42,0.20609817653894424,0.1927875056862831,0.266213521361351,16.002609252929688,0.7442789673805237,0.2723521590232849,0.2296089082956314,13.80223560333252,0.2608717083930969,0.2608717083930969,0.8138861656188965,0.13906490802764893,0.1314326673746109,0.15264470875263214,9.175768852233887,0.7185791730880737,0.000997131453841208
43,0.2040087878704071,0.19074152410030365,0.2653452977538109,15.95041799545288,0.7436478435993195,0.27469828724861145,0.23780184984207153,14.29472827911377,0.2628082036972046,0.2628082036972046,0.8189898729324341,0.14009174704551697,0.1324903964996338,0.15202707052230835,9.138640403747559,0.7216204404830933,0.0009969933762455727
44,0.20280834287405014,0.18968629091978073,0.2624409347772598,15.775833129882812,0.7434117794036865,0.273528516292572,0.23941729962825775,14.391837120056152,0.2615576386451721,0.2615576386451721,0.8162420988082886,0.14053669571876526,0.13310451805591583,0.14864346385002136,8.935245513916016,0.7235527038574219,0.0009968520636601855
45,0.20134807378053665,0.18871492892503738,0.2526629641652107,15.188059329986572,0.7401173114776611,0.27198556065559387,0.24125540256500244,14.50232982635498,0.2599228024482727,0.2599228024482727,0.8121262788772583,0.1414591372013092,0.13410121202468872,0.14715859293937683,8.845987319946289,0.7255122661590576,0.0009967075170535873
46,0.19972574710845947,0.1874583661556244,0.24534770101308823,14.748324871063232,0.7369022965431213,0.27015528082847595,0.24745053052902222,14.87472915649414,0.2577827572822571,0.2577827572822571,0.8065674304962158,0.14277665317058563,0.13536465167999268,0.14824002981185913,8.910994529724121,0.7269667983055115,0.000996559737416484
47,0.19970960170030594,0.18751227110624313,0.24394652992486954,14.664097309112549,0.7357125282287598,0.26853153109550476,0.2552222013473511,15.341897964477539,0.25577041506767273,0.25577041506767273,0.8011674880981445,0.14459146559238434,0.13709425926208496,0.14994408190250397,9.013427734375,0.7292250394821167,0.0009964087257617405
48,0.1978459507226944,0.1858341321349144,0.24023645371198654,14.44107723236084,0.7318672835826874,0.2688959538936615,0.256220281124115,15.401897430419922,0.25608494877815247,0.25608494877815247,0.8026134967803955,0.14515554904937744,0.13775275647640228,0.14805571734905243,8.89991569519043,0.7301235795021057,0.0009962544831243743
49,0.1971777379512787,0.1853192001581192,0.23717088252305984,14.256800651550293,0.731886476278305,0.2688022553920746,0.2577439248561859,15.493487358093262,0.2559150457382202,0.2559150457382202,0.8046286106109619,0.14428701996803284,0.1369156837463379,0.14742685854434967,8.862112998962402,0.7295519113540649,0.0009960970105615467
50,0.19575370103120804,0.18388330191373825,0.23740798234939575,14.271052837371826,0.7298048734664917,0.26751527190208435,0.26314038038253784,15.817878723144531,0.2543582618236542,0.2543582618236542,0.8031120300292969,0.14328928291797638,0.13580986857414246,0.14958830177783966,8.992042541503906,0.7280526161193848,0.0009959363091525573
51,0.19480761885643005,0.18276335299015045,0.24088536947965622,14.480085372924805,0.7278188467025757,0.266818642616272,0.26671865582466125,16.032974243164062,0.2534826993942261,0.2534826993942261,0.8025339841842651,0.1428493857383728,0.1352735459804535,0.15151682496070862,9.107969284057617,0.7274535894393921,0.0009957723799988354
52,0.19398283958435059,0.18195976316928864,0.2404615506529808,14.45460844039917,0.7260540425777435,0.2665885388851166,0.2685311734676361,16.14192771911621,0.2531619668006897,0.2531619668006897,0.8027766942977905,0.14322707056999207,0.13572584092617035,0.15002451837062836,9.018263816833496,0.7283234000205994,0.000995605224223933
53,0.19270636141300201,0.18092039227485657,0.2357194572687149,14.169552326202393,0.7251689732074738,0.2645615339279175,0.26976048946380615,16.215824127197266,0.2510735094547272,0.2510735094547272,0.7977702617645264,0.14327473938465118,0.13594362139701843,0.14662222564220428,8.813745498657227,0.7281341552734375,0.0009954348429735173
54,0.19151509553194046,0.18000323325395584,0.23023729771375656,13.840009212493896,0.7214821875095367,0.2636362910270691,0.2761251628398895,16.598417282104492,0.24983003735542297,0.24983003735542297,0.7949313521385193,0.14359331130981445,0.13637730479240417,0.1443200260400772,8.675355911254883,0.7282932996749878,0.000995261237415362
55,0.1912088617682457,0.1798333376646042,0.22751055657863617,13.676099300384521,0.720708817243576,0.2636694014072418,0.2834518551826477,17.038841247558594,0.24949681758880615,0.24949681758880615,0.7940376996994019,0.14470826089382172,0.1376420557498932,0.14132404327392578,8.495261192321777,0.7298692464828491,0.0009950844087393406
56,0.18993546813726425,0.17870506644248962,0.22460804879665375,13.50162410736084,0.7181031405925751,0.26232779026031494,0.28978630900382996,17.41961669921875,0.24783848226070404,0.24783848226070404,0.7909173965454102,0.14347286522388458,0.136634960770607,0.13675802946090698,8.220788955688477,0.7283394932746887,0.0009949043581574167
57,0.18908312916755676,0.17806831747293472,0.2202962189912796,13.242432117462158,0.7162525057792664,0.26351675391197205,0.29257482290267944,17.587238311767578,0.24888800084590912,0.24888800084590912,0.7948664426803589,0.14292800426483154,0.13634753227233887,0.13160933554172516,7.911291122436523,0.7286688089370728,0.000994721086903637
58,0.1876758635044098,0.1768408715724945,0.2166999727487564,13.026255130767822,0.7152718305587769,0.26299718022346497,0.3007631003856659,18.079452514648438,0.24795903265476227,0.24795903265476227,0.793670654296875,0.14176109433174133,0.13521991670131683,0.13082347810268402,7.864051818847656,0.7269942164421082,0.0009945345962341218
59,0.18637178093194962,0.17554084956645966,0.21661868691444397,13.021368980407715,0.7123762965202332,0.2622443735599518,0.30686721205711365,18.446378707885742,0.2469010204076767,0.2469010204076767,0.7927510738372803,0.14034703373908997,0.13382549583911896,0.13043086230754852,7.840450763702393,0.7249640226364136,0.0009943448874270577
60,0.18577519059181213,0.17481648176908493,0.21917421370744705,13.174986362457275,0.7112391591072083,0.2625049650669098,0.31426185369491577,18.890888214111328,0.24679188430309296,0.24679188430309296,0.7936404943466187,0.1401306539773941,0.13353991508483887,0.13181470334529877,7.923637390136719,0.7243610620498657,0.0009941519617826875
61,0.1845654994249344,0.17352253943681717,0.22085921466350555,13.276275157928467,0.7095303535461426,0.2616165280342102,0.31829994916915894,19.133625030517578,0.24570152163505554,0.24570152163505554,0.7921061515808105,0.13968977332115173,0.1331002563238144,0.13179044425487518,7.922178268432617,0.7233991622924805,0.0009939558206233019
62,0.1844843477010727,0.17318657785654068,0.22595533728599548,13.582612037658691,0.7071346044540405,0.2587421238422394,0.32438424229621887,19.499364852905273,0.2425229251384735,0.2425229251384735,0.7850997447967529,0.1389036774635315,0.1322900950908661,0.13227154314517975,7.9510979652404785,0.7213473320007324,0.0009937564652932305
63,0.18285588175058365,0.17174813151359558,0.2221549078822136,13.354161262512207,0.7028674483299255,0.2580258250236511,0.3151753842830658,18.94580078125,0.24226704239845276,0.24226704239845276,0.7846424579620361,0.13996897637844086,0.13383536040782928,0.12267234921455383,7.374072551727295,0.7235662937164307,0.0009935538971588324
64,0.18204117566347122,0.17143576592206955,0.21210823953151703,12.75023603439331,0.7037139236927032,0.2590925395488739,0.3085519075393677,18.547651290893555,0.24366495013237,0.24366495013237,0.7893891334533691,0.14098045229911804,0.13522323966026306,0.11514423787593842,6.921542644500732,0.7265068292617798,0.0009933481176084868
65,0.18031304329633713,0.16995860636234283,0.20708877593278885,12.448506355285645,0.7027699947357178,0.2574317455291748,0.31211575865745544,18.761882781982422,0.24182596802711487,0.24182596802711487,0.7862699031829834,0.14127930998802185,0.1354907751083374,0.11577080190181732,6.959206581115723,0.7266466617584229,0.0009931391280525838
66,0.17942749708890915,0.16889894008636475,0.21057118475437164,12.65784215927124,0.6999413669109344,0.25525912642478943,0.32035645842552185,19.257246017456055,0.23924130201339722,0.23924130201339722,0.7823626399040222,0.1396973580121994,0.13368821144104004,0.120183065533638,7.2244367599487305,0.7240216732025146,0.0009929269299235144
67,0.17794910073280334,0.16731476038694382,0.21268682181835175,12.785016059875488,0.696831464767456,0.25465524196624756,0.32025882601737976,19.25137710571289,0.23864229023456573,0.23864229023456573,0.7829505205154419,0.1391087919473648,0.13311010599136353,0.11997368931770325,7.211851119995117,0.7237409353256226,0.0009927115246756608
68,0.1769115999341011,0.1662076860666275,0.21407829225063324,12.86866044998169,0.6963056027889252,0.25367432832717896,0.3239200711250305,19.471464157104492,0.2374783158302307,0.2374783158302307,0.7817121744155884,0.14010289311408997,0.13392312824726105,0.12359534949064255,7.4295549392700195,0.7253411412239075,0.0009924929137853865
69,0.17552483081817627,0.16481737792491913,0.21414905041456223,12.872913360595703,0.6942692399024963,0.2525791525840759,0.3196690082550049,19.21592140197754,0.23659570515155792,0.23659570515155792,0.7808409929275513,0.14013606309890747,0.13405248522758484,0.1216716319322586,7.313917636871338,0.7259774804115295,0.0009922710987510263
70,0.17428307235240936,0.1636851504445076,0.21195848286151886,12.741234302520752,0.6909287571907043,0.24963721632957458,0.31921568512916565,19.188669204711914,0.23367643356323242,0.23367643356323242,0.7750475406646729,0.1386169046163559,0.1325472891330719,0.12139227986335754,7.29712438583374,0.723699152469635,0.0009920460810928752
71,0.17289999127388,0.16228172928094864,0.2123652771115303,12.765687465667725,0.6854672431945801,0.24714244902133942,0.32110482454299927,19.30223274230957,0.23108720779418945,0.23108720779418945,0.7695898413658142,0.13885021209716797,0.1327429562807083,0.1221451610326767,7.342381954193115,0.7241477966308594,0.000991817862353179
72,0.17172281444072723,0.161202535033226,0.21040567010641098,12.647892475128174,0.68152916431427,0.24579137563705444,0.3171510398387909,19.06456184387207,0.22993382811546326,0.22993382811546326,0.7678737044334412,0.13982227444648743,0.1338847577571869,0.11875028908252716,7.138309955596924,0.7265375256538391,0.0009915864440961236
73,0.17123594135046005,0.16071873158216476,0.21034418046474457,12.644195079803467,0.6788615882396698,0.24408026039600372,0.3187486231327057,19.16059684753418,0.22814282774925232,0.22814282774925232,0.7646868228912354,0.13999390602111816,0.13403597474098206,0.11915851384401321,7.162848472595215,0.7272663116455078,0.0009913518279078238
74,0.16948355734348297,0.15926200151443481,0.2044309824705124,12.288742065429688,0.6805837452411652,0.24642369151115417,0.3117709457874298,18.741153717041016,0.23083513975143433,0.23083513975143433,0.7735233306884766,0.14274710416793823,0.13679440319538116,0.11905393749475479,7.156561374664307,0.7339866757392883,0.0009911140153963127
75,0.16768402606248856,0.15780183672904968,0.19764380902051926,11.880751609802246,0.6804415881633759,0.24666351079940796,0.31381136178970337,18.863807678222656,0.23097294569015503,0.23097294569015503,0.774997353553772,0.14471852779388428,0.13850727677345276,0.12422497570514679,7.467403411865234,0.7378803491592407,0.0009908730081915308
76,0.16675202548503876,0.15687471628189087,0.19754624366760254,11.874886989593506,0.6813159883022308,0.2463570237159729,0.3212125897407532,19.308712005615234,0.23029638826847076,0.23029638826847076,0.7755827903747559,0.1440984010696411,0.1374865025281906,0.1322380155324936,7.949082851409912,0.7375312447547913,0.000990628807945314
77,0.1652456745505333,0.15484369546175003,0.2080395445227623,12.505658626556396,0.6753215491771698,0.24427790939807892,0.34548133611679077,20.767553329467773,0.22700384259223938,0.22700384259223938,0.7688083648681641,0.1447639912366867,0.13718517124652863,0.15157626569271088,9.111543655395508,0.7366236448287964,0.000990381416331384
78,0.1637657880783081,0.15257682651281357,0.2237791270017624,13.451797008514404,0.6677301526069641,0.24212546646595,0.3498604893684387,21.030790328979492,0.22463244199752808,0.22463244199752808,0.7637009620666504,0.14404937624931335,0.13639484345912933,0.15309059619903564,9.202571868896484,0.7356511950492859,0.0009901308350453348
79,0.16311979293823242,0.15217114984989166,0.21897298097610474,13.162888526916504,0.6648404598236084,0.24162638187408447,0.3352753221988678,20.154048919677734,0.22486262023448944,0.22486262023448944,0.7646753787994385,0.14622828364372253,0.1391613632440567,0.1413383185863495,8.49612045288086,0.741343080997467,0.0009898770658046227
80,0.16146106272935867,0.15136897563934326,0.20184173434972763,12.133097171783447,0.6640258431434631,0.24224795401096344,0.32761645317077637,19.69365882873535,0.2258671373128891,0.2258671373128891,0.7685241103172302,0.14671026170253754,0.14000308513641357,0.13414357602596283,8.063630104064941,0.7448514103889465,0.0009896201103485537
81,0.16051150113344193,0.1507280096411705,0.19566981494426727,11.76209020614624,0.6632194817066193,0.24040193855762482,0.34374040365219116,20.662900924682617,0.22321492433547974,0.22321492433547974,0.7635157108306885,0.14645493030548096,0.13920453190803528,0.1450078934431076,8.716703414916992,0.7440811395645142,0.0009893599704382716
82,0.15968595445156097,0.149641215801239,0.20089484751224518,12.076177597045898,0.6576698124408722,0.23895519971847534,0.36955589056015015,22.2147216796875,0.2204774022102356,0.2204774022102356,0.7585630416870117,0.14648288488388062,0.13837534189224243,0.16215087473392487,9.74720287322998,0.7437009811401367,0.0009890966478567462
83,0.1586296632885933,0.14783059060573578,0.21598144620656967,12.983063220977783,0.6531552970409393,0.23931333422660828,0.3816872835159302,22.94396209716797,0.22022897005081177,0.22022897005081177,0.7580347061157227,0.14982281625270844,0.141122967004776,0.17399705946445465,10.45930004119873,0.7491487860679626,0.000988830144408761
84,0.15699037909507751,0.14651113748550415,0.20958490669727325,12.598553657531738,0.6506866812705994,0.24114716053009033,0.3672412633895874,22.07558250427246,0.2227851003408432,0.2227851003408432,0.7651270627975464,0.15194202959537506,0.14378897845745087,0.16306108236312866,9.80191707611084,0.7555664777755737,0.0009885604619209007
85,0.15632175654172897,0.14681702852249146,0.19009462743997574,11.426955699920654,0.6579479873180389,0.24413269758224487,0.356915682554245,21.454891204833984,0.22628691792488098,0.22628691792488098,0.7754983901977539,0.154281884431839,0.1462465077638626,0.16070741415023804,9.660431861877441,0.7633742094039917,0.0009882876022415392
86,0.1548437625169754,0.14519905298948288,0.1928941011428833,11.59523630142212,0.6590232253074646,0.24232496321201324,0.3831288814544678,23.03061866760254,0.2231685221195221,0.2231685221195221,0.7695461511611938,0.1571061909198761,0.1480940282344818,0.1802433580160141,10.83477783203125,0.7671146392822266,0.0009880115672408262
87,0.15377572923898697,0.14344017580151558,0.20671112835407257,12.425805568695068,0.653648853302002,0.24133864045143127,0.4066735804080963,24.44593620300293,0.22100496292114258,0.22100496292114258,0.7656243443489075,0.15964826941490173,0.14967003464698792,0.1995646059513092,11.996214866638184,0.7708879709243774,0.0009877323588106742
88,0.15296844393014908,0.14193890988826752,0.22059080749750137,13.26013994216919,0.6466245055198669,0.23866091668605804,0.41733163595199585,25.086610794067383,0.21779432892799377,0.21779432892799377,0.757347583770752,0.1580529510974884,0.1482909619808197,0.19523972272872925,11.736237525939941,0.7674127221107483,0.0009874499788647467
89,0.15134385600686073,0.14084723219275475,0.20993246883153915,12.619446754455566,0.6387003064155579,0.2367241531610489,0.3957173526287079,23.787336349487305,0.21693828701972961,0.21693828701972961,0.7557061314582825,0.15369440615177155,0.14523321390151978,0.1692238301038742,10.172371864318848,0.7627061009407043,0.0009871644293384444
90,0.15203825384378433,0.14272579550743103,0.1862492561340332,11.195802688598633,0.6474047601222992,0.2386631816625595,0.38013187050819397,22.850460052490234,0.2196565866470337,0.2196565866470337,0.7650246024131775,0.15372109413146973,0.14561359584331512,0.16215002536773682,9.747150421142578,0.7670392990112305,0.0009868757121888917
91,0.14966334402561188,0.14066586270928383,0.17994964867830276,10.817121028900146,0.6451879143714905,0.23621663451194763,0.40152180194854736,24.13625144958496,0.2161405384540558,0.2161405384540558,0.7570140361785889,0.15540209412574768,0.14634951949119568,0.18105147778987885,10.883354187011719,0.7675068378448486,0.0009865838293949237
92,0.14853965863585472,0.13888131082057953,0.19316697865724564,11.611640930175781,0.6378727853298187,0.23648953437805176,0.4261208176612854,25.614946365356445,0.21518349647521973,0.21518349647521973,0.7546262145042419,0.16174675524234772,0.15157772600650787,0.20338058471679688,12.225600242614746,0.7769185304641724,0.0009862887829570723
93,0.14803245291113853,0.13817255198955536,0.1971980407834053,11.853955268859863,0.6364009380340576,0.2377348691225052,0.4128471910953522,24.817041397094727,0.21709251403808594,0.21709251403808594,0.7580621242523193,0.16437029838562012,0.15464961528778076,0.19441361725330353,11.686577796936035,0.78160160779953,0.000985990574897553
94,0.14578381180763245,0.13625793904066086,0.19051752984523773,11.45237684249878,0.6342789530754089,0.23672832548618317,0.403423935174942,24.250593185424805,0.21655713021755219,0.21655713021755219,0.7591606974601746,0.16087639331817627,0.15156430006027222,0.18624188005924225,11.19536018371582,0.7783850431442261,0.00098568920726025
95,0.1447586491703987,0.13550542294979095,0.18506452441215515,11.124585628509521,0.6340636610984802,0.23632369935512543,0.3990647792816162,23.988554000854492,0.21637046337127686,0.21637046337127686,0.7598466873168945,0.1578981876373291,0.14877671003341675,0.18242967128753662,10.966200828552246,0.7744197845458984,0.0009853846821107036
96,0.14434172958135605,0.1353619247674942,0.17959606647491455,10.795865535736084,0.6372298002243042,0.23615622520446777,0.3990723192691803,23.9890079498291,0.21620260179042816,0.21620260179042816,0.7608997821807861,0.1566259115934372,0.14745260775089264,0.1834661215543747,11.02850341796875,0.7736434936523438,0.000985077001536095
97,0.1423748955130577,0.13342290371656418,0.17903980612754822,10.762428283691406,0.6317496001720428,0.2343551367521286,0.4141958951950073,24.898117065429688,0.213645339012146,0.213645339012146,0.7538016438484192,0.15788757801055908,0.14823481440544128,0.19305528700351715,11.604926109313965,0.7735762596130371,0.0009847661676452323
98,0.14181707426905632,0.1326405070722103,0.18353136628866196,11.032424449920654,0.6279685497283936,0.23498453199863434,0.41997289657592773,25.245384216308594,0.2139858901500702,0.2139858901500702,0.7554098963737488,0.16228458285331726,0.15213587880134583,0.20297415554523468,12.20116901397705,0.7817358374595642,0.0009844521825685365
99,0.14058420807123184,0.1314893439412117,0.18189721554517746,10.93419361114502,0.6278977394104004,0.23562031984329224,0.41792258620262146,25.122133255004883,0.21472419798374176,0.21472419798374176,0.7578160762786865,0.1672339141368866,0.15688951313495636,0.2068878710269928,12.436429977416992,0.7914507389068604,0.000984135048458026
100,0.139178104698658,0.13002959638834,0.18297018855810165,10.99869155883789,0.6212223172187805,0.23354849219322205,0.4245055317878723,25.517847061157227,0.21232321858406067,0.21232321858406067,0.7509238719940186,0.16757245361804962,0.15719521045684814,0.20754478871822357,12.475918769836426,0.7906270027160645,0.0009838147674873024
101,0.13812829554080963,0.12917253002524376,0.17911531031131744,10.7669677734375,0.6176111996173859,0.23311150074005127,0.4152183532714844,24.959577560424805,0.21235057711601257,0.21235057711601257,0.7508293390274048,0.1679479330778122,0.15807977318763733,0.19736328721046448,11.863889694213867,0.7924697399139404,0.0009834913418515358
102,0.13656380772590637,0.1279887855052948,0.17150046676397324,10.30922555923462,0.6165370941162109,0.23293544352054596,0.4125491678714752,24.799129486083984,0.21230798959732056,0.21230798959732056,0.7534583806991577,0.16653715074062347,0.15686126053333282,0.19351786375045776,11.632732391357422,0.7932027578353882,0.000983164773767449
103,0.13520453125238419,0.12673413008451462,0.16940796375274658,10.183440685272217,0.6200477182865143,0.23320944607257843,0.4160701334476471,25.010784149169922,0.21240593492984772,0.21240593492984772,0.7558099031448364,0.16680096089839935,0.1569811999797821,0.1963951289653778,11.805691719055176,0.7957252264022827,0.0009828350654733033
104,0.13461192697286606,0.12592192366719246,0.17380009591579437,10.44745922088623,0.620331197977066,0.2319498211145401,0.43041256070137024,25.8729305267334,0.21042919158935547,0.21042919158935547,0.752966046333313,0.16755318641662598,0.15702304244041443,0.2106030285358429,12.65975570678711,0.7980259656906128,0.0009825022192288823
105,0.13304756209254265,0.1239221803843975,0.18250758945941925,10.970884323120117,0.6140992343425751,0.22996655106544495,0.43025660514831543,25.863557815551758,0.2084537148475647,0.2084537148475647,0.7480490207672119,0.1663106083869934,0.15605668723583221,0.20507845282554626,12.327661514282227,0.7956133484840393,0.000982166237315477
106,0.13207658752799034,0.1231621503829956,0.17828874289989471,10.717280387878418,0.6123168468475342,0.2301567941904068,0.42158427834510803,25.34224510192871,0.20907758176326752,0.20907758176326752,0.7500303983688354,0.16649512946605682,0.15684722363948822,0.19295798242092133,11.599077224731445,0.7979644536972046,0.00098182712203587
107,0.1309591829776764,0.1223103366792202,0.17297697067260742,10.397980213165283,0.6104104220867157,0.2289297729730606,0.4261622428894043,25.617435455322266,0.20762166380882263,0.20762166380882263,0.7465251684188843,0.1662864238023758,0.15660977363586426,0.19353291392326355,11.633637428283691,0.7974790334701538,0.000981484875714319
108,0.12937664985656738,0.12090959399938583,0.169341079890728,10.179419994354248,0.6071804761886597,0.22970589995384216,0.42733854055404663,25.688146591186523,0.20833897590637207,0.20833897590637207,0.7479422092437744,0.17231547832489014,0.16255635023117065,0.1951827108860016,11.732810974121094,0.808367133140564,0.0009811395006965424
109,0.12859319895505905,0.1201544776558876,0.16877450048923492,10.145361423492432,0.6062289178371429,0.2300296574831009,0.4350464940071106,26.151485443115234,0.20827732980251312,0.20827732980251312,0.7469227313995361,0.17620843648910522,0.16611579060554504,0.20185282826423645,12.133763313293457,0.8136312961578369,0.0009807909993497016
110,0.1273483671247959,0.11889482289552689,0.16907092928886414,10.16318130493164,0.603254646062851,0.22957225143909454,0.430338054895401,25.868452072143555,0.20805534720420837,0.20805534720420837,0.7474944591522217,0.17584219574928284,0.16583773493766785,0.200089231133461,12.027750015258789,0.815345287322998,0.000980439374062386
111,0.12648367136716843,0.118300661444664,0.1636601760983467,9.83793020248413,0.6066579818725586,0.22888168692588806,0.4236399531364441,25.465818405151367,0.20769968628883362,0.20769968628883362,0.7489829659461975,0.17174066603183746,0.16196826100349426,0.19544798135757446,11.748757362365723,0.8120784759521484,0.0009800846272445959
112,0.12526772171258926,0.11706788465380669,0.16399665921926498,9.858156681060791,0.6025095880031586,0.2242148071527481,0.4315248727798462,25.939794540405273,0.20263856649398804,0.20263856649398804,0.7362716794013977,0.16612224280834198,0.15644842386245728,0.19347631931304932,11.630234718322754,0.8012445569038391,0.0009797267613277261
113,0.12363295629620552,0.11518916115164757,0.16887592524290085,10.151458263397217,0.5923923254013062,0.22370293736457825,0.4338705241680145,26.080795288085938,0.2020094096660614,0.2020094096660614,0.7338016033172607,0.16677653789520264,0.15725775063037872,0.1903756856918335,11.443851470947266,0.8019513487815857,0.0009793657787645499
114,0.12274079024791718,0.11420009657740593,0.17081380635499954,10.26794719696045,0.5873500108718872,0.22436685860157013,0.43078383803367615,25.895246505737305,0.20282766222953796,0.20282766222953796,0.7351350784301758,0.16842399537563324,0.15908116102218628,0.18685665726661682,11.232316017150879,0.8052717447280884,0.0009790016820292009
115,0.12059265747666359,0.11253409832715988,0.16117123514413834,9.68831491470337,0.5873850882053375,0.22633518278598785,0.42480897903442383,25.536090850830078,0.20509473979473114,0.20509473979473114,0.7416192293167114,0.17182038724422455,0.16270405054092407,0.18232659995555878,10.960003852844238,0.8136937618255615,0.0009786344736171578
116,0.1200282834470272,0.1121976263821125,0.15661311894655228,9.41431713104248,0.5921103656291962,0.22856558859348297,0.43099191784858704,25.907756805419922,0.2070159912109375,0.2070159912109375,0.7471290826797485,0.1781156063079834,0.16843724250793457,0.19356724619865417,11.635701179504395,0.8256928324699402,0.0009782641560452255
117,0.11927391216158867,0.11121948063373566,0.16108867526054382,9.683351993560791,0.5966935753822327,0.22932472825050354,0.44968169927597046,27.031234741210938,0.2068406492471695,0.2068406492471695,0.7473483085632324,0.18272577226161957,0.17199714481830597,0.21457256376743317,12.898372650146484,0.8343580961227417,0.0009778907318515194
118,0.11708839982748032,0.10860904306173325,0.1695871651172638,10.1942138671875,0.589391678571701,0.22642232477664948,0.45848822593688965,27.56061363220215,0.20349791646003723,0.20349791646003723,0.7387257218360901,0.17764076590538025,0.16714689135551453,0.2098774015903473,12.616137504577637,0.825527548789978,0.0009775142035954472
119,0.1171005554497242,0.10855171829462051,0.17097678780555725,10.27774429321289,0.582068681716919,0.22195863723754883,0.45076149702072144,27.096145629882812,0.19942055642604828,0.19942055642604828,0.7266446948051453,0.16813580691814423,0.1588752269744873,0.18521161377429962,11.133427619934082,0.8086409568786621,0.0009771345738576913
120,0.11470899730920792,0.10641588643193245,0.16586220264434814,9.970296859741211,0.5702275037765503,0.2213628888130188,0.43456241488456726,26.12238883972168,0.19963477551937103,0.19963477551937103,0.7277137637138367,0.1659688502550125,0.15728530287742615,0.17367097735404968,10.439699172973633,0.8062477111816406,0.0009767518452401915
121,0.11305948346853256,0.10526274889707565,0.15593472868204117,9.37353801727295,0.5709635615348816,0.22251200675964355,0.4254471957683563,25.57445526123047,0.20123964548110962,0.20123964548110962,0.7333980798721313,0.16859786212444305,0.1597234606742859,0.17748795449733734,10.669142723083496,0.811562180519104,0.0009763660203661267
122,0.1118571050465107,0.10416704416275024,0.15380129218101501,9.245293617248535,0.5740213394165039,0.2246258705854416,0.44055917859077454,26.482864379882812,0.20259791612625122,0.20259791612625122,0.7365344166755676,0.17840774357318878,0.1683867871761322,0.20041914284229279,12.04758358001709,0.8261131048202515,0.0009759771018798979
123,0.10966910794377327,0.10154303163290024,0.1625215783715248,9.769484519958496,0.569358229637146,0.225690096616745,0.4632507860660553,27.846900939941406,0.20252755284309387,0.20252755284309387,0.7352520227432251,0.1831110119819641,0.17200243473052979,0.22217145562171936,13.355155944824219,0.8326133489608765,0.0009755850924471081
124,0.10845665261149406,0.09988804906606674,0.17137212306261063,10.301508903503418,0.5656983554363251,0.22440578043460846,0.4692799150943756,28.209325790405273,0.2009417861700058,0.2009417861700058,0.7305151224136353,0.180372953414917,0.16949361562728882,0.2175866812467575,13.079556465148926,0.8290894031524658,0.0009751899947545466
125,0.1071273684501648,0.09896223247051239,0.16330266371369362,9.816438913345337,0.5669319033622742,0.22366175055503845,0.4538503885269165,27.281822204589844,0.20096923410892487,0.20096923410892487,0.7322655916213989,0.17733892798423767,0.16731321811676025,0.20051425695419312,12.053297996520996,0.8283891081809998,0.0009747918115101687
126,0.10611279308795929,0.09831821918487549,0.15589149296283722,9.370939254760742,0.565004289150238,0.222126767039299,0.4619811177253723,27.770578384399414,0.19902771711349487,0.19902771711349487,0.7267897129058838,0.17416664958000183,0.16418462991714478,0.19964046776294708,12.000774383544922,0.8234031796455383,0.0009743905454430774
127,0.10368308424949646,0.09569139033555984,0.1598338857293129,9.607924461364746,0.5547620058059692,0.22174499928951263,0.5022380352020264,30.190500259399414,0.19663310050964355,0.19663310050964355,0.7152369022369385,0.1730838567018509,0.16216307878494263,0.21841548383235931,13.129377365112305,0.8159739375114441,0.0009739861993035058
128,0.10290401428937912,0.09431430697441101,0.17179414629936218,10.326879024505615,0.5428563058376312,0.22278346121311188,0.505715548992157,30.399539947509766,0.1974976807832718,0.1974976807832718,0.7144186496734619,0.17446883022785187,0.16322410106658936,0.2248947024345398,13.518856048583984,0.8149552941322327,0.0009735787758627971
129,0.10060637071728706,0.09240422397851944,0.16404296457767487,9.860939979553223,0.5440678298473358,0.22406375408172607,0.4834122657775879,29.058847427368164,0.19989314675331116,0.19989314675331116,0.7250277996063232,0.17829015851020813,0.16725686192512512,0.2206658273935318,13.264650344848633,0.8246051073074341,0.0009731682779133855
130,0.09941788390278816,0.09160656109452248,0.1562264859676361,9.391075611114502,0.5485895574092865,0.22462493181228638,0.48859670758247375,29.37049102783203,0.2001950889825821,0.2001950889825821,0.7258027791976929,0.18040046095848083,0.16911306977272034,0.2257479578256607,13.570147514343262,0.8287680149078369,0.0009727547082687784
131,0.09695972502231598,0.0891682431101799,0.15582964569330215,9.367221355438232,0.5435551404953003,0.22367452085018158,0.5192452669143677,31.21283531188965,0.1977122575044632,0.1977122575044632,0.7169156670570374,0.17947272956371307,0.16718170046806335,0.2458205670118332,14.776750564575195,0.8256330490112305,0.0009723380697635356
132,0.09470278397202492,0.0861482173204422,0.17109132558107376,10.28463077545166,0.529034823179245,0.2258031964302063,0.5596716403961182,33.6429443359375,0.19781962037086487,0.19781962037086487,0.7110099792480469,0.18043135106563568,0.16708004474639893,0.26702621579170227,16.051462173461914,0.8238980770111084,0.0009719183652532508
133,0.09398970752954483,0.085008904337883,0.1796160563826561,10.797069072723389,0.5258872658014297,0.2250055968761444,0.5558085441589355,33.41072463989258,0.19721516966819763,0.19721516966819763,0.7112337350845337,0.1779242902994156,0.1650986671447754,0.2565123438835144,15.419454574584961,0.8202788829803467,0.0009714955976145317
134,0.09112507849931717,0.08304322138428688,0.16163717210292816,9.716323375701904,0.5209657251834869,0.22211946547031403,0.539782702922821,32.4473876953125,0.1951303333044052,0.1951303333044052,0.7090745568275452,0.1715027093887329,0.159216970205307,0.2457147091627121,14.7703857421875,0.8111485242843628,0.0009710697697449805
135,0.08972766250371933,0.08188607543706894,0.1568317487835884,9.427460193634033,0.5205333679914474,0.22127602994441986,0.5520675182342529,33.18584442138672,0.19367265701293945,0.19367265701293945,0.7055610418319702,0.17080138623714447,0.15814822912216187,0.25306323170661926,15.21212100982666,0.8093274831771851,0.0009706408845631738
136,0.08845217153429985,0.08030760288238525,0.16289137303829193,9.7917160987854,0.5193384289741516,0.22560474276542664,0.5949901938438416,35.76600646972656,0.19585523009300232,0.19585523009300232,0.7071444988250732,0.17685911059379578,0.1627788543701172,0.2816051244735718,16.92782974243164,0.815179705619812,0.0009702089450086423
137,0.08794287219643593,0.07921599596738815,0.17453748732805252,10.491786003112793,0.5157551318407059,0.2280595451593399,0.6334909796714783,38.08036804199219,0.196384996175766,0.196384996175766,0.7002478241920471,0.17596425116062164,0.16120882332324982,0.295108437538147,17.739538192749023,0.8092918992042542,0.0009697739540418514
138,0.08494522422552109,0.07641948014497757,0.17051488161087036,10.249979496002197,0.5045170783996582,0.22310425341129303,0.6161868572235107,37.04018020629883,0.1922949105501175,0.1922949105501175,0.6979490518569946,0.1721259206533432,0.15790513157844543,0.28441575169563293,17.09678077697754,0.8077737092971802,0.0009693359146441808
139,0.08256082609295845,0.07443193718791008,0.16257783770561218,9.772867202758789,0.5048729181289673,0.22249403595924377,0.6197754144668579,37.25590133666992,0.19150526821613312,0.19150526821613312,0.6975343227386475,0.173071950674057,0.15865212678909302,0.2883963882923126,17.336063385009766,0.8114348649978638,0.0009688948298179032
140,0.08119944110512733,0.07295507565140724,0.16488727182149887,9.91169261932373,0.5031964480876923,0.22701406478881836,0.6584262251853943,39.57927322387695,0.1940927505493164,0.1940927505493164,0.6975072026252747,0.17843042314052582,0.1623411774635315,0.3217847943305969,19.34310531616211,0.8154186010360718,0.0009684507025861646
141,0.07961414009332657,0.07084806635975838,0.17532149702310562,10.538913249969482,0.49631334841251373,0.22766710817813873,0.6888791918754578,41.40986251831055,0.19322314858436584,0.19322314858436584,0.6922169327735901,0.1743704229593277,0.15793156623840332,0.3287772536277771,19.76343536376953,0.8048459887504578,0.0009680035359929635
142,0.07765379175543785,0.06900016218423843,0.17307264357805252,10.403731346130371,0.4910748600959778,0.22243273258209229,0.6722109317779541,40.40790557861328,0.1888221800327301,0.1888221800327301,0.6864595413208008,0.16717423498630524,0.15112191438674927,0.32104629278182983,19.29871368408203,0.7941986322402954,0.0009675533331031295
143,0.07653218880295753,0.06835530698299408,0.1635376662015915,9.830564498901367,0.4902152717113495,0.22133755683898926,0.6721751689910889,40.40574645996094,0.18772879242897034,0.18772879242897034,0.6825435161590576,0.16102086007595062,0.1452541947364807,0.31533339619636536,18.95530128479004,0.7794961333274841,0.0009671000970023028
144,0.07406261935830116,0.06607269123196602,0.15979858487844467,9.605802059173584,0.4828125238418579,0.2221333086490631,0.6894441843032837,41.44382095336914,0.1876610964536667,0.1876610964536667,0.6832045912742615,0.1654241532087326,0.14871135354042053,0.334256112575531,20.09278106689453,0.7863251566886902,0.000966643830796913
145,0.0732668973505497,0.06483766622841358,0.16858460754156113,10.133946418762207,0.47973015904426575,0.2251061648130417,0.7225660085678101,43.43484115600586,0.18897786736488342,0.18897786736488342,0.682872474193573,0.17030708491802216,0.15186837315559387,0.36877429485321045,22.16773796081543,0.7915443181991577,0.0009661845376141577
146,0.07167886197566986,0.06284042447805405,0.1767687276005745,10.625910758972168,0.47356070578098297,0.22520838677883148,0.721075713634491,43.34525680541992,0.18915459513664246,0.18915459513664246,0.6843428611755371,0.17177125811576843,0.15355631709098816,0.36429888010025024,21.898710250854492,0.7926648259162903,0.0009657222206019806
147,0.07030949369072914,0.06184807978570461,0.16922826319932938,10.172638893127441,0.4710407853126526,0.22231414914131165,0.7244543433189392,43.54834747314453,0.18609142303466797,0.18609142303466797,0.6779659986495972,0.1655389964580536,0.14779025316238403,0.3549748659133911,21.338228225708008,0.7811046242713928,0.000965256882929051
148,0.06912435032427311,0.06091471575200558,0.16419267654418945,9.86993932723999,0.46921439468860626,0.21897634863853455,0.738618016242981,44.39975357055664,0.18204544484615326,0.18204544484615326,0.6716320514678955,0.15789294242858887,0.13979455828666687,0.361967533826828,21.758569717407227,0.7671396732330322,0.0009647885277847412
149,0.06780466623604298,0.05939966440200806,0.1681000143289566,10.104817390441895,0.4686768054962158,0.21964654326438904,0.7623569369316101,45.826744079589844,0.18152868747711182,0.18152868747711182,0.6688858270645142,0.15794095396995544,0.1387457251548767,0.38390445709228516,23.077241897583008,0.7646127343177795,0.0009643171583791048
150,0.06635252386331558,0.05773032084107399,0.17244407534599304,10.365947246551514,0.45877133309841156,0.22031383216381073,0.7685443162918091,46.19868469238281,0.18188661336898804,0.18188661336898804,0.6650630235671997,0.155630424618721,0.13633200526237488,0.385968416929245,23.20130729675293,0.7552871704101562,0.0009638427779428549
151,0.06462189555168152,0.056456249207258224,0.16331294178962708,9.81705617904663,0.4531669318675995,0.21728003025054932,0.7468018531799316,44.891700744628906,0.17993994057178497,0.17993994057178497,0.663546085357666,0.15175345540046692,0.13301566243171692,0.37475594878196716,22.527305603027344,0.7449407577514648,0.000963365389727342
152,0.06423821114003658,0.05621282756328583,0.1605077013373375,9.648428440093994,0.4545571804046631,0.21735048294067383,0.7411819696426392,44.55388641357422,0.18029138445854187,0.18029138445854187,0.6665821671485901,0.15427379310131073,0.13541439175605774,0.3771880865097046,22.673503875732422,0.7474699020385742,0.0009628849970045315
153,0.06500045210123062,0.05693230405449867,0.1613629311323166,9.699837684631348,0.4576108455657959,0.22175109386444092,0.7749724984169006,46.5850944519043,0.18300247192382812,0.18300247192382812,0.6685481667518616,0.1552782952785492,0.13568583130836487,0.3918493986129761,23.55482292175293,0.743414044380188,0.0009624016030669813
154,0.062098270282149315,0.05383269302546978,0.1653115153312683,9.937193870544434,0.44266097247600555,0.21416565775871277,0.7725043296813965,46.43672561645508,0.17554043233394623,0.17554043233394623,0.6581807136535645,0.14886422455310822,0.1296306550502777,0.38467150926589966,23.123348236083984,0.7360575199127197,0.0009619152112278192
155,0.06129714287817478,0.05343249626457691,0.1572929099202156,9.455180644989014,0.4461742043495178,0.20948806405067444,0.7500001192092896,45.08395767211914,0.17198805510997772,0.17198805510997772,0.6541320085525513,0.14558561146259308,0.126956969499588,0.37257295846939087,22.396080017089844,0.73293137550354,0.0009614258248207205
156,0.06071440875530243,0.05303028225898743,0.15368253737688065,9.23815393447876,0.4446621984243393,0.2138696014881134,0.7726321220397949,46.44441223144531,0.1752379983663559,0.1752379983663559,0.6560695171356201,0.14758829772472382,0.1285022795200348,0.38172024488449097,22.94594383239746,0.7317628860473633,0.0009609334471998847
157,0.05839594267308712,0.05057183839380741,0.15648209303617477,9.406441688537598,0.43356558680534363,0.22440728545188904,0.8218606114387512,49.40363311767578,0.183314248919487,0.183314248919487,0.665094256401062,0.15189151465892792,0.13161678612232208,0.4054945707321167,24.375062942504883,0.7324401140213013,0.0009604380817400133
158,0.05892021209001541,0.05081949010491371,0.1620144248008728,9.739000797271729,0.43093669414520264,0.21686924993991852,0.7824470400810242,47.03440856933594,0.17774689197540283,0.17774689197540283,0.6593678593635559,0.1479746252298355,0.12885990738868713,0.38229429721832275,22.98044776916504,0.726767897605896,0.0009599397318362853
159,0.05779288895428181,0.05033951252698898,0.14906755089759827,8.960739135742188,0.434269055724144,0.2093183547258377,0.7573946714401245,45.5284538269043,0.17144861817359924,0.17144861817359924,0.6511352062225342,0.14318428933620453,0.1247234120965004,0.3692174553871155,22.19437599182129,0.7209093570709229,0.0009594384009043353
160,0.0567461121827364,0.04948023147881031,0.14531762897968292,8.735323429107666,0.43235650658607483,0.21156081557273865,0.7853735685348511,47.210323333740234,0.17229214310646057,0.17229214310646057,0.6492817401885986,0.14407400786876678,0.12485255300998688,0.38442912697792053,23.10877799987793,0.720497727394104,0.0009589340923802293
161,0.055307257920503616,0.0477207750082016,0.15172965079545975,9.120762825012207,0.42480969429016113,0.21805264055728912,0.8257486820220947,49.63734817504883,0.17676520347595215,0.17676520347595215,0.6525487303733826,0.14254243671894073,0.12263964861631393,0.3980558216571808,23.927902221679688,0.713497519493103,0.0009584268097204415
162,0.05516316741704941,0.04735367000102997,0.156189925968647,9.388878345489502,0.42046166956424713,0.21248838305473328,0.7962737679481506,47.86555480957031,0.17267470061779022,0.17267470061779022,0.6471494436264038,0.1396905481815338,0.12125054746866226,0.3688001334667206,22.16929054260254,0.709058940410614,0.0009579165564018304
163,0.054204389452934265,0.047109175473451614,0.1419042870402336,8.53014087677002,0.4190741181373596,0.20691299438476562,0.7693902254104614,46.24953842163086,0.1684434860944748,0.1684434860944748,0.6410067081451416,0.13501617312431335,0.11735936999320984,0.35313600301742554,21.227689743041992,0.700771689414978,0.0009574033359216153
164,0.05236688069999218,0.045499314554035664,0.1373513713479042,8.256456851959229,0.4124066233634949,0.21252401173114777,0.7943316698074341,47.748809814453125,0.17280742526054382,0.17280742526054382,0.6478105187416077,0.13733510673046112,0.11903512477874756,0.36599963903427124,22.000947952270508,0.6992639303207397,0.0009568871517973516
165,0.05125357210636139,0.044299036264419556,0.13909073173999786,8.361013412475586,0.4056521952152252,0.2151074856519699,0.813161313533783,48.88069534301758,0.17444941401481628,0.17444941401481628,0.6491670608520508,0.13872113823890686,0.11988331377506256,0.37675654888153076,22.647563934326172,0.7013365626335144,0.0009563680075669077
166,0.05325091443955898,0.0459626279771328,0.1457657292485237,8.762260437011719,0.4143804758787155,0.21363209187984467,0.8045307397842407,48.361900329589844,0.17340555787086487,0.17340555787086487,0.6479776501655579,0.13644644618034363,0.11832168698310852,0.3624950349330902,21.7902774810791,0.6981859803199768,0.0009558459067884399
167,0.04978163726627827,0.043126679956912994,0.13309916481375694,8.000848293304443,0.398693710565567,0.20702382922172546,0.7705123424530029,46.316986083984375,0.1684982180595398,0.1684982180595398,0.6421452164649963,0.13620340824127197,0.11919387429952621,0.3401906192302704,20.44951820373535,0.7032869458198547,0.0009553208530403685
168,0.052673542872071266,0.04614077880978584,0.13065528124570847,7.853941202163696,0.4170265942811966,0.20713146030902863,0.7859339118003845,47.2440071105957,0.16783475875854492,0.16783475875854492,0.6410205364227295,0.1402422934770584,0.12285929173231125,0.3476600646972656,20.89851951599121,0.7140012979507446,0.0009547928499213533
169,0.049428122118115425,0.04284623637795448,0.13163769245147705,7.9129958152771,0.39964041113853455,0.21718640625476837,0.8185076117515564,49.20207977294922,0.1762610226869583,0.1762610226869583,0.6506971120834351,0.1378118097782135,0.1199004203081131,0.3582276403903961,21.533754348754883,0.6987936496734619,0.0009542619010502682
170,0.04960364289581776,0.04281838610768318,0.1357051283121109,8.15749740600586,0.3993603438138962,0.21507234871387482,0.7996695041656494,48.06967544555664,0.17508886754512787,0.17508886754512787,0.6473020315170288,0.13186663389205933,0.11479124426841736,0.3415076434612274,20.5286865234375,0.6866146326065063,0.0009537280100661779
171,0.048092128708958626,0.04173452779650688,0.12715201079845428,7.643353700637817,0.3933209180831909,0.20880788564682007,0.7819308042526245,47.00337600708008,0.16971135139465332,0.16971135139465332,0.6426527500152588,0.13344477117061615,0.11713097989559174,0.32627591490745544,19.61307716369629,0.694028377532959,0.0009531911806283107
172,0.04722546599805355,0.041062403470277786,0.1232612393796444,7.40947151184082,0.3919602334499359,0.20717157423496246,0.7857604622840881,47.233585357666016,0.16788354516029358,0.16788354516029358,0.6384161114692688,0.13183428347110748,0.115582674741745,0.32503220438957214,19.538312911987305,0.6929892301559448,0.0009526514164160361
173,0.04631655476987362,0.04018871486186981,0.12255680561065674,7.367126703262329,0.3892175108194351,0.2086322158575058,0.7968476414680481,47.900054931640625,0.1687898337841034,0.1687898337841034,0.6384108662605286,0.1285463571548462,0.1118413507938385,0.33410000801086426,20.083398818969727,0.6847350597381592,0.000952108721128837
174,0.04567580856382847,0.03936873376369476,0.1261415146291256,7.582610130310059,0.38509468734264374,0.21245449781417847,0.800537109375,48.121829986572266,0.17242763936519623,0.17242763936519623,0.6418064832687378,0.1288938820362091,0.11214742809534073,0.3349292278289795,20.133243560791016,0.682158350944519,0.0009515630984862864
175,0.04494992829859257,0.03882055729627609,0.1225874237716198,7.368967056274414,0.3801245838403702,0.21062541007995605,0.7914237976074219,47.57401657104492,0.17105421423912048,0.17105421423912048,0.6397425532341003,0.12855029106140137,0.11230139434337616,0.3249778747558594,19.53504753112793,0.6839452981948853,0.0009510145522280209
176,0.04485796578228474,0.038877883926033974,0.11960165202617645,7.189486742019653,0.3790445625782013,0.21222178637981415,0.7982351779937744,47.98346710205078,0.1723100244998932,0.1723100244998932,0.6456884741783142,0.1334955394268036,0.11755533516407013,0.3188041150569916,19.16393280029297,0.694551408290863,0.0009504630861137151
177,0.04379577934741974,0.03789832629263401,0.11794905737042427,7.090146064758301,0.37533096969127655,0.21240365505218506,0.7975929379463196,47.94485855102539,0.17252400517463684,0.17252400517463684,0.6453855633735657,0.12970037758350372,0.11412176489830017,0.3115723133087158,18.729215621948242,0.6851464509963989,0.0009499087039230559
178,0.04461347497999668,0.03860353119671345,0.12019889056682587,7.225387811660767,0.37962836027145386,0.20831051468849182,0.7929373383522034,47.66499710083008,0.1686636507511139,0.1686636507511139,0.6358489990234375,0.12365731596946716,0.10793601721525192,0.3144259750843048,18.900753021240234,0.6767587661743164,0.0009493514094557168
179,0.043174490332603455,0.037283603101968765,0.11781772971153259,7.082251071929932,0.3753998875617981,0.21061161160469055,0.7804427742958069,46.9139289855957,0.17158947885036469,0.17158947885036469,0.642734706401825,0.13052605092525482,0.11506025493144989,0.3093159794807434,18.593582153320312,0.6899036169052124,0.0009487912065313317
180,0.04285342991352081,0.03713516891002655,0.11436520889401436,6.87471342086792,0.37146951258182526,0.21475735306739807,0.7911150455474854,47.55546188354492,0.17520159482955933,0.17520159482955933,0.6496237516403198,0.13505983352661133,0.11972217261791229,0.3067531883716583,18.43952751159668,0.6974927186965942,0.0009482280989894687
181,0.04192150756716728,0.03621477074921131,0.11413473263382912,6.860859394073486,0.3654988408088684,0.2122872918844223,0.7993772029876709,48.05210876464844,0.17231842875480652,0.17231842875480652,0.6407855749130249,0.12846121191978455,0.11324110627174377,0.304402232170105,18.298206329345703,0.6868841648101807,0.0009476620906896039
182,0.041260888800024986,0.03563110902905464,0.11259561032056808,6.7683398723602295,0.3636465221643448,0.2110394388437271,0.8031620383262634,48.27962112426758,0.17088133096694946,0.17088133096694946,0.6420125961303711,0.12672780454158783,0.11142933368682861,0.3059694766998291,18.39241600036621,0.6833920478820801,0.0009470931855110946
183,0.04045402817428112,0.03463949076831341,0.11629073694348335,6.990461349487305,0.36141327023506165,0.2115914672613144,0.8021401762962341,48.218196868896484,0.17148445546627045,0.17148445546627045,0.6428042054176331,0.12490214407444,0.10958398133516312,0.3063632547855377,18.41609001159668,0.6797094345092773,0.0009465213873531535
184,0.03989012725651264,0.034324875101447105,0.11130505427718163,6.690762042999268,0.3595712184906006,0.21265354752540588,0.7864020466804504,47.27214813232422,0.17333345115184784,0.17333345115184784,0.6448414325714111,0.12423104047775269,0.10924208909273148,0.2997789680957794,18.020292282104492,0.6757512092590332,0.0009459467001348209
185,0.039427375420928,0.03403157740831375,0.1079159528017044,6.4870359897613525,0.356052041053772,0.21446911990642548,0.7837092280387878,47.11027526855469,0.17528365552425385,0.17528365552425385,0.6478545665740967,0.12966890633106232,0.11506879329681396,0.2920023500919342,17.552827835083008,0.686755895614624,0.0009453691277949389
186,0.03934277035295963,0.03394093178212643,0.10803678631782532,6.49429988861084,0.3564014136791229,0.21378028392791748,0.80351322889328,48.30073165893555,0.17360462248325348,0.17360462248325348,0.6440718770027161,0.12776826322078705,0.11315067857503891,0.2923516631126404,17.573823928833008,0.6861556768417358,0.0009447886742921233
187,0.0404389463365078,0.03493958339095116,0.10998725146055222,6.611546277999878,0.36455412209033966,0.2163373827934265,0.8083353638648987,48.59060287475586,0.17592062056064606,0.17592062056064606,0.647559404373169,0.12197168171405792,0.10721810162067413,0.2950715720653534,17.737321853637695,0.671454906463623,0.0009442053436047377
188,0.03884223289787769,0.03346451558172703,0.10755432769656181,6.465298414230347,0.35208138823509216,0.2153169959783554,0.7902458906173706,47.503211975097656,0.17580470442771912,0.17580470442771912,0.6514935493469238,0.12807390093803406,0.1137438416481018,0.286601185798645,17.228151321411133,0.6841933727264404,0.0009436191397308651
189,0.037969186902046204,0.03275916539132595,0.10420043393969536,6.2636895179748535,0.350093811750412,0.21466457843780518,0.7990682125091553,48.033531188964844,0.1747111678123474,0.1747111678123474,0.6495493650436401,0.12870286405086517,0.11440984904766083,0.28586018085479736,17.183609008789062,0.6893823742866516,0.0009430300666882817
190,0.03756241872906685,0.0323783690109849,0.10368096455931664,6.2324628829956055,0.3504059612751007,0.21534906327724457,0.801408588886261,48.17422103881836,0.17527863383293152,0.17527863383293152,0.6467824578285217,0.12281455844640732,0.10862524062395096,0.2837863862514496,17.05894660949707,0.6776407957077026,0.0009424381285144275
191,0.036602312698960304,0.03142212890088558,0.10360368341207504,6.227817535400391,0.3436350077390671,0.21867258846759796,0.7963998913764954,47.873138427734375,0.17885258793830872,0.17885258793830872,0.6549773812294006,0.12500262260437012,0.11118165403604507,0.27641940116882324,16.616106033325195,0.6783994436264038,0.0009418433292663809
192,0.03613785840570927,0.03111885115504265,0.10038011521100998,6.034042835235596,0.3400876820087433,0.2157616913318634,0.7861459851264954,47.256752014160156,0.17645439505577087,0.17645439505577087,0.649957537651062,0.12615498900413513,0.11242272704839706,0.2746451199054718,16.509449005126953,0.6829805970191956,0.0009412456730208292
193,0.03611241094768047,0.031088302843272686,0.10048214718699455,6.040176153182983,0.34083032608032227,0.2181970775127411,0.7984884977340698,47.998687744140625,0.17827264964580536,0.17827264964580536,0.6540119051933289,0.1269664317369461,0.113050676882267,0.2783151865005493,16.730064392089844,0.6846010684967041,0.0009406451638740416
194,0.0354562196880579,0.03041152097284794,0.10089397057890892,6.064931392669678,0.33650311827659607,0.21568940579891205,0.7953917384147644,47.81253433227539,0.1759198158979416,0.1759198158979416,0.6500855088233948,0.12418972700834274,0.11040367186069489,0.27572110295295715,16.574129104614258,0.6812737584114075,0.0009400418059418403
195,0.03494294360280037,0.030015837401151657,0.09854211285710335,5.923556804656982,0.3361709713935852,0.21361371874809265,0.7863227725028992,47.26737976074219,0.17429757118225098,0.17429757118225098,0.6458315849304199,0.12512652575969696,0.11158601939678192,0.27081018686294556,16.2789249420166,0.6862013936042786,0.0009394356033595729
196,0.03479918651282787,0.029928334057331085,0.09741702675819397,5.855925798416138,0.33338645100593567,0.21909599006175995,0.795072078704834,47.79331970214844,0.1793423891067505,0.1793423891067505,0.653022050857544,0.12551665306091309,0.11192474514245987,0.2718382477760315,16.340723037719727,0.6823004484176636,0.0009388265602820842
197,0.03356544114649296,0.0287155294790864,0.09699824824929237,5.830752611160278,0.32662202417850494,0.22027748823165894,0.8004415035247803,48.116085052490234,0.18025541305541992,0.18025541305541992,0.6573471426963806,0.12515190243721008,0.11171013861894608,0.2688352167606354,16.160205841064453,0.6810080409049988,0.0009382146808836873
198,0.0335263991728425,0.028708146885037422,0.0963650494813919,5.792689323425293,0.32821686565876007,0.21913540363311768,0.8094545006752014,48.657875061035156,0.17866267263889313,0.17866267263889313,0.6556292176246643,0.12185746431350708,0.10851745307445526,0.2668001651763916,16.037874221801758,0.6763103008270264,0.0009375999693581351
199,0.032794294878840446,0.02807050570845604,0.09447577968239784,5.679121732711792,0.32439106702804565,0.21938729286193848,0.7971457242965698,47.917972564697266,0.17953000962734222,0.17953000962734222,0.6578481793403625,0.12308639287948608,0.10989970713853836,0.26373374462127686,15.853544235229492,0.6781978011131287,0.0009369824299185914
200,0.03248454909771681,0.027867255732417107,0.09234587103128433,5.551088571548462,0.3218148350715637,0.22124679386615753,0.7927258610725403,47.652286529541016,0.18161049485206604,0.18161049485206604,0.6601341366767883,0.12723463773727417,0.1138654425740242,0.26738396286964417,16.072965621948242,0.6872305870056152,0.0009363620667976027
201,0.031903618946671486,0.027247306890785694,0.09312622249126434,5.597997426986694,0.3176061660051346,0.2202145904302597,0.7961157560348511,47.856056213378906,0.1804088056087494,0.1804088056087494,0.6575887203216553,0.1271146833896637,0.11382853984832764,0.26572293043136597,15.973118782043457,0.6887421607971191,0.000935738884247068
202,0.03204426076263189,0.027406982146203518,0.09274556115269661,5.575115442276001,0.3178243190050125,0.21865727007389069,0.8051999807357788,48.40213394165039,0.1783972680568695,0.1783972680568695,0.6541685461997986,0.12186793237924576,0.10859604179859161,0.2654378414154053,15.955981254577637,0.6787369251251221,0.0009351128865382109
203,0.03153438679873943,0.02691486570984125,0.09239043667912483,5.553767681121826,0.3179035782814026,0.22025373578071594,0.8024948239326477,48.23952102661133,0.18012899160385132,0.18012899160385132,0.6568792462348938,0.12076359987258911,0.10752065479755402,0.2648588716983795,15.921177864074707,0.6740596294403076,0.0009344840779615496
204,0.030740806832909584,0.026193012483417988,0.09095588326454163,5.467534303665161,0.3119092881679535,0.22689789533615112,0.8128888607025146,48.864322662353516,0.18625345826148987,0.18625345826148987,0.6683429479598999,0.12655112147331238,0.11324010789394379,0.26622042059898376,16.00302505493164,0.6819702386856079,0.0009338524628268676
205,0.03066591639071703,0.026044052094221115,0.09243730083107948,5.55658483505249,0.3102623075246811,0.2260574996471405,0.8228628635406494,49.46387481689453,0.18491435050964355,0.18491435050964355,0.6637569069862366,0.12581904232501984,0.11240215599536896,0.26833778619766235,16.13030433654785,0.6830801963806152,0.0009332180454631845
206,0.030087988823652267,0.0254791509360075,0.09217676520347595,5.540923595428467,0.30746664106845856,0.2233368307352066,0.8225958347320557,49.44782638549805,0.18220703303813934,0.18220703303813934,0.6597519516944885,0.12453506141901016,0.11120375245809555,0.26662617921829224,16.027414321899414,0.6837893724441528,0.0009325808302187257
207,0.029875166714191437,0.02531762234866619,0.09115089103579521,5.4792563915252686,0.3087601065635681,0.2220761477947235,0.8106170892715454,48.727760314941406,0.18154528737068176,0.18154528737068176,0.6594789028167725,0.12249219417572021,0.10932639241218567,0.2633160650730133,15.828437805175781,0.6807838678359985,0.0009319408214608931
208,0.03033973090350628,0.02594812400639057,0.08783211186528206,5.27975869178772,0.3108651638031006,0.22054122388362885,0.7931504249572754,47.67780303955078,0.18088370561599731,0.18088370561599731,0.6580359935760498,0.12179996073246002,0.10888190567493439,0.2583611011505127,15.530586242675781,0.6790722608566284,0.0009312980235762353
209,0.02904165629297495,0.024733352474868298,0.08616606891155243,5.179609298706055,0.30170173943042755,0.22715575993061066,0.8140737414360046,48.935546875,0.18645207583904266,0.18645207583904266,0.6664068698883057,0.12107380479574203,0.10796143859624863,0.26224735379219055,15.764195442199707,0.6709645390510559,0.0009306524409704167
210,0.029776081442832947,0.0251908665522933,0.09170428663492203,5.512522220611572,0.3064253032207489,0.2309381365776062,0.8339612483978271,50.13102340698242,0.18924006819725037,0.18924006819725037,0.6699739694595337,0.11885076016187668,0.10546966642141342,0.26762181520462036,16.08726692199707,0.6632494926452637,0.0009300040780681884
211,0.028542175889015198,0.02402727771550417,0.09029794856905937,5.42798376083374,0.29850631952285767,0.2273375391960144,0.8225584626197815,49.44558334350586,0.18620961904525757,0.18620961904525757,0.6692120432853699,0.12434813380241394,0.11123591661453247,0.262244313955307,15.764012336730957,0.6809722781181335,0.0009293529393133572
212,0.02836586069315672,0.024091264232993126,0.08549192175269127,5.139084815979004,0.2995658367872238,0.22711926698684692,0.8199184536933899,49.28688049316406,0.1861233413219452,0.1861233413219452,0.6670681238174438,0.12341250479221344,0.1103043481707573,0.2621631622314453,15.759134292602539,0.6786630153656006,0.000928699029168755
213,0.028046738356351852,0.023715902119874954,0.08661672472953796,5.206698656082153,0.2962604910135269,0.22692732512950897,0.823498010635376,49.50205993652344,0.18575242161750793,0.18575242161750793,0.6629435420036316,0.12060070782899857,0.10727634280920029,0.2664872705936432,16.019065856933594,0.6728922724723816,0.000928042352116209
214,0.02787343319505453,0.0235144030302763,0.08718060702085495,5.2405946254730225,0.29421092569828033,0.22834736108779907,0.8262498378753662,49.667476654052734,0.18703486025333405,0.18703486025333405,0.668672502040863,0.12692561745643616,0.11373574286699295,0.2637975513935089,15.857379913330078,0.6865876913070679,0.00092738291265651
215,0.027122831903398037,0.022874834947288036,0.08495993539690971,5.10710597038269,0.2903513163328171,0.22471435368061066,0.8140639066696167,48.93495559692383,0.18401116132736206,0.18401116132736206,0.6638906002044678,0.1244857907295227,0.111480712890625,0.2601016163825989,15.635211944580078,0.6845604181289673,0.0009267207153093822
216,0.02711313311010599,0.022947028279304504,0.08332208171486855,5.008651256561279,0.28988809883594513,0.2279599905014038,0.8182404637336731,49.186012268066406,0.18704795837402344,0.18704795837402344,0.669018030166626,0.122318334877491,0.10931031405925751,0.2601604461669922,15.638747215270996,0.6766567230224609,0.0009260557646134519
217,0.026331758126616478,0.022185249254107475,0.08293017745018005,4.985093355178833,0.2858436703681946,0.23199379444122314,0.8343685865402222,50.1555061340332,0.1902753710746765,0.1902753710746765,0.6760096549987793,0.12481057643890381,0.11165793240070343,0.2630528211593628,15.81261157989502,0.6813303828239441,0.0009253880651262172
218,0.02628023363649845,0.022176957689225674,0.08206550404429436,4.9331159591674805,0.28441065549850464,0.2332836091518402,0.8366053104400635,50.28996276855469,0.19145333766937256,0.19145333766937256,0.6765214204788208,0.1267704963684082,0.11350856721401215,0.265238493680954,15.943999290466309,0.6854755878448486,0.0009247176214240154
219,0.025581669062376022,0.021449560299515724,0.08264217898249626,4.967781066894531,0.28089356422424316,0.23046059906482697,0.8288382291793823,49.82306671142578,0.18901868164539337,0.18901868164539337,0.6685934066772461,0.11959679424762726,0.10634894669055939,0.26495689153671265,15.927072525024414,0.6699124574661255,0.0009240444381019922
220,0.02551960665732622,0.021348382346332073,0.08342447504401207,5.014806747436523,0.2808380052447319,0.23147951066493988,0.8359623551368713,50.25131607055664,0.18968139588832855,0.18968139588832855,0.6705136895179749,0.11937140673398972,0.10621814429759979,0.26306527853012085,15.813363075256348,0.6682203412055969,0.0009233685197740714
221,0.02498834952712059,0.02092369645833969,0.08129306510090828,4.886683464050293,0.27748245000839233,0.23072928190231323,0.8260683417320251,49.65657043457031,0.18942587077617645,0.18942587077617645,0.6704422235488892,0.11994350701570511,0.10681436955928802,0.26258277893066406,15.784358978271484,0.6687749028205872,0.0009226898710729209
222,0.025008185766637325,0.020957086235284805,0.0810219906270504,4.870388746261597,0.2764609307050705,0.2298065721988678,0.8299168944358826,49.887908935546875,0.18831072747707367,0.18831072747707367,0.6674657464027405,0.11892526596784592,0.10583855211734772,0.261734277009964,15.733351707458496,0.6688339710235596,0.0009220084966499233
223,0.02424013800919056,0.020243609324097633,0.07993058115243912,4.804781913757324,0.27176955342292786,0.23285949230194092,0.8377342224121094,50.357826232910156,0.19097277522087097,0.19097277522087097,0.6728003025054932,0.12081686407327652,0.10763496160507202,0.26363804936408997,15.847792625427246,0.6706582307815552,0.0009213244011751424
224,0.024124684743583202,0.020119875203818083,0.08009620755910873,4.8147382736206055,0.2704020217061043,0.23797304928302765,0.8601767420768738,51.706886291503906,0.1949642151594162,0.1949642151594162,0.6813837289810181,0.12553301453590393,0.112172931432724,0.2672017812728882,16.062015533447266,0.6798901557922363,0.000920637589337292
225,0.023822196759283543,0.019760177936404943,0.08124037459492683,4.88351583480835,0.2679591327905655,0.2367694228887558,0.8643646836280823,51.9586296081543,0.1935511827468872,0.1935511827468872,0.6778342723846436,0.12359355390071869,0.11008857935667038,0.2700994610786438,16.236202239990234,0.6779061555862427,0.0009199480658437039
226,0.02351444773375988,0.019456817768514156,0.08115259557962418,4.878239154815674,0.26877154409885406,0.23356524109840393,0.8520345687866211,51.217445373535156,0.1909635066986084,0.1909635066986084,0.6743527054786682,0.1207842230796814,0.10741732269525528,0.26733794808387756,16.070201873779297,0.6738755702972412,0.0009192558354202945
227,0.023314873687922955,0.019386510364711285,0.0785672590136528,4.722829818725586,0.2674068808555603,0.23714059591293335,0.8408306241035461,50.54395294189453,0.19509905576705933,0.19509905576705933,0.6830417513847351,0.12184442579746246,0.10842595994472504,0.26836925745010376,16.13219451904297,0.6708897948265076,0.0009185609028115337
228,0.022944769822061062,0.019030091352760792,0.0782935619354248,4.7063775062561035,0.26406849175691605,0.2364121824502945,0.8443937301635742,50.75813674926758,0.19419249892234802,0.19419249892234802,0.676563024520874,0.12052906304597855,0.10703136026859283,0.26995399594306946,16.22745704650879,0.6664115190505981,0.0009178632727804119
229,0.02255414053797722,0.018627695739269257,0.07852889224886894,4.7205235958099365,0.26091596484184265,0.23484766483306885,0.8647335767745972,51.98080825805664,0.19161099195480347,0.19161099195480347,0.6723116636276245,0.12092626094818115,0.1075354665517807,0.26781582832336426,16.098926544189453,0.6729429960250854,0.0009171629501084071
230,0.022744707763195038,0.018814504146575928,0.0786040611565113,4.725042343139648,0.2616315484046936,0.2363452911376953,0.8639844655990601,51.9357795715332,0.19314606487751007,0.19314606487751007,0.6771383285522461,0.12431399524211884,0.11077818274497986,0.2707163095474243,16.27328109741211,0.6788926124572754,0.0009164599395954524
231,0.021752518136054277,0.017948927357792854,0.07607180997729301,4.5728232860565186,0.2549672797322273,0.23507238924503326,0.8495255708694458,51.06662368774414,0.19259610772132874,0.19259610772132874,0.674667239189148,0.12137673050165176,0.10776592791080475,0.2722160816192627,16.363435745239258,0.6706026792526245,0.0009157542460599035
232,0.021573168225586414,0.01773620117455721,0.07673933357000351,4.612949848175049,0.25342024862766266,0.23789076507091522,0.8555630445480347,51.4295539855957,0.19511261582374573,0.19511261582374573,0.6797118782997131,0.11857091635465622,0.10508076101541519,0.26980307698249817,16.218385696411133,0.6625197529792786,0.0009150458743385046
233,0.021462618373334408,0.017643652856349945,0.07637931406497955,4.591308355331421,0.25432565063238144,0.2413368672132492,0.8773884177207947,52.741512298583984,0.19746744632720947,0.19746744632720947,0.6843148469924927,0.1197843849658966,0.10627985745668411,0.2700904905796051,16.235660552978516,0.6655488014221191,0.000914334829286356
234,0.021280422806739807,0.017433777917176485,0.076932892203331,4.624584674835205,0.2517137825489044,0.24440458416938782,0.8787582516670227,52.8238639831543,0.20046666264533997,0.20046666264533997,0.6875536441802979,0.12149510532617569,0.10775163769721985,0.2748694121837616,16.522932052612305,0.6680234670639038,0.0009136211157768811
235,0.02062795450910926,0.016823966056108475,0.07607977092266083,4.5733020305633545,0.24828118085861206,0.24130594730377197,0.867965817451477,52.175106048583984,0.19790765643119812,0.19790765643119812,0.6822245121002197,0.12063293904066086,0.10702405869960785,0.2721775770187378,16.36111831665039,0.6703935861587524,0.0009129047387017925
236,0.020568751730024815,0.016806412488222122,0.07524679228663445,4.5232298374176025,0.24609380215406418,0.24081528186798096,0.8621935844421387,51.828121185302734,0.19770559668540955,0.19770559668540955,0.6824092268943787,0.12125896662473679,0.10758382081985474,0.2735029458999634,16.4407901763916,0.6712452173233032,0.0009121857029710581
237,0.020523066632449627,0.016788939014077187,0.07468253746628761,4.489311933517456,0.24466554820537567,0.23671241104602814,0.8615424036979675,51.788978576660156,0.19363528490066528,0.19363528490066528,0.6733918190002441,0.11884837597608566,0.10516788065433502,0.27360984683036804,16.447216033935547,0.6663573384284973,0.0009114640135128688
238,0.020072602666914463,0.016318808309733868,0.07507587596774101,4.512956380844116,0.24227453768253326,0.2436245083808899,0.8803592324256897,52.92009735107422,0.1996065378189087,0.1996065378189087,0.6863332986831665,0.12094956636428833,0.10716383159160614,0.2757147550582886,16.573745727539062,0.6647493243217468,0.000910739675273603
239,0.01974165439605713,0.01604123366996646,0.07400840893387794,4.448788642883301,0.23918838798999786,0.24489551782608032,0.875137984752655,52.60623550415039,0.20113861560821533,0.20113861560821533,0.6895673274993896,0.11990117281675339,0.10625026375055313,0.2730181813240051,16.411649703979492,0.6612159609794617,0.0009100126932177938
240,0.01926522422581911,0.015596726909279823,0.07336994633078575,4.410408973693848,0.23672670125961304,0.24557313323020935,0.8797850608825684,52.885581970214844,0.2015838772058487,0.2015838772058487,0.6898053884506226,0.12071353942155838,0.10690413415431976,0.27618810534477234,16.60219955444336,0.6634502410888672,0.000909283072328095
241,0.019484760239720345,0.0158238522708416,0.07321815565228462,4.401284694671631,0.2379191517829895,0.24443268775939941,0.8771876692771912,52.72945022583008,0.20057329535484314,0.20057329535484314,0.6894797086715698,0.1231796145439148,0.10938131809234619,0.27596592903137207,16.588844299316406,0.6729609966278076,0.0009085508176052465
242,0.01866139192134142,0.015069727785885334,0.07183327525854111,4.318037271499634,0.2330581173300743,0.23995795845985413,0.8711127638816833,52.36427307128906,0.19640231132507324,0.19640231132507324,0.679789662361145,0.12107217311859131,0.10728882253170013,0.2756669819355011,16.57087516784668,0.671222448348999,0.00090781593406804
243,0.019293302670121193,0.015695741400122643,0.07195122539997101,4.325127363204956,0.23792462795972824,0.23859670758247375,0.8728566765785217,52.46910095214844,0.19495387375354767,0.19495387375354767,0.6740943789482117,0.11853411048650742,0.10464365035295486,0.27780914306640625,16.699644088745117,0.6655470132827759,0.000907078426753285
244,0.018292997032403946,0.014732089824974537,0.07121815159916878,4.281060695648193,0.2314196452498436,0.24821606278419495,0.8857070803642273,53.24156188964844,0.20393070578575134,0.20393070578575134,0.6908719539642334,0.12027106434106827,0.10638461261987686,0.27772900462150574,16.694828033447266,0.6627888679504395,0.0009063383007157744
245,0.019410048611462116,0.01574394665658474,0.07332203909754753,4.407529592514038,0.23697806149721146,0.2556700110435486,0.8924300074577332,53.64569854736328,0.21104851365089417,0.21104851365089417,0.7051137089729309,0.12258205562829971,0.108700692653656,0.2776273190975189,16.688716888427734,0.6618251204490662,0.0009055955610282487
246,0.0184977687895298,0.014867151156067848,0.07261235266923904,4.364868879318237,0.2320384830236435,0.24508614838123322,0.8770471811294556,52.721004486083984,0.20123378932476044,0.20123378932476044,0.6835089325904846,0.11526627838611603,0.10148490965366364,0.27562740445137024,16.568496704101562,0.6518532633781433,0.000904850212781363
247,0.01796269277110696,0.014324697898700833,0.07275990769267082,4.373738765716553,0.22652439773082733,0.24187415838241577,0.8758726119995117,52.65039825439453,0.19808052480220795,0.19808052480220795,0.6824467182159424,0.12078969180583954,0.10713552683591843,0.273083359003067,16.415569305419922,0.6735533475875854,0.0009041022610836503
248,0.017901009880006313,0.014376608654856682,0.07048801518976688,4.2371708154678345,0.22874504327774048,0.2469068169593811,0.8777122497558594,52.760982513427734,0.20302119851112366,0.20302119851112366,0.693558394908905,0.12491034716367722,0.11109404265880585,0.27632611989974976,16.610496520996094,0.6789138913154602,0.0009033517110614881
249,0.01705071795731783,0.013612735085189342,0.06875964999198914,4.133275985717773,0.22124800831079483,0.2502175271511078,0.8746438026428223,52.576534271240234,0.2064853310585022,0.2064853310585022,0.6958743333816528,0.12088965624570847,0.10676941275596619,0.2824048101902008,16.97589683532715,0.6594178080558777,0.0009025985678590621
250,0.017332077026367188,0.01369158597663045,0.07280982658267021,4.376739501953125,0.22336378693580627,0.25128650665283203,0.8944887518882751,53.769447326660156,0.2065620720386505,0.2065620720386505,0.6958310008049011,0.12053392827510834,0.10663522034883499,0.2779742181301117,16.70956802368164,0.660460352897644,0.0009018428366383317
251,0.017418241128325462,0.013885025400668383,0.07066433131694794,4.247769474983215,0.22571956366300583,0.24887844920158386,0.8937395215034485,53.72440719604492,0.20419147610664368,0.20419147610664368,0.6933631896972656,0.12168706953525543,0.10794790089130402,0.2747834026813507,16.517763137817383,0.6683865785598755,0.0009010845225789934
252,0.017209227196872234,0.013766595162451267,0.06885264441370964,4.1388654708862305,0.2201211303472519,0.24291762709617615,0.8755664229393005,52.631988525390625,0.1991392970085144,0.1991392970085144,0.6790059804916382,0.11404361575841904,0.10018289089202881,0.27721449732780457,16.66390037536621,0.6500958204269409,0.0009003236308784478
253,0.01670871116220951,0.013256647158414125,0.06904127076268196,4.150204181671143,0.2179345339536667,0.24903424084186554,0.8791983723640442,52.85031509399414,0.20507432520389557,0.20507432520389557,0.6922318935394287,0.11720380932092667,0.10320085287094116,0.28005918860435486,16.83489990234375,0.6537359952926636,0.0008995601667517607
254,0.015962740406394005,0.012578536756336689,0.06768407672643661,4.068620920181274,0.21168841421604156,0.2535806894302368,0.8921024203300476,53.62600326538086,0.20897555351257324,0.20897555351257324,0.7033293843269348,0.12528768181800842,0.1112569272518158,0.2806151807308197,16.86832046508789,0.672738254070282,0.0008987941354316301
255,0.015991507098078728,0.012615570332854986,0.06751872226595879,4.058681011199951,0.21262487769126892,0.24924206733703613,0.8960037231445312,53.86051559448242,0.2044418752193451,0.2044418752193451,0.6942837238311768,0.12317399680614471,0.10909808427095413,0.28151828050613403,16.922605514526367,0.6705000400543213,0.0008980255421683486
256,0.015777979511767626,0.012411304749548435,0.06733348965644836,4.047546148300171,0.21303455531597137,0.2461356520652771,0.8914542198181152,53.5870361328125,0.20156294107437134,0.20156294107437134,0.6856727600097656,0.11891068518161774,0.10495814681053162,0.2790508270263672,16.77428436279297,0.6624361276626587,0.0008972543922297687
257,0.015122765209525824,0.01182603556662798,0.06593460217118263,3.9634565114974976,0.20723486691713333,0.25010496377944946,0.8859037756919861,53.25339126586914,0.20580977201461792,0.20580977201461792,0.6916619539260864,0.11909007281064987,0.10511131584644318,0.27957507967948914,16.80579948425293,0.6623415946960449,0.0008964806909012655
258,0.015572499483823776,0.012272129766643047,0.06600738689303398,3.96783185005188,0.20790620148181915,0.25383496284484863,0.892043948173523,53.62248611450195,0.20923277735710144,0.20923277735710144,0.6984007358551025,0.12063586711883545,0.10655476897954941,0.2816219925880432,16.928844451904297,0.662575364112854,0.0008957044434857014
259,0.01500395080074668,0.011669359635561705,0.06669182144105434,4.0089744329452515,0.20135992020368576,0.24970968067646027,0.8916551470756531,53.599117279052734,0.20512692630290985,0.20512692630290985,0.6907479763031006,0.11816548556089401,0.10423316061496735,0.27864646911621094,16.749977111816406,0.6581013798713684,0.0008949256553033892
260,0.014734890311956406,0.011442369315773249,0.06585041433572769,3.958395838737488,0.2016972154378891,0.2531360685825348,0.8907176852226257,53.542762756347656,0.20860017836093903,0.20860017836093903,0.7000269293785095,0.12077764421701431,0.10666318237781525,0.2822892665863037,16.96895408630371,0.661916196346283,0.0008941443316920559
261,0.014354222919791937,0.011107299476861954,0.06493846327066422,3.9035764932632446,0.1990177482366562,0.2537713646888733,0.888962984085083,53.437286376953125,0.2093232125043869,0.2093232125043869,0.6996405124664307,0.12014854699373245,0.10615458339452744,0.27987927198410034,16.82408332824707,0.6608299016952515,0.0008933604780068062
262,0.01436862675473094,0.011156142223626375,0.064249686896801,3.8621727228164673,0.19826823472976685,0.2520758807659149,0.8954219222068787,53.825538635253906,0.20730477571487427,0.20730477571487427,0.6927294135093689,0.1177830919623375,0.10382036119699478,0.279254674911499,16.786537170410156,0.6578919887542725,0.0008925740996200851
263,0.013884581159800291,0.010678944177925587,0.06411274336278439,3.853940963745117,0.1953636109828949,0.2549437880516052,0.9016621112823486,54.20064926147461,0.2098606824874878,0.2098606824874878,0.6977694034576416,0.11868453025817871,0.10446865856647491,0.2843174636363983,17.090869903564453,0.6574699878692627,0.0008917852019216424
264,0.013813265599310398,0.010575688444077969,0.06475154310464859,3.8923404216766357,0.19452041387557983,0.2618969678878784,0.918788492679596,55.23015213012695,0.21595755219459534,0.21595755219459534,0.7114436626434326,0.12077506631612778,0.10645748674869537,0.28635159134864807,17.21314811706543,0.6576878428459167,0.0008909937903184945
265,0.013596925884485245,0.010409384965896606,0.06375080905854702,3.832184314727783,0.19396833330392838,0.2546337842941284,0.8874434232711792,53.34593963623047,0.21026162803173065,0.21026162803173065,0.7013888955116272,0.1199139654636383,0.10573294758796692,0.2836203873157501,17.048967361450195,0.6591736674308777,0.000890199870234888
266,0.013453243300318718,0.010326236253604293,0.06254013068974018,3.7594079971313477,0.19181714951992035,0.24790970981121063,0.869775116443634,52.28385925292969,0.20442095398902893,0.20442095398902893,0.6886217594146729,0.11784879863262177,0.10397042334079742,0.27756744623184204,16.685117721557617,0.6594212055206299,0.0008894034471122621
267,0.013173803687095642,0.010105610825121403,0.06136384978890419,3.6886996030807495,0.19045986235141754,0.2536710202693939,0.8942256569862366,53.753631591796875,0.20895972847938538,0.20895972847938538,0.6973854899406433,0.11830934137105942,0.10426346212625504,0.28091752529144287,16.88649559020996,0.6572645902633667,0.0008886045264092117
268,0.01329289237037301,0.010181824676692486,0.062221353873610497,3.740245819091797,0.18948373943567276,0.2616196870803833,0.9060184955596924,54.462528228759766,0.2163187563419342,0.2163187563419342,0.7117365002632141,0.12216009944677353,0.10788784176111221,0.2854452133178711,17.15866470336914,0.6620745062828064,0.0008878031136014499
269,0.013091843575239182,0.009987604338675737,0.06208478659391403,3.7320367097854614,0.18857759982347488,0.2568657696247101,0.8925618529319763,53.653621673583984,0.21223768591880798,0.21223768591880798,0.703447699546814,0.12130280584096909,0.10723922401666641,0.28127166628837585,16.90778160095215,0.664482831954956,0.0008869992141817703
270,0.012857684399932623,0.009769964730367064,0.06175438314676285,3.7121756076812744,0.18943695724010468,0.2518731355667114,0.8842419981956482,53.15349578857422,0.20766103267669678,0.20766103267669678,0.6919947862625122,0.11644803732633591,0.10238859802484512,0.2811887562274933,16.902799606323242,0.6541438102722168,0.0008861928336600095
271,0.012841399759054184,0.009798188228160143,0.06086423806846142,3.658666968345642,0.18748894333839417,0.2544909417629242,0.8859039545059204,53.25340270996094,0.21019574999809265,0.21019574999809265,0.6978782415390015,0.11773278564214706,0.10347625613212585,0.2851305902004242,17.139751434326172,0.6571081280708313,0.0008853839775630094
272,0.012411568313837051,0.009381889831274748,0.06059356965124607,3.6423964500427246,0.18234823644161224,0.25584495067596436,0.8892646431922913,53.45541763305664,0.2113817036151886,0.2113817036151886,0.6984015107154846,0.11802501231431961,0.10370638966560364,0.28637245297431946,17.214401245117188,0.6522180438041687,0.000884572651434579
273,0.012126659974455833,0.009090779814869165,0.060717593878507614,3.64985191822052,0.18004845082759857,0.26129651069641113,0.9112265706062317,54.77559280395508,0.21573519706726074,0.21573519706726074,0.7094825506210327,0.12108393758535385,0.1069079041481018,0.2835206687450409,17.0429744720459,0.6571946144104004,0.0008837588608354571
274,0.01221369206905365,0.009132790146395564,0.06161803938448429,3.7039796113967896,0.1835213601589203,0.25944116711616516,0.9067109823226929,54.504150390625,0.21410562098026276,0.21410562098026276,0.7083254456520081,0.12260755151510239,0.1084718108177185,0.28271484375,16.994535446166992,0.6665405035018921,0.0008829426113432729
275,0.011828855611383915,0.008864657953381538,0.05928395129740238,3.5636731386184692,0.18059176951646805,0.25428786873817444,0.8696646690368652,52.277225494384766,0.21080464124679565,0.21080464124679565,0.6988732814788818,0.1199297234416008,0.1057470515370369,0.2836534082889557,17.05095672607422,0.662308394908905,0.0008821239085525091
276,0.011571160517632961,0.008661128347739577,0.05820065177977085,3.4985538721084595,0.17632696777582169,0.2576649487018585,0.8758113980293274,52.64672088623047,0.21387436985969543,0.21387436985969543,0.7032141089439392,0.11900730431079865,0.10487806797027588,0.2825847864151001,16.986717224121094,0.6569586992263794,0.0008813027580744632
277,0.011394442524760962,0.008437363430857658,0.059141576290130615,3.5551143884658813,0.17238102853298187,0.26097580790519714,0.9000974297523499,54.106597900390625,0.2159709334373474,0.2159709334373474,0.7086241245269775,0.11969124525785446,0.10569985955953598,0.2798277735710144,16.820987701416016,0.6570563316345215,0.0008804791655372085
278,0.011271114461123943,0.008274771273136139,0.05992686189711094,3.602319359779358,0.17283504456281662,0.2598148286342621,0.9089058041572571,54.636085510253906,0.214369535446167,0.214369535446167,0.7068955898284912,0.11970329284667969,0.1056467667222023,0.28113049268722534,16.8992977142334,0.6568629741668701,0.0008796531365855559
279,0.011129867751151323,0.008183837402611971,0.05892059952020645,3.541831374168396,0.17146657407283783,0.2565079927444458,0.8759877681732178,52.657318115234375,0.21270859241485596,0.21270859241485596,0.7012637853622437,0.11626739054918289,0.1019551008939743,0.286245733499527,17.206785202026367,0.6450435519218445,0.0008788246768810155
280,0.011152515420690179,0.008269607089459896,0.05765816010534763,3.465943455696106,0.17270993441343307,0.2561047375202179,0.873216450214386,52.49073028564453,0.21244391798973083,0.21244391798973083,0.701245903968811,0.11927627772092819,0.1052163615822792,0.2811983823776245,16.903379440307617,0.6578609347343445,0.0008779937921017574
281,0.010655353777110577,0.007787960581481457,0.05734786204993725,3.447290778160095,0.16515974700450897,0.25848379731178284,0.8967574238777161,53.905818939208984,0.21364593505859375,0.21364593505859375,0.7019038200378418,0.11741771548986435,0.10340757668018341,0.28020283579826355,16.84353256225586,0.6513077020645142,0.0008771604879425725
282,0.011044424958527088,0.007992956787347794,0.06102936528623104,3.6685932874679565,0.16948376595973969,0.2635155916213989,0.8985481262207031,54.01346969604492,0.21858817338943481,0.21858817338943481,0.7126672267913818,0.11986301094293594,0.1056545078754425,0.2841700613498688,17.08201026916504,0.6568368077278137,0.0008763247701148346
283,0.0109870545566082,0.008165440522134304,0.05643228441476822,3.3922536373138428,0.1716415137052536,0.2656421363353729,0.8891531229019165,53.44871520996094,0.22118449211120605,0.22118449211120605,0.7185525894165039,0.12241668254137039,0.10823643207550049,0.28360503911972046,17.04804801940918,0.6622992753982544,0.00087548664434646
284,0.010555723682045937,0.007775508798658848,0.05560428835451603,3.34248149394989,0.1680232584476471,0.2565891146659851,0.8705515265464783,52.330535888671875,0.21306154131889343,0.21306154131889343,0.7002215385437012,0.11678875982761383,0.10282988846302032,0.2791774868965149,16.781902313232422,0.6481521129608154,0.0008746461163818687
285,0.010450647212564945,0.007577547337859869,0.057461997494101524,3.4541521072387695,0.16617567837238312,0.2604674696922302,0.8800851106643677,52.90361404418945,0.21646320819854736,0.21646320819854736,0.7100429534912109,0.12313371896743774,0.10924040526151657,0.27786630392074585,16.703079223632812,0.6702156066894531,0.0008738031919819456
286,0.00987956766039133,0.007147813681513071,0.05463508516550064,3.2842206954956055,0.16074880957603455,0.2615058720111847,0.8750874996185303,52.60320281982422,0.21775150299072266,0.21775150299072266,0.7112155556678772,0.12200320512056351,0.10773592442274094,0.28534558415412903,17.152673721313477,0.6648949384689331,0.0008729578769239999
287,0.010318204294890165,0.007542508654296398,0.055513910949230194,3.3370487689971924,0.16301444172859192,0.26195991039276123,0.8685216903686523,52.20852279663086,0.21853381395339966,0.21853381395339966,0.7122997641563416,0.11810292303562164,0.10397351533174515,0.2825882136821747,16.986921310424805,0.6483255624771118,0.0008721101770017265
288,0.009850118309259415,0.007154838182032108,0.05390560254454613,3.2403699159622192,0.15802080184221268,0.25787392258644104,0.863522469997406,51.90800857543945,0.21469780802726746,0.21469780802726746,0.7021963596343994,0.11640257388353348,0.10273955762386322,0.27326032519340515,16.426206588745117,0.6478607654571533,0.0008712600980251656
289,0.00990698067471385,0.007158839609473944,0.05496281944215298,3.303921699523926,0.15896457433700562,0.2648947238922119,0.884443998336792,53.1656379699707,0.22067253291606903,0.22067253291606903,0.7151774168014526,0.11788622289896011,0.10408852994441986,0.27595388889312744,16.58812141418457,0.6499589681625366,0.0008704076458206632
290,0.009291619528084993,0.006609270814806223,0.05364697054028511,3.224823236465454,0.1535794660449028,0.2637295722961426,0.8779850006103516,52.77737808227539,0.21983031928539276,0.21983031928539276,0.7130219340324402,0.11709882318973541,0.10304665565490723,0.2810433804988861,16.894060134887695,0.6491393446922302,0.0008695528262308317
291,0.00904615642502904,0.006395054282620549,0.05302204564213753,3.1872578859329224,0.15148673206567764,0.26509883999824524,0.8760736584663391,52.662479400634766,0.22129514813423157,0.22129514813423157,0.716447651386261,0.11991163343191147,0.1058899313211441,0.2804340422153473,16.857431411743164,0.6591662168502808,0.0008686956451145084
292,0.009091793093830347,0.006471019238233566,0.052415475249290466,3.150795817375183,0.1518615037202835,0.264383465051651,0.8736002445220947,52.51380157470703,0.22070345282554626,0.22070345282554626,0.7144055962562561,0.1182694360613823,0.10444115847349167,0.2765656113624573,16.624893188476562,0.6534364223480225,0.0008678361083467171
293,0.008879875531420112,0.006260865135118365,0.05238020792603493,3.1486756801605225,0.14974451810121536,0.26284757256507874,0.8613317608833313,51.77631759643555,0.21978098154067993,0.21978098154067993,0.7125261425971985,0.11692415177822113,0.10312281548976898,0.2760266959667206,16.592498779296875,0.6457881927490234,0.0008669742218186262
294,0.008794480934739113,0.006246271543204784,0.05096418783068657,3.0635560750961304,0.15001961216330528,0.26627856492996216,0.8728404641151428,52.46813201904297,0.22263655066490173,0.22263655066490173,0.7191164493560791,0.1200747862458229,0.10622046142816544,0.277086466550827,16.65620231628418,0.6561638116836548,0.0008661099914375098
295,0.008593629579991102,0.006074469187296927,0.05038321390748024,3.028632164001465,0.14754339680075645,0.2630622982978821,0.8678044080734253,52.165401458740234,0.2196720689535141,0.2196720689535141,0.7139790058135986,0.11879251897335052,0.10495395213365555,0.27677133679389954,16.63726234436035,0.6541361212730408,0.0008652434231267059
296,0.008655887097120285,0.006108560133725405,0.050946539267897606,3.062495231628418,0.1481873020529747,0.2616885006427765,0.8547147512435913,51.37855529785156,0.21895277500152588,0.21895277500152588,0.713869571685791,0.12005013972520828,0.10615120083093643,0.277978777885437,16.709840774536133,0.6583889126777649,0.0008643745228255767
297,0.00824520317837596,0.005780755076557398,0.04928896762430668,2.962855100631714,0.14320290088653564,0.262212872505188,0.852155864238739,51.2247314453125,0.21960507333278656,0.21960507333278656,0.7145319581031799,0.12277043610811234,0.10900884866714478,0.2752316892147064,16.544706344604492,0.6677278280258179,0.0008635032964894676
298,0.008417179808020592,0.005976031068712473,0.048822976648807526,2.934843420982361,0.14581619948148727,0.2632460296154022,0.8546853065490723,51.37678527832031,0.2205117642879486,0.2205117642879486,0.7136023044586182,0.11809597164392471,0.10444024205207825,0.2731146514415741,16.417451858520508,0.6493044495582581,0.0008626297500896666
299,0.008140910882502794,0.005672727013006806,0.04936367832124233,2.96734619140625,0.14265646040439606,0.2688574194908142,0.8731474280357361,52.48657989501953,0.22520005702972412,0.22520005702972412,0.7224302291870117,0.11939886212348938,0.10570162534713745,0.2739447057247162,16.46734619140625,0.65265291929245,0.0008617538896133625
300,0.008211370557546616,0.005747395567595959,0.04927950166165829,2.9622859954833984,0.1439247578382492,0.2679595351219177,0.8646970987319946,51.978614807128906,0.2247246652841568,0.2247246652841568,0.7228854894638062,0.12014296650886536,0.10647384822368622,0.27338236570358276,16.433542251586914,0.6581822037696838,0.0008608757210636052
301,0.007826660526916385,0.005405416013672948,0.04842488840222359,2.9109137058258057,0.1405918225646019,0.26091039180755615,0.8390439748764038,50.43655776977539,0.21895819902420044,0.21895819902420044,0.7111020684242249,0.11723122000694275,0.10361999273300171,0.272224485874176,16.36393928527832,0.6513588428497314,0.0008599952504592636
302,0.008120113983750343,0.005721231922507286,0.047977644950151443,2.8840287923812866,0.14343571662902832,0.2625671327114105,0.8387861251831055,50.421058654785156,0.2206278145313263,0.2206278145313263,0.7134768962860107,0.11901426315307617,0.10531628876924515,0.2739594876766205,16.46823501586914,0.6555178165435791,0.0008591124838349845
303,0.007679039612412453,0.005298981326632202,0.04760116524994373,2.8613981008529663,0.13725850731134415,0.2697216272354126,0.8565203547477722,51.487091064453125,0.22689560055732727,0.22689560055732727,0.7256160974502563,0.11958236247301102,0.1058923676609993,0.2737998366355896,16.458637237548828,0.6521832346916199,0.0008582274272411517
304,0.007734094746410847,0.005281442543491721,0.04905304126441479,2.948673129081726,0.13779789209365845,0.2669909596443176,0.8600207567214966,51.697513580322266,0.22398991882801056,0.22398991882801056,0.7200671434402466,0.11715234071016312,0.10364639759063721,0.2701188623905182,16.237367630004883,0.6455516815185547,0.0008573400867438438
305,0.007490556919947267,0.005096813547424972,0.04787486419081688,2.877850294113159,0.1358022578060627,0.2631661593914032,0.8494095802307129,51.059654235839844,0.22069567441940308,0.22069567441940308,0.7143338918685913,0.11973761767148972,0.10620611906051636,0.27062997221946716,16.268091201782227,0.6590803861618042,0.0008564504684247932
306,0.007572103291749954,0.005245924927294254,0.04652356170117855,2.796621322631836,0.1371890977025032,0.2632620930671692,0.833187997341156,50.08454132080078,0.2216026782989502,0.2216026782989502,0.7176029086112976,0.12014725804328918,0.10647717863321304,0.2734016478061676,16.434701919555664,0.6597046256065369,0.0008555585783813443
307,0.007427763193845749,0.005117970053106546,0.0461958609521389,2.776922345161438,0.13560011237859726,0.2662946581840515,0.833831250667572,50.12321472167969,0.2246031016111374,0.2246031016111374,0.721816897392273,0.11775967478752136,0.10418399423360825,0.27151361107826233,16.32120704650879,0.6485061049461365,0.0008546644227264119
308,0.007240703096613288,0.004929855698719621,0.046216944232583046,2.778190016746521,0.1326189711689949,0.27060315012931824,0.8488268256187439,51.02462387084961,0.22816181182861328,0.22816181182861328,0.7292177081108093,0.12061028182506561,0.10718558728694916,0.2684939503669739,16.139690399169922,0.6561737060546875,0.0008537680075884382
309,0.007200222462415695,0.004878888954408467,0.0464266762137413,2.790797233581543,0.13336070626974106,0.2633712589740753,0.8308000564575195,49.941001892089844,0.22183126211166382,0.22183126211166382,0.7160954475402832,0.11593535542488098,0.10269013047218323,0.26490455865859985,15.923924446105957,0.6433078050613403,0.0008528693391113527
310,0.007295223418623209,0.005025982856750488,0.045384811237454414,2.7281686067581177,0.13638614863157272,0.2642973065376282,0.8243904709815979,49.55570602416992,0.22307778894901276,0.22307778894901276,0.7183743715286255,0.116231270134449,0.10283501446247101,0.26792508363723755,16.105493545532227,0.6451059579849243,0.0008519684234545282
311,0.007380641996860504,0.005113312741741538,0.045346589758992195,2.7258710861206055,0.13610857725143433,0.2696375548839569,0.8409530520439148,50.55131149291992,0.2275899052619934,0.2275899052619934,0.7284590005874634,0.12267129868268967,0.10913731157779694,0.27067968249320984,16.271080017089844,0.6670166850090027,0.0008510652667927398
312,0.0069726621732115746,0.004722983809188008,0.0449935607612133,2.704650044441223,0.1286248341202736,0.26797276735305786,0.8353856801986694,50.216651916503906,0.22620348632335663,0.22620348632335663,0.7257027626037598,0.11889056861400604,0.10545387119054794,0.26873400807380676,16.15412139892578,0.6496054530143738,0.0008501598753161223
313,0.007085037417709827,0.004752739565446973,0.04664595425128937,2.803978443145752,0.1324441060423851,0.26451575756073,0.8237695097923279,49.51838302612305,0.22332727909088135,0.22332727909088135,0.7203699946403503,0.12054938077926636,0.10726605355739594,0.2656666040420532,15.969735145568848,0.6583817005157471,0.0008492522552301272
314,0.006741906050592661,0.004565637093037367,0.04352537728846073,2.6163944005966187,0.12900835275650024,0.2647027373313904,0.8221650719642639,49.42192840576172,0.22359447181224823,0.22359447181224823,0.7193756699562073,0.11934864521026611,0.10599926114082336,0.266987681388855,16.049144744873047,0.6554902195930481,0.0008483424127554811
315,0.0067367819137871265,0.0045243792701512575,0.044248051941394806,2.659835934638977,0.12654469907283783,0.2645775079727173,0.816868245601654,49.1035270690918,0.22373409569263458,0.22373409569263458,0.7182495594024658,0.11501214653253555,0.10179390758275986,0.2643647789955139,15.891477584838867,0.6387739777565002,0.0008474303541281425
316,0.00700749340467155,0.004821297246962786,0.04372391849756241,2.6283291578292847,0.13157228007912636,0.2720024585723877,0.8254879713058472,49.621673583984375,0.23072804510593414,0.23072804510593414,0.7347804307937622,0.12223546206951141,0.10893988609313965,0.2659115195274353,15.984457015991211,0.6605953574180603,0.000846516085599259
317,0.00692371279001236,0.004741380922496319,0.043646641075611115,2.6236839294433594,0.13082589209079742,0.2665812075138092,0.8145191669464111,48.962318420410156,0.2258552610874176,0.2258552610874176,0.7241953611373901,0.12239833176136017,0.10917843878269196,0.26439782977104187,15.893464088439941,0.6640675067901611,0.0008455996134351248
318,0.006693085189908743,0.004564756294712424,0.04256657510995865,2.5587589740753174,0.12849833816289902,0.266609251499176,0.8186866641044617,49.21284103393555,0.22567492723464966,0.22567492723464966,0.723395824432373,0.1174519881606102,0.10418296605348587,0.2653804123401642,15.95252799987793,0.6471821665763855,0.0008446809439171374
319,0.006358794402331114,0.004174074623733759,0.04369439743459225,2.6265547275543213,0.12326563522219658,0.27188193798065186,0.8294733762741089,49.86124801635742,0.23040828108787537,0.23040828108787537,0.7303776741027832,0.12075287848711014,0.10753103345632553,0.26443684101104736,15.895811080932617,0.6615256071090698,0.0008437600833417549
320,0.006537710316479206,0.004449416417628527,0.04176587425172329,2.5106276273727417,0.1270984224975109,0.2705835700035095,0.812004566192627,48.8111686706543,0.22998332977294922,0.22998332977294922,0.7289633750915527,0.11632876843214035,0.10330018401145935,0.26057168841362,15.663469314575195,0.6449365615844727,0.0008428370380204527
321,0.0063930354081094265,0.004288612399250269,0.042088458314538,2.530018448829651,0.12531088292598724,0.2674182057380676,0.8011531233787537,48.15885925292969,0.2273605465888977,0.2273605465888977,0.724077582359314,0.11487559229135513,0.10186083614826202,0.26029515266418457,15.646843910217285,0.6365962028503418,0.0008419118142796799
322,0.006140248151496053,0.004078753525391221,0.041229892522096634,2.478408455848694,0.12302665412425995,0.27074897289276123,0.8175652623176575,49.14542770385742,0.22987070679664612,0.22987070679664612,0.73557448387146,0.12443714588880539,0.11126797646284103,0.2633834481239319,15.832488059997559,0.6685112118721008,0.0008409844184608164
323,0.006372252944856882,0.004308547591790557,0.04127410240471363,2.4810659885406494,0.1263302117586136,0.2680065631866455,0.8082473278045654,48.58531188964844,0.22759419679641724,0.22759419679641724,0.7311004400253296,0.12131685018539429,0.10825388133525848,0.26125940680503845,15.70480728149414,0.6572374701499939,0.0008400548569201295
324,0.006158240605145693,0.004109670640900731,0.04097139649093151,2.4628700017929077,0.12225957214832306,0.26332545280456543,0.7900936603546143,47.494056701660156,0.223820760846138,0.223820760846138,0.7200449109077454,0.11843857169151306,0.105553537607193,0.25770071148872375,15.490888595581055,0.6494941711425781,0.0008391231360287296
325,0.006083817454054952,0.004077788442373276,0.04012058116495609,2.411725878715515,0.12237830460071564,0.2673725187778473,0.790501058101654,47.51854705810547,0.22784745693206787,0.22784745693206787,0.7265502214431763,0.1200312152504921,0.10708235204219818,0.2589772939682007,15.567625999450684,0.656661868095398,0.0008381892621725278
326,0.005846335319802165,0.003863603575155139,0.03965463303029537,2.3837164640426636,0.11680714786052704,0.26898911595344543,0.7921451926231384,47.617374420166016,0.22938185930252075,0.22938185930252075,0.7292947769165039,0.11447587609291077,0.10168512910604477,0.25581496953964233,15.377533912658691,0.6344733238220215,0.0008372532417521906
327,0.006060313433408737,0.004033658187836409,0.040533099323511124,2.4365230798721313,0.12184149026870728,0.27121469378471375,0.8057679533958435,48.43627166748047,0.2309262901544571,0.2309262901544571,0.7342487573623657,0.11919522285461426,0.1064242273569107,0.25541993975639343,15.353784561157227,0.6528745889663696,0.0008363150811830972
328,0.005723211914300919,0.003768913564272225,0.03908596560359001,2.3495328426361084,0.11917279288172722,0.267181932926178,0.7922458648681641,47.62343215942383,0.22756963968276978,0.22756963968276978,0.7272623181343079,0.12202919274568558,0.10910825431346893,0.2584187388420105,15.534049034118652,0.6649003624916077,0.0008353747868952953
329,0.0058214799501001835,0.0038255879189819098,0.03991783410310745,2.399538278579712,0.11750674992799759,0.26290059089660645,0.7736106514930725,46.503231048583984,0.22422006726264954,0.22422006726264954,0.7194276452064514,0.11714944243431091,0.10432411730289459,0.2565065622329712,15.41910457611084,0.6454849243164062,0.0008344323653334563
330,0.005854531889781356,0.0038907219422981143,0.03927619569003582,2.3609678745269775,0.12128021940588951,0.2728320360183716,0.8023151755332947,48.22871780395508,0.23271626234054565,0.23271626234054565,0.7388132810592651,0.12187665700912476,0.10903137177228928,0.25690576434135437,15.443102836608887,0.6586571931838989,0.0008334878229568325
331,0.006244177697226405,0.004279366694390774,0.03929621912539005,2.3621716499328613,0.12639429047703743,0.27298301458358765,0.8065128922462463,48.481048583984375,0.23265735805034637,0.23265735805034637,0.7379729747772217,0.11904270946979523,0.10639078915119171,0.25303834676742554,15.210623741149902,0.6516778469085693,0.0008325411662392112
332,0.0055932083632797,0.0036859121173620224,0.038145920261740685,2.2930248975753784,0.1163547933101654,0.26507148146629333,0.770401656627655,46.310333251953125,0.22655139863491058,0.22655139863491058,0.7228024005889893,0.11320480704307556,0.10065695643424988,0.2509569823741913,15.08551025390625,0.6320021152496338,0.0008315924016688717
333,0.005708931013941765,0.0038015784230083227,0.03814705088734627,2.2930928468704224,0.11864671856164932,0.2731262445449829,0.7836015820503235,47.10380554199219,0.23394617438316345,0.23394617438316345,0.7380374073982239,0.12120756506919861,0.1085076630115509,0.2539980411529541,15.26831340789795,0.6617477536201477,0.0008306415357485403
334,0.0058003561571240425,0.003923863172531128,0.03752986155450344,2.2559926509857178,0.11950493976473808,0.27415961027145386,0.7905795574188232,47.52327346801758,0.23463064432144165,0.23463064432144165,0.7422573566436768,0.12013266235589981,0.10759763419628143,0.25070056319236755,15.070093154907227,0.6560786366462708,0.0008296885749953453
335,0.005492083728313446,0.0035778918536379933,0.03828383423388004,2.301315426826477,0.11386919766664505,0.2658187747001648,0.7676631212234497,46.14570999145508,0.2274356186389923,0.2274356186389923,0.7288234233856201,0.11922086775302887,0.10674156993627548,0.24958594143390656,15.003093719482422,0.6527809500694275,0.000828733525940773
336,0.005642465548589826,0.0038173366338014603,0.03650257550179958,2.1942402124404907,0.11765091493725777,0.2626827657222748,0.7580991387367249,45.570804595947266,0.22477780282497406,0.22477780282497406,0.7216607332229614,0.12274522334337234,0.11009623855352402,0.2529796361923218,15.207096099853516,0.6644219756126404,0.0008277763951306229
337,0.005435241386294365,0.0036237575113773346,0.03622967749834061,2.177836060523987,0.11379924416542053,0.2691859006881714,0.7712650895118713,46.36223602294922,0.23062263429164886,0.23062263429164886,0.7331322431564331,0.11847744137048721,0.10591784119606018,0.2511919438838959,15.099632263183594,0.6446751356124878,0.0008268171891249622
338,0.005403796676546335,0.0035522724501788616,0.03703048266470432,2.2259738445281982,0.1147666946053505,0.27286797761917114,0.7785815000534058,46.80203628540039,0.23393890261650085,0.23393890261650085,0.7394516468048096,0.11735332757234573,0.10494354367256165,0.24819570779800415,14.919524192810059,0.6435854434967041,0.0008258559144980815
339,0.005287589272484183,0.0034567336551845074,0.036617109552025795,2.2011252641677856,0.11149781197309494,0.2676770091056824,0.7631945610046387,45.87710189819336,0.22951728105545044,0.22951728105545044,0.7319419980049133,0.11783748120069504,0.10543368011713028,0.24807597696781158,14.912325859069824,0.6508787870407104,0.0008248925778384496
340,0.00512608140707016,0.0033409041352570057,0.035703543573617935,2.1462091207504272,0.11074088141322136,0.26741960644721985,0.7575457096099854,45.537540435791016,0.2295423150062561,0.2295423150062561,0.7328214645385742,0.11836071312427521,0.1058599203824997,0.25001591444015503,15.02894115447998,0.6500390768051147,0.0008239271857486681
341,0.0050912825390696526,0.003280450706370175,0.03621663339436054,2.1770517826080322,0.1094033382833004,0.27319255471229553,0.7703424692153931,46.3067741394043,0.23467542231082916,0.23467542231082916,0.7417241930961609,0.12337849289178848,0.11087983846664429,0.2499731034040451,15.0263671875,0.6638387441635132,0.0008229597448454262
342,0.005041810683906078,0.003211086615920067,0.03661447949707508,2.200967311859131,0.10832550376653671,0.26841408014297485,0.7615268230438232,45.77684783935547,0.2303377389907837,0.2303377389907837,0.7335258722305298,0.12169144302606583,0.10945340991020203,0.24476061761379242,14.713033676147461,0.6595566272735596,0.0008219902617594552
343,0.004860317101702094,0.0031018269946798682,0.035169800743460655,2.1141247749328613,0.1062203049659729,0.2640373110771179,0.7476400136947632,44.94208908081055,0.22665530443191528,0.22665530443191528,0.7257641553878784,0.11647774279117584,0.10430679470300674,0.24341902136802673,14.632389068603516,0.64338219165802,0.0008210187431354841
344,0.004797321045771241,0.003086978103965521,0.03420685604214668,2.056240200996399,0.10474090278148651,0.26902294158935547,0.7540498971939087,45.327396392822266,0.23132044076919556,0.23132044076919556,0.7361074686050415,0.11922870576381683,0.10684685409069061,0.24763698875904083,14.88593864440918,0.6516203284263611,0.0008200451956321928
345,0.004711221670731902,0.0029667135095223784,0.03489016368985176,2.0973151326179504,0.10314930975437164,0.27239692211151123,0.7559489011764526,45.44154739379883,0.23459948599338531,0.23459948599338531,0.7428085207939148,0.1208389401435852,0.10849680751562119,0.24684272706508636,14.838193893432617,0.6545436382293701,0.0008190696259221665
346,0.004680739250034094,0.0029642164008691907,0.0343304555863142,2.063670039176941,0.10427016019821167,0.2699939012527466,0.7528074979782104,45.25271224975586,0.23235353827476501,0.23235353827476501,0.7380691766738892,0.12052987515926361,0.10830149054527283,0.24456770718097687,14.701437950134277,0.6542586088180542,0.000818092040691851
347,0.0045958084519952536,0.0029042683308944106,0.033830801025033,2.033634901046753,0.10336896032094955,0.2668035328388214,0.7463724613189697,44.86589050292969,0.2294849157333374,0.2294849157333374,0.7311002612113953,0.11912804841995239,0.10690364241600037,0.24448807537555695,14.696651458740234,0.6535465121269226,0.0008171124466415059
348,0.004643729422241449,0.0029469947330653667,0.03393469378352165,2.039880156517029,0.10277439653873444,0.2671182155609131,0.7394653558731079,44.4506950378418,0.23014496266841888,0.23014496266841888,0.7328066825866699,0.11850332468748093,0.10631175339221954,0.24383138120174408,14.65717601776123,0.6514332294464111,0.0008161308504851593
349,0.004522504983469844,0.0028539180057123303,0.03337173908948898,2.006039798259735,0.10189856216311455,0.2709277272224426,0.7474920153617859,44.933189392089844,0.23355312645435333,0.23355312645435333,0.7404009103775024,0.11734151095151901,0.105308897793293,0.24065221846103668,14.466069221496582,0.6441811323165894,0.0008151472589505611
350,0.004534377716481686,0.0028349620988592505,0.03398830909281969,2.0431028008461,0.1023077666759491,0.2707686722278595,0.7505573630332947,45.11744689941406,0.23324079811573029,0.23324079811573029,0.7396733164787292,0.11930818110704422,0.10716037452220917,0.24295616149902344,14.60456371307373,0.6522061824798584,0.0008141616787791377
351,0.00441729836165905,0.0027602668851614,0.033140629529953,1.9921473860740662,0.09964442625641823,0.2665847837924957,0.7322896718978882,44.019344329833984,0.2299703061580658,0.2299703061580658,0.7324260473251343,0.11855658143758774,0.10632920265197754,0.2445475459098816,14.700225830078125,0.6491514444351196,0.0008131741167259453
352,0.004364370252005756,0.002762823598459363,0.03203093446791172,1.9254414439201355,0.09967369586229324,0.26702818274497986,0.7307267785072327,43.9254035949707,0.23049184679985046,0.23049184679985046,0.7347157001495361,0.12000199407339096,0.10786081850528717,0.2428235113620758,14.596590995788574,0.6534665822982788,0.0008121845795596236
353,0.004306799499318004,0.002677253680303693,0.03259091451764107,1.959102749824524,0.09886941313743591,0.27131468057632446,0.7443820834159851,44.746246337890625,0.23409557342529297,0.23409557342529297,0.743783712387085,0.12201585620641708,0.10991978645324707,0.24192136526107788,14.54236125946045,0.6582571268081665,0.0008111930740623492
354,0.0043087482918053865,0.0026788682444021106,0.03259759955108166,1.9595047235488892,0.0987756997346878,0.26861771941185,0.7370508313179016,44.305545806884766,0.23176518082618713,0.23176518082618713,0.7384575605392456,0.11951939761638641,0.10746501386165619,0.2410876452922821,14.4922456741333,0.6495847702026367,0.0008101996070297903
355,0.004259367357008159,0.002693143906071782,0.03132446575909853,1.8829742670059204,0.09888040646910667,0.26558154821395874,0.7278429269790649,43.752044677734375,0.22918939590454102,0.22918939590454102,0.7314290404319763,0.1209300085902214,0.1088424026966095,0.24175217747688293,14.532190322875977,0.6577334403991699,0.0008092041852710587
356,0.004163858247920871,0.0025952885625883937,0.031371391378343105,1.885794997215271,0.0971510149538517,0.269646555185318,0.7301806807518005,43.892574310302734,0.23313753306865692,0.23313753306865692,0.7389122247695923,0.12039641290903091,0.10831473767757416,0.24163347482681274,14.525055885314941,0.6531505584716797,0.0008082068156086631
357,0.004241249989718199,0.00264672446064651,0.0318905133754015,1.9170002937316895,0.09803203865885735,0.2730904817581177,0.7358959317207336,44.23612594604492,0.236295685172081,0.236295685172081,0.7457377910614014,0.12027996778488159,0.10827373713254929,0.2401246428489685,14.434356689453125,0.6523326635360718,0.0008072075048784639
358,0.00403134454973042,0.0024993610568344593,0.030639667995274067,1.8418097496032715,0.09524785727262497,0.2690799832344055,0.729844331741333,43.87235641479492,0.2325877547264099,0.2325877547264099,0.738581657409668,0.12019246816635132,0.10826995223760605,0.23845034837722778,14.333711624145508,0.6553029417991638,0.0008062062599296249
359,0.004121511010453105,0.0025664804270491004,0.031100609339773655,1.869517743587494,0.09698565304279327,0.2651866376399994,0.7183855175971985,43.18354415893555,0.22926735877990723,0.22926735877990723,0.7311334609985352,0.11717609316110611,0.1053185909986496,0.23715005815029144,14.255550384521484,0.6451407670974731,0.0008052030876245668
360,0.004008478252217174,0.0025027571246027946,0.030114424414932728,1.8102362751960754,0.09504883736371994,0.27044087648391724,0.7257282137870789,43.62492370605469,0.23415447771549225,0.23415447771549225,0.740562915802002,0.1198052167892456,0.10778775811195374,0.24034914374351501,14.44785213470459,0.6520048379898071,0.0008041979948389203
361,0.0040155157912522554,0.002483317395672202,0.030643966048955917,1.842068076133728,0.09513965994119644,0.27058303356170654,0.7282242774963379,43.77497100830078,0.2341718077659607,0.2341718077659607,0.7417387962341309,0.12080100923776627,0.10888798534870148,0.2382604479789734,14.322297096252441,0.6539376974105835,0.0008031909884614789
362,0.004001621622592211,0.0023736883886158466,0.03255866467952728,1.957164227962494,0.0929475724697113,0.2641350328922272,0.7107483148574829,42.724456787109375,0.22859761118888855,0.22859761118888855,0.7317027449607849,0.11904918402433395,0.10725891590118408,0.23580531775951385,14.174714088439941,0.6494796276092529,0.0008021820753941513
363,0.003995726816356182,0.0024581558536738157,0.030751418322324753,1.8485273718833923,0.09487993642687798,0.26782307028770447,0.7119038105010986,42.79391098022461,0.2322278767824173,0.2322278767824173,0.7389580607414246,0.12081653624773026,0.1088578999042511,0.23917275667190552,14.37713623046875,0.6551065444946289,0.000801171262551915
364,0.0038884005043655634,0.0023798138136044145,0.030171730555593967,1.8136811256408691,0.09254766255617142,0.2698752284049988,0.7154200077056885,43.00528335571289,0.2341042160987854,0.2341042160987854,0.7413954734802246,0.11956558376550674,0.10773558914661407,0.23659992218017578,14.222479820251465,0.6500152945518494,0.000800158556862768
365,0.003915896872058511,0.0023008608259260654,0.03230071812868118,1.9416587352752686,0.09126870706677437,0.26751038432121277,0.7074903249740601,42.52861404418945,0.2321358621120453,0.2321358621120453,0.7381044626235962,0.11819452792406082,0.10650841146707535,0.23372238874435425,14.049506187438965,0.6453200578689575,0.0007991439652676816
366,0.0037823673337697983,0.002315608551725745,0.029335176572203636,1.7633943557739258,0.09156743437051773,0.26494458317756653,0.6993829011917114,42.041259765625,0.22997543215751648,0.22997543215751648,0.7348862290382385,0.1201515942811966,0.10846249759197235,0.23378188908100128,14.053082466125488,0.6541573405265808,0.000798127494720553
367,0.003749576862901449,0.0023096629884094,0.028798277489840984,1.7311201691627502,0.09147858619689941,0.2673327624797821,0.7056409120559692,42.417442321777344,0.23205071687698364,0.23205071687698364,0.7385066151618958,0.12012697756290436,0.10843469202518463,0.23384574055671692,14.05691909790039,0.6532514095306396,0.0007971091521881574
368,0.003737360704690218,0.002238599059637636,0.02997523546218872,1.8018694519996643,0.09005754441022873,0.2706207036972046,0.7121362090110779,42.80788803100586,0.2350139021873474,0.2350139021873474,0.7434588670730591,0.11983218044042587,0.1081530824303627,0.233582004904747,14.041065216064453,0.6513570547103882,0.0007960889446501008
369,0.003681660396978259,0.00225670519284904,0.02849910408258438,1.7131361961364746,0.09011974930763245,0.26951050758361816,0.7044379115104675,42.345123291015625,0.23428861796855927,0.23428861796855927,0.7416994571685791,0.12045366317033768,0.10877129435539246,0.2336474061012268,14.044997215270996,0.6542083024978638,0.000795066879098771
370,0.0036079244455322623,0.0021870522759854794,0.02841744478791952,1.7082275748252869,0.08915098011493683,0.26649343967437744,0.6959028840065002,41.83206558227539,0.23169828951358795,0.23169828951358795,0.736427366733551,0.11895736306905746,0.10735459625720978,0.23205535113811493,13.949295043945312,0.6497019529342651,0.0007940429625392913
371,0.0036013515200465918,0.0022055249428376555,0.027916531078517437,1.678116798400879,0.08958430960774422,0.26895490288734436,0.6995814442634583,42.053192138671875,0.2339758276939392,0.2339758276939392,0.7408652305603027,0.11909270286560059,0.10744717717170715,0.23291058838367462,14.00070571899414,0.6492233872413635,0.000793017201989471
372,0.0035690050572156906,0.002164524223189801,0.028089615516364574,1.6885210871696472,0.08846064656972885,0.2704678773880005,0.701810359954834,42.18718338012695,0.23537737131118774,0.23537737131118774,0.743772029876709,0.12046179920434952,0.1088000237941742,0.2332354635000229,14.020234107971191,0.6543725728988647,0.0007919896044797579
373,0.003517414559610188,0.002134791691787541,0.027652458287775517,1.6622426509857178,0.0877370797097683,0.2667960226535797,0.691853940486908,41.58867645263672,0.23220333456993103,0.23220333456993103,0.738418698310852,0.11883372068405151,0.10732509195804596,0.23017260432243347,13.83612060546875,0.6482545137405396,0.0007909601770531903
374,0.003524110303260386,0.0021695427130907774,0.02709135040640831,1.6285134553909302,0.08834509551525116,0.26569685339927673,0.6913027763366699,41.55554962158203,0.23113170266151428,0.23113170266151428,0.7370338439941406,0.12023226916790009,0.10871127247810364,0.23041994869709015,13.850987434387207,0.6525551080703735,0.0007899289267653487
375,0.0034621853847056627,0.002096025098580867,0.027323205024003983,1.642450749874115,0.08726966753602028,0.2690381109714508,0.6937147974967957,41.700538635253906,0.23435238003730774,0.23435238003730774,0.7432478070259094,0.12006166577339172,0.10849526524543762,0.2313280701637268,13.90557861328125,0.6499202847480774,0.0007888958606843069
376,0.0034617140190675855,0.0021334077464416623,0.026566126383841038,1.5969414114952087,0.08820036053657532,0.26868802309036255,0.6890528202056885,41.42029571533203,0.23423537611961365,0.23423537611961365,0.7422736287117004,0.12004435807466507,0.10853396356105804,0.2302079051733017,13.838241577148438,0.6512287259101868,0.0007878609858905844
377,0.0033734955359250307,0.002050156472250819,0.026466780342161655,1.5909693241119385,0.08612946420907974,0.2670140564441681,0.6842665672302246,41.13258361816406,0.23280072212219238,0.23280072212219238,0.7393357157707214,0.12096051871776581,0.10959538072347641,0.22730274498462677,13.663607597351074,0.6569652557373047,0.0007868243094770969
378,0.0034398757852613926,0.0021327873691916466,0.02614176832139492,1.5714322328567505,0.08790255710482597,0.26671943068504333,0.6839410066604614,41.11301040649414,0.2325223684310913,0.2325223684310913,0.7384729385375977,0.11956828832626343,0.10820876806974411,0.22719036042690277,13.656851768493652,0.6506626605987549,0.0007857858385491085
379,0.003325368743389845,0.0020231924136169255,0.026043526828289032,1.5655269026756287,0.08560317754745483,0.27039968967437744,0.6905092597007751,41.50784683227539,0.2358742356300354,0.2358742356300354,0.7453479766845703,0.11980186402797699,0.108340784907341,0.22922156751155853,13.778951644897461,0.6501316428184509,0.0007847455802241828
380,0.003354173735715449,0.002042903215624392,0.026225410401821136,1.5764601826667786,0.08588121086359024,0.26991602778434753,0.6876714825630188,41.337257385253906,0.23553244769573212,0.23553244769573212,0.7449318170547485,0.1201879009604454,0.10877865552902222,0.22818486392498016,13.716634750366211,0.6525483131408691,0.0007837035416321337
381,0.0032681378070265055,0.001989200245589018,0.025578749366104603,1.5375880599021912,0.08485342189669609,0.26577651500701904,0.6761457324028015,40.64442825317383,0.2319692224264145,0.2319692224264145,0.7374567985534668,0.11896753311157227,0.10761890560388565,0.2269725352525711,13.643757820129395,0.6488417983055115,0.0007826597299149774
382,0.003289433429017663,0.0020037504727952182,0.025713657028973103,1.5456976890563965,0.0849885456264019,0.26750221848487854,0.676416277885437,40.66068649291992,0.23368141055107117,0.23368141055107117,0.7419328093528748,0.12155505269765854,0.11017677187919617,0.22756566107273102,13.679413795471191,0.6563695669174194,0.0007816141522268821
383,0.0032475891057401896,0.001984980423003435,0.025252172723412514,1.5179569125175476,0.0850011557340622,0.26907968521118164,0.6809405088424683,40.93265151977539,0.23503264784812927,0.23503264784812927,0.7450855374336243,0.12103988975286484,0.10974524170160294,0.22589299082756042,13.578864097595215,0.6540960669517517,0.0007805668157341204
384,0.003196279052644968,0.0019264787551946938,0.025396003387868404,1.526602864265442,0.08370194584131241,0.26673731207847595,0.6724853515625,40.42439270019531,0.23311303555965424,0.23311303555965424,0.7401989698410034,0.11941279470920563,0.10817299783229828,0.22479598224163055,13.512920379638672,0.6496922373771667,0.0007795177276150193
385,0.00317200121935457,0.0019295720267109573,0.024848584085702896,1.493696391582489,0.08336689695715904,0.2666567862033844,0.6675275564193726,40.126373291015625,0.23328042030334473,0.23328042030334473,0.7399044632911682,0.11995156109333038,0.10859840363264084,0.22706319391727448,13.649208068847656,0.651508092880249,0.0007784668950599113
386,0.0031313311774283648,0.0019016226870007813,0.024594170041382313,1.4784031510353088,0.08293366804718971,0.26915186643600464,0.6724374890327454,40.42151641845703,0.23552998900413513,0.23552998900413513,0.7448710203170776,0.11989281326532364,0.1086115837097168,0.22562463581562042,13.562734603881836,0.6496664881706238,0.0007774143252710853
387,0.003121849847957492,0.0018904554890468717,0.02462788764387369,1.4804299473762512,0.0828266441822052,0.27075454592704773,0.676406741142273,40.66011428833008,0.23693421483039856,0.23693421483039856,0.7484508156776428,0.12191194295883179,0.11067142337560654,0.2248104363679886,13.513790130615234,0.6571490168571472,0.0007763600254627364
388,0.0030724492389708757,0.0018576409784145653,0.024296161718666553,1.4604892134666443,0.08216877654194832,0.267200231552124,0.6687195897102356,40.198028564453125,0.23376426100730896,0.23376426100730896,0.7412620782852173,0.12030087411403656,0.10904529690742493,0.22511149942874908,13.531888008117676,0.6536828279495239,0.0007753040028609179
389,0.0030694601591676474,0.0018668044358491898,0.024053115397691727,1.4458792805671692,0.08219358325004578,0.2668918967247009,0.6657422184944153,40.01905059814453,0.2336047738790512,0.2336047738790512,0.7406668066978455,0.11914973706007004,0.10791924595832825,0.22460979223251343,13.501728057861328,0.649308443069458,0.00077424626470349
390,0.0030665433732792735,0.0018700723885558546,0.023929418995976448,1.4384436011314392,0.08176390454173088,0.26915261149406433,0.6672323346138,40.10862731933594,0.23579099774360657,0.23579099774360657,0.7450388669967651,0.11993087828159332,0.10877174139022827,0.22318270802497864,13.41594409942627,0.6495679020881653,0.0007731868182400717
391,0.0030067048501223326,0.0018135320860892534,0.023863456211984158,1.4344785809516907,0.08116843551397324,0.2691044807434082,0.6663406491279602,40.05502700805664,0.23578743636608124,0.23578743636608124,0.7459201812744141,0.12003905326128006,0.10890669375658035,0.22264721989631653,13.383755683898926,0.6496332883834839,0.0007721256707319907
392,0.0029710319358855486,0.0017876823549158871,0.023666988126933575,1.4226683378219604,0.08068220317363739,0.26688724756240845,0.6607651710510254,39.71986770629883,0.23384898900985718,0.23384898900985718,0.7425358891487122,0.12078776210546494,0.10961584746837616,0.2234383076429367,13.43130874633789,0.6536887288093567,0.0007710628294522329
393,0.002960632904432714,0.0017892690375447273,0.023427275009453297,1.4082587957382202,0.08073654398322105,0.26662677526474,0.6582583785057068,39.56917953491211,0.23371386528015137,0.23371386528015137,0.7417870759963989,0.12145404517650604,0.11029833555221558,0.22311416268348694,13.411823272705078,0.6561422348022461,0.0007699983016853936
394,0.0029234433313831687,0.0017617380362935364,0.023234103806316853,1.3966467380523682,0.07992400974035263,0.2683274745941162,0.6599430441856384,39.67045211791992,0.23533031344413757,0.23533031344413757,0.7454614639282227,0.12096861004829407,0.10989907383918762,0.2213907390832901,13.308225631713867,0.6538753509521484,0.000768932094727627
395,0.002896851277910173,0.001741830026730895,0.02310042269527912,1.3886109590530396,0.07941123098134995,0.26822319626808167,0.6575245261192322,39.52506637573242,0.2353469580411911,0.2353469580411911,0.7457119822502136,0.12022247910499573,0.10920779407024384,0.22029367089271545,13.242279052734375,0.6514358520507812,0.0007678642158865958
396,0.0028745513409376144,0.0017210131045430899,0.023070765659213066,1.3868282437324524,0.07894804887473583,0.2680342495441437,0.6586559414863586,39.593082427978516,0.23510146141052246,0.23510146141052246,0.7445840835571289,0.12071853876113892,0.10970798134803772,0.2202112227678299,13.237322807312012,0.6536501049995422,0.0007667946724814224
397,0.002881018677726388,0.0017429862054996192,0.022760646417737007,1.3681865334510803,0.07937752828001976,0.26751184463500977,0.654643177986145,39.351863861083984,0.23477968573570251,0.23477968573570251,0.7436013221740723,0.12022899091243744,0.10923069715499878,0.21996580064296722,13.222569465637207,0.6518252491950989,0.0007657234718426375
398,0.0028677426744252443,0.001738428429234773,0.022586283273994923,1.3577051758766174,0.07879768311977386,0.26831525564193726,0.6512368321418762,39.14710235595703,0.23575341701507568,0.23575341701507568,0.7455902099609375,0.12119512259960175,0.11016855388879776,0.2205314338207245,13.256570816040039,0.6542325615882874,0.0007646506213121302
399,0.0028805024921894073,0.001749616814777255,0.02261771261692047,1.3595945835113525,0.07921355590224266,0.26775887608528137,0.6505705714225769,39.107051849365234,0.23523035645484924,0.23523035645484924,0.7445309162139893,0.12067145109176636,0.10966876149177551,0.2200537770986557,13.227856636047363,0.6523153781890869,0.0007635761282430981
400,0.0028831125237047672,0.0017560499254614115,0.022541251964867115,1.3549981713294983,0.07924879714846611,0.2672610282897949,0.6507257223129272,39.11637878417969,0.2347247451543808,0.2347247451543808,0.7446984648704529,0.12026312202215195,0.10930304229259491,0.21920162439346313,13.176633834838867,0.6509052515029907,0.0007624999999999961
401,0.002796314423903823,0.0016888906247913837,0.022148472256958485,1.3313875198364258,0.07778623327612877,0.2672472894191742,0.6513412594795227,39.15338897705078,0.23468023538589478,0.23468023538589478,0.7446259260177612,0.12191768735647202,0.11093215644359589,0.21971067786216736,13.207233428955078,0.65742027759552,0.000761422243958487
402,0.002797603723593056,0.0016927157994359732,0.022097756154835224,1.328338861465454,0.0782320648431778,0.26617878675460815,0.6454976201057434,38.8021125793457,0.2339039146900177,0.2339039146900177,0.7426974773406982,0.11942597478628159,0.10852484405040741,0.21802257001399994,13.105757713317871,0.647861897945404,0.0007603428675053898
403,0.0027790628373622894,0.001676393032539636,0.022053398191928864,1.3256723284721375,0.07809656858444214,0.2679538130760193,0.6448400020599365,38.762577056884766,0.23571179807186127,0.23571179807186127,0.7463563084602356,0.1215963214635849,0.1106325089931488,0.2192763239145279,13.181124687194824,0.6562099456787109,0.0007592618780386299
404,0.0027515694964677095,0.0016558897914364934,0.02191359642893076,1.3172687292099,0.07770457118749619,0.26749035716056824,0.6434739232063293,38.680458068847656,0.235316663980484,0.235316663980484,0.7459625005722046,0.12053842097520828,0.10963824391365051,0.218003511428833,13.1046142578125,0.652444064617157,0.0007581792829671881
405,0.002700932207517326,0.0016171662718988955,0.021675318479537964,1.3029453754425049,0.07672038301825523,0.26634764671325684,0.6421424746513367,38.600425720214844,0.23424051702022552,0.23424051702022552,0.7435258030891418,0.12002378702163696,0.10915176570415497,0.21744036674499512,13.070761680603027,0.650842547416687,0.0007570950897110498
406,0.0027068601921200752,0.0016359982546418905,0.02141723968088627,1.2874317169189453,0.07678923010826111,0.2679254710674286,0.6448169350624084,38.76119613647461,0.23568463325500488,0.23568463325500488,0.7463768720626831,0.12135736644268036,0.11046214401721954,0.2179044485092163,13.098657608032227,0.6549781560897827,0.0007560093057011541
407,0.0026648390339687467,0.0015953555121086538,0.021389667876064777,1.2857743501663208,0.07592697814106941,0.2675148546695709,0.6391190886497498,38.41868591308594,0.2355589121580124,0.2355589121580124,0.7465566396713257,0.12066467851400375,0.10980689525604248,0.21715568006038666,13.053648948669434,0.6508283615112305,0.0007549219383793432
408,0.002671691821888089,0.0016049527912400663,0.02133478131145239,1.282474935054779,0.07670625299215317,0.26866665482521057,0.6393702030181885,38.433780670166016,0.23669815063476562,0.23669815063476562,0.7482975125312805,0.12251744419336319,0.11162331700325012,0.21788258850574493,13.097342491149902,0.6580122709274292,0.0007538329951983108
409,0.002639111829921603,0.0015807769377715886,0.02116669900715351,1.2723711729049683,0.07585443556308746,0.26671406626701355,0.6353969573974609,38.194942474365234,0.23494422435760498,0.23494422435760498,0.7440478205680847,0.12061634659767151,0.10980994999408722,0.21612794697284698,12.991869926452637,0.6526669263839722,0.0007527424836215516
410,0.0026430372381582856,0.0015901107108220458,0.021058528684079647,1.265868902206421,0.07545182481408119,0.2673104703426361,0.6364888548851013,38.26057434082031,0.23548603057861328,0.23548603057861328,0.7451236248016357,0.11981959640979767,0.10908907651901245,0.21461032330989838,12.900642395019531,0.6502864956855774,0.0007516504111233101
411,0.002653108211234212,0.0016106384573504329,0.02084939368069172,1.2532974481582642,0.0754612386226654,0.267488032579422,0.6354128122329712,38.195892333984375,0.23571740090847015,0.23571740090847015,0.7461551427841187,0.121180459856987,0.11044517159461975,0.21470583975315094,12.906383514404297,0.6541824340820312,0.0007505567851885283
412,0.0026500729145482183,0.0016115994076244533,0.020769470371305943,1.2484930157661438,0.0756271630525589,0.2678997814655304,0.6327583193778992,38.03632736206055,0.23626187443733215,0.23626187443733215,0.7483078241348267,0.12144245207309723,0.11070490628480911,0.21475088596343994,12.909090995788574,0.6527480483055115,0.0007494616133127967
413,0.0025697624078020453,0.001538281561806798,0.02062961459159851,1.2400859594345093,0.07522707805037498,0.2683812975883484,0.6351351141929626,38.17919921875,0.23662453889846802,0.23662453889846802,0.7482897043228149,0.12274369597434998,0.11197909712791443,0.21529194712638855,12.94161605834961,0.6582818031311035,0.0007483649030023002
414,0.0025585987605154514,0.001533517788629979,0.020501616410911083,1.2323917150497437,0.07456693798303604,0.26603230834007263,0.6270870566368103,37.695411682128906,0.23467795550823212,0.23467795550823212,0.7442470788955688,0.12039754539728165,0.1096954196691513,0.21404248476028442,12.866507530212402,0.649250864982605,0.0007472666617737685
415,0.00262917869258672,0.0016049771220423281,0.020484031178057194,1.2313347458839417,0.07598717138171196,0.268440306186676,0.6296658515930176,37.850433349609375,0.23695702850818634,0.23695702850818634,0.7492364048957825,0.12279104441404343,0.112017422914505,0.2154724895954132,12.952467918395996,0.6575063467025757,0.000746166897154424
416,0.0026382344076409936,0.0016090759309008718,0.020583168603479862,1.2372940182685852,0.07595465704798698,0.26700204610824585,0.628023624420166,37.751708984375,0.23560085892677307,0.23560085892677307,0.7463241815567017,0.1224832758307457,0.1117180660367012,0.2153041809797287,12.942350387573242,0.6566115617752075,0.0007450656166819305
417,0.0024903088342398405,0.0014849507715553045,0.020107162185013294,1.2086804509162903,0.07337972149252892,0.26628947257995605,0.6257652640342712,37.61595916748047,0.23500120639801025,0.23500120639801025,0.7458251118659973,0.12004075199365616,0.10938862711191177,0.2130424529314041,12.80639362335205,0.6485545635223389,0.0007439628279043408
418,0.002554391510784626,0.0015510686207562685,0.020066455937922,1.2062333822250366,0.07543337345123291,0.2704395651817322,0.630810558795929,37.91923904418945,0.23889905214309692,0.23889905214309692,0.7538565993309021,0.12367664277553558,0.11298622190952301,0.21380847692489624,12.852439880371094,0.662927508354187,0.0007428585383800457
419,0.0026459810324013233,0.0016386851202696562,0.020145916379988194,1.2110099792480469,0.07826895639300346,0.26601049304008484,0.6210811138153076,37.33438491821289,0.23495644330978394,0.23495644330978394,0.7445774078369141,0.1196623295545578,0.10908446460962296,0.21155735850334167,12.717121124267578,0.6485036611557007,0.0007417527556777223
420,0.0026340160984545946,0.0016349860234186053,0.019980601966381073,1.2010726928710938,0.07725487649440765,0.26677292585372925,0.6220130920410156,37.39040756225586,0.235672265291214,0.235672265291214,0.7453011274337769,0.12095452100038528,0.11030634492635727,0.21296356618404388,12.801652908325195,0.6521322131156921,0.0007406454873762809
421,0.0024672301951795816,0.0014783453079871833,0.019777700304985046,1.1888757944107056,0.0735868401825428,0.26937466859817505,0.6271596550941467,37.69977951049805,0.23801669478416443,0.23801669478416443,0.7505944967269897,0.12364625930786133,0.11296311020851135,0.2136629819869995,12.843695640563965,0.6611471176147461,0.0007395367410648148
422,0.0025406418135389686,0.0015546183567494154,0.01972046960145235,1.1854355931282043,0.07505001127719879,0.26672446727752686,0.6193159818649292,37.22827911376953,0.23575866222381592,0.23575866222381592,0.7467664480209351,0.11982984840869904,0.10932323336601257,0.21013234555721283,12.631462097167969,0.6471080780029297,0.000738426524342547
423,0.0024665675591677427,0.0014877731446176767,0.019575885497033596,1.1767444014549255,0.07339472696185112,0.2655019760131836,0.6166455745697021,37.067752838134766,0.23466970026493073,0.23466970026493073,0.7448121309280396,0.12282934039831161,0.1122705489397049,0.21117578446865082,12.694184303283691,0.6598696708679199,0.0007373148448187787
424,0.0024569524684920907,0.0014826422557234764,0.019486202858388424,1.1713533997535706,0.07381659373641014,0.2648720145225525,0.6137301921844482,36.89250564575195,0.23418551683425903,0.23418551683425903,0.743904709815979,0.1210373044013977,0.11057928204536438,0.2091604769229889,12.573040962219238,0.6515583992004395,0.0007362017101128366
425,0.002461486728861928,0.0014943256974220276,0.01934321876615286,1.1627582907676697,0.07423432543873787,0.2707357704639435,0.6246410012245178,37.54838180541992,0.23950371146202087,0.23950371146202087,0.7545744180679321,0.12291888892650604,0.11239825189113617,0.21041269600391388,12.648314476013184,0.6565423011779785,0.0007350871278540218
426,0.002469356986694038,0.0014993551885709167,0.019400034099817276,1.16617351770401,0.07279445230960846,0.26962190866470337,0.6204581260681152,37.29694366455078,0.2385990172624588,0.2385990172624588,0.7525226473808289,0.1223728358745575,0.11182564496994019,0.210943803191185,12.680240631103516,0.6559850573539734,0.0007339711056815558
427,0.0024340329691767693,0.001480457081925124,0.01907151471823454,1.1464256048202515,0.07338429987430573,0.264869749546051,0.6072030067443848,36.50014114379883,0.23450960218906403,0.23450960218906403,0.7448000907897949,0.11936037987470627,0.10890979319810867,0.20901177823543549,12.564103126525879,0.6463149785995483,0.0007328536512445299
428,0.002410855144262314,0.0014602623414248228,0.019011855125427246,1.1428393125534058,0.07246436178684235,0.2664547860622406,0.6134710907936096,36.87692642211914,0.2357812225818634,0.2357812225818634,0.7480748891830444,0.12230826914310455,0.11185555160045624,0.2090543508529663,12.56666088104248,0.6580518484115601,0.0007317347722018518
429,0.0023368833353742957,0.0013958370545879006,0.018820924684405327,1.1313621997833252,0.0713798776268959,0.2659704089164734,0.6106569766998291,36.70777130126953,0.2354375720024109,0.2354375720024109,0.7469216585159302,0.1204838976264,0.11008574068546295,0.20796312391757965,12.501065254211426,0.6489543914794922,0.0007306144762221927
430,0.0023650560760870576,0.0014242532197386026,0.018816055729985237,1.1310696005821228,0.07245638966560364,0.26670390367507935,0.6101216077804565,36.67559051513672,0.2361978143453598,0.2361978143453598,0.7488236427307129,0.12326366454362869,0.11279840767383575,0.20930519700050354,12.581740379333496,0.6591408252716064,0.0007294927709839364
431,0.0023339788895100355,0.001398885273374617,0.01870187185704708,1.1242057085037231,0.0713188648223877,0.2660854458808899,0.6071376204490662,36.496212005615234,0.23572856187820435,0.23572856187820435,0.7484814524650574,0.12315481901168823,0.1127098947763443,0.20889845490455627,12.557291030883789,0.6584583520889282,0.0007283696641751246
432,0.002311215619556606,0.0013819315645378083,0.018585681915283203,1.1172212362289429,0.07122019305825233,0.2672620117664337,0.6081326007843018,36.556026458740234,0.2368553876876831,0.2368553876876831,0.7507407665252686,0.12227147817611694,0.11188646405935287,0.20770029723644257,12.485264778137207,0.6542733311653137,0.0007272451634934057
433,0.002305983565747738,0.0013779583387076855,0.018560503609478474,1.1157077550888062,0.0700407400727272,0.26849809288978577,0.612000048160553,36.78850173950195,0.2378980815410614,0.2378980815410614,0.7519333958625793,0.12304350733757019,0.11263810843229294,0.20810797810554504,12.509772300720215,0.6576384902000427,0.0007261192766459815
434,0.0022427807562053204,0.0013252021744847298,0.018351570703089237,1.1031485795974731,0.06933080777525902,0.2672904431819916,0.6078528761863708,36.539215087890625,0.2368977963924408,0.2368977963924408,0.7489231824874878,0.12004063278436661,0.10966213047504425,0.20757003128528595,12.477436065673828,0.6473350524902344,0.0007249920113495545
435,0.0023053677286952734,0.0013897864264436066,0.018311627209186554,1.1007473468780518,0.07104034721851349,0.26864856481552124,0.6096231341362,36.645626068115234,0.238167405128479,0.238167405128479,0.7518491744995117,0.12287260591983795,0.11245271563529968,0.20839780569076538,12.527194023132324,0.659031867980957,0.0007238633753302745
436,0.0022682580165565014,0.0013614841736853123,0.018135476857423782,1.0901586413383484,0.07034416496753693,0.2670988440513611,0.6044724583625793,36.33601379394531,0.23687520623207092,0.23687520623207092,0.7492759823799133,0.12278880178928375,0.1124015748500824,0.20774449408054352,12.487923622131348,0.65736985206604,0.0007227333763236868
437,0.0022276846575550735,0.0013234378420747817,0.018084936775267124,1.087120532989502,0.06987703591585159,0.2652648091316223,0.6002716422080994,36.083492279052734,0.23525121808052063,0.23525121808052063,0.7466450929641724,0.12168599665164948,0.11134085059165955,0.2069028913974762,12.437331199645996,0.6523429155349731,0.0007216020220746778
438,0.0022390495287254453,0.0013433744315989316,0.017913502641022205,1.0768152475357056,0.0690889060497284,0.2651432156562805,0.6000797152519226,36.07194900512695,0.23513922095298767,0.23513922095298767,0.7470732927322388,0.12330592423677444,0.11290674656629562,0.2079835683107376,12.50229549407959,0.6583200693130493,0.0007204693203374228
439,0.002211441518738866,0.0013178059016354382,0.017872711643576622,1.0743632912635803,0.06954945251345634,0.26601874828338623,0.600409209728241,36.091758728027344,0.23599828779697418,0.23599828779697418,0.7480810880661011,0.12100262194871902,0.11068899929523468,0.2062724530696869,12.399435043334961,0.64839768409729,0.000719335278875333
440,0.002200731309130788,0.0013118547503836453,0.01777753233909607,1.0686418414115906,0.06922094151377678,0.2679179012775421,0.6006525158882141,36.106388092041016,0.2378852665424347,0.2378852665424347,0.7514368295669556,0.1234949454665184,0.11313840001821518,0.20713095366954803,12.451042175292969,0.6588149070739746,0.0007181999054610013
441,0.0021668997360393405,0.001280072727240622,0.01773654017597437,1.066177785396576,0.0681998822838068,0.2677942216396332,0.6000844836235046,36.072242736816406,0.23778998851776123,0.23778998851776123,0.750983476638794,0.12230303883552551,0.11203368008136749,0.2053871601819992,12.346219062805176,0.6557796001434326,0.0007170632078761502
442,0.0021883342415094376,0.0013092473964206874,0.01758173480629921,1.0568721294403076,0.06906215474009514,0.2674860656261444,0.600064754486084,36.0710563659668,0.23748281598091125,0.23748281598091125,0.7504056692123413,0.12240264564752579,0.1121646910905838,0.20475909113883972,12.308465003967285,0.6570342183113098,0.0007159251939115774
443,0.0020982580026611686,0.0012208308326080441,0.01754854153841734,1.054876685142517,0.06653456017374992,0.26860755681991577,0.6020992994308472,36.19335174560547,0.2385025918483734,0.2385025918483734,0.7523758411407471,0.12355026602745056,0.11326216906309128,0.20576201379299164,12.368751525878906,0.6610941886901855,0.0007147858713671033
444,0.0021127165528014302,0.0012440987338777632,0.017372356727719307,1.0442859828472137,0.06720716506242752,0.26624810695648193,0.5960875153541565,35.831974029541016,0.23644372820854187,0.23644372820854187,0.7482373714447021,0.12111879885196686,0.11085831373929977,0.20520976185798645,12.335556983947754,0.6502100825309753,0.000713645248051517
445,0.002122278790920973,0.0012502346653491259,0.01744088251143694,1.048405110836029,0.0671728365123272,0.26642417907714844,0.5934213995933533,35.67170715332031,0.23675312101840973,0.23675312101840973,0.7498487234115601,0.12255679070949554,0.11228488385677338,0.20543818175792694,12.349287033081055,0.6544214487075806,0.0007125033317825232
446,0.002121671917848289,0.0012587165692821145,0.01725910697132349,1.0374782979488373,0.06731072068214417,0.26822131872177124,0.5971088409423828,35.89336395263672,0.23836588859558105,0.23836588859558105,0.7530525922775269,0.12269390374422073,0.11245784908533096,0.20472104847431183,12.306180000305176,0.6541343927383423,0.0007113601303866878
447,0.0020817447220906615,0.001216543954797089,0.017304014414548874,1.0401777625083923,0.06615931168198586,0.26798832416534424,0.5964677929878235,35.85483169555664,0.23816494643688202,0.23816494643688202,0.7522281408309937,0.1229587271809578,0.11272703111171722,0.2046339064836502,12.300938606262207,0.6562750935554504,0.0007102156516993857
448,0.002081767248455435,0.0012307449942454696,0.017020445317029953,1.0231318771839142,0.06647017225623131,0.2658718228340149,0.5903308391571045,35.48592758178711,0.23635528981685638,0.23635528981685638,0.7488974332809448,0.12319914251565933,0.11294953525066376,0.2049921602010727,12.32247543334961,0.6577540636062622,0.000709069903564745
449,0.002041212865151465,0.0011884192936122417,0.017055870965123177,1.0252614617347717,0.06560922600328922,0.2659710645675659,0.5888856053352356,35.399051666259766,0.23652678728103638,0.23652678728103638,0.7503834962844849,0.12281114608049393,0.11264923959970474,0.2032381296157837,12.217037200927734,0.6557894945144653,0.0007079228938355956
450,0.0020470255403779447,0.0012069856456946582,0.016800797544419765,1.0099284648895264,0.06598070450127125,0.267354816198349,0.5941234230995178,35.71390914916992,0.23764865100383759,0.23764865100383759,0.7517620921134949,0.1229100450873375,0.11277998983860016,0.2026011347770691,12.178746223449707,0.6567342281341553,0.0007067746303734138
451,0.002031391952186823,0.001181442232336849,0.01699899323284626,1.021842360496521,0.06521056592464447,0.2667849063873291,0.5914417505264282,35.55270767211914,0.23721282184123993,0.23721282184123993,0.750569224357605,0.12216080725193024,0.11200478672981262,0.2031203806400299,12.209959030151367,0.6540259122848511,0.0007056251210482685
452,0.002023538574576378,0.0011917782248929143,0.01663520745933056,0.9999745190143585,0.06523020938038826,0.266009122133255,0.5867599844932556,35.271278381347656,0.23667111992835999,0.23667111992835999,0.749361515045166,0.12237999588251114,0.11216700077056885,0.20425984263420105,12.278453826904297,0.6549637317657471,0.0007044743737387681
453,0.001984364935196936,0.0011482254485599697,0.016722789965569973,1.0052391588687897,0.06431613117456436,0.2671505808830261,0.5881803035736084,35.35665512084961,0.23774155974388123,0.23774155974388123,0.7518776655197144,0.1227366030216217,0.1125798150897026,0.203135684132576,12.210878372192383,0.6555619835853577,0.0007033223963320057
454,0.001995036262087524,0.0011679317685775459,0.01654209103435278,0.9943771064281464,0.06463438272476196,0.2679395377635956,0.5924115777015686,35.61100769042969,0.23831894993782043,0.23831894993782043,0.7535417675971985,0.12388745695352554,0.1137610673904419,0.20252777636051178,12.174335479736328,0.6597787141799927,0.0007021691967235054
455,0.0019707827595993876,0.001146777009125799,0.01648011337965727,0.9906515181064606,0.06435585394501686,0.26659899950027466,0.5873317718505859,35.30564880371094,0.23723240196704865,0.23723240196704865,0.7513865232467651,0.12295050173997879,0.11284326016902924,0.2021448016166687,12.151314735412598,0.6569391489028931,0.0007010147828171683
456,0.001958330860361457,0.0011404416873119771,0.016357782296836376,0.9832979440689087,0.06422439217567444,0.2674053907394409,0.5860647559165955,35.22948455810547,0.23810213804244995,0.23810213804244995,0.7524328231811523,0.12299886345863342,0.112846240401268,0.20305252075195312,12.205881118774414,0.6557796001434326,0.0006998591625252183
457,0.001968090538866818,0.001154217985458672,0.016277451068162918,0.9784690737724304,0.06428159959614277,0.26748335361480713,0.5858896970748901,35.218963623046875,0.23818886280059814,0.23818886280059814,0.7531359195709229,0.12375207245349884,0.11362902820110321,0.20246091485023499,12.170316696166992,0.6583302021026611,0.0006987023437681469
458,0.0019235687796026468,0.0011164811148773879,0.01614175410941243,0.9703121185302734,0.06340546905994415,0.26514342427253723,0.5818052887916565,34.97344207763672,0.23605316877365112,0.23605316877365112,0.749153733253479,0.12293903529644012,0.11287766695022583,0.2012273669242859,12.096165657043457,0.6565156579017639,0.0006975443344746609
459,0.0019547134870663285,0.0011525129666551948,0.01604401133954525,0.9644365310668945,0.0642261803150177,0.2660471796989441,0.58197021484375,34.98335266113281,0.2369486540555954,0.2369486540555954,0.7509465217590332,0.12281345576047897,0.11273272335529327,0.2016146034002304,12.119443893432617,0.6551057696342468,0.000696385142581626
460,0.0019360206788405776,0.0011338917538523674,0.016042577102780342,0.9643503427505493,0.06390011496841908,0.2676757276058197,0.5824784636497498,35.01390838623047,0.2385518103837967,0.2385518103837967,0.7538161277770996,0.12349975109100342,0.11343462765216827,0.20130249857902527,12.10068130493164,0.6567795276641846,0.0006952247760340137
461,0.0019129150896333158,0.0011174512619618326,0.015909275971353054,0.9563373327255249,0.06375970505177975,0.26768139004707336,0.5832855105400085,35.062416076660156,0.23851710557937622,0.23851710557937622,0.7524410486221313,0.12310043722391129,0.11304919421672821,0.2010248452425003,12.083992958068848,0.6561315059661865,0.0006940632427848466
462,0.0019133572932332754,0.0011198576539754868,0.015869990922510624,0.9539757370948792,0.06370195001363754,0.2673931121826172,0.5824318528175354,35.011104583740234,0.23827150464057922,0.23827150464057922,0.752799928188324,0.12338672578334808,0.11331070214509964,0.2015204280614853,12.113781929016113,0.6576268076896667,0.0006929005507951433
463,0.0018879284616559744,0.00109944908763282,0.015769587364047766,0.9479404091835022,0.06285439245402813,0.2659059464931488,0.5773822665214539,34.70756530761719,0.2370368242263794,0.2370368242263794,0.7516393661499023,0.12315633147954941,0.11309454590082169,0.20123575627803802,12.096670150756836,0.6565307378768921,0.0006917367080338646
464,0.0018744174158200622,0.0010863682837225497,0.015760982874780893,0.9474231600761414,0.06267008185386658,0.2658185362815857,0.577791690826416,34.732173919677734,0.23692893981933594,0.23692893981933594,0.751442551612854,0.1229376420378685,0.11293919384479523,0.19996897876262665,12.02052116394043,0.6557608842849731,0.0006905717224778584
465,0.0018504582112655044,0.0010708390036597848,0.01559238275513053,0.937288224697113,0.0620565228164196,0.26720815896987915,0.5807024240493774,34.90715026855469,0.23817303776741028,0.23817303776741028,0.7532476186752319,0.123866505920887,0.1138409748673439,0.20051062107086182,12.053081512451172,0.6588138341903687,0.0006894056021118053
466,0.0018631607526913285,0.0010875784792006016,0.015511645469814539,0.932435005903244,0.06259745731949806,0.2661115229129791,0.5746923089027405,34.54586410522461,0.23737689852714539,0.23737689852714539,0.7516895532608032,0.12239950895309448,0.11241234093904495,0.19974343478679657,12.006964683532715,0.6534027457237244,0.0006882383549281639
467,0.001849834923632443,0.0010785057093016803,0.015426583122462034,0.9273217618465424,0.06256239488720894,0.26737499237060547,0.5753130316734314,34.58317947387695,0.23860934376716614,0.23860934376716614,0.7543491125106812,0.12371551990509033,0.11374254524707794,0.19945943355560303,11.98989200592041,0.6583231091499329,0.0006870699889271154
468,0.0018441473366692662,0.0010741266887634993,0.015400412026792765,0.9257485568523407,0.06208331696689129,0.2668302059173584,0.5756539106369019,34.603668212890625,0.2380474954843521,0.2380474954843521,0.7526875138282776,0.12408369034528732,0.11412525922060013,0.1991686373949051,11.972412109375,0.6604716777801514,0.0006859005121165097
469,0.0018351097824051976,0.0010712312068790197,0.015277570579200983,0.9183643162250519,0.06231321021914482,0.2669631540775299,0.5754113793373108,34.589088439941406,0.2381925880908966,0.2381925880908966,0.7530221343040466,0.12353410571813583,0.1135813444852829,0.19905516505241394,11.965590476989746,0.6576852798461914,0.0006847299325118098
470,0.001868286868557334,0.0011036776995752007,0.0152921830303967,0.9192426800727844,0.0627577155828476,0.26698896288871765,0.5738220810890198,34.49355697631836,0.23829784989356995,0.23829784989356995,0.7536643743515015,0.12348604202270508,0.11351171880960464,0.19948647916316986,11.991518020629883,0.6571681499481201,0.0006835582581360373
471,0.001807135355193168,0.0010483410733286291,0.015175886452198029,0.912251889705658,0.06158958375453949,0.2660232484340668,0.572383463382721,34.407073974609375,0.23740407824516296,0.23740407824516296,0.7525591850280762,0.12182670086622238,0.11193083226680756,0.19791734218597412,11.897193908691406,0.6510525941848755,0.0006823854970197172
472,0.0018233557930216193,0.0010675358353182673,0.015116398688405752,0.9086759090423584,0.06200383044779301,0.26667892932891846,0.5726853013038635,34.42522048950195,0.2380446493625641,0.2380446493625641,0.7538303136825562,0.12468650937080383,0.11473602056503296,0.1990097165107727,11.962859153747559,0.661813497543335,0.0006812116572008231
473,0.0018178103491663933,0.0010665235458873212,0.015025736764073372,0.9032261073589325,0.06246425211429596,0.2653888761997223,0.5680737495422363,34.148014068603516,0.23698517680168152,0.23698517680168152,0.7509552240371704,0.12306690216064453,0.11316496878862381,0.19803869724273682,11.904488563537598,0.6542021632194519,0.0006800367467247214
474,0.0017886720597743988,0.0010390663519501686,0.014992112293839455,0.9012048542499542,0.06129683926701546,0.26671019196510315,0.5679724812507629,34.14192199707031,0.23831157386302948,0.23831157386302948,0.753497302532196,0.12392934411764145,0.11400598287582397,0.19846726953983307,11.930251121520996,0.6575292348861694,0.0006788607736441172
475,0.0018056174740195274,0.001059646310750395,0.014919422566890717,0.8968353569507599,0.061453597620129585,0.26720893383026123,0.5707892179489136,34.311241149902344,0.2386694848537445,0.2386694848537445,0.7542657852172852,0.12323448061943054,0.1133575588464737,0.19753848016262054,11.874419212341309,0.6556992530822754,0.0006776837460189979
476,0.0018014165107160807,0.0010593418264761567,0.014841493684798479,0.8921508491039276,0.06208210811018944,0.26708582043647766,0.5707698464393616,34.31008529663086,0.23854734003543854,0.23854734003543854,0.7540556788444519,0.1237269937992096,0.1138489842414856,0.1975601315498352,11.875720977783203,0.6582909226417542,0.0006765056719165794
477,0.0017791042337194085,0.0010367923532612622,0.014846235513687134,0.8924359381198883,0.06158551760017872,0.26729127764701843,0.5700603127479553,34.267425537109375,0.23878826200962067,0.23878826200962067,0.754467248916626,0.12479639053344727,0.11487901210784912,0.1983475536108017,11.923054695129395,0.6618556380271912,0.0006753265594112496
478,0.0017556408420205116,0.0010174993076361716,0.014762828592211008,0.8874222040176392,0.06087583675980568,0.26574692130088806,0.564239501953125,33.91753005981445,0.23753494024276733,0.23753494024276733,0.7519471645355225,0.1227772906422615,0.11293114721775055,0.1969228982925415,11.837414741516113,0.6529290080070496,0.0006741464165845136
479,0.0017555461963638663,0.0010186740546487272,0.014737441670149565,0.8858961164951324,0.060831157490611076,0.2674494683742523,0.5686278343200684,34.18132019042969,0.23901808261871338,0.23901808261871338,0.7560033798217773,0.12569521367549896,0.11583133786916733,0.19727762043476105,11.858738899230957,0.6644425392150879,0.0006729652515249381
480,0.0018229944398626685,0.001087689568521455,0.014706097543239594,0.8840120434761047,0.06339827179908752,0.2651202380657196,0.564818263053894,33.95232009887695,0.23687931895256042,0.23687931895256042,0.7515432238578796,0.12241146713495255,0.11263178288936615,0.1955937296152115,11.75751781463623,0.6525828838348389,0.0006717830723280962
481,0.0017702503828331828,0.0010469258413650095,0.014466489665210247,0.8696087002754211,0.061786577105522156,0.266187459230423,0.5640180110931396,33.904212951660156,0.23798654973506927,0.23798654973506927,0.7538800835609436,0.12356580793857574,0.11369539797306061,0.1974082738161087,11.866594314575195,0.6556830406188965,0.0006705998870965119
482,0.0017385995597578585,0.0010119460057467222,0.014533069916069508,0.8736109435558319,0.0607745535671711,0.2679120898246765,0.5658459067344666,34.01408767700195,0.23961979150772095,0.23961979150772095,0.7569789886474609,0.12485940754413605,0.11498421430587769,0.19750382006168365,11.872335433959961,0.6602701544761658,0.0006694157039396041
483,0.0016939868219196796,0.0009770518518052995,0.014338698703795671,0.8619269728660583,0.059305451810359955,0.26676881313323975,0.5628588199615479,33.834537506103516,0.23862586915493011,0.23862586915493011,0.7534300088882446,0.12259262800216675,0.11281907558441162,0.19547107815742493,11.750144958496094,0.6525285840034485,0.0006682305309736318
484,0.0017336648888885975,0.0010131842573173344,0.014409611001610756,0.866189569234848,0.06086612865328789,0.26878464221954346,0.5672265887260437,34.09708786010742,0.2404233068227768,0.2404233068227768,0.7578316330909729,0.12539798021316528,0.1155770868062973,0.19641774892807007,11.807049751281738,0.6644408702850342,0.0006670443763216375
485,0.001713079633191228,0.0010008035169448704,0.014245521277189255,0.8563258349895477,0.05995747074484825,0.26682719588279724,0.5627301931381226,33.82679748535156,0.23869067430496216,0.23869067430496216,0.7547038793563843,0.12358120828866959,0.1138218492269516,0.19518712162971497,11.733074188232422,0.6573761105537415,0.0006658572481133926
486,0.0016831582179293036,0.0009678388014435768,0.01430638786405325,0.8599846959114075,0.05923522263765335,0.2660408318042755,0.5616923570632935,33.76441192626953,0.2379562258720398,0.2379562258720398,0.7537962198257446,0.12400601804256439,0.11424557864665985,0.1952088624238968,11.734382629394531,0.6583951711654663,0.0006646691544853408
487,0.0016504301456734538,0.00094670444377698,0.014074514620006084,0.8460462391376495,0.058245470747351646,0.265967458486557,0.5611068606376648,33.729217529296875,0.2379121035337448,0.2379121035337448,0.7542175054550171,0.1243571862578392,0.114580899477005,0.19552579522132874,11.753434181213379,0.6589444875717163,0.0006634801035805428
488,0.0016656891675665975,0.0009583619539625943,0.01414654403924942,0.8503760993480682,0.058428479358553886,0.26628705859184265,0.5596185922622681,33.6397590637207,0.23830613493919373,0.23830613493919373,0.7546204328536987,0.12340744584798813,0.1136312186717987,0.19552458822727203,11.753360748291016,0.6542775630950928,0.0006622901035486204
489,0.0016572789172641933,0.0009554998250678182,0.014035582076758146,0.8437059223651886,0.05852368287742138,0.2680405378341675,0.5615118145942688,33.75355911254883,0.23996493220329285,0.23996493220329285,0.7575723528862,0.12473145127296448,0.11493761092424393,0.19587674736976624,11.774529457092285,0.6593220233917236,0.0006610991625457006
490,0.0016395606799051166,0.0009395463275723159,0.014000286348164082,0.8415842354297638,0.058028146624565125,0.266676664352417,0.559528112411499,33.634315490722656,0.238700270652771,0.238700270652771,0.7543084025382996,0.12432833015918732,0.11459655314683914,0.19463559985160828,11.699921607971191,0.6587921380996704,0.0006599072887343597
491,0.0016309048514813185,0.0009369151084683836,0.013879794627428055,0.8343413472175598,0.05797354690730572,0.2663871943950653,0.5587177872657776,33.58560562133789,0.2384513020515442,0.2384513020515442,0.7542107105255127,0.12403945624828339,0.11433902382850647,0.19400864839553833,11.66223430633545,0.6575978994369507,0.0006587144902835672
492,0.0016044634394347668,0.0009158931788988411,0.013771404977887869,0.8278258442878723,0.0573272630572319,0.2665722370147705,0.5569139719009399,33.4771728515625,0.23872654139995575,0.23872654139995575,0.7555142045021057,0.12476150691509247,0.11501758545637131,0.19487838447093964,11.714516639709473,0.6597932577133179,0.0006575207753686304
493,0.0016299018752761185,0.0009431136713828892,0.013735764659941196,0.8256834149360657,0.057898806408047676,0.2659492790699005,0.5547440648078918,33.346736907958984,0.23821207880973816,0.23821207880973816,0.7545264959335327,0.12335970997810364,0.11364790797233582,0.19423611462116241,11.675908088684082,0.6543774604797363,0.0006563261521711373
494,0.0016464923974126577,0.0009609890985302627,0.013710065744817257,0.8241385519504547,0.05899604223668575,0.26722264289855957,0.5576558709144592,33.52177429199219,0.23933985829353333,0.23933985829353333,0.7564961314201355,0.12490866333246231,0.11515383422374725,0.19509656727313995,11.727633476257324,0.660002589225769,0.0006551306288789019
495,0.0016685910522937775,0.0009847929468378425,0.0136759621091187,0.8220885694026947,0.059365974739193916,0.26644980907440186,0.5565801858901978,33.45711135864258,0.2386208027601242,0.2386208027601242,0.7546581625938416,0.12450779974460602,0.11479966342449188,0.1941627860069275,11.671500205993652,0.6596814393997192,0.0006539342136859066
496,0.0016429820097982883,0.0009639882482588291,0.01357987616211176,0.8163126111030579,0.059255268424749374,0.2665795087814331,0.553619384765625,33.27912902832031,0.23889854550361633,0.23889854550361633,0.7554343938827515,0.1245804876089096,0.11489883810281754,0.1936330497264862,11.639657020568848,0.6582537889480591,0.0006527369147922476
497,0.0016163183026947081,0.0009333040798082948,0.013660284224897623,0.8211460709571838,0.057916007936000824,0.26736295223236084,0.5559622645378113,33.41996383666992,0.23956483602523804,0.23956483602523804,0.7576786279678345,0.12630431354045868,0.11657935380935669,0.19449912011623383,11.691719055175781,0.6646084189414978,0.0006515387404040772
498,0.001579612260684371,0.0009067276841960847,0.013457690831273794,0.8089678287506104,0.05712064355611801,0.26527437567710876,0.552411675453186,33.206539154052734,0.23765379190444946,0.23765379190444946,0.7530945539474487,0.1227445900440216,0.11308637261390686,0.1931643784046173,11.611483573913574,0.6520081758499146,0.0006503396987335486
499,0.0016015651635825634,0.0009333786438219249,0.013363730162382126,0.8033196330070496,0.05782924219965935,0.26655033230781555,0.5538713335990906,33.29427719116211,0.23885677754878998,0.23885677754878998,0.75602787733078,0.1246497705578804,0.11496194452047348,0.19375653564929962,11.647080421447754,0.6596254706382751,0.0006491397979987589
500,0.0015880654100328684,0.0009198127372656018,0.013365053106099367,0.8033991754055023,0.05754232406616211,0.2668592929840088,0.5522680878639221,33.197898864746094,0.23924589157104492,0.23924589157104492,0.7566526532173157,0.12419795244932175,0.11456292122602463,0.1927005797624588,11.58360481262207,0.6568306684494019,0.0006479390464236939
501,0.001564948121085763,0.0008993080991785973,0.013312799390405416,0.8002581000328064,0.057005854323506355,0.26632654666900635,0.5507640242576599,33.10749053955078,0.23878835141658783,0.23878835141658783,0.7554768323898315,0.12460491061210632,0.11497542262077332,0.19258981943130493,11.576946258544922,0.6592724919319153,0.0006467374522381699
502,0.0015681803924962878,0.0009027472988236696,0.013308661058545113,0.8000093400478363,0.056964244693517685,0.26645874977111816,0.552122950553894,33.189178466796875,0.2388526052236557,0.2388526052236557,0.7558833956718445,0.12528029084205627,0.11562974750995636,0.19301088154315948,11.60225772857666,0.6618722677230835,0.0006455350236777791
503,0.0015365700237452984,0.0008774057496339083,0.01318328594788909,0.7924728095531464,0.05619341507554054,0.26718801259994507,0.5516275763511658,33.15939712524414,0.23960664868354797,0.23960664868354797,0.7572495937347412,0.12385857105255127,0.11423944681882858,0.19238249957561493,11.564482688903809,0.6540675759315491,0.0006443317689838323
504,0.0015575963770970702,0.0008980749407783151,0.013190428726375103,0.7929021716117859,0.05685810744762421,0.26716846227645874,0.5494421124458313,33.02802658081055,0.23969636857509613,0.23969636857509613,0.7574379444122314,0.12520037591457367,0.11555260419845581,0.19295553863048553,11.598930358886719,0.6596565842628479,0.0006431276964033024
505,0.0015561535255983472,0.0009010159992612898,0.01310275075957179,0.7876316606998444,0.05713943764567375,0.26553699374198914,0.5473174452781677,32.90031051635742,0.23817113041877747,0.23817113041877747,0.7538720965385437,0.123716801404953,0.11412721127271652,0.1917918175458908,11.528975486755371,0.6551344394683838,0.0006419228141887682
506,0.0015569122042506933,0.0009027737542055547,0.013082768768072128,0.7864305078983307,0.057298753410577774,0.26649174094200134,0.548760175704956,32.987037658691406,0.23905374109745026,0.23905374109745026,0.7557106018066406,0.1245875284075737,0.1149771511554718,0.19220750033855438,11.553964614868164,0.6586235761642456,0.0006407171305983572
507,0.0015310796443372965,0.0008828700229059905,0.012964191380888224,0.7793025374412537,0.05644324980676174,0.26710987091064453,0.5488700866699219,32.9936408996582,0.23966637253761292,0.23966637253761292,0.7576018571853638,0.1261892020702362,0.11658435314893723,0.19209684431552887,11.54731273651123,0.6646770238876343,0.0006395106538956899
508,0.0015154146240092814,0.0008699510945007205,0.012909270823001862,0.7760012745857239,0.05606231838464737,0.26601338386535645,0.5456722378730774,32.80141067504883,0.23872977495193481,0.23872977495193481,0.7554141283035278,0.12407319247722626,0.1145382970571518,0.19069795310497284,11.46322250366211,0.6562454104423523,0.0006383033923498224
509,0.0015257581835612655,0.0008809140417724848,0.012896882835775614,0.7752565443515778,0.056468188762664795,0.26838672161102295,0.5486789345741272,32.982154846191406,0.24095278978347778,0.24095278978347778,0.7592132687568665,0.12502023577690125,0.11540257185697556,0.192353293299675,11.562727928161621,0.6598763465881348,0.0006370953542351904
510,0.0015553864068351686,0.0009097363508772105,0.012913000769913197,0.7762255668640137,0.05759313330054283,0.2663988769054413,0.5446146726608276,32.73784255981445,0.23916813731193542,0.23916813731193542,0.7557234764099121,0.12245593219995499,0.11289139091968536,0.19129079580307007,11.498859405517578,0.650503396987915,0.0006358865478315516
511,0.001559367636218667,0.0009176312305498868,0.012834727764129639,0.7715202271938324,0.057823993265628815,0.26665323972702026,0.5464470386505127,32.84798812866211,0.23933088779449463,0.23933088779449463,0.7569347620010376,0.12422501295804977,0.114683136343956,0.1908375471830368,11.471614837646484,0.6578004360198975,0.00063467698142393
512,0.0014925383729860187,0.0008561177528463304,0.012728412635624409,0.7651295065879822,0.05547759309411049,0.26772013306617737,0.5492745041847229,33.0179557800293,0.2402563989162445,0.2402563989162445,0.7588921785354614,0.12618853151798248,0.11662818491458893,0.1912069469690323,11.493818283081055,0.6648526191711426,0.0006334666633025581
513,0.0014924274291843176,0.0008589696662966162,0.012669154908508062,0.7615674138069153,0.05584748461842537,0.26670193672180176,0.5446072816848755,32.737396240234375,0.23947158455848694,0.23947158455848694,0.7563905715942383,0.12342339754104614,0.113904669880867,0.19037455320358276,11.443782806396484,0.6536479592323303,0.0006322556017628209
514,0.0015077764401212335,0.0008762704965192825,0.01263011945411563,0.7592209279537201,0.05646790750324726,0.2667693793773651,0.541280210018158,32.53739929199219,0.23970536887645721,0.23970536887645721,0.7578508853912354,0.125237837433815,0.11568153649568558,0.19112613797187805,11.488961219787598,0.6609995365142822,0.0006310438051051985
515,0.0015044527244754136,0.0008701471087988466,0.012686111498624086,0.7625867128372192,0.05612843483686447,0.2668106257915497,0.5418314337730408,32.570533752441406,0.23971906304359436,0.23971906304359436,0.7577692270278931,0.12405994534492493,0.11456593871116638,0.18988007307052612,11.414058685302734,0.6567670702934265,0.0006298312816352096
516,0.0015056311967782676,0.000877466140082106,0.01256330031901598,0.7552042305469513,0.056063856929540634,0.2684948742389679,0.547808825969696,32.929847717285156,0.24110442399978638,0.24110442399978638,0.7601436972618103,0.1258644312620163,0.1163250207901001,0.1907881796360016,11.468647003173828,0.6627901792526245,0.0006286180396633544
517,0.0014888374134898186,0.0008629299118183553,0.012518149334937334,0.7524901330471039,0.05550650134682655,0.2656797170639038,0.5408621430397034,32.512264251708984,0.23863659799098969,0.23863659799098969,0.7553256750106812,0.12515607476234436,0.11564095318317413,0.1903022825717926,11.439438819885254,0.6602524518966675,0.0006274040875050573
518,0.0014401564840227365,0.0008190901135094464,0.012421326711773872,0.7466699779033661,0.054223716259002686,0.26530513167381287,0.5379283428192139,32.33591079711914,0.23840871453285217,0.23840871453285217,0.755241870880127,0.12371319532394409,0.11425289511680603,0.18920597434043884,11.373537063598633,0.653745174407959,0.0006261894334806104
519,0.0014623934985138476,0.0008395301993004978,0.012457265984266996,0.7488304078578949,0.05507471039891243,0.26841622591018677,0.5445677042007446,32.73501968383789,0.24118784070014954,0.24118784070014954,0.7608864307403564,0.12596936523914337,0.11644977331161499,0.19039176404476166,11.444816589355469,0.6625826358795166,0.0006249740859151167
520,0.0014608711353503168,0.0008444470586255193,0.012328481767326593,0.7410888969898224,0.05536001920700073,0.26467466354370117,0.537559986114502,32.31377029418945,0.23779666423797607,0.23779666423797607,0.75346839427948,0.12317972630262375,0.11373904347419739,0.18881364166736603,11.349952697753906,0.6540839672088623,0.0006237580531384323
521,0.0014585485914722085,0.0008485488360747695,0.01219999510794878,0.7333652973175049,0.055312925949692726,0.26650506258010864,0.539696455001831,32.442195892333984,0.23952025175094604,0.23952025175094604,0.7575381994247437,0.12505966424942017,0.11556170880794525,0.18995898962020874,11.418802261352539,0.6593044400215149,0.0006225413434851095
522,0.0014244482154026628,0.0008106988389045,0.01227498846128583,0.7378732860088348,0.05404330603778362,0.27025097608566284,0.5445371270179749,32.733184814453125,0.24302411079406738,0.24302411079406738,0.7647703289985657,0.12649916112422943,0.11698627471923828,0.19025783240795135,11.436765670776367,0.6628113985061646,0.00062132396529434
523,0.0014403179520741105,0.0008256489236373454,0.012293379288166761,0.738978773355484,0.05410553887486458,0.2670314311981201,0.5393590927124023,32.42191696166992,0.24006348848342896,0.24006348848342896,0.7579050064086914,0.12434850633144379,0.11490729451179504,0.18882422149181366,11.350589752197266,0.6572458148002625,0.0006201059269098977
524,0.001447332906536758,0.0008411842572968453,0.012122971471399069,0.7287352681159973,0.05510037951171398,0.26623332500457764,0.5389924645423889,32.39987564086914,0.2392837107181549,0.2392837107181549,0.7571491003036499,0.12576556205749512,0.11629319936037064,0.189447283744812,11.388042449951172,0.6639530658721924,0.0006188872366800814
525,0.0014494223869405687,0.0008405299740843475,0.012177847791463137,0.7320339977741241,0.05560092628002167,0.26877474784851074,0.5408369898796082,32.51075744628906,0.2417328953742981,0.2417328953742981,0.7616828083992004,0.1254810392856598,0.11602810025215149,0.18905876576900482,11.364688873291016,0.6600017547607422,0.0006176679029576576
526,0.0014192392118275166,0.0008150924404617399,0.012082934379577637,0.726328581571579,0.054200151935219765,0.268372118473053,0.5389723181724548,32.3986701965332,0.24142351746559143,0.24142351746559143,0.760113000869751,0.12503746151924133,0.11558182537555695,0.18911266326904297,11.367927551269531,0.6581863164901733,0.0006164479340998026
527,0.0013837794540449977,0.0007806469802744687,0.012062649708241224,0.7251092195510864,0.05301221087574959,0.2669438123703003,0.5370980501174927,32.286006927490234,0.24008889496326447,0.24008889496326447,0.7578941583633423,0.1258944869041443,0.11642502248287201,0.18938933312892914,11.38455867767334,0.6632490754127502,0.0006152273384680468
528,0.0014088582247495651,0.0008107592584565282,0.011961978394538164,0.7190576493740082,0.05395721457898617,0.26619693636894226,0.5372580885887146,32.295623779296875,0.23933403193950653,0.23933403193950653,0.7573956251144409,0.12473215162754059,0.11533612012863159,0.1879207044839859,11.296277046203613,0.658000648021698,0.0006140061244282158
529,0.0013796992134302855,0.0007847633096389472,0.011898717377334833,0.715254932641983,0.05326623097062111,0.26808807253837585,0.5395922660827637,32.435935974121094,0.2411084622144699,0.2411084622144699,0.7608311176300049,0.1261264681816101,0.11671732366085052,0.1881828010082245,11.312032699584961,0.6626051068305969,0.0006127843003503739
530,0.0013785958290100098,0.0007855776348151267,0.011860364582389593,0.7129494547843933,0.053166305646300316,0.26585862040519714,0.5333689451217651,32.06183624267578,0.23919017612934113,0.23919017612934113,0.7558503746986389,0.12392468750476837,0.11453109234571457,0.18787191808223724,11.293343544006348,0.6545978784561157,0.0006115618746087666
531,0.0013801591703668237,0.0007907723193056881,0.011787736788392067,0.708583652973175,0.05299907363951206,0.26641562581062317,0.5333741307258606,32.06214904785156,0.23974691331386566,0.23974691331386566,0.7572803497314453,0.12477033585309982,0.11534769833087921,0.18845275044441223,11.328259468078613,0.6575090885162354,0.0006103388555817632
532,0.0013619342935271561,0.0007738571730442345,0.011761542409658432,0.7070090770721436,0.052492041140794754,0.2672712504863739,0.535195529460907,32.17163848876953,0.2405114769935608,0.2405114769935608,0.7597941160202026,0.12624983489513397,0.1168266162276268,0.18846437335014343,11.328958511352539,0.6619446277618408,0.0006091152516517988
533,0.001340707065537572,0.0007562868995591998,0.01168840378522873,0.7026125192642212,0.052179500460624695,0.2669724225997925,0.5344381928443909,32.12611389160156,0.24025052785873413,0.24025052785873413,0.7595367431640625,0.12589529156684875,0.11651477962732315,0.18761013448238373,11.277607917785645,0.6605754494667053,0.000607891071205318
534,0.0013747465563938022,0.000791668426245451,0.01166156167164445,0.7009990513324738,0.052991706877946854,0.26766419410705566,0.5347598195075989,32.145442962646484,0.24092620611190796,0.24092620611190796,0.7596306800842285,0.12615862488746643,0.11674268543720245,0.18831892311573029,11.320215225219727,0.6623603105545044,0.0006066663226327162
535,0.001335139328148216,0.0007517516787629575,0.01166775356978178,0.7013711929321289,0.051840804517269135,0.26649266481399536,0.532056987285614,31.982973098754883,0.23988983035087585,0.23988983035087585,0.7571567296981812,0.12409672886133194,0.11474588513374329,0.18701693415641785,11.241950035095215,0.6548973321914673,0.0006054410143282833
536,0.0013603769475594163,0.0007816317956894636,0.011574902571737766,0.6957897841930389,0.05277135409414768,0.2676965594291687,0.5346501469612122,32.138858795166016,0.24096405506134033,0.24096405506134033,0.7607599496841431,0.12633948028087616,0.1169552356004715,0.18768486380577087,11.282100677490234,0.6628925800323486,0.0006042151546901453
537,0.0013611283502541482,0.0007835957803763449,0.011550651397556067,0.6943320333957672,0.053055064752697945,0.26675882935523987,0.5331448316574097,32.04836654663086,0.24010159075260162,0.24010159075260162,0.7588969469070435,0.12562337517738342,0.11625021696090698,0.18746307492256165,11.268769264221191,0.6599254012107849,0.0006029887521202067
538,0.0013623579870909452,0.000786865537520498,0.0115098487585783,0.6918792128562927,0.05311830714344978,0.26697254180908203,0.5317005515098572,31.961549758911133,0.24038752913475037,0.24038752913475037,0.7589455842971802,0.12543801963329315,0.11604098975658417,0.1879405677318573,11.297471046447754,0.6589097380638123,0.0006017618150240934
539,0.0013206003932282329,0.0007469017873518169,0.011473971419036388,0.6897226274013519,0.05183020979166031,0.2687297463417053,0.5334460735321045,32.066471099853516,0.2420574426651001,0.2420574426651001,0.7626149654388428,0.12730319797992706,0.11787815392017365,0.18850089609622955,11.331153869628906,0.6662148237228394,0.0006005343518110949
540,0.001343431998975575,0.0007694334490224719,0.011479970533400774,0.6900832056999207,0.052742332220077515,0.2674839496612549,0.5310477018356323,31.922304153442383,0.24093155562877655,0.24093155562877655,0.7594244480133057,0.12419313192367554,0.11487661302089691,0.18633045256137848,11.20068359375,0.6541354060173035,0.0005993063708941065
541,0.0013598764780908823,0.0007898124167695642,0.011401279829442501,0.6853529512882233,0.05360337346792221,0.26755478978157043,0.5324991941452026,32.00955581665039,0.24092984199523926,0.24092984199523926,0.7603482007980347,0.12562327086925507,0.11628662794828415,0.1867329180240631,11.22487735748291,0.6618354916572571,0.0005980778806895721
542,0.0013269673218019307,0.0007608740706928074,0.011321865487843752,0.6805791854858398,0.05222497135400772,0.2669484615325928,0.5298808813095093,31.852161407470703,0.24045440554618835,0.24045440554618835,0.7595367431640625,0.1252164989709854,0.11589717119932175,0.18638648092746735,11.20405101776123,0.6590291857719421,0.000596848889617426
543,0.0013238218380138278,0.0007516619516536593,0.01144319772720337,0.6878727376461029,0.05202635005116463,0.2663784623146057,0.5291897058486938,31.810617446899414,0.23991899192333221,0.23991899192333221,0.7581143379211426,0.12481551617383957,0.11547967046499252,0.1867169290781021,11.223915100097656,0.6576829552650452,0.0005956194061010353
544,0.0012822821154259145,0.0007184032583609223,0.011277575977146626,0.6779168844223022,0.050610631704330444,0.26638513803482056,0.5289934277534485,31.798816680908203,0.23993545770645142,0.23993545770645142,0.7584398984909058,0.12565961480140686,0.11628364026546478,0.1875195950269699,11.272165298461914,0.6613392233848572,0.0005943894385671424
545,0.0012870358186773956,0.00072316917066928,0.011277333367615938,0.6779022812843323,0.05087171122431755,0.2672874331474304,0.5283523201942444,31.760282516479492,0.24086982011795044,0.24086982011795044,0.7603988647460938,0.12492898851633072,0.11563799530267715,0.18581992387771606,11.16999340057373,0.6573023796081543,0.0005931589954458069
546,0.0012882968876510859,0.0007303938618861139,0.011158058885484934,0.6707324385643005,0.05095200054347515,0.26809489727020264,0.5292837023735046,31.816267013549805,0.24163071811199188,0.24163071811199188,0.7618297934532166,0.12580886483192444,0.11651583015918732,0.1858607977628708,11.172452926635742,0.660158634185791,0.0005919280851703486
547,0.001296010916121304,0.0007376410067081451,0.011167399119585752,0.6712939739227295,0.051106613129377365,0.26736319065093994,0.5286293029785156,31.776931762695312,0.24093171954154968,0.24093171954154968,0.7602282166481018,0.12635032832622528,0.11702971905469894,0.18641218543052673,11.205596923828125,0.6624823808670044,0.0005906967161772884
548,0.001278574112802744,0.0007226162415463477,0.011119157075881958,0.6683940887451172,0.05105604976415634,0.2663845419883728,0.5258303284645081,31.60867691040039,0.24009302258491516,0.24009302258491516,0.758399248123169,0.12552203238010406,0.1162082850933075,0.18627503514289856,11.19735336303711,0.6596784591674805,0.0005894648969062915
549,0.0012671220756601542,0.0007129734149202704,0.011082972399890423,0.6662188768386841,0.050493862479925156,0.26742154359817505,0.5257726311683655,31.605207443237305,0.241132915019989,0.241132915019989,0.7612314224243164,0.12554419040679932,0.11623697727918625,0.18614435195922852,11.189496040344238,0.6588805913925171,0.0005882326358001093
550,0.001258143805898726,0.0007040502096060663,0.011081871576607227,0.6661527752876282,0.05006358027458191,0.2678031325340271,0.527687668800354,31.720321655273438,0.2414187639951706,0.2414187639951706,0.7620320320129395,0.12600894272327423,0.11672119051218033,0.18575504422187805,11.166093826293945,0.6611116528511047,0.0005869999413045214
551,0.0012429504422470927,0.0006956929573789239,0.010945148766040802,0.6579340994358063,0.04963317885994911,0.26565444469451904,0.5237790942192078,31.485374450683594,0.23946547508239746,0.23946547508239746,0.7577255964279175,0.12477850914001465,0.1155310869216919,0.18494842946529388,11.117608070373535,0.6575220823287964,0.0005857668218682779
552,0.0012624090304598212,0.0007187734008766711,0.010872711893171072,0.6535797417163849,0.05035889148712158,0.26679590344429016,0.5248433947563171,31.54935073852539,0.24055372178554535,0.24055372178554535,0.7602401971817017,0.12627384066581726,0.11700224876403809,0.18543177843093872,11.146661758422852,0.6630098819732666,0.0005845332859430413
553,0.0012960446765646338,0.0007505275425501168,0.01091034198179841,0.655841737985611,0.051706405356526375,0.26680654287338257,0.5245792269706726,31.53346824645996,0.2405775785446167,0.2405775785446167,0.7600584030151367,0.1256915032863617,0.11642732471227646,0.18528355658054352,11.1377534866333,0.6591601371765137,0.0005832993419833289
554,0.0012667012342717499,0.0007239596743602306,0.010854830965399742,0.6525048911571503,0.051066385582089424,0.2668079733848572,0.5246729850769043,31.539108276367188,0.24057431519031525,0.24057431519031525,0.7600541114807129,0.1261763572692871,0.11690093576908112,0.18550832569599152,11.151265144348145,0.660361111164093,0.0005820649984464542
555,0.00125890935305506,0.0007159992528613657,0.010858201887458563,0.6527075171470642,0.05105752870440483,0.26781368255615234,0.5254359841346741,31.58497428894043,0.24154189229011536,0.24154189229011536,0.7625969052314758,0.12737548351287842,0.11807881295681,0.18593330681324005,11.176810264587402,0.6654614210128784,0.0005808302637924698
556,0.0012865632306784391,0.0007465504750143737,0.010800254065543413,0.6492241322994232,0.05126083828508854,0.2670227587223053,0.5232057571411133,31.450910568237305,0.24086245894432068,0.24086245894432068,0.760057806968689,0.12453874200582504,0.11531475186347961,0.18447986245155334,11.089441299438477,0.6543178558349609,0.0005795951464841086
557,0.0012618415639735758,0.000722442491678521,0.010787982027977705,0.6484864950180054,0.05105963908135891,0.26873889565467834,0.5262168645858765,31.631912231445312,0.24242806434631348,0.24242806434631348,0.7626345753669739,0.1267857700586319,0.11751173436641693,0.18548071384429932,11.149603843688965,0.6643494963645935,0.0005783596549867263
558,0.0012817977694794536,0.0007439736218657345,0.01075648283585906,0.6465930044651031,0.05210489593446255,0.2655891180038452,0.5192390084266663,31.212461471557617,0.2396271526813507,0.2396271526813507,0.7585588693618774,0.12488498538732529,0.11571130156517029,0.18347372114658356,11.028960227966309,0.6563084125518799,0.0005771237977682435
559,0.0012511928216554224,0.0007164571725297719,0.010694713331758976,0.6428798735141754,0.05105295404791832,0.2671014666557312,0.5230650305747986,31.442447662353516,0.24094820022583008,0.24094820022583008,0.7627041339874268,0.12706440687179565,0.11783208698034286,0.18464647233486176,11.099457740783691,0.665324330329895,0.000575887583299087
560,0.0012384619913063943,0.0007052540313452482,0.010664158500730991,0.6410432457923889,0.05045212805271149,0.26632168889045715,0.5220292210578918,31.380186080932617,0.24022023379802704,0.24022023379802704,0.7597766518592834,0.1258545070886612,0.11661787331104279,0.18473270535469055,11.104639053344727,0.6609475612640381,0.0005746510200521325
561,0.0012301737442612648,0.0007000473269727081,0.010602527298033237,0.6373384296894073,0.04978032782673836,0.26693904399871826,0.5213906764984131,31.3418025970459,0.24086952209472656,0.24086952209472656,0.7600530982017517,0.12565988302230835,0.11640352755784988,0.18512725830078125,11.128358840942383,0.6590384244918823,0.0005734141165026458
562,0.0012081005261279643,0.0006763454875908792,0.010635100305080414,0.6392964720726013,0.04861051216721535,0.2677563726902008,0.522132158279419,31.386375427246094,0.24164976179599762,0.24164976179599762,0.7620096206665039,0.12614655494689941,0.11686575412750244,0.1856161504983902,11.157746315002441,0.6601843237876892,0.0005721768811282256
563,0.0012140933540649712,0.0006872224330436438,0.01053741853684187,0.6334245800971985,0.04930126667022705,0.26584938168525696,0.5197540521621704,31.243425369262695,0.23986166715621948,0.23986166715621948,0.7591744661331177,0.12526869773864746,0.11607295274734497,0.183914914727211,11.05548095703125,0.6580812931060791,0.0005709393224087445
564,0.0011952848290093243,0.0006708390719722956,0.010488915257155895,0.6305089294910431,0.048754144459962845,0.26592275500297546,0.5203987956047058,31.282180786132812,0.2399028241634369,0.2399028241634369,0.7599567174911499,0.1266109198331833,0.1174188107252121,0.18384206295013428,11.051102638244629,0.6633830070495605,0.0005697014488262915
565,0.0012037393171340227,0.0006816170644015074,0.010442446451634169,0.6277155876159668,0.04895473085343838,0.2663572132587433,0.5192475318908691,31.212970733642578,0.24039484560489655,0.24039484560489655,0.7609724998474121,0.1262034922838211,0.11701035499572754,0.1838628351688385,11.052350997924805,0.660393238067627,0.0005684632688651133
566,0.0011896008509211242,0.0006684385589323938,0.010423246305435896,0.6265614926815033,0.04837647080421448,0.2667900621891022,0.5197201371192932,31.241378784179688,0.2408040463924408,0.2408040463924408,0.7613981366157532,0.12626643478870392,0.11702597141265869,0.18480922281742096,11.10923957824707,0.6601024866104126,0.0005672247910115569
567,0.001174771721707657,0.000654209143249318,0.010411251336336136,0.6258403956890106,0.048204485327005386,0.2667611539363861,0.5202367901802063,31.27243995666504,0.2407493144273758,0.2407493144273758,0.7612005472183228,0.1254640370607376,0.11627082526683807,0.18386436998844147,11.05244255065918,0.6581204533576965,0.0005659860237540107
568,0.0011626463965512812,0.000644817715510726,0.010356573853641748,0.6225537061691284,0.04778004065155983,0.266962468624115,0.5202653408050537,31.274150848388672,0.24094921350479126,0.24094921350479126,0.7615602612495422,0.12554243206977844,0.1163787692785263,0.18327337503433228,11.01691722869873,0.6601240038871765,0.0005647469755828469
569,0.0011720956536009908,0.0006568215030711144,0.010305482428520918,0.6194825172424316,0.04838346131145954,0.2660186290740967,0.5172931551933289,31.095489501953125,0.240153968334198,0.240153968334198,0.7596415281295776,0.12496954202651978,0.1158265471458435,0.18285991251468658,10.992063522338867,0.6578328013420105,0.000563507654990363
570,0.0011723182979039848,0.0006568966346094385,0.0103084328584373,0.6196598708629608,0.04840696230530739,0.2664109766483307,0.5171055793762207,31.08421516418457,0.24055568873882294,0.24055568873882294,0.7602490186691284,0.126121386885643,0.11694905906915665,0.18344652652740479,11.027324676513672,0.6612009406089783,0.0005622680704707234
571,0.0011607877677306533,0.0006475154659710824,0.010265445802360773,0.6170758008956909,0.04831121675670147,0.2675434350967407,0.518515408039093,31.168964385986328,0.24161764979362488,0.24161764979362488,0.7624799013137817,0.1270478069782257,0.11786025017499924,0.18375110626220703,11.045634269714355,0.6637325882911682,0.0005610282305199017
572,0.0011624765465967357,0.0006523499614559114,0.010202532168477774,0.6132938861846924,0.04827384650707245,0.2671937346458435,0.5171748399734497,31.08837890625,0.24133500456809998,0.24133500456809998,0.7619140148162842,0.1257934868335724,0.1166190356016159,0.18348900973796844,11.029878616333008,0.6590079069137573,0.0005597881436356221
573,0.0011665375204756856,0.0006561548798345029,0.010207651648670435,0.6136016547679901,0.047901976853609085,0.26692843437194824,0.5169220566749573,31.073184967041016,0.2410823255777359,0.2410823255777359,0.7615214586257935,0.126331627368927,0.11712801456451416,0.1840723752975464,11.064946174621582,0.6611717939376831,0.0005585478183173013
574,0.0011473922932054847,0.0006392929353751242,0.010161986574530602,0.6108565926551819,0.0477459654211998,0.2661365568637848,0.515537679195404,30.989965438842773,0.24035966396331787,0.24035966396331787,0.7599976062774658,0.12565311789512634,0.11651141941547394,0.18283382058143616,10.990495681762695,0.6578593254089355,0.00055730726306599
575,0.001141463522799313,0.00063516573572997,0.01012595510110259,0.6086907982826233,0.04752787947654724,0.2673324644565582,0.5166943669319153,31.059497833251953,0.24149774014949799,0.24149774014949799,0.7622553110122681,0.12742844223976135,0.11827375739812851,0.18309377133846283,11.006121635437012,0.6644874215126038,0.0005560664863843152
576,0.0011436553613748401,0.0006376260425895452,0.01012058649212122,0.6083680093288422,0.04775182902812958,0.2667323052883148,0.515109658241272,30.964237213134766,0.24097681045532227,0.24097681045532227,0.7613999843597412,0.12637704610824585,0.11724141985177994,0.18271252512931824,10.983202934265137,0.6607915163040161,0.0005548254967764211
577,0.0011305843072477728,0.000626862165518105,0.010074443649500608,0.605594277381897,0.04719489626586437,0.26745614409446716,0.5160086750984192,31.018278121948242,0.24165570735931396,0.24165570735931396,0.7632031440734863,0.12682585418224335,0.11764363199472427,0.18364441394805908,11.039219856262207,0.6621021032333374,0.0005535843027479116
578,0.0011461579706519842,0.0006416939431801438,0.010089280549436808,0.6064862012863159,0.047385698184370995,0.26684513688087463,0.5157450437545776,31.002429962158203,0.2410578727722168,0.2410578727722168,0.7618528604507446,0.12670715153217316,0.11755098402500153,0.18312345445156097,11.007905006408691,0.6619296669960022,0.0005523429128057918
579,0.0011248192167840898,0.0006244629621505737,0.010007125325500965,0.6015476882457733,0.046919096261262894,0.2654911279678345,0.5129213929176331,30.83269691467285,0.23984506726264954,0.23984506726264954,0.7589606046676636,0.1256343424320221,0.11653604358434677,0.18196602165699005,10.938328742980957,0.6581102609634399,0.000551101335458409
580,0.001121297013014555,0.0006241161026991904,0.009943618439137936,0.5977301597595215,0.046985870227217674,0.26693636178970337,0.5147424340248108,30.942163467407227,0.24119924008846283,0.24119924008846283,0.7620338797569275,0.12722747027873993,0.11810429394245148,0.18246358633041382,10.968238830566406,0.664413571357727,0.0005498595792153957
581,0.0011335125309415162,0.0006352732889354229,0.009964784141629934,0.5990024209022522,0.04787291772663593,0.266678124666214,0.5133290886878967,30.857202529907227,0.24101167917251587,0.24101167917251587,0.7617421746253967,0.12598687410354614,0.11690725386142731,0.18159234523773193,10.91586685180664,0.659127950668335,0.0005486176525876099
582,0.0011293553397990763,0.0006322365079540759,0.009942376520484686,0.5976554751396179,0.047553734853863716,0.2668776512145996,0.5138549208641052,30.888816833496094,0.24118490517139435,0.24118490517139435,0.7619559168815613,0.12647974491119385,0.11735498160123825,0.1824953407049179,10.970147132873535,0.6610316038131714,0.0005473755640870776
583,0.0011284732026979327,0.0006317339866654947,0.009934783913195133,0.5971991419792175,0.04775301553308964,0.2673061192035675,0.5138657093048096,30.88945960998535,0.24161282181739807,0.24161282181739807,0.7627710103988647,0.1266804188489914,0.11754706501960754,0.18266721069812775,10.98047924041748,0.6623498797416687,0.0005461333222269346
584,0.0011004051193594933,0.0006088930094847456,0.009830242022871971,0.5909148156642914,0.04645350202918053,0.26806649565696716,0.5139689445495605,30.895668029785156,0.24236805737018585,0.24236805737018585,0.7639375925064087,0.125344380736351,0.11626708507537842,0.1815459132194519,10.91307544708252,0.6568021178245544,0.0005448909355213672
585,0.0011125843739137053,0.0006202935037435964,0.00984581746160984,0.5918510556221008,0.0469772033393383,0.2678297758102417,0.5134892463684082,30.86683464050293,0.2421553134918213,0.2421553134918213,0.763932466506958,0.12718382477760315,0.11807698011398315,0.18213680386543274,10.94859504699707,0.6646765470504761,0.0005436484124855549
586,0.0011326781241223216,0.0006407341716112569,0.009838879108428955,0.591433972120285,0.04827854409813881,0.2647426724433899,0.5073150992393494,30.49568748474121,0.23937690258026123,0.23937690258026123,0.7585355043411255,0.12586447596549988,0.11684058606624603,0.18047793209552765,10.848876953125,0.6590777635574341,0.0005424057616356117
587,0.0011537508107721806,0.0006658390047959983,0.009758235886693,0.5865864455699921,0.04915124177932739,0.26720723509788513,0.5117986798286438,30.76520347595215,0.24161729216575623,0.24161729216575623,0.7628735303878784,0.12741267681121826,0.11835402250289917,0.18117302656173706,10.890660285949707,0.6638773679733276,0.000541162991488527
588,0.001117422478273511,0.0006318271334748715,0.009711906779557467,0.5838015079498291,0.047996483743190765,0.2688005566596985,0.5139638185501099,30.895360946655273,0.24310237169265747,0.24310237169265747,0.7660235166549683,0.12767577171325684,0.11858896911144257,0.18173618614673615,10.924513816833496,0.6653792858123779,0.0005399201105621082
589,0.001110188546590507,0.0006242863892111927,0.009718042332679033,0.5841703116893768,0.04721307009458542,0.26578450202941895,0.5081225633621216,30.54422950744629,0.24037836492061615,0.24037836492061615,0.7603808641433716,0.12521709501743317,0.11615295708179474,0.1812826246023178,10.897248268127441,0.6557513475418091,0.0005386771273749226
590,0.0011130088241770864,0.0006259953079279512,0.009740269742906094,0.5855064690113068,0.047200312837958336,0.26783886551856995,0.5122008323669434,30.789382934570312,0.24222883582115173,0.24222883582115173,0.763732373714447,0.1284009963274002,0.11926606297492981,0.18269871175289154,10.982372283935547,0.6668410301208496,0.0005374340504462371
591,0.0011416206834837794,0.0006555051077157259,0.009722311049699783,0.5844269394874573,0.04834223352372646,0.26745930314064026,0.5119068026542664,30.77170753479004,0.24186396598815918,0.24186396598815918,0.7625168561935425,0.12660790979862213,0.11756381392478943,0.18088193237781525,10.873162269592285,0.659694492816925,0.0005361908882959623
592,0.0011103468714281917,0.0006272568425629288,0.009661800228059292,0.5807894766330719,0.0474978256970644,0.2671566605567932,0.511185348033905,30.72833824157715,0.24159738421440125,0.24159738421440125,0.762527585029602,0.12641564011573792,0.11735912412405014,0.1811303198337555,10.888094902038574,0.6610129475593567,0.0005349476494445919
593,0.001104181632399559,0.0006213632295839489,0.00965636782348156,0.5804629623889923,0.047434233129024506,0.2678002715110779,0.5091267824172974,30.60459327697754,0.24234391748905182,0.24234391748905182,0.7642121315002441,0.12686938047409058,0.11778324842453003,0.1817227452993393,10.923705101013184,0.6625162959098816,0.0005337043424131462
594,0.001076832937542349,0.0005967385950498283,0.009601886849850416,0.5771879553794861,0.04617781937122345,0.2688579559326172,0.5105766654014587,30.691747665405273,0.24332913756370544,0.24332913756370544,0.7650673389434814,0.12601348757743835,0.11695793271064758,0.1811112016439438,10.886943817138672,0.6575901508331299,0.0005324609757231121
595,0.0010902981739491224,0.0006123327766545117,0.009559307713061571,0.5746284425258636,0.046826403588056564,0.26855283975601196,0.5122792720794678,30.79409408569336,0.24293889105319977,0.24293889105319977,0.764920711517334,0.1278550624847412,0.11876131594181061,0.18187496066093445,10.932855606079102,0.6661083698272705,0.0005312175578963859
596,0.001118641666835174,0.000638640223769471,0.009600028861314058,0.5770763158798218,0.04831309802830219,0.266704797744751,0.5077216625213623,30.52012825012207,0.2413187026977539,0.2413187026977539,0.7619251012802124,0.12541992962360382,0.11641088128089905,0.1801808476448059,10.831018447875977,0.6581456661224365,0.000529974097455214
597,0.0010928642586804926,0.0006192189030116424,0.00947290612384677,0.5694347023963928,0.047347499057650566,0.2673402428627014,0.5077477097511292,30.521697998046875,0.24195285141468048,0.24195285141468048,0.7632039785385132,0.1262076497077942,0.11717463284730911,0.18066023290157318,10.859835624694824,0.6601118445396423,0.0005287306029221352
598,0.0010537512716837227,0.0005810681323055178,0.009453661739826202,0.568277895450592,0.04540402628481388,0.26797550916671753,0.5100612044334412,30.6607666015625,0.24247245490550995,0.24247245490550995,0.7638605833053589,0.1279163360595703,0.11884596198797226,0.18140751123428345,10.904756546020508,0.6658385992050171,0.0005274870828199215
599,0.001081943220924586,0.0006096276774769649,0.009446310345083475,0.5678360462188721,0.04714115709066391,0.2660357654094696,0.5055332779884338,30.38858413696289,0.24075908958911896,0.24075908958911896,0.7599074840545654,0.1261194348335266,0.11710573732852936,0.1802739053964615,10.836612701416016,0.6576967835426331,0.0005262435456715208
600,0.0010817249421961606,0.000613612006418407,0.009362258948385715,0.5627835392951965,0.04707128554582596,0.2674555480480194,0.5070441365242004,30.47940444946289,0.24210335314273834,0.24210335314273834,0.764335572719574,0.12756970524787903,0.11853128671646118,0.18076831102371216,10.8663330078125,0.6641619801521301,0.0005249999999999973
601,0.0010581256938166916,0.0005882019468117505,0.009398475289344788,0.5649605095386505,0.04577562399208546,0.2681196928024292,0.5078779458999634,30.529523849487305,0.24272580444812775,0.24272580444812775,0.7660157084465027,0.12767146527767181,0.1186140701174736,0.18114785850048065,10.889147758483887,0.6646009683609009,0.0005237564543284737
602,0.0010470329434610903,0.0005791972507722676,0.00935671292245388,0.562450110912323,0.04532129690051079,0.26662325859069824,0.5057089924812317,30.399145126342773,0.24133780598640442,0.24133780598640442,0.7616965770721436,0.12599806487560272,0.11698353290557861,0.18029077351093292,10.837627410888672,0.6580929160118103,0.000522512917180073
603,0.0010462424834258854,0.0005836804630234838,0.00925124017521739,0.5561099350452423,0.04553729668259621,0.2676757276058197,0.5073382258415222,30.497079849243164,0.2423088252544403,0.2423088252544403,0.7640264630317688,0.12775060534477234,0.1187291145324707,0.18042972683906555,10.845978736877441,0.6646101474761963,0.0005212693970778594
604,0.0010492607252672315,0.0005850027373526245,0.009285159409046173,0.5581488907337189,0.04582468047738075,0.26798734068870544,0.5074652433395386,30.504716873168945,0.24261409044265747,0.24261409044265747,0.7648122310638428,0.12679174542427063,0.11778896301984787,0.18005558848381042,10.823488235473633,0.6609029769897461,0.0005200259025447805
605,0.0010651455377228558,0.0006012889498379081,0.009277131408452988,0.5576663315296173,0.0460160207003355,0.2677120566368103,0.5057311654090881,30.400476455688477,0.24242550134658813,0.24242550134658813,0.7644984722137451,0.1265353560447693,0.11753308773040771,0.18004532158374786,10.82287311553955,0.6607052087783813,0.0005187824421036086
606,0.0010767942876555026,0.0006159598124213517,0.009216689970344305,0.5540330410003662,0.0466165766119957,0.26758888363838196,0.5059511661529541,30.41370391845703,0.24229133129119873,0.24229133129119873,0.7640389204025269,0.12716850638389587,0.11815176904201508,0.1803346872329712,10.840264320373535,0.6621749401092529,0.0005175390242768824
607,0.0010234249057248235,0.0005653934495057911,0.009160629007965326,0.5506631135940552,0.0448743961751461,0.2666005790233612,0.5035855770111084,30.271501541137695,0.24142131209373474,0.24142131209373474,0.762514591217041,0.1259918212890625,0.11702729016542435,0.17929047346115112,10.777497291564941,0.6564319133758545,0.0005162956575868483
608,0.001055519504006952,0.0005970317724859342,0.009169754106551409,0.5512116253376007,0.04640788584947586,0.26789379119873047,0.5052390694618225,30.370899200439453,0.24263182282447815,0.24263182282447815,0.765720009803772,0.12848448753356934,0.11946023255586624,0.18048496544361115,10.849300384521484,0.6666529774665833,0.0005150523505554026
609,0.001089069904992357,0.0006276363419601694,0.00922867190092802,0.554753303527832,0.04784039035439491,0.26620304584503174,0.5018006563186646,30.16420555114746,0.24111300706863403,0.24111300706863403,0.7621443271636963,0.12643156945705414,0.11749768257141113,0.17867782711982727,10.740669250488281,0.6598705053329468,0.0005138091117040321
610,0.001060082227922976,0.000602269486989826,0.009156254585832357,0.5504001677036285,0.046599552035331726,0.26650089025497437,0.5027014017105103,30.218353271484375,0.24136582016944885,0.24136582016944885,0.7627419233322144,0.12663567066192627,0.11770420521497726,0.1786293387413025,10.737754821777344,0.6605711579322815,0.0005125659495537572
611,0.0010145850537810475,0.0005619513394776732,0.009052673354744911,0.5441736876964569,0.044715916737914085,0.26807093620300293,0.5059927701950073,30.416202545166016,0.24277129769325256,0.24277129769325256,0.7661151885986328,0.12857051193714142,0.11956718564033508,0.18006640672683716,10.824140548706055,0.6674699187278748,0.0005113228726250718
612,0.0010599007946439087,0.0006037051498424262,0.009123913012444973,0.5484560430049896,0.0463121123611927,0.2666657567024231,0.503608763217926,30.272897720336914,0.24148531258106232,0.24148531258106232,0.7625285983085632,0.12636761367321014,0.11741331219673157,0.17908605933189392,10.76520824432373,0.6581608057022095,0.0005100798894378861
613,0.0010239330003969371,0.000570759511901997,0.009063469246029854,0.544822633266449,0.04516073316335678,0.26745089888572693,0.5041680335998535,30.306514739990234,0.2422424852848053,0.2422424852848053,0.7636390924453735,0.12732036411762238,0.11833848059177399,0.179637610912323,10.798364639282227,0.6620315909385681,0.0005088370085114675
614,0.0010409718961454928,0.0005875439674127847,0.00906855845823884,0.545128583908081,0.04602227918803692,0.2666330933570862,0.5003002285957336,30.07401466369629,0.2416180968284607,0.2416180968284607,0.7623476982116699,0.1254645586013794,0.11653231084346771,0.17864510416984558,10.738701820373535,0.6554913520812988,0.0005075942383643828
615,0.0010365698544774204,0.0005882325931452215,0.008966744877398014,0.5390084087848663,0.046170324087142944,0.2674199044704437,0.5024771094322205,30.204872131347656,0.242296040058136,0.242296040058136,0.7643037438392639,0.1268216371536255,0.11788631975650787,0.17870621383190155,10.742377281188965,0.6611910462379456,0.0005063515875144395
616,0.0010005954245571047,0.0005503250722540542,0.009005406405776739,0.5413324236869812,0.04438525810837746,0.26762935519218445,0.5033968687057495,30.260156631469727,0.2424595206975937,0.2424595206975937,0.7652560472488403,0.12827646732330322,0.11931931972503662,0.1791430115699768,10.768632888793945,0.6676056385040283,0.0005051090644786272
617,0.0010104294342454523,0.0005634844274027273,0.008938899729400873,0.5373345017433167,0.04517189785838127,0.2658449113368988,0.5007278323173523,30.099716186523438,0.24080851674079895,0.24080851674079895,0.7617287635803223,0.12608614563941956,0.11715675890445709,0.17858758568763733,10.735243797302246,0.65906822681427,0.00050386667777306
618,0.0010205051803495735,0.0005738520412705839,0.008933062199503183,0.5369835793972015,0.04522283375263214,0.26778894662857056,0.5034471750259399,30.263185501098633,0.24261659383773804,0.24261659383773804,0.7656204700469971,0.12783771753311157,0.11885024607181549,0.17974935472011566,10.805081367492676,0.6648012399673462,0.0005026244359129168
619,0.0010240928386338055,0.0005751097341999412,0.008979660924524069,0.5397848188877106,0.04509921185672283,0.2672842741012573,0.5012064576148987,30.12848472595215,0.24222394824028015,0.24222394824028015,0.7639123201370239,0.12664812803268433,0.11771837621927261,0.17859511077404022,10.735698699951172,0.6587905287742615,0.0005013823474123845
620,0.0009967884980142117,0.0005519118567463011,0.008897532243281603,0.5348478555679321,0.04413897730410099,0.2670823037624359,0.5021933913230896,30.187814712524414,0.2419726401567459,0.2419726401567459,0.7631224393844604,0.12693333625793457,0.11799824237823486,0.17870202660560608,10.742124557495117,0.6610547304153442,0.0005001404207845987
621,0.000984304235316813,0.0005443311238195747,0.008799462579190731,0.5289526879787445,0.043906403705477715,0.26695024967193604,0.5014230012893677,30.141508102416992,0.24187910556793213,0.24187910556793213,0.7639285326004028,0.12652279436588287,0.11760323494672775,0.17839132249355316,10.723447799682617,0.6600379347801208,0.0004988986645415853
622,0.0009882784506771713,0.0005486149166245013,0.008793271146714687,0.5285805761814117,0.04399798810482025,0.2678559124469757,0.5005861520767212,30.091203689575195,0.24282661080360413,0.24282661080360413,0.7664059996604919,0.12713976204395294,0.118206687271595,0.17866145074367523,10.73968505859375,0.6618636250495911,0.0004976570871942026
623,0.0009805340087041259,0.0005386385892052203,0.00883790897205472,0.5312637984752655,0.04371003247797489,0.26805388927459717,0.501076877117157,30.12070083618164,0.2430000603199005,0.2430000603199005,0.766018807888031,0.12800432741641998,0.11904830485582352,0.17912036180496216,10.767271041870117,0.66445392370224,0.0004964156972520826
624,0.0009708301513455808,0.0005300582124618813,0.008815438486635685,0.5299130082130432,0.04349742271006107,0.2674655020236969,0.5002540349960327,30.07123565673828,0.24245280027389526,0.24245280027389526,0.7644083499908447,0.12688478827476501,0.1179453581571579,0.17878854274749756,10.74732494354248,0.6597074866294861,0.0004951745032235732
625,0.0009777406812645495,0.0005385178956203163,0.008784455712884665,0.5280506163835526,0.04376272298395634,0.2674107551574707,0.5006712675094604,30.096317291259766,0.24237719178199768,0.24237719178199768,0.7651690244674683,0.12738053500652313,0.11845803260803223,0.17844992876052856,10.726969718933105,0.6628197431564331,0.000493933513615679
626,0.000964908511377871,0.0005295667360769585,0.008706835098564625,0.523384690284729,0.04332214966416359,0.26692479848861694,0.4984167218208313,29.96079444885254,0.24200397729873657,0.24200397729873657,0.764672577381134,0.1268865317106247,0.11799592524766922,0.17781217396259308,10.688633918762207,0.6610510349273682,0.0004926927369340041
627,0.0009629558189772069,0.000527909942320548,0.008700917474925518,0.523029014468193,0.043204519897699356,0.26723581552505493,0.4989491105079651,29.992794036865234,0.24228836596012115,0.24228836596012115,0.7647061347961426,0.12720291316509247,0.11830158531665802,0.17802651226520538,10.701518058776855,0.6617127060890198,0.0004914521816826927
628,0.0009670148137956858,0.0005323704681359231,0.008692887611687183,0.522546261548996,0.04328718222677708,0.26828697323799133,0.499960720539093,30.05360984802246,0.24328893423080444,0.24328893423080444,0.7663478255271912,0.12835624814033508,0.11942031979560852,0.17871852219104767,10.743115425109863,0.6653487086296082,0.0004902118563643719
629,0.0009582049387972802,0.0005239754100330174,0.008684590458869934,0.5220475047826767,0.04318537190556526,0.2672865390777588,0.4979397654533386,29.932125091552734,0.24238955974578857,0.24238955974578857,0.7646074295043945,0.12765775620937347,0.11874936521053314,0.17816780507564545,10.71001148223877,0.6635002493858337,0.0004889717694800922
630,0.0009557930461596698,0.0005244592466624454,0.008626675698906183,0.5185661315917969,0.04319103993475437,0.26740363240242004,0.4989210069179535,29.991106033325195,0.2424575835466385,0.2424575835466385,0.765055775642395,0.12679412961006165,0.11792886257171631,0.17730532586574554,10.65816593170166,0.6608933806419373,0.0004877319295292706
631,0.0009501024032942951,0.0005226129724178463,0.008549788035452366,0.5139442682266235,0.04289695993065834,0.2688935399055481,0.5015016794204712,30.146236419677734,0.24381844699382782,0.24381844699382782,0.7678436040878296,0.12760016322135925,0.11872418969869614,0.17751933634281158,10.67103099822998,0.6638554334640503,0.000486492345009631
632,0.0009513028780929744,0.0005217542639002204,0.008590972516685724,0.5164199769496918,0.04299395531415939,0.26725199818611145,0.4971831440925598,29.886640548706055,0.24239283800125122,0.24239283800125122,0.7642248868942261,0.12672844529151917,0.11784247308969498,0.17771941423416138,10.683056831359863,0.6598857045173645,0.000485253024417147
633,0.0009533221309538931,0.0005236015858827159,0.008594410493969917,0.5166266560554504,0.042772676795721054,0.26704487204551697,0.49636152386665344,29.83725357055664,0.24222680926322937,0.24222680926322937,0.7642934322357178,0.12711384892463684,0.11820116639137268,0.1782536655664444,10.715171813964844,0.6611498594284058,0.00048401397624598335
634,0.000936958531383425,0.0005092759238323197,0.008553652558475733,0.5141766369342804,0.04240318201482296,0.26778146624565125,0.49805113673210144,29.938817977905273,0.24287891387939453,0.24287891387939453,0.7666407227516174,0.12760087847709656,0.11870624870061874,0.17789272964000702,10.693477630615234,0.6624386310577393,0.0004827752089884372
635,0.0009377330134157091,0.0005121498106746003,0.008511664345860481,0.5116526037454605,0.04259367845952511,0.2673642039299011,0.49752017855644226,29.906902313232422,0.24248820543289185,0.24248820543289185,0.7656002640724182,0.12783558666706085,0.11897189170122147,0.17727401852607727,10.656283378601074,0.6640244126319885,0.00048153673113488085
636,0.0009363337303511798,0.000511392907355912,0.008498816285282373,0.5108802318572998,0.042559096589684486,0.2662045657634735,0.49502241611480713,29.756752014160156,0.24145343899726868,0.24145343899726868,0.7628315091133118,0.12704071402549744,0.11819218099117279,0.17697058618068695,10.638042449951172,0.6617182493209839,0.00048029855117370253
637,0.0009335325157735497,0.00050980037485715,0.008474642178043723,0.509427085518837,0.042299216613173485,0.2674003541469574,0.49668607115745544,29.85676383972168,0.2425660490989685,0.2425660490989685,0.7650818824768066,0.12755060195922852,0.1186656579375267,0.17769895493984222,10.6818265914917,0.6629474759101868,0.0004790606775912495
638,0.0009277102653868496,0.0005039706302341074,0.008474793285131454,0.5094362050294876,0.042192114517092705,0.268616646528244,0.498160719871521,29.945402145385742,0.24370861053466797,0.24370861053466797,0.7672258615493774,0.12777946889400482,0.11890137940645218,0.1775617152452469,10.673577308654785,0.662766695022583,0.0004778231188717684
639,0.0009230111027136445,0.0005014204944018275,0.008431812282651663,0.5068525522947311,0.042029477655887604,0.26748842000961304,0.49651968479156494,29.846757888793945,0.2426624298095703,0.2426624298095703,0.765211820602417,0.12741105258464813,0.11853966116905212,0.1774279624223709,10.665538787841797,0.6623274087905884,0.00047658588349734827
640,0.0009225996036548167,0.000503012677654624,0.00839173817075789,0.5044436305761337,0.04202377051115036,0.26753169298171997,0.49661412835121155,29.852436065673828,0.24270099401474,0.24270099401474,0.7656230926513672,0.1273173689842224,0.11845482140779495,0.17725105583667755,10.654903411865234,0.6630804538726807,0.00047534897994786163
641,0.000920005317311734,0.0004996422212570906,0.008407261688262224,0.5053767561912537,0.04207191430032253,0.26764556765556335,0.4954535663127899,29.782672882080078,0.24287287890911102,0.24287287890911102,0.7655810117721558,0.12696395814418793,0.11810559779405594,0.17716719210147858,10.649861335754395,0.6605184078216553,0.000474112416700907
642,0.0009138903697021306,0.0004967037093592808,0.008343732450157404,0.5015578716993332,0.04169050417840481,0.267583966255188,0.4948652386665344,29.7473087310791,0.2428407073020935,0.2428407073020935,0.7656551003456116,0.12726904451847076,0.11841490864753723,0.17708264291286469,10.644779205322266,0.6608991026878357,0.0004728762022317505
643,0.0009135502041317523,0.0004967333225067705,0.00833633728325367,0.5011133402585983,0.04166918061673641,0.2675824463367462,0.4949760138988495,29.753963470458984,0.24283365905284882,0.24283365905284882,0.7661057710647583,0.1275462955236435,0.11868798732757568,0.17716628313064575,10.649807929992676,0.6621655225753784,0.00047164034501326763
644,0.0009027204941958189,0.0004868870892096311,0.00831666775047779,0.4999309927225113,0.041360288858413696,0.2676609754562378,0.4950171411037445,29.756437301635742,0.24291011691093445,0.24291011691093445,0.7663067579269409,0.1272270679473877,0.11838250607252121,0.17689122259616852,10.633273124694824,0.6614046692848206,0.00047040485351588547
645,0.000911693467060104,0.0004971330636180937,0.008291207952424884,0.498400554060936,0.04163573496043682,0.26775774359703064,0.4955097436904907,29.786048889160156,0.24298225343227386,0.24298225343227386,0.7661570310592651,0.12767058610916138,0.11882711201906204,0.17686955630779266,10.631970405578613,0.6627362370491028,0.0004691697362075242
646,0.0009009591885842383,0.000488699646666646,0.00824519107118249,0.49563437700271606,0.04135230556130409,0.2671944797039032,0.4936267137527466,29.6728572845459,0.24251314997673035,0.24251314997673035,0.7652865052223206,0.12748774886131287,0.11864577978849411,0.17683923244476318,10.630147933959961,0.6613824367523193,0.0004679350015535398
647,0.000898082391358912,0.0004841262998525053,0.008279121480882168,0.49767401814460754,0.041244931519031525,0.2670310139656067,0.4931718409061432,29.6455135345459,0.24237240850925446,0.24237240850925446,0.7654522657394409,0.12759457528591156,0.11874467134475708,0.17699813842773438,10.639700889587402,0.6622978448867798,0.000466700658016665
648,0.0008958865073509514,0.00048357721243519336,0.008246185723692179,0.49569423496723175,0.04120669886469841,0.26669228076934814,0.4928050637245178,29.62346649169922,0.24205201864242554,0.24205201864242554,0.764641523361206,0.12748903036117554,0.11865638196468353,0.17665287852287292,10.61894702911377,0.6624047756195068,0.0004654667140569526
649,0.0008889794116839767,0.00047951657325029373,0.008189255837351084,0.4922720193862915,0.0410232562571764,0.2673191428184509,0.4932916462421417,29.6527156829834,0.24265456199645996,0.24265456199645996,0.7657657861709595,0.12773151695728302,0.11890769004821777,0.17647665739059448,10.608354568481445,0.6630252599716187,0.00046423317813171607
650,0.000890938623342663,0.00048088145558722317,0.008201142773032188,0.4929865747690201,0.0411379337310791,0.2681173086166382,0.49372220039367676,29.6785945892334,0.2434312105178833,0.2434312105178833,0.7673760652542114,0.1280917227268219,0.11925351619720459,0.17676419019699097,10.62563705444336,0.6644843816757202,0.0004630000586954727
651,0.0008950784103944898,0.00048496402450837195,0.008202287601307034,0.49305538833141327,0.041122330352663994,0.2673647105693817,0.49256494641304016,29.60902976989746,0.24273645877838135,0.24273645877838135,0.7654702663421631,0.1274157017469406,0.1185968741774559,0.17637647688388824,10.602330207824707,0.6625260710716248,0.00046176736419988485
652,0.0008825053228065372,0.0004756934067700058,0.008136238437145948,0.48908503353595734,0.04090354964137077,0.2672533690929413,0.4923413395881653,29.59558868408203,0.2426362931728363,0.2426362931728363,0.7650914192199707,0.12709343433380127,0.11829280853271484,0.1760125756263733,10.580456733703613,0.6611309051513672,0.0004605351030937026
653,0.0008818212663754821,0.00047636806266382337,0.008109064307063818,0.48745155334472656,0.040947336703538895,0.2678294777870178,0.49252963066101074,29.606908798217773,0.24320299923419952,0.24320299923419952,0.7664638161659241,0.12721796333789825,0.118402861058712,0.17630206048488617,10.597858428955078,0.6606916189193726,0.00045930328382270556
654,0.0008791083237156272,0.00047335994167951867,0.008114967728033662,0.48780639469623566,0.04080531932413578,0.26840686798095703,0.4937894642353058,29.682640075683594,0.24371740221977234,0.24371740221977234,0.7678097486495972,0.12798938155174255,0.11915885657072067,0.17661051452159882,10.616400718688965,0.6633703708648682,0.0004580719148296454
655,0.0008753958973102272,0.0004718227864941582,0.008071462158113718,0.4851912260055542,0.04070757515728474,0.26789188385009766,0.4929133951663971,29.629980087280273,0.24324621260166168,0.24324621260166168,0.7666449546813965,0.12795768678188324,0.11914472281932831,0.17625924944877625,10.595284461975098,0.6633516550064087,0.0004568410045541871
656,0.000874726043548435,0.00047086519771255553,0.00807721703313291,0.485537126660347,0.0406691525131464,0.26747405529022217,0.49133312702178955,29.534982681274414,0.24290740489959717,0.24290740489959717,0.7660524845123291,0.12779775261878967,0.11899080872535706,0.176138773560524,10.588042259216309,0.6631333827972412,0.0004556105614328519
657,0.0008783364901319146,0.00047623386490158737,0.008042052388191223,0.48342330753803253,0.040656885132193565,0.26794737577438354,0.49134913086891174,29.535947799682617,0.24337990581989288,0.24337990581989288,0.7669683694839478,0.12774327397346497,0.11893997341394424,0.17606590688228607,10.583662033081055,0.6627342104911804,0.00045438059389895887
658,0.0008687576337251812,0.0004663515865104273,0.008048121351748705,0.4837881475687027,0.04051044024527073,0.2676730453968048,0.49117612838745117,29.52554702758789,0.24311423301696777,0.24311423301696777,0.7662917971611023,0.12788039445877075,0.11907702684402466,0.17606739699840546,10.583752632141113,0.663365364074707,0.00045315111038256816
659,0.0008763403457123786,0.00047487842675764114,0.008029238553717732,0.48265306651592255,0.04077987186610699,0.2670738995075226,0.490378737449646,29.47761344909668,0.24255496263504028,0.24255496263504028,0.7648638486862183,0.12717032432556152,0.11838075518608093,0.1757914125919342,10.567161560058594,0.6604254245758057,0.0004519221193104221
660,0.0008670507813803852,0.00046815256064292043,0.00797796412371099,0.47957082092761993,0.040553294122219086,0.2678031623363495,0.4909687042236328,29.513078689575195,0.24325472116470337,0.24325472116470337,0.766991376876831,0.12758105993270874,0.11879320442676544,0.1757572442293167,10.565107345581055,0.6618436574935913,0.0004506936291058878
661,0.0008724021317902952,0.0004731769731733948,0.007984503172338009,0.47996391355991364,0.0406712144613266,0.26818791031837463,0.491207093000412,29.527406692504883,0.24362754821777344,0.24362754821777344,0.7678841352462769,0.1280636340379715,0.11927798390388489,0.17571304738521576,10.562451362609863,0.6638898849487305,0.00044946564818889933
662,0.000862014276208356,0.00046307950105983764,0.00797869497910142,0.479614794254303,0.04029837064445019,0.2671909034252167,0.4894258975982666,29.42033576965332,0.2427196204662323,0.2427196204662323,0.7655122876167297,0.12756770849227905,0.11878666281700134,0.17562103271484375,10.556920051574707,0.6624454259872437,0.00044823818497590086
663,0.0008613510290160775,0.0004637259553419426,0.007952501997351646,0.47804026305675507,0.040296534076333046,0.26734253764152527,0.48945820331573486,29.422277450561523,0.24286961555480957,0.24286961555480957,0.7659947872161865,0.1277690976858139,0.11898268759250641,0.1757282018661499,10.563361167907715,0.6628415584564209,0.0004470112478797875
664,0.0008603809983469546,0.0004640432889573276,0.007926754653453827,0.4764925539493561,0.04040096886456013,0.2677062153816223,0.4899401068687439,29.451248168945312,0.24320919811725616,0.24320919811725616,0.7670797109603882,0.12782929837703705,0.11905431747436523,0.17549961805343628,10.54962158203125,0.6620358228683472,0.0004457848453098487
665,0.0008838745998218656,0.0004886492097284645,0.0079045076854527,0.47515521943569183,0.04140857420861721,0.26801666617393494,0.4909340441226959,29.510995864868164,0.2434699535369873,0.2434699535369873,0.7672830820083618,0.12772569060325623,0.11896327137947083,0.1752484291791916,10.53452205657959,0.6615958213806152,0.0004445589856717107
666,0.0008563086157664657,0.000461733405245468,0.007891504094004631,0.47437359392642975,0.04046937637031078,0.2685229778289795,0.49152466654777527,29.546497344970703,0.24394673109054565,0.24394673109054565,0.7677537202835083,0.12806084752082825,0.11927458643913269,0.17572537064552307,10.563191413879395,0.663981020450592,0.0004433336773672779
667,0.0008672441181261092,0.0004738988645840436,0.007866905303671956,0.4728948473930359,0.041169313713908195,0.2676861882209778,0.4877379238605499,29.31886863708496,0.24329930543899536,0.24329930543899536,0.7665702104568481,0.1274624764919281,0.11867968738079071,0.17565570771694183,10.559003829956055,0.6603062152862549,0.00044210892879467634
668,0.0008606053306721151,0.00046614569146186113,0.007889192784205079,0.4742346405982971,0.040306393057107925,0.2676873803138733,0.48845961689949036,29.36224937438965,0.24326439201831818,0.24326439201831818,0.7673519849777222,0.12853531539440155,0.1197541207075119,0.17562389373779297,10.55709171295166,0.6642264723777771,0.00044088474834819537
669,0.0008518026734236628,0.00046008609933778644,0.007834331132471561,0.4709368050098419,0.040263451635837555,0.2667272388935089,0.488481730222702,29.36358070373535,0.24230314791202545,0.24230314791202545,0.7654008865356445,0.12776993215084076,0.1190410926938057,0.17457672953605652,10.49414348602295,0.6627000570297241,0.0004396611444182309
670,0.0008596933912485838,0.0004700613353634253,0.007792640943080187,0.4684307277202606,0.040572116151452065,0.2675538659095764,0.48941341042518616,29.41958999633789,0.24308320879936218,0.24308320879936218,0.7665730714797974,0.12784236669540405,0.11908286809921265,0.17518994212150574,10.531005859375,0.6630738973617554,0.0004384381253912274
671,0.0008447929576504976,0.00045576755655929446,0.007780508138239384,0.46770137548446655,0.04015650227665901,0.26839572191238403,0.48903632164001465,29.39691734313965,0.24394389986991882,0.24394389986991882,0.7682607173919678,0.12829817831516266,0.11950533092021942,0.17585688829421997,10.571097373962402,0.6640095710754395,0.00043721569964962016
672,0.0008460376993753016,0.00045391688763629645,0.007842416176572442,0.47142280638217926,0.039803456515073776,0.26767560839653015,0.48721978068351746,29.287723541259766,0.24331462383270264,0.24331462383270264,0.7666877508163452,0.1273471564054489,0.11859136819839478,0.1751156896352768,10.526541709899902,0.6603084206581116,0.0004359938755717782
673,0.000856962869875133,0.00046670131268911064,0.0078052307944744825,0.46918749809265137,0.04042913019657135,0.2669161260128021,0.4875735342502594,29.30898666381836,0.2425374537706375,0.2425374537706375,0.7653342485427856,0.127579003572464,0.11883582174777985,0.17486348748207092,10.511382102966309,0.6626626253128052,0.00043477266153194727
674,0.0008374155731871724,0.00045045548176858574,0.007739201420918107,0.46521836519241333,0.039848899468779564,0.2671576142311096,0.4871412217617035,29.283000946044922,0.24280056357383728,0.24280056357383728,0.7662656307220459,0.12731334567070007,0.11859430372714996,0.17438092827796936,10.482375144958496,0.661350429058075,0.0004335520659001914
675,0.0008386202389374375,0.00045296194730326533,0.007713166065514088,0.4636533558368683,0.0399854127317667,0.2678711712360382,0.48716065287590027,29.284168243408203,0.24351313710212708,0.24351313710212708,0.7678005695343018,0.1280255913734436,0.11928163468837738,0.1748790144920349,10.51231575012207,0.6633741855621338,0.0004323320970423364
676,0.0008336003520525992,0.00044889742275699973,0.007694058120250702,0.4625047296285629,0.03984307684004307,0.2676869034767151,0.4874306917190552,29.30040168762207,0.24331536889076233,0.24331536889076233,0.7669181227684021,0.12796330451965332,0.11920836567878723,0.17509888112545013,10.525531768798828,0.6628434658050537,0.0004311127633199125
677,0.0008416305063292384,0.00045848250738345087,0.007662960095331073,0.46063537895679474,0.03998713567852974,0.2676030695438385,0.4866878092288971,29.255746841430664,0.243268683552742,0.243268683552742,0.7662387490272522,0.12758558988571167,0.11883488297462463,0.17501415312290192,10.520438194274902,0.6611533164978027,0.0004298940730900963
678,0.0008325932722073048,0.00044901727233082056,0.007671520113945007,0.4611499309539795,0.039569396525621414,0.2679050862789154,0.48673492670059204,29.25857925415039,0.2435683310031891,0.2435683310031891,0.7672772407531738,0.12830035388469696,0.11953967064619064,0.17521367967128754,10.532432556152344,0.6638333797454834,0.00042867603470565405
679,0.0008344438101630658,0.00045032831258140504,0.007682309253141284,0.46179844439029694,0.039893653243780136,0.26728546619415283,0.4859045147895813,29.208660125732422,0.24299022555351257,0.24299022555351257,0.7667211294174194,0.12749886512756348,0.11878230422735214,0.17433136701583862,10.479394912719727,0.6609272956848145,0.00042745865651488453
680,0.0008258970337919891,0.0004452824068721384,0.007612292189151049,0.45758961141109467,0.039596629329025745,0.2675553560256958,0.4865899980068207,29.24986457824707,0.2432258427143097,0.2432258427143097,0.7676483392715454,0.12862904369831085,0.11990595608949661,0.17446184158325195,10.487239837646484,0.6656677722930908,0.0004262419468615617
681,0.0008284705108962953,0.0004474890301935375,0.007619629148393869,0.458030641078949,0.03990856930613518,0.2674938142299652,0.48504525423049927,29.157007217407227,0.2432415634393692,0.2432415634393692,0.7668021321296692,0.12790028750896454,0.11918921768665314,0.17422129213809967,10.4727783203125,0.6623662710189819,0.00042502591408487733
682,0.0008383191016037017,0.0004580350359901786,0.007605681661516428,0.45719221234321594,0.04010985605418682,0.26839038729667664,0.48570218682289124,29.196496963500977,0.244105264544487,0.244105264544487,0.7683908939361572,0.12815101444721222,0.11940499395132065,0.174920454621315,10.514805793762207,0.6626165509223938,0.0004238105665193837
683,0.0008472200715914369,0.0004652797942981124,0.007638805545866489,0.45918336510658264,0.040226537734270096,0.2679339051246643,0.4860359728336334,29.21656036376953,0.24363210797309875,0.24363210797309875,0.767657995223999,0.12808462977409363,0.11933422088623047,0.17500808835029602,10.520073890686035,0.6627932786941528,0.00042259591249493687
684,0.000814630271634087,0.00043662733514793217,0.007560058496892452,0.45444972813129425,0.0392906479537487,0.26644954085350037,0.4837850034236908,29.081253051757812,0.24226027727127075,0.24226027727127075,0.7648366093635559,0.12668725848197937,0.11800084263086319,0.17372819781303406,10.443138122558594,0.6579111814498901,0.00042138196033663977
685,0.0008268677920568734,0.0004504571406869218,0.007528212852776051,0.4525354206562042,0.03993756324052811,0.2677712142467499,0.48572108149528503,29.197633743286133,0.24348515272140503,0.24348515272140503,0.767857551574707,0.12879417836666107,0.12007059156894684,0.17447160184383392,10.487825393676758,0.6658047437667847,0.00042016871836478455
686,0.0008266946824733168,0.0004489574203034863,0.007554745534434915,0.4541303813457489,0.04005616344511509,0.2677159011363983,0.4846459925174713,29.133010864257812,0.24348358809947968,0.24348358809947968,0.7674566507339478,0.12842059135437012,0.11970168352127075,0.17437808215618134,10.482205390930176,0.6635681390762329,0.00041895619489479557
687,0.0008124446030706167,0.00043649287545122206,0.007519034435972571,0.4519836753606796,0.03910755179822445,0.2673320770263672,0.48423755168914795,29.10845375061035,0.2431201934814453,0.2431201934814453,0.7663967609405518,0.12799929082393646,0.11928108334541321,0.1743641495704651,10.481365203857422,0.6619253754615784,0.00041774439823717333
688,0.0008220907184295356,0.00044762121979147196,0.007489389972761273,0.45020171999931335,0.03957686387002468,0.2676216661930084,0.4845801591873169,29.12904930114746,0.24339266121387482,0.24339266121387482,0.7673957347869873,0.12837794423103333,0.11964832246303558,0.1745925098657608,10.495094299316406,0.6632472276687622,0.0004165333366974361
689,0.0008130180940497667,0.00043905869824811816,0.007479187333956361,0.449588418006897,0.038970958441495895,0.26783597469329834,0.48419177532196045,29.10570526123047,0.2436264008283615,0.2436264008283615,0.7679405212402344,0.1278574913740158,0.11916141957044601,0.1739214062690735,10.454751968383789,0.6607846021652222,0.0004153230185760642
690,0.000819509761640802,0.0004461016069399193,0.007468163035809994,0.4489257335662842,0.03963764198124409,0.2681516706943512,0.4853155314922333,29.173255920410156,0.24388588964939117,0.24388588964939117,0.7681111097335815,0.12843440473079681,0.11972825974225998,0.17412281036376953,10.466858863830566,0.6640227437019348,0.0004141134521684424
691,0.0008020145469345152,0.00043012600508518517,0.007437770254909992,0.4470987468957901,0.0388497905805707,0.2672329545021057,0.48305225372314453,29.03720474243164,0.24308034777641296,0.24308034777641296,0.7665647268295288,0.12785685062408447,0.11916515976190567,0.1738339066505432,10.449492454528809,0.6618465185165405,0.00041290464576480373
692,0.0007982145179994404,0.0004258817061781883,0.007446656236425042,0.44763289391994476,0.038594065234065056,0.26738083362579346,0.48304229974746704,29.03660774230957,0.2432287186384201,0.2432287186384201,0.7672384977340698,0.12878352403640747,0.12007048726081848,0.17426061630249023,10.475142478942871,0.665298342704773,0.00041169660765017174
693,0.0007979099464137107,0.0004254001978551969,0.007450195262208581,0.44784560799598694,0.03872517589479685,0.2674262821674347,0.48262497782707214,29.011520385742188,0.24329504370689392,0.24329504370689392,0.7673312425613403,0.12833717465400696,0.11965425312519073,0.1736583262681961,10.438937187194824,0.6635890007019043,0.0004104893461043044
694,0.0007901692297309637,0.0004203114949632436,0.0073971550446003675,0.4446572959423065,0.03839249722659588,0.2677212953567505,0.48312222957611084,29.041412353515625,0.24356518685817719,0.24356518685817719,0.7678378820419312,0.12769992649555206,0.11903880536556244,0.17322248220443726,10.412737846374512,0.6614893078804016,0.0004092828694016369
695,0.0007893206784501672,0.00042149872751906514,0.00735643832013011,0.44220973551273346,0.03836982138454914,0.26789671182632446,0.4838846027851105,29.08724021911621,0.2437024712562561,0.2437024712562561,0.7682861089706421,0.12800027430057526,0.11931375414133072,0.1737305372953415,10.443278312683105,0.6629467010498047,0.0004080771858112259
696,0.0007897145114839077,0.0004221025883452967,0.007352238520979881,0.4419572800397873,0.038507409393787384,0.2675788402557373,0.4828762412071228,29.02662467956543,0.24343504011631012,0.24343504011631012,0.7674649953842163,0.127640500664711,0.11895675957202911,0.17367488145828247,10.439932823181152,0.6611112356185913,0.0004068723035966917
697,0.0007909962732810527,0.00042395062337163836,0.0073409127071499825,0.4412764459848404,0.038544801995158195,0.26830998063087463,0.48358356952667236,29.06914520263672,0.24413079023361206,0.24413079023361206,0.7687064409255981,0.128207728266716,0.11952558904886246,0.17364275455474854,10.43800163269043,0.6628588438034058,0.00040566823101616164
698,0.0007835527649149299,0.00041647208854556084,0.00734161282889545,0.4413185566663742,0.038134170696139336,0.2680898904800415,0.4831590950489044,29.043624877929688,0.24393194913864136,0.24393194913864136,0.7682493925094604,0.1286059021949768,0.11991891264915466,0.17373991012573242,10.443840980529785,0.664807140827179,0.00040446497632221496
699,0.0007838235469534993,0.0004171712789684534,0.007333044894039631,0.44080349802970886,0.03831546939909458,0.26755213737487793,0.4815577268600464,28.94736671447754,0.24347425997257233,0.24347425997257233,0.7675350904464722,0.12800602614879608,0.11933594942092896,0.17340153455734253,10.423501014709473,0.6624638438224792,0.00040326254776182433
700,0.0007796632125973701,0.00041420714114792645,0.0073091210797429085,0.4393653869628906,0.03809108957648277,0.2676575481891632,0.4816162586212158,28.950883865356445,0.24357673525810242,0.24357673525810242,0.7681047916412354,0.12831012904644012,0.1196351945400238,0.17349858582019806,10.429335594177246,0.6632699966430664,0.00040206095357630037
701,0.0007807112124282867,0.0004160765965934843,0.007292692083865404,0.438377782702446,0.03815442509949207,0.2676789462566376,0.4821587800979614,28.98349952697754,0.24357101321220398,0.24357101321220398,0.7681334614753723,0.12846945226192474,0.11979986727237701,0.17339172959327698,10.42291259765625,0.6643794775009155,0.0004008602020012351
702,0.0007818517624400556,0.0004181263502687216,0.007274507777765393,0.43728476762771606,0.038329802453517914,0.267545610666275,0.4820150136947632,28.974853515625,0.24344485998153687,0.24344485998153687,0.7672936916351318,0.12785743176937103,0.11919264495372772,0.17329570651054382,10.417139053344727,0.6619219779968262,0.0003996603012664456
703,0.0007791962416376919,0.0004161267861491069,0.00726138916797936,0.4364961087703705,0.03820088133215904,0.2678808271884918,0.4814668297767639,28.94190216064453,0.24380747973918915,0.24380747973918915,0.768425464630127,0.1283755749464035,0.11969256401062012,0.1736602485179901,10.439053535461426,0.6636239886283875,0.000398461259595917
704,0.0007768767536617815,0.00041325051279272884,0.007272524060681462,0.4371654987335205,0.03799135237932205,0.2679276466369629,0.48121926188468933,28.927019119262695,0.2438666820526123,0.2438666820526123,0.7685810327529907,0.12837055325508118,0.11969225853681564,0.1735658049583435,10.433374404907227,0.6628295183181763,0.00039726308520774664
705,0.000773040548665449,0.00041140743996948004,0.007232661824673414,0.43476931750774384,0.037908487021923065,0.2680482268333435,0.48220711946487427,28.986404418945312,0.24393786489963531,0.24393786489963531,0.7685120105743408,0.1284901201725006,0.11982230842113495,0.1733563244342804,10.420783996582031,0.663385272026062,0.00039606578631408743
706,0.0007687716861255467,0.0004086545595782809,0.007202342618256807,0.43294672667980194,0.03784486465156078,0.26760584115982056,0.48089325428009033,28.907424926757812,0.24356117844581604,0.24356117844581604,0.767733097076416,0.12817251682281494,0.11951583623886108,0.17313364148139954,10.407398223876953,0.66258305311203,0.00039486937112109225
707,0.0007678751135244966,0.0004088256537215784,0.007180989254266024,0.4316631555557251,0.03781476430594921,0.26755306124687195,0.4796167314052582,28.8306884765625,0.24357223510742188,0.24357223510742188,0.768052875995636,0.1279509961605072,0.11929620802402496,0.17309576272964478,10.405121803283691,0.661781907081604,0.00039367384782885685
708,0.0007667275494895875,0.00040694812196306884,0.007195587968453765,0.432540699839592,0.037716466933488846,0.26781636476516724,0.48006975650787354,28.85792350769043,0.24381288886070251,0.24381288886070251,0.7683571577072144,0.12809035181999207,0.1194392740726471,0.17302164435386658,10.400664329528809,0.6622413396835327,0.0003924792246313637
709,0.0007721884176135063,0.0004129408043809235,0.007184952264651656,0.43190139532089233,0.03783956170082092,0.2676667869091034,0.48028045892715454,28.87058448791504,0.24365276098251343,0.24365276098251343,0.76789790391922,0.128449946641922,0.11981184035539627,0.1727622151374817,10.38507080078125,0.6640397310256958,0.00039128550971642684
710,0.0007605635328218341,0.00040257099317386746,0.007159850560128689,0.43039245903491974,0.037539687007665634,0.2677737772464752,0.48071786761283875,28.896879196166992,0.24373787641525269,0.24373787641525269,0.7680249214172363,0.12872420251369476,0.12007743120193481,0.172935351729393,10.395478248596191,0.6651158928871155,0.0003900927112656345
711,0.0007603480771649629,0.00040312352939508855,0.007144490722566843,0.42946915328502655,0.037587372586131096,0.2677571475505829,0.4801093339920044,28.860300064086914,0.2437516748905182,0.2437516748905182,0.7682007551193237,0.12809789180755615,0.11945939809083939,0.17276981472969055,10.385527610778809,0.6621127128601074,0.0003889008374542935
712,0.0007576843781862408,0.0004013952275272459,0.007125782547518611,0.4283445477485657,0.0374603196978569,0.26777592301368713,0.47936853766441345,28.815771102905273,0.24380749464035034,0.24380749464035034,0.7686967253684998,0.1283353716135025,0.11968444287776947,0.17301857471466064,10.400481224060059,0.6628818511962891,0.00038770989645137355
713,0.000763638352509588,0.0004069893475389108,0.007132979575544596,0.42877720296382904,0.03764599934220314,0.2680314779281616,0.4798436164855957,28.844329833984375,0.24403928220272064,0.24403928220272064,0.7688723802566528,0.12848885357379913,0.11984415352344513,0.17289407551288605,10.392996788024902,0.6635235548019409,0.0003865198964194513
714,0.0007586359861306846,0.0004038047627545893,0.007096624467521906,0.42659181356430054,0.03761984594166279,0.26790884137153625,0.4797605276107788,28.83933448791504,0.24392081797122955,0.24392081797122955,0.7681800127029419,0.12825974822044373,0.11961871385574341,0.17282074689865112,10.388589859008789,0.6629477739334106,0.0003853308455146533
715,0.0007562219689134508,0.0004023424698971212,0.007077589863911271,0.42544762790203094,0.0375356562435627,0.2679172456264496,0.4790111482143402,28.794286727905273,0.2439666986465454,0.2439666986465454,0.768651008605957,0.1279282420873642,0.11929918080568314,0.17258119583129883,10.374189376831055,0.6617668867111206,0.0003841427518866014
716,0.000753829546738416,0.00039901796844787896,0.007096230983734131,0.4265681505203247,0.037366414442658424,0.26788195967674255,0.4785512387752533,28.766639709472656,0.24395440518856049,0.24395440518856049,0.7689304351806641,0.12847933173179626,0.11983807384967804,0.17282511293888092,10.388851165771484,0.6640242338180542,0.00038295562367835655
717,0.0007552783063147217,0.0004010473203379661,0.007084619719535112,0.42587022483348846,0.03747907839715481,0.2677117884159088,0.4788086414337158,28.78211212158203,0.24377134442329407,0.24377134442329407,0.7679779529571533,0.12835150957107544,0.11972832679748535,0.1724637746810913,10.367130279541016,0.6632230281829834,0.00038176946902636225
718,0.0007510806899517775,0.0003993020800407976,0.0070355720818042755,0.4229218363761902,0.037465767934918404,0.26808708906173706,0.47905415296554565,28.796873092651367,0.24413439631462097,0.24413439631462097,0.7687124013900757,0.12831534445285797,0.11970497667789459,0.1722073256969452,10.351715087890625,0.6627345085144043,0.00038058429606038985
719,0.0007461609493475407,0.0003951486578444019,0.007020245306193829,0.422000527381897,0.03719675727188587,0.2687394618988037,0.4796726703643799,28.83405113220215,0.2447558343410492,0.2447558343410492,0.770594596862793,0.12906688451766968,0.12042829394340515,0.17277167737483978,10.385640144348145,0.6654751300811768,0.000379400112903482
720,0.0007534985197708011,0.0004021736385766417,0.007026497041806579,0.4223763197660446,0.03751420974731445,0.26773110032081604,0.478101521730423,28.739606857299805,0.2438260316848755,0.2438260316848755,0.7683849930763245,0.12815245985984802,0.11952356994152069,0.1725778728723526,10.373990058898926,0.6622506380081177,0.0003782169276718977
721,0.0007496296311728656,0.00039938747067935765,0.007004842860624194,0.42107464373111725,0.037364525720477104,0.26712241768836975,0.4775004982948303,28.70347785949707,0.243247389793396,0.243247389793396,0.767213761806488,0.12808960676193237,0.11947156488895416,0.17236094176769257,10.360949516296387,0.6624243259429932,0.00037703474847505596
722,0.0007433053106069565,0.00039411803300026804,0.006983745144680142,0.4198064059019089,0.037175875157117844,0.2679465413093567,0.4786476492881775,28.772436141967773,0.24401414394378662,0.24401414394378662,0.768998384475708,0.12884816527366638,0.12021620571613312,0.17263911664485931,10.377671241760254,0.6649689674377441,0.0003758535834154804
723,0.0007457742176484317,0.0003966923541156575,0.006981636863201857,0.4196797013282776,0.0372025016695261,0.26781243085861206,0.4775734841823578,28.70786476135254,0.243933767080307,0.243933767080307,0.7687204480171204,0.12831978499889374,0.11970804631710052,0.17223483324050903,10.353367805480957,0.6623420715332031,0.00037467344058874426
724,0.0007394291169475764,0.0003913647014996968,0.006961288163438439,0.4184564799070358,0.03701021336019039,0.26779523491859436,0.4778634309768677,28.725296020507812,0.2439020574092865,0.2439020574092865,0.7687828540802002,0.12850984930992126,0.11990530043840408,0.1720908284187317,10.344712257385254,0.6635766625404358,0.0003734943280834145
725,0.0007359104347415268,0.0003883617901010439,0.006950972834601998,0.417836457490921,0.03688202425837517,0.2679600715637207,0.47794151306152344,28.72998809814453,0.24406298995018005,0.24406298995018005,0.7687700986862183,0.1279924213886261,0.11940263956785202,0.17179565131664276,10.3269681930542,0.6614354848861694,0.00037231625398099604
726,0.0007383752090390772,0.000392315472709015,0.006921194260939956,0.4160463809967041,0.03692823275923729,0.268329918384552,0.4778004288673401,28.721506118774414,0.24443989992141724,0.24443989992141724,0.7694956064224243,0.12808062136173248,0.1194830983877182,0.17195037007331848,10.336270332336426,0.6616364121437073,0.00037113922635587674
727,0.0007320115109905601,0.0003861097720800899,0.006918034981936216,0.4158564507961273,0.03675653226673603,0.26840758323669434,0.47789475321769714,28.727176666259766,0.24451285600662231,0.24451285600662231,0.7698267698287964,0.1285206824541092,0.1199159100651741,0.17209555208683014,10.344995498657227,0.6633982062339783,0.00036996325327527245
728,0.0007304764003492892,0.00038461689837276936,0.0069171900395303965,0.4158056825399399,0.03664589673280716,0.26799359917640686,0.4772622287273407,28.689157485961914,0.24413049221038818,0.24413049221038818,0.7688592076301575,0.12857043743133545,0.1199614405632019,0.17217980325222015,10.35006046295166,0.6641131639480591,0.0003687883427991707
729,0.0007303811144083738,0.00038567181036341935,0.0068941854406148195,0.41442281007766724,0.036664861254394054,0.26760610938072205,0.47674548625946045,28.65809440612793,0.2437688410282135,0.2437688410282135,0.7680113911628723,0.12834973633289337,0.1197533905506134,0.17192700505256653,10.33486557006836,0.6632661819458008,0.0003676145029802766
730,0.0007270312344189733,0.00038317924190778285,0.006877040024846792,0.41339215636253357,0.036564094945788383,0.26819318532943726,0.47723814845085144,28.68770980834961,0.2443312704563141,0.2443312704563141,0.7694610357284546,0.1287401020526886,0.12013483047485352,0.17210543155670166,10.345590591430664,0.6641784906387329,0.0003664417418639565
731,0.0007262035505846143,0.0003819515695795417,0.006885039620101452,0.4138730615377426,0.036560745909810066,0.2683062255382538,0.47662249207496643,28.650697708129883,0.2444751113653183,0.2444751113653183,0.7699196934700012,0.12858307361602783,0.11998317390680313,0.17199814319610596,10.339140892028809,0.6631534099578857,0.00036527006748818426
732,0.0007241382845677435,0.0003813339862972498,0.006856086198240519,0.41213259100914,0.036494649946689606,0.2680339813232422,0.47605669498443604,28.61668586730957,0.24423113465309143,0.24423113465309143,0.7691391706466675,0.12836183607578278,0.11976830661296844,0.17187054455280304,10.33147144317627,0.6623495221138,0.0003640994878834844
733,0.0007268253830261528,0.00038479012437164783,0.006840704241767526,0.4112079590559006,0.03668149188160896,0.26757892966270447,0.4753579795360565,28.574687957763672,0.24381104111671448,0.24381104111671448,0.7682522535324097,0.12855885922908783,0.119975745677948,0.17166239023208618,10.318958282470703,0.6638308763504028,0.00036293001107287875
734,0.0007249258924275637,0.00038322489126585424,0.006834019673988223,0.41080616414546967,0.03655407577753067,0.26811057329177856,0.47632625699043274,28.632892608642578,0.24429427087306976,0.24429427087306976,0.7694233059883118,0.12884294986724854,0.12026108056306839,0.17163752019405365,10.317462921142578,0.6647624969482422,0.0003617616450718302
735,0.0007205507135950029,0.00037941244954708964,0.006822764407843351,0.41012953221797943,0.03639824688434601,0.26809388399124146,0.4765552580356598,28.64665985107422,0.24426612257957458,0.24426612257957458,0.7694165706634521,0.12854088842868805,0.11995670944452286,0.1716836839914322,10.320239067077637,0.6629670262336731,0.0003605943978881887
736,0.0007172584300860763,0.00037712883204221725,0.006802592193707824,0.40891696512699127,0.03626311384141445,0.26770544052124023,0.4756234586238861,28.59064292907715,0.24392426013946533,0.24392426013946533,0.7687759399414062,0.12844595313072205,0.11985215544700623,0.17187592387199402,10.331793785095215,0.6627615690231323,0.0003594282775221357
737,0.0007168318552430719,0.0003765336296055466,0.006805964047089219,0.4091196805238724,0.03626848757266998,0.26774024963378906,0.4753376841545105,28.573467254638672,0.24397335946559906,0.24397335946559906,0.7686741948127747,0.12836462259292603,0.11977516114711761,0.17178919911384583,10.326581001281738,0.6627177000045776,0.00035826329196612944
738,0.0007175205100793391,0.00037837620766367763,0.006782886106520891,0.40773242712020874,0.036188362166285515,0.2678931653499603,0.4750309884548187,28.55503273010254,0.2441416233778,0.2441416233778,0.7689903974533081,0.12836112082004547,0.11979251354932785,0.17137211561203003,10.301507949829102,0.6628096103668213,0.0003570994492048507
739,0.0007164323469623923,0.00037827371852472425,0.006763172335922718,0.4065473675727844,0.03632836230099201,0.26825597882270813,0.4755244255065918,28.58469581604004,0.24447974562644958,0.24447974562644958,0.7696539759635925,0.12860821187496185,0.12003608793020248,0.17144252359867096,10.305742263793945,0.6636675596237183,0.00035593675721514747
740,0.000712822045898065,0.0003750482137547806,0.00675547681748867,0.4060847908258438,0.036211347207427025,0.26781001687049866,0.47469955682754517,28.53510856628418,0.24407503008842468,0.24407503008842468,0.7689508199691772,0.12842623889446259,0.11985078454017639,0.1715090572834015,10.309741973876953,0.6629026532173157,0.00035477522396598035
741,0.0007105964468792081,0.00037268633604981005,0.006758202565833926,0.40624862909317017,0.0360933355987072,0.26776614785194397,0.47456827759742737,28.527217864990234,0.24403774738311768,0.24403774738311768,0.769119143486023,0.12877199053764343,0.12018923461437225,0.1716550588607788,10.31851863861084,0.6640642881393433,0.000353614857418368
742,0.0007092466112226248,0.0003715138664119877,0.0067546546924859285,0.4060353636741638,0.03603877127170563,0.26804590225219727,0.47474294900894165,28.537715911865234,0.24430876970291138,0.24430876970291138,0.7695214748382568,0.12869691848754883,0.12012218683958054,0.17149470746517181,10.308879852294922,0.6636382341384888,0.0003524556655253332
743,0.0007098800560925156,0.00037360843271017075,0.006725432816892862,0.4042787700891495,0.03601129725575447,0.2680409550666809,0.47452524304389954,28.524627685546875,0.24431470036506653,0.24431470036506653,0.7695066928863525,0.1284388154745102,0.1198793277144432,0.17118969559669495,10.290544509887695,0.6625373363494873,0.00035129765623184706
744,0.0007203442510217428,0.0003855840186588466,0.00669520441442728,0.4024616926908493,0.036614105105400085,0.2677887976169586,0.4738337993621826,28.483062744140625,0.24409709870815277,0.24409709870815277,0.7692695260047913,0.12878382205963135,0.1202244833111763,0.1711866408586502,10.290358543395996,0.6641877293586731,0.000350140837474776
745,0.0007118030334822834,0.0003764189750654623,0.00670768111012876,0.40321165323257446,0.03644410893321037,0.26778125762939453,0.4739561378955841,28.490421295166016,0.2440834641456604,0.2440834641456604,0.768997311592102,0.12890157103538513,0.12035052478313446,0.17102086544036865,10.2803955078125,0.6649401187896729,0.00034898521718282566
746,0.0007052086584735662,0.00037086440715938807,0.006686885142698884,0.4019615948200226,0.036015089601278305,0.2680538296699524,0.47421079874038696,28.50572967529297,0.24434329569339752,0.24434329569339752,0.7692909240722656,0.12849728763103485,0.11995191872119904,0.17090724408626556,10.273566246032715,0.6626505851745605,0.0003478308032764887
747,0.0007097355264704674,0.00037539988989010453,0.006686712382361293,0.40195120871067047,0.036012619733810425,0.26856985688209534,0.47468438744544983,28.534196853637695,0.24483564496040344,0.24483564496040344,0.7706913948059082,0.12921853363513947,0.12063711881637573,0.17162826657295227,10.316906929016113,0.6651883721351624,0.0003466776036679885
748,0.0007092698942869902,0.0003748306480702013,0.006688785273581743,0.4020758122205734,0.03624084033071995,0.2675442099571228,0.4726164638996124,28.40989112854004,0.24391338229179382,0.24391338229179382,0.7689397931098938,0.1282089203596115,0.11965025216341019,0.17117325961589813,10.289554595947266,0.6619290113449097,0.000345525626261226
749,0.0007090608705766499,0.0003763468484976329,0.00665427977219224,0.4000016152858734,0.03632977977395058,0.26750531792640686,0.47262775897979736,28.410568237304688,0.24387392401695251,0.24387392401695251,0.7687171697616577,0.12821334600448608,0.1196669489145279,0.1709280014038086,10.274812698364258,0.6622422933578491,0.0003443748789517256
750,0.0007029908883851022,0.00037049642560305074,0.006649888586252928,0.3997376561164856,0.03604084253311157,0.26894858479499817,0.47469204664230347,28.53465461730957,0.24521398544311523,0.24521398544311523,0.7711590528488159,0.12939004600048065,0.12082444131374359,0.17131207883358002,10.297901153564453,0.666373610496521,0.00034322536962658033
751,0.0007062612567096949,0.0003733878256753087,0.0066574690863490105,0.40019331872463226,0.036007100716233253,0.2680034339427948,0.472730427980423,28.41674041748047,0.24436691403388977,0.24436691403388977,0.7693151235580444,0.12832435965538025,0.11980152875185013,0.1704566925764084,10.246481895446777,0.6622492074966431,0.0003420771061643985
752,0.0007055638998281211,0.0003736772632692009,0.006637732731178403,0.3990069776773453,0.0362992025911808,0.2678462266921997,0.4730796813964844,28.43773651123047,0.2441922426223755,0.2441922426223755,0.7691329121589661,0.12873199582099915,0.12019258737564087,0.17078830301761627,10.266414642333984,0.6644431948661804,0.0003409300964352491
753,0.000699591328157112,0.0003688043216243386,0.006615740014240146,0.39768490195274353,0.03607502952218056,0.2675771713256836,0.4724324941635132,28.39883041381836,0.2439555525779724,0.2439555525779724,0.7686326503753662,0.12851235270500183,0.1199803277850151,0.1706405133008957,10.257532119750977,0.6639664769172668,0.00033978434830060866
754,0.000694131653290242,0.0003642191441031173,0.006598250241950154,0.3966335654258728,0.03577330708503723,0.2679010033607483,0.47204792499542236,28.375713348388672,0.24429862201213837,0.24429862201213837,0.7692043781280518,0.12785187363624573,0.11932963132858276,0.17044469714164734,10.245759963989258,0.6603995561599731,0.00033863986961330634
755,0.0006990682741161436,0.0003702151734614745,0.006577061489224434,0.39535990357398987,0.03608779236674309,0.2688620090484619,0.47369107604026794,28.474485397338867,0.24517744779586792,0.24517744779586792,0.7714177370071411,0.12903642654418945,0.12049328535795212,0.17086279392242432,10.270893096923828,0.664556086063385,0.0003374966682174711
756,0.0007048063853289932,0.0003755064171855338,0.006585999391973019,0.39589719474315643,0.036410290747880936,0.2677628695964813,0.4724557101726532,28.400226593017578,0.24414008855819702,0.24414008855819702,0.7691882252693176,0.12888553738594055,0.12033947557210922,0.17092134058475494,10.274412155151367,0.6640633940696716,0.00033635475194847714
757,0.0006955443532206118,0.0003666784905362874,0.0065773166716098785,0.39537523686885834,0.03578434698283672,0.26718926429748535,0.47071948647499084,28.29585838317871,0.2436532974243164,0.2436532974243164,0.7679072618484497,0.12848660349845886,0.11995232105255127,0.1706855148077011,10.260236740112305,0.6622219681739807,0.00033521412863289103
758,0.0006895778933539987,0.00036167284997645766,0.00655810022726655,0.39422009885311127,0.03564762324094772,0.26889804005622864,0.4728811979293823,28.425800323486328,0.24525398015975952,0.24525398015975952,0.7714670896530151,0.12994107604026794,0.12137427181005478,0.17133617401123047,10.299347877502441,0.6673442125320435,0.000334074806088417
759,0.000707134255208075,0.00037863060424569994,0.00657007354311645,0.3949398398399353,0.03659427911043167,0.26855361461639404,0.4719041585922241,28.3670711517334,0.24495840072631836,0.24495840072631836,0.7705623507499695,0.12884415686130524,0.12030937522649765,0.1706956923007965,10.260849952697754,0.6630903482437134,0.0003329367921238441
760,0.0007034244481474161,0.0003772212585317902,0.006524064112454653,0.39217409491539,0.036524451337754726,0.26739537715911865,0.470348060131073,28.273529052734375,0.24387797713279724,0.24387797713279724,0.7684643268585205,0.12817394733428955,0.11966152489185333,0.1702483594417572,10.23395824432373,0.6617364883422852,0.00033180009453899283
761,0.000689558481099084,0.0003642101219156757,0.0065069671254605055,0.39114637672901154,0.035992518067359924,0.26855549216270447,0.4721147119998932,28.379728317260742,0.24494975805282593,0.24494975805282593,0.7709176540374756,0.12952786684036255,0.12098883092403412,0.17078068852424622,10.265958786010742,0.666826605796814,0.0003306647211246612
762,0.0006981424521654844,0.000372089198208414,0.006521065486595035,0.3919938653707504,0.03616340458393097,0.26854872703552246,0.47178831696510315,28.360107421875,0.24495932459831238,0.24495932459831238,0.7705165147781372,0.12861743569374084,0.12010420858860016,0.17026443779468536,10.23492431640625,0.6622422933578491,0.0003295306796625715
763,0.0006937786820344627,0.0003689989243866876,0.0064955949783325195,0.3904627859592438,0.036093227565288544,0.2687857151031494,0.47270846366882324,28.415422439575195,0.24515029788017273,0.24515029788017273,0.7709914445877075,0.12907013297080994,0.1205274760723114,0.17085304856300354,10.270306587219238,0.6643823981285095,0.00032839797792531654
764,0.0006878330314066261,0.00036142503086011857,0.006528159603476524,0.39242030680179596,0.035777486860752106,0.2680608630180359,0.47133830189704895,28.333057403564453,0.24449396133422852,0.24449396133422852,0.7697288990020752,0.1289544403553009,0.1204027533531189,0.1710338294506073,10.281174659729004,0.6643508076667786,0.0003272666236763076
765,0.000682627985952422,0.0003580277189030312,0.0064920056611299515,0.39024700224399567,0.03528611734509468,0.2675759196281433,0.47025880217552185,28.26816749572754,0.24406298995018005,0.24406298995018005,0.7687842845916748,0.12809285521507263,0.1195889562368393,0.17007800936698914,10.223718643188477,0.660871148109436,0.0003261366246697199
766,0.0006849190394859761,0.0003621783253038302,0.006454813992604613,0.3880113214254379,0.03580716997385025,0.26876524090766907,0.472852498292923,28.4240779876709,0.24512262642383575,0.24512262642383575,0.771152913570404,0.1293172985315323,0.12080861628055573,0.1701735109090805,10.229458808898926,0.6656575202941895,0.00032500798865044015
767,0.0006942213512957096,0.0003708806470967829,0.006466814316809177,0.3887327015399933,0.03611521888524294,0.26832881569862366,0.4717760980129242,28.359375,0.24474002420902252,0.24474002420902252,0.7703383564949036,0.12887530028820038,0.1203615814447403,0.17027448117733002,10.235527992248535,0.6638284921646118,0.00032388072335401294
768,0.0006746719591319561,0.00035263232712168247,0.00644079246558249,0.3871684819459915,0.03510919027030468,0.26706111431121826,0.4686308801174164,28.170310974121094,0.2436295747756958,0.2436295747756958,0.7682961821556091,0.12819302082061768,0.11968996375799179,0.17006121575832367,10.222707748413086,0.6613052487373352,0.00032275483650658863
769,0.0006811264902353287,0.00035794099676422775,0.006463710218667984,0.3885461241006851,0.03543770872056484,0.2677493095397949,0.46977582573890686,28.239131927490234,0.2442605197429657,0.2442605197429657,0.7697451710700989,0.12938068807125092,0.12085948884487152,0.17042399942874908,10.24451732635498,0.6658774614334106,0.0003216303358248698
770,0.0006879949360154569,0.0003655104374047369,0.006449689855799079,0.3877033442258835,0.035922080278396606,0.2683275043964386,0.4707909822463989,28.300155639648438,0.24478794634342194,0.24478794634342194,0.770251989364624,0.12893705070018768,0.12043598294258118,0.1700214147567749,10.220315933227539,0.6637108325958252,0.0003205072290160579
771,0.0006793885258957744,0.0003587226165109314,0.00641331821680069,0.385516956448555,0.035577841103076935,0.26797303557395935,0.4702368676662445,28.266845703125,0.24446117877960205,0.24446117877960205,0.7697795033454895,0.12854596972465515,0.12005370855331421,0.169845312833786,10.209731101989746,0.6621513962745667,0.00031938552377780156
772,0.0006731892935931683,0.0003530183166731149,0.006403419654816389,0.38492196798324585,0.03514088038355112,0.2682192623615265,0.47015443444252014,28.26189422607422,0.24471153318881989,0.24471153318881989,0.7710569500923157,0.12950527667999268,0.12099336087703705,0.17023827135562897,10.233349800109863,0.6665971279144287,0.0003182652277981427
773,0.0006813739164499566,0.00035953440237790346,0.00643679010681808,0.38692790269851685,0.03566905204206705,0.26752781867980957,0.46827277541160583,28.14878273010254,0.24411417543888092,0.24411417543888092,0.7693212032318115,0.1286691427230835,0.12017244100570679,0.16993407905101776,10.215066909790039,0.6630479097366333,0.00031714634875546453
774,0.0006856157269794494,0.00036658001772593707,0.006380714010447264,0.3835570216178894,0.035769566893577576,0.26782897114753723,0.46906962990760803,28.196683883666992,0.24437548220157623,0.24437548220157623,0.7697077989578247,0.1287020891904831,0.12021192908287048,0.16980312764644623,10.207195281982422,0.6628835201263428,0.0003160288943184385
775,0.0006846428732387722,0.00036549427022691816,0.006382972002029419,0.38369277119636536,0.03551381081342697,0.2685738801956177,0.4710736870765686,28.31715202331543,0.24502018094062805,0.24502018094062805,0.7712739706039429,0.12942954897880554,0.12091553211212158,0.17028023302555084,10.235873222351074,0.6658705472946167,0.0003149128721459727
776,0.0006855847896076739,0.00036597714642994106,0.006392153212800622,0.3842447102069855,0.03562338091433048,0.26728615164756775,0.4681722819805145,28.142742156982422,0.24387753009796143,0.24387753009796143,0.7689241170883179,0.12797820568084717,0.1195015087723732,0.16953404247760773,10.191019058227539,0.6602956056594849,0.0003137982898871578
777,0.0006769194442313164,0.00035916072374675423,0.006355174584314227,0.38202185928821564,0.03563155233860016,0.2677173912525177,0.4693130552768707,28.21131706237793,0.24425172805786133,0.24425172805786133,0.7698895931243896,0.12906798720359802,0.12057213485240936,0.1699170619249344,10.214042663574219,0.6649304628372192,0.00031268515518121574
778,0.0006820448907092214,0.0003634863824117929,0.006371170282363892,0.38298337161540985,0.035889336839318275,0.2682928740978241,0.4698242247104645,28.24204444885254,0.24480165541172028,0.24480165541172028,0.7705650925636292,0.12897136807441711,0.1204855889081955,0.16971544921398163,10.201923370361328,0.664207398891449,0.00031157347565744745
779,0.0006674022297374904,0.00035102691617794335,0.006327506620436907,0.38035863637924194,0.03499854728579521,0.2676014304161072,0.46775907278060913,28.117902755737305,0.24421347677707672,0.24421347677707672,0.7692833542823792,0.12818239629268646,0.11972346156835556,0.1691788136959076,10.169665336608887,0.6609116792678833,0.00031046325893517953
780,0.0006737838848493993,0.0003577986717573367,0.006319704465568066,0.37988966703414917,0.035545021295547485,0.2680542767047882,0.46812182664871216,28.139707565307617,0.24464818835258484,0.24464818835258484,0.7707933187484741,0.1294008195400238,0.12091410160064697,0.16973426938056946,10.203054428100586,0.6661897301673889,0.0003093545126237135
781,0.0006782574928365648,0.0003611919964896515,0.0063413099851459265,0.38118842244148254,0.03566104732453823,0.2680075168609619,0.4678904414176941,28.12579917907715,0.24461299180984497,0.24461299180984497,0.7703804969787598,0.12863755226135254,0.12016850709915161,0.16938093304634094,10.181815147399902,0.6630507707595825,0.0003082472443222721
782,0.0006649518618360162,0.0003505484783090651,0.006288067204877734,0.37798790633678436,0.035202980041503906,0.2677587568759918,0.46762335300445557,28.109745025634766,0.24437759816646576,0.24437759816646576,0.769682765007019,0.12820219993591309,0.11975114047527313,0.1690211147069931,10.160185813903809,0.6616740226745605,0.0003071414616199486
783,0.0006578376633115113,0.0003439809152041562,0.00627713487483561,0.3773307353258133,0.03470941260457039,0.26799988746643066,0.46811676025390625,28.139402389526367,0.2445940524339676,0.2445940524339676,0.7705358266830444,0.1294335573911667,0.12095887959003448,0.16949345171451569,10.188578605651855,0.6665400266647339,0.0003060371720956537
784,0.0006675585464108735,0.00035309010127093643,0.006289368728175759,0.37806613743305206,0.03531590849161148,0.267374187707901,0.4666706621646881,28.052474975585938,0.24404065310955048,0.24404065310955048,0.7694070339202881,0.12897290289402008,0.12050707638263702,0.16931645572185516,10.177939414978027,0.6639861464500427,0.000304934383318064
785,0.0006571825942955911,0.0003433643141761422,0.006276365835219622,0.3772844821214676,0.0346822589635849,0.2673719525337219,0.466514527797699,28.0430908203125,0.24404624104499817,0.24404624104499817,0.7694214582443237,0.1289498656988144,0.12047828733921051,0.1694316864013672,10.184866905212402,0.6637471914291382,0.0003038331028455703
786,0.0006563429487869143,0.0003429246717132628,0.006268366007134318,0.3768036216497421,0.03452204167842865,0.26802200078964233,0.46783316135406494,28.122356414794922,0.2446303367614746,0.2446303367614746,0.7704624533653259,0.12907595932483673,0.12059027701616287,0.16971363127231598,10.201813697814941,0.6641333103179932,0.00030273333822622596
787,0.0006521278701256961,0.0003388460390851833,0.006265636766329408,0.37663954496383667,0.03441614657640457,0.26769545674324036,0.4670731723308563,28.07667350769043,0.24434179067611694,0.24434179067611694,0.7698609828948975,0.12870840728282928,0.12023326754570007,0.16950272023677826,10.189135551452637,0.6623738408088684,0.0003016350969976943
788,0.0006528200174216181,0.00034022601903416216,0.0062518802005797625,0.3758126050233841,0.03448190353810787,0.26751378178596497,0.4665018618106842,28.042327880859375,0.24418869614601135,0.24418869614601135,0.7695915699005127,0.12883800268173218,0.12038291990756989,0.1691015362739563,10.165020942687988,0.6632925271987915,0.0003005383866871976
789,0.0006551923288498074,0.0003434468526393175,0.0062349094077944756,0.3747924566268921,0.03464654088020325,0.2675009071826935,0.4668949246406555,28.065959930419922,0.244156152009964,0.244156152009964,0.7695903778076172,0.12906043231487274,0.12060798704624176,0.16904883086681366,10.161852836608887,0.6647182703018188,0.00029944321481146564
790,0.0006479849107563496,0.00033798141521401703,0.006200070027261972,0.37269820272922516,0.03443202003836632,0.2676521837711334,0.46690645813941956,28.066650390625,0.24430686235427856,0.24430686235427856,0.7697635889053345,0.12871968746185303,0.12026968598365784,0.1690000593662262,10.158921241760254,0.663029670715332,0.0002983495888766842
791,0.0006501503521576524,0.00033945216273423284,0.00621396373026073,0.37353336811065674,0.03441737871617079,0.26858773827552795,0.46787336468696594,28.124773025512695,0.24519407749176025,0.24519407749176025,0.7715325355529785,0.12932392954826355,0.12084149569272995,0.16964878141880035,10.197916030883789,0.6649969816207886,0.0002972575163784426
792,0.0006517930305562913,0.0003398523258510977,0.006238813512027264,0.375027135014534,0.03440431039780378,0.2683173418045044,0.46732133626937866,28.091590881347656,0.2449512779712677,0.2449512779712677,0.7708084583282471,0.12895001471042633,0.12047739326953888,0.16945233941078186,10.186107635498047,0.6636621952056885,0.00029616700480168337
793,0.0006558927125297487,0.00034494711144361645,0.006218911614269018,0.37383081018924713,0.034571126103401184,0.2677261531352997,0.4667418301105499,28.056751251220703,0.24438907206058502,0.24438907206058502,0.7696754336357117,0.12857645750045776,0.12012763321399689,0.16897635161876678,10.157495498657227,0.6625574231147766,0.0002950780616206511
794,0.0006475195696111768,0.00033795535273384303,0.006191284395754337,0.3721700608730316,0.03433120250701904,0.26805809140205383,0.46762916445732117,28.110092163085938,0.2446766197681427,0.2446766197681427,0.7705402374267578,0.12940292060375214,0.12093771249055862,0.1693040281534195,10.177192687988281,0.6657742261886597,0.0002939906942988402
795,0.000647372187813744,0.00033793380862334743,0.006188767496496439,0.37201879918575287,0.03454550728201866,0.2679302990436554,0.4665624797344208,28.045974731445312,0.24460217356681824,0.24460217356681824,0.7702393531799316,0.12874749302864075,0.12029778957366943,0.1689939945936203,10.158556938171387,0.6625789999961853,0.0002929049102889447
796,0.0006444253667723387,0.00033634887950029224,0.006161529570817947,0.3703814744949341,0.03434536885470152,0.26795899868011475,0.46611011028289795,28.01877784729004,0.24465349316596985,0.24465349316596985,0.7703746557235718,0.12891755998134613,0.1204552948474884,0.16924543678760529,10.173669815063477,0.6632885336875916,0.0002918207170328063
797,0.0006425297760870308,0.00033365393755957484,0.006177516421303153,0.3713424503803253,0.03411896340548992,0.2678825259208679,0.4659058153629303,28.006498336791992,0.2445872277021408,0.2445872277021408,0.7702323198318481,0.12923242151737213,0.12076517939567566,0.169344961643219,10.179654121398926,0.6647874712944031,0.00029073812196136464
798,0.0006490862579084933,0.0003411414654692635,0.006158895557746291,0.37022313475608826,0.03437825106084347,0.2680593430995941,0.4658866822719574,28.00535011291504,0.2447650134563446,0.2447650134563446,0.7703971266746521,0.12906043231487274,0.12061068415641785,0.16899506747722626,10.15861988067627,0.6638396382331848,0.0002896571324946049
799,0.0006370896444423124,0.0003299792588222772,0.0061422074213624,0.36921994388103485,0.03392774052917957,0.26856160163879395,0.46698978543281555,28.071659088134766,0.2452121078968048,0.2452121078968048,0.7715185880661011,0.12963055074214935,0.12117497622966766,0.16911157965660095,10.165623664855957,0.6659939289093018,0.00028857775604150754
800,0.0006401330465450883,0.0003332327905809507,0.006138005293905735,0.3689673840999603,0.03420967236161232,0.2682628035545349,0.466899037361145,28.06620216369629,0.2449178546667099,0.2449178546667099,0.7710074782371521,0.12917707860469818,0.12072652578353882,0.1690109819173813,10.159577369689941,0.6643296480178833,0.0002874999999999982
801,0.0006368765898514539,0.00033070713107008487,0.00612338911741972,0.3680887520313263,0.033985539339482784,0.2677273750305176,0.4659990966320038,28.01210594177246,0.2444274127483368,0.2444274127483368,0.7699528932571411,0.12864011526107788,0.12018939852714539,0.1690143346786499,10.15977954864502,0.6623297929763794,0.0002864238717568964
802,0.0006372035131789744,0.0003308149898657575,0.0061277702916413546,0.36835211515426636,0.03398497402667999,0.26767778396606445,0.46546077728271484,27.979745864868164,0.24440474808216095,0.24440474808216095,0.7701989412307739,0.1290999799966812,0.12064697593450546,0.16906002163887024,10.162524223327637,0.6643683910369873,0.0002853493786878643
803,0.0006384853622876108,0.0003322974662296474,0.006123757688328624,0.36811089515686035,0.03405280224978924,0.26804912090301514,0.46539247035980225,27.97564125061035,0.24477948248386383,0.24477948248386383,0.7708157300949097,0.12899023294448853,0.12055247277021408,0.1687551736831665,10.144198417663574,0.6637095212936401,0.0002842765281573569
804,0.0006457038689404726,0.0003406077157706022,0.006101922830566764,0.36679837107658386,0.03433714061975479,0.2680321931838989,0.464856892824173,27.94344711303711,0.24478934705257416,0.24478934705257416,0.7706376910209656,0.12900596857070923,0.1205734983086586,0.16864927113056183,10.137834548950195,0.6635364294052124,0.0002832053275185721
805,0.0006410129426512867,0.00033585887285880744,0.0061030813958495855,0.3668680191040039,0.03399225044995546,0.268023282289505,0.4654287099838257,27.977821350097656,0.24475184082984924,0.24475184082984924,0.7706975340843201,0.1295819729566574,0.12113545089960098,0.16893038153648376,10.154731750488281,0.6661437749862671,0.0002821357841133988
806,0.0006367486785165966,0.0003321483382023871,0.006092007039114833,0.3662022799253464,0.03400000371038914,0.26736050844192505,0.4645262658596039,27.92357063293457,0.24413420259952545,0.24413420259952545,0.7694388628005981,0.128779798746109,0.12036722898483276,0.16825132071971893,10.113911628723145,0.6630713939666748,0.00028106790527236784
807,0.0006353262433549389,0.00033216191513929516,0.00606328621506691,0.36447587609291077,0.034135738387703896,0.26814004778862,0.4660911560058594,28.017641067504883,0.2448354810476303,0.2448354810476303,0.7709394693374634,0.1293056309223175,0.1208808571100235,0.1684955358505249,10.128592491149902,0.6648879051208496,0.000280001698314601
808,0.000633266317890957,0.0003301770193502307,0.006061785621568561,0.36438561975955963,0.034121740609407425,0.26831433176994324,0.46573734283447266,27.99637222290039,0.24502745270729065,0.24502745270729065,0.7714142799377441,0.12922202050685883,0.12079459428787231,0.1685485541820526,10.131778717041016,0.6646850109100342,0.0002789371705477618
809,0.0006284179980866611,0.0003257146163377911,0.006054067751392722,0.36392174661159515,0.03371822461485863,0.26768118143081665,0.4640572667121887,27.8953800201416,0.24447831511497498,0.24447831511497498,0.7700839042663574,0.12835076451301575,0.11993002891540527,0.1684148609638214,10.12374210357666,0.6611188650131226,0.00027787432926800414
810,0.0006324578425846994,0.00032967966399155557,0.006055563688278198,0.36401163041591644,0.033954745158553123,0.26796743273735046,0.4646855592727661,27.933147430419922,0.24473315477371216,0.24473315477371216,0.7708476781845093,0.1291283816099167,0.12068556994199753,0.16885630786418915,10.15027904510498,0.6643051505088806,0.0002768131817599229
811,0.0006413630617316812,0.00033760278893169016,0.006075205281376839,0.36519232392311096,0.03448391333222389,0.26807504892349243,0.465069979429245,27.956256866455078,0.24482156336307526,0.24482156336307526,0.7708407640457153,0.1291186660528183,0.12068600952625275,0.16865307092666626,10.1380615234375,0.6642982959747314,0.0002757537352965046
812,0.0006287910218816251,0.0003280342207290232,0.006015136139467359,0.3615814596414566,0.033836694434285164,0.2677645683288574,0.4643542766571045,27.913232803344727,0.24454684555530548,0.24454684555530548,0.7700591683387756,0.12848426401615143,0.12008197605609894,0.16804571449756622,10.101552963256836,0.661723256111145,0.0002746959971390768
813,0.0006285755953285843,0.0003277621799497865,0.00601626792922616,0.3616494834423065,0.03387819603085518,0.2684749364852905,0.46534696221351624,27.9729061126709,0.24520757794380188,0.24520757794380188,0.7718415856361389,0.12954524159431458,0.12112033367156982,0.16849815845489502,10.128750801086426,0.6662492752075195,0.00027363997453725824
814,0.000633129442576319,0.00033196411095559597,0.0060233063995838165,0.362072616815567,0.034125981852412224,0.2680340111255646,0.46437904238700867,27.914722442626953,0.24481506645679474,0.24481506645679474,0.7709130048751831,0.12905772030353546,0.1206473857164383,0.16820673644542694,10.11123275756836,0.6642231345176697,0.0002725856747289093
815,0.0006233332096599042,0.00032305254717357457,0.006005612900480628,0.36100901663303375,0.03358691930770874,0.26821303367614746,0.46433162689208984,27.9118709564209,0.24499645829200745,0.24499645829200745,0.7707526087760925,0.12882812321186066,0.12041199207305908,0.1683226376771927,10.118199348449707,0.6627640128135681,0.0002715331049400833
816,0.0006248722493182868,0.00032447517151013017,0.006007941905409098,0.36114901304244995,0.03354286402463913,0.26864269375801086,0.4653130769729614,27.970870971679688,0.24537703394889832,0.24537703394889832,0.7717360854148865,0.12943527102470398,0.12099580466747284,0.16878943145275116,10.146259307861328,0.6651382446289062,0.00027048227238497547
817,0.0006225893157534301,0.00032230690703727305,0.006005647825077176,0.3610110878944397,0.03350350260734558,0.26803430914878845,0.4642299711704254,27.90576171875,0.24482280015945435,0.24482280015945435,0.770967960357666,0.12892958521842957,0.12051878124475479,0.16821607947349548,10.111794471740723,0.6634146571159363,0.0002694331842658745
818,0.0006187172839418054,0.00031955610029399395,0.005983223672956228,0.35966314375400543,0.03339391853660345,0.2677106261253357,0.463590145111084,27.86730194091797,0.24453112483024597,0.24453112483024597,0.7704650163650513,0.12881314754486084,0.12041960656642914,0.1678708791732788,10.091043472290039,0.6630868911743164,0.0002683858477731127
819,0.0006190165295265615,0.000320733233820647,0.005965666146948934,0.3586077392101288,0.03338927961885929,0.2678532600402832,0.4638265371322632,27.881507873535156,0.24466192722320557,0.24466192722320557,0.7706422209739685,0.12919144332408905,0.12079374492168427,0.16795393824577332,10.096035957336426,0.6645894646644592,0.00026734027008501753
820,0.0006177113973535597,0.00031985403620637953,0.0059571468736976385,0.35809560120105743,0.033348916098475456,0.2676641047000885,0.46340200304985046,27.85599136352539,0.2444939911365509,0.2444939911365509,0.7702474594116211,0.12915953993797302,0.12075935304164886,0.1680038869380951,10.099039077758789,0.6643454432487488,0.00026629645836786115
821,0.0006206562975421548,0.00032301935425493866,0.005952739156782627,0.3578307032585144,0.03344629053026438,0.2680327594280243,0.4635506868362427,27.864927291870117,0.24485522508621216,0.24485522508621216,0.7709658145904541,0.12942269444465637,0.12100586295127869,0.16833674907684326,10.119048118591309,0.6650888919830322,0.00026525441977581207
822,0.000625288812443614,0.0003264424158260226,0.005976928165182471,0.3592847138643265,0.03364965505897999,0.2683195471763611,0.4639032185077667,27.88612174987793,0.24512439966201782,0.24512439966201782,0.771411657333374,0.12943494319915771,0.12101536989212036,0.16839152574539185,10.12234115600586,0.6650168895721436,0.0002642141614508862
823,0.0006152162386570126,0.0003173249715473503,0.005957824876531959,0.3581363707780838,0.03327499143779278,0.2678946852684021,0.4628669321537018,27.823827743530273,0.24475134909152985,0.24475134909152985,0.770557165145874,0.12855876982212067,0.12016208469867706,0.16793356835842133,10.094810485839844,0.6615239381790161,0.00026317569052289796
824,0.0006186626851558685,0.00032243029272649437,0.0059246476739645,0.35614198446273804,0.03365940600633621,0.26812508702278137,0.4636947214603424,27.87359046936035,0.24494034051895142,0.24494034051895142,0.7713851928710938,0.12905189394950867,0.12065349519252777,0.1679679900407791,10.096880912780762,0.6638728380203247,0.0002621390141094105
825,0.0006132277776487172,0.0003172789583913982,0.0059189763851463795,0.35580112040042877,0.03334902971982956,0.2680986523628235,0.46381548047065735,27.88084602355957,0.24490788578987122,0.24490788578987122,0.7713706493377686,0.1293443739414215,0.1209418922662735,0.1680496633052826,10.101789474487305,0.6652761697769165,0.00026110413931568785
826,0.0006124202918726951,0.00031658018997404724,0.005916801979765296,0.35567040741443634,0.03332929685711861,0.2677326202392578,0.4627538323402405,27.81702995300293,0.24459493160247803,0.24459493160247803,0.7703201770782471,0.1288430541753769,0.12045356631278992,0.16778965294361115,10.086160659790039,0.6630129218101501,0.00026007107323464617
827,0.0006137159944046289,0.000318236809107475,0.005909583531320095,0.3552364856004715,0.033317457884550095,0.2679907977581024,0.4625038504600525,27.802001953125,0.24486559629440308,0.24486559629440308,0.7708122134208679,0.1290646195411682,0.12066097557544708,0.16807301342487335,10.103193283081055,0.6636571884155273,0.0002590398229468046
828,0.0006108189118094742,0.0003144073561998084,0.005928231170400977,0.3563574552536011,0.03302617557346821,0.26835042238235474,0.4632103443145752,27.84446907043457,0.24518989026546478,0.24518989026546478,0.7716464400291443,0.12947167456150055,0.12105238437652588,0.16838577389717102,10.121994972229004,0.6651739478111267,0.0002580103955202371
829,0.0006096621800679713,0.00031382005545310676,0.005916842725127935,0.3556728661060333,0.03312267456203699,0.268047034740448,0.4627443552017212,27.81646156311035,0.24490982294082642,0.24490982294082642,0.7709448337554932,0.12908609211444855,0.12069293856620789,0.16786295175552368,10.09056568145752,0.6636208295822144,0.00025698279801052387
830,0.0006133158458396792,0.00031963166838977486,0.005873683141544461,0.3530784398317337,0.03346921317279339,0.26800164580345154,0.4626738429069519,27.812219619750977,0.2448679655790329,0.2448679655790329,0.7708897590637207,0.12912268936634064,0.12074187397956848,0.16761618852615356,10.075732231140137,0.6640565991401672,0.00025595703746070355
831,0.000614636461250484,0.0003207087574992329,0.0058785537257790565,0.3533712178468704,0.03333096392452717,0.2682570517063141,0.46300041675567627,27.831850051879883,0.2451070249080658,0.2451070249080658,0.7714895606040955,0.12945088744163513,0.12105927616357803,0.16783224046230316,10.088719367980957,0.6654035449028015,0.00025493312090122365
832,0.0006069877126719803,0.00031390212097903714,0.00586171168833971,0.35235878825187683,0.03315423056483269,0.26787668466567993,0.4617592692375183,27.757240295410156,0.2447887361049652,0.2447887361049652,0.7707102298736572,0.12864932417869568,0.1202719509601593,0.16754736006259918,10.07159423828125,0.6619063019752502,0.00025391105534989405
833,0.0006118441233411431,0.00031821966695133597,0.0058724889531731606,0.35300667583942413,0.033422861248254776,0.26808831095695496,0.4620707333087921,27.775962829589844,0.24498477578163147,0.24498477578163147,0.7712866067886353,0.12900133430957794,0.1206158846616745,0.16770897805690765,10.08130931854248,0.6635175943374634,0.00025289084781183725
834,0.0006127484666649252,0.0003190892457496375,0.005873183952644467,0.3530484586954117,0.03327575046569109,0.2684096097946167,0.46308720111846924,27.83707046508789,0.245255246758461,0.245255246758461,0.7717958688735962,0.12939241528511047,0.12100213766098022,0.167805477976799,10.087111473083496,0.6650611758232117,0.0002518725052794418
835,0.0006048533687135205,0.00031228693842422217,0.005851328372955322,0.3517346680164337,0.03305784706026316,0.2676423192024231,0.46140429377555847,27.735904693603516,0.24457210302352905,0.24457210302352905,0.7704508304595947,0.1286783218383789,0.12030960619449615,0.16737428307533264,10.061192512512207,0.6622163653373718,0.0002508560347323132
836,0.0006071751995477825,0.000315423691063188,0.005835030227899551,0.3507549911737442,0.03325055167078972,0.26797980070114136,0.4618624448776245,27.763444900512695,0.24488666653633118,0.24488666653633118,0.7714351415634155,0.1292160302400589,0.1208348348736763,0.167623832821846,10.076192855834961,0.6645379066467285,0.00024984144313722667
837,0.0006033912650309503,0.00031088538526091725,0.005850117187947035,0.3516618609428406,0.032963819801807404,0.26811864972114563,0.4620444178581238,27.774383544921875,0.2450164258480072,0.2450164258480072,0.7716063261032104,0.12937608361244202,0.12099528312683105,0.16761592030525208,10.075716972351074,0.6651334762573242,0.0002488287374480797
838,0.0006021410517860204,0.00031020865571917966,0.005838647950440645,0.3509724289178848,0.03297756798565388,0.26802772283554077,0.46173182129859924,27.755592346191406,0.24494114518165588,0.24494114518165588,0.7709616422653198,0.12883348762989044,0.12046954035758972,0.16727888584136963,10.055458068847656,0.6627850532531738,0.0002478179246058435
839,0.000604470755206421,0.0003141884953947738,0.005805645138025284,0.3489885628223419,0.033078636042773724,0.26788294315338135,0.4613047242164612,27.729921340942383,0.24481770396232605,0.24481770396232605,0.770714521408081,0.12879815697669983,0.12042787671089172,0.16740572452545166,10.063081741333008,0.6624805331230164,0.00024680901153851614
840,0.000600481143919751,0.0003099336172454059,0.0058109506499022245,0.34930744767189026,0.03284391388297081,0.26778149604797363,0.4609849452972412,27.710697174072266,0.24473226070404053,0.24473226070404053,0.7709957957267761,0.12934058904647827,0.12095458805561066,0.16771987080574036,10.081966400146484,0.6645364165306091,0.00024580200516107463
841,0.0006021607550792396,0.00031078344909474254,0.005827546119689941,0.3503050357103348,0.03294990863651037,0.26795196533203125,0.4614223539829254,27.73699188232422,0.24488085508346558,0.24488085508346558,0.7712492346763611,0.12943238019943237,0.12105274200439453,0.16759270429611206,10.074321746826172,0.6649171113967896,0.0002447969123754282
842,0.0006051019881851971,0.0003152727585984394,0.0057965845335274935,0.3484438955783844,0.033067211508750916,0.2680063545703888,0.46095010638237,27.708600997924805,0.24495884776115417,0.24495884776115417,0.7710497379302979,0.12912903726100922,0.12076698243618011,0.16724103689193726,10.053180694580078,0.6636494398117065,0.00024379374007037007
843,0.0005971070495434105,0.0003078842128161341,0.005784456850960851,0.3477148860692978,0.03284383099526167,0.2682533264160156,0.46135711669921875,27.73306655883789,0.2451854646205902,0.2451854646205902,0.7717112302780151,0.1296703815460205,0.12129810452461243,0.16744552552700043,10.065473556518555,0.665925145149231,0.0002427924951215309
844,0.0006067129725124687,0.0003168483526678756,0.005797292338684201,0.34848645329475403,0.0333652263507247,0.26796671748161316,0.4605920910835266,27.687082290649414,0.24493712186813354,0.24493712186813354,0.7712003588676453,0.12924183905124664,0.12086522579193115,0.16753219068050385,10.070683479309082,0.6639103293418884,0.00024179318439133176
845,0.0006008080672472715,0.00031142219086177647,0.005787717178463936,0.3479108363389969,0.032974790781736374,0.26748737692832947,0.4594360291957855,27.61758804321289,0.2445155680179596,0.2445155680179596,0.7703806161880493,0.1286645382642746,0.12029925733804703,0.1673056185245514,10.057064056396484,0.6616005897521973,0.00024079581472893628
846,0.0005974647356197238,0.0003085725475102663,0.0057778432965278625,0.34731733798980713,0.03292892128229141,0.2680988311767578,0.4612019658088684,27.72374153137207,0.24503874778747559,0.24503874778747559,0.7716512084007263,0.12964819371700287,0.12126757204532623,0.16761232912540436,10.07550048828125,0.6658881902694702,0.00023980039297020447
847,0.0006052701501175761,0.00031597353518009186,0.005785932298749685,0.3478035628795624,0.03345525823533535,0.26817476749420166,0.46147942543029785,27.740419387817383,0.24510079622268677,0.24510079622268677,0.7715160250663757,0.12941375374794006,0.12105006724596024,0.1672738492488861,10.055154800415039,0.664919376373291,0.00023880692593764542
848,0.0005964121664874256,0.000309514653054066,0.005737949861213565,0.34491924941539764,0.03290195018053055,0.2678917944431305,0.4600980579853058,27.657384872436523,0.24488690495491028,0.24488690495491028,0.770958662033081,0.12888099253177643,0.12053105980157852,0.16699859499931335,10.038607597351074,0.6624845266342163,0.0002378154204403713
849,0.0005979864508844912,0.0003109019307885319,0.005741690052673221,0.3451440781354904,0.03297688066959381,0.268302857875824,0.4606584906578064,27.69107437133789,0.24526992440223694,0.24526992440223694,0.7719960808753967,0.12967799603939056,0.12130551040172577,0.16744984686374664,10.06573486328125,0.6656744480133057,0.00023682588327404957
850,0.0005957823741482571,0.0003073039260925725,0.005769568961113691,0.3468199670314789,0.032887574285268784,0.2679920196533203,0.45981985330581665,27.640661239624023,0.24500101804733276,0.24500101804733276,0.7712815999984741,0.12942256033420563,0.1210511326789856,0.16742844879627228,10.064446449279785,0.6645312309265137,0.0002358383212208572
851,0.0005890606844332069,0.00030195557337719947,0.005742102162912488,0.3451688885688782,0.032464636489748955,0.2678401470184326,0.45990702509880066,27.64590072631836,0.24484480917453766,0.24484480917453766,0.7707669138908386,0.12906628847122192,0.1207076907157898,0.16717197000980377,10.049030303955078,0.6630420088768005,0.00023485274104943372
852,0.000591191288549453,0.0003050277446163818,0.005723271053284407,0.34403689205646515,0.03266285080462694,0.26825544238090515,0.46065276861190796,27.69072914123535,0.245222806930542,0.245222806930542,0.7718450427055359,0.12957271933555603,0.12120755016803741,0.1673034429550171,10.056933403015137,0.6652956008911133,0.00023386914951483565
853,0.0005888561136089265,0.0003024858015123755,0.005727406125515699,0.3442854732275009,0.032455592416226864,0.2682698667049408,0.46021753549575806,27.66456413269043,0.24525898694992065,0.24525898694992065,0.7720069289207458,0.12954428791999817,0.12118200212717056,0.1672457605600357,10.053466796875,0.6652370095252991,0.00023288755335848884
854,0.0005880312528461218,0.0003021102020284161,0.0057184211909770966,0.3437453657388687,0.032395852729678154,0.2678722143173218,0.45935577154159546,27.612768173217773,0.24490441381931305,0.24490441381931305,0.7711784839630127,0.12918972969055176,0.1208319365978241,0.1671559065580368,10.048064231872559,0.6636248826980591,0.00023190795930814366
855,0.0005858542863279581,0.0003007872437592596,0.005701340502128005,0.34271861612796783,0.032363535836339,0.2680914103984833,0.4598771333694458,27.644102096557617,0.2450975626707077,0.2450975626707077,0.7715072631835938,0.1294258087873459,0.12106458097696304,0.16722442209720612,10.052184104919434,0.6645544171333313,0.0002309303740778282
856,0.0005916843074373901,0.0003059511072933674,0.00571466377004981,0.34351949393749237,0.032595204189419746,0.2681664526462555,0.4599338471889496,27.64751434326172,0.2451697587966919,0.2451697587966919,0.7716020345687866,0.12948986887931824,0.12112690508365631,0.16725924611091614,10.054276466369629,0.6647334694862366,0.00022995480436780198
857,0.0005849245644640177,0.0003001256991410628,0.0056959770154207945,0.34239618480205536,0.032309562899172306,0.2680967152118683,0.4594247341156006,27.61690902709961,0.24512547254562378,0.24512547254562378,0.7713973522186279,0.12893220782279968,0.12058913707733154,0.16686131060123444,10.030355453491211,0.662422776222229,0.00022898125686451055
858,0.0005862662801519036,0.00030205979419406503,0.005684130126610398,0.3416840583086014,0.03250716533511877,0.2682715356349945,0.4599975347518921,27.651342391967773,0.24527165293693542,0.24527165293693542,0.7718549966812134,0.12937858700752258,0.12102853506803513,0.1670011579990387,10.038763999938965,0.664466381072998,0.0002280097382405394
859,0.0005915450747124851,0.0003070667589781806,0.0056895664893090725,0.34201084077358246,0.03274042159318924,0.26819750666618347,0.4598531424999237,27.64266014099121,0.2452048361301422,0.2452048361301422,0.7717474699020386,0.12938635051250458,0.12103728950023651,0.1669812947511673,10.037569046020508,0.6647513508796692,0.00022704025515456867
860,0.0005805245600640774,0.0002971384674310684,0.00566772255115211,0.3406977951526642,0.03226620331406593,0.2678152024745941,0.45860162377357483,27.567428588867188,0.2448851317167282,0.2448851317167282,0.7708689570426941,0.128827303647995,0.12048874795436859,0.16677115857601166,10.02493667602539,0.6621963381767273,0.00022607281425132667
861,0.0005886970029678196,0.0003049422666663304,0.005675094434991479,0.34114088118076324,0.03268182650208473,0.268310546875,0.45913615822792053,27.599565505981445,0.24535372853279114,0.24535372853279114,0.7719706296920776,0.12950508296489716,0.1211516410112381,0.1670689433813095,10.042837142944336,0.6646270751953125,0.0002251074221615451
862,0.0005874690250493586,0.00030337931821122766,0.005681793671101332,0.34154359996318817,0.03244830667972565,0.26847612857818604,0.4599539637565613,27.648723602294922,0.24547843635082245,0.24547843635082245,0.7722797393798828,0.13002733886241913,0.12166668474674225,0.16721297800540924,10.051494598388672,0.6668320894241333,0.0002241440855019131
863,0.0005840539815835655,0.0003004807949764654,0.005671463441103697,0.34092265367507935,0.032495368272066116,0.2677384316921234,0.45870351791381836,27.57355499267578,0.24480324983596802,0.24480324983596802,0.7706842422485352,0.12914112210273743,0.12080873548984528,0.16664758324623108,10.017508506774902,0.6634237766265869,0.00022318281087503253
864,0.0005863389815203846,0.0003042245953110978,0.005642287665978074,0.33916881680488586,0.03269275277853012,0.2677268087863922,0.458422988653183,27.556690216064453,0.24480566382408142,0.24480566382408142,0.7709202170372009,0.12916171550750732,0.12082460522651672,0.16674230992794037,10.023202896118164,0.6635573506355286,0.00022222360486937176
865,0.0005801532242912799,0.00029730115784332156,0.0056570416782051325,0.3400557339191437,0.032182262279093266,0.2684244215488434,0.459169864654541,27.601587295532227,0.24546591937541962,0.24546591937541962,0.7724496126174927,0.12991081178188324,0.12155047804117203,0.1672067940235138,10.05112361907959,0.6663637757301331,0.00022126647405922153
866,0.0005849824228789657,0.00030198162130545825,0.005660016089677811,0.34023451805114746,0.03245903830975294,0.26846060156822205,0.4588776230812073,27.584022521972656,0.24551671743392944,0.24551671743392944,0.7723577618598938,0.1295640766620636,0.1212211474776268,0.16685844957828522,10.030184745788574,0.6647476553916931,0.00022031142500464942
867,0.000578439561650157,0.0002970606874441728,0.005627577658742666,0.33828458189964294,0.0321573494002223,0.2683819830417633,0.45911383628845215,27.598220825195312,0.24542628228664398,0.24542628228664398,0.7718212604522705,0.1292792558670044,0.12094138562679291,0.16675736010074615,10.024106979370117,0.6635562181472778,0.00021935846425145445
868,0.0005783209053333849,0.0002975190436700359,0.005616037407889962,0.33759085834026337,0.03222906030714512,0.2681572735309601,0.4588955044746399,27.585100173950195,0.24521249532699585,0.24521249532699585,0.7717342376708984,0.12950682640075684,0.12116074562072754,0.16692151129245758,10.033975601196289,0.6647971868515015,0.000218407598331123
869,0.0005762511864304543,0.0002941289931186475,0.0056424434296786785,0.339178204536438,0.032038833014667034,0.2679201066493988,0.4581691324710846,27.541431427001953,0.24501165747642517,0.24501165747642517,0.7715086936950684,0.12944641709327698,0.1211000606417656,0.16692714393138885,10.034314155578613,0.66478431224823,0.00021745883376078344
870,0.0005762893124483526,0.0002944445295725018,0.005636895075440407,0.3388446420431137,0.032011473551392555,0.2678889334201813,0.4581592082977295,27.540834426879883,0.24498096108436584,0.24498096108436584,0.7712245583534241,0.12904271483421326,0.12071256339550018,0.16660302877426147,10.014830589294434,0.6629996299743652,0.00021651217704316225
871,0.0005775244790129364,0.00029758349410258234,0.005598820047453046,0.33655591309070587,0.032265705056488514,0.2681843340396881,0.4586904048919678,27.572769165039062,0.24524982273578644,0.24524982273578644,0.7717077136039734,0.12916739284992218,0.12084422260522842,0.16646352410316467,10.00644302368164,0.6633428335189819,0.00021556763466653835
872,0.0005739191983593628,0.00029443070525303483,0.005589769454672933,0.3360118269920349,0.032095082104206085,0.2686862051486969,0.45933282375335693,27.611387252807617,0.2457195520401001,0.2457195520401001,0.7728403806686401,0.12972353398799896,0.12139034271240234,0.1666637659072876,10.018481254577637,0.6655966639518738,0.0002146252131046995
873,0.0005762195214629173,0.00029620618443004787,0.005600266857072711,0.33664287626743317,0.03217567689716816,0.2682565152645111,0.4578297734260559,27.521032333374023,0.24536502361297607,0.24536502361297607,0.7720154523849487,0.12917259335517883,0.12084956467151642,0.16646063327789307,10.006272315979004,0.6636115312576294,0.00021368491881689739
874,0.0005795754841528833,0.0002998276468133554,0.005594956688582897,0.33632366359233856,0.0322768772020936,0.26807624101638794,0.4572293162345886,27.48493766784668,0.2452147901058197,0.2452147901058197,0.7715494632720947,0.12909474968910217,0.1207653060555458,0.16658872365951538,10.013969421386719,0.6634739637374878,0.00021274675824780405
875,0.0005703378119505942,0.00029029397410340607,0.0056008759420365095,0.33667948842048645,0.031865702010691166,0.2684880495071411,0.4581768214702606,27.541894912719727,0.24557921290397644,0.24557921290397644,0.7723265290260315,0.1297834813594818,0.12143757194280624,0.1669182926416397,10.033781051635742,0.6661837100982666,0.00021181073782746673
876,0.0005773045995738357,0.0002969524066429585,0.005607043858617544,0.33705025911331177,0.03218552935868502,0.26831331849098206,0.458122581243515,27.538633346557617,0.24540719389915466,0.24540719389915466,0.7719669938087463,0.1294848769903183,0.12116242945194244,0.16644905507564545,10.005574226379395,0.6645793914794922,0.0002108768639712647
877,0.0005708447861252353,0.0002922532585216686,0.005571830552071333,0.3349335044622421,0.03198263421654701,0.26811280846595764,0.45809516310691833,27.536985397338867,0.24520805478096008,0.24520805478096008,0.771777331829071,0.12931883335113525,0.12100817263126373,0.16621334850788116,9.99140453338623,0.6638637781143188,0.00020994514307986494
878,0.0005730590783059597,0.0002951556962216273,0.005558067467063665,0.3341061472892761,0.032029688358306885,0.26807644963264465,0.45792585611343384,27.526809692382812,0.2451801598072052,0.2451801598072052,0.7718759775161743,0.12933872640132904,0.1210208609700203,0.16635723412036896,10.000057220458984,0.6641350984573364,0.00020901558153917806
879,0.0005690192338079214,0.0002908247843151912,0.005563889164477587,0.3344561457633972,0.03188864327967167,0.26811879873275757,0.457305908203125,27.489543914794922,0.24525348842144012,0.24525348842144012,0.7717645168304443,0.1290285885334015,0.12070615589618683,0.16644862294197083,10.005547523498535,0.6627594232559204,0.00020808818572031463
880,0.0005730809352826327,0.00029486388666555285,0.005564340855926275,0.3344832807779312,0.03202122636139393,0.2682681977748871,0.45699599385261536,27.47091293334961,0.24541838467121124,0.24541838467121124,0.7719801068305969,0.1292496770620346,0.1209244653582573,0.16650421917438507,10.008890151977539,0.6636292934417725,0.00020716296197954175
881,0.0005737865867558867,0.0002955400850623846,0.005564930150285363,0.334518700838089,0.03205053601413965,0.2684400975704193,0.45775529742240906,27.516555786132812,0.24555234611034393,0.24555234611034393,0.7722982168197632,0.12966863811016083,0.12134268879890442,0.16651903092861176,10.009779930114746,0.6653939485549927,0.00020623991665823956
882,0.0005665870994562283,0.00028946451493538916,0.005542451748624444,0.33316749334335327,0.03177899122238159,0.2678152918815613,0.4569242596626282,27.466602325439453,0.24496906995773315,0.24496906995773315,0.77121502161026,0.12922151386737823,0.12091372907161713,0.16615581512451172,9.987947463989258,0.6635339856147766,0.0002053190560828572
883,0.0005696938023902476,0.000293227203655988,0.0055293317418545485,0.3323788344860077,0.03196566738188267,0.2676900029182434,0.4567055404186249,27.453453063964844,0.24485471844673157,0.24485471844673157,0.7712896466255188,0.12938641011714935,0.1210775300860405,0.16617748141288757,9.989250183105469,0.6642696857452393,0.0002044003865648699
884,0.0005655983259202912,0.00028885103529319167,0.005534945987164974,0.33271631598472595,0.03170488215982914,0.2680513858795166,0.4573516845703125,27.492294311523438,0.2451837956905365,0.2451837956905365,0.7719955444335938,0.12980946898460388,0.12148161232471466,0.16655708849430084,10.012067794799805,0.6658328175544739,0.00020348391440073562
885,0.0005659538292093202,0.00028901265613967553,0.005538823315873742,0.3329493999481201,0.03181014209985733,0.2679681181907654,0.4569140076637268,27.465984344482422,0.24512243270874023,0.24512243270874023,0.7716467976570129,0.1293899267911911,0.12107453495264053,0.16630777716636658,9.997081756591797,0.6639811992645264,0.000202569645871852
886,0.0005636730347760022,0.0002878393861465156,0.005516672972589731,0.33161787688732147,0.03167792223393917,0.26798829436302185,0.45679908990859985,27.459075927734375,0.24514833092689514,0.24514833092689514,0.771516740322113,0.129155695438385,0.12084515392780304,0.16621075570583344,9.991250038146973,0.6629670858383179,0.00020165758724451346
887,0.0005627323262160644,0.0002875009085983038,0.005504628177732229,0.3308938443660736,0.03165319003164768,0.2681998908519745,0.4569493234157562,27.468107223510742,0.24535241723060608,0.24535241723060608,0.77211993932724,0.1295071691274643,0.1211935430765152,0.16627250611782074,9.994962692260742,0.6644991040229797,0.00020074774476986729
888,0.0005633668333757669,0.00028737053798977286,0.005519925849512219,0.3318134546279907,0.03165423031896353,0.2681677043437958,0.45651698112487793,27.44211769104004,0.24534186720848083,0.24534186720848083,0.7721136808395386,0.1295238882303238,0.12121886759996414,0.16610054671764374,9.984625816345215,0.6647062301635742,0.0001998401246838723
889,0.0005611424276139587,0.00028593031311174855,0.005504242377355695,0.3308706432580948,0.03152490593492985,0.268218457698822,0.45642462372779846,27.436565399169922,0.24539723992347717,0.24539723992347717,0.7720362544059753,0.12942883372306824,0.12112748622894287,0.16602696478366852,9.980203628540039,0.6642085909843445,0.0001989347332072547
890,0.0005621007294394076,0.0002872277545975521,0.00549745955504477,0.3304629623889923,0.031602080911397934,0.26821741461753845,0.4565991163253784,27.44705581665039,0.245387464761734,0.245387464761734,0.7719899415969849,0.12960407137870789,0.12129382789134979,0.1662047654390335,9.990888595581055,0.6651075482368469,0.0001980315765454664
891,0.00055974222777877,0.00028483419737312943,0.005498160142451525,0.33050504326820374,0.03151479922235012,0.26806414127349854,0.45656630396842957,27.445085525512695,0.24523583054542542,0.24523583054542542,0.7717512249946594,0.1295149028301239,0.12120434641838074,0.16621099412441254,9.991264343261719,0.6646740436553955,0.0001971306608886418
892,0.000559253356186673,0.0002847629366442561,0.005489808274433017,0.33000296354293823,0.03148615173995495,0.26806098222732544,0.456563264131546,27.444900512695312,0.24523282051086426,0.24523282051086426,0.7718929648399353,0.12946492433547974,0.12116381525993347,0.16602225601673126,9.979918479919434,0.6644364595413208,0.00019623199241155628
893,0.0005585350882029161,0.00028455653227865696,0.0054795709438622,0.3293875902891159,0.03145312797278166,0.2680690884590149,0.4563361406326294,27.431243896484375,0.24525228142738342,0.24525228142738342,0.7718845009803772,0.12949782609939575,0.12119899690151215,0.16597653925418854,9.977170944213867,0.6644893884658813,0.00019533557727358282
894,0.000558451924007386,0.0002846188435796648,0.005476661259308457,0.3292126953601837,0.03143608756363392,0.2682687044143677,0.45643261075019836,27.437049865722656,0.2454470694065094,0.2454470694065094,0.7721447944641113,0.12958364188671112,0.12128007411956787,0.16607129573822021,9.982868194580078,0.6646794676780701,0.00019444142161865034
895,0.0005626155470963567,0.0002889540628530085,0.005473229335620999,0.3290063887834549,0.03165425918996334,0.2683620750904083,0.45659297704696655,27.446685791015625,0.24553242325782776,0.24553242325782776,0.77231764793396,0.12958747148513794,0.12127852439880371,0.16617880761623383,9.989327430725098,0.6646339893341064,0.0001935495315752015
896,0.0005574649549089372,0.0002840682864189148,0.005467933602631092,0.3286880552768707,0.031470094807446,0.2681204080581665,0.45586684346199036,27.403038024902344,0.24532705545425415,0.24532705545425415,0.7718827724456787,0.12930312752723694,0.12099316716194153,0.16619935631752014,9.990564346313477,0.6632441878318787,0.0001926599132561509
897,0.0005580472352448851,0.00028506474336609244,0.005459649721160531,0.3281901180744171,0.03155245631933212,0.26804277300834656,0.4557419717311859,27.395532608032227,0.24525567889213562,0.24525567889213562,0.7719851732254028,0.1295488178730011,0.1212405115365982,0.16616612672805786,9.988567352294922,0.6644117832183838,0.00019177257275884303
898,0.0005553617811528966,0.00028223405752214603,0.005462554283440113,0.32836468517780304,0.03138143848627806,0.26802724599838257,0.45577582716941833,27.397565841674805,0.24523845314979553,0.24523845314979553,0.7720431089401245,0.12981875240802765,0.1215161457657814,0.16605223715305328,9.981720924377441,0.6659286618232727,0.00019088751616501006
899,0.0005558120319619775,0.00028328211192274466,0.005450598197057843,0.3276459872722626,0.03150448575615883,0.26802945137023926,0.4555119276046753,27.38170051574707,0.24525386095046997,0.24525386095046997,0.771828293800354,0.12947341799736023,0.12118371576070786,0.16579414904117584,9.966206550598145,0.6645511388778687,0.00019000474954073107
900,0.0005545012245420367,0.00028266436129342765,0.005436737556010485,0.3268128037452698,0.03138461895287037,0.2682037353515625,0.4558313190937042,27.400903701782227,0.2454121708869934,0.2454121708869934,0.7720686793327332,0.1294274777173996,0.12114311754703522,0.16568706929683685,9.959769248962402,0.6643059253692627,0.00018912427893638946
901,0.0005529644986381754,0.00028113950975239277,0.0054364996030926704,0.3267985135316849,0.03128001466393471,0.2683115005493164,0.45588579773902893,27.4041748046875,0.24551720917224884,0.24551720917224884,0.7723380327224731,0.129597470164299,0.12130217254161835,0.16590598225593567,9.972929954528809,0.6648346185684204,0.0001882461103866322
902,0.000555645179701969,0.00028346457111183554,0.005443612113595009,0.32722605764865875,0.031337554566562176,0.2682951092720032,0.4559172987937927,27.406068801879883,0.24549925327301025,0.24549925327301025,0.7723035216331482,0.12955346703529358,0.12125631421804428,0.1659429371356964,9.975150108337402,0.6644681692123413,0.0001873702499103281
903,0.0005516535602509975,0.0002800007350742817,0.005433056969195604,0.32659153640270233,0.03121529519557953,0.2680729925632477,0.4553479850292206,27.37184715270996,0.245305597782135,0.245305597782135,0.7718760371208191,0.1292707920074463,0.12098155915737152,0.1657845675945282,9.965631484985352,0.6632722616195679,0.00018649670351052704
904,0.0005558894481509924,0.0002847451833076775,0.005422884598374367,0.3259800970554352,0.03148333542048931,0.2681528925895691,0.45528385043144226,27.367996215820312,0.2453887015581131,0.2453887015581131,0.7721042633056641,0.12951341271400452,0.12121906131505966,0.1658869832754135,9.971787452697754,0.6644097566604614,0.00018562547717441803
905,0.0005502563435584307,0.00027907727053388953,0.0054235809948295355,0.3260219544172287,0.031187577173113823,0.2683762311935425,0.4557499289512634,27.396011352539062,0.2455887347459793,0.2455887347459793,0.7726428508758545,0.12989969551563263,0.12159942090511322,0.16600540280342102,9.978904724121094,0.6659660935401917,0.00018475657687328892
906,0.0005530818743864074,0.00028189113072585315,0.005423814756795764,0.3260360062122345,0.031423017382621765,0.26819366216659546,0.455131471157074,27.35883331298828,0.24543708562850952,0.24543708562850952,0.7722063064575195,0.12950657308101654,0.12121976912021637,0.16573606431484222,9.962716102600098,0.6641768217086792,0.0001838900085624849
907,0.0005501491250470281,0.0002800606453092769,0.005401769420132041,0.32471080124378204,0.03121660090982914,0.2681487798690796,0.45515403151512146,27.36018943786621,0.24539107084274292,0.24539107084274292,0.7720881700515747,0.1293782889842987,0.12109779566526413,0.16560982167720795,9.955126762390137,0.6637316942214966,0.0001830257781813683
908,0.00054907490266487,0.0002793575404211879,0.005394347012042999,0.32426463067531586,0.031159386038780212,0.2681581974029541,0.4551938474178314,27.36258316040039,0.24539849162101746,0.24539849162101746,0.7721828818321228,0.12949061393737793,0.12120819091796875,0.16564832627773285,9.957441329956055,0.6645025014877319,0.00018216389165327752
909,0.00055113056441769,0.0002810206788126379,0.005402197362855077,0.3247365355491638,0.03127144556492567,0.2680622935295105,0.45481011271476746,27.339513778686523,0.24532179534435272,0.24532179534435272,0.7720465660095215,0.12938492000102997,0.12110383808612823,0.16562165319919586,9.955838203430176,0.6642590761184692,0.000181304354885486
910,0.0005482359265442938,0.0002783709060167894,0.005397300468757749,0.32444216310977936,0.03109237551689148,0.268063485622406,0.4543696939945221,27.31304359436035,0.24534499645233154,0.24534499645233154,0.7720245122909546,0.12922446429729462,0.1209479346871376,0.16553069651126862,9.950369834899902,0.6635372638702393,0.00018044717376916293
911,0.0005501537525560707,0.00028065349033568054,0.005390004953369498,0.32400359213352203,0.03127633407711983,0.2684190273284912,0.4549897313117981,27.350311279296875,0.24566954374313354,0.24566954374313354,0.7727169990539551,0.12963221967220306,0.12134654819965363,0.165713369846344,9.961352348327637,0.6649658679962158,0.00017959235417933138
912,0.0005491466145031154,0.00027957953716395423,0.0053913414012640715,0.32408396899700165,0.03126692585647106,0.268485426902771,0.455217570066452,27.3640079498291,0.24572455883026123,0.24572455883026123,0.7728163599967957,0.12979143857955933,0.12150472402572632,0.16573429107666016,9.962608337402344,0.6657528877258301,0.0001787399019748292
913,0.0005493166972883046,0.00027992072864435613,0.005387919722124934,0.3238782733678818,0.031206848099827766,0.26797521114349365,0.45438113808631897,27.31372833251953,0.24525615572929382,0.24525615572929382,0.7716776132583618,0.12922585010528564,0.12095322459936142,0.16545246541500092,9.94566822052002,0.6633515357971191,0.00017788982299826814
914,0.000547385701793246,0.0002787080011330545,0.005373553605750203,0.32301469147205353,0.031175969168543816,0.2679252326488495,0.45430347323417664,27.309062957763672,0.24521006643772125,0.24521006643772125,0.771737813949585,0.12934152781963348,0.12106946855783463,0.16544105112552643,9.944981575012207,0.66386479139328,0.0001770421230759947
915,0.0005475564103107899,0.00027910384233109653,0.005369051126763225,0.32274405658245087,0.0311741903424263,0.26808279752731323,0.45464491844177246,27.329586029052734,0.24535053968429565,0.24535053968429565,0.7722257971763611,0.12963542342185974,0.12136070430278778,0.16549426317214966,9.94818115234375,0.6650442481040955,0.00017619680801804905
916,0.000550592434592545,0.0002817981585394591,0.005375885404646397,0.32315488159656525,0.0313170850276947,0.26792943477630615,0.4539436101913452,27.287429809570312,0.2452322393655777,0.2452322393655777,0.771859884262085,0.1292855441570282,0.12101712822914124,0.1653682291507721,9.940604209899902,0.6633962392807007,0.00017535388361812596
917,0.0005445114220492542,0.0002766577381407842,0.005357073619961739,0.32202406227588654,0.031029587611556053,0.26821961998939514,0.45444533228874207,27.317588806152344,0.24549736082553864,0.24549736082553864,0.7724460363388062,0.1296263039112091,0.12135069072246552,0.16551224887371063,9.949260711669922,0.6647031307220459,0.0001745133556535347
918,0.0005441326647996902,0.0002763940501608886,0.005354771856218576,0.3218856751918793,0.031050297431647778,0.2681976556777954,0.4544413387775421,27.317344665527344,0.24547559022903442,0.24547559022903442,0.7723973989486694,0.12970435619354248,0.12142829596996307,0.1655210554599762,9.949790000915527,0.6651692390441895,0.00017367522988516001
919,0.0005424465634860098,0.00027510653308127075,0.005346800899133086,0.3214065581560135,0.030968405306339264,0.2679689824581146,0.4537723660469055,27.277137756347656,0.24528035521507263,0.24528035521507263,0.7718652486801147,0.12936903536319733,0.12110134959220886,0.16535377502441406,9.939735412597656,0.6637015342712402,0.00017283951205742212
920,0.0005432117031887174,0.0002763476950349286,0.005337279988452792,0.320834219455719,0.031030126847326756,0.2680750787258148,0.45397862792015076,27.289533615112305,0.24537613987922668,0.24537613987922668,0.7721381187438965,0.12950360774993896,0.12123475968837738,0.16537685692310333,9.941123962402344,0.6641387939453125,0.0001720062078982373
921,0.000545281742233783,0.00027840089751407504,0.005337616894394159,0.32085447013378143,0.031088193878531456,0.26826009154319763,0.45427045226097107,27.30707550048828,0.24554656445980072,0.24554656445980072,0.7725539803504944,0.12975259125232697,0.12148109078407288,0.16542991995811462,9.94431209564209,0.6653506755828857,0.0001711753231189792
922,0.0005414347979240119,0.0002747361359070055,0.005333972629159689,0.3206353783607483,0.03097844496369362,0.26824241876602173,0.4540836811065674,27.295846939086914,0.24553823471069336,0.24553823471069336,0.7724037170410156,0.12944528460502625,0.12118075788021088,0.1652904748916626,9.935930252075195,0.6640388369560242,0.00017034686341443875
923,0.0005423089896794409,0.0002761720825219527,0.005322738084942102,0.3199601024389267,0.031027594581246376,0.2681145668029785,0.45383137464523315,27.280681610107422,0.24542298913002014,0.24542298913002014,0.7721724510192871,0.12945066392421722,0.1211836040019989,0.16534124314785004,9.938981056213379,0.6640665531158447,0.00016952083446278627
924,0.0005394328763941303,0.00027338108338881284,0.005321036092936993,0.31985779106616974,0.030824847519397736,0.26830777525901794,0.4541381299495697,27.299121856689453,0.2456008791923523,0.2456008791923523,0.7726187109947205,0.12986238300800323,0.12158727645874023,0.16550225019454956,9.948660850524902,0.6657406091690063,0.0001686972419255314
925,0.0005413872859207913,0.0002747846156125888,0.0053320531733334064,0.3205200433731079,0.03098835702985525,0.26823291182518005,0.45395347476005554,27.288021087646484,0.2455352246761322,0.2455352246761322,0.7724409699440002,0.12974593043327332,0.12147775292396545,0.16536357998847961,9.940324783325195,0.6652573347091675,0.00016787609144748545
926,0.0005392010789364576,0.00027311545272823423,0.005321712698787451,0.31989844143390656,0.03086382243782282,0.26824137568473816,0.4539172351360321,27.285842895507812,0.24554550647735596,0.24554550647735596,0.772296130657196,0.12941384315490723,0.12115047872066498,0.16526715457439423,9.934528350830078,0.6636404991149902,0.00016705738865672182
927,0.0005395758780650795,0.00027412395866122097,0.005309038562700152,0.3191365748643875,0.03093069512397051,0.2682585120201111,0.4538968801498413,27.284616470336914,0.24556365609169006,0.24556365609169006,0.7725282907485962,0.12958768010139465,0.12132042646408081,0.1653449982404709,9.939208030700684,0.6644465923309326,0.0001662411391645376
928,0.0005394624604377896,0.0002736750029725954,0.005315748741850257,0.3195399343967438,0.0308662261813879,0.2681472897529602,0.4536225497722626,27.268129348754883,0.2454661726951599,0.2454661726951599,0.7724416255950928,0.12960153818130493,0.12133359909057617,0.16535872220993042,9.940032005310059,0.6647509336471558,0.00016542734856541546
929,0.0005368759448174387,0.0002715473674470559,0.005306571256369352,0.31898826360702515,0.0307694673538208,0.267830491065979,0.45291128754615784,27.225370407104492,0.24518491327762604,0.24518491327762604,0.7718523740768433,0.1292514204978943,0.12099318206310272,0.16516461968421936,9.928363800048828,0.663547694683075,0.0001646160224369851
930,0.0005405204137787223,0.00027543751639313996,0.005301658296957612,0.3186929374933243,0.030921973288059235,0.26795703172683716,0.4530563950538635,27.23409652709961,0.2453041970729828,0.2453041970729828,0.77202308177948,0.12929373979568481,0.12103883922100067,0.1650978922843933,9.924354553222656,0.6636525392532349,0.00016380716633998502
931,0.0005373918975237757,0.00027273406158201396,0.005293156486004591,0.3181819021701813,0.03080667182803154,0.2684071660041809,0.45412808656692505,27.298519134521484,0.24570076167583466,0.24570076167583466,0.7727847099304199,0.12983393669128418,0.12156657874584198,0.16534724831581116,9.939343452453613,0.6655145883560181,0.00016300078581822424
932,0.0005377358611440286,0.0002730593550950289,0.005293530412018299,0.3182043731212616,0.030849650502204895,0.26827526092529297,0.4536062479019165,27.267148971557617,0.24559494853019714,0.24559494853019714,0.7725074291229248,0.12972800433635712,0.12146195769309998,0.16532102227210999,9.937767028808594,0.664818525314331,0.0001621968863985447
933,0.0005370069411583245,0.0002725040540099144,0.005290057277306914,0.3179955929517746,0.030765274539589882,0.2679602801799774,0.4526687562465668,27.21079444885254,0.24532684683799744,0.24532684683799744,0.7719379663467407,0.12945948541164398,0.12119849026203156,0.1652197688817978,9.931678771972656,0.6636868715286255,0.00016139547359078288
934,0.0005348745617084205,0.00027047633921029046,0.005287964595481753,0.31786976754665375,0.0306654404848814,0.26801034808158875,0.4528752565383911,27.223207473754883,0.24536657333374023,0.24536657333374023,0.772164523601532,0.12963633239269257,0.12137719988822937,0.16518273949623108,9.92945384979248,0.6646515130996704,0.00016059655288773252
935,0.0005357172922231257,0.00027159392629982904,0.005282467231154442,0.317539319396019,0.0308245699852705,0.268229216337204,0.4533335864543915,27.25075912475586,0.24556252360343933,0.24556252360343933,0.7725831270217896,0.1296597421169281,0.12140623480081558,0.165070042014122,9.92267894744873,0.6648467779159546,0.00015980012976510652
936,0.0005375532782636583,0.0002739975170698017,0.005271115573123097,0.3168569356203079,0.030837456695735455,0.2683106064796448,0.4532814621925354,27.24762535095215,0.24564652144908905,0.24564652144908905,0.7726399898529053,0.12943029403686523,0.12118202447891235,0.16496525704860687,9.916380882263184,0.6637219190597534,0.00015900620968149992
937,0.0005343172670109197,0.0002714442816795781,0.005257459590211511,0.31603604555130005,0.030758319422602654,0.26839932799339294,0.45356661081314087,27.264766693115234,0.2457209974527359,0.2457209974527359,0.7728848457336426,0.12970475852489471,0.12145031988620758,0.16508884727954865,9.923810958862305,0.6649553775787354,0.00015821479807835208
938,0.0005329397390596569,0.0002696733718039468,0.005265327170491219,0.3165089935064316,0.030649480409920216,0.2681877613067627,0.4530084729194641,27.231216430664062,0.24553734064102173,0.24553734064102173,0.7725136280059814,0.1296747475862503,0.12141592055559158,0.1651764214038849,9.929075241088867,0.6649020314216614,0.00015742590037990937
939,0.0005340709176380187,0.0002707159292185679,0.0052670997101813555,0.3166155219078064,0.030631251633167267,0.2680606245994568,0.45248672366142273,27.19985008239746,0.24543628096580505,0.24543628096580505,0.772179365158081,0.1294560730457306,0.12120078504085541,0.16510571539402008,9.924823760986328,0.6640471816062927,0.00015663952199318837
940,0.0005317191535141319,0.0002685690997168422,0.005263000726699829,0.3163691610097885,0.03052297979593277,0.2682288885116577,0.4527861475944519,27.217851638793945,0.24558958411216736,0.24558958411216736,0.7724615335464478,0.12954896688461304,0.12129906564950943,0.1649980992078781,9.918354034423828,0.6644536256790161,0.00015585566830793863
941,0.0005304503429215401,0.0002676330041140318,0.005256346892565489,0.31596916913986206,0.030511182732880116,0.26844531297683716,0.45323967933654785,27.245113372802734,0.24578332901000977,0.24578332901000977,0.772858738899231,0.12967191636562347,0.12142310291528702,0.16497628390789032,9.91704273223877,0.6648390293121338,0.00015507434469660543
942,0.000530940989847295,0.0002685303697944619,0.00524821225553751,0.31548020243644714,0.030611934140324593,0.26836952567100525,0.45307406783103943,27.235157012939453,0.24571581184864044,0.24571581184864044,0.7726937532424927,0.12950372695922852,0.12125924229621887,0.1648896187543869,9.911833763122559,0.664046049118042,0.00015429555651429316
943,0.000529581040609628,0.0002679083409020677,0.005233454052358866,0.3145930618047714,0.030553191900253296,0.2681691348552704,0.452694296836853,27.21232795715332,0.24553442001342773,0.24553442001342773,0.7724462747573853,0.12948164343833923,0.1212349683046341,0.16493359208106995,9.914477348327637,0.6640427112579346,0.0001535193090987291
944,0.0005296399176586419,0.00026805950619746,0.005231607938185334,0.31448206305503845,0.030561384744942188,0.26796531677246094,0.4524186849594116,27.195762634277344,0.2453443706035614,0.2453443706035614,0.7721793055534363,0.12955182790756226,0.12130303680896759,0.16497595608234406,9.917023658752441,0.6645296812057495,0.00015274560777022597
945,0.0005293608119245619,0.00026760168839246035,0.005235182587057352,0.31469695270061493,0.030504475347697735,0.267976313829422,0.4522155523300171,27.183551788330078,0.24536554515361786,0.24536554515361786,0.7721600532531738,0.12948264181613922,0.12123879790306091,0.16487690806388855,9.911069869995117,0.664269208908081,0.0001519744578316461
946,0.0005293525755405426,0.00026757722662296146,0.005235506687313318,0.3147164285182953,0.030476124957203865,0.2680574059486389,0.45204511284828186,27.17330551147461,0.24545514583587646,0.24545514583587646,0.7723029851913452,0.12950274348258972,0.12126120924949646,0.16483069956302643,9.908292770385742,0.6641727089881897,0.00015120586456836467
947,0.0005308055551722646,0.00026928147417493165,0.005230481270700693,0.3144143521785736,0.03053357172757387,0.2683355510234833,0.4525362551212311,27.20282745361328,0.24570873379707336,0.24570873379707336,0.7728815078735352,0.12980511784553528,0.12156109511852264,0.16488052904605865,9.911286354064941,0.6652518510818481,0.00015043983324823402
948,0.0005285569641273469,0.00026719181914813817,0.005227303132414818,0.3142233043909073,0.030466964468359947,0.2681364417076111,0.45209482312202454,27.176292419433594,0.24553170800209045,0.24553170800209045,0.7725334167480469,0.1296861618757248,0.1214468777179718,0.16478568315505981,9.905586242675781,0.6647055745124817,0.00014967636912154703
949,0.0005269091052468866,0.0002658940356923267,0.005220300983637571,0.3138023763895035,0.030431658029556274,0.2679561972618103,0.4517723023891449,27.156904220581055,0.24536757171154022,0.24536757171154022,0.7722679972648621,0.12961944937705994,0.12138257175683975,0.1647375077009201,9.902688980102539,0.6646147966384888,0.0001489154774210012
950,0.0005283423815853894,0.00026775174774229527,0.005211812909692526,0.31329214572906494,0.03047902137041092,0.26802775263786316,0.45200029015541077,27.170612335205078,0.24542774260044098,0.24542774260044098,0.7723425626754761,0.12960606813430786,0.12136516720056534,0.16481809318065643,9.907533645629883,0.6645147204399109,0.00014815716336166314
951,0.0005275298608466983,0.0002671036490937695,0.005208524642512202,0.31309451162815094,0.030410616658627987,0.2680375874042511,0.4517238736152649,27.153993606567383,0.24545139074325562,0.24545139074325562,0.7723753452301025,0.12953320145606995,0.12129603326320648,0.16474348306655884,9.903048515319824,0.66412353515625,0.00014740143214093265
952,0.0005259978934191167,0.00026586932654026896,0.0052025713957846165,0.3127366006374359,0.030423623509705067,0.268248975276947,0.45222043991088867,27.18384552001953,0.24563796818256378,0.24563796818256378,0.772775411605835,0.12971878051757812,0.1214781105518341,0.1648133397102356,9.907247543334961,0.6647982001304626,0.00014664828893850676
953,0.0005249279784038663,0.00026473426987649873,0.0052038743160665035,0.3128149211406708,0.03034977149218321,0.2682117819786072,0.4521621763706207,27.180343627929688,0.24560366570949554,0.24560366570949554,0.7726637721061707,0.12969163060188293,0.12145163118839264,0.16479991376399994,9.906441688537598,0.6646512746810913,0.00014589773891634448
954,0.0005261200421955436,0.00026607648760546,0.005200870800763369,0.3126343786716461,0.030358615331351757,0.26807719469070435,0.45178350806236267,27.15757942199707,0.2454880177974701,0.2454880177974701,0.7724062204360962,0.12960566580295563,0.12136970460414886,0.16471923887729645,9.901592254638672,0.6643779277801514,0.00014514978721863196
955,0.0005246843793429434,0.00026457667991053313,0.005202154163271189,0.31271152198314667,0.03028883971273899,0.26812106370925903,0.4518500864505768,27.161582946777344,0.24552854895591736,0.24552854895591736,0.7724580764770508,0.1297002136707306,0.12146132439374924,0.1647777557373047,9.905109405517578,0.6648184657096863,0.00014440443897174618
956,0.000523976341355592,0.00026411837461637333,0.005197159247472882,0.312411293387413,0.030319416895508766,0.2681211233139038,0.4516950845718384,27.152267456054688,0.24553635716438293,0.24553635716438293,0.7724151611328125,0.12960316240787506,0.12137075513601303,0.16464819014072418,9.897321701049805,0.6643825769424438,0.00014366169928422062
957,0.0005230443202890456,0.00026355384761700407,0.005189809948205948,0.311969518661499,0.03026213962584734,0.26818758249282837,0.4517267048358917,27.15416717529297,0.24560125172138214,0.24560125172138214,0.7725984454154968,0.12965303659439087,0.12141948938369751,0.16467104852199554,9.898694038391113,0.6645448207855225,0.00014292157324670982
958,0.0005249758251011372,0.0002656788856256753,0.005185938673093915,0.3117367923259735,0.030369838699698448,0.2683165967464447,0.4519548714160919,27.16788101196289,0.245718851685524,0.245718851685524,0.7729084491729736,0.1296941488981247,0.12146387994289398,0.16460540890693665,9.89474868774414,0.6648095846176147,0.00014218406593195502
959,0.0005219980812398717,0.00026319520111428574,0.005176057340577245,0.31114281713962555,0.030269701033830643,0.2681615948677063,0.45153099298477173,27.14240074157715,0.24558505415916443,0.24558505415916443,0.7726100087165833,0.12948894500732422,0.12126278132200241,0.16452312469482422,9.889802932739258,0.6640466451644897,0.0001414491823947486
960,0.0005228773225098848,0.0002644349733600393,0.005168847041204572,0.3107093572616577,0.030302858911454678,0.26819276809692383,0.4515877962112427,27.145814895629883,0.24561336636543274,0.24561336636543274,0.772639811038971,0.12958090007305145,0.1213502585887909,0.16461287438869476,9.895196914672852,0.6643826961517334,0.00014071692767189998
961,0.0005212575488258153,0.0002627743160701357,0.005169664975255728,0.3107585459947586,0.030221600085496902,0.2681087851524353,0.451282262802124,27.12744903564453,0.2455446869134903,0.2455446869134903,0.7725620865821838,0.1297096163034439,0.12147708237171173,0.16465073823928833,9.897473335266113,0.6648743152618408,0.0001399873067822011
962,0.0005206899804761633,0.00026210053329123184,0.005171789089217782,0.3108862340450287,0.030187278985977173,0.26812246441841125,0.4512174129486084,27.123550415039062,0.2455615997314453,0.2455615997314453,0.7725712060928345,0.12972785532474518,0.12149640172719955,0.1646290123462677,9.89616870880127,0.664810836315155,0.00013926032472639198
963,0.0005231428076513112,0.0002646701323101297,0.005169453332200646,0.31074580550193787,0.030287455767393112,0.2681538462638855,0.45106589794158936,27.114442825317383,0.24560055136680603,0.24560055136680603,0.7726395726203918,0.12974542379379272,0.12151572108268738,0.16459402441978455,9.894063949584961,0.6647152900695801,0.00013853598648712619
964,0.0005202387692406774,0.00026206939219264314,0.005163386929780245,0.3103811889886856,0.030174506828188896,0.26826342940330505,0.4513539969921112,27.13176155090332,0.24569573998451233,0.24569573998451233,0.7728615999221802,0.12991748750209808,0.12168951332569122,0.16455939412117004,9.891984939575195,0.6654380559921265,0.00013781429702893668
965,0.0005201833555474877,0.00026231839729007334,0.0051572988741099834,0.3100152313709259,0.030231368727982044,0.26824650168418884,0.4513612985610962,27.1322021484375,0.24567842483520508,0.24567842483520508,0.7727788686752319,0.12980248034000397,0.12157726287841797,0.16450433433055878,9.888672828674316,0.6649074554443359,0.0001370952612982025
966,0.0005199745064601302,0.0002624114276841283,0.005151261575520039,0.30965229868888855,0.030230000615119934,0.2680608332157135,0.45085692405700684,27.101882934570312,0.24551799893379211,0.24551799893379211,0.7724714279174805,0.1295669674873352,0.12134524434804916,0.16443441808223724,9.884469985961914,0.6641021966934204,0.00013637888422311393
967,0.0005204547924222425,0.00026310559769626707,0.005146983545273542,0.3093951344490051,0.030208835378289223,0.26801955699920654,0.45083415508270264,27.100513458251953,0.2454778552055359,0.2454778552055359,0.7724846601486206,0.12960243225097656,0.12138092517852783,0.16443029046058655,9.884222984313965,0.6644224524497986,0.0001356651707136392
968,0.0005201987805776298,0.0002626464265631512,0.005151047371327877,0.30963943898677826,0.030192743055522442,0.26823902130126953,0.45140448212623596,27.134794235229492,0.24566879868507385,0.24566879868507385,0.7728708982467651,0.12978751957416534,0.12156093120574951,0.16453181207180023,9.890324592590332,0.6652038097381592,0.0001349541256614906
969,0.0005189674848224968,0.00026171446370426565,0.0051450603641569614,0.30927954614162445,0.030214904807507992,0.26816779375076294,0.4511980414390564,27.122385025024414,0.2456078827381134,0.2456078827381134,0.7725890278816223,0.12956629693508148,0.1213458850979805,0.16440828144550323,9.88290023803711,0.664283037185669,0.00013424575394009169
970,0.0005180712469154969,0.0002612374519230798,0.005136675434187055,0.30877548456192017,0.030145354568958282,0.26810720562934875,0.4509062170982361,27.10484504699707,0.2455618977546692,0.2455618977546692,0.7724725008010864,0.1295068860054016,0.12128773331642151,0.1643831878900528,9.881389617919922,0.6640146970748901,0.0001335400604045427
971,0.0005184279871173203,0.0002616782148834318,0.005134995328262448,0.30867451429367065,0.030166524462401867,0.2681388258934021,0.4508776068687439,27.103124618530273,0.24559494853019714,0.24559494853019714,0.7726916074752808,0.12972676753997803,0.12150672823190689,0.16440075635910034,9.882447242736816,0.6649768352508545,0.00013283704989158803
972,0.0005174397956579924,0.00026043234538519755,0.00514014926739037,0.30898432433605194,0.030130278319120407,0.2681412696838379,0.4506968855857849,27.092260360717773,0.2456064373254776,0.2456064373254776,0.7727289795875549,0.12988241016864777,0.12165794521570206,0.16448922455310822,9.887764930725098,0.6655557155609131,0.00013213672721958315
973,0.0005185298796277493,0.0002617052523419261,0.00513649289496243,0.3087645471096039,0.030156584456562996,0.26817527413368225,0.45066046714782715,27.090070724487305,0.2456422597169876,0.2456422597169876,0.7726174592971802,0.12970736622810364,0.121488057076931,0.16438625752925873,9.881574630737305,0.6646929979324341,0.00013143909718846137
974,0.0005161945300642401,0.000259861299127806,0.005126663949340582,0.30817365646362305,0.030068879947066307,0.2683037519454956,0.4509280323982239,27.106155395507812,0.2457573413848877,0.2457573413848877,0.7727696895599365,0.1296975463628769,0.12147756665945053,0.16439950466156006,9.882372856140137,0.66448974609375,0.00013074416457970058
975,0.0005160682048881426,0.00026010670990217477,0.005119229666888714,0.30772683024406433,0.030065673403441906,0.2683127224445343,0.45083537697792053,27.1005859375,0.24577094614505768,0.24577094614505768,0.7729487419128418,0.12973056733608246,0.12151168286800385,0.16437773406505585,9.881063461303711,0.6647273302078247,0.00013005193415629106
976,0.000515243475092575,0.00025926252419594675,0.005119619192555547,0.3077501803636551,0.0300601739436388,0.26830238103866577,0.4507433772087097,27.09505844116211,0.24576522409915924,0.24576522409915924,0.7730604410171509,0.1297132819890976,0.1214953288435936,0.1643591970205307,9.879948616027832,0.6647464036941528,0.00012936241066270287
977,0.0005148700438439846,0.00025913703575497493,0.00511466059833765,0.30745215713977814,0.030028119683265686,0.2681293487548828,0.4504146873950958,27.075298309326172,0.2456086128950119,0.2456086128950119,0.7727582454681396,0.1295989602804184,0.12138256430625916,0.1643279641866684,9.878071784973145,0.6642858386039734,0.00012867559882485266
978,0.0005158153362572193,0.00026040234661195427,0.0051082593854516745,0.3070673495531082,0.03006825875490904,0.2679813802242279,0.4501127004623413,27.057146072387695,0.24547575414180756,0.24547575414180756,0.772452175617218,0.12951523065567017,0.12130361050367355,0.1642322987318039,9.872321128845215,0.6639423370361328,0.00012799150335007184
979,0.0005156758124940097,0.0002604087203508243,0.0051053420174866915,0.3068919777870178,0.03006977029144764,0.2680639922618866,0.45014235377311707,27.05892562866211,0.24555687606334686,0.24555687606334686,0.7726002335548401,0.12976418435573578,0.12154823541641235,0.16431885957717896,9.877524375915527,0.6648992896080017,0.00012731012892707418
980,0.0005184879410080612,0.0002626572022563778,0.005116614513099194,0.30756959319114685,0.03020714782178402,0.2682104706764221,0.4503442943096161,27.07106590270996,0.24569326639175415,0.24569326639175415,0.7728625535964966,0.12998244166374207,0.1217619925737381,0.16440904140472412,9.88294506072998,0.6656972169876099,0.00012663148022592377
981,0.0005148942291270941,0.00025964901578845456,0.005104904295876622,0.3068656325340271,0.030109471641480923,0.2681216597557068,0.4499993920326233,27.050334930419922,0.2456216961145401,0.2456216961145401,0.7725659012794495,0.12963251769542694,0.12142064422369003,0.164237380027771,9.872628211975098,0.6640026569366455,0.00012595556189800284
982,0.0005136503314133734,0.00025898621970554814,0.005093282088637352,0.30616703629493713,0.03004255797713995,0.2681678235530853,0.4500279128551483,27.052047729492188,0.24566641449928284,0.24566641449928284,0.7727165818214417,0.12963543832302094,0.12142695486545563,0.1641698032617569,9.868563652038574,0.6640499830245972,0.00012528237857597978
983,0.0005129156197654083,0.00025826430646702647,0.00509302644059062,0.3061516731977463,0.029943309724330902,0.2682885527610779,0.4503977298736572,27.074277877807617,0.24576866626739502,0.24576866626739502,0.7730306386947632,0.12985506653785706,0.12164267152547836,0.16424790024757385,9.873259544372559,0.6650963425636292,0.00012461193487377773
984,0.0005126026517245919,0.0002579190913820639,0.005093670915812254,0.3061904162168503,0.029990345239639282,0.26821479201316833,0.45021852850914,27.063505172729492,0.24570387601852417,0.24570387601852417,0.7729201316833496,0.12977845966815948,0.12157011032104492,0.1641671061515808,9.868401527404785,0.664940595626831,0.00012394423538654298
985,0.0005118231638334692,0.00025748091866262257,0.0050868450198322535,0.3057801127433777,0.029947941191494465,0.26808223128318787,0.4499340057373047,27.046403884887695,0.24558553099632263,0.24558553099632263,0.772600531578064,0.1296040117740631,0.12139840424060822,0.16411222517490387,9.865103721618652,0.6642693281173706,0.0001232792846906129
986,0.0005117712425999343,0.0002575484322733246,0.005084455944597721,0.3056364804506302,0.029936330392956734,0.2679990231990814,0.4496053159236908,27.02664566040039,0.2455187439918518,0.2455187439918518,0.7724035978317261,0.12956103682518005,0.12135699391365051,0.16408079862594604,9.863214492797852,0.664074182510376,0.000122617087343485
987,0.0005113364895805717,0.00025720102712512016,0.005082709016278386,0.30553148686885834,0.029907239601016045,0.2681400775909424,0.4497320353984833,27.034259796142578,0.24565348029136658,0.24565348029136658,0.7727721333503723,0.12981121242046356,0.12160338461399078,0.1641566902399063,9.867776870727539,0.6651017069816589,0.00012195764788378597
988,0.0005112845101393759,0.00025689866743050516,0.0050877167377620935,0.30583249032497406,0.029944617301225662,0.2683519721031189,0.45011988282203674,27.05757713317871,0.2458459883928299,0.2458459883928299,0.7731629014015198,0.1299603134393692,0.12175212800502777,0.16416379809379578,9.868204116821289,0.6656282544136047,0.00012130097083123988
989,0.0005129968049004674,0.0002590085205156356,0.005079766036942601,0.3053545504808426,0.030008534900844097,0.2683243751525879,0.45000559091567993,27.05070686340332,0.24582408368587494,0.24582408368587494,0.7730330228805542,0.1296890825033188,0.1214887723326683,0.1640062928199768,9.858735084533691,0.6644961833953857,0.00012064706068663775
990,0.0005109998310217634,0.000257529245573096,0.005069412058219314,0.30473215878009796,0.029931453987956047,0.2682585120201111,0.4499635398387909,27.04817771911621,0.24576032161712646,0.24576032161712646,0.7729083299636841,0.12964752316474915,0.12144501507282257,0.1640501618385315,9.861372947692871,0.6644152402877808,0.00011999592193180642
991,0.0005089480837341398,0.0002554044986027293,0.005070870975032449,0.30481983721256256,0.029800323769450188,0.2682567536830902,0.4499708116054535,27.048612594604492,0.24575820565223694,0.24575820565223694,0.772921621799469,0.12975071370601654,0.12153831124305725,0.16424797475337982,9.873262405395508,0.6649363040924072,0.0001193475590295782
992,0.0005094810476293787,0.00025576361804269254,0.005074348300695419,0.30502888560295105,0.029842859134078026,0.2682320177555084,0.4498768448829651,27.042966842651367,0.2457381784915924,0.2457381784915924,0.7728800773620605,0.12970100343227386,0.1214914470911026,0.16419121623039246,9.869852066040039,0.6647295951843262,0.00011870197642375958
993,0.0005093431391287595,0.0002559828571975231,0.005067205289378762,0.3045995384454727,0.029823029413819313,0.26817086338996887,0.4496414363384247,27.02881622314453,0.245688796043396,0.245688796043396,0.7727580070495605,0.1295861452817917,0.12138305604457855,0.16406166553497314,9.862064361572266,0.664099395275116,0.00011805917853910158
994,0.0005084454896859825,0.0002554956590756774,0.005058996379375458,0.30410605669021606,0.02981120813637972,0.2681024670600891,0.4493565559387207,27.011693954467773,0.24563463032245636,0.24563463032245636,0.7726853489875793,0.1295386552810669,0.12134266644716263,0.1639198660850525,9.853540420532227,0.6638479232788086,0.00011741916978126905
995,0.0005090993945486844,0.0002564641908975318,0.005052704131230712,0.30372780561447144,0.02986447885632515,0.26820841431617737,0.44947338104248047,27.018714904785156,0.24573473632335663,0.24573473632335663,0.7729779481887817,0.1297723650932312,0.12157367169857025,0.16397374868392944,9.856778144836426,0.6647754907608032,0.00011678195453681021
996,0.000510274083353579,0.0002574065438238904,0.005057350732386112,0.3040071576833725,0.02990041673183441,0.2683008909225464,0.44968119263648987,27.031206130981445,0.24581682682037354,0.24581682682037354,0.7731510400772095,0.1299549639225006,0.12175267934799194,0.16404582560062408,9.861112594604492,0.6655969619750977,0.00011614753717312706
997,0.0005078285030322149,0.00025511674903100356,0.005054234992712736,0.30381982028484344,0.029828970320522785,0.2681472599506378,0.44940391182899475,27.01453971862793,0.24567705392837524,0.24567705392837524,0.7727683782577515,0.12969793379306793,0.12150265276432037,0.16390566527843475,9.852685928344727,0.6645820736885071,0.00011551592203844503
998,0.0005071377090644091,0.00025489744439255446,0.005044805118814111,0.3032529801130295,0.029796062037348747,0.2681114971637726,0.44927072525024414,27.006532669067383,0.24564795196056366,0.24564795196056366,0.7726229429244995,0.12955273687839508,0.12135888636112213,0.1638769656419754,9.850960731506348,0.6638909578323364,0.00011488711346178371
999,0.0005078396643511951,0.00025575341715011746,0.00504172476939857,0.30306780338287354,0.029806909151375294,0.2681979537010193,0.44932273030281067,27.009658813476562,0.24573183059692383,0.24573183059692383,0.7728581428527832,0.12969261407852173,0.121493861079216,0.16397492587566376,9.856849670410156,0.6644386053085327,0.00011426111575292664
1000,0.0005060109251644462,0.000254056416451931,0.005039089825004339,0.30290941894054413,0.029721707105636597,0.268180251121521,0.4492252469062805,27.003799438476562,0.24571898579597473,0.24571898579597473,0.7729619741439819,0.12981636822223663,0.12161779403686523,0.16397137939929962,9.856637001037598,0.6650227308273315,0.00011363793320239197
1001,0.000505924443132244,0.0002536203828640282,0.00504608079791069,0.3033296912908554,0.029704129323363304,0.2681535482406616,0.44898730516433716,26.98949432373047,0.24570417404174805,0.24570417404174805,0.7728972434997559,0.12977612018585205,0.1215779185295105,0.16396397352218628,9.856192588806152,0.6648546457290649,0.00011301757008140304
1002,0.0005052161577623338,0.00025335671671200544,0.005037188529968262,0.3027951419353485,0.029672151431441307,0.26818346977233887,0.4490886926651001,26.995588302612305,0.24572904407978058,0.24572904407978058,0.7728368639945984,0.12970644235610962,0.1215108186006546,0.1639125496149063,9.853099822998047,0.6645109057426453,0.00011240003064185949
1003,0.0005048007151344791,0.00025343141169287264,0.0050273858942091465,0.3022059053182602,0.029683563858270645,0.26820284128189087,0.44915807247161865,26.999759674072266,0.24574494361877441,0.24574494361877441,0.7728537917137146,0.12971442937850952,0.12151996791362762,0.1638893485069275,9.851704597473145,0.6645253896713257,0.00011178531911630718
1004,0.0005044676217949018,0.00025324385933345184,0.0050244752783328295,0.3020309507846832,0.029675615020096302,0.26822564005851746,0.4490772783756256,26.99489974975586,0.24577178061008453,0.24577178061008453,0.7729842662811279,0.12975028157234192,0.12155597656965256,0.1638861745595932,9.851513862609863,0.664740800857544,0.0001111734397179102
1005,0.0005040210526203737,0.0002526808239053935,0.005026804166845977,0.30217091739177704,0.029654082842171192,0.2682228088378906,0.44903647899627686,26.992448806762695,0.24577099084854126,0.24577099084854126,0.773038387298584,0.12978580594062805,0.12159091979265213,0.1638975739479065,9.852200508117676,0.6648702025413513,0.00011056439664042159
1006,0.0005039832904003561,0.00025249839382013306,0.005029697902500629,0.3023448586463928,0.029643503949046135,0.2681732475757599,0.44893336296081543,26.986249923706055,0.2457265853881836,0.2457265853881836,0.7729674577713013,0.12980766594409943,0.12161219120025635,0.16390939056873322,9.852909088134766,0.6649893522262573,0.00010995819405815428
1007,0.0005032464396208525,0.0002519753761589527,0.0050254210364073515,0.30208779126405716,0.02959972620010376,0.26817786693573,0.4488971531391144,26.98407745361328,0.24573302268981934,0.24573302268981934,0.7729252576828003,0.12975238263607025,0.12156093120574951,0.16382905840873718,9.848081588745117,0.6647468209266663,0.00010935483612595288
1008,0.0005029118183301762,0.0002519940389902331,0.005018355557695031,0.30166301131248474,0.029606465250253677,0.2682192623615265,0.44889456033706665,26.98392105102539,0.2457745224237442,0.2457745224237442,0.7729470729827881,0.12971946597099304,0.12153173983097076,0.16375437378883362,9.843591690063477,0.6646068096160889,0.00010875432697916504
1009,0.0005027354636695236,0.000252072568400763,0.00501325773075223,0.30135662853717804,0.029621376655995846,0.26829442381858826,0.4489988088607788,26.99018669128418,0.24584448337554932,0.24584448337554932,0.7730744481086731,0.12975087761878967,0.12156249582767487,0.16376759111881256,9.844385147094727,0.6646338701248169,0.00010815667073361336
1010,0.0005030267930123955,0.00025248972815461457,0.005010740831494331,0.3012053221464157,0.029634324833750725,0.2682989537715912,0.4489605724811554,26.98788833618164,0.24585092067718506,0.24585092067718506,0.7731328010559082,0.12973937392234802,0.1215534433722496,0.16371870040893555,9.841447830200195,0.6645981073379517,0.00010756187148556673
1011,0.0005035629292251542,0.00025305990129709244,0.005010060500353575,0.3011644035577774,0.029671242460608482,0.2682659327983856,0.44885674118995667,26.981647491455078,0.24582308530807495,0.24582308530807495,0.7731361985206604,0.12978021800518036,0.12159248441457748,0.16375459730625153,9.843605041503906,0.6648998260498047,0.00010696993331171266
1012,0.0005027482111472636,0.00025243216077797115,0.00500632100738585,0.3009396642446518,0.029617256484925747,0.26806503534317017,0.4484930634498596,26.95978546142578,0.245640367269516,0.245640367269516,0.7727473974227905,0.1296447366476059,0.12146130949258804,0.1636684238910675,9.838425636291504,0.6643840074539185,0.00010638086026912896
1013,0.0005023974226787686,0.0002521213609725237,0.005005521001294255,0.3008915185928345,0.029579143039882183,0.2680647373199463,0.4484926462173462,26.959758758544922,0.2456401139497757,0.2456401139497757,0.7726941704750061,0.12969030439853668,0.12150304019451141,0.1637452244758606,9.843040466308594,0.6645301580429077,0.0001057946563952565
1014,0.0005014955386286601,0.0002513048457331024,0.005003813654184341,0.30078892409801483,0.029548466205596924,0.26816433668136597,0.4485355019569397,26.96233558654785,0.24573756754398346,0.24573756754398346,0.7728952169418335,0.12975458800792694,0.12156611680984497,0.16376949846744537,9.844501495361328,0.66466224193573,0.00010521132570787084
1015,0.000501006405102089,0.00025103492953348905,0.004999428987503052,0.30052536725997925,0.0295300567522645,0.26822784543037415,0.4485572874546051,26.963647842407227,0.2457999736070633,0.2457999736070633,0.7730404138565063,0.12977167963981628,0.12158294022083282,0.16377481818199158,9.844820976257324,0.6646478176116943,0.00010463087220505528
1016,0.0005007483705412596,0.0002509453479433432,0.004996060160920024,0.30032283067703247,0.029537836089730263,0.2682062089443207,0.4484151005744934,26.95509910583496,0.2457854449748993,0.2457854449748993,0.7730399966239929,0.12977255880832672,0.12158717215061188,0.1637076735496521,9.840784072875977,0.6646654009819031,0.00010405329986517322
1017,0.0005000925739295781,0.00025040046602953225,0.0049938419833779335,0.30018948018550873,0.02950851246714592,0.2682154178619385,0.4484115540981293,26.95488739013672,0.2457948476076126,0.2457948476076126,0.773063063621521,0.129800483584404,0.12161824107170105,0.16364489495754242,9.837010383605957,0.664824366569519,0.00010347861264684072
1018,0.0005015929637011141,0.0002520583075238392,0.004990693414583802,0.30000022053718567,0.029590722173452377,0.268218457698822,0.4484998881816864,26.960193634033203,0.24579346179962158,0.24579346179962158,0.7730350494384766,0.1298305243253708,0.1216498538851738,0.16361337900161743,9.835116386413574,0.6650258302688599,0.00010290681448889955
1019,0.0005006031424272805,0.00025120405189227313,0.004987981868907809,0.29983721673488617,0.029546339996159077,0.2680823802947998,0.44822949171066284,26.943939208984375,0.24567091464996338,0.24567091464996338,0.7727735638618469,0.12971661984920502,0.1215398982167244,0.16353435814380646,9.830368995666504,0.664543628692627,0.00010233790931039032
1020,0.0004994213522877544,0.00025029889366123825,0.004982448648661375,0.2995046377182007,0.029513906687498093,0.26807934045791626,0.4480653405189514,26.93407440185547,0.24567607045173645,0.24567607045173645,0.772811233997345,0.12977589666843414,0.12159591913223267,0.16359943151474,9.834277153015137,0.6647499203681946,0.0001017719010105255
1021,0.000498885550769046,0.00024968998332042247,0.004983911057934165,0.2995925396680832,0.02946678176522255,0.2681877613067627,0.4481241703033447,26.93760871887207,0.2457815408706665,0.2457815408706665,0.7730472087860107,0.12985049188137054,0.1216660663485527,0.16368860006332397,9.839637756347656,0.6649953126907349,0.00010120879346866256
1022,0.0004995745257474482,0.00025043520145118237,0.0049827860202640295,0.2995249330997467,0.029489253647625446,0.26826730370521545,0.4483313262462616,26.9500675201416,0.24585072696208954,0.24585072696208954,0.7731622457504272,0.12987260520458221,0.1216878741979599,0.16369451582431793,9.839993476867676,0.6649875044822693,0.00010064859054427746
1023,0.0004983966355212033,0.0002496799570508301,0.004974333569407463,0.2990168184041977,0.029471605084836483,0.2682100534439087,0.4482872486114502,26.947412490844727,0.24579569697380066,0.24579569697380066,0.7730363607406616,0.12975968420505524,0.12158041447401047,0.16358539462089539,9.83343505859375,0.6645098924636841,0.00010009129607693832
1024,0.0005002074758522213,0.0002518712281016633,0.004966725362464786,0.2985594570636749,0.029555100947618484,0.2680615484714508,0.44797635078430176,26.92872428894043,0.24566273391246796,0.24566273391246796,0.7727934122085571,0.12969379127025604,0.12151908129453659,0.16349433362483978,9.827960968017578,0.6643183827400208,9.953691388627918e-05
1025,0.0004978021897841245,0.00024939690410974436,0.004968105582520366,0.29864244163036346,0.02946287300437689,0.2680978775024414,0.4480794072151184,26.934919357299805,0.2456938922405243,0.2456938922405243,0.77292400598526,0.12986937165260315,0.1216898262500763,0.16359104216098785,9.833773612976074,0.6651322841644287,9.898544777197328e-05
1026,0.0004976404452463612,0.0002491380291758105,0.004970047855749726,0.29875920712947845,0.029450773261487484,0.2681916654109955,0.44812190532684326,26.937477111816406,0.24578556418418884,0.24578556418418884,0.7730957269668579,0.1299086958169937,0.12172815203666687,0.16361089050769806,9.834965705871582,0.665291428565979,9.843690151370771e-05
1027,0.0004978727665729821,0.00024931596271926537,0.0049711354076862335,0.2988245338201523,0.029419437050819397,0.26821306347846985,0.44799554347991943,26.92987823486328,0.2458132803440094,0.2458132803440094,0.7730765342712402,0.1297905147075653,0.12161578983068466,0.1634945422410965,9.827971458435059,0.6647891402244568,9.789127887115725e-05
1028,0.0004979104123776779,0.0002496833185432479,0.0049645418766886,0.29842817783355713,0.029434485360980034,0.2682158350944519,0.44785621762275696,26.9215030670166,0.24582302570343018,0.24582302570343018,0.7730212211608887,0.12973825633525848,0.12156423926353455,0.1634802669286728,9.827116012573242,0.6645308136940002,9.734858358395826e-05
1029,0.0004968590510543436,0.00024876925454009324,0.004961795872077346,0.2982631176710129,0.029412591829895973,0.2682434022426605,0.44793444871902466,26.92620849609375,0.245846688747406,0.245846688747406,0.77311772108078,0.12985014915466309,0.12167465686798096,0.16350999474525452,9.828901290893555,0.6650480031967163,9.680881937168352e-05
1030,0.0004964568361174315,0.0002483952193870209,0.0049612324219197035,0.29822927713394165,0.02942819520831108,0.26830795407295227,0.4480385184288025,26.93246078491211,0.2459060251712799,0.2459060251712799,0.7732657790184021,0.12990762293338776,0.12173041701316833,0.16354399919509888,9.830946922302246,0.665306031703949,9.627198993381637e-05
1031,0.0004961329104844481,0.0002481103438185528,0.004960451740771532,0.29818233847618103,0.02939101681113243,0.26824238896369934,0.44784414768218994,26.9207763671875,0.24585019052028656,0.24585019052028656,0.773098349571228,0.12974010407924652,0.12156733870506287,0.16345544159412384,9.82562255859375,0.6645768880844116,9.573809894972587e-05
1032,0.0004961492959409952,0.0002485012955730781,0.004952960181981325,0.29773202538490295,0.029383255168795586,0.2681395709514618,0.44761598110198975,26.907062530517578,0.2457587718963623,0.2457587718963623,0.7729118466377258,0.12961657345294952,0.12144842743873596,0.1633629947900772,9.820066452026367,0.6640156507492065,9.520715007864097e-05
1033,0.00049613781447988,0.00024863597354851663,0.004950036760419607,0.2975562661886215,0.029403994791209698,0.26824042201042175,0.4478603005409241,26.9217472076416,0.2458474040031433,0.2458474040031433,0.7731449604034424,0.12978215515613556,0.12160814553499222,0.1634802669286728,9.827115058898926,0.664602518081665,9.46791469596257e-05
1034,0.0004963156534358859,0.0002489472535671666,0.004947367589920759,0.29739582538604736,0.029390044510364532,0.2682950794696808,0.4479862153530121,26.929317474365234,0.24589577317237854,0.24589577317237854,0.7732982039451599,0.1299033761024475,0.12172742933034897,0.16351880133152008,9.829431533813477,0.6651126146316528,9.415409321155435e-05
1035,0.0004952047893311828,0.0002479599788784981,0.00494489585980773,0.2972472459077835,0.029394665732979774,0.2681965231895447,0.44775113463401794,26.915189743041992,0.24580895900726318,0.24580895900726318,0.7731424570083618,0.12978458404541016,0.12161451578140259,0.1634012758731842,9.822366714477539,0.6646514534950256,9.363199243308662e-05
1036,0.0004945540276821703,0.00024748089344939217,0.004941463004797697,0.2970408946275711,0.02934083715081215,0.26807698607444763,0.4473949074745178,26.89377212524414,0.24570722877979279,0.24570722877979279,0.7729145884513855,0.12967205047607422,0.1215059906244278,0.1633210927248001,9.817547798156738,0.6642503142356873,9.31128482026426e-05
1037,0.0004951813898514956,0.00024812827905407175,0.004941062536090612,0.29701684415340424,0.029368368908762932,0.2680988609790802,0.4473359286785126,26.890228271484375,0.24573206901550293,0.24573206901550293,0.7729526162147522,0.12977789342403412,0.12160877883434296,0.1633823662996292,9.821228981018066,0.6646749973297119,9.259666407837888e-05
1038,0.0004963987739756703,0.0002493781503289938,0.0049404120072722435,0.2969777137041092,0.02942817471921444,0.26824742555618286,0.447671502828598,26.910400390625,0.24586383998394012,0.24586383998394012,0.773216962814331,0.12994374334812164,0.1217728704214096,0.16341732442378998,9.823330879211426,0.665380597114563,9.208344359816365e-05
1039,0.0004941534862155095,0.00024721598310861737,0.0049387498293071985,0.29687781631946564,0.029352067038416862,0.26816606521606445,0.44742628931999207,26.895658493041992,0.24579474329948425,0.24579474329948425,0.7730278968811035,0.12983934581279755,0.12167209386825562,0.16334500908851624,9.818984031677246,0.6648409962654114,9.157319027955257e-05
1040,0.000493720086524263,0.000247164505708497,0.004931111121550202,0.29641860723495483,0.02928818017244339,0.2680897116661072,0.4471903145313263,26.881473541259766,0.2457301914691925,0.2457301914691925,0.7729085683822632,0.1297275722026825,0.1215636283159256,0.16327893733978271,9.815013885498047,0.6643350124359131,9.106590761976478e-05
1041,0.000493587227538228,0.0002470845793141052,0.004930053139105439,0.2963550239801407,0.029313795268535614,0.2681753635406494,0.44727835059165955,26.88676643371582,0.24581143260002136,0.24581143260002136,0.7730850577354431,0.12977835536003113,0.1216128021478653,0.16331113874912262,9.816948890686035,0.6645854711532593,9.056159909565868e-05
1042,0.0004930892609991133,0.0002465531724737957,0.0049307215958833694,0.2963952422142029,0.029278451576828957,0.2681884765625,0.4472931921482086,26.887657165527344,0.24582383036613464,0.24582383036613464,0.773201048374176,0.12988042831420898,0.12171411514282227,0.16332639753818512,9.817864418029785,0.6651066541671753,9.006026816370866e-05
1043,0.000494033913128078,0.000247403047978878,0.004932617302983999,0.29650917649269104,0.029340305365622044,0.26823458075523376,0.4474603831768036,26.897708892822266,0.24586156010627747,0.24586156010627747,0.7732293009757996,0.12988266348838806,0.12171560525894165,0.16334125399589539,9.818758010864258,0.6651342511177063,8.956191825998066e-05
1044,0.0004930150753352791,0.0002467624726705253,0.004925052169710398,0.2960543930530548,0.029306896030902863,0.2681371867656708,0.4473389685153961,26.890409469604492,0.24577024579048157,0.24577024579048157,0.7729628086090088,0.12970209121704102,0.12154068052768707,0.1632283478975296,9.811972618103027,0.6643587350845337,8.90665528001092e-05
1045,0.0004925165558233857,0.00024680609931237996,0.004914209246635437,0.2954026162624359,0.029335095547139645,0.268099844455719,0.4471847712993622,26.881139755249023,0.2457405924797058,0.2457405924797058,0.7728564739227295,0.12959963083267212,0.12143921852111816,0.16320820152759552,9.810760498046875,0.663846492767334,8.85741751792735e-05
1046,0.0004933818418066949,0.00024771947209956124,0.004913247423246503,0.29534482955932617,0.02936180029064417,0.2681245803833008,0.44718077778816223,26.880903244018555,0.2457655370235443,0.2457655370235443,0.7730414867401123,0.12975864112377167,0.12159686535596848,0.1632353961467743,9.812395095825195,0.6645539999008179,8.808478877217474e-05
1047,0.0004911709256703034,0.0002453382621752098,0.004916653502732515,0.29554955661296844,0.029203911311924458,0.2682019770145416,0.44722211360931396,26.883384704589844,0.2458408772945404,0.2458408772945404,0.7732573747634888,0.1299770027399063,0.1218080222606659,0.1633794754743576,9.82105541229248,0.6654578447341919,8.75983969330127e-05
1048,0.0004941610677633435,0.00024793688498903066,0.004924484062939882,0.2960202470421791,0.02936102170497179,0.2682442367076874,0.44724127650260925,26.884538650512695,0.24588218331336975,0.24588218331336975,0.7733232378959656,0.1300296187400818,0.12186047434806824,0.16338291764259338,9.821263313293457,0.66571044921875,8.711500299546234e-05
1049,0.000491729675559327,0.0002458507806295529,0.004917578073218465,0.2956051379442215,0.029283102601766586,0.26815077662467957,0.44691216945648193,26.86475372314453,0.24580517411231995,0.24580517411231995,0.7730284333229065,0.12977707386016846,0.12161459773778915,0.1632496416568756,9.813251495361328,0.6645802855491638,8.663461027265183e-05
1050,0.0004925475805066526,0.00024724582181079313,0.004906035028398037,0.2949112206697464,0.029311303049325943,0.26813146471977234,0.4467967450618744,26.85781478881836,0.24579161405563354,0.24579161405563354,0.77298504114151,0.12967970967292786,0.12152200937271118,0.16315403580665588,9.807504653930664,0.6641736030578613,8.615722205713893e-05
1051,0.0004924418462906033,0.0002472315973136574,0.0049042049795389175,0.2948012351989746,0.02927800826728344,0.2682484984397888,0.4470532238483429,26.873231887817383,0.24589583277702332,0.24589583277702332,0.7732776403427124,0.1299186646938324,0.12175455689430237,0.16328217089176178,9.815206527709961,0.6651948690414429,8.568284162088912e-05
1052,0.0004923123196931556,0.00024669570848345757,0.004912331933155656,0.2952897697687149,0.02930486761033535,0.2683061361312866,0.44722339510917664,26.883464813232422,0.24594497680664062,0.24594497680664062,0.7734397649765015,0.1300126165151596,0.12184864282608032,0.16327959299087524,9.81505298614502,0.6655682325363159,8.521147221525264e-05
1053,0.0004923459200654179,0.0002469803366693668,0.004907311173155904,0.2949879318475723,0.029286764562129974,0.26810920238494873,0.44665777683258057,26.84946060180664,0.24577631056308746,0.24577631056308746,0.7730449438095093,0.1297658085823059,0.1216086819767952,0.16314266622066498,9.806821823120117,0.6644753217697144,8.474311707094275e-05
1054,0.0004901249631075189,0.0002449918174534105,0.004902662942185998,0.2947085499763489,0.02919910103082657,0.26810479164123535,0.44658929109573364,26.84534454345703,0.24577531218528748,0.24577531218528748,0.7729917168617249,0.12970753014087677,0.12155231088399887,0.16310431063175201,9.80451488494873,0.664217472076416,8.427777939801318e-05
1055,0.0004899778286926448,0.00024493630917277187,0.004900829866528511,0.29459837079048157,0.02917378768324852,0.26818257570266724,0.4467872083187103,26.857242584228516,0.24584320187568665,0.24584320187568665,0.7731322050094604,0.1298382580280304,0.12167903035879135,0.16318446397781372,9.809332847595215,0.6647686958312988,8.381546238583621e-05
1056,0.000489477562950924,0.00024456078972434625,0.00489833508618176,0.2944484055042267,0.02915184572339058,0.2682522237300873,0.44693657755851746,26.86621856689453,0.24590539932250977,0.24590539932250977,0.7732545137405396,0.12990985810756683,0.12174757570028305,0.1632455289363861,9.813005447387695,0.6650410294532776,8.335616920308072e-05
1057,0.0004895038728136569,0.0002447998122079298,0.004894080804660916,0.29419267177581787,0.029147853143513203,0.26816144585609436,0.44673481583595276,26.854095458984375,0.2458246946334839,0.2458246946334839,0.7731008529663086,0.12980405986309052,0.12164667248725891,0.1631477028131485,9.807125091552734,0.6646453142166138,8.289990299769094e-05
1058,0.0004894492158200592,0.0002449177409289405,0.004890629323199391,0.29398520290851593,0.02917434088885784,0.26809263229370117,0.4465704560279846,26.844213485717773,0.2457641214132309,0.2457641214132309,0.7730141878128052,0.12979669868946075,0.12163901329040527,0.1631537526845932,9.807486534118652,0.6645680665969849,8.244666689686438e-05
1059,0.0004895889142062515,0.0002449993189657107,0.004891791846603155,0.2940550744533539,0.02915600687265396,0.2681521773338318,0.44673392176628113,26.854042053222656,0.2458154857158661,0.2458154857158661,0.7731573581695557,0.12991845607757568,0.12175832688808441,0.16320256888866425,9.810420989990234,0.6651245951652527,8.199646400703035e-05
1060,0.0004880562628386542,0.00024346816644538194,0.0048917620442807674,0.2940532863140106,0.02910706214606762,0.2681525945663452,0.4466345012187958,26.848064422607422,0.24582087993621826,0.24582087993621826,0.7731361985206604,0.12987437844276428,0.12171613425016403,0.16316480934619904,9.808152198791504,0.6649466156959534,8.154929741382928e-05
1061,0.0004877928295172751,0.00024333171313628554,0.004889222094789147,0.29390057921409607,0.029092376120388508,0.26819753646850586,0.44662171602249146,26.847293853759766,0.24586644768714905,0.24586644768714905,0.7731767892837524,0.1298065483570099,0.12165157496929169,0.16309955716133118,9.804229736328125,0.6646741032600403,8.110517018209074e-05
1062,0.0004876243619946763,0.00024338712682947516,0.004884744994342327,0.2936314791440964,0.029089711606502533,0.2682555317878723,0.4467317759990692,26.853910446166992,0.24591892957687378,0.24591892957687378,0.773261308670044,0.12982122600078583,0.12166836112737656,0.1630573570728302,9.801694869995117,0.6647398471832275,8.066408535581314e-05
1063,0.00048804908874444664,0.00024411758204223588,0.0048786301631480455,0.29326389729976654,0.029112469404935837,0.26819780468940735,0.44659796357154846,26.845867156982422,0.24586790800094604,0.24586790800094604,0.7731655836105347,0.1297997236251831,0.12164859473705292,0.16302242875099182,9.799593925476074,0.6646916270256042,8.022604595814239e-05
1064,0.00048693636199459434,0.0002430100939818658,0.004878525156527758,0.29325756430625916,0.029077616520226002,0.26825082302093506,0.4466552138328552,26.84930992126465,0.24591806530952454,0.24591806530952454,0.7732707262039185,0.12987086176872253,0.12171737849712372,0.16306979954242706,9.802441596984863,0.664974570274353,7.979105499135165e-05
1065,0.000487070283270441,0.0002432023175060749,0.004877359140664339,0.2931874990463257,0.029072439298033714,0.2682619094848633,0.4466416835784912,26.848493576049805,0.24592983722686768,0.24592983722686768,0.773305356502533,0.12989269196987152,0.12173640727996826,0.16312572360038757,9.805803298950195,0.6650601029396057,7.935911543682016e-05
1066,0.0004875519371125847,0.00024368551385123283,0.004877328407019377,0.29318562150001526,0.029076503589749336,0.26812347769737244,0.4462791979312897,26.826704025268555,0.24580952525138855,0.24580952525138855,0.7730703353881836,0.12978389859199524,0.12163056433200836,0.1630668044090271,9.802260398864746,0.6646246314048767,7.893023025501332e-05
1067,0.00048604680341668427,0.00024235641467384994,0.00487380800768733,0.29297401010990143,0.029028963297605515,0.2681209146976471,0.4462767541408539,26.826560974121094,0.24580708146095276,0.24580708146095276,0.7730913162231445,0.12980130314826965,0.12164930999279022,0.16303978860378265,9.800636291503906,0.6647146344184875,7.850440238546205e-05
1068,0.0004861104825977236,0.0002424203121336177,0.0048738031182438135,0.29297372698783875,0.02902702149003744,0.2681860327720642,0.4463736414909363,26.83238410949707,0.24586734175682068,0.24586734175682068,0.7732230424880981,0.12987260520458221,0.12172188609838486,0.16301430761814117,9.799104690551758,0.6649557948112488,7.808163474674299e-05
1069,0.0004862244240939617,0.00024275715986732394,0.00486934557557106,0.29270580410957336,0.029042799025774002,0.26826679706573486,0.4464804530143738,26.838804244995117,0.24594277143478394,0.24594277143478394,0.7733539938926697,0.12992292642593384,0.12177223712205887,0.16301372647285461,9.79906940460205,0.6650834679603577,7.766193023645818e-05
1070,0.0004855489241890609,0.00024223417858593166,0.0048662947956472635,0.2925224006175995,0.029047539457678795,0.26831963658332825,0.4466073215007782,26.84642791748047,0.24598926305770874,0.24598926305770874,0.7734510898590088,0.12995846569538116,0.12180784344673157,0.16301244497299194,9.798992156982422,0.6652413606643677,7.724529173121533e-05
1071,0.00048587776836939156,0.00024266981927212328,0.004864158807322383,0.2923939824104309,0.029064049944281578,0.26829102635383606,0.4464516341686249,26.83707046508789,0.24596843123435974,0.24596843123435974,0.7733790278434753,0.12988649308681488,0.12173496186733246,0.16303052008152008,9.800080299377441,0.6649237275123596,7.683172208660811e-05
1072,0.00048520005657337606,0.00024211742857005447,0.004861652618274093,0.2922433540225029,0.029026802629232407,0.2681218385696411,0.44606995582580566,26.814125061035156,0.2458183467388153,0.2458183467388153,0.7730793952941895,0.12974855303764343,0.12160075455904007,0.16295601427555084,9.795600891113281,0.664397656917572,7.64212241371966e-05
1073,0.0004853624996030703,0.0002423469486529939,0.004860311280936003,0.2921627014875412,0.02902912814170122,0.26803651452064514,0.4459022581577301,26.804046630859375,0.24574141204357147,0.24574141204357147,0.7729699015617371,0.12976613640785217,0.12161755561828613,0.1629716455936432,9.796540260314941,0.6644747853279114,7.601380069648772e-05
1074,0.0004849548568017781,0.00024204353394452482,0.00485822674818337,0.2920374125242233,0.029022812843322754,0.2681276202201843,0.4461422264575958,26.81847381591797,0.2458205223083496,0.2458205223083496,0.7731841206550598,0.12990522384643555,0.12175648659467697,0.16297481954097748,9.796730995178223,0.6650503873825073,7.560945455691606e-05
1075,0.0004847180098295212,0.00024185077927540988,0.004857345018535852,0.291984423995018,0.029031475074589252,0.2682252526283264,0.44629722833633423,26.827787399291992,0.2459103763103485,0.2459103763103485,0.7733715772628784,0.12995144724845886,0.12180358916521072,0.16295716166496277,9.795668601989746,0.6652022004127502,7.520818848982493e-05
1076,0.00048450069152750075,0.0002417189461993985,0.004855635110288858,0.29188159108161926,0.029014673084020615,0.26824915409088135,0.44612279534339905,26.817302703857422,0.24594300985336304,0.24594300985336304,0.7733428478240967,0.12985363602638245,0.12170729041099548,0.16292697191238403,9.793854713439941,0.6647175550460815,7.481000524544694e-05
1077,0.00048405834240838885,0.0002415577764622867,0.004850011318922043,0.29154354333877563,0.02899374905973673,0.26822859048843384,0.4460715651512146,26.81422233581543,0.24592500925064087,0.24592500925064087,0.773281455039978,0.1298302561044693,0.12168566882610321,0.162891685962677,9.791733741760254,0.6646153330802917,7.441490755288545e-05
1078,0.0004843987844651565,0.00024200695770559832,0.004847836447879672,0.2914128303527832,0.028994916006922722,0.2682201564311981,0.44604408740997314,26.812576293945312,0.24591794610023499,0.24591794610023499,0.773268461227417,0.1298808455467224,0.1217346042394638,0.16292476654052734,9.793724060058594,0.664861798286438,7.40228981200958e-05
1079,0.00048330792924389243,0.00024092194507829845,0.004847719566896558,0.2914057821035385,0.02894584648311138,0.26811715960502625,0.44582459330558777,26.799379348754883,0.24582591652870178,0.24582591652870178,0.7731401920318604,0.12987945973873138,0.1217353343963623,0.16288237273693085,9.791172981262207,0.6649233102798462,7.363397963386676e-05
1080,0.0004830367397516966,0.00024066540208877996,0.0048474271316081285,0.29138821363449097,0.02892717532813549,0.2680690586566925,0.44561198353767395,26.78660011291504,0.24578845500946045,0.24578845500946045,0.7730908393859863,0.1298535317182541,0.12171028554439545,0.16286495327949524,9.79012680053711,0.664794921875,7.324815475980216e-05
1081,0.00048322969814762473,0.00024076244153548032,0.004849345190450549,0.29150351881980896,0.028923441655933857,0.26812636852264404,0.44559499621391296,26.78557777404785,0.24584662914276123,0.24584662914276123,0.7731918692588806,0.12986508011817932,0.12172107398509979,0.16288010776042938,9.791038513183594,0.6647869944572449,7.286542614230237e-05
1082,0.00048280788178090006,0.00024049574858509004,0.004846242489293218,0.29131700098514557,0.028910420835018158,0.2682199478149414,0.4458599090576172,26.801498413085938,0.24592694640159607,0.24592694640159607,0.7733582258224487,0.12994885444641113,0.1218053549528122,0.16287000477313995,9.790430068969727,0.6650762557983398,7.248579640454658e-05
1083,0.00048359192442148924,0.00024146145733539015,0.004842609167098999,0.29109857976436615,0.028959831222891808,0.2682644724845886,0.4459752142429352,26.80843162536621,0.24596571922302246,0.24596571922302246,0.7734025716781616,0.12997561693191528,0.12183056771755219,0.1629008948802948,9.792288780212402,0.6651892066001892,7.21092681484745e-05
1084,0.0004840604087803513,0.00024206520174629986,0.004839903907850385,0.29093600809574127,0.02899089641869068,0.26814815402030945,0.44570809602737427,26.792375564575195,0.24586275219917297,0.24586275219917297,0.773163914680481,0.1298484057188034,0.12170685827732086,0.1628308892250061,9.788079261779785,0.6646825671195984,7.173584395476858e-05
1085,0.00048256179434247315,0.00024073871463770047,0.004836461506783962,0.29072901606559753,0.02893242333084345,0.2681352496147156,0.4456908702850342,26.791339874267578,0.24585069715976715,0.24585069715976715,0.7731630802154541,0.1298581212759018,0.12171778082847595,0.1628066748380661,9.786624908447266,0.6647582054138184,7.136552638283643e-05
1086,0.00048166415945161134,0.00023994304501684383,0.004834422143176198,0.29060646891593933,0.02888621762394905,0.2682010531425476,0.4458386301994324,26.800220489501953,0.24590910971164703,0.24590910971164703,0.7733089923858643,0.12995578348636627,0.12181208282709122,0.1628740280866623,9.790672302246094,0.6651835441589355,7.099831797079326e-05
1087,0.00048187925131060183,0.00024016665702220052,0.004834251711145043,0.29059620201587677,0.028910803608596325,0.2682138979434967,0.4459039866924286,26.80415153503418,0.24591869115829468,0.24591869115829468,0.7733486890792847,0.12997671961784363,0.12183265388011932,0.16288122534751892,9.791105270385742,0.6652799248695374,7.063422123544448e-05
1088,0.0004816774162463844,0.00024004348961170763,0.004832678707316518,0.2905016541481018,0.028908755630254745,0.2681642770767212,0.4456954002380371,26.79161262512207,0.24587950110435486,0.24587950110435486,0.7732722759246826,0.12990371882915497,0.12176303565502167,0.1628137081861496,9.78704833984375,0.6649708151817322,7.027323867226813e-05
1089,0.00048212789988610893,0.00024076319095911458,0.004827293800190091,0.29017797112464905,0.028926586732268333,0.2681179344654083,0.4454616606235504,26.777557373046875,0.24584485590457916,0.24584485590457916,0.773152232170105,0.12979701161384583,0.12165801972150803,0.16277988255023956,9.785014152526855,0.6644728183746338,6.99153727553985e-05
1090,0.00048118981067091227,0.00023985360166989267,0.00482672406360507,0.2901437282562256,0.02887934446334839,0.26820290088653564,0.4455617070198059,26.783573150634766,0.24592480063438416,0.24592480063438416,0.7733294367790222,0.12987804412841797,0.12173743546009064,0.1628120392560959,9.786947250366211,0.664807140827179,6.956062593760838e-05
1091,0.0004807361401617527,0.00023928836162667722,0.004828955512493849,0.2902778536081314,0.028845036402344704,0.2682652175426483,0.445627897977829,26.787555694580078,0.2459838092327118,0.2459838092327118,0.7734646797180176,0.12997666001319885,0.12183357775211334,0.16286152601242065,9.789920806884766,0.6652435064315796,6.920900065029282e-05
1092,0.0004816291038878262,0.0002400252124061808,0.004832077771425247,0.2904655188322067,0.02890333440154791,0.26825958490371704,0.44563090801239014,26.787734985351562,0.24597802758216858,0.24597802758216858,0.7734493017196655,0.12998107075691223,0.12184023857116699,0.16281677782535553,9.7872314453125,0.66529780626297,6.886049930345211e-05
1093,0.0004807876830454916,0.00023947627050802112,0.004826228134334087,0.2901138961315155,0.028872531838715076,0.2681815028190613,0.4454473853111267,26.776702880859375,0.24590912461280823,0.24590912461280823,0.7732648849487305,0.1298554390668869,0.12171871960163116,0.1627344787120819,9.7822847366333,0.6647658348083496,6.851512428567553e-05
1094,0.000482021423522383,0.0002409826556686312,0.004820775473490357,0.28978613018989563,0.02891490887850523,0.2681156098842621,0.44523322582244873,26.76382827758789,0.2458539456129074,0.2458539456129074,0.7731239795684814,0.12973414361476898,0.12160246819257736,0.16263355314731598,9.776217460632324,0.6642180681228638,6.817287796412468e-05
1095,0.00048101446009241045,0.00024025794118642807,0.004815130261704326,0.28944678604602814,0.028925923630595207,0.2681732177734375,0.4454039931297302,26.77409553527832,0.24590301513671875,0.24590301513671875,0.7732762098312378,0.12986865639686584,0.12173481285572052,0.16267693042755127,9.778822898864746,0.6647415161132812,6.783376268451766e-05
1096,0.00047980724775698036,0.0002390001027379185,0.004816142609342933,0.2895076423883438,0.02884019911289215,0.2682565450668335,0.44556665420532227,26.783872604370117,0.2459782063961029,0.2459782063961029,0.7735071182250977,0.13003310561180115,0.12189528346061707,0.1627563238143921,9.783596992492676,0.6654403209686279,6.749778077111247e-05
1097,0.00048070553748402745,0.00023971065820660442,0.004819897701963782,0.2897333949804306,0.028904598206281662,0.2682822644710541,0.4455941319465637,26.785526275634766,0.24600256979465485,0.24600256979465485,0.7735416889190674,0.1300172209739685,0.12187902629375458,0.1627640426158905,9.784061431884766,0.6653655767440796,6.716493452669165e-05
1098,0.0004805200296686962,0.00023976032389327884,0.0048151942901313305,0.28945064544677734,0.02885205950587988,0.2681586444377899,0.4452967047691345,26.76764488220215,0.24589382112026215,0.24589382112026215,0.7732541561126709,0.12981784343719482,0.1216832846403122,0.16269126534461975,9.779685974121094,0.6645584106445312,6.683522623254604e-05
1099,0.0004795222484972328,0.00023907364084152505,0.004808971658349037,0.2890765815973282,0.028836981393396854,0.26817163825035095,0.4453318417072296,26.769758224487305,0.2459050416946411,0.2459050416946411,0.7732316255569458,0.12977130711078644,0.12163835763931274,0.16265885531902313,9.777737617492676,0.664398193359375,6.650865814845932e-05
1100,0.00047901357174851,0.00023878348292782903,0.004804601659998298,0.28881391882896423,0.02882220596075058,0.26819080114364624,0.4452931880950928,26.767433166503906,0.2459261268377304,0.2459261268377304,0.7732993364334106,0.12982824444770813,0.12169449031352997,0.16267503798007965,9.778711318969727,0.6646421551704407,6.618523251269263e-05
1101,0.00047876519965939224,0.00023840471112634987,0.004807209363207221,0.2889706641435623,0.02879591751843691,0.2681924104690552,0.4452671706676483,26.765871047973633,0.2459290474653244,0.2459290474653244,0.773345410823822,0.12994515895843506,0.12180827558040619,0.16273754835128784,9.782468795776367,0.6651039123535156,6.586495154196912e-05
1102,0.00047869676200207323,0.00023826395045034587,0.0048086559399962425,0.2890576422214508,0.028798144310712814,0.26817378401756287,0.4452110230922699,26.762495040893555,0.24591323733329773,0.24591323733329773,0.7733362913131714,0.12997573614120483,0.12183929234743118,0.16272884607315063,9.781946182250977,0.6652372479438782,6.554781743145862e-05
1103,0.000478186208056286,0.00023782877542544156,0.004807148361578584,0.28896699845790863,0.028765207156538963,0.26814284920692444,0.4450666606426239,26.75381851196289,0.24588951468467712,0.24588951468467712,0.773265540599823,0.1298903226852417,0.12175669521093369,0.16267243027687073,9.778554916381836,0.6648626327514648,6.523383235476278e-05
1104,0.0004780739836860448,0.00023789740953361616,0.004803531337529421,0.288749560713768,0.028757380321621895,0.2681422829627991,0.44501277804374695,26.750577926635742,0.24589163064956665,0.24589163064956665,0.7732717990875244,0.1298476606607437,0.12171734869480133,0.1626061350107193,9.774568557739258,0.6647132039070129,6.49229984639003e-05
1105,0.0004783918848261237,0.00023831532598705962,0.0048015310894697905,0.28862930834293365,0.028782831504940987,0.2681524157524109,0.4450644552707672,26.753686904907227,0.24589920043945312,0.24589920043945312,0.7732760906219482,0.12986713647842407,0.12173603475093842,0.16262197494506836,9.775522232055664,0.6647542119026184,6.461531788929177e-05
1106,0.00047839508624747396,0.00023838578636059538,0.004800185794010758,0.28854845464229584,0.028761067427694798,0.26822665333747864,0.4452362656593323,26.76401138305664,0.24596484005451202,0.24596484005451202,0.7734308242797852,0.1299775242805481,0.12184423208236694,0.16266591846942902,9.77816390991211,0.6652092337608337,6.431079273974535e-05
1107,0.0004777159483637661,0.00023776505986461416,0.004799017449840903,0.28847823292016983,0.028776449151337147,0.26823094487190247,0.44528689980506897,26.767057418823242,0.2459666132926941,0.2459666132926941,0.7734369039535522,0.12996399402618408,0.12183250486850739,0.16262972354888916,9.775986671447754,0.6651605367660522,6.400942510244239e-05
1108,0.00047731769154779613,0.00023754959693178535,0.0047953620087355375,0.28825847804546356,0.028749894350767136,0.26818203926086426,0.4451200067996979,26.75702476501465,0.24592603743076324,0.24592603743076324,0.7733428478240967,0.12991735339164734,0.1217869445681572,0.16260814666748047,9.774689674377441,0.6649129986763,6.371121704292297e-05
1109,0.0004770657396875322,0.00023742750636301935,0.004792764550074935,0.2881023436784744,0.02873572986572981,0.26812341809272766,0.4448808431625366,26.742650985717773,0.2458793818950653,0.2458793818950653,0.7732294201850891,0.12986168265342712,0.12173223495483398,0.16258904337882996,9.773541450500488,0.6646527051925659,6.341617060507163e-05
1110,0.0004769050283357501,0.00023727593361400068,0.004792581778019667,0.28809136152267456,0.028721528127789497,0.2681082785129547,0.4447602927684784,26.735401153564453,0.24587026238441467,0.24587026238441467,0.7732418179512024,0.1298704296350479,0.1217421442270279,0.16256557404994965,9.77213191986084,0.6647193431854248,6.312428781110369e-05
1111,0.00047748448560014367,0.00023779892944730818,0.004793711239472032,0.2881592661142349,0.028739173896610737,0.26812300086021423,0.4447089731693268,26.732318878173828,0.24588756263256073,0.24588756263256073,0.7733005285263062,0.12993526458740234,0.12180643528699875,0.16257673501968384,9.772801399230957,0.665001630783081,6.283557066155111e-05
1112,0.00047686258039902896,0.00023710925597697496,0.004795066313818097,0.2882406860589981,0.028712202794849873,0.26818832755088806,0.44479548931121826,26.73751449584961,0.24594855308532715,0.24594855308532715,0.7734354734420776,0.13000839948654175,0.12188026309013367,0.16256259381771088,9.771952629089355,0.6653059124946594,6.255002113524892e-05
1113,0.00047653641377110034,0.00023694749688729644,0.004791778512299061,0.2880430817604065,0.02870924212038517,0.26826414465904236,0.4449969232082367,26.7496280670166,0.2460143119096756,0.2460143119096756,0.7735226154327393,0.1300119161605835,0.12188530713319778,0.16253218054771423,9.770123481750488,0.6653098464012146,6.226764118932163e-05
1114,0.0004761820600833744,0.00023687897191848606,0.004786061588674784,0.287699431180954,0.02872641757130623,0.2682889401912689,0.44508713483810425,26.755046844482422,0.24603457748889923,0.24603457748889923,0.7735276222229004,0.1299828737974167,0.12185721099376678,0.16251330077648163,9.768989562988281,0.6651861667633057,6.198843275916973e-05
1115,0.0004762205935548991,0.0002371298978687264,0.004781813593581319,0.287444069981575,0.028737857937812805,0.26826199889183044,0.445036381483078,26.751996994018555,0.2460101842880249,0.2460101842880249,0.773430585861206,0.1299106776714325,0.12178437411785126,0.16252602636814117,9.769754409790039,0.6648169159889221,6.171239775845655e-05
1116,0.0004764077748404816,0.0002374384057475254,0.004779387265443802,0.28729821741580963,0.028724845498800278,0.26822206377983093,0.4449300169944763,26.74560546875,0.2459755539894104,0.2459755539894104,0.7733789086341858,0.12986989319324493,0.12174230813980103,0.16255182027816772,9.7713041305542,0.6646804213523865,6.143953807909508e-05
1117,0.0004756052512675524,0.00023658193094888702,0.0047804664354771376,0.28736306726932526,0.028690984472632408,0.26815488934516907,0.44474485516548157,26.734474182128906,0.24591763317584991,0.24591763317584991,0.7733052968978882,0.12985962629318237,0.121731236577034,0.16256779432296753,9.772265434265137,0.6646429300308228,6.116985559123498e-05
1118,0.00047526147682219744,0.000236226522247307,0.0047806992661207914,0.28737708926200867,0.02866071369498968,0.26812249422073364,0.44458749890327454,26.725013732910156,0.24589312076568604,0.24589312076568604,0.7733243703842163,0.12988421320915222,0.12175643444061279,0.16255557537078857,9.771531105041504,0.6647824048995972,6.090335214324984e-05
1119,0.00047562528925482184,0.0002365629334235564,0.004781246883794665,0.2874099910259247,0.02867449726909399,0.268150269985199,0.4446205794811249,26.727005004882812,0.24591922760009766,0.24591922760009766,0.7733931541442871,0.1299086958169937,0.12178286910057068,0.16251659393310547,9.769185066223145,0.6649557948112488,6.064002956172453e-05
1120,0.00047559384256601334,0.00023658810096094385,0.00478011486120522,0.2873419374227524,0.028677835129201412,0.26816341280937195,0.44464296102523804,26.728347778320312,0.24593126773834229,0.24593126773834229,0.7733873724937439,0.12990416586399078,0.12177899479866028,0.16250331699848175,9.768388748168945,0.664909303188324,6.037988965144241e-05
1121,0.00047469873970840126,0.00023600697750225663,0.004773834720253944,0.28696443140506744,0.02865644358098507,0.26815301179885864,0.4445948302745819,26.72545623779297,0.2459232658147812,0.2459232658147812,0.7733467817306519,0.12986202538013458,0.12174063920974731,0.16242770850658417,9.76384449005127,0.664731502532959,6.012293419537334e-05
1122,0.000474805521662347,0.00023638608399778605,0.004768388578668237,0.2866370379924774,0.028688841499388218,0.2681693732738495,0.44458699226379395,26.72498321533203,0.24594001471996307,0.24594001471996307,0.7733638286590576,0.1298631727695465,0.1217433512210846,0.16239650547504425,9.761966705322266,0.664727509021759,5.986916495466128e-05
1123,0.0004745197220472619,0.00023615693498868495,0.004767255857586861,0.2865689694881439,0.028666927479207516,0.26817333698272705,0.4445595145225525,26.723329544067383,0.24594536423683167,0.24594536423683167,0.7733824253082275,0.129930779337883,0.12180814892053604,0.16245266795158386,9.76534366607666,0.6649424433708191,5.961858366861222e-05
1124,0.00047469930723309517,0.00023626285837963223,0.004768728977069259,0.28665751218795776,0.028649553656578064,0.2681753933429718,0.44453397393226624,26.721797943115234,0.2459486871957779,0.2459486871957779,0.7734096050262451,0.1299903690814972,0.1218663677573204,0.16247989237308502,9.766980171203613,0.6651890277862549,5.937119205468223e-05
1125,0.00047473458107560873,0.00023609102208865806,0.004772870801389217,0.2869064658880234,0.028647392988204956,0.2681846022605896,0.4444989264011383,26.71969223022461,0.24595966935157776,0.24595966935157776,0.7734332084655762,0.13005170226097107,0.121924489736557,0.162544384598732,9.770857810974121,0.6654635071754456,5.91269918084656e-05
1126,0.00047443879884667695,0.00023576839157612994,0.0047734081745147705,0.2869388163089752,0.028644598089158535,0.2681548297405243,0.4443768262863159,26.71234703063965,0.24593597650527954,0.24593597650527954,0.7733409404754639,0.12996311485767365,0.12183793634176254,0.1625036895275116,9.768411636352539,0.6651018857955933,5.8885984603683615e-05
1127,0.0004753222456201911,0.00023677774879615754,0.00477088987827301,0.2867874205112457,0.028670351952314377,0.26808518171310425,0.44413626194000244,26.69788932800293,0.24587836861610413,0.24587836861610413,0.7731748819351196,0.1298188865184784,0.12169735133647919,0.16243073344230652,9.764023780822754,0.6644514799118042,5.864817209217264e-05
1128,0.00047453821753151715,0.00023627062182640657,0.004765352001413703,0.28645452857017517,0.02866221684962511,0.2681320905685425,0.4442939758300781,26.707366943359375,0.2459173947572708,0.2459173947572708,0.773288905620575,0.1298508495092392,0.12173130363225937,0.1623910367488861,9.761640548706055,0.6645922064781189,5.8413555903872954e-05
1129,0.0004732617817353457,0.00023518962552770972,0.004761443240568042,0.2862195819616318,0.028600627556443214,0.26819974184036255,0.44447681307792664,26.718360900878906,0.24597591161727905,0.24597591161727905,0.7734618186950684,0.12999361753463745,0.12187201529741287,0.16243214905261993,9.76410961151123,0.6651925444602966,5.818213764681764e-05
1130,0.00047306803753599524,0.0002349053684156388,0.004763253033161163,0.2863283306360245,0.02860384527593851,0.26828357577323914,0.44467130303382874,26.730051040649414,0.24605000019073486,0.24605000019073486,0.7736253142356873,0.13006535172462463,0.12194302678108215,0.16244646906852722,9.764971733093262,0.6654981374740601,5.795391890712165e-05
1131,0.00047352496767416596,0.00023535970103694126,0.004763305652886629,0.28633151203393936,0.028652921319007874,0.2682527005672455,0.44456759095191956,26.723817825317383,0.24602431058883667,0.24602431058883667,0.7735548615455627,0.13001583516597748,0.12189453095197678,0.1624259650707245,9.763739585876465,0.665298342704773,5.772890124897052e-05
1132,0.00047289865324273705,0.0002349164424231276,0.004759644158184528,0.28611139953136444,0.0286050196737051,0.26820799708366394,0.4444267749786377,26.715349197387695,0.24598665535449982,0.24598665535449982,0.7734235525131226,0.12989215552806854,0.12177319824695587,0.16237901151180267,9.760916709899902,0.6647500991821289,5.750708621461015e-05
1133,0.00047311934758909047,0.00023548003809992224,0.00475278589874506,0.28569914400577545,0.02863098680973053,0.26816266775131226,0.4442492425441742,26.70467758178711,0.24595019221305847,0.24595019221305847,0.7733207941055298,0.1297895461320877,0.12167350947856903,0.16232062876224518,9.757407188415527,0.6643048524856567,5.7288475324335926e-05
1134,0.0004731455410365015,0.00023562335991300642,0.004750443855300546,0.28555838763713837,0.028629006817936897,0.2681635618209839,0.4442555606365204,26.705059051513672,0.24595078825950623,0.24595078825950623,0.7733532190322876,0.12985360622406006,0.12173523008823395,0.16236752271652222,9.760226249694824,0.664627730846405,5.707307007648245e-05
1135,0.00047217395331244916,0.0002345322718610987,0.004752833396196365,0.28570200502872467,0.028563568368554115,0.2681676745414734,0.444298654794693,26.70764923095703,0.2459527552127838,0.2459527552127838,0.7734036445617676,0.1299404501914978,0.1218203455209732,0.1624019891023636,9.762297630310059,0.6650282144546509,5.686087194741311e-05
1136,0.00047256694233510643,0.00023488671286031604,0.004753604531288147,0.28574834764003754,0.02857779711484909,0.2681978642940521,0.444372296333313,26.712078094482422,0.24597924947738647,0.24597924947738647,0.7734894156455994,0.13000287115573883,0.12188205122947693,0.1624164581298828,9.763166427612305,0.6653016805648804,5.665188239151017e-05
1137,0.0004720549623016268,0.00023451279412256554,0.004750843159854412,0.2855823487043381,0.028573619201779366,0.26816654205322266,0.4442562758922577,26.705102920532227,0.2459537386894226,0.2459537386894226,0.7734187245368958,0.1299493908882141,0.12183235585689545,0.16234055161476135,9.758604049682617,0.665027379989624,5.64461028411647e-05
1138,0.00047174879000522196,0.00023441646771971136,0.004746646387502551,0.2853301018476486,0.028559809550642967,0.2681492567062378,0.4441966712474823,26.701520919799805,0.2459394335746765,0.2459394335746765,0.7733482718467712,0.12990929186344147,0.1217939704656601,0.16230632364749908,9.756545066833496,0.6647867560386658,5.624353470676659e-05
1139,0.0004722901794593781,0.00023512601910624653,0.004743283381685615,0.2851279377937317,0.028576381504535675,0.2681405246257782,0.4440756142139435,26.694242477416992,0.24593673646450043,0.24593673646450043,0.7733612656593323,0.12990646064281464,0.12179248034954071,0.16227951645851135,9.754935264587402,0.6647869348526001,5.604417937669519e-05
1140,0.00047187785094138235,0.0002347038680454716,0.0047434798907488585,0.2851397544145584,0.028557442128658295,0.26821208000183105,0.4441864490509033,26.700904846191406,0.24600274860858917,0.24600274860858917,0.7735214233398438,0.13000905513763428,0.121891550719738,0.16235022246837616,9.759186744689941,0.6652208566665649,5.5848038217309645e-05
1141,0.0004712652007583529,0.00023399693600367755,0.0047453653533011675,0.2852530926465988,0.028530318289995193,0.26820242404937744,0.4441433548927307,26.69831657409668,0.24599525332450867,0.24599525332450867,0.7735189199447632,0.13001981377601624,0.12190121412277222,0.1623719036579132,9.760488510131836,0.6652466654777527,5.565511257293943e-05
1142,0.0004717201227322221,0.00023451342713087797,0.0047441336791962385,0.2851790487766266,0.028554254211485386,0.2682183086872101,0.4441867768764496,26.700925827026367,0.246008962392807,0.246008962392807,0.7735259532928467,0.13000579178333282,0.12188669294118881,0.1623818576335907,9.761087417602539,0.665181040763855,5.546540376587535e-05
1143,0.00047075271140784025,0.00023371299903374165,0.004740794422104955,0.28497833013534546,0.028522463515400887,0.26815640926361084,0.44401007890701294,26.690303802490234,0.2459559142589569,0.2459559142589569,0.7733960747718811,0.1299094259738922,0.121792733669281,0.1623338758945465,9.758203506469727,0.6647850275039673,5.5278913096360385e-05
1144,0.00047060803626663983,0.00023362481442745775,0.0047396637964993715,0.28491032123565674,0.02850259467959404,0.26813340187072754,0.443954199552536,26.686946868896484,0.24593567848205566,0.24593567848205566,0.7733525633811951,0.12986357510089874,0.12174943089485168,0.16228294372558594,9.755141258239746,0.6646018028259277,5.509564184258057e-05
1145,0.00047071387234609574,0.00023381203936878592,0.004738036543130875,0.2848125398159027,0.02850473765283823,0.2681272625923157,0.44388243556022644,26.682634353637695,0.24593313038349152,0.24593313038349152,0.773373007774353,0.12988080084323883,0.12176743149757385,0.1622673124074936,9.75420093536377,0.6646856069564819,5.491559126065666e-05
1146,0.00047066708793863654,0.0002338267513550818,0.0047368069645017385,0.2847386300563812,0.028503945097327232,0.2682134509086609,0.44402122497558594,26.69097328186035,0.2460123896598816,0.2460123896598816,0.7735345363616943,0.12996071577072144,0.12184654176235199,0.16228340566158295,9.755168914794922,0.6650175452232361,5.473876258463519e-05
1147,0.00047020104830153286,0.0002333659867872484,0.004736701026558876,0.28473225235939026,0.028498872183263302,0.2682111859321594,0.4439309239387512,26.685546875,0.24601463973522186,0.24601463973522186,0.7735299468040466,0.12997499108314514,0.12186113744974136,0.1622772067785263,9.754796028137207,0.6650819182395935,5.4565157026480045e-05
1148,0.0004700838908320293,0.00023324675566982478,0.004736742237582803,0.2847347557544708,0.028494371101260185,0.2681826651096344,0.44377976655960083,26.676462173461914,0.2459936887025833,0.2459936887025833,0.7734814882278442,0.12995673716068268,0.12184470146894455,0.16224068403244019,9.752601623535156,0.6649872660636902,5.4394775776064313e-05
1149,0.0004696401010733098,0.00023298421001527458,0.004733117297291756,0.2845168262720108,0.028476830571889877,0.2681773006916046,0.44378578662872314,26.676820755004883,0.24598801136016846,0.24598801136016846,0.773444652557373,0.12993574142456055,0.12182579934597015,0.16219885647296906,9.750085830688477,0.6649022102355957,5.4227620001162025e-05
1150,0.0004697843105532229,0.0002333217198611237,0.004729251842945814,0.28428447246551514,0.028496856801211834,0.2681907117366791,0.4438890814781189,26.683032989501953,0.24599626660346985,0.24599626660346985,0.7734705209732056,0.12997207045555115,0.12186319380998611,0.16217756271362305,9.748806953430176,0.6650394201278687,5.406369084744009e-05
1151,0.0004695858806371689,0.0002331338619114831,0.004729040199890733,0.2842717617750168,0.028483490459620953,0.26819324493408203,0.44382837414741516,26.67938232421875,0.24600183963775635,0.24600183963775635,0.773479700088501,0.1299648880958557,0.12185550481081009,0.1621875911951065,9.749409675598145,0.6650072336196899,5.3902989438450625e-05
1152,0.0004694660019595176,0.00023308294476009905,0.004727660911157727,0.284188836812973,0.028466975316405296,0.26817020773887634,0.44375529885292053,26.67498779296875,0.24598243832588196,0.24598243832588196,0.7734668254852295,0.12998194992542267,0.12187303602695465,0.1621783971786499,9.748857498168945,0.6650692820549011,5.374551687562308e-05
1153,0.00046903871407266706,0.00023263695766218007,0.004728034837171435,0.28421132266521454,0.028449052944779396,0.26819002628326416,0.4437630772590637,26.675457000732422,0.24600188434123993,0.24600188434123993,0.7735123038291931,0.13000215590000153,0.12189234793186188,0.16219614446163177,9.749924659729004,0.6651626229286194,5.359127423825671e-05
1154,0.0004691154899774119,0.00023278852313524112,0.004726539133116603,0.28412140905857086,0.028461121954023838,0.2681961953639984,0.4438474178314209,26.680526733398438,0.24600382149219513,0.24600382149219513,0.7735294103622437,0.13001127541065216,0.12190128117799759,0.16220000386238098,9.750155448913574,0.6652075052261353,5.344026258351339e-05
1155,0.0004691111098509282,0.00023298851738218218,0.004722452023997903,0.2838757336139679,0.028461231850087643,0.2681657075881958,0.4437621235847473,26.675397872924805,0.24597761034965515,0.24597761034965515,0.7734700441360474,0.12995819747447968,0.12184863537549973,0.16219133138656616,9.7496337890625,0.6649458408355713,5.3292482946410026e-05
1156,0.0004685932653956115,0.0002324806628166698,0.004722252022475004,0.28386370837688446,0.02843423653393984,0.2681894302368164,0.44373759627342224,26.673925399780273,0.24600253999233246,0.24600253999233246,0.7735171318054199,0.12994767725467682,0.12183722853660583,0.16220910847187042,9.750702857971191,0.664890706539154,5.31479363398117e-05
1157,0.00046859410940669477,0.00023262360627995804,0.004719410324469209,0.283692866563797,0.02843599021434784,0.26818251609802246,0.4436986446380615,26.671585083007812,0.2459975779056549,0.2459975779056549,0.7735158205032349,0.12995409965515137,0.12184411287307739,0.16219983994960785,9.750146865844727,0.6649227142333984,5.3006623754424726e-05
1158,0.0004694605158874765,0.00023347066598944366,0.004719797056168318,0.2837161272764206,0.028483363799750805,0.268210232257843,0.4437653720378876,26.675596237182617,0.24602197110652924,0.24602197110652924,0.7735809087753296,0.1300017088651657,0.12189116328954697,0.1622108519077301,9.750807762145996,0.6651774644851685,5.2868546158789644e-05
1159,0.000468207843368873,0.0002322320724488236,0.004719514865428209,0.2836991548538208,0.02843646891415119,0.2681562006473541,0.4435974359512329,26.66550064086914,0.24597632884979248,0.24597632884979248,0.7734571695327759,0.1299401968717575,0.12183021008968353,0.16219967603683472,9.750136375427246,0.6649351716041565,5.2733704499274955e-05
1160,0.00046783892321400344,0.0002319661434739828,0.004717455594800413,0.2835753485560417,0.028405415825545788,0.26815542578697205,0.443556547164917,26.663042068481445,0.24597761034965515,0.24597761034965515,0.7734224200248718,0.12988653779029846,0.12177830934524536,0.16216441988945007,9.748017311096191,0.6646596193313599,5.260209970007019e-05
1161,0.00046789309999439865,0.00023216075715026818,0.004714646376669407,0.28340649604797363,0.028416549786925316,0.26816144585609436,0.4434911012649536,26.659107208251953,0.24598687887191772,0.24598687887191772,0.773422360420227,0.129887193441391,0.12177971750497818,0.162149578332901,9.747124671936035,0.664639949798584,5.2473732663179926e-05
1162,0.00046813359949737787,0.00023244702606461942,0.0047137311194092035,0.28335148096084595,0.028409847989678383,0.2682397961616516,0.44360044598579407,26.66568374633789,0.24605976045131683,0.24605976045131683,0.7735751867294312,0.12997005879878998,0.12186074256896973,0.1621864289045334,9.749341011047363,0.6649282574653625,5.234860426841754e-05
1163,0.0004676287935581058,0.00023195949324872345,0.004713386530056596,0.2833307832479477,0.02839445136487484,0.26821523904800415,0.4435044527053833,26.659912109375,0.2460400015115738,0.2460400015115738,0.7735757827758789,0.13000638782978058,0.12189865112304688,0.16215479373931885,9.747438430786133,0.6651080846786499,5.2226715373398944e-05
1164,0.0004677369142882526,0.0002320862258784473,0.004713013302534819,0.28330834209918976,0.028407628647983074,0.2682052552700043,0.4435008764266968,26.659696578979492,0.24603021144866943,0.24603021144866943,0.7735555768013,0.1300148069858551,0.12190840393304825,0.16212818026542664,9.74583911895752,0.665136456489563,5.2108066813537e-05
1165,0.00046701994142495096,0.0002315193705726415,0.004710011417046189,0.28312788903713226,0.028376711532473564,0.26820293068885803,0.44354116916656494,26.66211700439453,0.24602586030960083,0.24602586030960083,0.7735474705696106,0.13003331422805786,0.12192761152982712,0.1621139794588089,9.74498462677002,0.6652312874794006,5.199265940203566e-05
1166,0.0004671530768973753,0.00023177482944447547,0.004707564599812031,0.2829807996749878,0.028400489129126072,0.26818159222602844,0.44353097677230835,26.661502838134766,0.24600504338741302,0.24600504338741302,0.7735186815261841,0.1300199180841446,0.121917225420475,0.16205397248268127,9.741376876831055,0.6652273535728455,5.188049392988447e-05
1167,0.0004677197430282831,0.00023248117213370278,0.004704771330580115,0.2828129082918167,0.028431552462279797,0.2681710124015808,0.4434055984020233,26.653972625732422,0.2460007220506668,0.2460007220506668,0.7734827995300293,0.12997402250766754,0.1218714788556099,0.16205085813999176,9.741189956665039,0.6650022268295288,5.1771571165852905e-05
1168,0.0004668065521400422,0.00023160208365879953,0.004704089369624853,0.28277191519737244,0.028385289944708347,0.2681925296783447,0.4434393048286438,26.655994415283203,0.24602055549621582,0.24602055549621582,0.7735222578048706,0.1299992948770523,0.12189488112926483,0.16208817064762115,9.74343204498291,0.6650886535644531,5.1665891856485427e-05
1169,0.000466690311441198,0.00023145372688304633,0.0047047315165400505,0.2828105390071869,0.028369631618261337,0.2682086229324341,0.44338929653167725,26.65298843383789,0.24603915214538574,0.24603915214538574,0.7735796570777893,0.13001428544521332,0.12190911173820496,0.1621035933494568,9.744359016418457,0.6651699542999268,5.156345672609624e-05
1170,0.00046649662544950843,0.00023125865845941007,0.004704759223386645,0.2828121781349182,0.028355518355965614,0.26822659373283386,0.44337964057922363,26.65240478515625,0.24605759978294373,0.24605759978294373,0.7736169099807739,0.13002175092697144,0.12191589176654816,0.16211733222007751,9.745185852050781,0.6652017831802368,5.146426647676422e-05
1171,0.0004667620814871043,0.00023149960907176137,0.004705249797552824,0.28284168243408203,0.028366967104375362,0.2682514190673828,0.443468302488327,26.657737731933594,0.2460780143737793,0.2460780143737793,0.7736438512802124,0.13002324104309082,0.12191708385944366,0.1621231585741043,9.745535850524902,0.6652320623397827,5.1368321788328216e-05
1172,0.0004669399932026863,0.00023193564265966415,0.004700087010860443,0.2825313061475754,0.028387933038175106,0.26818183064460754,0.4433118999004364,26.64833641052246,0.2460162490606308,0.2460162490606308,0.7735013961791992,0.12991778552532196,0.12181465327739716,0.16206277906894684,9.74190616607666,0.6647787094116211,5.127562331838241e-05
1173,0.0004658717953134328,0.00023104339197743684,0.004696567775681615,0.2823197692632675,0.028348751366138458,0.268145352602005,0.4432481527328491,26.64450454711914,0.24598294496536255,0.24598294496536255,0.7734469175338745,0.12989160418510437,0.12178969383239746,0.16203831136226654,9.740436553955078,0.6646890640258789,5.118617170227173e-05
1174,0.00046580347407143563,0.00023107624292606488,0.004694544710218906,0.28219814598560333,0.028347683139145374,0.2681681513786316,0.44329434633255005,26.647279739379883,0.24600344896316528,0.24600344896316528,0.7734991908073425,0.12992097437381744,0.12181903421878815,0.1620386689901352,9.740457534790039,0.6648144721984863,5.109996755308749e-05
1175,0.0004658160323742777,0.00023107073502615094,0.0046949058305472136,0.28221985697746277,0.028359725140035152,0.26817983388900757,0.443316787481308,26.648630142211914,0.24601399898529053,0.24601399898529053,0.7735638618469238,0.12999513745307922,0.12189240008592606,0.16205473244190216,9.741423606872559,0.6651639938354492,5.101701146166335e-05
1176,0.0004654905351344496,0.00023076457000570372,0.004694519564509392,0.28219664096832275,0.02834740560501814,0.26819169521331787,0.4432625472545624,26.645368576049805,0.24602855741977692,0.24602855741977692,0.7735743522644043,0.12997746467590332,0.12187623977661133,0.16202446818351746,9.739603042602539,0.6650474071502686,5.093730399657101e-05
1177,0.0004651693598134443,0.00023055360361468047,0.004692315123975277,0.28206413239240646,0.02832517959177494,0.2681888937950134,0.44317108392715454,26.639869689941406,0.24603034555912018,0.24603034555912018,0.7735550999641418,0.12995852530002594,0.1218578964471817,0.1620124727487564,9.738883018493652,0.6649163961410522,5.086084570411652e-05
1178,0.00046495396236423403,0.00023043170222081244,0.004690445261076093,0.2819517105817795,0.02831601444631815,0.26818278431892395,0.44307029247283936,26.63381004333496,0.24602927267551422,0.24602927267551422,0.7735438346862793,0.12993739545345306,0.1218370646238327,0.16200654208660126,9.738526344299316,0.6647855043411255,5.0787637108336547e-05
1179,0.0004650497285183519,0.00023053748736856505,0.00469024502672255,0.28193968534469604,0.028320283629000187,0.26819711923599243,0.4430619180202484,26.63330841064453,0.24604400992393494,0.24604400992393494,0.7735620737075806,0.12994885444641113,0.12184806913137436,0.16201581060886383,9.73908519744873,0.6648330688476562,5.071767871099448e-05
1180,0.0004651935596484691,0.0002307014146936126,0.0046898426953703165,0.2819155156612396,0.0283268503844738,0.2681688666343689,0.44299226999282837,26.629119873046875,0.24601924419403076,0.24601924419403076,0.7735295295715332,0.1299716681241989,0.1218719482421875,0.16199453175067902,9.737804412841797,0.6649238467216492,5.0650970991577424e-05
1181,0.00046520555042661726,0.0002307649774593301,0.00468881125561893,0.2818535044789314,0.02833995223045349,0.2681930661201477,0.44309818744659424,26.63549041748047,0.24603815376758575,0.24603815376758575,0.7735996246337891,0.1300334930419922,0.12193459272384644,0.16197791695594788,9.73680591583252,0.6652497053146362,5.058751440729254e-05
1182,0.00046501640463247895,0.00023070009774528444,0.004686326254159212,0.2817041277885437,0.028325103223323822,0.2681460678577423,0.4430004060268402,26.62961196899414,0.24599605798721313,0.24599605798721313,0.7735193967819214,0.12999725341796875,0.12189999222755432,0.16194522380828857,9.734841346740723,0.6651154160499573,5.0527309393064295e-05
1183,0.0004644623550120741,0.00023026592680253088,0.004683928331360221,0.281559981405735,0.02829498890787363,0.2681610882282257,0.4429914653301239,26.629070281982422,0.24601152539253235,0.24601152539253235,0.7735239863395691,0.12998218834400177,0.12188404053449631,0.1619628518819809,9.73590087890625,0.6650283336639404,5.047035636153093e-05
1184,0.00046416022814810276,0.00022999231441644952,0.004683358129113913,0.28152571618556976,0.028282608836889267,0.2681461274623871,0.4428708553314209,26.621822357177734,0.24600258469581604,0.24600258469581604,0.7735019326210022,0.12994205951690674,0.12184546887874603,0.16193196177482605,9.734042167663574,0.6648688316345215,5.0416655703042264e-05
1185,0.00046472399844788015,0.00023071465693647042,0.004680186742916703,0.2813350558280945,0.028313186019659042,0.26813456416130066,0.44281062483787537,26.618202209472656,0.24599403142929077,0.24599403142929077,0.7734928131103516,0.1299392431974411,0.12184350192546844,0.16191492974758148,9.73301887512207,0.6648207902908325,5.036620778565662e-05
1186,0.0004638353711925447,0.00022983552480582148,0.004679997218772769,0.28132371604442596,0.02827924396842718,0.26819631457328796,0.4429454505443573,26.626306533813477,0.24604903161525726,0.24604903161525726,0.7736033201217651,0.13000093400478363,0.12190364301204681,0.16194573044776917,9.734871864318848,0.6650898456573486,5.031901295513829e-05
1187,0.0004640358965843916,0.0002300856722285971,0.004679004428908229,0.2812640070915222,0.028291359543800354,0.26823529601097107,0.4430369734764099,26.63180923461914,0.24608343839645386,0.24608343839645386,0.7736592292785645,0.13005061447620392,0.12195132672786713,0.16198566555976868,9.737271308898926,0.6652985215187073,5.027507153495538e-05
1188,0.0004636474041035399,0.00022959554189583287,0.004681037040427327,0.28138619661331177,0.02828050870448351,0.2681726813316345,0.44291573762893677,26.62451934814453,0.2460268884897232,0.2460268884897232,0.7735299468040466,0.1299990713596344,0.12190153449773788,0.16195066273212433,9.73516845703125,0.665104866027832,5.023438382627749e-05
1189,0.00046329312317539006,0.00022939185873838142,0.004678025143221021,0.2812051326036453,0.02825385332107544,0.26811733841896057,0.4428062438964844,26.617938995361328,0.2459770143032074,0.2459770143032074,0.7734203338623047,0.12992604076862335,0.12183091789484024,0.16190239787101746,9.732266426086426,0.664776086807251,5.019695010797366e-05
1190,0.0004631627816706896,0.00022947796242078766,0.004673696355894208,0.28094492852687836,0.028254840523004532,0.2681005597114563,0.44274333119392395,26.614158630371094,0.24596339464187622,0.24596339464187622,0.7734057903289795,0.12991444766521454,0.12182028591632843,0.16188335418701172,9.731122016906738,0.664732813835144,5.01627706366103e-05
1191,0.00046310797915793955,0.00022945275122765452,0.00467310450039804,0.28090934455394745,0.028251320123672485,0.26814088225364685,0.44271770119667053,26.61261749267578,0.24600499868392944,0.24600499868392944,0.773513913154602,0.12997493147850037,0.12187989801168442,0.16190053522586823,9.732154846191406,0.664970338344574,5.0131845646449734e-05
1192,0.00046277313958853483,0.00022906714002601802,0.004674119874835014,0.28097036480903625,0.028232362121343613,0.2682049572467804,0.4428235590457916,26.618980407714844,0.24606376886367798,0.24606376886367798,0.7736338376998901,0.13003221154212952,0.12193650007247925,0.16191430389881134,9.73298168182373,0.6651809215545654,5.010417534944839e-05
1193,0.00046381086576730013,0.0002300501728313975,0.0046752137131989,0.2810361385345459,0.02828555926680565,0.26824578642845154,0.44287291169166565,26.621946334838867,0.24610215425491333,0.24610215425491333,0.7737166285514832,0.13008809089660645,0.12199074029922485,0.16194714605808258,9.734955787658691,0.6653830409049988,5.0079759935255375e-05
1194,0.0004625122237484902,0.00022892917331773788,0.004671661416068673,0.28082258999347687,0.028233060613274574,0.2682161331176758,0.4427798092365265,26.616350173950195,0.24607713520526886,0.24607713520526886,0.7736421227455139,0.13001108169555664,0.12191647291183472,0.16189205646514893,9.731644630432129,0.6650492548942566,5.005859957121122e-05
1195,0.0004630506446119398,0.00022965468815527856,0.0046679191291332245,0.28059765696525574,0.028256502002477646,0.26814398169517517,0.4425945580005646,26.605213165283203,0.24601426720619202,0.24601426720619202,0.7735188007354736,0.12993046641349792,0.12183935940265656,0.16182225942611694,9.727448463439941,0.6647197008132935,5.0040694402346674e-05
1196,0.00046297573135234416,0.00022980180801823735,0.004663478350266814,0.28033071756362915,0.028263495303690434,0.26816636323928833,0.4426499307155609,26.608543395996094,0.24603387713432312,0.24603387713432312,0.7735760807991028,0.1299629658460617,0.12187231332063675,0.1618131697177887,9.726902961730957,0.6648943424224854,5.0026044551381734e-05
1197,0.0004620841355063021,0.00022888999956194311,0.004663883009925485,0.2803550064563751,0.02822729665786028,0.26816046237945557,0.44261372089385986,26.606369018554688,0.24602976441383362,0.24602976441383362,0.7735754251480103,0.12999387085437775,0.1219010204076767,0.16185691952705383,9.729532241821289,0.6650142669677734,5.001465011872491e-05
1198,0.0004620559047907591,0.00022877866285853088,0.004665544722229242,0.28045493364334106,0.02821545396000147,0.26815131306648254,0.44256553053855896,26.603469848632812,0.246023029088974,0.246023029088974,0.7735729217529297,0.13003823161125183,0.12194392830133438,0.16188594698905945,9.731276512145996,0.6651932001113892,5.0006511182472296e-05
1199,0.00046251640014816076,0.00022919872571947053,0.004666353343054652,0.2805035263299942,0.028218615800142288,0.26815417408943176,0.4424937069416046,26.599151611328125,0.24602949619293213,0.24602949619293213,0.7735721468925476,0.13001748919487,0.12192396819591522,0.161870539188385,9.730350494384766,0.665062427520752,5.000162779840723e-05
1200,0.00046167026448529214,0.00022852350230095908,0.00466293515637517,0.28029802441596985,0.028199555352330208,0.26820892095565796,0.4425976872444153,26.60540199279785,0.24607902765274048,0.24607902765274048,0.7736714482307434,0.130031019449234,0.12193942815065384,0.16183191537857056,9.72803020477295,0.6651260852813721,5e-05
