epoch,train_pde_mse,train_pde_mse_absolute,train_state_rel_l2,val_pde_mse,val_pde_mse_absolute,val_state_mse,val_state_rel_l2,lr
1,0.8412071168422699,0.8412071168422699,1.0291701555252075,0.2816559374332428,0.2816559374332428,0.29533398151397705,1.0885965824127197,0.0009999983722015927
2,0.8005699515342712,0.8005699515342712,1.0331341624259949,0.2694747745990753,0.2694747745990753,0.30243241786956787,1.112165093421936,0.0009999934888175275
3,0.7522014081478119,0.7522014081478119,1.0351468920707703,0.25747212767601013,0.25747212767601013,0.30919191241264343,1.136295199394226,0.0009999853498812749
4,0.7018557786941528,0.7018557786941528,1.0345815420150757,0.24811534583568573,0.24811534583568573,0.31531572341918945,1.1588902473449707,0.000999973955448618
5,0.6612645387649536,0.6612645387649536,1.0254744589328766,0.2417585253715515,0.2417585253715515,0.317320853471756,1.1698927879333496,0.000999959305597653
6,0.6231067776679993,0.6231067776679993,1.0139414966106415,0.2360907942056656,0.2360907942056656,0.3159417510032654,1.1694438457489014,0.0009999414004287885
7,0.5742529332637787,0.5742529332637787,0.9934778213500977,0.22712931036949158,0.22712931036949158,0.3055388331413269,1.144809365272522,0.0009999202400647444
8,0.5225477814674377,0.5225477814674377,0.9635684788227081,0.21415403485298157,0.21415403485298157,0.28817927837371826,1.099550485610962,0.0009998958246505512
9,0.4716338962316513,0.4716338962316513,0.924623966217041,0.20330217480659485,0.20330217480659485,0.26880472898483276,1.0446293354034424,0.0009998681543535498
10,0.4233487397432327,0.4233487397432327,0.8856614232063293,0.1963249146938324,0.1963249146938324,0.24737673997879028,0.9753319025039673,0.0009998372293633891
11,0.38020381331443787,0.38020381331443787,0.8382979035377502,0.1951606571674347,0.1951606571674347,0.23064889013767242,0.9053717255592346,0.000999803049892026
12,0.3480151444673538,0.3480151444673538,0.8128401339054108,0.19250060617923737,0.19250060617923737,0.22263754904270172,0.8522250652313232,0.000999765616173722
13,0.32218214869499207,0.32218214869499207,0.80140420794487,0.188599094748497,0.188599094748497,0.22113323211669922,0.8320324420928955,0.000999724928465044
14,0.29601894319057465,0.29601894319057465,0.7967787384986877,0.1898604780435562,0.1898604780435562,0.2178797423839569,0.8082391619682312,0.000999680987044861
15,0.2797170877456665,0.2797170877456665,0.783946692943573,0.19340883195400238,0.19340883195400238,0.2139139473438263,0.7837967276573181,0.0009996337922143427
16,0.27509789913892746,0.27509789913892746,0.7838350236415863,0.19730277359485626,0.19730277359485626,0.21213261783123016,0.7982584834098816,0.000999583344296957
17,0.26216329634189606,0.26216329634189606,0.7709671258926392,0.20380714535713196,0.20380714535713196,0.21458716690540314,0.853707492351532,0.0009995296436384681
18,0.2543623447418213,0.2543623447418213,0.7697992920875549,0.20123516023159027,0.20123516023159027,0.21341794729232788,0.8743667602539062,0.0009994726906069349
19,0.24844561517238617,0.24844561517238617,0.7623476386070251,0.1876843273639679,0.1876843273639679,0.2061159312725067,0.8572807312011719,0.0009994124855927063
20,0.24168061465024948,0.24168061465024948,0.7550013959407806,0.18121889233589172,0.18121889233589172,0.20135681331157684,0.8490033149719238,0.0009993490290084214
21,0.2346031293272972,0.2346031293272972,0.7537875473499298,0.17695532739162445,0.17695532739162445,0.19835969805717468,0.844831645488739,0.0009992823212890045
22,0.2290119081735611,0.2290119081735611,0.7541749179363251,0.17069916427135468,0.17069916427135468,0.19328004121780396,0.8252969980239868,0.0009992123628916624
23,0.22772037982940674,0.22772037982940674,0.7534292936325073,0.1681516468524933,0.1681516468524933,0.18999537825584412,0.8169597387313843,0.0009991391542958825
24,0.22186187654733658,0.22186187654733658,0.752397209405899,0.15703588724136353,0.15703588724136353,0.18482181429862976,0.8019854426383972,0.000999062696003428
25,0.2198037952184677,0.2198037952184677,0.7592402994632721,0.15689580142498016,0.15689580142498016,0.18419405817985535,0.8141555786132812,0.0009989829885383356
26,0.21659154444932938,0.21659154444932938,0.7655208110809326,0.1573248952627182,0.1573248952627182,0.183854341506958,0.8252543807029724,0.0009989000324469113
27,0.21356898546218872,0.21356898546218872,0.7642998397350311,0.16158030927181244,0.16158030927181244,0.18451792001724243,0.8351205587387085,0.000998813828297727
28,0.2144267037510872,0.2144267037510872,0.7683435380458832,0.17247401177883148,0.17247401177883148,0.18964053690433502,0.8668416738510132,0.0009987243766816161
29,0.2096247747540474,0.2096247747540474,0.7683060467243195,0.16113364696502686,0.16113364696502686,0.1829160451889038,0.8378577828407288,0.0009986316782116702
30,0.20511413365602493,0.20511413365602493,0.7649741470813751,0.15925198793411255,0.15925198793411255,0.18110963702201843,0.8303009867668152,0.0009985357335232344
31,0.20495187491178513,0.20495187491178513,0.7642093300819397,0.16024081408977509,0.16024081408977509,0.17969657480716705,0.8193050026893616,0.0009984365432739021
32,0.20056439191102982,0.20056439191102982,0.754029393196106,0.16817662119865417,0.16817662119865417,0.1821487843990326,0.8329294919967651,0.0009983341081435128
33,0.20386385917663574,0.20386385917663574,0.7557180225849152,0.1744130551815033,0.1744130551815033,0.18472744524478912,0.848031222820282,0.0009982284288341454
34,0.1995566412806511,0.1995566412806511,0.7563331723213196,0.16081607341766357,0.16081607341766357,0.17772206664085388,0.8212651014328003,0.0009981195060701138
35,0.19449664652347565,0.19449664652347565,0.7492057085037231,0.15473535656929016,0.15473535656929016,0.17488238215446472,0.8001184463500977,0.0009980073405979624
36,0.20034798234701157,0.20034798234701157,0.7432986497879028,0.16114455461502075,0.16114455461502075,0.17657332122325897,0.8098393678665161,0.000997891933186461
37,0.19368325918912888,0.19368325918912888,0.7393912076950073,0.1744786649942398,0.1744786649942398,0.1829107403755188,0.8432079553604126,0.000997773284626599
38,0.1918475106358528,0.1918475106358528,0.7467610836029053,0.17130112648010254,0.17130112648010254,0.18102461099624634,0.8342533111572266,0.0009976513957315803
39,0.1904737874865532,0.1904737874865532,0.740712583065033,0.16200311481952667,0.16200311481952667,0.17589351534843445,0.8067137002944946,0.0009975262673368177
40,0.18614929914474487,0.18614929914474487,0.7313164472579956,0.166826993227005,0.166826993227005,0.17733187973499298,0.8147392868995667,0.0009973979002999274
41,0.18398723006248474,0.18398723006248474,0.7275677025318146,0.17051367461681366,0.17051367461681366,0.17820829153060913,0.8229200839996338,0.0009972662955007225
42,0.18310955166816711,0.18310955166816711,0.728396862745285,0.16647304594516754,0.16647304594516754,0.1761886477470398,0.8144903182983398,0.000997131453841208
43,0.1804516687989235,0.1804516687989235,0.7236624956130981,0.16188940405845642,0.16188940405845642,0.17389892041683197,0.7979825139045715,0.0009969933762455727
44,0.17997675389051437,0.17997675389051437,0.7184907793998718,0.17129719257354736,0.17129719257354736,0.17736059427261353,0.8154531717300415,0.0009968520636601855
45,0.177378848195076,0.177378848195076,0.7182344198226929,0.16426652669906616,0.16426652669906616,0.1744617223739624,0.8042783737182617,0.0009967075170535873
46,0.17419850081205368,0.17419850081205368,0.7128342986106873,0.16381718218326569,0.16381718218326569,0.17472229897975922,0.8065648674964905,0.000996559737416484
47,0.17241808772087097,0.17241808772087097,0.7083457112312317,0.16772855818271637,0.16772855818271637,0.1760161966085434,0.8101405501365662,0.0009964087257617405
48,0.17099088430404663,0.17099088430404663,0.7039254307746887,0.1712993085384369,0.1712993085384369,0.1778922975063324,0.8188285827636719,0.0009962544831243743
49,0.16803594306111336,0.16803594306111336,0.7025103271007538,0.16383524239063263,0.16383524239063263,0.17432260513305664,0.8017605543136597,0.0009960970105615467
50,0.1668906956911087,0.1668906956911087,0.6977793574333191,0.1637733280658722,0.1637733280658722,0.1732056736946106,0.7956509590148926,0.0009959363091525573
51,0.1638515517115593,0.1638515517115593,0.6887953579425812,0.1704004853963852,0.1704004853963852,0.17472924292087555,0.8027216196060181,0.0009957723799988354
52,0.16182689368724823,0.16182689368724823,0.6819263398647308,0.16759510338306427,0.16759510338306427,0.17309501767158508,0.7951511740684509,0.000995605224223933
53,0.15974723547697067,0.15974723547697067,0.6776860058307648,0.16619794070720673,0.16619794070720673,0.17326036095619202,0.7945324182510376,0.0009954348429735173
54,0.15724735334515572,0.15724735334515572,0.6753841638565063,0.16822421550750732,0.16822421550750732,0.17392268776893616,0.7945491075515747,0.000995261237415362
55,0.15569008886814117,0.15569008886814117,0.67109015583992,0.1674397736787796,0.1674397736787796,0.17306169867515564,0.7858917713165283,0.0009950844087393406
56,0.1559387370944023,0.1559387370944023,0.6648256480693817,0.1638263761997223,0.1638263761997223,0.17087334394454956,0.7731963396072388,0.0009949043581574167
57,0.15260911732912064,0.15260911732912064,0.6595148742198944,0.17211246490478516,0.17211246490478516,0.17422440648078918,0.7890896797180176,0.000994721086903637
58,0.15204346179962158,0.15204346179962158,0.6602211594581604,0.1689186543226242,0.1689186543226242,0.17247676849365234,0.7770994305610657,0.0009945345962341218
59,0.15099836140871048,0.15099836140871048,0.6526995599269867,0.16637563705444336,0.16637563705444336,0.17219844460487366,0.7700127363204956,0.0009943448874270577
60,0.14951635152101517,0.14951635152101517,0.6454291641712189,0.16924986243247986,0.16924986243247986,0.17344997823238373,0.7722909450531006,0.0009941519617826875
61,0.14875414967536926,0.14875414967536926,0.6483539640903473,0.16904358565807343,0.16904358565807343,0.17437852919101715,0.7728894948959351,0.0009939558206233019
62,0.14671896398067474,0.14671896398067474,0.6479797661304474,0.16294613480567932,0.16294613480567932,0.17289850115776062,0.7678635120391846,0.0009937564652932305
63,0.14695346355438232,0.14695346355438232,0.6462303102016449,0.16687871515750885,0.16687871515750885,0.1743602156639099,0.7753176093101501,0.0009935538971588324
64,0.14469563215970993,0.14469563215970993,0.6458914577960968,0.17373645305633545,0.17373645305633545,0.17726048827171326,0.7845522165298462,0.0009933481176084868
65,0.14432614296674728,0.14432614296674728,0.6452812254428864,0.16712014377117157,0.16712014377117157,0.17514565587043762,0.7683270573616028,0.0009931391280525838
66,0.1413835659623146,0.1413835659623146,0.6404457092285156,0.1669359654188156,0.1669359654188156,0.17502734065055847,0.771416425704956,0.0009929269299235144
67,0.14140118658542633,0.14140118658542633,0.6456265449523926,0.1686042696237564,0.1686042696237564,0.17551009356975555,0.7728065252304077,0.0009927115246756608
68,0.14506728947162628,0.14506728947162628,0.6454618871212006,0.16057179868221283,0.16057179868221283,0.17270149290561676,0.7475859522819519,0.0009924929137853865
69,0.13864488527178764,0.13864488527178764,0.6360314190387726,0.1726631224155426,0.1726631224155426,0.17804807424545288,0.7688584923744202,0.0009922710987510263
70,0.150164183229208,0.150164183229208,0.6471348404884338,0.18269672989845276,0.18269672989845276,0.18414032459259033,0.7915719747543335,0.0009920460810928752
71,0.14524151757359505,0.14524151757359505,0.6416090428829193,0.15875251591205597,0.15875251591205597,0.17549842596054077,0.7518463134765625,0.000991817862353179
72,0.1401790790259838,0.1401790790259838,0.6336607038974762,0.15636000037193298,0.15636000037193298,0.1751680225133896,0.7473227977752686,0.0009915864440961236
73,0.14110041037201881,0.14110041037201881,0.6375775635242462,0.16972056031227112,0.16972056031227112,0.179135262966156,0.7711547017097473,0.0009913518279078238
74,0.13661286607384682,0.13661286607384682,0.6365240216255188,0.17121104896068573,0.17121104896068573,0.17914053797721863,0.7680200934410095,0.0009911140153963127
75,0.13642100989818573,0.13642100989818573,0.6314647495746613,0.15752391517162323,0.15752391517162323,0.1761280596256256,0.7472712993621826,0.0009908730081915308
76,0.13509779796004295,0.13509779796004295,0.6322287917137146,0.16524448990821838,0.16524448990821838,0.17888063192367554,0.7629687786102295,0.000990628807945314
77,0.13194841146469116,0.13194841146469116,0.631729245185852,0.16566354036331177,0.16566354036331177,0.1786988377571106,0.7632736563682556,0.000990381416331384
78,0.13132915645837784,0.13132915645837784,0.6324800252914429,0.1630733758211136,0.1630733758211136,0.1775771826505661,0.75636887550354,0.0009901308350453348
79,0.13058151304721832,0.13058151304721832,0.6279735863208771,0.16352204978466034,0.16352204978466034,0.17735886573791504,0.7542687654495239,0.0009898770658046227
80,0.13035337254405022,0.13035337254405022,0.6298567354679108,0.16769173741340637,0.16769173741340637,0.178407683968544,0.7623195648193359,0.0009896201103485537
81,0.12984338402748108,0.12984338402748108,0.6319898664951324,0.16271257400512695,0.16271257400512695,0.17756521701812744,0.7521588206291199,0.0009893599704382716
82,0.1290333792567253,0.1290333792567253,0.628289520740509,0.17006956040859222,0.17006956040859222,0.17983925342559814,0.7641969919204712,0.0009890966478567462
83,0.12992939352989197,0.12992939352989197,0.6298336386680603,0.16369880735874176,0.16369880735874176,0.1784086525440216,0.7545880079269409,0.000988830144408761
84,0.12430887669324875,0.12430887669324875,0.6268981695175171,0.16746163368225098,0.16746163368225098,0.1804477423429489,0.7615915536880493,0.0009885604619209007
85,0.12849945947527885,0.12849945947527885,0.633301705121994,0.16990752518177032,0.16990752518177032,0.1822119951248169,0.7704675793647766,0.0009882876022415392
86,0.12581460177898407,0.12581460177898407,0.6334660649299622,0.16061240434646606,0.16061240434646606,0.17938566207885742,0.7524840831756592,0.0009880115672408262
87,0.12492746859788895,0.12492746859788895,0.6237030029296875,0.16922339797019958,0.16922339797019958,0.18210241198539734,0.7611302137374878,0.0009877323588106742
88,0.123624999076128,0.123624999076128,0.6243354380130768,0.16245144605636597,0.16245144605636597,0.18137617409229279,0.7537736892700195,0.0009874499788647467
89,0.12203026190400124,0.12203026190400124,0.6234263181686401,0.16947437822818756,0.16947437822818756,0.18438570201396942,0.7647953033447266,0.0009871644293384444
90,0.12239836528897285,0.12239836528897285,0.6262451708316803,0.16514328122138977,0.16514328122138977,0.18374115228652954,0.7591526508331299,0.0009868757121888917
91,0.1193317249417305,0.1193317249417305,0.6181352138519287,0.16003187000751495,0.16003187000751495,0.1830483376979828,0.7533853054046631,0.0009865838293949237
92,0.12211563438177109,0.12211563438177109,0.6177588701248169,0.1666836440563202,0.1666836440563202,0.18511903285980225,0.7566519379615784,0.0009862887829570723
93,0.12003219872713089,0.12003219872713089,0.6195836365222931,0.17246787250041962,0.17246787250041962,0.1877712607383728,0.7687082886695862,0.000985990574897553
94,0.12040507793426514,0.12040507793426514,0.6215960085391998,0.156966432929039,0.156966432929039,0.18461032211780548,0.7549102306365967,0.00098568920726025
95,0.11825656518340111,0.11825656518340111,0.6182616949081421,0.16314032673835754,0.16314032673835754,0.18646255135536194,0.7612956762313843,0.0009853846821107036
96,0.11523827910423279,0.11523827910423279,0.6182757019996643,0.16826076805591583,0.16826076805591583,0.18736165761947632,0.7662652730941772,0.000985077001536095
97,0.11641666665673256,0.11641666665673256,0.6177215278148651,0.15948782861232758,0.15948782861232758,0.18622034788131714,0.759000301361084,0.0009847661676452323
98,0.11432945728302002,0.11432945728302002,0.6150963455438614,0.16349564492702484,0.16349564492702484,0.18786785006523132,0.7645420432090759,0.0009844521825685365
99,0.111833356320858,0.111833356320858,0.6151649355888367,0.1661904752254486,0.1661904752254486,0.188950315117836,0.7672539949417114,0.000984135048458026
100,0.11206340417265892,0.11206340417265892,0.6125845015048981,0.1638375073671341,0.1638375073671341,0.1887165606021881,0.762231171131134,0.0009838147674873024
101,0.10986097157001495,0.10986097157001495,0.6129493713378906,0.16957207024097443,0.16957207024097443,0.19136586785316467,0.7704057693481445,0.0009834913418515358
102,0.11101594939827919,0.11101594939827919,0.613946408033371,0.16217176616191864,0.16217176616191864,0.19104424118995667,0.7647464275360107,0.000983164773767449
103,0.10874789580702782,0.10874789580702782,0.6099138855934143,0.15893615782260895,0.15893615782260895,0.1908656358718872,0.7631548047065735,0.0009828350654733033
104,0.10659904405474663,0.10659904405474663,0.6076919734477997,0.16282811760902405,0.16282811760902405,0.19177758693695068,0.7667748332023621,0.0009825022192288823
105,0.10826559737324715,0.10826559737324715,0.6092378050088882,0.1594477742910385,0.1594477742910385,0.19359835982322693,0.7682622671127319,0.000982166237315477
106,0.10585547611117363,0.10585547611117363,0.6110676527023315,0.1637868583202362,0.1637868583202362,0.1953379511833191,0.7751259803771973,0.00098182712203587
107,0.10405410453677177,0.10405410453677177,0.6096916794776917,0.15924789011478424,0.15924789011478424,0.19400958716869354,0.7713090777397156,0.000981484875714319
108,0.10891341790556908,0.10891341790556908,0.6107609272003174,0.15821050107479095,0.15821050107479095,0.19453877210617065,0.7713897228240967,0.0009811395006965424
109,0.10437433049082756,0.10437433049082756,0.6091797351837158,0.166775643825531,0.166775643825531,0.19907386600971222,0.7831832766532898,0.0009807909993497016
110,0.10628798231482506,0.10628798231482506,0.6101569533348083,0.16074617207050323,0.16074617207050323,0.19727858901023865,0.7772375345230103,0.000980439374062386
111,0.10433408617973328,0.10433408617973328,0.6091956496238708,0.16137585043907166,0.16137585043907166,0.19647406041622162,0.7741638422012329,0.0009800846272445959
112,0.10205728560686111,0.10205728560686111,0.6106332540512085,0.16696250438690186,0.16696250438690186,0.19721528887748718,0.778337836265564,0.0009797267613277261
113,0.1033778227865696,0.1033778227865696,0.6132040619850159,0.16418252885341644,0.16418252885341644,0.19893911480903625,0.7811077833175659,0.0009793657787645499
114,0.09990156814455986,0.09990156814455986,0.6092706322669983,0.16130785644054413,0.16130785644054413,0.19886161386966705,0.7813159227371216,0.0009790016820292009
115,0.10130898281931877,0.10130898281931877,0.6081236898899078,0.16541291773319244,0.16541291773319244,0.1984155774116516,0.7825965881347656,0.0009786344736171578
116,0.09935890510678291,0.09935890510678291,0.6096650063991547,0.16697773337364197,0.16697773337364197,0.19826093316078186,0.783172607421875,0.0009782641560452255
117,0.10073190182447433,0.10073190182447433,0.6137528419494629,0.15693223476409912,0.15693223476409912,0.19848498702049255,0.7809749841690063,0.0009778907318515194
118,0.09816209226846695,0.09816209226846695,0.6130078136920929,0.16153272986412048,0.16153272986412048,0.2002708613872528,0.784413754940033,0.0009775142035954472
119,0.10163899883627892,0.10163899883627892,0.6128636598587036,0.16130909323692322,0.16130909323692322,0.2019832730293274,0.7885157465934753,0.0009771345738576913
120,0.09731430187821388,0.09731430187821388,0.6109733283519745,0.15514296293258667,0.15514296293258667,0.20091229677200317,0.7859762907028198,0.0009767518452401915
121,0.1012253686785698,0.1012253686785698,0.6110517084598541,0.16274267435073853,0.16274267435073853,0.2018703818321228,0.7933696508407593,0.0009763660203661267
122,0.09916295856237411,0.09916295856237411,0.6108859181404114,0.16870729625225067,0.16870729625225067,0.2024904489517212,0.79477459192276,0.0009759771018798979
123,0.09653359279036522,0.09653359279036522,0.6117957532405853,0.15390275418758392,0.15390275418758392,0.20099499821662903,0.7873745560646057,0.0009755850924471081
124,0.10213872790336609,0.10213872790336609,0.6204237341880798,0.1524621695280075,0.1524621695280075,0.20191997289657593,0.7880813479423523,0.0009751899947545466
125,0.09867414087057114,0.09867414087057114,0.6176385879516602,0.1630057692527771,0.1630057692527771,0.2026616781949997,0.7923367619514465,0.0009747918115101687
126,0.09317514300346375,0.09317514300346375,0.6108741164207458,0.1588546186685562,0.1588546186685562,0.20328836143016815,0.7917430400848389,0.0009743905454430774
127,0.09176957234740257,0.09176957234740257,0.6095510721206665,0.15808430314064026,0.15808430314064026,0.20488446950912476,0.7938339710235596,0.0009739861993035058
128,0.09177612513303757,0.09177612513303757,0.6134950220584869,0.1627645641565323,0.1627645641565323,0.2026563584804535,0.7938791513442993,0.0009735787758627971
129,0.09151553362607956,0.09151553362607956,0.6081206202507019,0.16160760819911957,0.16160760819911957,0.20245841145515442,0.7942979335784912,0.0009731682779133855
130,0.09024761617183685,0.09024761617183685,0.606095016002655,0.1532711684703827,0.1532711684703827,0.20328018069267273,0.7933566570281982,0.0009727547082687784
131,0.0893789753317833,0.0893789753317833,0.607984870672226,0.1581275314092636,0.1581275314092636,0.20325250923633575,0.7957479953765869,0.0009723380697635356
132,0.0901443250477314,0.0901443250477314,0.6103918552398682,0.15478762984275818,0.15478762984275818,0.2034471333026886,0.79595547914505,0.0009719183652532508
133,0.0910034030675888,0.0910034030675888,0.6132329106330872,0.16148531436920166,0.16148531436920166,0.20693722367286682,0.8035638332366943,0.0009714955976145317
134,0.09113027155399323,0.09113027155399323,0.6076526641845703,0.15896056592464447,0.15896056592464447,0.2048315405845642,0.7997201681137085,0.0009710697697449805
135,0.09069821238517761,0.09069821238517761,0.6097306609153748,0.1634015142917633,0.1634015142917633,0.20512601733207703,0.8017404079437256,0.0009706408845631738
136,0.08897765725851059,0.08897765725851059,0.6101701557636261,0.15574568510055542,0.15574568510055542,0.20565542578697205,0.8013004064559937,0.0009702089450086423
137,0.08766570687294006,0.08766570687294006,0.6131757497787476,0.1557815670967102,0.1557815670967102,0.20521968603134155,0.8016743063926697,0.0009697739540418514
138,0.08838531002402306,0.08838531002402306,0.6108304858207703,0.16196563839912415,0.16196563839912415,0.20406752824783325,0.8014038801193237,0.0009693359146441808
139,0.08745100349187851,0.08745100349187851,0.606882631778717,0.1567710041999817,0.1567710041999817,0.20435960590839386,0.8006930351257324,0.0009688948298179032
140,0.08797786012291908,0.08797786012291908,0.6100407242774963,0.1539907157421112,0.1539907157421112,0.2047187089920044,0.8013789653778076,0.0009684507025861646
141,0.08864527195692062,0.08864527195692062,0.6132875680923462,0.16257500648498535,0.16257500648498535,0.20500977337360382,0.8068121075630188,0.0009680035359929635
142,0.08697353303432465,0.08697353303432465,0.6104315519332886,0.16377504169940948,0.16377504169940948,0.2053939700126648,0.8043434023857117,0.0009675533331031295
143,0.08672135323286057,0.08672135323286057,0.6043331325054169,0.1526213437318802,0.1526213437318802,0.20550957322120667,0.8031921982765198,0.0009671000970023028
144,0.08660116419196129,0.08660116419196129,0.6119175553321838,0.15744102001190186,0.15744102001190186,0.20639780163764954,0.8054604530334473,0.000966643830796913
145,0.08386904001235962,0.08386904001235962,0.6101436913013458,0.15965574979782104,0.15965574979782104,0.2074451744556427,0.8079172372817993,0.0009661845376141577
146,0.08386187255382538,0.08386187255382538,0.6113992929458618,0.15757371485233307,0.15757371485233307,0.207647442817688,0.8086049556732178,0.0009657222206019806
147,0.08184454590082169,0.08184454590082169,0.6080338358879089,0.15697111189365387,0.15697111189365387,0.2086792290210724,0.8114097118377686,0.000965256882929051
148,0.08112093806266785,0.08112093806266785,0.6108187735080719,0.1546274572610855,0.1546274572610855,0.20977139472961426,0.8121603727340698,0.0009647885277847412
149,0.08024831116199493,0.08024831116199493,0.6122123301029205,0.1607726514339447,0.1607726514339447,0.20960313081741333,0.8140705823898315,0.0009643171583791048
150,0.08158165216445923,0.08158165216445923,0.6068723499774933,0.16019801795482635,0.16019801795482635,0.20968303084373474,0.8156984448432922,0.0009638427779428549
151,0.07949439436197281,0.07949439436197281,0.60829296708107,0.15458914637565613,0.15458914637565613,0.21023650467395782,0.8141378164291382,0.000963365389727342
152,0.08193065226078033,0.08193065226078033,0.6114408373832703,0.1603202521800995,0.1603202521800995,0.21111249923706055,0.8170720338821411,0.0009628849970045315
153,0.0833989717066288,0.0833989717066288,0.6107907295227051,0.16295357048511505,0.16295357048511505,0.2110668420791626,0.8185795545578003,0.0009624016030669813
154,0.08101512491703033,0.08101512491703033,0.6096485257148743,0.15307952463626862,0.15307952463626862,0.21162401139736176,0.8188467025756836,0.0009619152112278192
155,0.07944026961922646,0.07944026961922646,0.6131820380687714,0.1598103642463684,0.1598103642463684,0.21134084463119507,0.8196194171905518,0.0009614258248207205
156,0.08068607375025749,0.08068607375025749,0.6129225790500641,0.1543862372636795,0.1543862372636795,0.2100851833820343,0.8169137239456177,0.0009609334471998847
157,0.07843529060482979,0.07843529060482979,0.6135768294334412,0.15700970590114594,0.15700970590114594,0.2091292142868042,0.8183273673057556,0.0009604380817400133
158,0.07931766659021378,0.07931766659021378,0.6107072532176971,0.15262262523174286,0.15262262523174286,0.2115679681301117,0.8220345973968506,0.0009599397318362853
159,0.07802116125822067,0.07802116125822067,0.613399088382721,0.15315473079681396,0.15315473079681396,0.21259982883930206,0.8244452476501465,0.0009594384009043353
160,0.07691597566008568,0.07691597566008568,0.611102432012558,0.15685714781284332,0.15685714781284332,0.2122519314289093,0.825756311416626,0.0009589340923802293
161,0.07738671079277992,0.07738671079277992,0.6122529208660126,0.15482906997203827,0.15482906997203827,0.21311190724372864,0.8266818523406982,0.0009584268097204415
162,0.07583323121070862,0.07583323121070862,0.6132831871509552,0.15443755686283112,0.15443755686283112,0.21449264883995056,0.830695390701294,0.0009579165564018304
163,0.0759279802441597,0.0759279802441597,0.6114472448825836,0.15299871563911438,0.15299871563911438,0.21450874209403992,0.8307639360427856,0.0009574033359216153
164,0.07905335165560246,0.07905335165560246,0.6145427525043488,0.15678144991397858,0.15678144991397858,0.21425598859786987,0.8322081565856934,0.0009568871517973516
165,0.07502280548214912,0.07502280548214912,0.6120036244392395,0.15920290350914001,0.15920290350914001,0.2137572020292282,0.8322961330413818,0.0009563680075669077
166,0.07571351528167725,0.07571351528167725,0.6125738024711609,0.15061937272548676,0.15061937272548676,0.21463331580162048,0.8311259150505066,0.0009558459067884399
167,0.07590070739388466,0.07590070739388466,0.6171169281005859,0.15385335683822632,0.15385335683822632,0.21410125494003296,0.8315646648406982,0.0009553208530403685
168,0.07582451403141022,0.07582451403141022,0.6125089526176453,0.15738898515701294,0.15738898515701294,0.2140776813030243,0.8321949243545532,0.0009547928499213533
169,0.07306869328022003,0.07306869328022003,0.6100763380527496,0.15230898559093475,0.15230898559093475,0.21588744223117828,0.8341742157936096,0.0009542619010502682
170,0.07275969535112381,0.07275969535112381,0.6146337389945984,0.1534469723701477,0.1534469723701477,0.216520756483078,0.8366900682449341,0.0009537280100661779
171,0.07323049008846283,0.07323049008846283,0.6162435710430145,0.1543828547000885,0.1543828547000885,0.21662995219230652,0.8365609049797058,0.0009531911806283107
172,0.07185989990830421,0.07185989990830421,0.6160202026367188,0.15385988354682922,0.15385988354682922,0.21684259176254272,0.8365761637687683,0.0009526514164160361
173,0.07100317999720573,0.07100317999720573,0.6148730516433716,0.15852989256381989,0.15852989256381989,0.21667693555355072,0.8379710912704468,0.000952108721128837
174,0.07207576185464859,0.07207576185464859,0.6127442717552185,0.15492647886276245,0.15492647886276245,0.21820303797721863,0.8405900597572327,0.0009515630984862864
175,0.07013149745762348,0.07013149745762348,0.6186747848987579,0.15250371396541595,0.15250371396541595,0.21787406504154205,0.8405568599700928,0.0009510145522280209
176,0.06874765455722809,0.06874765455722809,0.6142647862434387,0.15911757946014404,0.15911757946014404,0.2164520025253296,0.8391672372817993,0.0009504630861137151
177,0.0713721476495266,0.0713721476495266,0.6126118898391724,0.15313394367694855,0.15313394367694855,0.21584022045135498,0.8370575904846191,0.0009499087039230559
178,0.07088620588183403,0.07088620588183403,0.6165148019790649,0.15543988347053528,0.15543988347053528,0.2144395112991333,0.8347506523132324,0.0009493514094557168
179,0.06963034719228745,0.06963034719228745,0.6126904785633087,0.15326999127864838,0.15326999127864838,0.21508626639842987,0.8352986574172974,0.0009487912065313317
180,0.06754922494292259,0.06754922494292259,0.6128096282482147,0.15534386038780212,0.15534386038780212,0.21642367541790009,0.8384749889373779,0.0009482280989894687
181,0.06742418743669987,0.06742418743669987,0.6128515601158142,0.15847322344779968,0.15847322344779968,0.21681547164916992,0.840951681137085,0.0009476620906896039
182,0.0680631771683693,0.0680631771683693,0.6133632361888885,0.15269245207309723,0.15269245207309723,0.21687498688697815,0.8402963876724243,0.0009470931855110946
183,0.06722700037062168,0.06722700037062168,0.6161534190177917,0.15752357244491577,0.15752357244491577,0.21644601225852966,0.8399335741996765,0.0009465213873531535
184,0.0697023756802082,0.0697023756802082,0.6125442385673523,0.15706878900527954,0.15706878900527954,0.21707399189472198,0.840592622756958,0.0009459467001348209
185,0.06683830358088017,0.06683830358088017,0.6113198697566986,0.1508765071630478,0.1508765071630478,0.2174842655658722,0.8399902582168579,0.0009453691277949389
186,0.06853468157351017,0.06853468157351017,0.6166397035121918,0.15278631448745728,0.15278631448745728,0.2169475555419922,0.8392931222915649,0.0009447886742921233
187,0.06895525008440018,0.06895525008440018,0.6123149693012238,0.15743373334407806,0.15743373334407806,0.2169775664806366,0.8404563665390015,0.0009442053436047377
188,0.06846266612410545,0.06846266612410545,0.6134646832942963,0.1509445309638977,0.1509445309638977,0.21889536082744598,0.8439902067184448,0.0009436191397308651
189,0.06948146224021912,0.06948146224021912,0.617014467716217,0.157321035861969,0.157321035861969,0.21778956055641174,0.8423775434494019,0.0009430300666882817
190,0.07293784990906715,0.07293784990906715,0.6108653843402863,0.15797047317028046,0.15797047317028046,0.21622028946876526,0.8409850001335144,0.0009424381285144275
191,0.07027592882514,0.07027592882514,0.6134283542633057,0.15279297530651093,0.15279297530651093,0.21933582425117493,0.8463433384895325,0.0009418433292663809
192,0.06806989572942257,0.06806989572942257,0.6191167235374451,0.15694285929203033,0.15694285929203033,0.2181493043899536,0.844019889831543,0.0009412456730208292
193,0.06718515232205391,0.06718515232205391,0.6143606305122375,0.1549873799085617,0.1549873799085617,0.21774958074092865,0.842936635017395,0.0009406451638740416
194,0.0648250263184309,0.0648250263184309,0.6131088733673096,0.15398171544075012,0.15398171544075012,0.2174108624458313,0.8420978784561157,0.0009400418059418403
195,0.06561536341905594,0.06561536341905594,0.6137401163578033,0.15476615726947784,0.15476615726947784,0.21761992573738098,0.8422033190727234,0.0009394356033595729
196,0.0673378836363554,0.0673378836363554,0.6122646927833557,0.15334759652614594,0.15334759652614594,0.2186656892299652,0.8429396152496338,0.0009388265602820842
197,0.0675804503262043,0.0675804503262043,0.6130312979221344,0.1513746827840805,0.1513746827840805,0.21739572286605835,0.8424420952796936,0.0009382146808836873
198,0.06648366525769234,0.06648366525769234,0.6128912568092346,0.15494541823863983,0.15494541823863983,0.21659380197525024,0.8427530527114868,0.0009375999693581351
199,0.06586559675633907,0.06586559675633907,0.616865336894989,0.15213000774383545,0.15213000774383545,0.21969109773635864,0.8483010530471802,0.0009369824299185914
200,0.0661548562347889,0.0661548562347889,0.6183992028236389,0.15601509809494019,0.15601509809494019,0.2190742939710617,0.8486044406890869,0.0009363620667976027
201,0.06563236378133297,0.06563236378133297,0.6132371425628662,0.15806551277637482,0.15806551277637482,0.2196464091539383,0.8487908244132996,0.000935738884247068
202,0.0652036964893341,0.0652036964893341,0.6104920506477356,0.15830570459365845,0.15830570459365845,0.21967488527297974,0.84781414270401,0.0009351128865382109
203,0.06632303260266781,0.06632303260266781,0.6112420558929443,0.15809981524944305,0.15809981524944305,0.22075814008712769,0.8514089584350586,0.0009344840779615496
204,0.06650041230022907,0.06650041230022907,0.6177906394004822,0.15601441264152527,0.15601441264152527,0.2233700156211853,0.8554874658584595,0.0009338524628268676
205,0.06651379354298115,0.06651379354298115,0.6186238527297974,0.15826056897640228,0.15826056897640228,0.2207145392894745,0.8508821129798889,0.0009332180454631845
206,0.06401732191443443,0.06401732191443443,0.6125665903091431,0.1537066251039505,0.1537066251039505,0.22195377945899963,0.8537454605102539,0.0009325808302187257
207,0.0648898184299469,0.0648898184299469,0.6192291975021362,0.1567818522453308,0.1567818522453308,0.22021517157554626,0.8498788475990295,0.0009319408214608931
208,0.0631382167339325,0.0631382167339325,0.6125988066196442,0.1565530151128769,0.1565530151128769,0.21904069185256958,0.8475717306137085,0.0009312980235762353
209,0.061292240396142006,0.061292240396142006,0.6124545931816101,0.15355435013771057,0.15355435013771057,0.22052080929279327,0.8508633375167847,0.0009306524409704167
210,0.06454373151063919,0.06454373151063919,0.6195614337921143,0.1559509038925171,0.1559509038925171,0.22027021646499634,0.8510022163391113,0.0009300040780681884
211,0.06190149299800396,0.06190149299800396,0.6127603352069855,0.1567615270614624,0.1567615270614624,0.21921095252037048,0.8493272662162781,0.0009293529393133572
212,0.06426194868981838,0.06426194868981838,0.6137584149837494,0.15342602133750916,0.15342602133750916,0.2196129858493805,0.8494526147842407,0.000928699029168755
213,0.06357552669942379,0.06357552669942379,0.6120848655700684,0.15655933320522308,0.15655933320522308,0.21975862979888916,0.8489876985549927,0.000928042352116209
214,0.06307385489344597,0.06307385489344597,0.6132665276527405,0.1556251347064972,0.1556251347064972,0.2209501564502716,0.8508225083351135,0.00092738291265651
215,0.06387687474489212,0.06387687474489212,0.6169767081737518,0.15661855041980743,0.15661855041980743,0.21996663510799408,0.8484104871749878,0.0009267207153093822
216,0.06425092369318008,0.06425092369318008,0.6123704612255096,0.1542315036058426,0.1542315036058426,0.21952158212661743,0.8487227559089661,0.0009260557646134519
217,0.062142789363861084,0.062142789363861084,0.6150946617126465,0.15679305791854858,0.15679305791854858,0.21940208971500397,0.8491958379745483,0.0009253880651262172
218,0.06068801134824753,0.06068801134824753,0.6109914183616638,0.15613922476768494,0.15613922476768494,0.22030502557754517,0.8513450622558594,0.0009247176214240154
219,0.061793217435479164,0.061793217435479164,0.6127371191978455,0.15211626887321472,0.15211626887321472,0.22231702506542206,0.8545466661453247,0.0009240444381019922
220,0.060986824333667755,0.060986824333667755,0.6130455136299133,0.15768156945705414,0.15768156945705414,0.22316093742847443,0.8574608564376831,0.0009233685197740714
221,0.06109926290810108,0.06109926290810108,0.6110299229621887,0.15379592776298523,0.15379592776298523,0.22389569878578186,0.8598357439041138,0.0009226898710729209
222,0.06297017633914948,0.06297017633914948,0.6178267300128937,0.1543446183204651,0.1543446183204651,0.22135555744171143,0.8535656929016113,0.0009220084966499233
223,0.06071911379694939,0.06071911379694939,0.6116312742233276,0.15767131745815277,0.15767131745815277,0.22019512951374054,0.8518965244293213,0.0009213244011751424
224,0.06035873107612133,0.06035873107612133,0.6113205403089523,0.15487702190876007,0.15487702190876007,0.22043728828430176,0.8532536625862122,0.000920637589337292
225,0.06227989308536053,0.06227989308536053,0.6153877377510071,0.15874792635440826,0.15874792635440826,0.21942435204982758,0.8501869440078735,0.0009199480658437039
226,0.06319237686693668,0.06319237686693668,0.6115186214447021,0.15632301568984985,0.15632301568984985,0.2214396595954895,0.8538068532943726,0.0009192558354202945
227,0.06001104786992073,0.06001104786992073,0.6153003871440887,0.15507711470127106,0.15507711470127106,0.222598135471344,0.8571012020111084,0.0009185609028115337
228,0.06012105196714401,0.06012105196714401,0.6147275269031525,0.15922272205352783,0.15922272205352783,0.2205173820257187,0.8537291288375854,0.0009178632727804119
229,0.0613082367926836,0.0613082367926836,0.6109545230865479,0.15603646636009216,0.15603646636009216,0.2209281176328659,0.8535958528518677,0.0009171629501084071
230,0.06147012300789356,0.06147012300789356,0.6140261292457581,0.15544584393501282,0.15544584393501282,0.22165951132774353,0.8559402227401733,0.0009164599395954524
231,0.061123259365558624,0.061123259365558624,0.6136059761047363,0.15876539051532745,0.15876539051532745,0.22180740535259247,0.8551957607269287,0.0009157542460599035
232,0.06079314090311527,0.06079314090311527,0.614281415939331,0.15406504273414612,0.15406504273414612,0.2227303683757782,0.8577793836593628,0.0009150458743385046
233,0.06034631095826626,0.06034631095826626,0.6174038350582123,0.16119617223739624,0.16119617223739624,0.22063153982162476,0.8559173941612244,0.000914334829286356
234,0.06337806768715382,0.06337806768715382,0.6114427745342255,0.1573050618171692,0.1573050618171692,0.22285135090351105,0.8583382368087769,0.0009136211157768811
235,0.05911346711218357,0.05911346711218357,0.6177029609680176,0.15615075826644897,0.15615075826644897,0.2235129475593567,0.8583385944366455,0.0009129047387017925
236,0.0596841536462307,0.0596841536462307,0.6138042211532593,0.16423143446445465,0.16423143446445465,0.2211666703224182,0.8555617928504944,0.0009121857029710581
237,0.062400929629802704,0.062400929629802704,0.6134097278118134,0.15814951062202454,0.15814951062202454,0.22173084318637848,0.8568751811981201,0.0009114640135128688
238,0.06011020392179489,0.06011020392179489,0.6164787411689758,0.1574813276529312,0.1574813276529312,0.21923379600048065,0.8505899906158447,0.000910739675273603
239,0.058907777070999146,0.058907777070999146,0.6101474761962891,0.15732000768184662,0.15732000768184662,0.21992748975753784,0.8527629375457764,0.0009100126932177938
240,0.058956220746040344,0.058956220746040344,0.6153917908668518,0.15546660125255585,0.15546660125255585,0.22310678660869598,0.8601356148719788,0.000909283072328095
241,0.05713501013815403,0.05713501013815403,0.6163519620895386,0.1640922576189041,0.1640922576189041,0.2216079831123352,0.8569722175598145,0.0009085508176052465
242,0.06269284710288048,0.06269284710288048,0.6105539798736572,0.15889520943164825,0.15889520943164825,0.22328220307826996,0.8595752716064453,0.00090781593406804
243,0.05761239677667618,0.05761239677667618,0.614434540271759,0.15507112443447113,0.15507112443447113,0.22420690953731537,0.8601446151733398,0.000907078426753285
244,0.0591102484613657,0.0591102484613657,0.6136308312416077,0.15929394960403442,0.15929394960403442,0.21962223947048187,0.8525089025497437,0.0009063383007157744
245,0.05769011005759239,0.05769011005759239,0.6104986071586609,0.15738414227962494,0.15738414227962494,0.22077676653862,0.8542234301567078,0.0009055955610282487
246,0.057545969262719154,0.057545969262719154,0.6142032146453857,0.15751327574253082,0.15751327574253082,0.2221277952194214,0.8574720025062561,0.000904850212781363
247,0.05625259689986706,0.05625259689986706,0.6126060783863068,0.15736374258995056,0.15736374258995056,0.22394338250160217,0.860824704170227,0.0009041022610836503
248,0.05569025129079819,0.05569025129079819,0.6141872406005859,0.15926994383335114,0.15926994383335114,0.22457461059093475,0.8624925017356873,0.0009033517110614881
249,0.055198973044753075,0.055198973044753075,0.6126292049884796,0.1597936600446701,0.1597936600446701,0.2246212363243103,0.8630790710449219,0.0009025985678590621
250,0.05452355742454529,0.05452355742454529,0.6130318641662598,0.15905369818210602,0.15905369818210602,0.22380924224853516,0.8617254495620728,0.0009018428366383317
251,0.05508463270962238,0.05508463270962238,0.6157706379890442,0.15860147774219513,0.15860147774219513,0.22365470230579376,0.8605794310569763,0.0009010845225789934
252,0.05424950830638409,0.05424950830638409,0.6140310764312744,0.16020867228507996,0.16020867228507996,0.22335964441299438,0.8600723743438721,0.0009003236308784478
253,0.05433993600308895,0.05433993600308895,0.6130237579345703,0.15882189571857452,0.15882189571857452,0.2239937037229538,0.8609597086906433,0.0008995601667517607
254,0.053482912480831146,0.053482912480831146,0.6108598411083221,0.15953287482261658,0.15953287482261658,0.2243955135345459,0.8621898889541626,0.0008987941354316301
255,0.05360093712806702,0.05360093712806702,0.612730473279953,0.15904074907302856,0.15904074907302856,0.22506801784038544,0.8644507527351379,0.0008980255421683486
256,0.05322745814919472,0.05322745814919472,0.613071858882904,0.15941175818443298,0.15941175818443298,0.22393769025802612,0.8625052571296692,0.0008972543922297687
257,0.05324854329228401,0.05324854329228401,0.6127837002277374,0.16079261898994446,0.16079261898994446,0.22491946816444397,0.8642453551292419,0.0008964806909012655
258,0.05365101248025894,0.05365101248025894,0.6142766624689102,0.15878348052501678,0.15878348052501678,0.22545836865901947,0.8643075227737427,0.0008957044434857014
259,0.05443992838263512,0.05443992838263512,0.6124122440814972,0.16040736436843872,0.16040736436843872,0.22478057444095612,0.8633707165718079,0.0008949256553033892
260,0.05340484529733658,0.05340484529733658,0.6112014353275299,0.16053412854671478,0.16053412854671478,0.22544464468955994,0.8662512302398682,0.0008941443316920559
261,0.0539526641368866,0.0539526641368866,0.6167324483394623,0.15949605405330658,0.15949605405330658,0.225479394197464,0.8666114211082458,0.0008933604780068062
262,0.053559685125947,0.053559685125947,0.6128316521644592,0.16105833649635315,0.16105833649635315,0.22620534896850586,0.8674002289772034,0.0008925740996200851
263,0.0524493083357811,0.0524493083357811,0.6139147579669952,0.16048677265644073,0.16048677265644073,0.22705793380737305,0.8697521686553955,0.0008917852019216424
264,0.05399957112967968,0.05399957112967968,0.6151548326015472,0.1655629724264145,0.1655629724264145,0.2244432270526886,0.8643753528594971,0.0008909937903184945
265,0.05525881238281727,0.05525881238281727,0.6110242605209351,0.15937556326389313,0.15937556326389313,0.22596609592437744,0.8675777912139893,0.000890199870234888
266,0.05439559184014797,0.05439559184014797,0.6174776554107666,0.15907710790634155,0.15907710790634155,0.2252126932144165,0.8660033941268921,0.0008894034471122621
267,0.05375366844236851,0.05375366844236851,0.6120301783084869,0.16392207145690918,0.16392207145690918,0.22362136840820312,0.8625891208648682,0.0008886045264092117
268,0.05568837560713291,0.05568837560713291,0.6105451881885529,0.15968580543994904,0.15968580543994904,0.22654500603675842,0.8682055473327637,0.0008878031136014499
269,0.05827348493039608,0.05827348493039608,0.619204193353653,0.1603504866361618,0.1603504866361618,0.22660286724567413,0.8686236143112183,0.0008869992141817703
270,0.05490007437765598,0.05490007437765598,0.61452516913414,0.16110368072986603,0.16110368072986603,0.22439837455749512,0.8647881746292114,0.0008861928336600095
271,0.05479186028242111,0.05479186028242111,0.6134431660175323,0.15851755440235138,0.15851755440235138,0.22661198675632477,0.8692367076873779,0.0008853839775630094
272,0.055768366903066635,0.055768366903066635,0.6157780289649963,0.16254034638404846,0.16254034638404846,0.2247278243303299,0.8660169839859009,0.000884572651434579
273,0.0570001732558012,0.0570001732558012,0.6120186746120453,0.15801972150802612,0.15801972150802612,0.2250591516494751,0.8662457466125488,0.0008837588608354571
274,0.055107397958636284,0.055107397958636284,0.6162811815738678,0.16025906801223755,0.16025906801223755,0.22467245161533356,0.8655363321304321,0.0008829426113432729
275,0.05431261844933033,0.05431261844933033,0.6102676093578339,0.1618434637784958,0.1618434637784958,0.22594404220581055,0.8684329390525818,0.0008821239085525091
276,0.05595615692436695,0.05595615692436695,0.6148342192173004,0.16207453608512878,0.16207453608512878,0.22708839178085327,0.8702206611633301,0.0008813027580744632
277,0.0547284372150898,0.0547284372150898,0.6140243113040924,0.16352304816246033,0.16352304816246033,0.2249082326889038,0.8649284839630127,0.0008804791655372085
278,0.05370841361582279,0.05370841361582279,0.6098603308200836,0.157599076628685,0.157599076628685,0.22476878762245178,0.8653595447540283,0.0008796531365855559
279,0.05942751280963421,0.05942751280963421,0.6187136769294739,0.15865053236484528,0.15865053236484528,0.22553721070289612,0.8678638935089111,0.0008788246768810155
280,0.056205546483397484,0.056205546483397484,0.6138681769371033,0.16386230289936066,0.16386230289936066,0.2249159812927246,0.8666549921035767,0.0008779937921017574
281,0.05407295934855938,0.05407295934855938,0.6120571792125702,0.15729539096355438,0.15729539096355438,0.22744569182395935,0.8714470267295837,0.0008771604879425725
282,0.055941807106137276,0.055941807106137276,0.6180939674377441,0.16066451370716095,0.16066451370716095,0.22525924444198608,0.8661238551139832,0.0008763247701148346
283,0.05448220297694206,0.05448220297694206,0.611640453338623,0.1603887379169464,0.1603887379169464,0.2260529100894928,0.8680049180984497,0.00087548664434646
284,0.053798723965883255,0.053798723965883255,0.6160900890827179,0.15992040932178497,0.15992040932178497,0.22682783007621765,0.8701304197311401,0.0008746461163818687
285,0.05290512181818485,0.05290512181818485,0.6151918172836304,0.16249299049377441,0.16249299049377441,0.22553467750549316,0.8668883442878723,0.0008738031919819456
286,0.05199507996439934,0.05199507996439934,0.6119663417339325,0.15912291407585144,0.15912291407585144,0.22715651988983154,0.8714146614074707,0.0008729578769239999
287,0.052016062662005424,0.052016062662005424,0.613193154335022,0.16229310631752014,0.16229310631752014,0.22645847499370575,0.8701241612434387,0.0008721101770017265
288,0.052288370206952095,0.052288370206952095,0.6137087941169739,0.16118015348911285,0.16118015348911285,0.22727499902248383,0.8713846206665039,0.0008712600980251656
289,0.05073338933289051,0.05073338933289051,0.6133873462677002,0.16081877052783966,0.16081877052783966,0.22633251547813416,0.8689174056053162,0.0008704076458206632
290,0.05129691958427429,0.05129691958427429,0.6120798587799072,0.16263893246650696,0.16263893246650696,0.22643312811851501,0.8696293830871582,0.0008695528262308317
291,0.050843825563788414,0.050843825563788414,0.6105477809906006,0.16188505291938782,0.16188505291938782,0.2265191525220871,0.8701585531234741,0.0008686956451145084
292,0.05140245705842972,0.05140245705842972,0.612685352563858,0.15999996662139893,0.15999996662139893,0.22754240036010742,0.873119592666626,0.0008678361083467171
293,0.050305359065532684,0.050305359065532684,0.6131010949611664,0.16319936513900757,0.16319936513900757,0.22627225518226624,0.8709352016448975,0.0008669742218186262
294,0.05039590038359165,0.05039590038359165,0.6119243502616882,0.16210314631462097,0.16210314631462097,0.22899645566940308,0.8766920566558838,0.0008661099914375098
295,0.05053037218749523,0.05053037218749523,0.6157819330692291,0.16438163816928864,0.16438163816928864,0.22798234224319458,0.8734389543533325,0.0008652434231267059
296,0.049919914454221725,0.049919914454221725,0.6120562255382538,0.1626315712928772,0.1626315712928772,0.22864340245723724,0.8761148452758789,0.0008643745228255767
297,0.049389734864234924,0.049389734864234924,0.6149106621742249,0.162438303232193,0.162438303232193,0.2278468757867813,0.8752071857452393,0.0008635032964894676
298,0.04934657923877239,0.04934657923877239,0.6135923564434052,0.1635400950908661,0.1635400950908661,0.22711655497550964,0.8722827434539795,0.0008626297500896666
299,0.04884660989046097,0.04884660989046097,0.6111723184585571,0.1623278111219406,0.1623278111219406,0.22755223512649536,0.8732346296310425,0.0008617538896133625
300,0.0497417226433754,0.0497417226433754,0.6136008501052856,0.16337135434150696,0.16337135434150696,0.22642138600349426,0.8724143505096436,0.0008608757210636052
301,0.04983343556523323,0.04983343556523323,0.6104317009449005,0.16445347666740417,0.16445347666740417,0.22768613696098328,0.873334527015686,0.0008599952504592636
302,0.04941947013139725,0.04941947013139725,0.6137654483318329,0.16268949210643768,0.16268949210643768,0.2285763919353485,0.8764358758926392,0.0008591124838349845
303,0.0489129014313221,0.0489129014313221,0.6139007210731506,0.16353951394557953,0.16353951394557953,0.22533605992794037,0.8699749112129211,0.0008582274272411517
304,0.04963068291544914,0.04963068291544914,0.6091534793376923,0.16179148852825165,0.16179148852825165,0.22723856568336487,0.8743048310279846,0.0008573400867438438
305,0.04954388178884983,0.04954388178884983,0.6126183867454529,0.1638401299715042,0.1638401299715042,0.22825458645820618,0.8754273653030396,0.0008564504684247932
306,0.04889615811407566,0.04889615811407566,0.6139212250709534,0.16333751380443573,0.16333751380443573,0.22878992557525635,0.8766622543334961,0.0008555585783813443
307,0.04835271276533604,0.04835271276533604,0.6124527454376221,0.16360531747341156,0.16360531747341156,0.22781939804553986,0.8757225275039673,0.0008546644227264119
308,0.0482269823551178,0.0482269823551178,0.6127548217773438,0.16340020298957825,0.16340020298957825,0.22789570689201355,0.8754061460494995,0.0008537680075884382
309,0.04816701449453831,0.04816701449453831,0.6124328672885895,0.1645287275314331,0.1645287275314331,0.2288481593132019,0.8768382668495178,0.0008528693391113527
310,0.04868924990296364,0.04868924990296364,0.6151677966117859,0.16521385312080383,0.16521385312080383,0.2287827432155609,0.8775264620780945,0.0008519684234545282
311,0.04882735013961792,0.04882735013961792,0.6121427714824677,0.16380365192890167,0.16380365192890167,0.22866061329841614,0.8774268627166748,0.0008510652667927398
312,0.04809984378516674,0.04809984378516674,0.613406240940094,0.16232268512248993,0.16232268512248993,0.22844430804252625,0.8763031959533691,0.0008501598753161223
313,0.0485252421349287,0.0485252421349287,0.6121401190757751,0.16421687602996826,0.16421687602996826,0.22713340818881989,0.8749316334724426,0.0008492522552301272
314,0.04922734014689922,0.04922734014689922,0.6116834878921509,0.1626584827899933,0.1626584827899933,0.22939887642860413,0.879810094833374,0.0008483424127554811
315,0.050905873998999596,0.050905873998999596,0.6158261597156525,0.16551291942596436,0.16551291942596436,0.2263961136341095,0.8721842765808105,0.0008474303541281425
316,0.05092650651931763,0.05092650651931763,0.6089878678321838,0.16455456614494324,0.16455456614494324,0.22884929180145264,0.8774226307868958,0.000846516085599259
317,0.050520921126008034,0.050520921126008034,0.6192760467529297,0.16438639163970947,0.16438639163970947,0.22972291707992554,0.8797610998153687,0.0008455996134351248
318,0.0503521803766489,0.0503521803766489,0.6141708195209503,0.16619575023651123,0.16619575023651123,0.22690200805664062,0.8727349042892456,0.0008446809439171374
319,0.04877682402729988,0.04877682402729988,0.6083410978317261,0.16377265751361847,0.16377265751361847,0.22877618670463562,0.8765124678611755,0.0008437600833417549
320,0.05178283900022507,0.05178283900022507,0.6166280657052994,0.164198637008667,0.164198637008667,0.22888334095478058,0.8763188123703003,0.0008428370380204527
321,0.05048817954957485,0.05048817954957485,0.6100099086761475,0.1669384390115738,0.1669384390115738,0.2292991280555725,0.879366397857666,0.0008419118142796799
322,0.051045048981904984,0.051045048981904984,0.6149410903453827,0.16601982712745667,0.16601982712745667,0.23302510380744934,0.8869190216064453,0.0008409844184608164
323,0.049302686005830765,0.049302686005830765,0.6156485080718994,0.1677660048007965,0.1677660048007965,0.22878099977970123,0.876184344291687,0.0008400548569201295
324,0.0519501231610775,0.0519501231610775,0.6083055734634399,0.16341254115104675,0.16341254115104675,0.22793596982955933,0.8768755197525024,0.0008391231360287296
325,0.05038886331021786,0.05038886331021786,0.6128328740596771,0.1672339141368866,0.1672339141368866,0.2277609407901764,0.8761903643608093,0.0008381892621725278
326,0.05076458677649498,0.05076458677649498,0.6132780015468597,0.16644592583179474,0.16644592583179474,0.22729553282260895,0.873750627040863,0.0008372532417521906
327,0.05071774311363697,0.05071774311363697,0.6129272878170013,0.163190558552742,0.163190558552742,0.22840724885463715,0.8761285543441772,0.0008363150811830972
328,0.05060066469013691,0.05060066469013691,0.6098486185073853,0.16773049533367157,0.16773049533367157,0.2272593379020691,0.8730090260505676,0.0008353747868952953
329,0.05224694311618805,0.05224694311618805,0.6086975932121277,0.1652698814868927,0.1652698814868927,0.22975023090839386,0.8798153400421143,0.0008344323653334563
330,0.05087502487003803,0.05087502487003803,0.6142017245292664,0.16415782272815704,0.16415782272815704,0.2295190393924713,0.8805022239685059,0.0008334878229568325
331,0.051265545189380646,0.051265545189380646,0.6157916486263275,0.16278719902038574,0.16278719902038574,0.2322673201560974,0.8856551647186279,0.0008325411662392112
332,0.049528568983078,0.049528568983078,0.6164668798446655,0.16275784373283386,0.16275784373283386,0.22856390476226807,0.8798593282699585,0.0008315924016688717
333,0.04948724806308746,0.04948724806308746,0.6096593141555786,0.16158844530582428,0.16158844530582428,0.22876101732254028,0.8782599568367004,0.0008306415357485403
334,0.04841804876923561,0.04841804876923561,0.610106885433197,0.16520211100578308,0.16520211100578308,0.22858282923698425,0.8771184682846069,0.0008296885749953453
335,0.04758989159017801,0.04758989159017801,0.6107918620109558,0.16323499381542206,0.16323499381542206,0.2297930270433426,0.8812306523323059,0.000828733525940773
336,0.0476489569991827,0.0476489569991827,0.61346036195755,0.16290228068828583,0.16290228068828583,0.22964218258857727,0.8800932168960571,0.0008277763951306229
337,0.047517746686935425,0.047517746686935425,0.6134852766990662,0.16368615627288818,0.16368615627288818,0.2289663851261139,0.8796077966690063,0.0008268171891249622
338,0.047462061047554016,0.047462061047554016,0.6134338974952698,0.1653936356306076,0.1653936356306076,0.2310626357793808,0.883822500705719,0.0008258559144980815
339,0.04759356379508972,0.04759356379508972,0.6124126315116882,0.1681748777627945,0.1681748777627945,0.23026004433631897,0.8822575807571411,0.0008248925778384496
340,0.04715566895902157,0.04715566895902157,0.6109987795352936,0.16550344228744507,0.16550344228744507,0.2302035689353943,0.8825392723083496,0.0008239271857486681
341,0.049060238525271416,0.049060238525271416,0.613917738199234,0.1693125218153,0.1693125218153,0.22816124558448792,0.8770824074745178,0.0008229597448454262
342,0.04898568615317345,0.04898568615317345,0.6086578965187073,0.16573747992515564,0.16573747992515564,0.23000246286392212,0.8829625844955444,0.0008219902617594552
343,0.050257883965969086,0.050257883965969086,0.6129181385040283,0.16514383256435394,0.16514383256435394,0.2296844720840454,0.8805770874023438,0.0008210187431354841
344,0.04836956039071083,0.04836956039071083,0.6111744046211243,0.16695423424243927,0.16695423424243927,0.22950443625450134,0.8791451454162598,0.0008200451956321928
345,0.05001841112971306,0.05001841112971306,0.6113032698631287,0.1651119738817215,0.1651119738817215,0.22848039865493774,0.8778098821640015,0.0008190696259221665
346,0.047579580917954445,0.047579580917954445,0.6117393672466278,0.16689786314964294,0.16689786314964294,0.2275623381137848,0.8774452209472656,0.000818092040691851
347,0.048150498420000076,0.048150498420000076,0.6107463538646698,0.1662365049123764,0.1662365049123764,0.2302793711423874,0.8835563659667969,0.0008171124466415059
348,0.04983353428542614,0.04983353428542614,0.6153766512870789,0.16461393237113953,0.16461393237113953,0.22934691607952118,0.8803834915161133,0.0008161308504851593
349,0.048445915803313255,0.048445915803313255,0.6098158359527588,0.16490836441516876,0.16490836441516876,0.22897595167160034,0.8800927996635437,0.0008151472589505611
350,0.04941078461706638,0.04941078461706638,0.6152972280979156,0.16668356955051422,0.16668356955051422,0.23178935050964355,0.8871406316757202,0.0008141616787791377
351,0.048600804060697556,0.048600804060697556,0.6126393675804138,0.16736659407615662,0.16736659407615662,0.22917217016220093,0.8807889223098755,0.0008131741167259453
352,0.04678528383374214,0.04678528383374214,0.6083735525608063,0.1637316197156906,0.1637316197156906,0.2308081090450287,0.8841220140457153,0.0008121845795596236
353,0.04764174111187458,0.04764174111187458,0.612298309803009,0.1663627177476883,0.1663627177476883,0.23051483929157257,0.8849937915802002,0.0008111930740623492
354,0.04708252102136612,0.04708252102136612,0.6133169531822205,0.16531780362129211,0.16531780362129211,0.23119871318340302,0.8849673867225647,0.0008101996070297903
355,0.04670829698443413,0.04670829698443413,0.6114836037158966,0.16300338506698608,0.16300338506698608,0.2305867075920105,0.8824435472488403,0.0008092041852710587
356,0.04701163433492184,0.04701163433492184,0.6104518175125122,0.16687533259391785,0.16687533259391785,0.22973276674747467,0.8829787373542786,0.0008082068156086631
357,0.04805673100054264,0.04805673100054264,0.6119606196880341,0.16521242260932922,0.16521242260932922,0.2319299280643463,0.8874820470809937,0.0008072075048784639
358,0.046739211305975914,0.046739211305975914,0.6143021881580353,0.16574382781982422,0.16574382781982422,0.23028796911239624,0.883859395980835,0.0008062062599296249
359,0.047909049317240715,0.047909049317240715,0.6123116612434387,0.16852085292339325,0.16852085292339325,0.23133127391338348,0.8855152130126953,0.0008052030876245668
360,0.04712243564426899,0.04712243564426899,0.6115509569644928,0.16796189546585083,0.16796189546585083,0.23037958145141602,0.8844910860061646,0.0008041979948389203
361,0.047895900905132294,0.047895900905132294,0.6112410128116608,0.16790655255317688,0.16790655255317688,0.23027357459068298,0.8834736347198486,0.0008031909884614789
362,0.04707807116210461,0.04707807116210461,0.6115955412387848,0.16892045736312866,0.16892045736312866,0.23162886500358582,0.8850987553596497,0.0008021820753941513
363,0.04646085109561682,0.04646085109561682,0.6125200092792511,0.16742315888404846,0.16742315888404846,0.2302533984184265,0.8829934597015381,0.000801171262551915
364,0.04673328995704651,0.04673328995704651,0.6112052798271179,0.16493578255176544,0.16493578255176544,0.231902614235878,0.8868659734725952,0.000800158556862768
365,0.04584235139191151,0.04584235139191151,0.6119363307952881,0.16624769568443298,0.16624769568443298,0.23087266087532043,0.886072039604187,0.0007991439652676816
366,0.04553743079304695,0.04553743079304695,0.6103436648845673,0.1650839000940323,0.1650839000940323,0.2320135086774826,0.8882302045822144,0.000798127494720553
367,0.04526761546730995,0.04526761546730995,0.6128292679786682,0.1682494729757309,0.1682494729757309,0.2310064136981964,0.8860303163528442,0.0007971091521881574
368,0.045179007574915886,0.045179007574915886,0.6092029958963394,0.16763919591903687,0.16763919591903687,0.23061217367649078,0.8863037824630737,0.0007960889446501008
369,0.04590802080929279,0.04590802080929279,0.6118820607662201,0.16670289635658264,0.16670289635658264,0.23224806785583496,0.8885750770568848,0.000795066879098771
370,0.04495455324649811,0.04495455324649811,0.6108867079019547,0.16902002692222595,0.16902002692222595,0.23214641213417053,0.8888492584228516,0.0007940429625392913
371,0.045177213847637177,0.045177213847637177,0.6120359301567078,0.16814690828323364,0.16814690828323364,0.23193581402301788,0.8889020681381226,0.000793017201989471
372,0.044678470119833946,0.044678470119833946,0.6111727952957153,0.16783463954925537,0.16783463954925537,0.23058372735977173,0.885532796382904,0.0007919896044797579
373,0.045650217682123184,0.045650217682123184,0.6103085875511169,0.1665639877319336,0.1665639877319336,0.23211902379989624,0.8885229825973511,0.0007909601770531903
374,0.04512523300945759,0.04512523300945759,0.6124491095542908,0.168029323220253,0.168029323220253,0.2305467426776886,0.8862301111221313,0.0007899289267653487
375,0.04588705487549305,0.04588705487549305,0.6097404062747955,0.16765941679477692,0.16765941679477692,0.23218116164207458,0.8895765542984009,0.0007888958606843069
376,0.04753345437347889,0.04753345437347889,0.615696370601654,0.1685236692428589,0.1685236692428589,0.2327098399400711,0.890805184841156,0.0007878609858905844
377,0.04509642347693443,0.04509642347693443,0.611676424741745,0.16875582933425903,0.16875582933425903,0.23141619563102722,0.8874624967575073,0.0007868243094770969
378,0.045472776517271996,0.045472776517271996,0.6105160415172577,0.16780762374401093,0.16780762374401093,0.23276656866073608,0.8908293843269348,0.0007857858385491085
379,0.0466640405356884,0.0466640405356884,0.6119571924209595,0.1693972647190094,0.1693972647190094,0.2311781346797943,0.8889827132225037,0.0007847455802241828
380,0.04731685109436512,0.04731685109436512,0.6104529500007629,0.16686177253723145,0.16686177253723145,0.23296821117401123,0.8893854022026062,0.0007837035416321337
381,0.04657400771975517,0.04657400771975517,0.613698273897171,0.16806074976921082,0.16806074976921082,0.23299142718315125,0.8889258503913879,0.0007826597299149774
382,0.04589421860873699,0.04589421860873699,0.6102577447891235,0.16915886104106903,0.16915886104106903,0.23038111627101898,0.8865200281143188,0.0007816141522268821
383,0.04555028863251209,0.04555028863251209,0.6093016862869263,0.16837270557880402,0.16837270557880402,0.2321505844593048,0.8897508978843689,0.0007805668157341204
384,0.04676214046776295,0.04676214046776295,0.6143079698085785,0.1685904562473297,0.1685904562473297,0.23053430020809174,0.8851634860038757,0.0007795177276150193
385,0.046292977407574654,0.046292977407574654,0.6081233322620392,0.1669686734676361,0.1669686734676361,0.2325628697872162,0.8906286954879761,0.0007784668950599113
386,0.046571800485253334,0.046571800485253334,0.6174988448619843,0.16880813241004944,0.16880813241004944,0.23437060415744781,0.8939728736877441,0.0007774143252710853
387,0.04705879092216492,0.04705879092216492,0.6113824844360352,0.16938525438308716,0.16938525438308716,0.23236459493637085,0.8900634050369263,0.0007763600254627364
388,0.0446549728512764,0.0446549728512764,0.6102538406848907,0.16346475481987,0.16346475481987,0.23162809014320374,0.8903521299362183,0.0007753040028609179
389,0.04694851487874985,0.04694851487874985,0.6120680272579193,0.17059475183486938,0.17059475183486938,0.23062843084335327,0.8882122039794922,0.00077424626470349
390,0.047562772408127785,0.047562772408127785,0.6107924580574036,0.17153559625148773,0.17153559625148773,0.23466138541698456,0.8939751386642456,0.0007731868182400717
391,0.04824578016996384,0.04824578016996384,0.6173684298992157,0.1661444753408432,0.1661444753408432,0.23350340127944946,0.8912339806556702,0.0007721256707319907
392,0.04704778082668781,0.04704778082668781,0.6122072339057922,0.16995199024677277,0.16995199024677277,0.23058977723121643,0.8884735703468323,0.0007710628294522329
393,0.04767794720828533,0.04767794720828533,0.608990341424942,0.16911056637763977,0.16911056637763977,0.23429590463638306,0.8946142196655273,0.0007699983016853936
394,0.04941093176603317,0.04941093176603317,0.617332935333252,0.16595116257667542,0.16595116257667542,0.2314801812171936,0.8881048560142517,0.000768932094727627
395,0.04811787232756615,0.04811787232756615,0.6103180646896362,0.16659703850746155,0.16659703850746155,0.2308027446269989,0.8877339959144592,0.0007678642158865958
396,0.04841461591422558,0.04841461591422558,0.613912969827652,0.1673165112733841,0.1673165112733841,0.23212319612503052,0.8910919427871704,0.0007667946724814224
397,0.0468826312571764,0.0468826312571764,0.6114717721939087,0.16996419429779053,0.16996419429779053,0.23058903217315674,0.8857630491256714,0.0007657234718426375
398,0.04704238660633564,0.04704238660633564,0.6070628613233566,0.17202940583229065,0.17202940583229065,0.23317724466323853,0.8925861716270447,0.0007646506213121302
399,0.047728750854730606,0.047728750854730606,0.6117543876171112,0.17040523886680603,0.17040523886680603,0.23375871777534485,0.8955764770507812,0.0007635761282430981
400,0.04648406244814396,0.04648406244814396,0.6116651594638824,0.16988052427768707,0.16988052427768707,0.23240779340267181,0.8909269571304321,0.0007624999999999961
401,0.049046026542782784,0.049046026542782784,0.6115589737892151,0.1700861155986786,0.1700861155986786,0.23454654216766357,0.8947408199310303,0.000761422243958487
402,0.04568222723901272,0.04568222723901272,0.6147159934043884,0.16985799372196198,0.16985799372196198,0.23292551934719086,0.8945390582084656,0.0007603428675053898
403,0.04708367958664894,0.04708367958664894,0.6142384111881256,0.1670762151479721,0.1670762151479721,0.23476070165634155,0.8971662521362305,0.0007592618780386299
404,0.047688961029052734,0.047688961029052734,0.6135516464710236,0.1693934202194214,0.1693934202194214,0.23204268515110016,0.8897309303283691,0.0007581792829671881
405,0.045868927612900734,0.045868927612900734,0.6071852296590805,0.1692892163991928,0.1692892163991928,0.23253677785396576,0.8932091593742371,0.0007570950897110498
406,0.04949785768985748,0.04949785768985748,0.6146811842918396,0.16755366325378418,0.16755366325378418,0.2332441359758377,0.8941776752471924,0.0007560093057011541
407,0.04689300246536732,0.04689300246536732,0.611753910779953,0.17238059639930725,0.17238059639930725,0.23175372183322906,0.8897769451141357,0.0007549219383793432
408,0.049604082480072975,0.049604082480072975,0.6087507009506226,0.1649937778711319,0.1649937778711319,0.23381663858890533,0.8966572284698486,0.0007538329951983108
409,0.046893615275621414,0.046893615275621414,0.6146000027656555,0.16650471091270447,0.16650471091270447,0.234225794672966,0.8965853452682495,0.0007527424836215516
410,0.047228800132870674,0.047228800132870674,0.6122821271419525,0.16846808791160583,0.16846808791160583,0.2347453534603119,0.8948177099227905,0.0007516504111233101
411,0.04605078138411045,0.04605078138411045,0.6099051237106323,0.16647474467754364,0.16647474467754364,0.234566330909729,0.8940167427062988,0.0007505567851885283
412,0.0459345318377018,0.0459345318377018,0.6097686886787415,0.1647089570760727,0.1647089570760727,0.23356199264526367,0.8926405906677246,0.0007494616133127967
413,0.04599260725080967,0.04599260725080967,0.6092870533466339,0.1651799976825714,0.1651799976825714,0.23384582996368408,0.8932163715362549,0.0007483649030023002
414,0.04631228744983673,0.04631228744983673,0.6121982038021088,0.16718333959579468,0.16718333959579468,0.23300667107105255,0.8921045660972595,0.0007472666617737685
415,0.045109886676073074,0.045109886676073074,0.6103801131248474,0.167658269405365,0.167658269405365,0.23313283920288086,0.8950408697128296,0.000746166897154424
416,0.04531349241733551,0.04531349241733551,0.6114736199378967,0.1670890599489212,0.1670890599489212,0.23477330803871155,0.8979001641273499,0.0007450656166819305
417,0.04548875615000725,0.04548875615000725,0.6143250465393066,0.16498644649982452,0.16498644649982452,0.23315942287445068,0.8925420045852661,0.0007439628279043408
418,0.044164225459098816,0.044164225459098816,0.609150230884552,0.1672222763299942,0.1672222763299942,0.2312585711479187,0.888733983039856,0.0007428585383800457
419,0.04617602564394474,0.04617602564394474,0.6113470643758774,0.16447313129901886,0.16447313129901886,0.23533615469932556,0.8989694118499756,0.0007417527556777223
420,0.04567480459809303,0.04567480459809303,0.6149943470954895,0.16494770348072052,0.16494770348072052,0.2340734601020813,0.895680844783783,0.0007406454873762809
421,0.04512818716466427,0.04512818716466427,0.6095755994319916,0.1676916778087616,0.1676916778087616,0.23286518454551697,0.8910223245620728,0.0007395367410648148
422,0.044670918956398964,0.044670918956398964,0.60960653424263,0.1689266711473465,0.1689266711473465,0.23275531828403473,0.8936117887496948,0.000738426524342547
423,0.04415322653949261,0.04415322653949261,0.6096397042274475,0.1664009839296341,0.1664009839296341,0.2332240790128708,0.8957607746124268,0.0007373148448187787
424,0.0432601273059845,0.0432601273059845,0.6115694940090179,0.16677774488925934,0.16677774488925934,0.23447877168655396,0.8959535360336304,0.0007362017101128366
425,0.042970601469278336,0.042970601469278336,0.6104498505592346,0.17032864689826965,0.17032864689826965,0.2331489622592926,0.8935216665267944,0.0007350871278540218
426,0.04314658232033253,0.04314658232033253,0.6080919802188873,0.16930386424064636,0.16930386424064636,0.23510968685150146,0.9007086753845215,0.0007339711056815558
427,0.04269394278526306,0.04269394278526306,0.6142686605453491,0.16819658875465393,0.16819658875465393,0.2353324592113495,0.9005202651023865,0.0007328536512445299
428,0.04186214506626129,0.04186214506626129,0.610479861497879,0.16770249605178833,0.16770249605178833,0.23417750000953674,0.8957980871200562,0.0007317347722018518
429,0.042246412485837936,0.042246412485837936,0.608907014131546,0.16844625771045685,0.16844625771045685,0.2346416711807251,0.897209644317627,0.0007306144762221927
430,0.043333468958735466,0.043333468958735466,0.611261397600174,0.16981598734855652,0.16981598734855652,0.23369508981704712,0.8966853618621826,0.0007294927709839364
431,0.044170698150992393,0.044170698150992393,0.6085402965545654,0.17036476731300354,0.17036476731300354,0.23395825922489166,0.8969200253486633,0.0007283696641751246
432,0.04221245273947716,0.04221245273947716,0.6091917604207993,0.170846089720726,0.170846089720726,0.2375098317861557,0.9035496711730957,0.0007272451634934057
433,0.043697891756892204,0.043697891756892204,0.6146808862686157,0.1705044060945511,0.1705044060945511,0.233814537525177,0.896713376045227,0.0007261192766459815
434,0.043280117213726044,0.043280117213726044,0.6081419885158539,0.16795846819877625,0.16795846819877625,0.23465806245803833,0.898200273513794,0.0007249920113495545
435,0.04206723906099796,0.04206723906099796,0.6116405427455902,0.1689791977405548,0.1689791977405548,0.23392698168754578,0.8943440914154053,0.0007238633753302745
436,0.042834460735321045,0.042834460735321045,0.6100065112113953,0.1693970113992691,0.1693970113992691,0.232293039560318,0.8921104669570923,0.0007227333763236868
437,0.04308859631419182,0.04308859631419182,0.6096863746643066,0.16891437768936157,0.16891437768936157,0.23535677790641785,0.898470401763916,0.0007216020220746778
438,0.04147094488143921,0.04147094488143921,0.6122477054595947,0.17010799050331116,0.17010799050331116,0.23542943596839905,0.8977208733558655,0.0007204693203374228
439,0.04272812232375145,0.04272812232375145,0.6095079481601715,0.17051741480827332,0.17051741480827332,0.23369276523590088,0.8968096971511841,0.000719335278875333
440,0.04315562732517719,0.04315562732517719,0.6095172464847565,0.1702476292848587,0.1702476292848587,0.23578637838363647,0.8997685313224792,0.0007181999054610013
441,0.042002009227871895,0.042002009227871895,0.6116346716880798,0.1737755388021469,0.1737755388021469,0.23330777883529663,0.8938944339752197,0.0007170632078761502
442,0.04202180914580822,0.04202180914580822,0.6066919565200806,0.17077220976352692,0.17077220976352692,0.2334343045949936,0.8970310688018799,0.0007159251939115774
443,0.043317973613739014,0.043317973613739014,0.611937940120697,0.17132169008255005,0.17132169008255005,0.2347046136856079,0.8977838754653931,0.0007147858713671033
444,0.04207556135952473,0.04207556135952473,0.6102041304111481,0.17378456890583038,0.17378456890583038,0.2322910726070404,0.8918020725250244,0.000713645248051517
445,0.04256300814449787,0.04256300814449787,0.6065933406352997,0.16929732263088226,0.16929732263088226,0.235144704580307,0.9015451669692993,0.0007125033317825232
446,0.04338819719851017,0.04338819719851017,0.6150107681751251,0.17003698647022247,0.17003698647022247,0.23313066363334656,0.8965911269187927,0.0007113601303866878
447,0.04202093556523323,0.04202093556523323,0.6072444319725037,0.17114433646202087,0.17114433646202087,0.23183628916740417,0.8905377388000488,0.0007102156516993857
448,0.04283936694264412,0.04283936694264412,0.6096276044845581,0.17016835510730743,0.17016835510730743,0.2345646172761917,0.8978812098503113,0.000709069903564745
449,0.04207794554531574,0.04207794554531574,0.6131868362426758,0.17230574786663055,0.17230574786663055,0.23404034972190857,0.8987232446670532,0.0007079228938355956
450,0.04333834536373615,0.04333834536373615,0.6085107624530792,0.17424261569976807,0.17424261569976807,0.23504756391048431,0.8982757329940796,0.0007067746303734138
451,0.04211897775530815,0.04211897775530815,0.6094620525836945,0.16864722967147827,0.16864722967147827,0.2337944656610489,0.8963762521743774,0.0007056251210482685
452,0.043280452489852905,0.043280452489852905,0.6089630126953125,0.1711028516292572,0.1711028516292572,0.23164914548397064,0.8944927453994751,0.0007044743737387681
453,0.042288223281502724,0.042288223281502724,0.6055591106414795,0.17389728128910065,0.17389728128910065,0.23464564979076385,0.8985118865966797,0.0007033223963320057
454,0.04382450133562088,0.04382450133562088,0.6121603846549988,0.1712559014558792,0.1712559014558792,0.234613835811615,0.8974862694740295,0.0007021691967235054
455,0.04224917106330395,0.04224917106330395,0.608405590057373,0.17138466238975525,0.17138466238975525,0.23312371969223022,0.8953025937080383,0.0007010147828171683
456,0.04191163741052151,0.04191163741052151,0.6070383787155151,0.17110708355903625,0.17110708355903625,0.2354438602924347,0.899988055229187,0.0006998591625252183
457,0.04341336898505688,0.04341336898505688,0.6101188361644745,0.17079834640026093,0.17079834640026093,0.23323144018650055,0.8958969116210938,0.0006987023437681469
458,0.04229310527443886,0.04229310527443886,0.6060973703861237,0.17242319881916046,0.17242319881916046,0.23280036449432373,0.8943284749984741,0.0006975443344746609
459,0.04164717346429825,0.04164717346429825,0.6076974272727966,0.17390915751457214,0.17390915751457214,0.2339535653591156,0.8967356085777283,0.000696385142581626
460,0.040775297209620476,0.040775297209620476,0.6074261367321014,0.1720176786184311,0.1720176786184311,0.23413148522377014,0.898265540599823,0.0006952247760340137
461,0.04204713553190231,0.04204713553190231,0.608106404542923,0.1715729832649231,0.1715729832649231,0.23552058637142181,0.9008253812789917,0.0006940632427848466
462,0.04092111252248287,0.04092111252248287,0.60868039727211,0.1725555807352066,0.1725555807352066,0.23411113023757935,0.8964958786964417,0.0006929005507951433
463,0.04059893637895584,0.04059893637895584,0.6061546802520752,0.16924405097961426,0.16924405097961426,0.23439082503318787,0.8979270458221436,0.0006917367080338646
464,0.041420092806220055,0.041420092806220055,0.6082775592803955,0.1719377636909485,0.1719377636909485,0.2343667894601822,0.8979765176773071,0.0006905717224778584
465,0.04237154498696327,0.04237154498696327,0.6080332696437836,0.17279760539531708,0.17279760539531708,0.2351820319890976,0.8997300863265991,0.0006894056021118053
466,0.04150191321969032,0.04150191321969032,0.6103788614273071,0.16945961117744446,0.16945961117744446,0.23360389471054077,0.8962035179138184,0.0006882383549281639
467,0.04148334823548794,0.04148334823548794,0.6075267493724823,0.1705276221036911,0.1705276221036911,0.233667254447937,0.8952960968017578,0.0006870699889271154
468,0.04074752330780029,0.04074752330780029,0.6075432598590851,0.17244230210781097,0.17244230210781097,0.23476213216781616,0.8990186452865601,0.0006859005121165097
469,0.04150823503732681,0.04150823503732681,0.6097286343574524,0.17366713285446167,0.17366713285446167,0.2324141561985016,0.894676923751831,0.0006847299325118098
470,0.04107176139950752,0.04107176139950752,0.6054768860340118,0.17347988486289978,0.17347988486289978,0.23390957713127136,0.8962979912757874,0.0006835582581360373
471,0.04075544327497482,0.04075544327497482,0.6085414886474609,0.1718469113111496,0.1718469113111496,0.2348564714193344,0.8991409540176392,0.0006823854970197172
472,0.04051043838262558,0.04051043838262558,0.6095177233219147,0.17187176644802094,0.17187176644802094,0.2326546311378479,0.8969796299934387,0.0006812116572008231
473,0.04183370620012283,0.04183370620012283,0.6055528819561005,0.1739739328622818,0.1739739328622818,0.23490925133228302,0.8992781639099121,0.0006800367467247214
474,0.04058803804218769,0.04058803804218769,0.6077341139316559,0.1745787113904953,0.1745787113904953,0.23645427823066711,0.9008683562278748,0.0006788607736441172
475,0.040838953107595444,0.040838953107595444,0.608203187584877,0.17341318726539612,0.17341318726539612,0.2344014048576355,0.8995546102523804,0.0006776837460189979
476,0.0407486017793417,0.0407486017793417,0.6056793928146362,0.17302267253398895,0.17302267253398895,0.23308204114437103,0.8974558115005493,0.0006765056719165794
477,0.04059998504817486,0.04059998504817486,0.6058259606361389,0.1717909872531891,0.1717909872531891,0.23336732387542725,0.8971067667007446,0.0006753265594112496
478,0.039814602583646774,0.039814602583646774,0.6068540215492249,0.17257551848888397,0.17257551848888397,0.23305284976959229,0.8963240385055542,0.0006741464165845136
479,0.04091855324804783,0.04091855324804783,0.6060119867324829,0.17454203963279724,0.17454203963279724,0.2341216802597046,0.897528886795044,0.0006729652515249381
480,0.0394950807094574,0.0394950807094574,0.6079117953777313,0.17317909002304077,0.17317909002304077,0.23450036346912384,0.8991942405700684,0.0006717830723280962
481,0.040579792112112045,0.040579792112112045,0.6067012548446655,0.17235852777957916,0.17235852777957916,0.23304370045661926,0.8968452215194702,0.0006705998870965119
482,0.04033829644322395,0.04033829644322395,0.60549396276474,0.17235705256462097,0.17235705256462097,0.23278722167015076,0.8939476609230042,0.0006694157039396041
483,0.04028502479195595,0.04028502479195595,0.6067167222499847,0.17246952652931213,0.17246952652931213,0.2337624430656433,0.8971251249313354,0.0006682305309736318
484,0.03994900919497013,0.03994900919497013,0.6073083579540253,0.17434246838092804,0.17434246838092804,0.23325754702091217,0.8983966708183289,0.0006670443763216375
485,0.03964405134320259,0.03964405134320259,0.6055472791194916,0.175195574760437,0.175195574760437,0.23446643352508545,0.8985369801521301,0.0006658572481133926
486,0.04042057506740093,0.04042057506740093,0.6094183027744293,0.17289124429225922,0.17289124429225922,0.23467883467674255,0.8994995355606079,0.0006646691544853408
487,0.04001655615866184,0.04001655615866184,0.6054028272628784,0.17260336875915527,0.17260336875915527,0.23399755358695984,0.8985306024551392,0.0006634801035805428
488,0.0394491720944643,0.0394491720944643,0.6062331795692444,0.17321911454200745,0.17321911454200745,0.23645630478858948,0.9035370349884033,0.0006622901035486204
489,0.03977012634277344,0.03977012634277344,0.6095959395170212,0.17391206324100494,0.17391206324100494,0.23332136869430542,0.8969677686691284,0.0006610991625457006
490,0.039457354694604874,0.039457354694604874,0.6038662493228912,0.17377670109272003,0.17377670109272003,0.23456524312496185,0.9004073143005371,0.0006599072887343597
491,0.03884804807603359,0.03884804807603359,0.608737975358963,0.17409293353557587,0.17409293353557587,0.23524406552314758,0.9018853306770325,0.0006587144902835672
492,0.03883502911776304,0.03883502911776304,0.6086187362670898,0.17440354824066162,0.17440354824066162,0.23328028619289398,0.8971178531646729,0.0006575207753686304
493,0.038680143654346466,0.038680143654346466,0.6046901345252991,0.1738375425338745,0.1738375425338745,0.23439007997512817,0.8982677459716797,0.0006563261521711373
494,0.0388057567179203,0.0388057567179203,0.6056254208087921,0.174848735332489,0.174848735332489,0.23389849066734314,0.8971625566482544,0.0006551306288789019
495,0.0380967678502202,0.0380967678502202,0.6045543551445007,0.1737450361251831,0.1737450361251831,0.23494157195091248,0.8999372720718384,0.0006539342136859066
496,0.03887237049639225,0.03887237049639225,0.6076291501522064,0.1733616590499878,0.1733616590499878,0.23390856385231018,0.8982558250427246,0.0006527369147922476
497,0.038215125910937786,0.038215125910937786,0.6054079830646515,0.17511512339115143,0.17511512339115143,0.23401039838790894,0.89784175157547,0.0006515387404040772
498,0.03861805982887745,0.03861805982887745,0.6072308123111725,0.1747085154056549,0.1747085154056549,0.23444050550460815,0.8983299732208252,0.0006503396987335486
499,0.03842609003186226,0.03842609003186226,0.6049131751060486,0.1754254400730133,0.1754254400730133,0.23406249284744263,0.8993097543716431,0.0006491397979987589
500,0.03905286267399788,0.03905286267399788,0.6074339151382446,0.1754065454006195,0.1754065454006195,0.23633503913879395,0.9038825035095215,0.0006479390464236939
501,0.03908536210656166,0.03908536210656166,0.6059595346450806,0.17553359270095825,0.17553359270095825,0.23414206504821777,0.898141622543335,0.0006467374522381699
502,0.03867611102759838,0.03867611102759838,0.6044251322746277,0.1749674528837204,0.1749674528837204,0.23607291281223297,0.904009222984314,0.0006455350236777791
503,0.03920747525990009,0.03920747525990009,0.6098504662513733,0.176444411277771,0.176444411277771,0.23300305008888245,0.8969027996063232,0.0006443317689838323
504,0.03866390511393547,0.03866390511393547,0.6032688617706299,0.17511266469955444,0.17511266469955444,0.23205676674842834,0.894535481929779,0.0006431276964033024
505,0.03834727965295315,0.03834727965295315,0.6047540605068207,0.1741771697998047,0.1741771697998047,0.23422493040561676,0.8995312452316284,0.0006419228141887682
506,0.03811797499656677,0.03811797499656677,0.606124758720398,0.1745232343673706,0.1745232343673706,0.23347918689250946,0.8974099159240723,0.0006407171305983572
507,0.03831050358712673,0.03831050358712673,0.6058751940727234,0.17316517233848572,0.17316517233848572,0.23632198572158813,0.9040889143943787,0.0006395106538956899
508,0.037842124700546265,0.037842124700546265,0.6086490750312805,0.17394696176052094,0.17394696176052094,0.23418430984020233,0.8992908596992493,0.0006383033923498224
509,0.03779623471200466,0.03779623471200466,0.6040590405464172,0.1754690259695053,0.1754690259695053,0.2345339059829712,0.9011029601097107,0.0006370953542351904
510,0.03762675262987614,0.03762675262987614,0.6072308421134949,0.1741820126771927,0.1741820126771927,0.23388069868087769,0.8999390602111816,0.0006358865478315516
511,0.037131648510694504,0.037131648510694504,0.6050796210765839,0.1742205172777176,0.1742205172777176,0.23274093866348267,0.8961151838302612,0.00063467698142393
512,0.037139931693673134,0.037139931693673134,0.6027484238147736,0.17413121461868286,0.17413121461868286,0.2348702847957611,0.9008174538612366,0.0006334666633025581
513,0.0376379769295454,0.0376379769295454,0.6077134609222412,0.173691526055336,0.173691526055336,0.2347966432571411,0.9011453986167908,0.0006322556017628209
514,0.03702880069613457,0.03702880069613457,0.6043394207954407,0.17411395907402039,0.17411395907402039,0.23407351970672607,0.8994570374488831,0.0006310438051051985
515,0.036766167730093,0.036766167730093,0.6042611598968506,0.17583809792995453,0.17583809792995453,0.2351066917181015,0.901640772819519,0.0006298312816352096
516,0.03879765793681145,0.03879765793681145,0.6086638867855072,0.1753469556570053,0.1753469556570053,0.2337879240512848,0.8990374803543091,0.0006286180396633544
517,0.03690749406814575,0.03690749406814575,0.6038788855075836,0.17548300325870514,0.17548300325870514,0.23315055668354034,0.8981231451034546,0.0006274040875050573
518,0.03759705647826195,0.03759705647826195,0.603943258523941,0.17405159771442413,0.17405159771442413,0.23573347926139832,0.903313159942627,0.0006261894334806104
519,0.03792091645300388,0.03792091645300388,0.6088204085826874,0.1753539741039276,0.1753539741039276,0.23425886034965515,0.9001535177230835,0.0006249740859151167
520,0.03700178302824497,0.03700178302824497,0.6041574478149414,0.1770903468132019,0.1770903468132019,0.23375150561332703,0.8994858264923096,0.0006237580531384323
521,0.03715921752154827,0.03715921752154827,0.6043621897697449,0.17485477030277252,0.17485477030277252,0.2346569299697876,0.9005803465843201,0.0006225413434851095
522,0.03801552578806877,0.03801552578806877,0.6062513291835785,0.1759716421365738,0.1759716421365738,0.23335164785385132,0.8980082273483276,0.00062132396529434
523,0.03782239183783531,0.03782239183783531,0.602553516626358,0.17685198783874512,0.17685198783874512,0.23408271372318268,0.8996094465255737,0.0006201059269098977
524,0.03734053671360016,0.03734053671360016,0.6043365001678467,0.17389193177223206,0.17389193177223206,0.2344755232334137,0.900954008102417,0.0006188872366800814
525,0.03696352057158947,0.03696352057158947,0.6042317152023315,0.17522288858890533,0.17522288858890533,0.2344406396150589,0.9019885063171387,0.0006176679029576576
526,0.037905351258814335,0.037905351258814335,0.6042442619800568,0.17515739798545837,0.17515739798545837,0.23589570820331573,0.9040775299072266,0.0006164479340998026
527,0.03742252942174673,0.03742252942174673,0.6050156056880951,0.17456045746803284,0.17456045746803284,0.23435834050178528,0.8993633389472961,0.0006152273384680468
528,0.036864507012069225,0.036864507012069225,0.6037794500589371,0.17550906538963318,0.17550906538963318,0.23306484520435333,0.8978369832038879,0.0006140061244282158
529,0.037228548899292946,0.037228548899292946,0.6028984189033508,0.17497926950454712,0.17497926950454712,0.23323339223861694,0.8977565765380859,0.0006127843003503739
530,0.03720390051603317,0.03720390051603317,0.6053991317749023,0.17310339212417603,0.17310339212417603,0.23376724123954773,0.8986262083053589,0.0006115618746087666
531,0.03728637285530567,0.03728637285530567,0.6029728651046753,0.17599426209926605,0.17599426209926605,0.2332828938961029,0.8988205194473267,0.0006103388555817632
532,0.03723457269370556,0.03723457269370556,0.6025052964687347,0.17613942921161652,0.17613942921161652,0.23483248054981232,0.9016667604446411,0.0006091152516517988
533,0.0369475306943059,0.0369475306943059,0.6053509712219238,0.17455804347991943,0.17455804347991943,0.23369427025318146,0.9001157283782959,0.000607891071205318
534,0.03686567395925522,0.03686567395925522,0.60318523645401,0.17460589110851288,0.17460589110851288,0.23346734046936035,0.8996227979660034,0.0006066663226327162
535,0.03684763889759779,0.03684763889759779,0.6054449677467346,0.17420002818107605,0.17420002818107605,0.23296427726745605,0.8978888988494873,0.0006054410143282833
536,0.03722282871603966,0.03722282871603966,0.6016680598258972,0.17525508999824524,0.17525508999824524,0.2337523102760315,0.8993625640869141,0.0006042151546901453
537,0.03712321259081364,0.03712321259081364,0.6037812232971191,0.1753731518983841,0.1753731518983841,0.23528271913528442,0.902956485748291,0.0006029887521202067
538,0.03646440431475639,0.03646440431475639,0.6050997376441956,0.17642447352409363,0.17642447352409363,0.2334306538105011,0.898997962474823,0.0006017618150240934
539,0.036417124792933464,0.036417124792933464,0.603846549987793,0.175331711769104,0.175331711769104,0.2338225543498993,0.8996151685714722,0.0006005343518110949
540,0.03648550808429718,0.03648550808429718,0.6038863062858582,0.17639464139938354,0.17639464139938354,0.23330146074295044,0.8989685773849487,0.0005993063708941065
541,0.036254883743822575,0.036254883743822575,0.6024328172206879,0.17532874643802643,0.17532874643802643,0.23394694924354553,0.9008656144142151,0.0005980778806895721
542,0.03666211571544409,0.03666211571544409,0.6046026647090912,0.17542262375354767,0.17542262375354767,0.2344169169664383,0.9003392457962036,0.000596848889617426
543,0.036141907796263695,0.036141907796263695,0.6034618616104126,0.17638391256332397,0.17638391256332397,0.23389774560928345,0.900641918182373,0.0005956194061010353
544,0.03626855742186308,0.03626855742186308,0.6023532152175903,0.17549031972885132,0.17549031972885132,0.23398207128047943,0.9006507396697998,0.0005943894385671424
545,0.036583397537469864,0.036583397537469864,0.603832870721817,0.17430974543094635,0.17430974543094635,0.23357950150966644,0.8980568051338196,0.0005931589954458069
546,0.03721533715724945,0.03721533715724945,0.6033227741718292,0.1753658503293991,0.1753658503293991,0.23320750892162323,0.8989448547363281,0.0005919280851703486
547,0.036671802401542664,0.036671802401542664,0.6048918962478638,0.17523697018623352,0.17523697018623352,0.23448079824447632,0.9030395746231079,0.0005906967161772884
548,0.0365907633677125,0.0365907633677125,0.6037414371967316,0.17637908458709717,0.17637908458709717,0.23280707001686096,0.8971456289291382,0.0005894648969062915
549,0.037446580827236176,0.037446580827236176,0.6005328297615051,0.17397749423980713,0.17397749423980713,0.23509299755096436,0.9025294780731201,0.0005882326358001093
550,0.03712409362196922,0.03712409362196922,0.6058545708656311,0.17567221820354462,0.17567221820354462,0.23422186076641083,0.902935266494751,0.0005869999413045214
551,0.03757575526833534,0.03757575526833534,0.6034460067749023,0.17785629630088806,0.17785629630088806,0.2343473732471466,0.90224289894104,0.0005857668218682779
552,0.03645808715373278,0.03645808715373278,0.6033626794815063,0.17334656417369843,0.17334656417369843,0.233511820435524,0.899359941482544,0.0005845332859430413
553,0.03707957360893488,0.03707957360893488,0.6024537086486816,0.1749986857175827,0.1749986857175827,0.2315242886543274,0.8960620164871216,0.0005832993419833289
554,0.0366674717515707,0.0366674717515707,0.6031566858291626,0.1773633360862732,0.1773633360862732,0.23498691618442535,0.9040263891220093,0.0005820649984464542
555,0.036068632267415524,0.036068632267415524,0.6045819222927094,0.17563599348068237,0.17563599348068237,0.23298279941082,0.8990782499313354,0.0005808302637924698
556,0.03628145530819893,0.03628145530819893,0.6010989546775818,0.17482347786426544,0.17482347786426544,0.2331312745809555,0.8990134596824646,0.0005795951464841086
557,0.03535560332238674,0.03535560332238674,0.6014604866504669,0.17824643850326538,0.17824643850326538,0.23382161557674408,0.9008713960647583,0.0005783596549867263
558,0.03643692843616009,0.03643692843616009,0.6028994917869568,0.17531929910182953,0.17531929910182953,0.23337216675281525,0.9003291130065918,0.0005771237977682435
559,0.03643813356757164,0.03643813356757164,0.6016279458999634,0.17271192371845245,0.17271192371845245,0.2341466248035431,0.9022482633590698,0.000575887583299087
560,0.03885592892765999,0.03885592892765999,0.6067218780517578,0.1782563477754593,0.1782563477754593,0.23423877358436584,0.9018774032592773,0.0005746510200521325
561,0.037203891202807426,0.037203891202807426,0.6032741665840149,0.17904485762119293,0.17904485762119293,0.23220141232013702,0.8977776765823364,0.0005734141165026458
562,0.03740365616977215,0.03740365616977215,0.6028516292572021,0.17651399970054626,0.17651399970054626,0.23419801890850067,0.9021584391593933,0.0005721768811282256
563,0.03791230916976929,0.03791230916976929,0.6051686406135559,0.17763204872608185,0.17763204872608185,0.23311860859394073,0.8996577262878418,0.0005709393224087445
564,0.03784669004380703,0.03784669004380703,0.6017585396766663,0.1780591458082199,0.1780591458082199,0.23380519449710846,0.9015457630157471,0.0005697014488262915
565,0.03658449091017246,0.03658449091017246,0.6045369803905487,0.17473967373371124,0.17473967373371124,0.23530682921409607,0.9046350121498108,0.0005684632688651133
566,0.03719904273748398,0.03719904273748398,0.6056583225727081,0.17392930388450623,0.17392930388450623,0.23165138065814972,0.8967205882072449,0.0005672247910115569
567,0.0373416393995285,0.0373416393995285,0.5985607504844666,0.17394152283668518,0.17394152283668518,0.23197099566459656,0.898032546043396,0.0005659860237540107
568,0.036846740171313286,0.036846740171313286,0.602789044380188,0.1732579916715622,0.1732579916715622,0.23419928550720215,0.9022477865219116,0.0005647469755828469
569,0.03676597774028778,0.03676597774028778,0.6047147512435913,0.17498862743377686,0.17498862743377686,0.23371128737926483,0.9003461599349976,0.000563507654990363
570,0.03632699325680733,0.03632699325680733,0.6016055643558502,0.17509067058563232,0.17509067058563232,0.23368099331855774,0.9006423950195312,0.0005622680704707234
571,0.03692539408802986,0.03692539408802986,0.6038936078548431,0.17499877512454987,0.17499877512454987,0.23364950716495514,0.9017065763473511,0.0005610282305199017
572,0.036457935348153114,0.036457935348153114,0.6018175482749939,0.17522959411144257,0.17522959411144257,0.23341378569602966,0.9012187719345093,0.0005597881436356221
573,0.035708880983293056,0.035708880983293056,0.6030350178480148,0.17421557009220123,0.17421557009220123,0.23510286211967468,0.9043574333190918,0.0005585478183173013
574,0.038515117950737476,0.038515117950737476,0.6082910299301147,0.17419925332069397,0.17419925332069397,0.23213157057762146,0.898571789264679,0.00055730726306599
575,0.03646210115402937,0.03646210115402937,0.5999860167503357,0.17773617804050446,0.17773617804050446,0.2328609973192215,0.9005658030509949,0.0005560664863843152
576,0.036749412305653095,0.036749412305653095,0.604213684797287,0.1755858063697815,0.1755858063697815,0.23471224308013916,0.9038589000701904,0.0005548254967764211
577,0.03588546812534332,0.03588546812534332,0.6041504442691803,0.17467357218265533,0.17467357218265533,0.2332855761051178,0.9009352326393127,0.0005535843027479116
578,0.03568851947784424,0.03568851947784424,0.6001451313495636,0.17465633153915405,0.17465633153915405,0.23389655351638794,0.9025225639343262,0.0005523429128057918
579,0.03539513237774372,0.03539513237774372,0.6033709347248077,0.17578722536563873,0.17578722536563873,0.23542925715446472,0.906515896320343,0.000551101335458409
580,0.035378407686948776,0.035378407686948776,0.6054934859275818,0.1748248189687729,0.1748248189687729,0.23375453054904938,0.9028262495994568,0.0005498595792153957
581,0.035731217823922634,0.035731217823922634,0.6007790267467499,0.17475083470344543,0.17475083470344543,0.2334228754043579,0.9011260271072388,0.0005486176525876099
582,0.035074736922979355,0.035074736922979355,0.6032513380050659,0.17508427798748016,0.17508427798748016,0.23468802869319916,0.9031422138214111,0.0005473755640870776
583,0.0353369927033782,0.0353369927033782,0.6016971468925476,0.17601191997528076,0.17601191997528076,0.23274146020412445,0.900399386882782,0.0005461333222269346
584,0.03699270635843277,0.03699270635843277,0.6007131934165955,0.17424698173999786,0.17424698173999786,0.23538488149642944,0.9066001176834106,0.0005448909355213672
585,0.036603422835469246,0.036603422835469246,0.6073587834835052,0.17414145171642303,0.17414145171642303,0.23455919325351715,0.9038842916488647,0.0005436484124855549
586,0.03485286049544811,0.03485286049544811,0.6014113426208496,0.17545294761657715,0.17545294761657715,0.2321295142173767,0.8981074690818787,0.0005424057616356117
587,0.03620392084121704,0.03620392084121704,0.6003848910331726,0.17424368858337402,0.17424368858337402,0.23465749621391296,0.9034133553504944,0.000541162991488527
588,0.03544062469154596,0.03544062469154596,0.6061365604400635,0.17531296610832214,0.17531296610832214,0.23375698924064636,0.9031270146369934,0.0005399201105621082
589,0.03513870481401682,0.03513870481401682,0.6025713086128235,0.17522376775741577,0.17522376775741577,0.23229274153709412,0.89949631690979,0.0005386771273749226
590,0.035256423987448215,0.035256423987448215,0.6006287932395935,0.17557287216186523,0.17557287216186523,0.23417244851589203,0.9022251963615417,0.0005374340504462371
591,0.03645297605544329,0.03645297605544329,0.604756236076355,0.17632614076137543,0.17632614076137543,0.23368775844573975,0.9022693037986755,0.0005361908882959623
592,0.03542812820523977,0.03542812820523977,0.6020841002464294,0.1761404275894165,0.1761404275894165,0.23283176124095917,0.9010741710662842,0.0005349476494445919
593,0.03516494296491146,0.03516494296491146,0.6012799739837646,0.17491687834262848,0.17491687834262848,0.23436632752418518,0.9030791521072388,0.0005337043424131462
594,0.03603940084576607,0.03603940084576607,0.6032501459121704,0.1751173436641693,0.1751173436641693,0.23312559723854065,0.9010962843894958,0.0005324609757231121
595,0.03526642546057701,0.03526642546057701,0.5996128916740417,0.17580996453762054,0.17580996453762054,0.23387785255908966,0.9027495384216309,0.0005312175578963859
596,0.034853698685765266,0.034853698685765266,0.601761132478714,0.17575398087501526,0.17575398087501526,0.2355637401342392,0.9054391384124756,0.000529974097455214
597,0.03488154709339142,0.03488154709339142,0.6025307178497314,0.17507727444171906,0.17507727444171906,0.23314416408538818,0.9012203216552734,0.0005287306029221352
598,0.03439128864556551,0.03439128864556551,0.6002082526683807,0.1746973991394043,0.1746973991394043,0.23323310911655426,0.9026835560798645,0.0005274870828199215
599,0.03438238427042961,0.03438238427042961,0.6023121774196625,0.17707324028015137,0.17707324028015137,0.23392638564109802,0.9026707410812378,0.0005262435456715208
600,0.03426564019173384,0.03426564019173384,0.6010998785495758,0.1766447126865387,0.1766447126865387,0.2324334681034088,0.898824155330658,0.0005249999999999973
601,0.034050969406962395,0.034050969406962395,0.5997600555419922,0.17599081993103027,0.17599081993103027,0.23340940475463867,0.9022042751312256,0.0005237564543284737
602,0.034171451814472675,0.034171451814472675,0.6014840006828308,0.17614105343818665,0.17614105343818665,0.23373231291770935,0.90226149559021,0.000522512917180073
603,0.033876399509608746,0.033876399509608746,0.6011485159397125,0.17621460556983948,0.17621460556983948,0.23412805795669556,0.9029225707054138,0.0005212693970778594
604,0.0343951927497983,0.0343951927497983,0.6033420264720917,0.17598962783813477,0.17598962783813477,0.23328951001167297,0.9024953842163086,0.0005200259025447805
605,0.0340259512886405,0.0340259512886405,0.600956916809082,0.17863045632839203,0.17863045632839203,0.23296040296554565,0.9016960859298706,0.0005187824421036086
606,0.03409825172275305,0.03409825172275305,0.5991523563861847,0.17837290465831757,0.17837290465831757,0.23415592312812805,0.9034546613693237,0.0005175390242768824
607,0.03406665287911892,0.03406665287911892,0.6015405356884003,0.17642351984977722,0.17642351984977722,0.23372741043567657,0.903008222579956,0.0005162956575868483
608,0.033765122294425964,0.033765122294425964,0.6012928783893585,0.17745260894298553,0.17745260894298553,0.23427808284759521,0.9041035175323486,0.0005150523505554026
609,0.033757551573216915,0.033757551573216915,0.6020874679088593,0.17739559710025787,0.17739559710025787,0.23443448543548584,0.9039689302444458,0.0005138091117040321
610,0.03353643324226141,0.03353643324226141,0.6021947860717773,0.1766892373561859,0.1766892373561859,0.2333393692970276,0.9022010564804077,0.0005125659495537572
611,0.03353323973715305,0.03353323973715305,0.6007444858551025,0.1769178956747055,0.1769178956747055,0.23347949981689453,0.9021810293197632,0.0005113228726250718
612,0.03348454274237156,0.03348454274237156,0.600854367017746,0.17753487825393677,0.17753487825393677,0.2334907352924347,0.902026355266571,0.0005100798894378861
613,0.03343316167593002,0.03343316167593002,0.5998932123184204,0.17740590870380402,0.17740590870380402,0.23316837847232819,0.9012178182601929,0.0005088370085114675
614,0.03374800365418196,0.03374800365418196,0.6018858104944229,0.17678722739219666,0.17678722739219666,0.23393487930297852,0.9027729034423828,0.0005075942383643828
615,0.03327642008662224,0.03327642008662224,0.6015068292617798,0.17864210903644562,0.17864210903644562,0.23329965770244598,0.9022575616836548,0.0005063515875144395
616,0.033350665122270584,0.033350665122270584,0.6001182794570923,0.17811550199985504,0.17811550199985504,0.23371732234954834,0.9031781554222107,0.0005051090644786272
617,0.03372595366090536,0.03372595366090536,0.6010676920413971,0.17781075835227966,0.17781075835227966,0.2332807332277298,0.9015035629272461,0.00050386667777306
618,0.033422792330384254,0.033422792330384254,0.5990448594093323,0.17822441458702087,0.17822441458702087,0.23343980312347412,0.9024459719657898,0.0005026244359129168
619,0.03315345384180546,0.03315345384180546,0.6015616059303284,0.17741166055202484,0.17741166055202484,0.23420614004135132,0.9048017263412476,0.0005013823474123845
620,0.03345831297338009,0.03345831297338009,0.6024184823036194,0.1781149059534073,0.1781149059534073,0.23373955488204956,0.9030888676643372,0.0005001404207845987
621,0.03315757215023041,0.03315757215023041,0.6010972857475281,0.17835958302021027,0.17835958302021027,0.23403939604759216,0.9037085771560669,0.0004988986645415853
622,0.033085416071116924,0.033085416071116924,0.601157009601593,0.17794470489025116,0.17794470489025116,0.23394715785980225,0.9039720892906189,0.0004976570871942026
623,0.03322727978229523,0.03322727978229523,0.6004789471626282,0.17905598878860474,0.17905598878860474,0.23361924290657043,0.9033255577087402,0.0004964156972520826
624,0.03322464879602194,0.03322464879602194,0.6020710170269012,0.17857974767684937,0.17857974767684937,0.23442424833774567,0.9045411348342896,0.0004951745032235732
625,0.03338931128382683,0.03338931128382683,0.600800633430481,0.1787106990814209,0.1787106990814209,0.2340031862258911,0.903510332107544,0.000493933513615679
626,0.0333806648850441,0.0333806648850441,0.6016521453857422,0.17879951000213623,0.17879951000213623,0.2348940074443817,0.9062448143959045,0.0004926927369340041
627,0.03313297312706709,0.03313297312706709,0.6024688482284546,0.17934221029281616,0.17934221029281616,0.2325422614812851,0.900283932685852,0.0004914521816826927
628,0.033366136252880096,0.033366136252880096,0.5986376702785492,0.17864876985549927,0.17864876985549927,0.23263758420944214,0.9004727602005005,0.0004902118563643719
629,0.03332476317882538,0.03332476317882538,0.6006442606449127,0.17815090715885162,0.17815090715885162,0.2332840859889984,0.902389645576477,0.0004889717694800922
630,0.0333083588629961,0.0333083588629961,0.6007741391658783,0.18107862770557404,0.18107862770557404,0.23365235328674316,0.903563380241394,0.0004877319295292706
631,0.033462061546742916,0.033462061546742916,0.6006314158439636,0.17958398163318634,0.17958398163318634,0.2340252697467804,0.9036136865615845,0.000486492345009631
632,0.03314049635082483,0.03314049635082483,0.5999686121940613,0.17898280918598175,0.17898280918598175,0.23325884342193604,0.9021414518356323,0.000485253024417147
633,0.03313405718654394,0.03313405718654394,0.6000983119010925,0.18048831820487976,0.18048831820487976,0.23331132531166077,0.9031033515930176,0.00048401397624598335
634,0.03320674691349268,0.03320674691349268,0.5990482568740845,0.17915640771389008,0.17915640771389008,0.23290976881980896,0.9011740684509277,0.0004827752089884372
635,0.03306766785681248,0.03306766785681248,0.5998726189136505,0.1787487119436264,0.1787487119436264,0.23374369740486145,0.9034417271614075,0.00048153673113488085
636,0.03293720260262489,0.03293720260262489,0.6004486680030823,0.17975907027721405,0.17975907027721405,0.23320209980010986,0.9022337198257446,0.00048029855117370253
637,0.03302617557346821,0.03302617557346821,0.5992462337017059,0.17965924739837646,0.17965924739837646,0.23402756452560425,0.9043914079666138,0.0004790606775912495
638,0.0327686658129096,0.0327686658129096,0.6006661951541901,0.18029196560382843,0.18029196560382843,0.2336486577987671,0.9038600921630859,0.0004778231188717684
639,0.032997715286910534,0.032997715286910534,0.6005064249038696,0.17950469255447388,0.17950469255447388,0.23302879929542542,0.9013971090316772,0.00047658588349734827
640,0.032696960493922234,0.032696960493922234,0.598977267742157,0.17845988273620605,0.17845988273620605,0.23371179401874542,0.903010904788971,0.00047534897994786163
641,0.03269826155155897,0.03269826155155897,0.6004614531993866,0.17923788726329803,0.17923788726329803,0.2341310977935791,0.9050015211105347,0.000474112416700907
642,0.032885984517633915,0.032885984517633915,0.6013661921024323,0.17934924364089966,0.17934924364089966,0.23330464959144592,0.9024348258972168,0.0004728762022317505
643,0.032692309468984604,0.032692309468984604,0.5982471704483032,0.1802135705947876,0.1802135705947876,0.23311786353588104,0.9014883637428284,0.00047164034501326763
644,0.032790026627480984,0.032790026627480984,0.5992354154586792,0.18015244603157043,0.18015244603157043,0.23357532918453217,0.9042047262191772,0.00047040485351588547
645,0.03287883847951889,0.03287883847951889,0.6002701669931412,0.1802530735731125,0.1802530735731125,0.23275038599967957,0.9023289680480957,0.0004691697362075242
646,0.03263670951128006,0.03263670951128006,0.5991602540016174,0.17952823638916016,0.17952823638916016,0.23341961205005646,0.9023414850234985,0.0004679350015535398
647,0.033352527767419815,0.033352527767419815,0.5991205275058746,0.1808498054742813,0.1808498054742813,0.2336682677268982,0.9037489891052246,0.000466700658016665
648,0.03360908478498459,0.03360908478498459,0.6011376976966858,0.18154358863830566,0.18154358863830566,0.23375891149044037,0.9044904708862305,0.0004654667140569526
649,0.03310889657586813,0.03310889657586813,0.5992294251918793,0.18011456727981567,0.18011456727981567,0.23347057402133942,0.9029821753501892,0.00046423317813171607
650,0.03368637524545193,0.03368637524545193,0.6007916629314423,0.17915736138820648,0.17915736138820648,0.23509955406188965,0.9062308073043823,0.0004630000586954727
651,0.03363335318863392,0.03363335318863392,0.6017301976680756,0.18040448427200317,0.18040448427200317,0.2322411835193634,0.9004513025283813,0.00046176736419988485
652,0.0332787474617362,0.0332787474617362,0.5966772139072418,0.18086062371730804,0.18086062371730804,0.23254378139972687,0.9012134075164795,0.0004605351030937026
653,0.03359653055667877,0.03359653055667877,0.5995239913463593,0.17980223894119263,0.17980223894119263,0.23293575644493103,0.9022068977355957,0.00045930328382270556
654,0.03327346779406071,0.03327346779406071,0.5994234383106232,0.180810809135437,0.180810809135437,0.23200267553329468,0.9004162549972534,0.0004580719148296454
655,0.0336914137005806,0.0336914137005806,0.5984606146812439,0.18140991032123566,0.18140991032123566,0.23437188565731049,0.9057350158691406,0.0004568410045541871
656,0.03371940925717354,0.03371940925717354,0.6018356084823608,0.18095125257968903,0.18095125257968903,0.2348344326019287,0.9062554240226746,0.0004556105614328519
657,0.03322692681103945,0.03322692681103945,0.6015268564224243,0.18042971193790436,0.18042971193790436,0.23237401247024536,0.9011891484260559,0.00045438059389895887
658,0.0337338475510478,0.0337338475510478,0.5962623953819275,0.180385023355484,0.180385023355484,0.233108252286911,0.9024563431739807,0.00045315111038256816
659,0.03384828753769398,0.03384828753769398,0.5979540348052979,0.18157830834388733,0.18157830834388733,0.23402753472328186,0.9039002656936646,0.0004519221193104221
660,0.03380431421101093,0.03380431421101093,0.6008720397949219,0.18094690144062042,0.18094690144062042,0.2333599030971527,0.9040545225143433,0.0004506936291058878
661,0.03352809511125088,0.03352809511125088,0.5989274084568024,0.18017254769802094,0.18017254769802094,0.23200039565563202,0.9006170034408569,0.00044946564818889933
662,0.03392516262829304,0.03392516262829304,0.5970788300037384,0.18222637474536896,0.18222637474536896,0.23364490270614624,0.9032542705535889,0.00044823818497590086
663,0.033870200626552105,0.033870200626552105,0.5999105870723724,0.18301233649253845,0.18301233649253845,0.2341366410255432,0.9050407409667969,0.0004470112478797875
664,0.033480819314718246,0.033480819314718246,0.5989089608192444,0.1802903264760971,0.1802903264760971,0.23303110897541046,0.9030925035476685,0.0004457848453098487
665,0.03394191153347492,0.03394191153347492,0.6001493334770203,0.18137140572071075,0.18137140572071075,0.23370695114135742,0.903950572013855,0.0004445589856717107
666,0.03291357681155205,0.03291357681155205,0.5995966792106628,0.18400295078754425,0.18400295078754425,0.23328903317451477,0.9033229351043701,0.0004433336773672779
667,0.03289859928190708,0.03289859928190708,0.5977526903152466,0.1813216656446457,0.1813216656446457,0.23332074284553528,0.9045097231864929,0.00044210892879467634
668,0.032539126463234425,0.032539126463234425,0.5988662540912628,0.18042221665382385,0.18042221665382385,0.2337614893913269,0.9046334028244019,0.00044088474834819537
669,0.032958793453872204,0.032958793453872204,0.5986742973327637,0.18139681220054626,0.18139681220054626,0.2332630753517151,0.9022748470306396,0.0004396611444182309
670,0.03242659755051136,0.03242659755051136,0.5978878140449524,0.1817016899585724,0.1817016899585724,0.23397016525268555,0.9047757983207703,0.0004384381253912274
671,0.03262139856815338,0.03262139856815338,0.5997010171413422,0.1811791956424713,0.1811791956424713,0.2333003729581833,0.9036679267883301,0.00043721569964962016
672,0.03229089919477701,0.03229089919477701,0.5978450775146484,0.18030445277690887,0.18030445277690887,0.2324170470237732,0.9012121558189392,0.0004359938755717782
673,0.0319841718301177,0.0319841718301177,0.5972510278224945,0.18143145740032196,0.18143145740032196,0.23331061005592346,0.9030437469482422,0.00043477266153194727
674,0.03205208666622639,0.03205208666622639,0.5988975167274475,0.18226997554302216,0.18226997554302216,0.23328283429145813,0.9033294916152954,0.0004335520659001914
675,0.03198685310781002,0.03198685310781002,0.5981370508670807,0.18172983825206757,0.18172983825206757,0.23287644982337952,0.9024701118469238,0.0004323320970423364
676,0.031712074764072895,0.031712074764072895,0.5971746444702148,0.18148548901081085,0.18148548901081085,0.2326488196849823,0.902175784111023,0.0004311127633199125
677,0.032116832211613655,0.032116832211613655,0.5986160933971405,0.18187326192855835,0.18187326192855835,0.2325689047574997,0.9020844101905823,0.0004298940730900963
678,0.03200239967554808,0.03200239967554808,0.5975020229816437,0.18324008584022522,0.18324008584022522,0.2330635040998459,0.902830183506012,0.00042867603470565405
679,0.032161109149456024,0.032161109149456024,0.5982195138931274,0.1821051985025406,0.1821051985025406,0.23397481441497803,0.9048638343811035,0.00042745865651488453
680,0.03167629428207874,0.03167629428207874,0.5991150736808777,0.18117940425872803,0.18117940425872803,0.23320184648036957,0.9035177230834961,0.0004262419468615617
681,0.0319083658978343,0.0319083658978343,0.5977774858474731,0.18192771077156067,0.18192771077156067,0.23340857028961182,0.9039167165756226,0.00042502591408487733
682,0.03173421137034893,0.03173421137034893,0.5977661162614822,0.18336190283298492,0.18336190283298492,0.2330138087272644,0.9028618335723877,0.0004238105665193837
683,0.031768674962222576,0.031768674962222576,0.597366988658905,0.1825249344110489,0.1825249344110489,0.23317362368106842,0.9039169549942017,0.00042259591249493687
684,0.03189989645034075,0.03189989645034075,0.5987692475318909,0.18209125101566315,0.18209125101566315,0.23361000418663025,0.904577910900116,0.00042138196033663977
685,0.031676202081143856,0.031676202081143856,0.5981318354606628,0.18399417400360107,0.18399417400360107,0.23339912295341492,0.903418779373169,0.00042016871836478455
686,0.031724536791443825,0.031724536791443825,0.5971639752388,0.18411195278167725,0.18411195278167725,0.23372918367385864,0.9048985242843628,0.00041895619489479557
687,0.031711045652627945,0.031711045652627945,0.5984933376312256,0.18245597183704376,0.18245597183704376,0.23318113386631012,0.9034392833709717,0.00041774439823717333
688,0.031588281504809856,0.031588281504809856,0.5971664488315582,0.18250136077404022,0.18250136077404022,0.23279233276844025,0.9016146063804626,0.0004165333366974361
689,0.03146851062774658,0.03146851062774658,0.5971570014953613,0.18392522633075714,0.18392522633075714,0.23334474861621857,0.9033312797546387,0.0004153230185760642
690,0.03148203995078802,0.03148203995078802,0.5971139371395111,0.18440167605876923,0.18440167605876923,0.23308496177196503,0.9032961130142212,0.0004141134521684424
691,0.032045360654592514,0.032045360654592514,0.5968295335769653,0.18303345143795013,0.18303345143795013,0.23355497419834137,0.9037339091300964,0.00041290464576480373
692,0.03180796466767788,0.03180796466767788,0.5982452929019928,0.18386143445968628,0.18386143445968628,0.23319387435913086,0.9034909009933472,0.00041169660765017174
693,0.031571426428854465,0.031571426428854465,0.5967683792114258,0.1842384785413742,0.1842384785413742,0.23266667127609253,0.9025602340698242,0.0004104893461043044
694,0.03157930448651314,0.03157930448651314,0.5959910750389099,0.18384510278701782,0.18384510278701782,0.23378756642341614,0.9046088457107544,0.0004092828694016369
695,0.03137843869626522,0.03137843869626522,0.5976777374744415,0.18368375301361084,0.18368375301361084,0.2342020869255066,0.9054752588272095,0.0004080771858112259
696,0.03173836041241884,0.03173836041241884,0.5976596772670746,0.18339262902736664,0.18339262902736664,0.23356974124908447,0.9043194055557251,0.0004068723035966917
697,0.031226858496665955,0.031226858496665955,0.5970543324947357,0.18418964743614197,0.18418964743614197,0.23473408818244934,0.9068161249160767,0.00040566823101616164
698,0.03161545656621456,0.03161545656621456,0.5992523729801178,0.18411318957805634,0.18411318957805634,0.23318742215633392,0.903212308883667,0.00040446497632221496
699,0.03120831400156021,0.03120831400156021,0.5964850783348083,0.18427729606628418,0.18427729606628418,0.2322372943162918,0.9012929201126099,0.00040326254776182433
700,0.03131799679249525,0.03131799679249525,0.5967513620853424,0.18461593985557556,0.18461593985557556,0.23378050327301025,0.9049369096755981,0.00040206095357630037
701,0.03149113152176142,0.03149113152176142,0.5985998809337616,0.1846970021724701,0.1846970021724701,0.23278860747814178,0.902092456817627,0.0004008602020012351
702,0.031195711344480515,0.031195711344480515,0.5957801640033722,0.18476925790309906,0.18476925790309906,0.2329668551683426,0.9025596380233765,0.0003996603012664456
703,0.031171717680990696,0.031171717680990696,0.5970155894756317,0.18490642309188843,0.18490642309188843,0.23376834392547607,0.9049595594406128,0.000398461259595917
704,0.031161464750766754,0.031161464750766754,0.5978365540504456,0.18541453778743744,0.18541453778743744,0.23343154788017273,0.9044835567474365,0.00039726308520774664
705,0.030937062576413155,0.030937062576413155,0.5970066785812378,0.1853930503129959,0.1853930503129959,0.23347966372966766,0.9045373797416687,0.00039606578631408743
706,0.031003886833786964,0.031003886833786964,0.5972184538841248,0.18492676317691803,0.18492676317691803,0.23298300802707672,0.9037021398544312,0.00039486937112109225
707,0.03101207222789526,0.03101207222789526,0.5969580113887787,0.1849481612443924,0.1849481612443924,0.23357142508029938,0.9045925140380859,0.00039367384782885685
708,0.031014890410006046,0.031014890410006046,0.5970201194286346,0.1853976994752884,0.1853976994752884,0.23338459432125092,0.903903603553772,0.0003924792246313637
709,0.03091689758002758,0.03091689758002758,0.5962275266647339,0.18472878634929657,0.18472878634929657,0.23324941098690033,0.9043682813644409,0.00039128550971642684
710,0.0310187553986907,0.0310187553986907,0.5972134470939636,0.1850983053445816,0.1850983053445816,0.23351263999938965,0.9044187664985657,0.0003900927112656345
711,0.03104476071894169,0.03104476071894169,0.5961520373821259,0.18647363781929016,0.18647363781929016,0.23308825492858887,0.9027623534202576,0.0003889008374542935
712,0.031169278547167778,0.031169278547167778,0.5963592529296875,0.18540488183498383,0.18540488183498383,0.23387134075164795,0.905968964099884,0.00038770989645137355
713,0.03142347279936075,0.03142347279936075,0.5983264446258545,0.18541932106018066,0.18541932106018066,0.23283308744430542,0.9034073352813721,0.0003865198964194513
714,0.03116171807050705,0.03116171807050705,0.5961819291114807,0.18657329678535461,0.18657329678535461,0.23331554234027863,0.9034799337387085,0.0003853308455146533
715,0.03127592708915472,0.03127592708915472,0.5955474972724915,0.18584267795085907,0.18584267795085907,0.23313437402248383,0.9039324522018433,0.0003841427518866014
716,0.031207400374114513,0.031207400374114513,0.5967921316623688,0.18536965548992157,0.18536965548992157,0.233672097325325,0.9052919149398804,0.00038295562367835655
717,0.03136624302715063,0.03136624302715063,0.5979872643947601,0.1861579865217209,0.1861579865217209,0.2332289069890976,0.9034209251403809,0.00038176946902636225
718,0.03126104734838009,0.03126104734838009,0.5953058004379272,0.18612754344940186,0.18612754344940186,0.23365694284439087,0.9053230285644531,0.00038058429606038985
719,0.03090431820601225,0.03090431820601225,0.5966598093509674,0.18599538505077362,0.18599538505077362,0.2339937537908554,0.9067063331604004,0.000379400112903482
720,0.03120721597224474,0.03120721597224474,0.5976857542991638,0.18703296780586243,0.18703296780586243,0.23294398188591003,0.9031829237937927,0.0003782169276718977
721,0.03145526070147753,0.03145526070147753,0.5950931906700134,0.18649202585220337,0.18649202585220337,0.23327156901359558,0.9042906761169434,0.00037703474847505596
722,0.03088939469307661,0.03088939469307661,0.5980835556983948,0.18585176765918732,0.18585176765918732,0.23429396748542786,0.9068629145622253,0.0003758535834154804
723,0.030988063663244247,0.030988063663244247,0.597899317741394,0.1861291080713272,0.1861291080713272,0.23292525112628937,0.9034217000007629,0.00037467344058874426
724,0.03101424966007471,0.03101424966007471,0.5943169295787811,0.18674345314502716,0.18674345314502716,0.23348551988601685,0.9043505191802979,0.0003734943280834145
725,0.03122679516673088,0.03122679516673088,0.5964999794960022,0.18672218918800354,0.18672218918800354,0.23387104272842407,0.905968189239502,0.00037231625398099604
726,0.03099331073462963,0.03099331073462963,0.5960620045661926,0.18645864725112915,0.18645864725112915,0.23280727863311768,0.9039958715438843,0.00037113922635587674
727,0.031396934762597084,0.031396934762597084,0.5957853496074677,0.18663519620895386,0.18663519620895386,0.23440423607826233,0.9069969654083252,0.00036996325327527245
728,0.030774065293371677,0.030774065293371677,0.5982125997543335,0.18797971308231354,0.18797971308231354,0.2340104877948761,0.9055008292198181,0.0003687883427991707
729,0.03140521980822086,0.03140521980822086,0.5962037742137909,0.18819230794906616,0.18819230794906616,0.23275941610336304,0.9036744832992554,0.0003676145029802766
730,0.03132842015475035,0.03132842015475035,0.595397412776947,0.1879212111234665,0.1879212111234665,0.23431113362312317,0.9071475267410278,0.0003664417418639565
731,0.031164159066975117,0.031164159066975117,0.598606139421463,0.18704822659492493,0.18704822659492493,0.23380528390407562,0.9053486585617065,0.00036527006748818426
732,0.03113020397722721,0.03113020397722721,0.5957717001438141,0.18731549382209778,0.18731549382209778,0.23208189010620117,0.9022548198699951,0.0003640994878834844
733,0.031607323326170444,0.031607323326170444,0.5940122902393341,0.18809062242507935,0.18809062242507935,0.23349504172801971,0.9055918455123901,0.00036293001107287875
734,0.03089825063943863,0.03089825063943863,0.5972957909107208,0.18777120113372803,0.18777120113372803,0.23468023538589478,0.9077816009521484,0.0003617616450718302
735,0.03127044811844826,0.03127044811844826,0.5969747304916382,0.18757833540439606,0.18757833540439606,0.2332867830991745,0.9048246741294861,0.0003605943978881887
736,0.030812055803835392,0.030812055803835392,0.5948291420936584,0.1874689906835556,0.1874689906835556,0.23360507190227509,0.9053701758384705,0.0003594282775221357
737,0.03094892017543316,0.03094892017543316,0.5968699157238007,0.1879795640707016,0.1879795640707016,0.2340962439775467,0.9066137671470642,0.00035826329196612944
738,0.03079874347895384,0.03079874347895384,0.5960312783718109,0.1878286451101303,0.1878286451101303,0.23253995180130005,0.9031559228897095,0.0003570994492048507
739,0.03102073445916176,0.03102073445916176,0.5935983955860138,0.18729649484157562,0.18729649484157562,0.23333412408828735,0.9044101238250732,0.00035593675721514747
740,0.03147421404719353,0.03147421404719353,0.5969955027103424,0.18838819861412048,0.18838819861412048,0.23340138792991638,0.9054276943206787,0.00035477522396598035
741,0.030576767399907112,0.030576767399907112,0.5952703952789307,0.18974654376506805,0.18974654376506805,0.23252566158771515,0.9036462306976318,0.000353614857418368
742,0.030828584916889668,0.030828584916889668,0.5946117043495178,0.18865637481212616,0.18865637481212616,0.2339220643043518,0.9061733484268188,0.0003524556655253332
743,0.03060847893357277,0.03060847893357277,0.596940279006958,0.18838511407375336,0.18838511407375336,0.23393084108829498,0.90549236536026,0.00035129765623184706
744,0.03070415835827589,0.03070415835827589,0.5950652956962585,0.18888093531131744,0.18888093531131744,0.2329602837562561,0.9038270115852356,0.000350140837474776
745,0.03034873027354479,0.03034873027354479,0.5940564870834351,0.18891537189483643,0.18891537189483643,0.23413380980491638,0.9070029258728027,0.00034898521718282566
746,0.03080299962311983,0.03080299962311983,0.5973661839962006,0.1895003318786621,0.1895003318786621,0.2334555834531784,0.9052190780639648,0.0003478308032764887
747,0.03031428623944521,0.03031428623944521,0.5948570668697357,0.18972867727279663,0.18972867727279663,0.23214490711688995,0.9025554656982422,0.0003466776036679885
748,0.030926846899092197,0.030926846899092197,0.5937249213457108,0.18981260061264038,0.18981260061264038,0.23368987441062927,0.906265377998352,0.000345525626261226
749,0.03151239454746246,0.03151239454746246,0.5982925891876221,0.18960429728031158,0.18960429728031158,0.23395830392837524,0.9060443639755249,0.0003443748789517256
750,0.03043744619935751,0.03043744619935751,0.5965169966220856,0.18931415677070618,0.18931415677070618,0.23207084834575653,0.9019829630851746,0.00034322536962658033
751,0.03152057435363531,0.03152057435363531,0.5927453190088272,0.18993563950061798,0.18993563950061798,0.2335999608039856,0.9058902263641357,0.0003420771061643985
752,0.03079082164913416,0.03079082164913416,0.5963772535324097,0.1897614300251007,0.1897614300251007,0.23454639315605164,0.9079420566558838,0.0003409300964352491
753,0.030541454441845417,0.030541454441845417,0.5969633162021637,0.19017557799816132,0.19017557799816132,0.23333075642585754,0.9054857492446899,0.00033978434830060866
754,0.031080742366611958,0.031080742366611958,0.5948476791381836,0.191212996840477,0.191212996840477,0.2332344502210617,0.9050483703613281,0.00033863986961330634
755,0.030306605622172356,0.030306605622172356,0.5950226783752441,0.1905004382133484,0.1905004382133484,0.2338462471961975,0.9064934849739075,0.0003374966682174711
756,0.031122070737183094,0.031122070737183094,0.5976297557353973,0.18979528546333313,0.18979528546333313,0.23281385004520416,0.9040590524673462,0.00033635475194847714
757,0.03093348629772663,0.03093348629772663,0.5939550399780273,0.18963605165481567,0.18963605165481567,0.2323402464389801,0.9029831886291504,0.00033521412863289103
758,0.03105179127305746,0.03105179127305746,0.5961699783802032,0.1901155263185501,0.1901155263185501,0.2345629632472992,0.9083353877067566,0.000334074806088417
759,0.030807409435510635,0.030807409435510635,0.5975963175296783,0.190791517496109,0.190791517496109,0.23327496647834778,0.905562162399292,0.0003329367921238441
760,0.030457360669970512,0.030457360669970512,0.5943352580070496,0.19055937230587006,0.19055937230587006,0.23320014774799347,0.9048510789871216,0.00033180009453899283
761,0.030683900229632854,0.030683900229632854,0.5951828956604004,0.1901276409626007,0.1901276409626007,0.23408275842666626,0.9061065912246704,0.0003306647211246612
762,0.03077929001301527,0.03077929001301527,0.5954969525337219,0.19101698696613312,0.19101698696613312,0.2328420877456665,0.9044845104217529,0.0003295306796625715
763,0.030549507588148117,0.030549507588148117,0.5930132567882538,0.19065378606319427,0.19065378606319427,0.2330946922302246,0.905074417591095,0.00032839797792531654
764,0.02999413851648569,0.02999413851648569,0.5941652059555054,0.19073238968849182,0.19073238968849182,0.23427113890647888,0.9070799946784973,0.0003272666236763076
765,0.030308673158288002,0.030308673158288002,0.5961494147777557,0.19096820056438446,0.19096820056438446,0.23359254002571106,0.9055238962173462,0.0003261366246697199
766,0.03000685852020979,0.03000685852020979,0.5944197773933411,0.19126835465431213,0.19126835465431213,0.23300503194332123,0.9048718214035034,0.00032500798865044015
767,0.030308065935969353,0.030308065935969353,0.5939915776252747,0.1913100630044937,0.1913100630044937,0.23383602499961853,0.9064159989356995,0.00032388072335401294
768,0.030377120710909367,0.030377120710909367,0.5978836715221405,0.19046488404273987,0.19046488404273987,0.2347385287284851,0.9078173637390137,0.00032275483650658863
769,0.030206792056560516,0.030206792056560516,0.597264289855957,0.19020584225654602,0.19020584225654602,0.23261669278144836,0.9033541083335876,0.0003216303358248698
770,0.03042023815214634,0.03042023815214634,0.5926537066698074,0.19099299609661102,0.19099299609661102,0.23305252194404602,0.9052258133888245,0.0003205072290160579
771,0.030051869340240955,0.030051869340240955,0.5950103998184204,0.1918521672487259,0.1918521672487259,0.23425264656543732,0.9078518152236938,0.00031938552377780156
772,0.030086075887084007,0.030086075887084007,0.5962765663862228,0.1917697638273239,0.1917697638273239,0.23325411975383759,0.9048280715942383,0.0003182652277981427
773,0.030011940747499466,0.030011940747499466,0.5932016223669052,0.19142837822437286,0.19142837822437286,0.2326698899269104,0.9035268425941467,0.00031714634875546453
774,0.030000826343894005,0.030000826343894005,0.5936512649059296,0.1920548975467682,0.1920548975467682,0.23385214805603027,0.9068962335586548,0.0003160288943184385
775,0.030491787008941174,0.030491787008941174,0.5968122184276581,0.1922503113746643,0.1922503113746643,0.23359686136245728,0.9059596061706543,0.0003149128721459727
776,0.029915115796029568,0.029915115796029568,0.5937424004077911,0.19234196841716766,0.19234196841716766,0.23298731446266174,0.904653787612915,0.0003137982898871578
777,0.030278794467449188,0.030278794467449188,0.5935019552707672,0.1923762410879135,0.1923762410879135,0.23447072505950928,0.9080392122268677,0.00031268515518121574
778,0.030143579468131065,0.030143579468131065,0.5969751477241516,0.1929183304309845,0.1929183304309845,0.23419120907783508,0.9069151878356934,0.00031157347565744745
779,0.030224690213799477,0.030224690213799477,0.5955900251865387,0.19367976486682892,0.19367976486682892,0.2327132672071457,0.9038256406784058,0.00031046325893517953
780,0.03019627183675766,0.03019627183675766,0.5923687666654587,0.19338594377040863,0.19338594377040863,0.23329731822013855,0.9059044122695923,0.0003093545126237135
781,0.029797625727951527,0.029797625727951527,0.5943049192428589,0.19268596172332764,0.19268596172332764,0.23368579149246216,0.9065319299697876,0.0003082472443222721
782,0.029926429502665997,0.029926429502665997,0.5947630107402802,0.19234779477119446,0.19234779477119446,0.2332601547241211,0.9051609039306641,0.0003071414616199486
783,0.029851509258151054,0.029851509258151054,0.593843013048172,0.1922866851091385,0.1922866851091385,0.23358048498630524,0.9057272672653198,0.0003060371720956537
784,0.02985300589352846,0.02985300589352846,0.5945861339569092,0.19299323856830597,0.19299323856830597,0.2343302071094513,0.9079580307006836,0.000304934383318064
785,0.029632274992763996,0.029632274992763996,0.5957900285720825,0.1932593137025833,0.1932593137025833,0.23437300324440002,0.9082827568054199,0.0003038331028455703
786,0.029680981300771236,0.029680981300771236,0.5947762727737427,0.19400864839553833,0.19400864839553833,0.23375384509563446,0.9063302278518677,0.00030273333822622596
787,0.029527228325605392,0.029527228325605392,0.5942223966121674,0.1939515918493271,0.1939515918493271,0.2336687445640564,0.906352162361145,0.0003016350969976943
788,0.029531564563512802,0.029531564563512802,0.5942339897155762,0.19374313950538635,0.19374313950538635,0.23323868215084076,0.9054571390151978,0.0003005383866871976
789,0.029447032138705254,0.029447032138705254,0.594078779220581,0.19409465789794922,0.19409465789794922,0.23338279128074646,0.9055483937263489,0.00029944321481146564
790,0.02942846342921257,0.02942846342921257,0.5945027470588684,0.1942214071750641,0.1942214071750641,0.23362448811531067,0.9063391089439392,0.0002983495888766842
791,0.02946358732879162,0.02946358732879162,0.5945039093494415,0.19414682686328888,0.19414682686328888,0.23350954055786133,0.9059352874755859,0.0002972575163784426
792,0.02945285476744175,0.02945285476744175,0.5935878157615662,0.19416196644306183,0.19416196644306183,0.23403817415237427,0.9071387052536011,0.00029616700480168337
793,0.029663490131497383,0.029663490131497383,0.5952579975128174,0.19441163539886475,0.19441163539886475,0.23428165912628174,0.9076290130615234,0.0002950780616206511
794,0.029352704994380474,0.029352704994380474,0.5946187674999237,0.19452209770679474,0.19452209770679474,0.2334061563014984,0.9055476784706116,0.0002939906942988402
795,0.029706626199185848,0.029706626199185848,0.5929737389087677,0.19424349069595337,0.19424349069595337,0.2330731749534607,0.9048712253570557,0.0002929049102889447
796,0.029601505026221275,0.029601505026221275,0.5943500697612762,0.19495338201522827,0.19495338201522827,0.23399010300636292,0.9070625305175781,0.0002918207170328063
797,0.02956344559788704,0.02956344559788704,0.593898594379425,0.19483646750450134,0.19483646750450134,0.23349177837371826,0.9062702059745789,0.00029073812196136464
798,0.029689242132008076,0.029689242132008076,0.593921035528183,0.1944228857755661,0.1944228857755661,0.23397985100746155,0.9074225425720215,0.0002896571324946049
799,0.029627392068505287,0.029627392068505287,0.5951990187168121,0.195016548037529,0.195016548037529,0.23408547043800354,0.9067914485931396,0.00028857775604150754
800,0.029312118887901306,0.029312118887901306,0.5938150882720947,0.19567768275737762,0.19567768275737762,0.23355615139007568,0.9060322046279907,0.0002874999999999982
801,0.029494397342205048,0.029494397342205048,0.5941699147224426,0.19542981684207916,0.19542981684207916,0.23407423496246338,0.9077975749969482,0.0002864238717568964
802,0.029363022185862064,0.029363022185862064,0.5947767794132233,0.19475172460079193,0.19475172460079193,0.2335384339094162,0.9058969020843506,0.0002853493786878643
803,0.02939675562083721,0.02939675562083721,0.5936740636825562,0.19474577903747559,0.19474577903747559,0.2330816090106964,0.904717206954956,0.0002842765281573569
804,0.029225978069007397,0.029225978069007397,0.5935515761375427,0.19522514939308167,0.19522514939308167,0.23397645354270935,0.9074281454086304,0.0002832053275185721
805,0.02923307940363884,0.02923307940363884,0.5946359038352966,0.1949945092201233,0.1949945092201233,0.23406627774238586,0.9077094197273254,0.0002821357841133988
806,0.029166411608457565,0.029166411608457565,0.5938418656587601,0.19512201845645905,0.19512201845645905,0.23357939720153809,0.9060165882110596,0.00028106790527236784
807,0.029388352297246456,0.029388352297246456,0.5932919979095459,0.1953718662261963,0.1953718662261963,0.23368921875953674,0.9064225554466248,0.000280001698314601
808,0.029161064885556698,0.029161064885556698,0.5937270224094391,0.195682093501091,0.195682093501091,0.23353034257888794,0.9067027568817139,0.0002789371705477618
809,0.02934851311147213,0.02934851311147213,0.5931585133075714,0.19603466987609863,0.19603466987609863,0.23337826132774353,0.9057838916778564,0.00027787432926800414
810,0.029152904637157917,0.029152904637157917,0.593030720949173,0.19564981758594513,0.19564981758594513,0.23372414708137512,0.9061882495880127,0.0002768131817599229
811,0.029247322119772434,0.029247322119772434,0.5937445163726807,0.19530721008777618,0.19530721008777618,0.2334381341934204,0.9063588380813599,0.0002757537352965046
812,0.029190524481236935,0.029190524481236935,0.5935415476560593,0.19586287438869476,0.19586287438869476,0.23387432098388672,0.9075373411178589,0.0002746959971390768
813,0.02911343052983284,0.02911343052983284,0.5939704477787018,0.19628195464611053,0.19628195464611053,0.23427924513816833,0.9079595804214478,0.00027363997453725824
814,0.02906781993806362,0.02906781993806362,0.5944260358810425,0.1961877942085266,0.1961877942085266,0.23409518599510193,0.9074335098266602,0.0002725856747289093
815,0.029005578719079494,0.029005578719079494,0.5940061807632446,0.1962028592824936,0.1962028592824936,0.23368294537067413,0.9068278074264526,0.0002715331049400833
816,0.028985830023884773,0.028985830023884773,0.5933851897716522,0.19651497900485992,0.19651497900485992,0.23391929268836975,0.9075403213500977,0.00027048227238497547
817,0.029052692465484142,0.029052692465484142,0.5944005846977234,0.1973576694726944,0.1973576694726944,0.23414041101932526,0.9076970219612122,0.0002694331842658745
818,0.02892465516924858,0.02892465516924858,0.5937976390123367,0.1967565268278122,0.1967565268278122,0.23358504474163055,0.9064616560935974,0.0002683858477731127
819,0.02899372298270464,0.02899372298270464,0.5926222205162048,0.1962691992521286,0.1962691992521286,0.233433336019516,0.9062204360961914,0.00026734027008501753
820,0.029003016650676727,0.029003016650676727,0.5936167538166046,0.19666627049446106,0.19666627049446106,0.2338709831237793,0.9074299931526184,0.00026629645836786115
821,0.02910229004919529,0.02910229004919529,0.5934917330741882,0.19683325290679932,0.19683325290679932,0.23390229046344757,0.9075363874435425,0.00026525441977581207
822,0.028957785107195377,0.028957785107195377,0.5932778716087341,0.1965373158454895,0.1965373158454895,0.23400656878948212,0.9073801636695862,0.0002642141614508862
823,0.029061753302812576,0.029061753302812576,0.5942140221595764,0.19683904945850372,0.19683904945850372,0.2339453548192978,0.9071383476257324,0.00026317569052289796
824,0.0291292667388916,0.0291292667388916,0.5931455492973328,0.19749949872493744,0.19749949872493744,0.233608216047287,0.9064826965332031,0.0002621390141094105
825,0.02917697187513113,0.02917697187513113,0.593476727604866,0.1973177045583725,0.1973177045583725,0.23451852798461914,0.9091104865074158,0.00026110413931568785
826,0.02910304069519043,0.02910304069519043,0.5944169163703918,0.19701962172985077,0.19701962172985077,0.23365914821624756,0.9066808223724365,0.00026007107323464617
827,0.02883920632302761,0.02883920632302761,0.5927092730998993,0.196641743183136,0.196641743183136,0.23291471600532532,0.9049466848373413,0.0002590398229468046
828,0.029054065234959126,0.029054065234959126,0.5916665494441986,0.19683174788951874,0.19683174788951874,0.23363907635211945,0.907120943069458,0.0002580103955202371
829,0.028810870833694935,0.028810870833694935,0.5935711860656738,0.1969202607870102,0.1969202607870102,0.23438602685928345,0.9091297388076782,0.00025698279801052387
830,0.029088144190609455,0.029088144190609455,0.5945191085338593,0.1974351704120636,0.1974351704120636,0.2341567873954773,0.9077299237251282,0.00025595703746070355
831,0.028959437273442745,0.028959437273442745,0.592679888010025,0.19765304028987885,0.19765304028987885,0.23384219408035278,0.9068697690963745,0.00025493312090122365
832,0.028941226191818714,0.028941226191818714,0.5925315618515015,0.19719736278057098,0.19719736278057098,0.2341497540473938,0.9084981083869934,0.00025391105534989405
833,0.029017719440162182,0.029017719440162182,0.5941974222660065,0.19743503630161285,0.19743503630161285,0.2339692860841751,0.9081976413726807,0.00025289084781183725
834,0.028916258364915848,0.028916258364915848,0.5928008258342743,0.19860351085662842,0.19860351085662842,0.23383593559265137,0.9068378210067749,0.0002518725052794418
835,0.028804984875023365,0.028804984875023365,0.5928179025650024,0.19844745099544525,0.19844745099544525,0.23433148860931396,0.9083190560340881,0.0002508560347323132
836,0.02892767544835806,0.02892767544835806,0.5940549969673157,0.19790078699588776,0.19790078699588776,0.23381434381008148,0.9075686931610107,0.00024984144313722667
837,0.029006844386458397,0.029006844386458397,0.5929377377033234,0.19813911616802216,0.19813911616802216,0.23343084752559662,0.9063082337379456,0.0002488287374480797
838,0.028962322510778904,0.028962322510778904,0.5933381915092468,0.19775643944740295,0.19775643944740295,0.2340984046459198,0.9076845645904541,0.0002478179246058435
839,0.02886982262134552,0.02886982262134552,0.5930694043636322,0.19788704812526703,0.19788704812526703,0.233391672372818,0.9062466621398926,0.00024680901153851614
840,0.02876726444810629,0.02876726444810629,0.5918922424316406,0.19900307059288025,0.19900307059288025,0.23375943303108215,0.9074781537055969,0.00024580200516107463
841,0.028743606992065907,0.028743606992065907,0.5923476219177246,0.19904106855392456,0.19904106855392456,0.23414009809494019,0.9083923697471619,0.0002447969123754282
842,0.028757913038134575,0.028757913038134575,0.59340700507164,0.19873769581317902,0.19873769581317902,0.23387937247753143,0.9072461128234863,0.00024379374007037007
843,0.028723012655973434,0.028723012655973434,0.5928983986377716,0.19799411296844482,0.19799411296844482,0.23338374495506287,0.9060682058334351,0.0002427924951215309
844,0.028654425404965878,0.028654425404965878,0.5920016765594482,0.19880521297454834,0.19880521297454834,0.23405076563358307,0.9081555008888245,0.00024179318439133176
845,0.02852694410830736,0.02852694410830736,0.5929446518421173,0.19885636866092682,0.19885636866092682,0.23423093557357788,0.9086050987243652,0.00024079581472893628
846,0.0285591259598732,0.0285591259598732,0.5932939648628235,0.1987619698047638,0.1987619698047638,0.23399852216243744,0.9078899025917053,0.00023980039297020447
847,0.028528625145554543,0.028528625145554543,0.5925793647766113,0.1995798498392105,0.1995798498392105,0.23394307494163513,0.9076029062271118,0.00023880692593764542
848,0.028538900427520275,0.028538900427520275,0.5925247669219971,0.1999017298221588,0.1999017298221588,0.23410525918006897,0.9083454608917236,0.0002378154204403713
849,0.028658011928200722,0.028658011928200722,0.5933119654655457,0.19913387298583984,0.19913387298583984,0.23377102613449097,0.9077694416046143,0.00023682588327404957
850,0.028508484363555908,0.028508484363555908,0.5925207436084747,0.19891399145126343,0.19891399145126343,0.23360928893089294,0.9069080352783203,0.0002358383212208572
851,0.028550149872899055,0.028550149872899055,0.5923425853252411,0.1995454728603363,0.1995454728603363,0.2342129498720169,0.9085620641708374,0.00023485274104943372
852,0.028501246124505997,0.028501246124505997,0.5932424664497375,0.20007005333900452,0.20007005333900452,0.2341212034225464,0.9082551002502441,0.00023386914951483565
853,0.028428785502910614,0.028428785502910614,0.5925571024417877,0.19968880712985992,0.19968880712985992,0.2337668389081955,0.9073532819747925,0.00023288755335848884
854,0.028448307886719704,0.028448307886719704,0.5917449295520782,0.19953913986682892,0.19953913986682892,0.23396246135234833,0.9078154563903809,0.00023190795930814366
855,0.02851128578186035,0.02851128578186035,0.592415988445282,0.2000029981136322,0.2000029981136322,0.23392866551876068,0.9077916145324707,0.0002309303740778282
856,0.028561499901115894,0.028561499901115894,0.5929587781429291,0.19992393255233765,0.19992393255233765,0.2343011349439621,0.9087705612182617,0.00022995480436780198
857,0.028490880504250526,0.028490880504250526,0.5926742851734161,0.19943705201148987,0.19943705201148987,0.23398759961128235,0.9078137874603271,0.00022898125686451055
858,0.028395436704158783,0.028395436704158783,0.5922081172466278,0.20021407306194305,0.20021407306194305,0.23447634279727936,0.9090280532836914,0.0002280097382405394
859,0.0285133458673954,0.0285133458673954,0.5937139987945557,0.20004229247570038,0.20004229247570038,0.23429621756076813,0.9086908102035522,0.00022704025515456867
860,0.028446462005376816,0.028446462005376816,0.5922840237617493,0.199815571308136,0.199815571308136,0.23345032334327698,0.9067224264144897,0.00022607281425132667
861,0.028405796736478806,0.028405796736478806,0.5913788676261902,0.20009858906269073,0.20009858906269073,0.23390719294548035,0.9079967737197876,0.0002251074221615451
862,0.02833828330039978,0.02833828330039978,0.5928688645362854,0.20023712515830994,0.20023712515830994,0.2339317500591278,0.9081346988677979,0.0002241440855019131
863,0.028293408453464508,0.028293408453464508,0.5925110876560211,0.20004960894584656,0.20004960894584656,0.23378126323223114,0.907565176486969,0.00022318281087503253
864,0.028349677100777626,0.028349677100777626,0.5921213626861572,0.20021933317184448,0.20021933317184448,0.23425142467021942,0.9086510539054871,0.00022222360486937176
865,0.02842714823782444,0.02842714823782444,0.5930507779121399,0.20058578252792358,0.20058578252792358,0.23439081013202667,0.908824622631073,0.00022126647405922153
866,0.028278962709009647,0.028278962709009647,0.5927625745534897,0.20032209157943726,0.20032209157943726,0.23375031352043152,0.9074038863182068,0.00022031142500464942
867,0.02838803268969059,0.02838803268969059,0.5914905369281769,0.2007211446762085,0.2007211446762085,0.2340642511844635,0.9084464907646179,0.00021935846425145445
868,0.028232653625309467,0.028232653625309467,0.5921932458877563,0.2009960561990738,0.2009960561990738,0.2343030720949173,0.9087883830070496,0.000218407598331123
869,0.02844866644591093,0.02844866644591093,0.5929601043462753,0.2001575380563736,0.2001575380563736,0.23402908444404602,0.9083961844444275,0.00021745883376078344
870,0.028410053811967373,0.028410053811967373,0.5921671986579895,0.20029316842556,0.20029316842556,0.23354922235012054,0.9071645140647888,0.00021651217704316225
871,0.028398502618074417,0.028398502618074417,0.5918440818786621,0.2008848786354065,0.2008848786354065,0.23424209654331207,0.9083819389343262,0.00021556763466653835
872,0.028382347896695137,0.028382347896695137,0.5930274724960327,0.20064066350460052,0.20064066350460052,0.23443296551704407,0.9091384410858154,0.0002146252131046995
873,0.028281129896640778,0.028281129896640778,0.5925943553447723,0.20037220418453217,0.20037220418453217,0.23410199582576752,0.9085475206375122,0.00021368491881689739
874,0.02826218120753765,0.02826218120753765,0.5920207798480988,0.20142057538032532,0.20142057538032532,0.23445332050323486,0.9091780781745911,0.00021274675824780405
875,0.028245480731129646,0.028245480731129646,0.5926279872655869,0.20141926407814026,0.20141926407814026,0.23452553153038025,0.9092452526092529,0.00021181073782746673
876,0.02843283023685217,0.02843283023685217,0.5930270105600357,0.20075465738773346,0.20075465738773346,0.23408401012420654,0.9084893465042114,0.0002108768639712647
877,0.028431969694793224,0.028431969694793224,0.5913589894771576,0.2010672241449356,0.2010672241449356,0.23362098634243011,0.9075539112091064,0.00020994514307986494
878,0.028459256514906883,0.028459256514906883,0.5913543105125427,0.2015441656112671,0.2015441656112671,0.2346808761358261,0.9098743796348572,0.00020901558153917806
879,0.028437172062695026,0.028437172062695026,0.5937089920043945,0.20176273584365845,0.20176273584365845,0.2347927689552307,0.9097743630409241,0.00020808818572031463
880,0.028419128619134426,0.028419128619134426,0.5928670018911362,0.20096245408058167,0.20096245408058167,0.23384299874305725,0.9078578948974609,0.00020716296197954175
881,0.028339989483356476,0.028339989483356476,0.5916533768177032,0.20131151378154755,0.20131151378154755,0.23412774503231049,0.9089405536651611,0.00020623991665823956
882,0.02841640915721655,0.02841640915721655,0.5926046073436737,0.20152336359024048,0.20152336359024048,0.23444557189941406,0.9094196557998657,0.0002053190560828572
883,0.028277060948312283,0.028277060948312283,0.5930470526218414,0.20137183368206024,0.20137183368206024,0.23397554457187653,0.9078990817070007,0.0002044003865648699
884,0.02838534489274025,0.02838534489274025,0.5920100510120392,0.2009093016386032,0.2009093016386032,0.2339426577091217,0.9078249335289001,0.00020348391440073562
885,0.028205610811710358,0.028205610811710358,0.5916828215122223,0.2014227956533432,0.2014227956533432,0.2341761291027069,0.9089626669883728,0.000202569645871852
886,0.02842141594737768,0.02842141594737768,0.5925235748291016,0.20175009965896606,0.20175009965896606,0.2346610426902771,0.9101718068122864,0.00020165758724451346
887,0.02833240758627653,0.02833240758627653,0.5931166559457779,0.2015129029750824,0.2015129029750824,0.2342277467250824,0.9085321426391602,0.00020074774476986729
888,0.02833637874573469,0.02833637874573469,0.5915412604808807,0.20132438838481903,0.20132438838481903,0.2335633635520935,0.9071779251098633,0.0001998401246838723
889,0.028330866247415543,0.028330866247415543,0.5910160541534424,0.20211008191108704,0.20211008191108704,0.23411355912685394,0.9089038372039795,0.0001989347332072547
890,0.028280049562454224,0.028280049562454224,0.5924177169799805,0.20223960280418396,0.20223960280418396,0.23455363512039185,0.9098052382469177,0.0001980315765454664
891,0.02829110622406006,0.02829110622406006,0.5926240384578705,0.20178507268428802,0.20178507268428802,0.23389126360416412,0.907863974571228,0.0001971306608886418
892,0.028107045218348503,0.028107045218348503,0.5913792848587036,0.20107874274253845,0.20107874274253845,0.23383411765098572,0.9078576564788818,0.00019623199241155628
893,0.028216149657964706,0.028216149657964706,0.5912554860115051,0.2015870064496994,0.2015870064496994,0.23412618041038513,0.9086929559707642,0.00019533557727358282
894,0.028041638433933258,0.028041638433933258,0.5918857157230377,0.20240361988544464,0.20240361988544464,0.2343044877052307,0.9090837240219116,0.00019444142161865034
895,0.028154922649264336,0.028154922649264336,0.59262415766716,0.2017405927181244,0.2017405927181244,0.2343413233757019,0.909209132194519,0.0001935495315752015
896,0.028048059903085232,0.028048059903085232,0.5922726690769196,0.20150607824325562,0.20150607824325562,0.2339484542608261,0.9080924987792969,0.0001926599132561509
897,0.02814062125980854,0.02814062125980854,0.5914655327796936,0.20214134454727173,0.20214134454727173,0.23416072130203247,0.9087319374084473,0.00019177257275884303
898,0.028064473532140255,0.028064473532140255,0.5922488868236542,0.2019849568605423,0.2019849568605423,0.23450812697410583,0.9096671342849731,0.00019088751616501006
899,0.028101207688450813,0.028101207688450813,0.5923489928245544,0.2020835280418396,0.2020835280418396,0.23431603610515594,0.9089550971984863,0.00019000474954073107
900,0.028083239682018757,0.028083239682018757,0.5919596254825592,0.20225532352924347,0.20225532352924347,0.2341746985912323,0.9088008403778076,0.00018912427893638946
901,0.0279422951862216,0.0279422951862216,0.5916488170623779,0.20224811136722565,0.20224811136722565,0.2343302071094513,0.9094176888465881,0.0001882461103866322
902,0.02801167592406273,0.02801167592406273,0.5919203162193298,0.20277132093906403,0.20277132093906403,0.2342044711112976,0.9090234041213989,0.0001873702499103281
903,0.027956592850387096,0.027956592850387096,0.5919444859027863,0.20246770977973938,0.20246770977973938,0.23401904106140137,0.9085488319396973,0.00018649670351052704
904,0.027935555204749107,0.027935555204749107,0.5915242731571198,0.20202414691448212,0.20202414691448212,0.23420760035514832,0.9090087413787842,0.00018562547717441803
905,0.027953894808888435,0.027953894808888435,0.5916187763214111,0.2027982771396637,0.2027982771396637,0.23439130187034607,0.9092130661010742,0.00018475657687328892
906,0.02793869748711586,0.02793869748711586,0.591921865940094,0.20311853289604187,0.20311853289604187,0.2348170429468155,0.9101738333702087,0.0001838900085624849
907,0.02793778106570244,0.02793778106570244,0.5926057994365692,0.20243635773658752,0.20243635773658752,0.23456323146820068,0.9098466038703918,0.0001830257781813683
908,0.02803997043520212,0.02803997043520212,0.5919704437255859,0.2030124068260193,0.2030124068260193,0.23399361968040466,0.9086482524871826,0.00018216389165327752
909,0.027876232750713825,0.027876232750713825,0.5914188325405121,0.20349861681461334,0.20349861681461334,0.23426690697669983,0.9090766310691833,0.000181304354885486
910,0.0279126251116395,0.0279126251116395,0.5916220247745514,0.20291978120803833,0.20291978120803833,0.23398011922836304,0.908315896987915,0.00018044717376916293
911,0.027853965759277344,0.027853965759277344,0.591431200504303,0.20240546762943268,0.20240546762943268,0.23397675156593323,0.9084420204162598,0.00017959235417933138
912,0.02790894266217947,0.02790894266217947,0.5913383066654205,0.20294547080993652,0.20294547080993652,0.23403485119342804,0.9085882902145386,0.0001787399019748292
913,0.02786518633365631,0.02786518633365631,0.5917391777038574,0.20317822694778442,0.20317822694778442,0.23460954427719116,0.9098353385925293,0.00017788982299826814
914,0.027906659059226513,0.027906659059226513,0.5920251905918121,0.20331871509552002,0.20331871509552002,0.23435194790363312,0.9090151786804199,0.0001770421230759947
915,0.027949913404881954,0.027949913404881954,0.591946542263031,0.20329858362674713,0.20329858362674713,0.23445716500282288,0.909408688545227,0.00017619680801804905
916,0.027775277383625507,0.027775277383625507,0.5919377505779266,0.20300716161727905,0.20300716161727905,0.23414292931556702,0.9090453386306763,0.00017535388361812596
917,0.027725987136363983,0.027725987136363983,0.591437578201294,0.20290623605251312,0.20290623605251312,0.23388895392417908,0.9084869623184204,0.0001745133556535347
918,0.027816726826131344,0.027816726826131344,0.5916467308998108,0.2034485936164856,0.2034485936164856,0.23430046439170837,0.9091622233390808,0.00017367522988516001
919,0.02775162924081087,0.02775162924081087,0.5915132761001587,0.20329323410987854,0.20329323410987854,0.23434147238731384,0.9092530012130737,0.00017283951205742212
920,0.027736172080039978,0.027736172080039978,0.5915239155292511,0.20331428945064545,0.20331428945064545,0.23434992134571075,0.909528374671936,0.0001720062078982373
921,0.02770665567368269,0.02770665567368269,0.5914495587348938,0.20350606739521027,0.20350606739521027,0.2342679500579834,0.9093215465545654,0.0001711753231189792
922,0.027716354466974735,0.027716354466974735,0.5913226306438446,0.20310641825199127,0.20310641825199127,0.23424208164215088,0.9092316627502441,0.00017034686341443875
923,0.027736523188650608,0.027736523188650608,0.5917750298976898,0.2033534049987793,0.2033534049987793,0.23431023955345154,0.9092599153518677,0.00016952083446278627
924,0.02773484494537115,0.02773484494537115,0.5915860831737518,0.20372512936592102,0.20372512936592102,0.2343692183494568,0.9095872640609741,0.0001686972419255314
925,0.027711045928299427,0.027711045928299427,0.5915659070014954,0.20364832878112793,0.20364832878112793,0.2345084846019745,0.9097931981086731,0.00016787609144748545
926,0.02769892755895853,0.02769892755895853,0.5916181802749634,0.20380963385105133,0.20380963385105133,0.23439458012580872,0.9094163179397583,0.00016705738865672182
927,0.027705224230885506,0.027705224230885506,0.5913093090057373,0.20392930507659912,0.20392930507659912,0.23432058095932007,0.9092941284179688,0.0001662411391645376
928,0.027695182710886,0.027695182710886,0.5910094082355499,0.20397648215293884,0.20397648215293884,0.23418240249156952,0.9091832637786865,0.00016542734856541546
929,0.027700909413397312,0.027700909413397312,0.5909858644008636,0.20394179224967957,0.20394179224967957,0.23435162007808685,0.9095717668533325,0.0001646160224369851
930,0.027739571407437325,0.027739571407437325,0.5915131568908691,0.2038184404373169,0.2038184404373169,0.23422116041183472,0.9090064167976379,0.00016380716633998502
931,0.02766905352473259,0.02766905352473259,0.5911936163902283,0.20374029874801636,0.20374029874801636,0.23417580127716064,0.9088165760040283,0.00016300078581822424
932,0.027653942815959454,0.027653942815959454,0.5912010669708252,0.20421433448791504,0.20421433448791504,0.23422059416770935,0.909228503704071,0.0001621968863985447
933,0.02758137695491314,0.02758137695491314,0.5909706652164459,0.20411746203899384,0.20411746203899384,0.23410896956920624,0.9092684984207153,0.00016139547359078288
934,0.02765294536948204,0.02765294536948204,0.5910937190055847,0.20432423055171967,0.20432423055171967,0.23432591557502747,0.9095553159713745,0.00016059655288773252
935,0.02766542788594961,0.02766542788594961,0.5919352024793625,0.204283207654953,0.204283207654953,0.23460081219673157,0.9098253846168518,0.00015980012976510652
936,0.02771978173404932,0.02771978173404932,0.5918658971786499,0.20438413321971893,0.20438413321971893,0.2343740016222,0.9094811677932739,0.00015900620968149992
937,0.02757181692868471,0.02757181692868471,0.5911644697189331,0.20428134500980377,0.20428134500980377,0.2341749370098114,0.909453272819519,0.00015821479807835208
938,0.02766038477420807,0.02766038477420807,0.5905863642692566,0.20473647117614746,0.20473647117614746,0.23437274992465973,0.9097744226455688,0.00015742590037990937
939,0.02768242172896862,0.02768242172896862,0.5914605259895325,0.20470191538333893,0.20470191538333893,0.23466014862060547,0.9101332426071167,0.00015663952199318837
940,0.027620146982371807,0.027620146982371807,0.5914312303066254,0.20402543246746063,0.20402543246746063,0.23416462540626526,0.908876359462738,0.00015585566830793863
941,0.027619638480246067,0.027619638480246067,0.5908105969429016,0.2046678513288498,0.2046678513288498,0.2343837171792984,0.909772515296936,0.00015507434469660543
942,0.027571290731430054,0.027571290731430054,0.5917149186134338,0.20503561198711395,0.20503561198711395,0.2345680594444275,0.9104206562042236,0.00015429555651429316
943,0.027662204578518867,0.027662204578518867,0.5916802287101746,0.20431265234947205,0.20431265234947205,0.2340545952320099,0.908912181854248,0.0001535193090987291
944,0.02757629845291376,0.02757629845291376,0.5906894505023956,0.2044648975133896,0.2044648975133896,0.23424267768859863,0.9089056849479675,0.00015274560777022597
945,0.02755585592240095,0.02755585592240095,0.5909485220909119,0.20540334284305573,0.20540334284305573,0.2345162332057953,0.909850001335144,0.0001519744578316461
946,0.027560324408113956,0.027560324408113956,0.5907532572746277,0.204858660697937,0.204858660697937,0.23437227308750153,0.9099230766296387,0.00015120586456836467
947,0.02752225287258625,0.02752225287258625,0.5908195674419403,0.20469166338443756,0.20469166338443756,0.2344110906124115,0.9099178314208984,0.00015043983324823402
948,0.027481527999043465,0.027481527999043465,0.5910077691078186,0.2050262987613678,0.2050262987613678,0.2345145046710968,0.9098299741744995,0.00014967636912154703
949,0.02754347212612629,0.02754347212612629,0.5908779054880142,0.20481887459754944,0.20481887459754944,0.23437052965164185,0.9095429182052612,0.0001489154774210012
950,0.027475901879370213,0.027475901879370213,0.591203361749649,0.20496700704097748,0.20496700704097748,0.23436662554740906,0.9096998572349548,0.00014815716336166314
951,0.027574868872761726,0.027574868872761726,0.5911448001861572,0.2050173282623291,0.2050173282623291,0.23421527445316315,0.9093616604804993,0.00014740143214093265
952,0.02748927567154169,0.02748927567154169,0.5909154713153839,0.20492269098758698,0.20492269098758698,0.23456698656082153,0.9099936485290527,0.00014664828893850676
953,0.02747912798076868,0.02747912798076868,0.5910614728927612,0.20497559010982513,0.20497559010982513,0.2344202846288681,0.9094117283821106,0.00014589773891634448
954,0.02754932176321745,0.02754932176321745,0.5906017124652863,0.20525826513767242,0.20525826513767242,0.23430846631526947,0.9095622301101685,0.00014514978721863196
955,0.027448569424450397,0.027448569424450397,0.590546190738678,0.20557382702827454,0.20557382702827454,0.23439958691596985,0.9100915193557739,0.00014440443897174618
956,0.027442794293165207,0.027442794293165207,0.5908701121807098,0.20557178556919098,0.20557178556919098,0.23452584445476532,0.9101690053939819,0.00014366169928422062
957,0.02744037937372923,0.02744037937372923,0.5910088121891022,0.20544934272766113,0.20544934272766113,0.23436430096626282,0.9093922972679138,0.00014292157324670982
958,0.02744030300527811,0.02744030300527811,0.5908098816871643,0.20504286885261536,0.20504286885261536,0.23443007469177246,0.909652829170227,0.00014218406593195502
959,0.027434416115283966,0.027434416115283966,0.5910933017730713,0.20559607446193695,0.20559607446193695,0.2344626486301422,0.9100829362869263,0.0001414491823947486
960,0.027394630014896393,0.027394630014896393,0.5913681983947754,0.2057250440120697,0.2057250440120697,0.23456154763698578,0.9103717803955078,0.00014071692767189998
961,0.02740577608346939,0.02740577608346939,0.5912215113639832,0.20556887984275818,0.20556887984275818,0.23444563150405884,0.9098089933395386,0.0001399873067822011
962,0.02736211195588112,0.02736211195588112,0.5905489921569824,0.20546101033687592,0.20546101033687592,0.23437106609344482,0.9095605611801147,0.00013926032472639198
963,0.02737547643482685,0.02737547643482685,0.5904141366481781,0.20580825209617615,0.20580825209617615,0.2345619946718216,0.9101295471191406,0.00013853598648712619
964,0.027380451560020447,0.027380451560020447,0.5909747779369354,0.2059725672006607,0.2059725672006607,0.23457521200180054,0.9102780818939209,0.00013781429702893668
965,0.02739967778325081,0.02739967778325081,0.5910865366458893,0.2056369185447693,0.2056369185447693,0.23434627056121826,0.9097785949707031,0.0001370952612982025
966,0.02737417444586754,0.02737417444586754,0.5906451642513275,0.20553220808506012,0.20553220808506012,0.23421120643615723,0.9096298813819885,0.00013637888422311393
967,0.027398522943258286,0.027398522943258286,0.5905574560165405,0.20615032315254211,0.20615032315254211,0.23444439470767975,0.9100987911224365,0.0001356651707136392
968,0.027340793050825596,0.027340793050825596,0.5909711718559265,0.2062401920557022,0.2062401920557022,0.234576016664505,0.910160481929779,0.0001349541256614906
969,0.027341398410499096,0.027341398410499096,0.5909749567508698,0.2057512402534485,0.2057512402534485,0.23450639843940735,0.9100361466407776,0.00013424575394009169
970,0.02731883991509676,0.02731883991509676,0.590739905834198,0.20568552613258362,0.20568552613258362,0.2344977706670761,0.910225510597229,0.0001335400604045427
971,0.02734911721199751,0.02734911721199751,0.5908129513263702,0.2064226120710373,0.2064226120710373,0.23453083634376526,0.9102307558059692,0.00013283704989158803
972,0.027344527654349804,0.027344527654349804,0.5906376838684082,0.2061629742383957,0.2061629742383957,0.2343820184469223,0.9098232984542847,0.00013213672721958315
973,0.0273439334705472,0.0273439334705472,0.5906303524971008,0.20583373308181763,0.20583373308181763,0.2344449758529663,0.9101529717445374,0.00013143909718846137
974,0.027345193549990654,0.027345193549990654,0.5906577110290527,0.20621876418590546,0.20621876418590546,0.23447813093662262,0.9101014137268066,0.00013074416457970058
975,0.027318098582327366,0.027318098582327366,0.5906895399093628,0.20653396844863892,0.20653396844863892,0.2347244918346405,0.9106338024139404,0.00013005193415629106
976,0.0273197740316391,0.0273197740316391,0.5911371111869812,0.2057213932275772,0.2057213932275772,0.23447272181510925,0.9100362062454224,0.00012936241066270287
977,0.02729985862970352,0.02729985862970352,0.5907106697559357,0.2059560865163803,0.2059560865163803,0.23438723385334015,0.9098013639450073,0.00012867559882485266
978,0.02729756385087967,0.02729756385087967,0.5903054773807526,0.2061932533979416,0.2061932533979416,0.23438069224357605,0.9100338816642761,0.00012799150335007184
979,0.027345520444214344,0.027345520444214344,0.590614527463913,0.20639190077781677,0.20639190077781677,0.23469503223896027,0.9106848239898682,0.00012731012892707418
980,0.027305200695991516,0.027305200695991516,0.5911692380905151,0.20663608610630035,0.20663608610630035,0.23465143144130707,0.9103201031684875,0.00012663148022592377
981,0.027226830832660198,0.027226830832660198,0.5904100835323334,0.20637553930282593,0.20637553930282593,0.2343020886182785,0.9095471501350403,0.00012595556189800284
982,0.02730781026184559,0.02730781026184559,0.5900933742523193,0.20625565946102142,0.20625565946102142,0.23444169759750366,0.9102301597595215,0.00012528237857597978
983,0.02725881990045309,0.02725881990045309,0.5904319286346436,0.20671464502811432,0.20671464502811432,0.23465758562088013,0.9106394648551941,0.00012461193487377773
984,0.02724237646907568,0.02724237646907568,0.5906512439250946,0.20654596388339996,0.20654596388339996,0.2346484214067459,0.9105081558227539,0.00012394423538654298
985,0.027252865023911,0.027252865023911,0.5906282067298889,0.20602697134017944,0.20602697134017944,0.23451001942157745,0.9101345539093018,0.0001232792846906129
986,0.027215993963181973,0.027215993963181973,0.5903348624706268,0.20612657070159912,0.20612657070159912,0.23433469235897064,0.9097960591316223,0.000122617087343485
987,0.02727438323199749,0.02727438323199749,0.5903483927249908,0.2068231999874115,0.2068231999874115,0.23445221781730652,0.910189151763916,0.00012195764788378597
988,0.027235220186412334,0.027235220186412334,0.5905457735061646,0.2066468894481659,0.2066468894481659,0.2346113622188568,0.9105654954910278,0.00012130097083123988
989,0.027203327976167202,0.027203327976167202,0.5906985998153687,0.20614342391490936,0.20614342391490936,0.234549880027771,0.9104498624801636,0.00012064706068663775
990,0.027248911559581757,0.027248911559581757,0.590766042470932,0.20622289180755615,0.20622289180755615,0.23448339104652405,0.9101296663284302,0.00011999592193180642
991,0.027201603166759014,0.027201603166759014,0.5903461277484894,0.2065788358449936,0.2065788358449936,0.23446311056613922,0.9101499319076538,0.0001193475590295782
992,0.027264530770480633,0.027264530770480633,0.5906142294406891,0.20700833201408386,0.20700833201408386,0.2347297966480255,0.9108669757843018,0.00011870197642375958
993,0.027266841381788254,0.027266841381788254,0.5910893082618713,0.20665010809898376,0.20665010809898376,0.23477089405059814,0.9108772277832031,0.00011805917853910158
994,0.027160380966961384,0.027160380966961384,0.590896487236023,0.2060851901769638,0.2060851901769638,0.2345266491174698,0.9101320505142212,0.00011741916978126905
995,0.027231859974563122,0.027231859974563122,0.5905276238918304,0.20615361630916595,0.20615361630916595,0.23456749320030212,0.9103915691375732,0.00011678195453681021
996,0.027185093611478806,0.027185093611478806,0.5902672708034515,0.20672158896923065,0.20672158896923065,0.23450163006782532,0.9105169773101807,0.00011614753717312706
997,0.027200263924896717,0.027200263924896717,0.5902673006057739,0.20701754093170166,0.20701754093170166,0.2345094382762909,0.910552978515625,0.00011551592203844503
998,0.027125127613544464,0.027125127613544464,0.5902896523475647,0.20663180947303772,0.20663180947303772,0.2345390021800995,0.9104541540145874,0.00011488711346178371
999,0.027114740572869778,0.027114740572869778,0.5905093848705292,0.2062225639820099,0.2062225639820099,0.2345593124628067,0.9103915691375732,0.00011426111575292664
1000,0.02715209499001503,0.02715209499001503,0.5907279402017593,0.20635166764259338,0.20635166764259338,0.2346065640449524,0.9105361700057983,0.00011363793320239197
1001,0.027101938612759113,0.027101938612759113,0.590664878487587,0.2067136913537979,0.2067136913537979,0.23449522256851196,0.9103566408157349,0.00011301757008140304
1002,0.027195215225219727,0.027195215225219727,0.5902172327041626,0.20690986514091492,0.20690986514091492,0.23436498641967773,0.9100112915039062,0.00011240003064185949
1003,0.027134280651807785,0.027134280651807785,0.590233713388443,0.20687812566757202,0.20687812566757202,0.23470285534858704,0.9107385873794556,0.00011178531911630718
1004,0.02719329297542572,0.02719329297542572,0.5909540057182312,0.2067251056432724,0.2067251056432724,0.23475411534309387,0.910895586013794,0.0001111734397179102
1005,0.02711903117597103,0.02711903117597103,0.5905076563358307,0.2064964771270752,0.2064964771270752,0.23441088199615479,0.9101575613021851,0.00011056439664042159
1006,0.027164336293935776,0.027164336293935776,0.5897401571273804,0.20658279955387115,0.20658279955387115,0.23440659046173096,0.9102033376693726,0.00010995819405815428
1007,0.027079159393906593,0.027079159393906593,0.5899644494056702,0.2069745659828186,0.2069745659828186,0.23465286195278168,0.9107295870780945,0.00010935483612595288
1008,0.027139928191900253,0.027139928191900253,0.5907008945941925,0.20689143240451813,0.20689143240451813,0.23476222157478333,0.9109565019607544,0.00010875432697916504
1009,0.02710284385830164,0.02710284385830164,0.590781569480896,0.2064034640789032,0.2064034640789032,0.23453059792518616,0.9104263782501221,0.00010815667073361336
1010,0.027122017927467823,0.027122017927467823,0.5900560915470123,0.20651020109653473,0.20651020109653473,0.2343781441450119,0.9100719094276428,0.00010756187148556673
1011,0.027102472260594368,0.027102472260594368,0.5898966193199158,0.20720848441123962,0.20720848441123962,0.2346014678478241,0.9105488061904907,0.00010696993331171266
1012,0.027077671140432358,0.027077671140432358,0.5904516875743866,0.20742976665496826,0.20742976665496826,0.23463910818099976,0.9105974435806274,0.00010638086026912896
1013,0.027042832225561142,0.027042832225561142,0.5904198288917542,0.20677359402179718,0.20677359402179718,0.2345486283302307,0.9104328751564026,0.0001057946563952565
1014,0.027048264630138874,0.027048264630138874,0.5900398194789886,0.20650458335876465,0.20650458335876465,0.2343878448009491,0.9100452661514282,0.00010521132570787084
1015,0.02708439528942108,0.02708439528942108,0.5901180058717728,0.20701120793819427,0.20701120793819427,0.23461243510246277,0.9106429219245911,0.00010463087220505528
1016,0.027015220373868942,0.027015220373868942,0.5903663337230682,0.2072983831167221,0.2072983831167221,0.23460252583026886,0.9106670618057251,0.00010405329986517322
1017,0.027015704661607742,0.027015704661607742,0.5901822745800018,0.2071538120508194,0.2071538120508194,0.2345689833164215,0.9106117486953735,0.00010347861264684072
1018,0.02703071851283312,0.02703071851283312,0.5901297926902771,0.20723766088485718,0.20723766088485718,0.23466235399246216,0.9106822609901428,0.00010290681448889955
1019,0.027077995240688324,0.027077995240688324,0.5904162228107452,0.20702748000621796,0.20702748000621796,0.23483490943908691,0.9111319184303284,0.00010233790931039032
1020,0.027021333575248718,0.027021333575248718,0.5905726402997971,0.20665988326072693,0.20665988326072693,0.2346218079328537,0.9107446670532227,0.0001017719010105255
1021,0.02703080326318741,0.02703080326318741,0.5901682674884796,0.2069290727376938,0.2069290727376938,0.23445937037467957,0.9102789163589478,0.00010120879346866256
1022,0.02700182143598795,0.02700182143598795,0.5900610387325287,0.20746123790740967,0.20746123790740967,0.23459076881408691,0.910612940788269,0.00010064859054427746
1023,0.027009026147425175,0.027009026147425175,0.5900063514709473,0.20711882412433624,0.20711882412433624,0.2346278429031372,0.9107059836387634,0.00010009129607693832
1024,0.02698339056223631,0.02698339056223631,0.5901121199131012,0.20683254301548004,0.20683254301548004,0.2346348911523819,0.9108065366744995,9.953691388627918e-05
1025,0.02700122632086277,0.02700122632086277,0.5903151333332062,0.20690812170505524,0.20690812170505524,0.2346770465373993,0.9108656644821167,9.898544777197328e-05
1026,0.026993459090590477,0.026993459090590477,0.590489387512207,0.2073226124048233,0.2073226124048233,0.23473995923995972,0.9109724760055542,9.843690151370771e-05
1027,0.026990110985934734,0.026990110985934734,0.5902754366397858,0.20728734135627747,0.20728734135627747,0.23459860682487488,0.9105894565582275,9.789127887115725e-05
1028,0.027049881406128407,0.027049881406128407,0.5897710621356964,0.2072165608406067,0.2072165608406067,0.2345426380634308,0.9105359315872192,9.734858358395826e-05
1029,0.026948140002787113,0.026948140002787113,0.5899322628974915,0.20707537233829498,0.20707537233829498,0.23477672040462494,0.9112054109573364,9.680881937168352e-05
1030,0.026977473869919777,0.026977473869919777,0.5905644595623016,0.20705223083496094,0.20705223083496094,0.234808087348938,0.9112015962600708,9.627198993381637e-05
1031,0.02701552025973797,0.02701552025973797,0.5902843475341797,0.20710113644599915,0.20710113644599915,0.23453186452388763,0.9104520678520203,9.573809894972587e-05
1032,0.02696679811924696,0.02696679811924696,0.5897350013256073,0.20723986625671387,0.20723986625671387,0.23455043137073517,0.9105144739151001,9.520715007864097e-05
1033,0.026933209039270878,0.026933209039270878,0.589977890253067,0.2073432356119156,0.2073432356119156,0.23465590178966522,0.9108890295028687,9.46791469596257e-05
1034,0.026935068890452385,0.026935068890452385,0.5901452004909515,0.20732823014259338,0.20732823014259338,0.23465490341186523,0.9108679890632629,9.415409321155435e-05
1035,0.026985835283994675,0.026985835283994675,0.5904629826545715,0.2071225643157959,0.2071225643157959,0.23474739491939545,0.9110546708106995,9.363199243308662e-05
1036,0.0269040884450078,0.0269040884450078,0.5903040170669556,0.20717328786849976,0.20717328786849976,0.23464228212833405,0.9107373356819153,9.31128482026426e-05
1037,0.02694075182080269,0.02694075182080269,0.5898169279098511,0.20740962028503418,0.20740962028503418,0.23455840349197388,0.9106113910675049,9.259666407837888e-05
1038,0.026908481493592262,0.026908481493592262,0.5899031460285187,0.20746788382530212,0.20746788382530212,0.23469999432563782,0.9110611081123352,9.208344359816365e-05
1039,0.026914910413324833,0.026914910413324833,0.5901298224925995,0.2072899341583252,0.2072899341583252,0.23458030819892883,0.9108059406280518,9.157319027955257e-05
1040,0.026907947845757008,0.026907947845757008,0.5900751352310181,0.2072368562221527,0.2072368562221527,0.2346182018518448,0.9107996225357056,9.106590761976478e-05
1041,0.026891378685832024,0.026891378685832024,0.5898537039756775,0.20740246772766113,0.20740246772766113,0.23463544249534607,0.9107972383499146,9.056159909565868e-05
1042,0.026900908909738064,0.026900908909738064,0.5897201299667358,0.20753256976604462,0.20753256976604462,0.23458874225616455,0.9107413291931152,9.006026816370866e-05
1043,0.026878759264945984,0.026878759264945984,0.5899263024330139,0.20752960443496704,0.20752960443496704,0.2347356677055359,0.9111049175262451,8.956191825998066e-05
1044,0.026889769360423088,0.026889769360423088,0.5902481377124786,0.20736974477767944,0.20736974477767944,0.23477643728256226,0.9111713767051697,8.90665528001092e-05
1045,0.02687083650380373,0.02687083650380373,0.5901792347431183,0.20715631544589996,0.20715631544589996,0.23475977778434753,0.910975456237793,8.85741751792735e-05
1046,0.02689986489713192,0.02689986489713192,0.5902484655380249,0.2072778344154358,0.2072778344154358,0.23469603061676025,0.9108030796051025,8.808478877217474e-05
1047,0.026856892742216587,0.026856892742216587,0.590078204870224,0.207463800907135,0.207463800907135,0.23456737399101257,0.9106862545013428,8.75983969330127e-05
1048,0.0268656425178051,0.0268656425178051,0.5897554457187653,0.20757298171520233,0.20757298171520233,0.2344840168952942,0.9105849862098694,8.711500299546234e-05
1049,0.026852707378566265,0.026852707378566265,0.5896591395139694,0.20743009448051453,0.20743009448051453,0.23453155159950256,0.9106685519218445,8.663461027265183e-05
1050,0.02689523622393608,0.02689523622393608,0.5900035798549652,0.20739814639091492,0.20739814639091492,0.23460718989372253,0.9107506275177002,8.615722205713893e-05
1051,0.026863375678658485,0.026863375678658485,0.5898925065994263,0.20735350251197815,0.20735350251197815,0.2344493567943573,0.910331666469574,8.568284162088912e-05
1052,0.026868071407079697,0.026868071407079697,0.5893644690513611,0.20751914381980896,0.20751914381980896,0.23444509506225586,0.9103900194168091,8.521147221525264e-05
1053,0.0268690949305892,0.0268690949305892,0.5895090401172638,0.20770977437496185,0.20770977437496185,0.2347736358642578,0.9111607074737549,8.474311707094275e-05
1054,0.026880919933319092,0.026880919933319092,0.5901289582252502,0.20754104852676392,0.20754104852676392,0.23485660552978516,0.9112599492073059,8.427777939801318e-05
1055,0.026859760284423828,0.026859760284423828,0.5900940001010895,0.2074558436870575,0.2074558436870575,0.2346377670764923,0.9106906056404114,8.381546238583621e-05
1056,0.026855532079935074,0.026855532079935074,0.5896624326705933,0.20743177831172943,0.20743177831172943,0.23466144502162933,0.9109358787536621,8.335616920308072e-05
1057,0.0268191397190094,0.0268191397190094,0.5897868871688843,0.20753221213817596,0.20753221213817596,0.23480260372161865,0.911375105381012,8.289990299769094e-05
1058,0.026837467215955257,0.026837467215955257,0.5901150107383728,0.20774175226688385,0.20774175226688385,0.23478004336357117,0.9111893177032471,8.244666689686438e-05
1059,0.02685320470482111,0.02685320470482111,0.5899662971496582,0.20761419832706451,0.20761419832706451,0.2345796525478363,0.9106917381286621,8.199646400703035e-05
1060,0.026852555572986603,0.026852555572986603,0.5899455845355988,0.20749671757221222,0.20749671757221222,0.23466908931732178,0.91091388463974,8.154929741382928e-05
1061,0.026812026277184486,0.026812026277184486,0.5898801684379578,0.20771698653697968,0.20771698653697968,0.23464061319828033,0.910825788974762,8.110517018209074e-05
1062,0.026829910464584827,0.026829910464584827,0.5897339880466461,0.20789511501789093,0.20789511501789093,0.23461298644542694,0.9107969999313354,8.066408535581314e-05
1063,0.026798895560204983,0.026798895560204983,0.5896904617547989,0.20767536759376526,0.20767536759376526,0.23455184698104858,0.9106918573379517,8.022604595814239e-05
1064,0.026802274398505688,0.026802274398505688,0.5897808969020844,0.20766156911849976,0.20766156911849976,0.23467132449150085,0.9110180139541626,7.979105499135165e-05
1065,0.026795796118676662,0.026795796118676662,0.589898481965065,0.2077328860759735,0.2077328860759735,0.23469588160514832,0.9110560417175293,7.935911543682016e-05
1066,0.026805774308741093,0.026805774308741093,0.5898304879665375,0.20784598588943481,0.20784598588943481,0.23467354476451874,0.9109746813774109,7.893023025501332e-05
1067,0.02679640520364046,0.02679640520364046,0.5896132290363312,0.20771107077598572,0.20771107077598572,0.23464608192443848,0.9108904600143433,7.850440238546205e-05
1068,0.026817617937922478,0.026817617937922478,0.5897980630397797,0.20774006843566895,0.20774006843566895,0.23472893238067627,0.9110537767410278,7.808163474674299e-05
1069,0.02679839078336954,0.02679839078336954,0.5897188782691956,0.20778390765190125,0.20778390765190125,0.23460568487644196,0.9107950925827026,7.766193023645818e-05
1070,0.026777204126119614,0.026777204126119614,0.5897454917430878,0.20777231454849243,0.20777231454849243,0.2346377670764923,0.9109609127044678,7.724529173121533e-05
1071,0.026770606637001038,0.026770606637001038,0.5896448642015457,0.2076864391565323,0.2076864391565323,0.23462103307247162,0.9109102487564087,7.683172208660811e-05
1072,0.026761885732412338,0.026761885732412338,0.5896731019020081,0.20779752731323242,0.20779752731323242,0.23470264673233032,0.9110114574432373,7.64212241371966e-05
1073,0.026737789623439312,0.026737789623439312,0.5896226465702057,0.20782382786273956,0.20782382786273956,0.23468101024627686,0.9109007120132446,7.601380069648772e-05
1074,0.02680165134370327,0.02680165134370327,0.5898687839508057,0.20783306658267975,0.20783306658267975,0.23473429679870605,0.9110691547393799,7.560945455691606e-05
1075,0.026743080466985703,0.026743080466985703,0.5897747874259949,0.2078954130411148,0.2078954130411148,0.23461149632930756,0.9108008146286011,7.520818848982493e-05
1076,0.02677795011550188,0.02677795011550188,0.5895723402500153,0.20764753222465515,0.20764753222465515,0.23454074561595917,0.9107488393783569,7.481000524544694e-05
1077,0.026753495447337627,0.026753495447337627,0.589592456817627,0.20774467289447784,0.20774467289447784,0.23471134901046753,0.9110996127128601,7.441490755288545e-05
1078,0.026785077527165413,0.026785077527165413,0.5898186266422272,0.2080000340938568,0.2080000340938568,0.23473110795021057,0.9110658168792725,7.40228981200958e-05
1079,0.02672967780381441,0.02672967780381441,0.5897169709205627,0.20793621242046356,0.20793621242046356,0.23464444279670715,0.9108736515045166,7.363397963386676e-05
1080,0.026748516596853733,0.026748516596853733,0.5893817245960236,0.20777627825737,0.20777627825737,0.2345479279756546,0.9107257723808289,7.324815475980216e-05
1081,0.026732231490314007,0.026732231490314007,0.5893221199512482,0.20791706442832947,0.20791706442832947,0.23468467593193054,0.9111105799674988,7.286542614230237e-05
1082,0.0267504695802927,0.0267504695802927,0.5898911356925964,0.20811155438423157,0.20811155438423157,0.23479166626930237,0.9112902879714966,7.248579640454658e-05
1083,0.02673734538257122,0.02673734538257122,0.589836835861206,0.20793405175209045,0.20793405175209045,0.23465487360954285,0.9109448194503784,7.21092681484745e-05
1084,0.026744823902845383,0.026744823902845383,0.5896974802017212,0.2077099233865738,0.2077099233865738,0.23465949296951294,0.9109262228012085,7.173584395476858e-05
1085,0.026752067729830742,0.026752067729830742,0.5895145535469055,0.2079148143529892,0.2079148143529892,0.23450151085853577,0.9105661511421204,7.136552638283643e-05
1086,0.026747911237180233,0.026747911237180233,0.5895145535469055,0.208351269364357,0.208351269364357,0.23475372791290283,0.9112032651901245,7.099831797079326e-05
1087,0.026706291362643242,0.026706291362643242,0.5898216366767883,0.20818880200386047,0.20818880200386047,0.2347973883152008,0.9113308191299438,7.063422123544448e-05
1088,0.026726935990154743,0.026726935990154743,0.5897149741649628,0.20781415700912476,0.20781415700912476,0.23463985323905945,0.9109681844711304,7.027323867226813e-05
1089,0.026709020137786865,0.026709020137786865,0.5893810987472534,0.20789481699466705,0.20789481699466705,0.23461614549160004,0.9108484983444214,6.99153727553985e-05
1090,0.026751498691737652,0.026751498691737652,0.5892422497272491,0.20799793303012848,0.20799793303012848,0.2346268892288208,0.9109519720077515,6.956062593760838e-05
1091,0.026684440672397614,0.026684440672397614,0.5893683433532715,0.20818845927715302,0.20818845927715302,0.2347850501537323,0.9113292098045349,6.920900065029282e-05
1092,0.026687766425311565,0.026687766425311565,0.5896764099597931,0.2081758826971054,0.2081758826971054,0.23475047945976257,0.911215603351593,6.886049930345211e-05
1093,0.026698832400143147,0.026698832400143147,0.5896371304988861,0.20798256993293762,0.20798256993293762,0.23469242453575134,0.9110727906227112,6.851512428567553e-05
1094,0.026677140966057777,0.026677140966057777,0.5894574224948883,0.20794309675693512,0.20794309675693512,0.23460698127746582,0.9108556509017944,6.817287796412468e-05
1095,0.02666807360947132,0.02666807360947132,0.5893967002630234,0.20796553790569305,0.20796553790569305,0.23463627696037292,0.9109394550323486,6.783376268451766e-05
1096,0.02666517812758684,0.02666517812758684,0.5894637703895569,0.2080584615468979,0.2080584615468979,0.23465566337108612,0.9109331369400024,6.749778077111247e-05
1097,0.026653876528143883,0.026653876528143883,0.589491218328476,0.20812873542308807,0.20812873542308807,0.23469707369804382,0.9110312461853027,6.716493452669165e-05
1098,0.026674396358430386,0.026674396358430386,0.5896287262439728,0.2082151621580124,0.2082151621580124,0.2347470372915268,0.9111611247062683,6.683522623254604e-05
1099,0.026666843332350254,0.026666843332350254,0.5895755887031555,0.20810888707637787,0.20810888707637787,0.23466739058494568,0.9110536575317383,6.650865814845932e-05
1100,0.026677584275603294,0.026677584275603294,0.5895367562770844,0.2081107199192047,0.2081107199192047,0.2346803992986679,0.9111483097076416,6.618523251269263e-05
1101,0.026651143096387386,0.026651143096387386,0.5895673334598541,0.20816291868686676,0.20816291868686676,0.23461505770683289,0.910923957824707,6.586495154196912e-05
1102,0.02664764877408743,0.02664764877408743,0.5893596410751343,0.2082403600215912,0.2082403600215912,0.2345348596572876,0.9107264280319214,6.554781743145862e-05
1103,0.02664130926132202,0.02664130926132202,0.5890927314758301,0.20826947689056396,0.20826947689056396,0.23462697863578796,0.9108967781066895,6.523383235476278e-05
1104,0.02666440699249506,0.02666440699249506,0.5893727242946625,0.20823463797569275,0.20823463797569275,0.2347869873046875,0.9113068580627441,6.49229984639003e-05
1105,0.026629213243722916,0.026629213243722916,0.5894700586795807,0.20816926658153534,0.20816926658153534,0.23467287421226501,0.9110298752784729,6.461531788929177e-05
1106,0.02663636952638626,0.02663636952638626,0.589294970035553,0.20810441672801971,0.20810441672801971,0.23463711142539978,0.9109869599342346,6.431079273974535e-05
1107,0.026644732803106308,0.026644732803106308,0.5894507467746735,0.2080720067024231,0.2080720067024231,0.2347368448972702,0.9111529588699341,6.400942510244239e-05
1108,0.02663042489439249,0.02663042489439249,0.5895765423774719,0.20814251899719238,0.20814251899719238,0.23470643162727356,0.9110664129257202,6.371121704292297e-05
1109,0.026616492308676243,0.026616492308676243,0.5893947780132294,0.20825718343257904,0.20825718343257904,0.23465651273727417,0.9109736680984497,6.341617060507163e-05
1110,0.026643069460988045,0.026643069460988045,0.5893266499042511,0.20820187032222748,0.20820187032222748,0.23468580842018127,0.9111164808273315,6.312428781110369e-05
1111,0.026616974733769894,0.026616974733769894,0.5893883109092712,0.20808236300945282,0.20808236300945282,0.23470717668533325,0.9111795425415039,6.283557066155111e-05
1112,0.026610408909618855,0.026610408909618855,0.5895715355873108,0.20817413926124573,0.20817413926124573,0.23473581671714783,0.9111841917037964,6.255002113524892e-05
1113,0.02661624737083912,0.02661624737083912,0.5894864499568939,0.20825372636318207,0.20825372636318207,0.23468664288520813,0.9110926985740662,6.226764118932163e-05
1114,0.026606084778904915,0.026606084778904915,0.5894033014774323,0.20823130011558533,0.20823130011558533,0.23471370339393616,0.9111891388893127,6.198843275916973e-05
1115,0.026596177369356155,0.026596177369356155,0.5893459171056747,0.2082783430814743,0.2082783430814743,0.23469704389572144,0.9110949635505676,6.171239775845655e-05
1116,0.026618371717631817,0.026618371717631817,0.5892843306064606,0.20838747918605804,0.20838747918605804,0.23471418023109436,0.9111214876174927,6.143953807909508e-05
1117,0.026584838517010212,0.026584838517010212,0.5891769230365753,0.20826341211795807,0.20826341211795807,0.23469027876853943,0.9110531210899353,6.116985559123498e-05
1118,0.026651877909898758,0.026651877909898758,0.5895397067070007,0.20813478529453278,0.20813478529453278,0.23476406931877136,0.9112955927848816,6.090335214324984e-05
1119,0.026629775762557983,0.026629775762557983,0.5893747806549072,0.20815512537956238,0.20815512537956238,0.23458972573280334,0.9108771681785583,6.064002956172453e-05
1120,0.026628222316503525,0.026628222316503525,0.5889459848403931,0.20827609300613403,0.20827609300613403,0.23460662364959717,0.9108983278274536,6.037988965144241e-05
1121,0.026585137471556664,0.026585137471556664,0.5890037715435028,0.20843631029129028,0.20843631029129028,0.23474040627479553,0.9112390279769897,6.012293419537334e-05
1122,0.02661111857742071,0.02661111857742071,0.589448481798172,0.20845770835876465,0.20845770835876465,0.23481696844100952,0.911436915397644,5.986916495466128e-05
1123,0.026591814123094082,0.026591814123094082,0.5893518030643463,0.20839759707450867,0.20839759707450867,0.2346654236316681,0.9110249280929565,5.961858366861222e-05
1124,0.02659127488732338,0.02659127488732338,0.5890683829784393,0.2084071934223175,0.2084071934223175,0.23465099930763245,0.911008358001709,5.937119205468223e-05
1125,0.02657710760831833,0.02657710760831833,0.5891087055206299,0.20844292640686035,0.20844292640686035,0.23474226891994476,0.9112718105316162,5.91269918084656e-05
1126,0.02655856031924486,0.02655856031924486,0.5892874598503113,0.2085990011692047,0.2085990011692047,0.23477724194526672,0.9113777279853821,5.8885984603683615e-05
1127,0.0265762098133564,0.0265762098133564,0.589439183473587,0.2083510160446167,0.2083510160446167,0.23474982380867004,0.9112366437911987,5.864817209217264e-05
1128,0.02656950056552887,0.02656950056552887,0.5894287526607513,0.20825061202049255,0.20825061202049255,0.2347172647714615,0.9111231565475464,5.8413555903872954e-05
1129,0.026556805707514286,0.026556805707514286,0.5891903042793274,0.20828260481357574,0.20828260481357574,0.23466718196868896,0.9109879732131958,5.818213764681764e-05
1130,0.026555693708360195,0.026555693708360195,0.5891398191452026,0.20858772099018097,0.20858772099018097,0.23475104570388794,0.9112298488616943,5.795391890712165e-05
1131,0.026553896255791187,0.026553896255791187,0.5893891453742981,0.2086837738752365,0.2086837738752365,0.23482464253902435,0.9115038514137268,5.772890124897052e-05
1132,0.026543650776147842,0.026543650776147842,0.5893586874008179,0.20847994089126587,0.20847994089126587,0.23473872244358063,0.9113051891326904,5.750708621461015e-05
1133,0.026539361104369164,0.026539361104369164,0.5890985280275345,0.20835945010185242,0.20835945010185242,0.23466408252716064,0.9111045598983765,5.7288475324335926e-05
1134,0.0265374556183815,0.0265374556183815,0.5889908075332642,0.20835304260253906,0.20835304260253906,0.23470009863376617,0.911123514175415,5.707307007648245e-05
1135,0.02655026689171791,0.02655026689171791,0.5890599191188812,0.2084808498620987,0.2084808498620987,0.23475153744220734,0.9112659692764282,5.686087194741311e-05
1136,0.026528656482696533,0.026528656482696533,0.58918896317482,0.20853200554847717,0.20853200554847717,0.23477301001548767,0.9113714098930359,5.665188239151017e-05
1137,0.026527603156864643,0.026527603156864643,0.589279055595398,0.2085472196340561,0.2085472196340561,0.2347448468208313,0.9113012552261353,5.64461028411647e-05
1138,0.02658129297196865,0.02658129297196865,0.5890981554985046,0.20858080685138702,0.20858080685138702,0.2346198707818985,0.9109445810317993,5.624353470676659e-05
1139,0.026531334966421127,0.026531334966421127,0.5890949964523315,0.20849518477916718,0.20849518477916718,0.2347671538591385,0.9112938642501831,5.604417937669519e-05
1140,0.026535989716649055,0.026535989716649055,0.5893574208021164,0.2085128128528595,0.2085128128528595,0.23483142256736755,0.9114714860916138,5.5848038217309645e-05
1141,0.02652120031416416,0.02652120031416416,0.5894106030464172,0.20852471888065338,0.20852471888065338,0.23473474383354187,0.9112281799316406,5.565511257293943e-05
1142,0.02651987038552761,0.02651987038552761,0.5892341434955597,0.20861254632472992,0.20861254632472992,0.23472964763641357,0.9112288355827332,5.546540376587535e-05
1143,0.0264996150508523,0.0264996150508523,0.589076578617096,0.20868603885173798,0.20868603885173798,0.2347058206796646,0.9111896753311157,5.5278913096360385e-05
1144,0.026505447924137115,0.026505447924137115,0.5891285389661789,0.20873865485191345,0.20873865485191345,0.2347484827041626,0.9113268256187439,5.509564184258057e-05
1145,0.026501404121518135,0.026501404121518135,0.589138001203537,0.20863772928714752,0.20863772928714752,0.23468559980392456,0.9111424684524536,5.491559126065666e-05
1146,0.02650561649352312,0.02650561649352312,0.5891758799552917,0.20857852697372437,0.20857852697372437,0.23467209935188293,0.9110803008079529,5.473876258463519e-05
1147,0.026515962556004524,0.026515962556004524,0.5890913307666779,0.2085760086774826,0.2085760086774826,0.23464162647724152,0.9110521078109741,5.4565157026480045e-05
1148,0.026506008580327034,0.026506008580327034,0.5890063345432281,0.2086072713136673,0.2086072713136673,0.23472800850868225,0.9112492799758911,5.4394775776064313e-05
1149,0.026487739756703377,0.026487739756703377,0.5891050398349762,0.20877304673194885,0.20877304673194885,0.23478904366493225,0.9113556146621704,5.4227620001162025e-05
1150,0.026493492536246777,0.026493492536246777,0.5891700088977814,0.20871096849441528,0.20871096849441528,0.23475870490074158,0.9112749099731445,5.406369084744009e-05
1151,0.026487164199352264,0.026487164199352264,0.5891030728816986,0.20855046808719635,0.20855046808719635,0.23471815884113312,0.9112155437469482,5.3902989438450625e-05
1152,0.026482963003218174,0.026482963003218174,0.5889487564563751,0.2085724025964737,0.2085724025964737,0.23466119170188904,0.9111249446868896,5.374551687562308e-05
1153,0.026494940742850304,0.026494940742850304,0.5888090133666992,0.20869116485118866,0.20869116485118866,0.2346590757369995,0.911141037940979,5.359127423825671e-05
1154,0.02648109756410122,0.02648109756410122,0.588955283164978,0.20881615579128265,0.20881615579128265,0.23477527499198914,0.911420464515686,5.344026258351339e-05
1155,0.02647895272821188,0.02647895272821188,0.5890774726867676,0.20872575044631958,0.20872575044631958,0.2347511351108551,0.9113540649414062,5.3292482946410026e-05
1156,0.02647041156888008,0.02647041156888008,0.5890313386917114,0.20866793394088745,0.20866793394088745,0.23471851646900177,0.911240816116333,5.31479363398117e-05
1157,0.02647637575864792,0.02647637575864792,0.5891192406415939,0.2088135927915573,0.2088135927915573,0.23473583161830902,0.9112535119056702,5.3006623754424726e-05
1158,0.026487763039767742,0.026487763039767742,0.589136391878128,0.20877885818481445,0.20877885818481445,0.23474979400634766,0.9113401770591736,5.2868546158789644e-05
1159,0.02646645065397024,0.02646645065397024,0.5891019850969315,0.20877352356910706,0.20877352356910706,0.23471570014953613,0.9112668037414551,5.2733704499274955e-05
1160,0.026467331685125828,0.026467331685125828,0.5888254344463348,0.20875218510627747,0.20875218510627747,0.23463916778564453,0.9110602140426636,5.260209970007019e-05
1161,0.026466340757906437,0.026466340757906437,0.5887655019760132,0.2088075429201126,0.2088075429201126,0.2347172498703003,0.9112627506256104,5.2473732663179926e-05
1162,0.026480384171009064,0.026480384171009064,0.5890444219112396,0.20880958437919617,0.20880958437919617,0.23480913043022156,0.9114639759063721,5.234860426841754e-05
1163,0.0264476016163826,0.0264476016163826,0.5891616940498352,0.208784818649292,0.208784818649292,0.23480451107025146,0.9113925695419312,5.2226715373398944e-05
1164,0.026448222808539867,0.026448222808539867,0.5891245305538177,0.20871976017951965,0.20871976017951965,0.2347780466079712,0.9113503694534302,5.2108066813537e-05
1165,0.026447906158864498,0.026447906158864498,0.5891789495944977,0.20872625708580017,0.20872625708580017,0.23480668663978577,0.9114476442337036,5.199265940203566e-05
1166,0.026442146860063076,0.026442146860063076,0.5890187621116638,0.20881113409996033,0.20881113409996033,0.23476091027259827,0.9113525152206421,5.188049392988447e-05
1167,0.026456094346940517,0.026456094346940517,0.588906854391098,0.20884603261947632,0.20884603261947632,0.2347947061061859,0.9114779233932495,5.1771571165852905e-05
1168,0.026433653198182583,0.026433653198182583,0.5889025330543518,0.2087775617837906,0.2087775617837906,0.23480209708213806,0.9115028381347656,5.1665891856485427e-05
1169,0.026429378427565098,0.026429378427565098,0.588937520980835,0.20885184407234192,0.20885184407234192,0.2348194718360901,0.9114731550216675,5.156345672609624e-05
1170,0.02644693572074175,0.02644693572074175,0.5889362692832947,0.2088351845741272,0.2088351845741272,0.23474320769309998,0.9112468957901001,5.146426647676422e-05
1171,0.026435084640979767,0.026435084640979767,0.5887039005756378,0.20887766778469086,0.20887766778469086,0.2347145676612854,0.9112251996994019,5.1368321788328216e-05
1172,0.026433137245476246,0.026433137245476246,0.5888182818889618,0.20886670053005219,0.20886670053005219,0.23474183678627014,0.9113357067108154,5.127562331838241e-05
1173,0.026425921358168125,0.026425921358168125,0.5889459550380707,0.2088579535484314,0.2088579535484314,0.23477014899253845,0.911419153213501,5.118617170227173e-05
1174,0.02642690110951662,0.02642690110951662,0.5890005826950073,0.20889316499233246,0.20889316499233246,0.23473164439201355,0.9112751483917236,5.109996755308749e-05
1175,0.026418589055538177,0.026418589055538177,0.5889495015144348,0.20884041488170624,0.20884041488170624,0.23476864397525787,0.9113765954971313,5.101701146166335e-05
1176,0.026424692012369633,0.026424692012369633,0.5889615416526794,0.2088732123374939,0.2088732123374939,0.23480895161628723,0.9114620089530945,5.093730399657101e-05
1177,0.026420829817652702,0.026420829817652702,0.5889102518558502,0.20892851054668427,0.20892851054668427,0.2347644865512848,0.9113465547561646,5.086084570411652e-05
1178,0.026405368000268936,0.026405368000268936,0.5888643860816956,0.2089923471212387,0.2089923471212387,0.23476940393447876,0.9114320874214172,5.0787637108336547e-05
1179,0.026410085149109364,0.026410085149109364,0.5889165699481964,0.209034726023674,0.209034726023674,0.23476561903953552,0.9114159345626831,5.071767871099448e-05
1180,0.026405143551528454,0.026405143551528454,0.5889509916305542,0.2089300900697708,0.2089300900697708,0.23478838801383972,0.911414384841919,5.0650970991577424e-05
1181,0.026406473014503717,0.026406473014503717,0.5890026837587357,0.20900540053844452,0.20900540053844452,0.23477798700332642,0.91134113073349,5.058751440729254e-05
1182,0.026395603083074093,0.026395603083074093,0.588859960436821,0.20888938009738922,0.20888938009738922,0.23469319939613342,0.9111720323562622,5.0527309393064295e-05
1183,0.026405690237879753,0.026405690237879753,0.5887610018253326,0.20895017683506012,0.20895017683506012,0.23472610116004944,0.9113404154777527,5.047035636153093e-05
1184,0.026397046633064747,0.026397046633064747,0.5887826979160309,0.20893234014511108,0.20893234014511108,0.23471608757972717,0.911323070526123,5.0416655703042264e-05
1185,0.026391547173261642,0.026391547173261642,0.5889258980751038,0.20900273323059082,0.20900273323059082,0.2347884178161621,0.911467432975769,5.036620778565662e-05
1186,0.026379205286502838,0.026379205286502838,0.5890099108219147,0.20907844603061676,0.20907844603061676,0.23480044305324554,0.9114580154418945,5.031901295513829e-05
1187,0.026417267974466085,0.026417267974466085,0.5888190120458603,0.20902147889137268,0.20902147889137268,0.23470494151115417,0.9112144708633423,5.027507153495538e-05
1188,0.026384584605693817,0.026384584605693817,0.5886367857456207,0.209101602435112,0.209101602435112,0.23474596440792084,0.9113782644271851,5.023438382627749e-05
1189,0.02638720814138651,0.02638720814138651,0.5887423306703568,0.20912684500217438,0.20912684500217438,0.2347743809223175,0.9114582538604736,5.019695010797366e-05
1190,0.02638063207268715,0.02638063207268715,0.588959813117981,0.20912815630435944,0.20912815630435944,0.2348477840423584,0.9116302728652954,5.01627706366103e-05
1191,0.026375592686235905,0.026375592686235905,0.588995635509491,0.20909848809242249,0.20909848809242249,0.2348029911518097,0.9114999771118164,5.0131845646449734e-05
1192,0.02639492228627205,0.02639492228627205,0.5888834595680237,0.2089870274066925,0.2089870274066925,0.23479649424552917,0.9114577174186707,5.010417534944839e-05
1193,0.02637574542313814,0.02637574542313814,0.5889736115932465,0.2091081291437149,0.2091081291437149,0.23487058281898499,0.9115951657295227,5.0079759935255375e-05
1194,0.02637625951319933,0.02637625951319933,0.5890442878007889,0.20911113917827606,0.20911113917827606,0.23484382033348083,0.9115477800369263,5.005859957121122e-05
1195,0.026396287605166435,0.026396287605166435,0.5888240039348602,0.20904336869716644,0.20904336869716644,0.2346997857093811,0.9112593531608582,5.0040694402346674e-05
1196,0.026359903626143932,0.026359903626143932,0.5886829793453217,0.2089967578649521,0.2089967578649521,0.23473352193832397,0.911407470703125,5.0026044551381734e-05
1197,0.02638611290603876,0.02638611290603876,0.588776171207428,0.20913520455360413,0.20913520455360413,0.23477530479431152,0.9114852547645569,5.001465011872491e-05
1198,0.026368369348347187,0.026368369348347187,0.5887720882892609,0.20924615859985352,0.20924615859985352,0.234781414270401,0.9114061594009399,5.0006511182472296e-05
1199,0.02635406982153654,0.02635406982153654,0.5888595879077911,0.20914794504642487,0.20914794504642487,0.23485660552978516,0.9115509390830994,5.000162779840723e-05
1200,0.02635117806494236,0.02635117806494236,0.5888363122940063,0.20913229882717133,0.20913229882717133,0.23479807376861572,0.9114648103713989,5e-05
