epoch,train_loss,train_mse,train_pde_mse,train_pde_mse_absolute,train_state_rel_l2,val_loss,val_pde_mse,val_pde_mse_absolute,val_state_mse,val_mse,val_state_rel_l2,test_loss,test_mse,test_pde_mse,test_pde_mse_absolute,test_state_rel_l2,lr
1,0.3701632469892502,0.31844913959503174,1.0342819094657898,436163.453125,1.17696875333786,0.33122825622558594,0.8497885465621948,358361.4375,0.28873881697654724,0.28873881697654724,1.1687159538269043,0.2731797397136688,0.23884794116020203,0.6866358518600464,289558.875,1.1116883754730225,0.0009999983722015927
2,0.3672695904970169,0.3157830238342285,1.0297314822673798,434244.578125,1.1716116666793823,0.32882556319236755,0.8466559052467346,357040.375,0.2864927649497986,0.2864927649497986,1.163962483406067,0.27118879556655884,0.23700304329395294,0.6837153434753418,288327.25,1.1068189144134521,0.0009999934888175275
3,0.36455652117729187,0.31329360604286194,1.0252582132816315,432358.125,1.1667691469192505,0.32633158564567566,0.8426802754402161,355363.8125,0.2841975688934326,0.2841975688934326,1.159206748008728,0.2691885530948639,0.2351798564195633,0.6801738739013672,286833.8125,1.102129340171814,0.0009999853498812749
4,0.3612714856863022,0.31037360429763794,1.017957866191864,429279.53125,1.1613202691078186,0.32313045859336853,0.8360658884048462,352574.5,0.28132715821266174,0.28132715821266174,1.1533336639404297,0.2666124403476715,0.23290760815143585,0.6740966439247131,284271.03125,1.096309781074524,0.000999973955448618
5,0.357112780213356,0.30673155188560486,1.0076246857643127,424921.96875,1.154330551624298,0.3183865249156952,0.8254520297050476,348098.5625,0.2771139144897461,0.2771139144897461,1.144597053527832,0.2627084255218506,0.22950203716754913,0.6641275882720947,280067.0,1.0874764919281006,0.000999959305597653
6,0.3505821079015732,0.3010900318622589,0.9898415207862854,417422.6875,1.143758773803711,0.31155145168304443,0.8100876212120056,341619.28125,0.27104705572128296,0.27104705572128296,1.1317641735076904,0.25691550970077515,0.22444714605808258,0.6493673920631409,273842.53125,1.0741974115371704,0.0009999414004287885
7,0.3422513008117676,0.2938528209924698,0.9679695963859558,408199.171875,1.12922602891922,0.30231624841690063,0.7900640368461609,333175.1875,0.2628130316734314,0.2628130316734314,1.114019751548767,0.24890142679214478,0.2174149602651596,0.6297292709350586,265561.03125,1.0555912256240845,0.0009999202400647444
8,0.33040599524974823,0.28346502780914307,0.9388193190097809,395906.3125,1.1089426279067993,0.2904803156852722,0.7662990093231201,323153.34375,0.25216537714004517,0.25216537714004517,1.0905243158340454,0.23849041759967804,0.20819126069545746,0.6059832572937012,255547.125,1.0308592319488525,0.0009998958246505512
9,0.31543903052806854,0.27020469307899475,0.9046868085861206,381512.40625,1.0827823281288147,0.27643245458602905,0.7425256967544556,313128.0,0.23930616676807404,0.23930616676807404,1.061365008354187,0.22609493136405945,0.1970072239637375,0.5817540884017944,245329.53125,1.0005762577056885,0.0009998681543535498
10,0.2990562915802002,0.25536584854125977,0.8738089501857758,368490.984375,1.0514318943023682,0.2613392770290375,0.7247636914253235,305637.65625,0.22510109841823578,0.22510109841823578,1.0282775163650513,0.2128959596157074,0.18476271629333496,0.5626649260520935,237279.53125,0.9676780700683594,0.0009998372293633891
11,0.28168073296546936,0.23903485387563705,0.8529176115989685,359681.015625,1.0175096988677979,0.24718381464481354,0.7180747389793396,302816.84375,0.21128007769584656,0.21128007769584656,0.9952227473258972,0.20087188482284546,0.1731940656900406,0.5535562634468079,233438.3125,0.9377619028091431,0.000999803049892026
12,0.2670603394508362,0.22482503950595856,0.8447060883045197,356218.15625,0.9869020283222198,0.23544082045555115,0.7165221571922302,302162.125,0.19961470365524292,0.19961470365524292,0.9670004844665527,0.19180206954479218,0.164225772023201,0.5515260696411133,232582.203125,0.9166051745414734,0.000999765616173722
13,0.2555118426680565,0.21357164531946182,0.8388039469718933,353729.171875,0.9613596200942993,0.22690977156162262,0.709749698638916,299306.125,0.19142228364944458,0.19142228364944458,0.9481465816497803,0.18731823563575745,0.15965625643730164,0.5532395243644714,233304.765625,0.9086626768112183,0.000999724928465044
14,0.24769003689289093,0.2062205970287323,0.8293889462947845,349758.828125,0.9447150826454163,0.22057095170021057,0.6966080069541931,293764.1875,0.18574054539203644,0.18574054539203644,0.9361969828605652,0.18551582098007202,0.1578848958015442,0.5526185631752014,233042.875,0.9069677591323853,0.000999680987044861
15,0.2411903440952301,0.20077220350503922,0.8083627820014954,340891.9375,0.9319405853748322,0.21489913761615753,0.6848281025886536,288796.5625,0.18065772950649261,0.18065772950649261,0.9248180985450745,0.1817282885313034,0.15453098714351654,0.5439460873603821,229385.671875,0.8984672427177429,0.0009996337922143427
16,0.23614449054002762,0.19639380276203156,0.7950136065483093,335262.484375,0.9204224646091461,0.2099808305501938,0.6753761172294617,284810.53125,0.17621202766895294,0.17621202766895294,0.9136746525764465,0.1763719916343689,0.14989028871059418,0.5296339392662048,223350.125,0.8843409419059753,0.000999583344296957
17,0.23194319754838943,0.1927199438214302,0.7844651639461517,330814.125,0.9111525416374207,0.20481696724891663,0.6625736951828003,279411.71875,0.1716882735490799,0.1716882735490799,0.9009689688682556,0.16982212662696838,0.14426909387111664,0.5110605359077454,215517.625,0.8657562732696533,0.0009995296436384681
18,0.2272881269454956,0.18882927298545837,0.7691770493984222,324367.03125,0.901261031627655,0.19917038083076477,0.6462786793708801,272539.96875,0.16685645282268524,0.16685645282268524,0.8872464299201965,0.16372910141944885,0.13914461433887482,0.49168962240219116,207348.75,0.8479472398757935,0.0009994726906069349
19,0.2217254862189293,0.18416626751422882,0.7511843144893646,316779.375,0.8895243406295776,0.19231656193733215,0.6273319125175476,264550.03125,0.1609499603509903,0.1609499603509903,0.8704925775527954,0.15735037624835968,0.13365444540977478,0.47391873598098755,199854.65625,0.828518271446228,0.0009994124855927063
20,0.2143913358449936,0.17787494510412216,0.7303279042243958,307984.109375,0.8749412894248962,0.18391858041286469,0.6073789000511169,256135.6875,0.15354964137077332,0.15354964137077332,0.8498163223266602,0.15063390135765076,0.12768059968948364,0.45906591415405273,193591.125,0.8078903555870056,0.0009993490290084214
21,0.20629619807004929,0.17073502391576767,0.7112234532833099,299927.625,0.8566862642765045,0.1747027486562729,0.5892053842544556,248471.8125,0.14524248242378235,0.14524248242378235,0.8265549540519714,0.14395518600940704,0.12155912816524506,0.44792118668556213,188891.328125,0.7872014045715332,0.0009992823212890045
22,0.19788546115159988,0.16314174234867096,0.6948742270469666,293033.0078125,0.8368353545665741,0.16589680314064026,0.5751550793647766,242546.703125,0.13713905215263367,0.13713905215263367,0.8038367033004761,0.1381647288799286,0.11611122637987137,0.4410700500011444,186002.15625,0.7688640356063843,0.0009992123628916624
23,0.19020718336105347,0.15605511516332626,0.6830414533615112,288043.09375,0.8186146318912506,0.15834759175777435,0.5650857090950012,238300.359375,0.1300933063030243,0.1300933063030243,0.7841496467590332,0.13318918645381927,0.11134161055088043,0.4369516372680664,184265.375,0.7523891925811768,0.0009991391542958825
24,0.1839192658662796,0.15011147409677505,0.6761557459831238,285139.3515625,0.8038473427295685,0.15230102837085724,0.556873619556427,234837.28125,0.12445734441280365,0.12445734441280365,0.7684908509254456,0.12853001058101654,0.10689900815486908,0.43261995911598206,182438.6875,0.7356981635093689,0.000999062696003428
25,0.178058460354805,0.1446048840880394,0.6690714657306671,282151.84375,0.7908138930797577,0.1478567123413086,0.5500713586807251,231968.6875,0.12035313993692398,0.12035313993692398,0.7568594217300415,0.12425240874290466,0.10293374955654144,0.4263731837272644,179804.375,0.7196080684661865,0.0009989829885383356
26,0.1727522388100624,0.13975994288921356,0.659845769405365,278261.3125,0.7792651057243347,0.14420102536678314,0.5421566963195801,228631.0625,0.11709319055080414,0.11709319055080414,0.7464951872825623,0.1199859231710434,0.09921322017908096,0.4154540002346039,175199.703125,0.7032545208930969,0.0009989000324469113
27,0.16758432239294052,0.13524623960256577,0.6467616260051727,272743.671875,0.7666606605052948,0.1412895768880844,0.5331699848175049,224841.28125,0.11463107168674469,0.11463107168674469,0.7380709648132324,0.11641158908605576,0.09632556885480881,0.4017203450202942,169408.140625,0.6916177868843079,0.000998813828297727
28,0.16345535963773727,0.13178056478500366,0.6334958672523499,267149.3828125,0.7566880285739899,0.13853637874126434,0.5230408906936646,220569.78125,0.11238433420658112,0.11238433420658112,0.7307412624359131,0.11333030462265015,0.09395734965801239,0.3874591290950775,163394.078125,0.6839745044708252,0.0009987243766816161
29,0.15941321104764938,0.1283688172698021,0.6208878755569458,261832.53125,0.7475009262561798,0.13543972373008728,0.5128828883171082,216286.140625,0.10979558527469635,0.10979558527469635,0.7222462892532349,0.10995464026927948,0.09124749153852463,0.37414297461509705,157778.546875,0.6755657196044922,0.0009986316782116702
30,0.15594631433486938,0.12549350410699844,0.6090562343597412,256843.0078125,0.7395940124988556,0.13235032558441162,0.49958881735801697,210679.890625,0.10737089067697525,0.10737089067697525,0.7138060927391052,0.10683871805667877,0.08884397149085999,0.35989487171173096,151770.03125,0.6674596667289734,0.0009985357335232344
31,0.1524231880903244,0.12271656468510628,0.5941324532032013,250549.5703125,0.7316123247146606,0.12928710877895355,0.4862302243709564,205046.5,0.10497560352087021,0.10497560352087021,0.7049634456634521,0.10361261665821075,0.08632633090019226,0.3457256257534027,145794.78125,0.6568335294723511,0.0009984365432739021
32,0.1490519717335701,0.12007904052734375,0.579458624124527,244361.53125,0.7233849167823792,0.12650974094867706,0.47552651166915894,200532.671875,0.10273341089487076,0.10273341089487076,0.6964106559753418,0.10015808045864105,0.08342482149600983,0.3346651494503021,141130.5,0.6433574557304382,0.0009983341081435128
33,0.1460646092891693,0.11769875138998032,0.5673171877861023,239241.4140625,0.7164996862411499,0.12406961619853973,0.4673176407814026,197070.9375,0.10070373117923737,0.10070373117923737,0.6888319253921509,0.0971374362707138,0.08089768886566162,0.3247949481010437,136968.171875,0.6332459449768066,0.0009982284288341454
34,0.1432735174894333,0.1154337003827095,0.5567963719367981,234804.6875,0.7097631394863129,0.12185521423816681,0.4615209400653839,194626.421875,0.09877916425466537,0.09877916425466537,0.6818129420280457,0.09430691599845886,0.07852118462324142,0.31571462750434875,133138.9375,0.6253531575202942,0.0009981195060701138
35,0.140718512237072,0.11332246288657188,0.5479210019111633,231061.90625,0.7031950950622559,0.12023772299289703,0.4558662176132202,192241.796875,0.09744440764188766,0.09744440764188766,0.676912784576416,0.09262234717607498,0.07719976454973221,0.30845171213150024,130076.109375,0.6213396191596985,0.0009980073405979624
36,0.13863474875688553,0.11161291226744652,0.540436714887619,227905.7265625,0.6979960501194,0.1185726746916771,0.45057404041290283,190010.046875,0.09604397416114807,0.09604397416114807,0.6716187000274658,0.09041222184896469,0.075308658182621,0.3020712435245514,127385.4296875,0.6138454675674438,0.000997891933186461
37,0.1369357816874981,0.11024792864918709,0.5337570458650589,225088.8671875,0.6941966712474823,0.11748681217432022,0.4460213780403137,188090.125,0.09518574178218842,0.09518574178218842,0.668311595916748,0.08890403062105179,0.07402599602937698,0.2975606620311737,125483.296875,0.6072008013725281,0.000997773284626599
38,0.13479982316493988,0.10849649459123611,0.5260666012763977,221845.765625,0.6887099742889404,0.1168188825249672,0.4439693093299866,187224.796875,0.09462041407823563,0.09462041407823563,0.6665433645248413,0.08772996068000793,0.0730411484837532,0.293776273727417,123887.3984375,0.6032618284225464,0.0009976513957315803
39,0.13316386938095093,0.10713698342442513,0.520537719130516,219514.1796875,0.6843423843383789,0.1159115731716156,0.4416258633136749,186236.53125,0.09383028000593185,0.09383028000593185,0.6638709902763367,0.0867663249373436,0.07224550098180771,0.2904164791107178,122470.546875,0.6026734113693237,0.0009975262673368177
40,0.13157005235552788,0.10583803057670593,0.5146404206752777,217027.28125,0.6803302466869354,0.11497529596090317,0.4367622137069702,184185.484375,0.09313718229532242,0.09313718229532242,0.6612944602966309,0.08621764183044434,0.07189827412366867,0.28638729453086853,120771.4140625,0.6017265319824219,0.0009973979002999274
41,0.1302974782884121,0.10482862591743469,0.5093770772218704,214807.671875,0.6771343946456909,0.11377792805433273,0.4318060874938965,182095.484375,0.09218762069940567,0.09218762069940567,0.6577280759811401,0.08489589393138885,0.0708082914352417,0.2817520797252655,118816.703125,0.5959274768829346,0.0009972662955007225
42,0.12907028943300247,0.10385329648852348,0.5043398439884186,212683.453125,0.6739078164100647,0.11296455562114716,0.4283144772052765,180623.03125,0.09154883027076721,0.09154883027076721,0.6551870107650757,0.08371445536613464,0.06978615373373032,0.2785659730434418,117473.1171875,0.5898879766464233,0.000997131453841208
43,0.12753848358988762,0.10260885208845139,0.49859270453453064,210259.8359375,0.6702224314212799,0.1124003529548645,0.42734432220458984,180213.921875,0.09103313833475113,0.09103313833475113,0.6532593965530396,0.08390337973833084,0.06996838748455048,0.2786999046802521,117529.5859375,0.5932895541191101,0.0009969933762455727
44,0.1264268234372139,0.10167041420936584,0.49512816965579987,208798.828125,0.6675278544425964,0.11113347858190536,0.42374420166015625,178695.71875,0.08994626998901367,0.08994626998901367,0.6488838195800781,0.08191325515508652,0.0682540088891983,0.2731848657131195,115203.875,0.58484947681427,0.0009968520636601855
45,0.12507938593626022,0.10051985457539558,0.4911906272172928,207138.3203125,0.6634273529052734,0.11023911088705063,0.42106473445892334,177565.78125,0.08918587118387222,0.08918587118387222,0.6460806727409363,0.08114621043205261,0.06756386905908585,0.2716468572616577,114555.28125,0.5819804668426514,0.0009967075170535873
46,0.12406859174370766,0.0996539518237114,0.48829275369644165,205916.28125,0.6603030264377594,0.1095932275056839,0.4193951189517975,176861.6875,0.08862347155809402,0.08862347155809402,0.6438136100769043,0.08089829236268997,0.0673217922449112,0.27153003215789795,114506.0,0.5824800729751587,0.000996559737416484
47,0.12302348390221596,0.09877076372504234,0.4850543737411499,204550.640625,0.6577829122543335,0.10910052806138992,0.41773825883865356,176162.984375,0.08821361511945724,0.08821361511945724,0.6422073841094971,0.08010059595108032,0.0666099339723587,0.2698131799697876,113782.0,0.577762246131897,0.0009964087257617405
48,0.12188807129859924,0.09784477949142456,0.48086586594581604,202784.328125,0.65492182970047,0.1082741916179657,0.4146742820739746,174870.890625,0.08754047751426697,0.08754047751426697,0.6396185159683228,0.07894054800271988,0.06560736149549484,0.2666637599468231,112453.8671875,0.571655809879303,0.0009962544831243743
49,0.1210768036544323,0.09720314666628838,0.47747305035591125,201353.5625,0.6527886390686035,0.10805240273475647,0.41458526253700256,174833.328125,0.0873231366276741,0.0873231366276741,0.6387927532196045,0.07988937199115753,0.0663970559835434,0.2698463201522827,113795.9765625,0.5775527954101562,0.0009960970105615467
50,0.11956421285867691,0.09587059170007706,0.47387245297431946,199835.125,0.6485078930854797,0.1070764809846878,0.4128774106502533,174113.125,0.08643260598182678,0.08643260598182678,0.6357357501983643,0.07786290347576141,0.06456303596496582,0.26599738001823425,112172.84375,0.567898690700531,0.0009959363091525573
51,0.11885133758187294,0.09527910128235817,0.4714447259902954,198811.34375,0.6463881433010101,0.10672423988580704,0.41186389327049255,173685.703125,0.08613104373216629,0.08613104373216629,0.6343997716903687,0.07810398936271667,0.06479594111442566,0.26616090536117554,112241.8046875,0.5692654848098755,0.0009957723799988354
52,0.11773667857050896,0.0943114385008812,0.46850480139255524,197571.5625,0.6431553959846497,0.10645846277475357,0.41095104813575745,173300.78125,0.08591090887784958,0.08591090887784958,0.6335563063621521,0.07885083556175232,0.06547046452760696,0.2676074504852295,112851.828125,0.574458122253418,0.000995605224223933
53,0.11691556870937347,0.09365015104413033,0.4653083384037018,196223.59375,0.6413730978965759,0.10529056936502457,0.4074336588382721,171817.46875,0.08491888642311096,0.08491888642311096,0.6300180554389954,0.07675859332084656,0.06357337534427643,0.26370441913604736,111205.8984375,0.5615596771240234,0.0009954348429735173
54,0.11576500535011292,0.09272132068872452,0.46087370812892914,194353.5,0.6382279992103577,0.1048402339220047,0.4069991111755371,171634.203125,0.08449027687311172,0.08449027687311172,0.6282614469528198,0.07764726877212524,0.06427327543497086,0.26747989654541016,112798.03125,0.5668094158172607,0.000995261237415362
55,0.11489645764231682,0.09199266135692596,0.4580758959054947,193173.625,0.6359798610210419,0.104170061647892,0.4048520028591156,170728.765625,0.0839274600148201,0.0839274600148201,0.6259897947311401,0.07722867280244827,0.06389183551073074,0.2667367458343506,112484.625,0.5643066763877869,0.0009950844087393406
56,0.11385087296366692,0.09112074971199036,0.45460245013237,191708.84375,0.6330202519893646,0.10326682031154633,0.40297719836235046,169938.125,0.08311796188354492,0.08311796188354492,0.6230653524398804,0.07590959221124649,0.06277001649141312,0.2627914547920227,110820.8828125,0.5572209358215332,0.0009949043581574167
57,0.11317798495292664,0.09052713960409164,0.45301687717437744,191040.2109375,0.6308703720569611,0.1028093621134758,0.4030677378177643,169976.34375,0.08265597373247147,0.08265597373247147,0.6214165687561035,0.07632068544626236,0.0631381943821907,0.26364976167678833,111182.8515625,0.5615335702896118,0.000994721086903637
58,0.1122334934771061,0.0897299125790596,0.45007163286209106,189798.171875,0.6279442012310028,0.10242611914873123,0.4021592140197754,169593.203125,0.08231815695762634,0.08231815695762634,0.6199191212654114,0.07589881122112274,0.06271720677614212,0.2636320888996124,111175.3828125,0.5574064254760742,0.0009945345962341218
59,0.11132517829537392,0.08899474516510963,0.44660866260528564,188337.8203125,0.6258543729782104,0.10176631063222885,0.40050509572029114,168895.640625,0.08174105733633041,0.08174105733633041,0.6175589561462402,0.07540811598300934,0.062296561896800995,0.26223108172416687,110584.5859375,0.5546855926513672,0.0009943448874270577
60,0.11040842533111572,0.0882326066493988,0.4435163736343384,187033.7734375,0.6232352256774902,0.10108600556850433,0.3991410732269287,168320.40625,0.08112895488739014,0.08112895488739014,0.6149890422821045,0.07438736408948898,0.06140632927417755,0.2596207559108734,109483.78125,0.5490745306015015,0.0009941519617826875
61,0.10980222001671791,0.08773018792271614,0.4414405971765518,186158.3984375,0.6215397119522095,0.10078925639390945,0.3987857699394226,168170.59375,0.08084996789693832,0.08084996789693832,0.6135851144790649,0.07476046681404114,0.061708636581897736,0.26103654503822327,110080.8125,0.5511009693145752,0.0009939558206233019
62,0.10915745422244072,0.08718002215027809,0.43954862654209137,185360.5625,0.6196683645248413,0.1000201553106308,0.3977352976799011,167727.59375,0.08013338595628738,0.08013338595628738,0.6111574769020081,0.0741576999425888,0.06114133074879646,0.26032736897468567,109781.78125,0.5495681166648865,0.0009937564652932305
63,0.10803927853703499,0.0862087681889534,0.4366101324558258,184121.3671875,0.616320937871933,0.09929968416690826,0.39502060413360596,166582.796875,0.07954864948987961,0.07954864948987961,0.6092329025268555,0.07250499725341797,0.05973692610859871,0.25536149740219116,107687.640625,0.5407029390335083,0.0009935538971588324
64,0.1073802262544632,0.08565770834684372,0.43445032835006714,183210.5703125,0.6142103374004364,0.09870456159114838,0.3927730619907379,165635.0,0.07906591147184372,0.07906591147184372,0.606660008430481,0.07352305948734283,0.06066284701228142,0.2572043240070343,108464.765625,0.5477691292762756,0.0009933481176084868
65,0.10658034309744835,0.08500232174992561,0.4315604418516159,181991.890625,0.6120081543922424,0.09787987917661667,0.39074644446372986,164780.359375,0.07834255695343018,0.07834255695343018,0.6040968894958496,0.07216408103704453,0.05941420793533325,0.2549974024295807,107534.0859375,0.5391875505447388,0.0009931391280525838
66,0.10555339604616165,0.08415181189775467,0.42803169786930084,180503.78125,0.6090562641620636,0.09767261147499084,0.3907126784324646,164766.109375,0.07813697308301926,0.07813697308301926,0.602716863155365,0.07187329977750778,0.059155452996492386,0.25435689091682434,107263.984375,0.5365937948226929,0.0009929269299235144
67,0.10482136160135269,0.08354214206337929,0.4255844056606293,179471.7421875,0.6069805324077606,0.09687994420528412,0.389396071434021,164210.890625,0.07741013914346695,0.07741013914346695,0.6000291109085083,0.07167371362447739,0.0589706227183342,0.2540617883205414,107139.5390625,0.5359715819358826,0.0009927115246756608
68,0.1040266714990139,0.08281508460640907,0.42423173785209656,178901.3515625,0.604547917842865,0.09609346091747284,0.388466477394104,163818.875,0.07667014002799988,0.07667014002799988,0.597522497177124,0.0708216205239296,0.05817556381225586,0.25292107462882996,106658.4921875,0.5321667194366455,0.0009924929137853865
69,0.10322549939155579,0.08213645219802856,0.42178094387054443,177867.796875,0.6019882261753082,0.09573833644390106,0.3883020281791687,163749.515625,0.07632323354482651,0.07632323354482651,0.5956240892410278,0.0711551085114479,0.058396484702825546,0.2551724314689636,107607.8984375,0.5332051515579224,0.0009922710987510263
70,0.10227605327963829,0.0812959335744381,0.4196023941040039,176949.1015625,0.5988073348999023,0.09519827365875244,0.3876229226589203,163463.140625,0.07581713050603867,0.07581713050603867,0.5938500165939331,0.07060162723064423,0.057847097516059875,0.25509053468704224,107573.3671875,0.5284045934677124,0.0009920460810928752
71,0.10136184468865395,0.08050062507390976,0.41722437739372253,175946.28125,0.5960130095481873,0.09451576322317123,0.3859696686267853,162765.953125,0.07521727681159973,0.07521727681159973,0.5908832550048828,0.07062944769859314,0.05785195156931877,0.25554999709129333,107767.1171875,0.5284537076950073,0.000991817862353179
72,0.10059729591012001,0.07984225451946259,0.4151008129119873,175050.75,0.5935285985469818,0.0936490148305893,0.3842199444770813,162028.09375,0.07443802058696747,0.07443802058696747,0.5880786180496216,0.06988351047039032,0.05713098496198654,0.2550504803657532,107556.46875,0.5243200063705444,0.0009915864440961236
73,0.09987747669219971,0.07920070365071297,0.4135354608297348,174390.6328125,0.5911571085453033,0.09292960166931152,0.3834896385669708,161720.09375,0.07375512272119522,0.07375512272119522,0.5851632356643677,0.06956429779529572,0.05682888999581337,0.25470808148384094,107412.078125,0.5239818096160889,0.0009913518279078238
74,0.09883879870176315,0.0782741904258728,0.4112921506166458,173444.6015625,0.5881080627441406,0.09237931668758392,0.3824435770511627,161279.0,0.07325713336467743,0.07325713336467743,0.5831830501556396,0.06876257061958313,0.05609017610549927,0.25344792008399963,106880.6640625,0.5187864303588867,0.0009911140153963127
75,0.09802088141441345,0.0775657370686531,0.4091028720140457,172521.3828125,0.585243821144104,0.09198004007339478,0.38107070326805115,160700.015625,0.07292650640010834,0.07292650640010834,0.5815701484680176,0.06938880681991577,0.05660843104124069,0.255607545375824,107791.3984375,0.5226345658302307,0.0009908730081915308
76,0.0972723737359047,0.07692635804414749,0.40692034363746643,171600.9765625,0.5831694602966309,0.09139000624418259,0.38036707043647766,160403.296875,0.07237165421247482,0.07237165421247482,0.5789150595664978,0.06838199496269226,0.05567661300301552,0.25410768389701843,107158.8828125,0.5154917240142822,0.000990628807945314
77,0.09625591337680817,0.07603758946061134,0.40436647832393646,170524.015625,0.5798800587654114,0.09084681421518326,0.3797498345375061,160143.0,0.07185932248830795,0.07185932248830795,0.5768136382102966,0.06806915998458862,0.05535357818007469,0.25431159138679504,107244.875,0.5146827101707458,0.000990381416331384
78,0.09551813080906868,0.07538465037941933,0.4026695787906647,169808.40625,0.5775868892669678,0.09011349827051163,0.3782294988632202,159501.890625,0.07120202481746674,0.07120202481746674,0.5740776062011719,0.06755185127258301,0.05484386906027794,0.25415968894958496,107180.828125,0.5118576884269714,0.0009901308350453348
79,0.09462762251496315,0.07459539920091629,0.4006444066762924,168954.390625,0.5744939148426056,0.08945652097463608,0.3763372004032135,158703.890625,0.07063966244459152,0.07063966244459152,0.571900486946106,0.06681312620639801,0.05417921021580696,0.2526783347129822,106556.109375,0.5086572170257568,0.0009898770658046227
80,0.09397263452410698,0.0740042869001627,0.39936691522598267,168415.65625,0.5719897747039795,0.0886673629283905,0.37365105748176575,157571.109375,0.0699848085641861,0.0699848085641861,0.5689326524734497,0.0666881799697876,0.05408397689461708,0.25208407640457153,106305.5234375,0.5085276961326599,0.0009896201103485537
81,0.09317239001393318,0.0733407624065876,0.3966325521469116,167262.5625,0.5696492195129395,0.08838959783315659,0.37400493025779724,157720.34375,0.06968934834003448,0.06968934834003448,0.5672399401664734,0.06670218706130981,0.05402030795812607,0.25363752245903015,106960.6171875,0.5059080123901367,0.0009893599704382716
82,0.09212638065218925,0.07246173545718193,0.3932929039001465,165854.2109375,0.5666821002960205,0.08780287951231003,0.3725859522819519,157121.9375,0.06917358189821243,0.06917358189821243,0.56516432762146,0.06604483723640442,0.05341782420873642,0.25254032015800476,106497.9140625,0.5031452775001526,0.0009890966478567462
83,0.09142350405454636,0.07184774801135063,0.39151516556739807,165104.5234375,0.5644621849060059,0.08725481480360031,0.37228870391845703,156996.59375,0.06864038109779358,0.06864038109779358,0.5632176399230957,0.06561271101236343,0.05297364667057991,0.2527812421321869,106599.5078125,0.5005552768707275,0.000988830144408761
84,0.09052767977118492,0.07104864716529846,0.3895805925130844,164288.7109375,0.5612510442733765,0.08650366961956024,0.371408075094223,156625.25,0.06793326884508133,0.06793326884508133,0.5596908330917358,0.06559177488088608,0.05288191884756088,0.25419706106185913,107196.5703125,0.5019521713256836,0.0009885604619209007
85,0.09004730731248856,0.07061113230884075,0.3887234777212143,163927.25,0.5595755577087402,0.0861339271068573,0.3702338635921478,156130.0625,0.06762222945690155,0.06762222945690155,0.5591151714324951,0.06483332812786102,0.052200332283973694,0.2526598572731018,106548.328125,0.4986402690410614,0.0009882876022415392
86,0.08890926092863083,0.06964719668030739,0.3852412551641464,162458.78125,0.5556807816028595,0.08522632718086243,0.3677981495857239,155102.890625,0.066836416721344,0.066836416721344,0.5548518896102905,0.06439356505870819,0.05181288346648216,0.25161364674568176,106107.1328125,0.4948919713497162,0.0009880115672408262
87,0.08791092038154602,0.06879688799381256,0.382280632853508,161210.2734375,0.5526103973388672,0.08468277752399445,0.3671130836009979,154814.0,0.06632712483406067,0.06632712483406067,0.5522699356079102,0.06469446420669556,0.05199209973216057,0.25404733419418335,107133.4453125,0.49575039744377136,0.0009877323588106742
88,0.0871911309659481,0.06819254532456398,0.3799716383218765,160236.546875,0.5503164231777191,0.08467409014701843,0.36741703748703003,154942.203125,0.06630323827266693,0.06630323827266693,0.5528474450111389,0.06416567414999008,0.05148181691765785,0.2536771595478058,106977.3359375,0.49455752968788147,0.0009874499788647467
89,0.08665556460618973,0.06772883236408234,0.3785346448421478,159630.5390625,0.5489433109760284,0.08352798968553543,0.3652399778366089,154024.109375,0.06526599079370499,0.06526599079370499,0.5479479432106018,0.06368254870176315,0.051049478352069855,0.2526613473892212,106548.953125,0.49203264713287354,0.0009871644293384444
90,0.08571703732013702,0.06688173674046993,0.3767060488462448,158859.421875,0.5451671183109283,0.08283143490552902,0.3632500171661377,153184.921875,0.0646689310669899,0.0646689310669899,0.545038104057312,0.06332603842020035,0.05073695257306099,0.25178173184394836,106178.0234375,0.4900568425655365,0.0009868757121888917
91,0.08446492627263069,0.06579025276005268,0.373493492603302,157504.6640625,0.5407470464706421,0.08235220611095428,0.3634796738624573,153281.78125,0.0641782209277153,0.0641782209277153,0.542931079864502,0.06336769461631775,0.050703439861536026,0.25328508019447327,106811.9921875,0.48913106322288513,0.0009865838293949237
92,0.08359921351075172,0.06506570056080818,0.3706701993942261,156314.078125,0.5381340384483337,0.08251490443944931,0.3644936680793762,153709.390625,0.06429021805524826,0.06429021805524826,0.5442978143692017,0.06295689940452576,0.05023858696222305,0.2543662488460541,107267.9140625,0.4871159791946411,0.0009862887829570723
93,0.08300353214144707,0.06456208601593971,0.3688289672136307,155537.59375,0.5362513959407806,0.08091990649700165,0.35932672023773193,151530.453125,0.06295356899499893,0.06295356899499893,0.5373223423957825,0.06265722215175629,0.04995441064238548,0.2540561854839325,107137.1640625,0.4863811135292053,0.000985990574897553
94,0.08190375193953514,0.06359877251088619,0.36609959602355957,154386.625,0.5324835181236267,0.08094577491283417,0.3602730929851532,151929.53125,0.06293211877346039,0.06293211877346039,0.5380011796951294,0.06250829994678497,0.04976905882358551,0.25478485226631165,107444.453125,0.4858117997646332,0.00098568920726025
95,0.0811837799847126,0.06293924897909164,0.36489062011241913,153876.78125,0.5297470986843109,0.08010464906692505,0.35903963446617126,151409.375,0.062152665108442307,0.062152665108442307,0.5335787534713745,0.06212518364191055,0.049424078315496445,0.25402209162712097,107122.7890625,0.4839237630367279,0.0009853846821107036
96,0.0803225040435791,0.06216999143362045,0.36305026710033417,153100.6953125,0.5266242921352386,0.08042161166667938,0.359267920255661,151505.671875,0.06245821714401245,0.06245821714401245,0.5366334915161133,0.06155744940042496,0.04889507591724396,0.25324746966362,106796.1171875,0.4834632873535156,0.000985077001536095
97,0.07974442839622498,0.06176546402275562,0.35957928001880646,151636.9609375,0.5249873399734497,0.07849519699811935,0.3533335328102112,149003.078125,0.060828521847724915,0.060828521847724915,0.5272950530052185,0.06155182421207428,0.04888767749071121,0.25328296422958374,106811.078125,0.4820924699306488,0.0009847661676452323
98,0.07895450666546822,0.06108127720654011,0.35746461153030396,150745.1796875,0.5226102769374847,0.07946281880140305,0.3561168313026428,150176.8125,0.061656977981328964,0.061656977981328964,0.5341020822525024,0.06161602586507797,0.048920586705207825,0.25390881299972534,107075.0234375,0.48365095257759094,0.0009844521825685365
99,0.07791487127542496,0.06018326058983803,0.3546321839094162,149550.734375,0.5187487900257111,0.07727882266044617,0.3520691990852356,148469.890625,0.05967536196112633,0.05967536196112633,0.5220282077789307,0.061002518981695175,0.048341408371925354,0.25322219729423523,106785.46875,0.4794251322746277,0.000984135048458026
100,0.07699522376060486,0.05940068140625954,0.35189080238342285,148394.6796875,0.5155045539140701,0.07786295562982559,0.35438016057014465,149444.46875,0.06014394760131836,0.06014394760131836,0.5267230272293091,0.06121775507926941,0.0483502633869648,0.25734978914260864,108526.1015625,0.4805629253387451,0.0009838147674873024
101,0.07582998648285866,0.058366721495985985,0.34926532208919525,147287.50390625,0.5112956762313843,0.07602759450674057,0.34997862577438354,147588.28125,0.05852866172790527,0.05852866172790527,0.5171592831611633,0.0598892867565155,0.04720495268702507,0.2536866366863251,106981.328125,0.47329121828079224,0.0009834913418515358
102,0.0749264732003212,0.05760774575173855,0.3463745415210724,146068.4140625,0.5075491964817047,0.07666680961847305,0.35123199224472046,148116.84375,0.05910521000623703,0.05910521000623703,0.5215566754341125,0.060170549899339676,0.04739551246166229,0.2555007338523865,107746.34375,0.47668877243995667,0.000983164773767449
103,0.07422785833477974,0.05699826404452324,0.3445919156074524,145316.6875,0.5051910877227783,0.07474282383918762,0.346079021692276,145943.8125,0.05743887647986412,0.05743887647986412,0.5129022598266602,0.05996713042259216,0.04713720083236694,0.2565986216068268,108209.328125,0.4733864963054657,0.0009828350654733033
104,0.07296550646424294,0.0559166744351387,0.34097665548324585,143792.1171875,0.5002593994140625,0.07434666156768799,0.3454861640930176,145693.796875,0.05707234889268875,0.05707234889268875,0.5110872387886047,0.05881425365805626,0.0461852140724659,0.25258079171180725,106514.96875,0.4691031575202942,0.0009825022192288823
105,0.07203081995248795,0.05514163337647915,0.3377837985754013,142445.65625,0.4969826489686966,0.07322725653648376,0.34235233068466187,144372.234375,0.05610964074730873,0.05610964074730873,0.5072124004364014,0.058367446064949036,0.04566741734743118,0.25400054454803467,107113.7109375,0.46655595302581787,0.000982166237315477
106,0.0711229220032692,0.05437680892646313,0.33492229878902435,141238.9453125,0.49343034625053406,0.07321469485759735,0.3434304893016815,144826.921875,0.056043174117803574,0.056043174117803574,0.5069120526313782,0.05783789977431297,0.04516231268644333,0.2535117268562317,106907.5703125,0.46477386355400085,0.00098182712203587
107,0.07041151821613312,0.053764840587973595,0.33293358981609344,140400.296875,0.4908711910247803,0.0724010244011879,0.3424872159957886,144429.109375,0.05527666583657265,0.05527666583657265,0.503317654132843,0.058093585073947906,0.04535176232457161,0.25483646988868713,107466.2265625,0.4657846987247467,0.000981484875714319
108,0.0694618858397007,0.05294759385287762,0.33028580248355865,139283.71484375,0.48714131116867065,0.07143720984458923,0.33914121985435486,143018.09375,0.05448015034198761,0.05448015034198761,0.4993683099746704,0.05783364549279213,0.04510733112692833,0.2545262575149536,107335.40625,0.463412880897522,0.0009811395006965424
109,0.06864911690354347,0.052260830998420715,0.32776573300361633,138220.984375,0.4842470735311508,0.07086299359798431,0.33793511986732483,142509.46875,0.05396623909473419,0.05396623909473419,0.4974038004875183,0.05782706290483475,0.045115817338228226,0.25422486662864685,107208.3046875,0.46436190605163574,0.0009807909993497016
110,0.06806314177811146,0.05173547379672527,0.3265533596277237,137709.7109375,0.4819292575120926,0.06983423978090286,0.33748549222946167,142319.84375,0.05295996740460396,0.05295996740460396,0.4920983910560608,0.056883011013269424,0.04421567916870117,0.25334662199020386,106837.9375,0.45953428745269775,0.000980439374062386
111,0.06689067557454109,0.05068107694387436,0.32419194281101227,136713.87890625,0.4766206443309784,0.07013803720474243,0.3384045660495758,142707.4375,0.0532178059220314,0.0532178059220314,0.49451392889022827,0.056706905364990234,0.043950531631708145,0.2551274299621582,107588.9296875,0.4598601758480072,0.0009800846272445959
112,0.06604796648025513,0.04999765381217003,0.32100629806518555,135370.484375,0.4738394320011139,0.06888879835605621,0.3359702229499817,141680.875,0.05209028348326683,0.05209028348326683,0.48866355419158936,0.05593680590391159,0.043262779712677,0.2534804940223694,106894.3984375,0.45650720596313477,0.0009797267613277261
113,0.06520404852926731,0.049265388399362564,0.31877318024635315,134428.76171875,0.47033241391181946,0.06811968237161636,0.3336646854877472,140708.609375,0.05143645033240318,0.05143645033240318,0.48575353622436523,0.055083442479372025,0.04256622865796089,0.25034427642822266,105571.8359375,0.4524644613265991,0.0009793657787645499
114,0.06424040906131268,0.04843420349061489,0.3161240816116333,133311.6171875,0.46588096022605896,0.06759309023618698,0.3331643342971802,140497.59375,0.05093487352132797,0.05093487352132797,0.4836168885231018,0.055342622101306915,0.042783547192811966,0.2511815130710602,105924.8984375,0.4542902708053589,0.0009790016820292009
115,0.06396431475877762,0.0482218861579895,0.31484855711460114,132773.70703125,0.46554119884967804,0.06699684262275696,0.33099979162216187,139584.796875,0.050446853041648865,0.050446853041648865,0.4808967709541321,0.055649999529123306,0.04306860640645027,0.2516278326511383,106113.1015625,0.4556000232696533,0.0009786344736171578
116,0.0632516797631979,0.04761239141225815,0.31278572976589203,131903.80078125,0.4627869576215744,0.06722105294466019,0.3329698145389557,140415.5625,0.05057256296277046,0.05057256296277046,0.4829792380332947,0.05450083687901497,0.04192880913615227,0.25144055485725403,106034.1484375,0.4525323510169983,0.0009782641560452255
117,0.06271092779934406,0.04715709388256073,0.31107665598392487,131183.078125,0.46073712408542633,0.06665238738059998,0.3282640278339386,138431.109375,0.05023918300867081,0.05023918300867081,0.4813486635684967,0.05459171533584595,0.042136915028095245,0.24909599125385284,105045.421875,0.4537231922149658,0.0009778907318515194
118,0.0627422146499157,0.04729318805038929,0.30898047983646393,130299.10546875,0.46178025007247925,0.06556865572929382,0.32973557710647583,139051.671875,0.04908188059926033,0.04908188059926033,0.47588050365448,0.05356358736753464,0.04115918651223183,0.2480880171060562,104620.3515625,0.448040246963501,0.0009775142035954472
119,0.06093885004520416,0.04562346264719963,0.30630768835544586,129171.9765625,0.4521697461605072,0.06379826366901398,0.32537874579429626,137214.359375,0.04752932861447334,0.04752932861447334,0.4665275812149048,0.05341283977031708,0.040960509330034256,0.24904657900333405,105024.578125,0.445394903421402,0.0009771345738576913
120,0.060289690271019936,0.045038977637887,0.3050142377614975,128626.51171875,0.4493856132030487,0.06389499455690384,0.3252679705619812,137167.65625,0.04763159528374672,0.04763159528374672,0.46885839104652405,0.052823301404714584,0.0404137521982193,0.2481909841299057,104663.765625,0.4448705315589905,0.0009767518452401915
121,0.05988369137048721,0.044761523604393005,0.30244335532188416,127542.359375,0.4478450268507004,0.06352383643388748,0.3217162787914276,135669.875,0.04743802174925804,0.04743802174925804,0.4678969383239746,0.05210227519273758,0.039928629994392395,0.2434728741645813,102674.109375,0.44249600172042847,0.0009763660203661267
122,0.05907074548304081,0.044090308248996735,0.2996087223291397,126346.97265625,0.4450804740190506,0.0623045414686203,0.31972119212150574,134828.53125,0.04631848260760307,0.04631848260760307,0.4628956913948059,0.052637286484241486,0.040241751819849014,0.24791072309017181,104545.5859375,0.44339719414711,0.0009759771018798979
123,0.05888534151017666,0.044008443132042885,0.2975379675626755,125473.7265625,0.444892093539238,0.06141846626996994,0.31875085830688477,134419.34375,0.04548092558979988,0.04548092558979988,0.45756861567497253,0.05141017213463783,0.03917212039232254,0.24476101994514465,103217.3359375,0.4372825026512146,0.0009755850924471081
124,0.057764867320656776,0.042992983013391495,0.29543766379356384,124588.0234375,0.43903468549251556,0.06309162080287933,0.31884464621543884,134458.890625,0.04714938625693321,0.04714938625693321,0.46861693263053894,0.0525042787194252,0.04032709077000618,0.24354371428489685,102703.9921875,0.4480312168598175,0.0009751899947545466
125,0.058150846511125565,0.04339614883065224,0.29509395360946655,124443.06640625,0.4416939318180084,0.06044004112482071,0.3167511224746704,133576.03125,0.04460248723626137,0.04460248723626137,0.45416370034217834,0.051327183842659,0.03903890401124954,0.2457655668258667,103640.9609375,0.4378175735473633,0.0009747918115101687
126,0.057263439521193504,0.04264070838689804,0.29245465993881226,123330.046875,0.43699218332767487,0.05991250276565552,0.3135070502758026,132208.0,0.044237151741981506,0.044237151741981506,0.45207709074020386,0.05139352008700371,0.03923118859529495,0.2432466447353363,102578.7265625,0.4387701153755188,0.0009743905454430774
127,0.0561074111610651,0.041601138189435005,0.29012544453144073,122347.8203125,0.43179088830947876,0.061254750937223434,0.3143499791622162,132563.453125,0.045537251979112625,0.045537251979112625,0.4607013761997223,0.05087289959192276,0.038877688348293304,0.23990420997142792,101169.1875,0.4405076801776886,0.0009739861993035058
128,0.05642056092619896,0.04197411239147186,0.28892895579338074,121843.24609375,0.43362221121788025,0.058097369968891144,0.30993321537971497,130700.890625,0.042600709944963455,0.042600709944963455,0.44320154190063477,0.049932073801755905,0.0378120057284832,0.2424013316631317,102222.234375,0.4311254322528839,0.0009735787758627971
129,0.05493288114666939,0.04063293896615505,0.2859988212585449,120607.59375,0.42679619789123535,0.058314863592386246,0.3089134097099304,130270.8203125,0.042869191616773605,0.042869191616773605,0.44567349553108215,0.05001036822795868,0.03792550042271614,0.24169732630252838,101925.3515625,0.43323183059692383,0.0009731682779133855
130,0.0542618241161108,0.04005960561335087,0.2840443551540375,119783.375,0.4231722354888916,0.0590522363781929,0.30669909715652466,129337.0390625,0.04371728003025055,0.04371728003025055,0.4515857994556427,0.05005340278148651,0.03806294500827789,0.23980912566184998,101129.09375,0.43625274300575256,0.0009727547082687784
131,0.05452677607536316,0.040394822135567665,0.2826390862464905,119190.76953125,0.4251730740070343,0.05732192471623421,0.30849188566207886,130093.0546875,0.041897330433130264,0.041897330433130264,0.44068825244903564,0.0491529181599617,0.03712207078933716,0.24061694741249084,101469.7578125,0.42957544326782227,0.0009723380697635356
132,0.054053474217653275,0.039945151656866074,0.282166451215744,118991.44921875,0.42238079011440277,0.05621952563524246,0.30445733666419983,128391.65625,0.04099665954709053,0.04099665954709053,0.43579739332199097,0.04933258518576622,0.03729073330760002,0.24083702266216278,101562.5546875,0.42932212352752686,0.0009719183652532508
133,0.05300682969391346,0.038948552682995796,0.28116555511951447,118569.3671875,0.41707201302051544,0.058748457580804825,0.3075838088989258,129710.1171875,0.043369267135858536,0.043369267135858536,0.4510982036590576,0.04995474964380264,0.03792760893702507,0.24054282903671265,101438.4921875,0.4389512240886688,0.0009714955976145317
134,0.05310099571943283,0.03913598135113716,0.2793002426624298,117782.76171875,0.4196399450302124,0.05592756345868111,0.30291256308555603,127740.234375,0.040781933814287186,0.040781933814287186,0.43534615635871887,0.04933580756187439,0.03723989799618721,0.2419181913137436,102018.4921875,0.4301827549934387,0.0009710697697449805
135,0.05236392095685005,0.038529593497514725,0.27668657898902893,116680.5625,0.41473764181137085,0.056129589676856995,0.3019930124282837,127352.4296875,0.04102993756532669,0.04102993756532669,0.4378962218761444,0.047967590391635895,0.03613227605819702,0.23670630156993866,99820.6015625,0.42606425285339355,0.0009706408845631738
136,0.05160420201718807,0.03787929192185402,0.27449820935726166,115757.703125,0.411298468708992,0.054285407066345215,0.29682743549346924,125174.1015625,0.039444033056497574,0.039444033056497574,0.42751291394233704,0.0470333956182003,0.03536776080727577,0.2333126962184906,98389.5,0.41874223947525024,0.0009702089450086423
137,0.05099080875515938,0.03738998807966709,0.27201640605926514,114711.12109375,0.4079524129629135,0.055168356746435165,0.2994879484176636,126296.0390625,0.040193960070610046,0.040193960070610046,0.4335719645023346,0.04771559685468674,0.03590599074959755,0.23619207739830017,99603.7578125,0.42538905143737793,0.0009697739540418514
138,0.05029849708080292,0.03679426200687885,0.2700847089290619,113896.50390625,0.4046597182750702,0.05389224737882614,0.29399704933166504,123980.4921875,0.03919239342212677,0.03919239342212677,0.426874041557312,0.04657113552093506,0.0350392609834671,0.23063750565052032,97261.3671875,0.41876813769340515,0.0009693359146441808
139,0.050203729420900345,0.03676660265773535,0.26874252408742905,113330.5078125,0.4038074165582657,0.05402717739343643,0.29621514678001404,124915.8828125,0.03921642154455185,0.03921642154455185,0.42751485109329224,0.04720524698495865,0.03542207553982735,0.23566341400146484,99380.8203125,0.42312514781951904,0.0009688948298179032
140,0.04956570640206337,0.036158474162220955,0.2681446671485901,113078.375,0.40120968222618103,0.05280886963009834,0.29251551628112793,123355.7265625,0.03818309307098389,0.03818309307098389,0.4207661747932434,0.04579400271177292,0.03421362116932869,0.2316076159477234,97670.453125,0.41445624828338623,0.0009684507025861646
141,0.049082301557064056,0.03575203940272331,0.2666052281856537,112429.19140625,0.3984416723251343,0.05287633463740349,0.29424533247947693,124085.1953125,0.03816406801342964,0.03816406801342964,0.4215143024921417,0.04562145471572876,0.034027356654405594,0.23188196122646332,97786.1484375,0.41405272483825684,0.0009680035359929635
142,0.04859594628214836,0.03538818843662739,0.2641551345586777,111395.95703125,0.3961092233657837,0.05189481005072594,0.290357768535614,122445.78125,0.037376921623945236,0.037376921623945236,0.4164556562900543,0.045763950794935226,0.03414055332541466,0.23246796429157257,98033.2734375,0.41283735632896423,0.0009675533331031295
143,0.04833746701478958,0.035161131992936134,0.26352669298648834,111130.94921875,0.3950206935405731,0.05270179733633995,0.29279273748397827,123472.625,0.03806215897202492,0.03806215897202492,0.4218974709510803,0.04549871385097504,0.03393431007862091,0.23128807544708252,97535.7109375,0.4154571294784546,0.0009671000970023028
144,0.048237839713692665,0.03510917350649834,0.26257333159446716,110728.91796875,0.39481399953365326,0.05086645483970642,0.28758448362350464,121276.28125,0.03648722916841507,0.03648722916841507,0.41123026609420776,0.044653117656707764,0.03317680582404137,0.22952625155448914,96792.734375,0.40891122817993164,0.000966643830796913
145,0.04764869436621666,0.03459616377949715,0.26105059683322906,110086.75390625,0.3918294906616211,0.051469337195158005,0.2883649468421936,121605.390625,0.037051089107990265,0.037051089107990265,0.41569775342941284,0.045036427676677704,0.033642664551734924,0.2278752326965332,96096.4921875,0.41342657804489136,0.0009661845376141577
146,0.047205038368701935,0.034229153767228127,0.2595176696777344,109440.3125,0.3892688602209091,0.05104361101984978,0.2865333557128906,120833.015625,0.03671694174408913,0.03671694174408913,0.4137990474700928,0.04379260912537575,0.032542042434215546,0.22501133382320404,94888.7734375,0.4061008393764496,0.0009657222206019806
147,0.04691285081207752,0.034025147557258606,0.25775405764579773,108696.58203125,0.38819630444049835,0.05028795450925827,0.28531399369239807,120318.796875,0.03602225333452225,0.03602225333452225,0.40934640169143677,0.04372700676321983,0.03240847587585449,0.22637061774730682,95461.984375,0.4046456217765808,0.000965256882929051
148,0.04642844572663307,0.03359877038747072,0.2565935105085373,108207.1796875,0.3856566846370697,0.049969833344221115,0.28564050793647766,120456.484375,0.03568780794739723,0.03568780794739723,0.4073761999607086,0.04422173649072647,0.03285560384392738,0.22732268273830414,95863.46875,0.40668368339538574,0.0009647885277847412
149,0.04618232138454914,0.033364358358085155,0.25635926425457,108108.39453125,0.3843931406736374,0.049983665347099304,0.28599831461906433,120607.375,0.03568375110626221,0.03568375110626221,0.40726348757743835,0.04360843077301979,0.032256100326776505,0.22704659402370453,95747.046875,0.40464869141578674,0.0009643171583791048
150,0.04553809203207493,0.032827152870595455,0.25421877205371857,107205.734375,0.3804462254047394,0.04920239374041557,0.28309282660484314,119382.109375,0.0350477509200573,0.0350477509200573,0.4031623601913452,0.04309820383787155,0.03187533840537071,0.22445733845233917,94655.1328125,0.4018223285675049,0.0009638427779428549
151,0.045252347365021706,0.032588595524430275,0.2532750144600868,106807.74609375,0.3793107271194458,0.04941456392407417,0.2831132709980011,119390.7109375,0.03525890037417412,0.03525890037417412,0.4049763083457947,0.04331570118665695,0.032073259353637695,0.22484883666038513,94820.234375,0.4049406945705414,0.000963365389727342
152,0.04505743645131588,0.03245711326599121,0.25200647860765457,106272.79296875,0.37883560359477997,0.04857185110449791,0.2805246114730835,118299.078125,0.034545619040727615,0.034545619040727615,0.40045732259750366,0.0427725613117218,0.03157772496342659,0.22389671206474304,94418.71875,0.4005020260810852,0.0009628849970045315
153,0.04471720568835735,0.03215555660426617,0.25123297423124313,105946.609375,0.37703096866607666,0.048660099506378174,0.28073960542678833,118389.7421875,0.03462311998009682,0.03462311998009682,0.4012153148651123,0.04256053268909454,0.03145894780755043,0.22203168272972107,93632.2265625,0.40083521604537964,0.0009624016030669813
154,0.044348351657390594,0.03186231479048729,0.2497207522392273,105308.88671875,0.3750498592853546,0.04811546579003334,0.28053250908851624,118302.40625,0.03408883884549141,0.03408883884549141,0.39764243364334106,0.04234552010893822,0.0310589037835598,0.22573229670524597,95192.796875,0.39707592129707336,0.0009619152112278192
155,0.04407273977994919,0.031627810560166836,0.24889856576919556,104962.1640625,0.3733995407819748,0.04827513173222542,0.2807207405567169,118381.7890625,0.03423909470438957,0.03423909470438957,0.3989090919494629,0.041907429695129395,0.030808337032794952,0.22198182344436646,93611.1953125,0.39664268493652344,0.0009614258248207205
156,0.04373767413198948,0.03134643845260143,0.24782469123601913,104509.30859375,0.3715428113937378,0.04758375883102417,0.2772957980632782,116937.46875,0.03371896967291832,0.03371896967291832,0.39505746960639954,0.04120125621557236,0.030247535556554794,0.21907439827919006,92385.1171875,0.3928513526916504,0.0009609334471998847
157,0.043588824570178986,0.03121100924909115,0.24755629897117615,104396.12109375,0.3708690404891968,0.04803106188774109,0.2792655825614929,117768.140625,0.0340677835047245,0.0340677835047245,0.39766377210617065,0.04159819334745407,0.030583977699279785,0.22028426826000214,92895.3359375,0.3964594006538391,0.0009604380817400133
158,0.04322809725999832,0.030923565849661827,0.2460906133055687,103778.03515625,0.36945781111717224,0.04700254648923874,0.2756732702255249,116253.2265625,0.033218882977962494,0.033218882977962494,0.391929030418396,0.04099371284246445,0.030043747276067734,0.21899928152561188,92353.4453125,0.3908313512802124,0.0009599397318362853
159,0.04288880713284016,0.030647223815321922,0.24483167380094528,103247.12890625,0.36756932735443115,0.047201622277498245,0.27633750438690186,116533.34375,0.03338474780321121,0.03338474780321121,0.394160658121109,0.04153246432542801,0.030434496700763702,0.22195932269096375,93601.7109375,0.39508140087127686,0.0009594384009043353
160,0.042681148275732994,0.030469438061118126,0.24423418194055557,102995.16796875,0.36667558550834656,0.04657980054616928,0.2755098044872284,116184.3046875,0.03280431032180786,0.03280431032180786,0.3901357054710388,0.04096643626689911,0.030015328899025917,0.21902218461036682,92363.09375,0.3910354971885681,0.0009589340923802293
161,0.04260741174221039,0.030423582531511784,0.2436765655875206,102760.015625,0.3666702210903168,0.04663826525211334,0.2767851650714874,116722.125,0.03279900550842285,0.03279900550842285,0.38973739743232727,0.040707532316446304,0.029761692509055138,0.21891680359840393,92318.65625,0.39111238718032837,0.0009584268097204415
162,0.04205351695418358,0.02995803765952587,0.24190962314605713,102014.875,0.3636285662651062,0.04622932896018028,0.2743493616580963,115694.9375,0.03251186013221741,0.03251186013221741,0.3876160979270935,0.04007863253355026,0.029186123982071877,0.2178501933813095,91868.859375,0.38670554757118225,0.0009579165564018304
163,0.04195104539394379,0.029878324829041958,0.24145442247390747,101822.92578125,0.3628213703632355,0.04608447104692459,0.27287396788597107,115072.75,0.03244077041745186,0.03244077041745186,0.38727062940597534,0.039721183478832245,0.028950294479727745,0.2154178023338318,90843.1015625,0.3849862813949585,0.0009574033359216153
164,0.041740113869309425,0.02972410060465336,0.24032028764486313,101344.64453125,0.3617645353078842,0.0461309552192688,0.2734431028366089,115312.7578125,0.032458800822496414,0.032458800822496414,0.38802263140678406,0.040300413966178894,0.02940191887319088,0.2179698795080185,91919.34375,0.3887154459953308,0.0009568871517973516
165,0.04147619567811489,0.029481477104127407,0.23989436775445938,101165.03125,0.36057695746421814,0.04533946514129639,0.27093252539634705,114254.0234375,0.031792838126420975,0.031792838126420975,0.3835058808326721,0.03975578024983406,0.02897283062338829,0.2156589925289154,90944.8125,0.3848974108695984,0.0009563680075669077
166,0.041124751791357994,0.029199957847595215,0.23849587887525558,100575.2734375,0.35889147222042084,0.04547164961695671,0.271903395652771,114663.4609375,0.03187647834420204,0.03187647834420204,0.3844815492630005,0.03994661942124367,0.029077673330903053,0.21737892925739288,91670.125,0.3867732584476471,0.0009558459067884399
167,0.04114312119781971,0.02922104485332966,0.23844152688980103,100552.359375,0.3591965138912201,0.0452369749546051,0.27138978242874146,114446.875,0.03166748583316803,0.03166748583316803,0.3825044631958008,0.03939918801188469,0.028641190379858017,0.21515992283821106,90734.359375,0.3838842511177063,0.0009553208530403685
168,0.04078579321503639,0.028897153213620186,0.23777277022600174,100270.34765625,0.3572400361299515,0.04482812434434891,0.2701490521430969,113923.640625,0.03132067248225212,0.03132067248225212,0.37989550828933716,0.03929820656776428,0.028461843729019165,0.21672724187374115,91395.3046875,0.3818383812904358,0.0009547928499213533
169,0.040441570803523064,0.028608073480427265,0.23666994273662567,99805.26953125,0.35495054721832275,0.04486633092164993,0.26978781819343567,113771.3046875,0.03137693926692009,0.03137693926692009,0.38085120916366577,0.03915680572390556,0.028362328186631203,0.2158895581960678,91042.0546875,0.3824220895767212,0.0009542619010502682
170,0.04031974636018276,0.02850858774036169,0.23622313886880875,99616.85546875,0.35453474521636963,0.04521649703383446,0.2695075273513794,113653.109375,0.03174111992120743,0.03174111992120743,0.3836522698402405,0.03894303739070892,0.02820400334894657,0.21478068828582764,90574.4296875,0.38256943225860596,0.0009537280100661779
171,0.040772538632154465,0.02899537980556488,0.2355431392788887,99330.1015625,0.35854315757751465,0.045674558728933334,0.2688736915588379,113385.8125,0.03223087266087532,0.03223087266087532,0.38747742772102356,0.03911910578608513,0.028467867523431778,0.21302473545074463,89833.9375,0.3848361074924469,0.0009531911806283107
172,0.04080475494265556,0.029022623784840107,0.23564264178276062,99372.0546875,0.3590475767850876,0.04464511573314667,0.26891234517097473,113402.109375,0.0311994981020689,0.0311994981020689,0.3796958923339844,0.03844795748591423,0.02782350219786167,0.21248909831047058,89608.046875,0.3796807527542114,0.0009526514164160361
173,0.03977452404797077,0.028062069788575172,0.2342490702867508,98784.375,0.3518732041120529,0.04429101571440697,0.2685267925262451,113239.5078125,0.03086467646062374,0.03086467646062374,0.3786192238330841,0.03946783021092415,0.028572777286171913,0.2179010510444641,91890.3125,0.38291919231414795,0.000952108721128837
174,0.040063364431262016,0.028359766118228436,0.23407196998596191,98709.6953125,0.3546169698238373,0.043987151235342026,0.2676885426044464,112886.015625,0.030602723360061646,0.030602723360061646,0.3759217858314514,0.03893081843852997,0.028113901615142822,0.21633829176425934,91231.28125,0.3815007209777832,0.0009515630984862864
175,0.03928867727518082,0.0276291249319911,0.23319103568792343,98338.19921875,0.3489837646484375,0.04445251077413559,0.2678768038749695,112965.40625,0.031058669090270996,0.031058669090270996,0.37940922379493713,0.03837862238287926,0.02770102210342884,0.21355198323726654,90056.2734375,0.37930864095687866,0.0009510145522280209
176,0.03967670351266861,0.0279643964022398,0.234246127307415,98783.13671875,0.3516344130039215,0.04387941583991051,0.2662960886955261,112298.8203125,0.03056460991501808,0.03056460991501808,0.37559980154037476,0.03776061534881592,0.027106693014502525,0.21307845413684845,89856.5859375,0.3753620386123657,0.0009504630861137151
177,0.03902984783053398,0.027424417436122894,0.23210860043764114,97881.7265625,0.34744617342948914,0.043424010276794434,0.26637962460517883,112334.03125,0.030105028301477432,0.030105028301477432,0.3725826144218445,0.03785952553153038,0.02726268209517002,0.2119368612766266,89375.171875,0.37496328353881836,0.0009499087039230559
178,0.03895723447203636,0.02739038411527872,0.23133699595928192,97556.34375,0.3481440097093582,0.04353071004152298,0.26675572991371155,112492.6484375,0.030192924663424492,0.030192924663424492,0.3734147548675537,0.03865177929401398,0.027859628200531006,0.21584302186965942,91022.421875,0.37966248393058777,0.0009493514094557168
179,0.03896722383797169,0.02743315789848566,0.23068130016326904,97279.83203125,0.3485701382160187,0.04299280792474747,0.26437219977378845,111487.5,0.029774196445941925,0.029774196445941925,0.37079793214797974,0.03826642408967018,0.027452144771814346,0.2162855714559555,91209.0625,0.37729841470718384,0.0009487912065313317
180,0.03828379511833191,0.026795887388288975,0.22975816577672958,96890.53125,0.3436969667673111,0.042881231755018234,0.2641490399837494,111393.390625,0.029673779383301735,0.029673779383301735,0.37013503909111023,0.03715938329696655,0.026610083878040314,0.2109859436750412,88974.1796875,0.37132108211517334,0.0009482280989894687
181,0.03809060715138912,0.026649562641978264,0.22882087528705597,96495.27734375,0.3427083492279053,0.0427076630294323,0.2628549039363861,110847.6484375,0.02956491708755493,0.02956491708755493,0.36935120820999146,0.03721897304058075,0.02657361514866352,0.21290713548660278,89784.34375,0.37121373414993286,0.0009476620906896039
182,0.037881216034293175,0.02649339009076357,0.22775648534297943,96046.41796875,0.3416508883237839,0.042401015758514404,0.26320239901542664,110994.1875,0.029240896925330162,0.029240896925330162,0.3666279911994934,0.03681769222021103,0.026308324187994003,0.21018736064434052,88637.3984375,0.3691375255584717,0.0009470931855110946
183,0.03768150880932808,0.026298359967768192,0.22766294330358505,96006.96875,0.34026341140270233,0.042116813361644745,0.26070576906204224,109941.34375,0.029081523418426514,0.029081523418426514,0.36570820212364197,0.03624088317155838,0.025806596502661705,0.2086857259273529,88004.1484375,0.36532914638519287,0.0009465213873531535
184,0.037376223132014275,0.026079355739057064,0.2259373515844345,95279.2734375,0.3385932445526123,0.042188823223114014,0.26243409514427185,110670.171875,0.02906711958348751,0.02906711958348751,0.3661675453186035,0.036354489624500275,0.02583918161690235,0.21030612289905548,88687.4765625,0.3662721514701843,0.0009459467001348209
185,0.0373033732175827,0.026012550108134747,0.22581646591424942,95228.30078125,0.3386646956205368,0.041777074337005615,0.26142168045043945,110243.234375,0.028705988079309464,0.028705988079309464,0.36365488171577454,0.03641549497842789,0.025954948738217354,0.20921093225479126,88225.6328125,0.3658502399921417,0.0009453691277949389
186,0.03711816295981407,0.025868664495646954,0.22498995810747147,94879.74609375,0.3377029299736023,0.04163818806409836,0.2595662772655487,109460.8046875,0.028659874573349953,0.028659874573349953,0.36295562982559204,0.036597806960344315,0.026049915701150894,0.2109578400850296,88962.3125,0.3676880896091461,0.0009447886742921233
187,0.036988480016589165,0.025749146938323975,0.224786639213562,94794.0078125,0.3367637097835541,0.042101651430130005,0.26163622736930847,110333.7265625,0.02901984006166458,0.02901984006166458,0.3655945062637329,0.03640570864081383,0.025929223746061325,0.20952968299388885,88360.046875,0.3673439919948578,0.0009442053436047377
188,0.03683734871447086,0.025589749217033386,0.22495197504758835,94863.73046875,0.3358701914548874,0.041669271886348724,0.26175862550735474,110385.34375,0.028581341728568077,0.028581341728568077,0.3623180687427521,0.036472469568252563,0.02593611739575863,0.21072708070278168,88865.0,0.36818721890449524,0.0009436191397308651
189,0.03679575398564339,0.02556804846972227,0.22455409169197083,94695.9453125,0.3361801505088806,0.04136338829994202,0.26063141226768494,109909.984375,0.02833181619644165,0.02833181619644165,0.361473023891449,0.036505505442619324,0.025958307087421417,0.21094395220279694,88956.453125,0.36761775612831116,0.0009430300666882817
190,0.03673090040683746,0.02556575369089842,0.2233029305934906,94168.31640625,0.3360494375228882,0.0412190780043602,0.25899025797843933,109217.8984375,0.028269562870264053,0.028269562870264053,0.36047840118408203,0.0360998660326004,0.025733698159456253,0.2073233723640442,87429.625,0.3656785488128662,0.0009424381285144275
191,0.03647291846573353,0.02533891424536705,0.22268006205558777,93905.65234375,0.33455123007297516,0.04111051559448242,0.25947386026382446,109421.84375,0.02813682332634926,0.02813682332634926,0.359917014837265,0.03555154800415039,0.02517048269510269,0.20762133598327637,87555.296875,0.3615778386592865,0.0009418433292663809
192,0.03625444509088993,0.02514573186635971,0.2221742421388626,93692.34765625,0.33320116996765137,0.04167994484305382,0.25772979855537415,108686.3515625,0.02879345417022705,0.02879345417022705,0.36468228697776794,0.035690903663635254,0.02541852369904518,0.20544762909412384,86638.625,0.3649543225765228,0.0009412456730208292
193,0.036656636744737625,0.02555583417415619,0.22201605141162872,93625.6328125,0.33690035343170166,0.041215553879737854,0.25763726234436035,108647.328125,0.028333690017461777,0.028333690017461777,0.3615482449531555,0.035477206110954285,0.025128135457634926,0.20698142051696777,87285.4296875,0.36226409673690796,0.0009406451638740416
194,0.03618195466697216,0.02509429957717657,0.2217531055212021,93514.7421875,0.33291269838809967,0.040457699447870255,0.2574159801006317,108554.03125,0.02758689969778061,0.02758689969778061,0.35649198293685913,0.03567240759730339,0.025156168267130852,0.21032480895519257,88695.359375,0.3606570363044739,0.0009400418059418403
195,0.036006880924105644,0.024965896271169186,0.22081966698169708,93121.09765625,0.3319462090730667,0.04041663557291031,0.25673410296440125,108266.4609375,0.027579929679632187,0.027579929679632187,0.35608363151550293,0.0353989452123642,0.025060072541236877,0.2067774534225464,87199.4140625,0.36057955026626587,0.0009394356033595729
196,0.03559550642967224,0.024609780870378017,0.21971449255943298,92655.05078125,0.3295539915561676,0.04058823361992836,0.2579098045825958,108762.28125,0.02769274264574051,0.02769274264574051,0.3568183183670044,0.03514670953154564,0.024774527177214622,0.20744365453720093,87480.359375,0.3599744439125061,0.0009388265602820842
197,0.03538854420185089,0.024414023384451866,0.2194904237985611,92560.56640625,0.32810771465301514,0.040086958557367325,0.25512999296188354,107589.9921875,0.027330458164215088,0.027330458164215088,0.35400280356407166,0.034514278173446655,0.02430320717394352,0.2042214423418045,86121.515625,0.35566139221191406,0.0009382146808836873
198,0.03516864404082298,0.024271720089018345,0.21793849766254425,91906.1015625,0.3271607309579849,0.03989219665527344,0.25529128313064575,107658.015625,0.02712763100862503,0.02712763100862503,0.35305798053741455,0.034913983196020126,0.024569327011704445,0.20689314603805542,87248.203125,0.3573998808860779,0.0009375999693581351
199,0.035063084214925766,0.02415244374424219,0.2182128205895424,92021.78125,0.32634061574935913,0.03997771441936493,0.25537940859794617,107695.171875,0.027208741754293442,0.027208741754293442,0.35381338000297546,0.03475620970129967,0.024441519752144814,0.20629380643367767,86995.453125,0.3564499318599701,0.0009369824299185914
200,0.03500141762197018,0.02414650470018387,0.21709826588630676,91551.76953125,0.32656075060367584,0.03998526185750961,0.2553766369819641,107694.0078125,0.027216430753469467,0.027216430753469467,0.3538808822631836,0.03442063182592392,0.02415763959288597,0.20525981485843658,86559.421875,0.35422298312187195,0.0009363620667976027
201,0.03491944819688797,0.02406906057149172,0.21700772643089294,91513.5859375,0.3257247507572174,0.03962813317775726,0.25276297330856323,106591.8125,0.02698998525738716,0.02698998525738716,0.35198768973350525,0.034350067377090454,0.02409708872437477,0.20505955815315247,86474.96875,0.35441380739212036,0.000935738884247068
202,0.034726208075881004,0.02392976451665163,0.21592888981103897,91058.640625,0.3247516006231308,0.03963107615709305,0.2541947662830353,107195.609375,0.026921339333057404,0.026921339333057404,0.35200148820877075,0.034330371767282486,0.024108951911330223,0.20442840456962585,86208.8125,0.3548142910003662,0.0009351128865382109
203,0.03444618172943592,0.02368105109781027,0.21530263870954514,90794.546875,0.3233821988105774,0.03931567817926407,0.2542334198951721,107211.9140625,0.026604006066918373,0.026604006066918373,0.34973418712615967,0.034551262855529785,0.024260103702545166,0.2058231681585312,86796.984375,0.3562324643135071,0.0009344840779615496
204,0.03436710685491562,0.0236271433532238,0.21479924768209457,90582.26171875,0.322982519865036,0.039531394839286804,0.25426122546195984,107223.6484375,0.026818333193659782,0.026818333193659782,0.3513687252998352,0.035011790692806244,0.024667153134942055,0.20689278841018677,87248.0546875,0.3597356081008911,0.0009338524628268676
205,0.034816380590200424,0.024038834497332573,0.21555089950561523,90899.234375,0.32609550654888153,0.03953064978122711,0.2522505819797516,106375.7265625,0.02691812254488468,0.02691812254488468,0.3524742126464844,0.03505834564566612,0.024799836799502373,0.2051701545715332,86521.6015625,0.36053794622421265,0.0009332180454631845
206,0.03489539213478565,0.0241789435967803,0.21432895958423615,90383.9375,0.32774607837200165,0.039013657718896866,0.25325027108192444,106797.3125,0.026351144537329674,0.026351144537329674,0.3483465611934662,0.03414604067802429,0.023901181295514107,0.20489715039730072,86406.4765625,0.35240402817726135,0.0009325808302187257
207,0.034073881804943085,0.02336133550852537,0.21425092965364456,90351.03125,0.3212680220603943,0.039431218057870865,0.25324103236198425,106793.40625,0.026769164949655533,0.026769164949655533,0.3505648374557495,0.03419468179345131,0.02401212975382805,0.2036510556936264,85880.9921875,0.3548414707183838,0.0009319408214608931
208,0.03451524302363396,0.023840040899813175,0.21350403130054474,90036.0625,0.325406938791275,0.039967991411685944,0.2502768337726593,105543.390625,0.027454150840640068,0.027454150840640068,0.35706159472465515,0.034433964639902115,0.024288425222039223,0.20291081070899963,85568.828125,0.35704588890075684,0.0009312980235762353
209,0.034497642889618874,0.02384295780211687,0.21309371292591095,89863.02734375,0.32557186484336853,0.03865987807512283,0.25068092346191406,105713.8046875,0.0261258315294981,0.0261258315294981,0.3465014696121216,0.03354835510253906,0.02343466877937317,0.20227374136447906,85300.171875,0.34991008043289185,0.0009306524409704167
210,0.03375701792538166,0.023118432611227036,0.2127717211842537,89727.2421875,0.31968484818935394,0.039115965366363525,0.25309354066848755,106731.2109375,0.026461286470294,0.026461286470294,0.34939509630203247,0.03483964875340462,0.024542352184653282,0.2059459239244461,86848.7578125,0.35894495248794556,0.0009300040780681884
211,0.03428533114492893,0.023634282872080803,0.21302097290754318,89832.34765625,0.3242294490337372,0.038549620658159256,0.2507319450378418,105735.3125,0.026013022288680077,0.026013022288680077,0.3458925485610962,0.03383483737707138,0.023601913824677467,0.20465849339962006,86305.828125,0.3505488634109497,0.0009293529393133572
212,0.03358343802392483,0.023012420162558556,0.21142037212848663,89157.359375,0.31911860406398773,0.038940541446208954,0.2519385814666748,106244.15625,0.026343610137701035,0.026343610137701035,0.3476712703704834,0.03382837772369385,0.023689214140176773,0.2027832716703415,85515.046875,0.35198959708213806,0.000928699029168755
213,0.033643586561083794,0.023096620105206966,0.21093929558992386,88954.48828125,0.32002729177474976,0.03866522014141083,0.24939368665218353,105170.9609375,0.02619553543627262,0.02619553543627262,0.3472738564014435,0.03330840542912483,0.023237058892846107,0.20142695307731628,84943.078125,0.3481491804122925,0.000928042352116209
214,0.03321600891649723,0.02272224985063076,0.2098751813173294,88505.75,0.31714358925819397,0.037925977259874344,0.25034675002098083,105572.875,0.025408638641238213,0.025408638641238213,0.34117627143859863,0.03336184099316597,0.023172494024038315,0.2037869542837143,85938.3046875,0.34760379791259766,0.00092738291265651
215,0.03308221511542797,0.022582068108022213,0.21000293642282486,88559.625,0.31554198265075684,0.03790310025215149,0.2491523176431656,105069.1796875,0.0254454854875803,0.0254454854875803,0.34174633026123047,0.03355727717280388,0.023406872525811195,0.20300811529159546,85609.875,0.35047560930252075,0.0009267207153093822
216,0.03313899785280228,0.022656540386378765,0.20964914560317993,88410.421875,0.316667303442955,0.03773198276758194,0.24921828508377075,105096.984375,0.025271067395806313,0.025271067395806313,0.3407036066055298,0.03275037556886673,0.02269716188311577,0.20106427371501923,84790.125,0.3441358506679535,0.0009260557646134519
217,0.0326592568308115,0.022235521115362644,0.20847470313310623,87915.16015625,0.3134954273700714,0.03805965185165405,0.2491021603345871,105048.0234375,0.02560454234480858,0.02560454234480858,0.34231728315353394,0.03310529142618179,0.023050038143992424,0.2011050581932068,84807.3203125,0.3475249111652374,0.0009253880651262172
218,0.03258142247796059,0.022179143503308296,0.208045594394207,87734.19921875,0.312977135181427,0.03738004341721535,0.24652044475078583,103959.296875,0.025054020807147026,0.025054020807147026,0.3386229872703552,0.03246935456991196,0.022526303306221962,0.19886106252670288,83861.0234375,0.34184688329696655,0.0009247176214240154
219,0.03265933319926262,0.0222373828291893,0.20843902230262756,87900.10546875,0.31370630860328674,0.03741971030831337,0.24885228276252747,104942.6484375,0.024977095425128937,0.024977095425128937,0.3385915458202362,0.03299790993332863,0.022871846333146095,0.20252127945423126,85404.5625,0.3451509475708008,0.0009240444381019922
220,0.032377010211348534,0.022010590881109238,0.2073284015059471,87431.7578125,0.31184639036655426,0.037192102521657944,0.24746714532375336,104358.53125,0.024818744510412216,0.024818744510412216,0.3375623822212219,0.03263135626912117,0.02257319912314415,0.2011631429195404,84831.828125,0.343214213848114,0.0009233685197740714
221,0.032124266028404236,0.021785062737762928,0.20678406208753586,87202.2109375,0.309977725148201,0.03733278810977936,0.24751542508602142,104378.875,0.024957017973065376,0.024957017973065376,0.3385436534881592,0.032413605600595474,0.022391028702259064,0.20045150816440582,84531.7265625,0.34197044372558594,0.0009226898710729209
222,0.032231965102255344,0.02190084010362625,0.20662248879671097,87134.06640625,0.3111203908920288,0.03749756142497063,0.24588711559772491,103692.2265625,0.02520320564508438,0.02520320564508438,0.340029776096344,0.032549723982810974,0.02261590026319027,0.19867649674415588,83783.1875,0.34290310740470886,0.0009220084966499233
223,0.03233170323073864,0.022043121978640556,0.20577161759138107,86775.25,0.3126921057701111,0.03737431764602661,0.24619567394256592,103822.34375,0.025064535439014435,0.025064535439014435,0.3394915759563446,0.03264910355210304,0.02265406958758831,0.19990067183971405,84299.4375,0.34326913952827454,0.0009213244011751424
224,0.032023921608924866,0.02174323983490467,0.2056136131286621,86708.61328125,0.3101710379123688,0.03677288070321083,0.24691300094127655,104124.84375,0.024427229538559914,0.024427229538559914,0.33442533016204834,0.03249967098236084,0.02239965833723545,0.2020002156496048,85184.828125,0.3413847088813782,0.000920637589337292
225,0.031902898102998734,0.021614775992929935,0.20576243847608566,86771.37109375,0.3094257712364197,0.03727925941348076,0.24873219430446625,104892.0234375,0.024842649698257446,0.024842649698257446,0.3385644257068634,0.032795246690511703,0.022714843973517418,0.20160804688930511,85019.4453125,0.3439955711364746,0.0009199480658437039
226,0.03246783558279276,0.02219176758080721,0.2055213451385498,86669.703125,0.3143923282623291,0.03713985159993172,0.24659177660942078,103989.375,0.024810263887047768,0.024810263887047768,0.33746153116226196,0.03264279291033745,0.022681621834635735,0.19922339916229248,84013.8203125,0.344448447227478,0.0009192558354202945
227,0.031872281804680824,0.021642157807946205,0.20460247248411179,86282.20703125,0.3098398596048355,0.03652213513851166,0.24608993530273438,103777.7578125,0.024217639118433,0.024217639118433,0.3332524299621582,0.031975116580724716,0.022000977769494057,0.1994827687740326,84123.203125,0.33766141533851624,0.0009185609028115337
228,0.03140067122876644,0.021196279674768448,0.20408783107995987,86065.1796875,0.3061361759901047,0.03677511587738991,0.2448444813489914,103252.53125,0.024532891809940338,0.024532891809940338,0.33519262075424194,0.03214440122246742,0.02219839207828045,0.19892017543315887,83885.9453125,0.34069758653640747,0.0009178632727804119
229,0.03161203861236572,0.02140608336776495,0.20411908626556396,86078.3671875,0.30809612572193146,0.03688088059425354,0.2443433254957199,103041.1875,0.024663712829351425,0.024663712829351425,0.3367128372192383,0.032176803797483444,0.022250451147556305,0.1985270380973816,83720.171875,0.34044164419174194,0.0009171629501084071
230,0.03173244185745716,0.021526867523789406,0.2041114792227745,86075.15625,0.3090881258249283,0.036909252405166626,0.2452758401632309,103434.453125,0.024645458906888962,0.024645458906888962,0.3373444676399231,0.03211629390716553,0.02215004339814186,0.19932501018047333,84056.671875,0.34046149253845215,0.0009164599395954524
231,0.031525625847280025,0.021367819979786873,0.20315609872341156,85672.26171875,0.3081752210855484,0.03626146912574768,0.2445884495973587,103144.5546875,0.024032047018408775,0.024032047018408775,0.3316258192062378,0.03176496550440788,0.021874412894248962,0.1978110522031784,83418.234375,0.33799242973327637,0.0009157542460599035
232,0.031185975298285484,0.021031654439866543,0.20308641344308853,85642.8828125,0.3050108551979065,0.03609628230333328,0.24436403810977936,103049.921875,0.023878078907728195,0.023878078907728195,0.33081093430519104,0.031855661422014236,0.021880069747567177,0.19951185584068298,84135.4765625,0.3375665545463562,0.0009150458743385046
233,0.03109479881823063,0.020955133251845837,0.20279330760240555,85519.28125,0.30441050231456757,0.036043185740709305,0.24369283020496368,102766.8828125,0.02385854348540306,0.02385854348540306,0.330743670463562,0.031601738184690475,0.021695883944630623,0.19811706244945526,83547.28125,0.3360693156719208,0.000914334829286356
234,0.030891005881130695,0.020798545330762863,0.20184920728206635,85121.140625,0.3031032383441925,0.036248575896024704,0.24396885931491852,102883.265625,0.024050133302807808,0.024050133302807808,0.3324829041957855,0.03188956901431084,0.02197626233100891,0.1982661485671997,83610.140625,0.33799704909324646,0.0009136211157768811
235,0.031204570084810257,0.021108786575496197,0.2019156664609909,85149.16796875,0.30641645193099976,0.037420324981212616,0.2447480857372284,103211.8984375,0.025182919576764107,0.025182919576764107,0.34216591715812683,0.03256318345665932,0.022662755101919174,0.19800856709480286,83501.515625,0.3449863791465759,0.0009129047387017925
236,0.031411848962306976,0.02130965143442154,0.20204395055770874,85203.26953125,0.3073050379753113,0.03583566099405289,0.24439474940299988,103062.875,0.023615922778844833,0.023615922778844833,0.32862353324890137,0.03162141144275665,0.021654566749930382,0.19933688640594482,84061.6875,0.33560577034950256,0.0009121857029710581
237,0.030936701223254204,0.020886004902422428,0.20101392269134521,84768.8984375,0.30513186752796173,0.036748725920915604,0.24466341733932495,103176.1875,0.024515556171536446,0.024515556171536446,0.33659911155700684,0.03275525942444801,0.022710010409355164,0.2009049654006958,84722.953125,0.3452460467815399,0.0009114640135128688
238,0.03110143169760704,0.02102028951048851,0.2016228511929512,85025.6796875,0.30618588626384735,0.036541540175676346,0.24285319447517395,102412.796875,0.02439888007938862,0.02439888007938862,0.335868775844574,0.03180079534649849,0.021970119327306747,0.19661350548267365,82913.2109375,0.3384253680706024,0.000910739675273603
239,0.03223651461303234,0.02217346429824829,0.201261006295681,84873.08984375,0.31607188284397125,0.03582659736275673,0.24325178563594818,102580.890625,0.02366400696337223,0.02366400696337223,0.3294961452484131,0.03163452818989754,0.02179335243999958,0.19682350754737854,83001.78125,0.3354429602622986,0.0009100126932177938
240,0.03482527658343315,0.02468951139599085,0.20271532237529755,85486.38671875,0.3341633528470993,0.04587686061859131,0.24600538611412048,103742.109375,0.033576589077711105,0.033576589077711105,0.40370655059814453,0.040572430938482285,0.03056791052222252,0.2000904083251953,84379.4453125,0.4079853892326355,0.000909283072328095
241,0.03538098745048046,0.02519049681723118,0.20380979031324387,85947.9375,0.3358580321073532,0.04416877403855324,0.2501087486743927,105472.5,0.03166333585977554,0.03166333585977554,0.39064085483551025,0.040113575756549835,0.02983662486076355,0.20553898811340332,86677.1484375,0.40192919969558716,0.0009085508176052465
242,0.04074994660913944,0.03028983250260353,0.20920225977897644,88221.96875,0.3755170702934265,0.03569132834672928,0.24443763494491577,103080.953125,0.02346944436430931,0.02346944436430931,0.32848116755485535,0.030903544276952744,0.021058006212115288,0.19691075384616852,83038.5625,0.32966968417167664,0.00090781593406804
243,0.03700745292007923,0.02666570246219635,0.20683497935533524,87223.67578125,0.35305216908454895,0.05492941290140152,0.26005658507347107,109667.5703125,0.04192658141255379,0.04192658141255379,0.4552153944969177,0.04974566027522087,0.03902536258101463,0.21440593898296356,90416.3984375,0.4655112028121948,0.000907078426753285
244,0.043043287470936775,0.032118333503603935,0.218499094247818,92142.51171875,0.38830918073654175,0.04105240851640701,0.2502722442150116,105541.4609375,0.028538797050714493,0.028538797050714493,0.36828431487083435,0.037234872579574585,0.02680051699280739,0.20868708193302155,88004.71875,0.37963441014289856,0.0009063383007157744
245,0.04055481217801571,0.029991195537149906,0.21127234399318695,89094.94140625,0.37077583372592926,0.03993922472000122,0.2554778754711151,107736.703125,0.027165330946445465,0.027165330946445465,0.3587983250617981,0.0352262444794178,0.02474718913435936,0.20958110690116882,88381.7265625,0.36267146468162537,0.0009055955610282487
246,0.0354992039501667,0.02504921890795231,0.20899967849254608,88136.54296875,0.3399873673915863,0.04456857591867447,0.25048333406448364,105630.4765625,0.032044410705566406,0.032044410705566406,0.392112672328949,0.03957157954573631,0.029485603794455528,0.2017195224761963,85066.453125,0.4000146985054016,0.000904850212781363
247,0.03588586300611496,0.025624879635870457,0.20521966367959976,86542.484375,0.34448273479938507,0.04316544532775879,0.24657461047172546,103982.140625,0.030836714431643486,0.030836714431643486,0.3852621614933014,0.03897891938686371,0.02883586660027504,0.2028610110282898,85547.828125,0.3958836793899536,0.0009041022610836503
248,0.0429338663816452,0.0322063434869051,0.2145504429936409,90477.3359375,0.3892621397972107,0.04367321729660034,0.2545838952064514,107359.7109375,0.03094402328133583,0.03094402328133583,0.38775405287742615,0.03901376202702522,0.02842896617949009,0.21169592440128326,89273.5703125,0.3911360800266266,0.0009033517110614881
249,0.036638908088207245,0.02622101828455925,0.2083577886223793,87865.859375,0.3494824171066284,0.04577111825346947,0.2552047371864319,107621.5234375,0.03301088139414787,0.03301088139414787,0.39835241436958313,0.0422610342502594,0.03163618966937065,0.21249690651893616,89611.34375,0.4147423803806305,0.0009025985678590621
250,0.0394455399364233,0.028674294240772724,0.21542489528656006,90846.10546875,0.36652871966362,0.03823085129261017,0.24330668151378632,102604.0234375,0.026065517216920853,0.026065517216920853,0.3493865430355072,0.03451165184378624,0.0245671384036541,0.19889023900032043,83873.328125,0.36089885234832764,0.0009018428366383317
251,0.03719705902040005,0.026567893102765083,0.21258331835269928,89647.7890625,0.3486327528953552,0.04206615686416626,0.24985310435295105,105364.7109375,0.029573500156402588,0.029573500156402588,0.3782324194908142,0.03660884499549866,0.026472903788089752,0.2027188390493393,85487.8671875,0.3750382363796234,0.0009010845225789934
252,0.03554042614996433,0.025152013637125492,0.2077682465314865,87617.2421875,0.3402649611234665,0.04821508750319481,0.2744750380516052,115747.9296875,0.03449133411049843,0.03449133411049843,0.4066866636276245,0.045684345066547394,0.034036412835121155,0.2329585999250412,98240.171875,0.433052122592926,0.0009003236308784478
253,0.037599360570311546,0.026874753646552563,0.21449210494756699,90452.734375,0.35103780031204224,0.04323940351605415,0.2500864267349243,105463.09375,0.030735082924365997,0.030735082924365997,0.38608577847480774,0.03703407943248749,0.02699393965303898,0.20080280303955078,84679.8671875,0.380069762468338,0.0008995601667517607
254,0.038695188239216805,0.02791207656264305,0.21566225588321686,90946.1953125,0.3602152466773987,0.03633330389857292,0.23926621675491333,100900.140625,0.024369994178414345,0.024369994178414345,0.3344241976737976,0.03196345269680023,0.022279493510723114,0.19367915391921997,81675.7734375,0.3409408926963806,0.0008987941354316301
255,0.03429977968335152,0.02407785039395094,0.20443858206272125,86213.09765625,0.3310801684856415,0.03717994689941406,0.24165743589401245,101908.53125,0.02509707398712635,0.02509707398712635,0.3401781916618347,0.032960835844278336,0.023054104298353195,0.19813460111618042,83554.6796875,0.34907251596450806,0.0008980255421683486
256,0.03275622986257076,0.022718188352882862,0.20076081901788712,84662.15625,0.31991030275821686,0.037668149918317795,0.24056942760944366,101449.7109375,0.02563967928290367,0.02563967928290367,0.34813207387924194,0.0326593816280365,0.022932717576622963,0.1945333182811737,82035.984375,0.34488844871520996,0.0008972543922297687
257,0.03236418962478638,0.02227762620896101,0.20173124969005585,85071.40625,0.3165883868932724,0.038457758724689484,0.24365520477294922,102751.0078125,0.026274997740983963,0.026274997740983963,0.34828662872314453,0.03491123765707016,0.024939702823758125,0.1994306594133377,84101.21875,0.36527907848358154,0.0008964806909012655
258,0.03202709089964628,0.02206854335963726,0.19917094707489014,83991.703125,0.3146619200706482,0.03628042712807655,0.23469437658786774,98972.171875,0.024545708671212196,0.024545708671212196,0.33855244517326355,0.03156968206167221,0.02207784913480282,0.18983665108680725,80055.3671875,0.33973228931427,0.0008957044434857014
259,0.031537679955363274,0.021739929914474487,0.19595500081777573,82635.51953125,0.31230689585208893,0.03594805672764778,0.23828661441802979,100487.03125,0.024033725261688232,0.024033725261688232,0.33220067620277405,0.03212672472000122,0.022420546039938927,0.1941235512495041,81863.1796875,0.3416958153247833,0.0008949256553033892
260,0.030849781818687916,0.02108729723840952,0.19524968415498734,82338.08203125,0.30700892210006714,0.035440776497125626,0.23390506207942963,98639.3046875,0.023745523765683174,0.023745523765683174,0.32962191104888916,0.03147543594241142,0.021922320127487183,0.1910623013973236,80572.234375,0.3391805589199066,0.0008941443316920559
261,0.03047284297645092,0.020803180523216724,0.19339324533939362,81555.21484375,0.30470484495162964,0.034731440246105194,0.23065432906150818,97268.453125,0.023198723793029785,0.023198723793029785,0.3273588716983795,0.030608654022216797,0.021184345707297325,0.18848618865013123,79485.8671875,0.3296964764595032,0.0008933604780068062
262,0.03023676574230194,0.020570389926433563,0.19332752376794815,81527.4921875,0.30272233486175537,0.035427846014499664,0.2342878133058548,98800.71875,0.023713456466794014,0.023713456466794014,0.3295535445213318,0.031616952270269394,0.02204877883195877,0.19136343896389008,80699.21875,0.3396797180175781,0.0008925740996200851
263,0.029810793697834015,0.02025829255580902,0.19105002284049988,80567.0625,0.29977692663669586,0.03492722660303116,0.23132935166358948,97553.1171875,0.023360759019851685,0.023360759019851685,0.32838109135627747,0.030616648495197296,0.02125614508986473,0.1872100681066513,78947.71875,0.3325578570365906,0.0008917852019216424
264,0.029718567617237568,0.02015379909425974,0.19129537791013718,80670.52734375,0.2987815588712692,0.034819845110177994,0.23288710415363312,98210.0234375,0.023175491020083427,0.023175491020083427,0.3260959982872009,0.031193941831588745,0.021618762984871864,0.1915035843849182,80758.3203125,0.3345199227333069,0.0008909937903184945
265,0.029572535306215286,0.02001185156404972,0.1912136822938919,80636.07421875,0.2979245185852051,0.034535810351371765,0.23214012384414673,97895.015625,0.02292880415916443,0.02292880415916443,0.323991596698761,0.030644627287983894,0.021136457100510597,0.19016340374946594,80193.171875,0.3319387137889862,0.000890199870234888
266,0.029378917068243027,0.019862737506628036,0.1903235763311386,80260.70703125,0.29690882563591003,0.03400460258126259,0.22926269471645355,96681.59375,0.02254146710038185,0.02254146710038185,0.3214145302772522,0.029953014105558395,0.020604146644473076,0.18697737157344818,78849.5859375,0.32589152455329895,0.0008894034471122621
267,0.029090690426528454,0.01958631817251444,0.1900874301791191,80161.12109375,0.29454128444194794,0.03435672074556351,0.23237335681915283,97993.3828125,0.022738052532076836,0.022738052532076836,0.3223540484905243,0.030759530141949654,0.02117837406694889,0.19162312150001526,80808.7265625,0.3313767611980438,0.0008886045264092117
268,0.0289684496819973,0.01950740348547697,0.18922092020511627,79795.703125,0.2937910705804825,0.03432687744498253,0.23013292253017426,97048.578125,0.022820230573415756,0.022820230573415756,0.32402342557907104,0.03023194894194603,0.020827235653996468,0.18809424340724945,79320.5859375,0.3286421597003937,0.0008878031136014499
269,0.028926897794008255,0.019488978199660778,0.18875839561223984,79600.65234375,0.2937443256378174,0.033906348049640656,0.22982385754585266,96918.2421875,0.022415155544877052,0.022415155544877052,0.3202994167804718,0.030432451516389847,0.02098504640161991,0.1889481097459793,79680.6640625,0.3287803530693054,0.0008869992141817703
270,0.02882808819413185,0.019388170912861824,0.18879833072423935,79617.50390625,0.29275141656398773,0.033811021596193314,0.2299884557723999,96987.6484375,0.02231159806251526,0.02231159806251526,0.32009032368659973,0.030462373048067093,0.020918242633342743,0.190882608294487,80496.4609375,0.32940396666526794,0.0008861928336600095
271,0.028633488342165947,0.019220327958464622,0.18826323002576828,79391.84765625,0.2914906442165375,0.03370059281587601,0.22933779656887054,96713.2578125,0.02223370410501957,0.02223370410501957,0.31935447454452515,0.03030361980199814,0.02080456167459488,0.18998116254806519,80116.3046875,0.3282707929611206,0.0008853839775630094
272,0.028501084074378014,0.01910195779055357,0.18798250705003738,79273.4609375,0.29087120294570923,0.03350330889225006,0.22896791994571686,96557.28125,0.02205491065979004,0.02205491065979004,0.3174554705619812,0.03027484565973282,0.020763691514730453,0.1902230679988861,80218.3359375,0.32761526107788086,0.000884572651434579
273,0.02843974158167839,0.01905104797333479,0.18777386844158173,79185.48046875,0.2903916537761688,0.03357187658548355,0.22906240820884705,96597.125,0.02211875468492508,0.02211875468492508,0.31845247745513916,0.03020055964589119,0.020670192316174507,0.19060733914375305,80380.375,0.3277748227119446,0.0008837588608354571
274,0.028363185934722424,0.018973754718899727,0.18778862059116364,79191.69921875,0.28957755863666534,0.03347618877887726,0.23016904294490814,97063.8046875,0.021967735141515732,0.021967735141515732,0.3172397017478943,0.030210278928279877,0.020660048350691795,0.19100461900234222,80547.9140625,0.3273369371891022,0.0008829426113432729
275,0.02822965942323208,0.01884262729436159,0.18774063885211945,79171.4609375,0.288737490773201,0.03330739960074425,0.22913327813148499,96627.0078125,0.02185073494911194,0.02185073494911194,0.3165215253829956,0.0299978069961071,0.02046562172472477,0.19064368307590485,80395.6953125,0.3255993723869324,0.0008821239085525091
276,0.02821600716561079,0.0188329154625535,0.18766183406114578,79138.234375,0.28877757489681244,0.03329794853925705,0.22939762473106384,96738.4921875,0.021828068420290947,0.021828068420290947,0.31589239835739136,0.030077748000621796,0.020512916147708893,0.19129665195941925,80671.0625,0.3258626163005829,0.0008813027580744632
277,0.028127864003181458,0.018744767643511295,0.18766193836927414,79138.28125,0.2879054546356201,0.033295776695013046,0.22961829602718353,96831.546875,0.0218148622661829,0.0218148622661829,0.3161836266517639,0.029990628361701965,0.0204237662255764,0.19133725762367249,80688.1796875,0.32529062032699585,0.0008804791655372085
278,0.028042654506862164,0.01868199836462736,0.18721311539411545,78949.0078125,0.2876397520303726,0.033097073435783386,0.22967498004436493,96855.4609375,0.02161332592368126,0.02161332592368126,0.31480252742767334,0.030004732310771942,0.020399224013090134,0.19211013615131378,81014.109375,0.32524579763412476,0.0008796531365855559
279,0.028013451024889946,0.01864019315689802,0.18746516853570938,79055.30078125,0.28717172145843506,0.033073797821998596,0.22945165634155273,96761.28125,0.02160121314227581,0.02160121314227581,0.3146868050098419,0.030094947665929794,0.020478060469031334,0.192337766289711,81110.1015625,0.3256462812423706,0.0008788246768810155
280,0.02793790027499199,0.01857090275734663,0.18733996897935867,79002.49609375,0.2867280840873718,0.03301889821887016,0.22861914336681366,96410.203125,0.02158794179558754,0.02158794179558754,0.3149770498275757,0.029850520193576813,0.020285693928599358,0.1912965029478073,80671.0,0.3239685595035553,0.0008779937921017574
281,0.027799872681498528,0.01846309006214142,0.1867356300354004,78747.6484375,0.28605350852012634,0.03314615786075592,0.23072192072868347,97296.9609375,0.021610060706734657,0.021610060706734657,0.31433308124542236,0.03019535169005394,0.02053099311888218,0.193287193775177,81510.4921875,0.3263528645038605,0.0008771604879425725
282,0.02776767872273922,0.018410852178931236,0.18713651597499847,78916.70703125,0.2852710038423538,0.033142805099487305,0.2284325659275055,96331.53125,0.02172117494046688,0.02172117494046688,0.31652572751045227,0.029863309115171432,0.020323006436228752,0.19080603122711182,80464.15625,0.32409578561782837,0.0008763247701148346
283,0.02783004567027092,0.018513944000005722,0.18632203340530396,78573.234375,0.2865857183933258,0.03285393863916397,0.22952789068222046,96793.4296875,0.02137754298746586,0.02137754298746586,0.3131078779697418,0.030047889798879623,0.020364001393318176,0.19367773830890656,81675.1796875,0.32506808638572693,0.00087548664434646
284,0.027643059380352497,0.01831818465143442,0.1864974945783615,78647.23046875,0.28552618622779846,0.03286945819854736,0.23025494813919067,97100.0234375,0.02135670930147171,0.02135670930147171,0.31326648592948914,0.02994970977306366,0.0202752985060215,0.1934881955385208,81595.2421875,0.3242366909980774,0.0008746461163818687
285,0.02749447338283062,0.018177058547735214,0.1863482967019081,78584.30859375,0.28373883664608,0.033040810376405716,0.23030810058116913,97122.453125,0.02152540534734726,0.02152540534734726,0.31442880630493164,0.030042078346014023,0.0203779898583889,0.19328173995018005,81508.1875,0.32547664642333984,0.0008738031919819456
286,0.027517118491232395,0.01818715501576662,0.1865992695093155,78690.14453125,0.2838473469018936,0.032762251794338226,0.22980855405330658,96911.7890625,0.021271824836730957,0.021271824836730957,0.3122929334640503,0.02979584038257599,0.020121026784181595,0.19349627196788788,81598.65625,0.3231227993965149,0.0008729578769239999
287,0.02745416108518839,0.018135626800358295,0.18637067824602127,78593.73828125,0.2835450917482376,0.03259691596031189,0.22891899943351746,96536.6484375,0.021150967106223106,0.021150967106223106,0.3113551139831543,0.029682938009500504,0.020058900117874146,0.19248075783252716,81170.3984375,0.32197338342666626,0.0008721101770017265
288,0.027331366203725338,0.018020604737102985,0.18621523678302765,78528.1953125,0.28251875936985016,0.032724328339099884,0.23035500943660736,97142.2265625,0.021206578239798546,0.021206578239798546,0.3118288516998291,0.029898252338171005,0.020207101479172707,0.19382303953170776,81736.453125,0.3232130706310272,0.0008712600980251656
289,0.02722449880093336,0.017930996604263783,0.18587002903223038,78382.609375,0.28188903629779816,0.03258970379829407,0.23036575317382812,97146.75,0.02107141725718975,0.02107141725718975,0.3108987510204315,0.029782041907310486,0.020085036754608154,0.19394007325172424,81785.8125,0.3223748207092285,0.0008704076458206632
290,0.027171128429472446,0.01788632245734334,0.18569611757993698,78309.28125,0.28131385147571564,0.032668761909008026,0.23009377717971802,97032.0625,0.021164070814847946,0.021164070814847946,0.3117368817329407,0.02971428632736206,0.020041702315211296,0.1934516578912735,81579.8359375,0.3224172294139862,0.0008695528262308317
291,0.027133836410939693,0.017849577590823174,0.1856851726770401,78304.65625,0.2811328023672104,0.03245984762907028,0.22921231389045715,96660.3515625,0.020999232307076454,0.020999232307076454,0.31018030643463135,0.02940317988395691,0.01978626661002636,0.19233828783035278,81110.328125,0.3204062879085541,0.0008686956451145084
292,0.027078788727521896,0.0178108848631382,0.18535808473825455,78166.72265625,0.2811397761106491,0.032258544117212296,0.22849397361278534,96357.4140625,0.020833846181631088,0.020833846181631088,0.3089974522590637,0.029363472014665604,0.019748548045754433,0.19229848682880402,81093.5546875,0.31976890563964844,0.0008678361083467171
293,0.026990395970642567,0.01773711573332548,0.1850655898451805,78043.38671875,0.2801423966884613,0.03261170536279678,0.22958289086818695,96816.609375,0.021132560446858406,0.021132560446858406,0.311859130859375,0.02972312644124031,0.02006179466843605,0.1932266503572464,81484.9609375,0.3224560022354126,0.0008669742218186262
294,0.027046303264796734,0.017786518670618534,0.1851956769824028,78098.23828125,0.2808978110551834,0.03231291100382805,0.2297498881816864,96887.0390625,0.02082541584968567,0.02082541584968567,0.30899739265441895,0.029542414471507072,0.019871070981025696,0.19342686235904694,81569.375,0.32036733627319336,0.0008661099914375098
295,0.026950065046548843,0.017691409680992365,0.1851731240749359,78088.71875,0.27964943647384644,0.03238293528556824,0.22967354953289032,96854.8515625,0.020899256691336632,0.020899256691336632,0.3094434142112732,0.029750477522611618,0.019986698403954506,0.19527560472488403,82349.0078125,0.3217678964138031,0.0008652434231267059
296,0.02686930913478136,0.017628781497478485,0.18481054157018661,77935.81640625,0.2791483402252197,0.03234804794192314,0.22774173319339752,96040.1953125,0.020960960537195206,0.020960960537195206,0.3106295168399811,0.029429852962493896,0.01979159750044346,0.19276513159275055,81290.328125,0.3193221092224121,0.0008643745228255767
297,0.026842588558793068,0.017620756290853024,0.1844366490840912,77778.1484375,0.2793387174606323,0.032124102115631104,0.22963447868824005,96838.375,0.02064237743616104,0.02064237743616104,0.30780088901519775,0.029315952211618423,0.019658660516142845,0.19314582645893097,81450.8671875,0.31850600242614746,0.0008635032964894676
298,0.026675596833229065,0.017459792084991932,0.18431609123945236,77727.30859375,0.2783237099647522,0.03203950822353363,0.2288891077041626,96524.0390625,0.02059505321085453,0.02059505321085453,0.3073410987854004,0.029395584017038345,0.01975620724260807,0.1927875578403473,81299.7890625,0.31962087750434875,0.0008626297500896666
299,0.02662443183362484,0.01741438452154398,0.1842009574174881,77678.765625,0.2778688967227936,0.03192742168903351,0.22786478698253632,96092.078125,0.020534181967377663,0.020534181967377663,0.30704134702682495,0.029391273856163025,0.01973343826830387,0.19315670430660248,81455.4609375,0.31872057914733887,0.0008617538896133625
300,0.026504704728722572,0.017312084324657917,0.1838523969054222,77531.76953125,0.27674026787281036,0.032098688185214996,0.22849072515964508,96356.046875,0.020674152299761772,0.020674152299761772,0.307922899723053,0.029516303911805153,0.019815882667899132,0.19400842487812042,81814.6328125,0.3204154968261719,0.0008608757210636052
301,0.026455992832779884,0.017279588617384434,0.18352806568145752,77394.9921875,0.2767299562692642,0.03196081519126892,0.228218212723732,96241.125,0.020549902692437172,0.020549902692437172,0.3073928952217102,0.029365111142396927,0.019663359969854355,0.19403499364852905,81825.828125,0.318367063999176,0.0008599952504592636
302,0.02637843880802393,0.017216453328728676,0.18323971331119537,77273.3984375,0.27631203830242157,0.03186111897230148,0.2280602902173996,96174.5390625,0.020458102226257324,0.020458102226257324,0.3062519431114197,0.029323048889636993,0.019632723182439804,0.1938064843416214,81729.4765625,0.31862008571624756,0.0008591124838349845
303,0.026352284476161003,0.01719210296869278,0.18320362269878387,77258.1796875,0.2759765535593033,0.03187698498368263,0.22840137779712677,96318.3671875,0.020456915721297264,0.020456915721297264,0.30644461512565613,0.029080450534820557,0.019461747258901596,0.1923740655183792,81125.4140625,0.31699779629707336,0.0008582274272411517
304,0.026326272636651993,0.017169832251966,0.18312881141901016,77226.6328125,0.27590876817703247,0.031871285289525986,0.228244349360466,96252.15625,0.020459068939089775,0.020459068939089775,0.30634576082229614,0.029276032000780106,0.019611192867159843,0.19329680502414703,81514.5390625,0.3182776868343353,0.0008573400867438438
305,0.02624663896858692,0.017090707551687956,0.18311861157417297,77222.328125,0.27527330815792084,0.03172897920012474,0.22731153666973114,95858.7734375,0.020363403484225273,0.020363403484225273,0.3056562542915344,0.02909066528081894,0.01945292204618454,0.19275487959384918,81286.0078125,0.31693536043167114,0.0008564504684247932
306,0.026166819967329502,0.017040115781128407,0.1825340911746025,76975.82421875,0.27487723529338837,0.0315830260515213,0.22732685506343842,95865.234375,0.0202166847884655,0.0202166847884655,0.304726243019104,0.028911937028169632,0.019291285425424576,0.19241300225257874,81141.828125,0.3156014680862427,0.0008555585783813443
307,0.026159574277698994,0.017030825838446617,0.18257496505975723,76993.0703125,0.2748658061027527,0.03160511702299118,0.22765664756298065,96004.3046875,0.020222283899784088,0.020222283899784088,0.30474957823753357,0.02915312722325325,0.019477877765893936,0.1935049593448639,81602.3203125,0.31754374504089355,0.0008546644227264119
308,0.0262383995577693,0.017108038067817688,0.18260721862316132,77006.6640625,0.2755390405654907,0.03159193694591522,0.2280321568250656,96162.671875,0.020190328359603882,0.020190328359603882,0.304383784532547,0.029129520058631897,0.019459549337625504,0.19339942932128906,81557.8203125,0.3165598511695862,0.0008537680075884382
309,0.026043730787932873,0.01693321904167533,0.18221023678779602,76839.265625,0.27385256439447403,0.03155902028083801,0.22629454731941223,95429.90625,0.02024429477751255,0.02024429477751255,0.30499112606048584,0.029095739126205444,0.019476009532809258,0.19239458441734314,81134.0703125,0.3169100284576416,0.0008528693391113527
310,0.026138728484511375,0.01703962543979287,0.18198205530643463,76743.02734375,0.27500617504119873,0.03167621046304703,0.22695226967334747,95707.2734375,0.020328596234321594,0.020328596234321594,0.3059539198875427,0.029118062928318977,0.019526617601513863,0.1918289065361023,80895.515625,0.3171854019165039,0.0008519684234545282
311,0.026043718680739403,0.016961868852376938,0.1816369965672493,76597.51953125,0.27461984753608704,0.0314982607960701,0.2275797426700592,95971.8828125,0.02011927403509617,0.02011927403509617,0.30402636528015137,0.029091574251651764,0.019411036744713783,0.19361072778701782,81646.921875,0.31677359342575073,0.0008510652667927398
312,0.025990640744566917,0.016931630671024323,0.1811802163720131,76404.89453125,0.27467040717601776,0.0314243920147419,0.22712093591690063,95778.390625,0.020068343728780746,0.020068343728780746,0.3037618398666382,0.029000189155340195,0.019335536286234856,0.19329304993152618,81512.953125,0.31607016921043396,0.0008501598753161223
313,0.025873733684420586,0.016800791956484318,0.18145882338285446,76522.3828125,0.27283936738967896,0.03154949098825455,0.22614502906799316,95366.8515625,0.02024224027991295,0.02024224027991295,0.3055464029312134,0.02913704141974449,0.01953200437128544,0.19210074841976166,81010.15625,0.3171606957912445,0.0008492522552301272
314,0.025899145752191544,0.01684849662706256,0.18101297318935394,76334.3671875,0.27347834408283234,0.031416986137628555,0.22678421437740326,95636.3984375,0.020077774301171303,0.020077774301171303,0.3039785623550415,0.028886407613754272,0.019264603033661842,0.1924360692501068,81151.5625,0.31487786769866943,0.0008483424127554811
315,0.02571012545377016,0.016687385737895966,0.1804547905921936,76098.97265625,0.27226704359054565,0.0313660204410553,0.2274218648672104,95905.296875,0.01999492757022381,0.01999492757022381,0.30284062027931213,0.02909182570874691,0.019389847293496132,0.19403956830501556,81827.765625,0.3164466619491577,0.0008474303541281425
316,0.025705833919346333,0.016655447892844677,0.1810077205300331,76332.15234375,0.2716711610555649,0.03145604208111763,0.22677049040794373,95630.6171875,0.020117517560720444,0.020117517560720444,0.3046571612358093,0.02915056049823761,0.019494008272886276,0.19313104450702667,81444.6328125,0.31707024574279785,0.000846516085599259
317,0.025800269097089767,0.016759980469942093,0.1808057725429535,76246.984375,0.2728700041770935,0.031244123354554176,0.22637329995632172,95463.109375,0.01992545835673809,0.01992545835673809,0.3027198612689972,0.028872158378362656,0.019275140017271042,0.1919403374195099,80942.5078125,0.3148813843727112,0.0008455996134351248
318,0.025565536692738533,0.016546765342354774,0.18037543445825577,76065.51171875,0.27107103168964386,0.031123491004109383,0.22639918327331543,95474.0234375,0.01980353146791458,0.01980353146791458,0.30171436071395874,0.02876300737261772,0.019121114164590836,0.19283786416053772,81320.9921875,0.3136398196220398,0.0008446809439171374
319,0.025542871095240116,0.01654218789190054,0.18001367151737213,75912.94921875,0.2708421051502228,0.031084761023521423,0.22631485760211945,95438.46875,0.01976901665329933,0.01976901665329933,0.30161070823669434,0.02894708886742592,0.01924845576286316,0.1939726620912552,81799.546875,0.31439319252967834,0.0008437600833417549
320,0.025579954497516155,0.016568694729357958,0.1802252009510994,76002.15625,0.271332785487175,0.03133691847324371,0.22580713033676147,95224.359375,0.02004656195640564,0.02004656195640564,0.30444157123565674,0.02907065860927105,0.01945742964744568,0.19226457178592682,81079.2421875,0.31636300683021545,0.0008428370380204527
321,0.0256544454023242,0.016656592953950167,0.1799570545554161,75889.078125,0.27230404317379,0.031098417937755585,0.22663897275924683,95575.1484375,0.019766470417380333,0.019766470417380333,0.3013373017311096,0.02865513041615486,0.019083619117736816,0.1914301961660385,80727.375,0.3129827082157135,0.0008419118142796799
322,0.025380021892488003,0.016417420469224453,0.179252028465271,75591.765625,0.269940048456192,0.031167933717370033,0.2262009233236313,95390.421875,0.01985788717865944,0.01985788717865944,0.3023799955844879,0.02891632542014122,0.019266420975327492,0.19299809634685516,81388.5703125,0.3149580955505371,0.0008409844184608164
323,0.025421980768442154,0.016440355218946934,0.1796324998140335,75752.2109375,0.27033528685569763,0.030882924795150757,0.22566665709018707,95165.109375,0.019599590450525284,0.019599590450525284,0.3001899719238281,0.028744008392095566,0.019134871661663055,0.19218270480632782,81044.71875,0.31350308656692505,0.0008400548569201295
324,0.025392320938408375,0.016419791616499424,0.17945058643817902,75675.49609375,0.2698810249567032,0.031482405960559845,0.22618192434310913,95382.4140625,0.02017330750823021,0.02017330750823021,0.30572932958602905,0.029215186834335327,0.019588768482208252,0.19252833724021912,81190.4765625,0.3180447220802307,0.0008391231360287296
325,0.02553551457822323,0.016566547565162182,0.17937932908535004,75645.4453125,0.27203965187072754,0.030899129807949066,0.2255173921585083,95102.171875,0.01962325908243656,0.01962325908243656,0.3002113699913025,0.028642263263463974,0.019013410434126854,0.192577064037323,81211.0234375,0.31282079219818115,0.0008381892621725278
326,0.02532046940177679,0.01637279288843274,0.17895351350307465,75465.8828125,0.2701961100101471,0.03087206929922104,0.22538739442825317,95047.3515625,0.01960269920527935,0.01960269920527935,0.3002226948738098,0.02867025136947632,0.019076639786362648,0.1918722540140152,80913.7890625,0.312700092792511,0.0008372532417521906
327,0.025186218321323395,0.016243481542915106,0.17885474860668182,75424.234375,0.26857122778892517,0.031156275421380997,0.22583036124706268,95234.1484375,0.019864758476614952,0.019864758476614952,0.3030458092689514,0.028914880007505417,0.019316289573907852,0.1919718086719513,80955.78125,0.31496232748031616,0.0008363150811830972
328,0.02523821033537388,0.01631112303584814,0.17854172736406326,75292.2265625,0.26939810812473297,0.03081592544913292,0.22489403188228607,94839.296875,0.019571224227547646,0.019571224227547646,0.30030834674835205,0.028612768277525902,0.019014844670891762,0.1919584721326828,80950.15625,0.31217169761657715,0.0008353747868952953
329,0.025106653571128845,0.01616650354117155,0.178802989423275,75402.40625,0.2680252641439438,0.03086107224225998,0.2257939875125885,95218.8125,0.019571373239159584,0.019571373239159584,0.29986244440078735,0.028846681118011475,0.01917937956750393,0.1933460235595703,81535.2890625,0.3144732117652893,0.0008344323653334563
330,0.025049423798918724,0.016134680714458227,0.1782948523759842,75188.11328125,0.2679455131292343,0.030785340815782547,0.22528274357318878,95003.2265625,0.019521202892065048,0.019521202892065048,0.30027416348457336,0.02874159812927246,0.01909405179321766,0.19295090436935425,81368.671875,0.31333932280540466,0.0008334878229568325
331,0.025027182884514332,0.016114018391817808,0.17826326936483383,75174.79296875,0.2675386369228363,0.03072015568614006,0.2253653109073639,95038.03125,0.019451890140771866,0.019451890140771866,0.2992432713508606,0.028763797134160995,0.019150294363498688,0.19227002561092377,81081.5390625,0.3137133717536926,0.0008325411662392112
332,0.024978475645184517,0.016076779924333096,0.17803390324115753,75078.07421875,0.2672306001186371,0.03075942024588585,0.2255779355764389,95127.7109375,0.019480522722005844,0.019480522722005844,0.29933232069015503,0.02870878577232361,0.01908264495432377,0.1925228089094162,81188.1484375,0.3131752610206604,0.0008315924016688717
333,0.025038964115083218,0.016152753494679928,0.1777242198586464,74947.484375,0.2679254859685898,0.030540425330400467,0.22450247406959534,94674.171875,0.01931530237197876,0.01931530237197876,0.2976737320423126,0.02854102849960327,0.018898988142609596,0.1928407847881317,81322.2421875,0.3112773895263672,0.0008306415357485403
334,0.024875447154045105,0.01599349407479167,0.17763905972242355,74911.5546875,0.26649394631385803,0.03069467283785343,0.22403258085250854,94476.0234375,0.019493043422698975,0.019493043422698975,0.29988789558410645,0.028348680585622787,0.018839946016669273,0.19017469882965088,80197.921875,0.31087708473205566,0.0008296885749953453
335,0.02483826782554388,0.015974558424204588,0.1772741973400116,74757.69921875,0.26658156514167786,0.030523650348186493,0.2250930517911911,94923.2265625,0.019268997013568878,0.019268997013568878,0.2975035309791565,0.028448130935430527,0.01887868158519268,0.19138896465301514,80709.9921875,0.31109803915023804,0.000828733525940773
336,0.024822687730193138,0.01595275104045868,0.17739873379468918,74810.2109375,0.2660857290029526,0.030561240389943123,0.22433097660541534,94601.8515625,0.019344691187143326,0.019344691187143326,0.29890742897987366,0.028569579124450684,0.018956001847982407,0.19227156043052673,81082.171875,0.31199127435684204,0.0008277763951306229
337,0.02470596507191658,0.015861420892179012,0.17689088732004166,74596.046875,0.26547494530677795,0.03050137311220169,0.22439229488372803,94627.7109375,0.01928175799548626,0.01928175799548626,0.2982020974159241,0.028532724827528,0.018944375216960907,0.19176700711250305,80869.3984375,0.3115431070327759,0.0008268171891249622
338,0.024650903418660164,0.01580998534336686,0.1768183708190918,74565.4765625,0.2648579478263855,0.030481236055493355,0.22331014275550842,94171.3671875,0.019315728917717934,0.019315728917717934,0.2984371483325958,0.02858889475464821,0.019053786993026733,0.1907021701335907,80420.3671875,0.31302598118782043,0.0008258559144980815
339,0.024620262905955315,0.01581504987552762,0.17610425502061844,74264.328125,0.2652192860841751,0.030483070760965347,0.22450989484786987,94677.3125,0.019257575273513794,0.019257575273513794,0.2979277968406677,0.028618544340133667,0.018993521109223366,0.19250047206878662,81178.71875,0.3119935393333435,0.0008248925778384496
340,0.02459269855171442,0.015762997325509787,0.17659401148557663,74470.859375,0.26466576755046844,0.03025870956480503,0.22311966121196747,94091.0390625,0.019102726131677628,0.019102726131677628,0.2965562641620636,0.0283867996186018,0.01882774941623211,0.1911810040473938,80622.296875,0.3105291724205017,0.0008239271857486681
341,0.024492858909070492,0.015691307839006186,0.17603101581335068,74233.44140625,0.26386377215385437,0.030292928218841553,0.2232338935136795,94139.203125,0.019131233915686607,0.019131233915686607,0.2969849109649658,0.028253816068172455,0.01873847283422947,0.1903068721294403,80253.6640625,0.3095323443412781,0.0008229597448454262
342,0.024474523030221462,0.01567470608279109,0.175996333360672,74218.82421875,0.2639588266611099,0.030310969799757004,0.22339467704296112,94207.0,0.01914123445749283,0.01914123445749283,0.29745709896087646,0.028465857729315758,0.01892913691699505,0.19073441624641418,80433.9609375,0.3111550807952881,0.0008219902617594552
343,0.024387523531913757,0.015616238117218018,0.1754257008433342,73978.1796875,0.2635735720396042,0.030089233070611954,0.2221677154302597,93689.6015625,0.018980847671628,0.018980847671628,0.2955872416496277,0.0283607579767704,0.018827786669135094,0.19065941870212555,80402.34375,0.3109024167060852,0.0008210187431354841
344,0.024396496824920177,0.015616910066455603,0.17559172213077545,74048.19140625,0.26337943971157074,0.03015628457069397,0.22282792627811432,93968.0078125,0.019014889374375343,0.019014889374375343,0.29612886905670166,0.02816077694296837,0.01865854486823082,0.19004462659358978,80143.0703125,0.3093711733818054,0.0008200451956321928
345,0.02436766866594553,0.015586605295538902,0.17562126368284225,74060.640625,0.26318588852882385,0.030222393572330475,0.22372974455356598,94348.296875,0.019035905599594116,0.019035905599594116,0.29590925574302673,0.028205817565321922,0.018673254176974297,0.19065126776695251,80398.8984375,0.30980223417282104,0.0008190696259221665
346,0.024389023892581463,0.01562662748619914,0.1752479150891304,73903.203125,0.2637278288602829,0.030343763530254364,0.22306828200817108,94069.3671875,0.0191903505474329,0.0191903505474329,0.2976830005645752,0.028496235609054565,0.018918123096227646,0.191562220454216,80783.0703125,0.311248242855072,0.000818092040691851
347,0.024576371535658836,0.01579523552209139,0.17562269419431686,74061.25,0.2654266357421875,0.030135180801153183,0.22323547303676605,94139.8671875,0.01897340826690197,0.01897340826690197,0.2955663204193115,0.028261376544833183,0.01873015984892845,0.19062432646751404,80387.53125,0.3095528781414032,0.0008171124466415059
348,0.024391327053308487,0.01563684269785881,0.17508967965841293,73836.47265625,0.2634253203868866,0.030699046328663826,0.22249507904052734,93827.6484375,0.01957429200410843,0.01957429200410843,0.3020842671394348,0.028670497238636017,0.01920982636511326,0.18921343982219696,79792.5546875,0.31347501277923584,0.0008161308504851593
349,0.024719768203794956,0.01597012858837843,0.17499277740716934,73795.609375,0.26693716645240784,0.030001342296600342,0.22187715768814087,93567.0703125,0.01890748366713524,0.01890748366713524,0.2957454323768616,0.028354495763778687,0.01886015199124813,0.1898868978023529,80076.5546875,0.3108794689178467,0.0008151472589505611
350,0.02417839504778385,0.015463149175047874,0.17430492490530014,73505.53125,0.262393057346344,0.029957547783851624,0.22182834148406982,93546.4765625,0.018866131082177162,0.018866131082177162,0.2951546907424927,0.02836068905889988,0.01887328177690506,0.1897481381893158,80018.046875,0.31087517738342285,0.0008141616787791377
351,0.02413020096719265,0.015429217834025621,0.17401966452598572,73385.2421875,0.26190057396888733,0.029849715530872345,0.221774622797966,93523.8203125,0.018760982900857925,0.018760982900857925,0.2940615117549896,0.028119750320911407,0.018645236268639565,0.18949025869369507,79909.296875,0.30825692415237427,0.0008131741167259453
352,0.024073866195976734,0.015363270416855812,0.17421191185712814,73466.31640625,0.2610650658607483,0.030043279752135277,0.2224443107843399,93806.234375,0.01892106421291828,0.01892106421291828,0.2956808805465698,0.028158830478787422,0.01866788975894451,0.18981881439685822,80047.8515625,0.30941927433013916,0.0008121845795596236
353,0.02402990683913231,0.01534862769767642,0.17362557351589203,73219.046875,0.2615120932459831,0.03033456578850746,0.22310054302215576,94082.9765625,0.019179537892341614,0.019179537892341614,0.2975786328315735,0.028562316671013832,0.01896466314792633,0.19195306301116943,80947.8828125,0.31270870566368103,0.0008111930740623492
354,0.02435428649187088,0.015652852598577738,0.1740286648273468,73389.03515625,0.26460573077201843,0.029812756925821304,0.22175332903862,93514.84375,0.018725091591477394,0.018725091591477394,0.2938016653060913,0.02808418869972229,0.018613073974847794,0.18942227959632874,79880.625,0.3087262809276581,0.0008101996070297903
355,0.024011552333831787,0.015321339946240187,0.17380423843860626,73294.3984375,0.26111407577991486,0.030084580183029175,0.22102324664592743,93206.96875,0.019033417105674744,0.019033417105674744,0.2970685362815857,0.02826434001326561,0.018862642347812653,0.18803393840789795,79295.1484375,0.31026726961135864,0.0008092041852710587
356,0.02397232875227928,0.015299370512366295,0.17345917224884033,73148.873046875,0.2609826624393463,0.02995654195547104,0.22139376401901245,93363.2109375,0.018886854872107506,0.018886854872107506,0.29524487257003784,0.028385410085320473,0.018857866525650024,0.19055086374282837,80356.5546875,0.3113803565502167,0.0008082068156086631
357,0.024258222430944443,0.015584199223667383,0.17348046600818634,73157.85546875,0.2640638053417206,0.029972754418849945,0.22292786836624146,94010.15625,0.018826359882950783,0.018826359882950783,0.2947796583175659,0.02822991833090782,0.018695618957281113,0.19068597257137299,80413.53125,0.30997058749198914,0.0008072075048784639
358,0.023875166662037373,0.015208921395242214,0.17332489043474197,73092.24609375,0.2599143385887146,0.030076641589403152,0.22122739255428314,93293.046875,0.019015273079276085,0.019015273079276085,0.29711484909057617,0.028267517685890198,0.018860774114727974,0.18813487887382507,79337.7265625,0.31028127670288086,0.0008062062599296249
359,0.024103758856654167,0.01544803287833929,0.17311450093984604,73003.52734375,0.2628951817750931,0.02964719757437706,0.2203473001718521,92921.9140625,0.018629832193255424,0.018629832193255424,0.2936616837978363,0.02801700495183468,0.018607059493660927,0.18819890916347504,79364.71875,0.3077842593193054,0.0008052030876245668
360,0.023790400475263596,0.01515625137835741,0.1726829633116722,72821.54296875,0.259902760386467,0.029816649854183197,0.22132743895053864,93335.2421875,0.018750276416540146,0.018750276416540146,0.29427921772003174,0.028090599924325943,0.018667416647076607,0.18846365809440613,79476.3671875,0.3096848130226135,0.0008041979948389203
361,0.02382785826921463,0.015209394041448832,0.17236927896738052,72689.265625,0.26036591827869415,0.029635535553097725,0.22119171917438507,93278.0078125,0.01857594959437847,0.01857594959437847,0.2931540608406067,0.02792145311832428,0.01845582388341427,0.18931257724761963,79834.3671875,0.30705007910728455,0.0008031909884614789
362,0.023770974949002266,0.015146649908274412,0.17248649895191193,72738.6953125,0.25984252989292145,0.02982531115412712,0.2212168574333191,93288.609375,0.018764467909932137,0.018764467909932137,0.29506605863571167,0.02813461422920227,0.01868593692779541,0.188973531126976,79691.3828125,0.30891433358192444,0.0008021820753941513
363,0.023695661686360836,0.015079695265740156,0.17231931537389755,72668.18359375,0.25931987166404724,0.029426969587802887,0.21997837722301483,92766.3359375,0.018428051844239235,0.018428051844239235,0.2912675738334656,0.027840493246912956,0.018442004919052124,0.18796975910663605,79268.09375,0.30683451890945435,0.000801171262551915
364,0.023700542747974396,0.015083298552781343,0.1723448857665062,72678.96875,0.2592926323413849,0.02941521629691124,0.220413938164711,92950.015625,0.01839451864361763,0.01839451864361763,0.29143789410591125,0.027710139751434326,0.018344666808843613,0.18730944395065308,78989.6328125,0.30588775873184204,0.000800158556862768
365,0.023593533784151077,0.014991873409599066,0.17203320562839508,72547.5390625,0.2582627385854721,0.029909297823905945,0.22026427090168,92886.890625,0.018896084278821945,0.018896084278821945,0.2968108057975769,0.028355643153190613,0.018931979313492775,0.18847328424453735,79480.4375,0.31120336055755615,0.0007991439652676816
366,0.023876793682575226,0.015265066176652908,0.17223453521728516,72632.4375,0.2611880600452423,0.029406730085611343,0.22018373012542725,92852.9296875,0.01839754357933998,0.01839754357933998,0.29144978523254395,0.02794066071510315,0.018501348793506622,0.18878622353076935,79612.3984375,0.30695199966430664,0.000798127494720553
367,0.02356693521142006,0.014987262431532145,0.17159345000982285,72362.08984375,0.258674293756485,0.03009575977921486,0.22170202434062958,93493.2109375,0.01901065744459629,0.01901065744459629,0.2968295216560364,0.028664836660027504,0.01914188638329506,0.1904589980840683,80317.8203125,0.31462764739990234,0.0007971091521881574
368,0.023897046223282814,0.015323867090046406,0.17146356403827667,72307.3203125,0.26161591708660126,0.02923157997429371,0.21964485943317413,92625.6875,0.018249336630105972,0.018249336630105972,0.29005250334739685,0.027533771470189095,0.018212873488664627,0.18641795217990875,78613.6796875,0.30390465259552,0.0007960889446501008
369,0.02360320370644331,0.01502489810809493,0.17156611382961273,72350.56640625,0.25877055525779724,0.029902737587690353,0.2200906127691269,92813.6640625,0.01889820769429207,0.01889820769429207,0.2964904308319092,0.028000742197036743,0.018722835928201675,0.18555811047554016,78251.078125,0.30920714139938354,0.000795066879098771
370,0.02364334836602211,0.01508420193567872,0.17118293046951294,72188.96875,0.25954143702983856,0.029403578490018845,0.2203899770975113,92939.90625,0.01838407851755619,0.01838407851755619,0.29132115840911865,0.027673687785863876,0.018270865082740784,0.18805642426013947,79304.640625,0.30538010597229004,0.0007940429625392913
371,0.023642168380320072,0.01508725993335247,0.17109815776348114,72153.2265625,0.2590526342391968,0.029436413198709488,0.2195584923028946,92589.2578125,0.018458489328622818,0.018458489328622818,0.29234451055526733,0.028089232742786407,0.01861179620027542,0.18954870104789734,79933.9375,0.30830496549606323,0.000793017201989471
372,0.023514416068792343,0.01496204361319542,0.17104742676019669,72131.8203125,0.2583111375570297,0.029153594747185707,0.21935902535915375,92505.1484375,0.01818564347922802,0.01818564347922802,0.2900416851043701,0.02769988775253296,0.01832849718630314,0.187427818775177,79039.5625,0.3054090738296509,0.0007919896044797579
373,0.02331879362463951,0.014765371102839708,0.1710684448480606,72140.69140625,0.2563578337430954,0.029504980891942978,0.2199418693780899,92750.9296875,0.018507888540625572,0.018507888540625572,0.2934226095676422,0.027880091220140457,0.01852879859507084,0.18702583014965057,78870.03125,0.3071695864200592,0.0007909601770531903
374,0.02334015443921089,0.014805687125772238,0.17068932950496674,71980.8203125,0.25699788331985474,0.029187101870775223,0.2201233059167862,92827.453125,0.018180936574935913,0.018180936574935913,0.2894417643547058,0.027687497437000275,0.018280860036611557,0.18813271820545197,79336.8046875,0.3054181933403015,0.0007899289267653487
375,0.02325288113206625,0.014723651111125946,0.17058461159467697,71936.65625,0.255855455994606,0.02905227616429329,0.21930478513240814,92482.2734375,0.018087036907672882,0.018087036907672882,0.28902316093444824,0.027688587084412575,0.01829998753964901,0.1877719908952713,79184.6875,0.3047788739204407,0.0007888958606843069
376,0.0231649586930871,0.014652025420218706,0.17025866359472275,71799.20703125,0.2553020268678665,0.02909715287387371,0.21848946809768677,92138.4375,0.018172679468989372,0.018172679468989372,0.29002904891967773,0.02771313115954399,0.01840200461447239,0.18622253835201263,78531.2734375,0.30562031269073486,0.0007878609858905844
377,0.023224106058478355,0.014702182728797197,0.1704384610056877,71875.02734375,0.25619611889123917,0.029183361679315567,0.21957406401634216,92595.8203125,0.01820465922355652,0.01820465922355652,0.2904229760169983,0.02768002077937126,0.01827467791736126,0.18810686469078064,79325.9140625,0.3048654794692993,0.0007868243094770969
378,0.023066247813403606,0.014549073297530413,0.17034348100423813,71834.97265625,0.2547839432954788,0.029180798679590225,0.21987448632717133,92722.53125,0.01818707399070263,0.01818707399070263,0.28967949748039246,0.027669118717312813,0.01826038770377636,0.18817462027072906,79354.484375,0.3053724467754364,0.0007857858385491085
379,0.023009479977190495,0.01452323142439127,0.1697249636054039,71574.13671875,0.2541772425174713,0.029090862721204758,0.21891622245311737,92318.4140625,0.01814505085349083,0.01814505085349083,0.28997471928596497,0.027519330382347107,0.018193239346146584,0.18652182817459106,78657.5,0.30362433195114136,0.0007847455802241828
380,0.023129811510443687,0.01464657997712493,0.1696646362543106,71548.70703125,0.2552788555622101,0.029116453602910042,0.21814614534378052,91993.65625,0.018209146335721016,0.018209146335721016,0.29031533002853394,0.027647918090224266,0.01834237575531006,0.18611083924770355,78484.1640625,0.3050098419189453,0.0007837035416321337
381,0.023007270880043507,0.014536037109792233,0.16942468285560608,71447.51171875,0.2545107305049896,0.029153522104024887,0.21965421736240387,92629.6328125,0.018170811235904694,0.018170811235904694,0.28997722268104553,0.027689114212989807,0.018299495801329613,0.18779237568378448,79193.28125,0.30523717403411865,0.0007826597299149774
382,0.02305658720433712,0.014580508228391409,0.16952157765626907,71488.359375,0.25475120544433594,0.028940491378307343,0.21998678147792816,92769.875,0.017941152676939964,0.017941152676939964,0.28780466318130493,0.0276552215218544,0.01825464330613613,0.18801158666610718,79285.7265625,0.3046754002571106,0.0007816141522268821
383,0.02295854315161705,0.014480445999652147,0.169561930000782,71505.390625,0.25398291647434235,0.028919078409671783,0.21749085187911987,91717.328125,0.01804453507065773,0.01804453507065773,0.28976333141326904,0.027470916509628296,0.0181768536567688,0.18588124215602875,78387.3515625,0.30350205302238464,0.0007805668157341204
384,0.022959981113672256,0.01449335552752018,0.16933250427246094,71408.6328125,0.2542194426059723,0.028781361877918243,0.21839158236980438,92097.171875,0.017861783504486084,0.017861783504486084,0.2871019244194031,0.02741943672299385,0.018030352890491486,0.18778164684772491,79188.7578125,0.3026277422904968,0.0007795177276150193
385,0.022813511081039906,0.014364153146743774,0.16898716241121292,71263.00390625,0.2529405876994133,0.02895410917699337,0.2192150354385376,92444.4296875,0.01799335703253746,0.01799335703253746,0.2891014814376831,0.027505651116371155,0.018151039257645607,0.18709225952625275,78898.0390625,0.3038853108882904,0.0007784668950599113
386,0.022806061431765556,0.01435487624257803,0.16902371495962143,71278.412109375,0.25287164747714996,0.028846297413110733,0.21812932193279266,91986.578125,0.01793983019888401,0.01793983019888401,0.2878527045249939,0.027524767443537712,0.018212249502539635,0.18625035881996155,78543.0078125,0.3040369749069214,0.0007774143252710853
387,0.022781996987760067,0.014338948763906956,0.16886096447706223,71209.77734375,0.25272200256586075,0.028737740591168404,0.21811600029468536,91980.9609375,0.017831940203905106,0.017831940203905106,0.2872731685638428,0.02735607698559761,0.017998341470956802,0.18715471029281616,78924.3671875,0.3023119568824768,0.0007763600254627364
388,0.02282637171447277,0.0143928206525743,0.16867101192474365,71129.671875,0.2537832632660866,0.028918925672769547,0.21875551342964172,92250.640625,0.0179811492562294,0.0179811492562294,0.28821292519569397,0.027559325098991394,0.018165482208132744,0.1878768354654312,79228.8984375,0.30393797159194946,0.0007753040028609179
389,0.02277831733226776,0.014353073202073574,0.16850486397743225,71059.60546875,0.2531861960887909,0.028727568686008453,0.21798095107078552,91924.0,0.017828520387411118,0.017828520387411118,0.2873895764350891,0.027279723435640335,0.017982682213187218,0.18594084680080414,78412.484375,0.30158525705337524,0.00077424626470349
390,0.02265015710145235,0.01421414129436016,0.1687203049659729,71150.46875,0.2516615241765976,0.028725773096084595,0.21845810115337372,92125.2265625,0.01780286803841591,0.01780286803841591,0.28686991333961487,0.027423785999417305,0.01807493343949318,0.18697704374790192,78849.453125,0.30240219831466675,0.0007731868182400717
391,0.02261099684983492,0.014191362541168928,0.16839268803596497,71012.3046875,0.2515845149755478,0.02872498147189617,0.21888792514801025,92306.4765625,0.01778058521449566,0.01778058521449566,0.2870219051837921,0.027375593781471252,0.017972366884350777,0.1880645453929901,79308.0546875,0.3015904426574707,0.0007721256707319907
392,0.022666631266474724,0.014228950254619122,0.16875360161066055,71164.5078125,0.2516813278198242,0.028571762144565582,0.21766799688339233,91792.0390625,0.017688361927866936,0.017688361927866936,0.2859817147254944,0.02719627320766449,0.017898108810186386,0.18596325814723969,78421.9375,0.3012036085128784,0.0007710628294522329
393,0.02257464174181223,0.01416338374838233,0.16822516173124313,70941.66796875,0.2511082962155342,0.028668753802776337,0.21703532338142395,91525.234375,0.01781698688864708,0.01781698688864708,0.2875901460647583,0.027437593787908554,0.018111666664481163,0.1865185648202896,78656.1015625,0.3029218018054962,0.0007699983016853936
394,0.02270959224551916,0.014266336802393198,0.16886510699987411,71211.53125,0.2527105435729027,0.028633546084165573,0.2174438238143921,91697.5,0.01776135340332985,0.01776135340332985,0.2871205806732178,0.027271922677755356,0.01795334555208683,0.1863715499639511,78594.109375,0.30085229873657227,0.000768932094727627
395,0.022488503716886044,0.01410598959773779,0.1676502674818039,70699.22265625,0.2508462443947792,0.02892814576625824,0.21858997642993927,92180.8359375,0.017998646944761276,0.017998646944761276,0.28855666518211365,0.02741084061563015,0.018077466636896133,0.18666747212409973,78718.8984375,0.30343037843704224,0.0007678642158865958
396,0.022679856978356838,0.014285409823060036,0.16788893193006516,70799.8671875,0.25275665521621704,0.028531543910503387,0.21712882816791534,91564.6640625,0.01767510175704956,0.01767510175704956,0.28553757071495056,0.02707776427268982,0.01776799187064171,0.18619541823863983,78519.8359375,0.3001251816749573,0.0007667946724814224
397,0.022449436597526073,0.014062366914004087,0.16774139553308487,70737.65234375,0.2501104772090912,0.028740189969539642,0.21718044579029083,91586.4296875,0.01788116805255413,0.01788116805255413,0.28857243061065674,0.02737126126885414,0.01808255910873413,0.18577401340007782,78342.125,0.30251723527908325,0.0007657234718426375
398,0.02252549584954977,0.014145102817565203,0.1676078587770462,70681.34375,0.2514069601893425,0.028475278988480568,0.21722137928009033,91603.6875,0.01761421002447605,0.01761421002447605,0.28564518690109253,0.02725771814584732,0.017958370968699455,0.18598692119121552,78431.90625,0.3017553985118866,0.0007646506213121302
399,0.022656366229057312,0.014292161911725998,0.16728408634662628,70544.796875,0.25317179411649704,0.02887607552111149,0.21788954734802246,91885.4609375,0.017981598153710365,0.017981598153710365,0.28834110498428345,0.027610715478658676,0.01822761818766594,0.18766194581985474,79138.28125,0.3048933148384094,0.0007635761282430981
400,0.022623207420110703,0.014256376307457685,0.16733663529157639,70566.95703125,0.2525842785835266,0.028552766889333725,0.21752667427062988,91732.4375,0.01767643354833126,0.01767643354833126,0.28617972135543823,0.027174942195415497,0.0178114902228117,0.18726904690265656,78972.59375,0.3003179430961609,0.0007624999999999961
401,0.022477824240922928,0.014132033567875624,0.16691581904888153,70389.49609375,0.2509426102042198,0.028897322714328766,0.21607276797294617,91119.3125,0.018093682825565338,0.018093682825565338,0.29072093963623047,0.027372971177101135,0.01820642128586769,0.18333101272583008,77311.890625,0.30264365673065186,0.000761422243958487
402,0.022654712200164795,0.01430099830031395,0.1670742779970169,70456.32421875,0.25325870513916016,0.028329014778137207,0.21728627383708954,91631.0625,0.01746470108628273,0.01746470108628273,0.2841901481151581,0.027171015739440918,0.017868880182504654,0.1860426813364029,78455.4296875,0.29970505833625793,0.0007603428675053898
403,0.022235220298171043,0.013923826161772013,0.16622789204120636,70099.39453125,0.24951091408729553,0.028316698968410492,0.2167939841747284,91423.4453125,0.017477000132203102,0.017477000132203102,0.28447675704956055,0.027035437524318695,0.01775788515806198,0.18555103242397308,78248.09375,0.2989993691444397,0.0007592618780386299
404,0.022207526490092278,0.013883517123758793,0.1664801761507988,70205.796875,0.2488475739955902,0.028365876525640488,0.21569515764713287,90960.0703125,0.017581118270754814,0.017581118270754814,0.28555792570114136,0.02713693305850029,0.01792600378394127,0.18421858549118042,77686.1953125,0.30072784423828125,0.0007581792829671881
405,0.022252491675317287,0.013932876754552126,0.16639228910207748,70168.724609375,0.249517023563385,0.028378427028656006,0.21702279150485992,91519.9375,0.01752728782594204,0.01752728782594204,0.28528451919555664,0.02711954340338707,0.017796803265810013,0.18645481765270233,78629.2265625,0.299593985080719,0.0007570950897110498
406,0.022138427011668682,0.01382430735975504,0.16628239303827286,70122.38671875,0.2485184445977211,0.02846083790063858,0.21708400547504425,91545.765625,0.017606636509299278,0.017606636509299278,0.2850497364997864,0.027157168835401535,0.01782001368701458,0.18674308061599731,78750.78125,0.30062633752822876,0.0007560093057011541
407,0.022245975211262703,0.013945380691438913,0.16601189225912094,70008.3125,0.2494690865278244,0.02809450775384903,0.21565240621566772,90942.046875,0.017311887815594673,0.017311887815594673,0.283315509557724,0.026812992990016937,0.01758272759616375,0.18460528552532196,77849.265625,0.297102153301239,0.0007549219383793432
408,0.022068352438509464,0.013785460963845253,0.16565781086683273,69858.99609375,0.24782872945070267,0.028219852596521378,0.21583622694015503,91019.5546875,0.017428042367100716,0.017428042367100716,0.28434908390045166,0.026834595948457718,0.017635812982916832,0.18397563695907593,77583.7421875,0.2978898882865906,0.0007538329951983108
409,0.022071773186326027,0.013788046315312386,0.16567453742027283,69866.04296875,0.24808304011821747,0.028236813843250275,0.21600057184696198,91088.8671875,0.017436783760786057,0.017436783760786057,0.28426188230514526,0.02685548923909664,0.01760254055261612,0.18505896627902985,78040.5859375,0.2976241707801819,0.0007527424836215516
410,0.02198441233485937,0.013702931348234415,0.16562961786985397,69847.09375,0.2472299113869667,0.02820127084851265,0.2159252017736435,91057.078125,0.017405010759830475,0.017405010759830475,0.28371110558509827,0.027056511491537094,0.017734983935952187,0.18643057346343994,78618.9921875,0.2987883985042572,0.0007516504111233101
411,0.02196627017110586,0.013683534227311611,0.1656547263264656,69857.69140625,0.2471868097782135,0.027981765568256378,0.2149917334318161,90663.4296875,0.017232179641723633,0.017232179641723633,0.282655268907547,0.026869773864746094,0.017633896321058273,0.18471753597259521,77896.609375,0.2974763512611389,0.0007505567851885283
412,0.021958728320896626,0.013683754485100508,0.1654994860291481,69792.23046875,0.24725623428821564,0.028164003044366837,0.216963529586792,91494.9453125,0.017315825447440147,0.017315825447440147,0.28301167488098145,0.02705243229866028,0.0177502129226923,0.18604439496994019,78456.1484375,0.2992185652256012,0.0007494616133127967
413,0.02189262956380844,0.013627624604851007,0.16530010104179382,69708.14453125,0.24667346477508545,0.02813855931162834,0.21538680791854858,90830.03125,0.017369220033288002,0.017369220033288002,0.2840770483016968,0.026912737637758255,0.017645640298724174,0.18534192442893982,78159.90625,0.2981250584125519,0.0007483649030023002
414,0.021928075700998306,0.013661875389516354,0.16532400250434875,69718.21875,0.24685102701187134,0.027962002903223038,0.21522831916809082,90763.1875,0.017200585454702377,0.017200585454702377,0.28184908628463745,0.026753796264529228,0.017497537657618523,0.1851251721382141,78068.5,0.29668429493904114,0.0007472666617737685
415,0.021875523030757904,0.013624617364257574,0.16501811146736145,69589.22265625,0.24663474410772324,0.02811291627585888,0.2152043581008911,90753.1015625,0.017352698370814323,0.017352698370814323,0.28420567512512207,0.026801370084285736,0.01758379489183426,0.18435147404670715,77742.234375,0.29693302512168884,0.000746166897154424
416,0.021853970363736153,0.013616422191262245,0.16475097090005875,69476.56640625,0.24670645594596863,0.027954988181591034,0.2150118052959442,90671.8984375,0.017204398289322853,0.017204398289322853,0.2818397581577301,0.026856649667024612,0.017596377059817314,0.18520542979240417,78102.34375,0.2969806492328644,0.0007450656166819305
417,0.021809589117765427,0.013578111305832863,0.16462953388690948,69425.35546875,0.24625425040721893,0.027937401086091995,0.21520589292049408,90753.7578125,0.017177104949951172,0.017177104949951172,0.2824395000934601,0.026830367743968964,0.017557935789227486,0.18544864654541016,78204.9140625,0.29737237095832825,0.0007439628279043408
418,0.021758618764579296,0.013513348065316677,0.16490540653467178,69541.69921875,0.2455374151468277,0.027907436713576317,0.21531592309474945,90800.140625,0.017141640186309814,0.017141640186309814,0.28193289041519165,0.026956837624311447,0.017673630267381668,0.1856641322374344,78295.796875,0.29783669114112854,0.0007428585383800457
419,0.021727818995714188,0.013497876469045877,0.16459883004426956,69412.41796875,0.2456125095486641,0.02784225344657898,0.21454373002052307,90474.515625,0.017115065827965736,0.017115065827965736,0.28215551376342773,0.026883263140916824,0.017613502219319344,0.18539519608020782,78182.3671875,0.29732751846313477,0.0007417527556777223
420,0.021706460043787956,0.013475713320076466,0.16461493074893951,69419.203125,0.24541446566581726,0.027966734021902084,0.21557924151420593,90911.1953125,0.01718777045607567,0.01718777045607567,0.2819935083389282,0.026664935052394867,0.01740693859755993,0.18515990674495697,78083.15625,0.2960801124572754,0.0007406454873762809
421,0.02167837880551815,0.013461573049426079,0.16433610022068024,69301.611328125,0.24531789869070053,0.027977582067251205,0.2151695340871811,90738.40625,0.01721910573542118,0.01721910573542118,0.28235936164855957,0.02672555297613144,0.017438510432839394,0.18574082851409912,78328.1328125,0.29652461409568787,0.0007395367410648148
422,0.02164661604911089,0.013433857820928097,0.16425515711307526,69267.484375,0.24507514387369156,0.027812615036964417,0.2149614542722702,90650.6640625,0.017064541578292847,0.017064541578292847,0.28080376982688904,0.02666304260492325,0.0174355898052454,0.18454907834529877,77825.5625,0.29526811838150024,0.000738426524342547
423,0.0215760525316,0.013379830867052078,0.1639244109392166,69128.00390625,0.24449492245912552,0.027718041092157364,0.21494536101818085,90643.8828125,0.01697077415883541,0.01697077415883541,0.28040584921836853,0.026618462055921555,0.017400873824954033,0.18435174226760864,77742.3515625,0.29508984088897705,0.0007373148448187787
424,0.021559713408350945,0.013355255126953125,0.1640891432762146,69197.466796875,0.24416355043649673,0.027633745223283768,0.21415258944034576,90309.5703125,0.01692611537873745,0.01692611537873745,0.280473530292511,0.02659207582473755,0.017359504476189613,0.1846514195203781,77868.7265625,0.29490259289741516,0.0007362017101128366
425,0.02157645672559738,0.013377671595662832,0.16397570073604584,69149.640625,0.2444651573896408,0.027687568217515945,0.21388383209705353,90196.2265625,0.01699337735772133,0.01699337735772133,0.28088295459747314,0.0266571082174778,0.017431452870368958,0.18451309204101562,77810.3984375,0.2956922650337219,0.0007350871278540218
426,0.021527567878365517,0.013344288803637028,0.16366558521986008,69018.85546875,0.24427766352891922,0.027704834938049316,0.21463899314403534,90514.6875,0.01697288639843464,0.01697288639843464,0.2807258069515228,0.026597972959280014,0.017384639009833336,0.18426667153835297,77706.46875,0.2947545647621155,0.0007339711056815558
427,0.021470483392477036,0.013296248856931925,0.16348468512296677,68942.5703125,0.2437460869550705,0.02760583907365799,0.2140001654624939,90245.2734375,0.016905829310417175,0.016905829310417175,0.28012025356292725,0.026684589684009552,0.01742997020483017,0.18509240448474884,78054.6875,0.2956039309501648,0.0007328536512445299
428,0.021414542570710182,0.013259473256766796,0.16310138255357742,68780.9296875,0.24348174780607224,0.027753707021474838,0.2150428146123886,90684.9765625,0.017001567408442497,0.017001567408442497,0.280815452337265,0.026673227548599243,0.017405705526471138,0.1853504180908203,78163.5,0.29568958282470703,0.0007317347722018518
429,0.021440593525767326,0.013252189382910728,0.16376809030771255,69062.07421875,0.2432808205485344,0.02778046950697899,0.21440114080905914,90414.375,0.017060412093997,0.017060412093997,0.28174835443496704,0.026778167113661766,0.01755056157708168,0.18455210328102112,77826.8359375,0.2965167462825775,0.0007306144762221927
430,0.021457049064338207,0.01329388190060854,0.16326332837343216,68849.21875,0.24388961493968964,0.027515258640050888,0.21360720694065094,90079.5625,0.01683489792048931,0.01683489792048931,0.27935391664505005,0.026583615690469742,0.01734386384487152,0.1847950518131256,77929.296875,0.29412975907325745,0.0007294927709839364
431,0.02137995231896639,0.01321752043440938,0.16324864327907562,68843.01953125,0.24319054931402206,0.027600612491369247,0.2136916220188141,90115.171875,0.016916031017899513,0.016916031017899513,0.280049204826355,0.026460718363523483,0.017245110124349594,0.1843121349811554,77725.640625,0.2940201163291931,0.0007283696641751246
432,0.021429551765322685,0.013278957922011614,0.16301187127828598,68743.1796875,0.2435658574104309,0.027578234672546387,0.21516689658164978,90737.296875,0.016819890588521957,0.016819890588521957,0.279121994972229,0.026567112654447556,0.017290407791733742,0.18553407490253448,78240.9375,0.29460272192955017,0.0007272451634934057
433,0.021301543340086937,0.01315251411870122,0.1629805639386177,68729.9765625,0.24227924644947052,0.027508648112416267,0.21381691098213196,90168.0078125,0.01681780256330967,0.01681780256330967,0.27957895398139954,0.02649109810590744,0.017270945012569427,0.18440307676792145,77763.9921875,0.29353493452072144,0.0007261192766459815
434,0.021269786171615124,0.013130147941410542,0.16279274970293045,68650.77734375,0.24215836822986603,0.027433305978775024,0.2133599817752838,89975.3125,0.016765305772423744,0.016765305772423744,0.2784392833709717,0.02648152783513069,0.01723456382751465,0.18493926525115967,77990.09375,0.2935272455215454,0.0007249920113495545
435,0.02129478193819523,0.01316351629793644,0.16262530535459518,68580.1640625,0.24253714084625244,0.027403198182582855,0.21357175707817078,90064.6171875,0.016724608838558197,0.016724608838558197,0.2785658836364746,0.02642175555229187,0.0172080360352993,0.18427437543869019,77709.71875,0.29296305775642395,0.0007238633753302745
436,0.021202475763857365,0.01308152312412858,0.16241905093193054,68493.189453125,0.24170023202896118,0.027507763355970383,0.21397395431995392,90234.234375,0.016809064894914627,0.016809064894914627,0.2794813811779022,0.026610495522618294,0.017389416694641113,0.184421569108963,77771.7890625,0.29420599341392517,0.0007227333763236868
437,0.02120659127831459,0.01309377234429121,0.1622563749551773,68424.58203125,0.24182789027690887,0.02750508487224579,0.2139083594083786,90206.5625,0.01680966652929783,0.01680966652929783,0.2794354557991028,0.026573531329631805,0.017322702333331108,0.18501660227775574,78022.71875,0.29413503408432007,0.0007216020220746778
438,0.021120944060385227,0.013011462055146694,0.16218964010477066,68396.439453125,0.24121754616498947,0.027456417679786682,0.21399927139282227,90244.90625,0.0167564544826746,0.0167564544826746,0.2789270281791687,0.0264970064163208,0.01722705364227295,0.18539902567863464,78183.984375,0.29379749298095703,0.0007204693203374228
439,0.021094893105328083,0.012991382740437984,0.16207019239664078,68346.0703125,0.2409382313489914,0.027365073561668396,0.2131790667772293,89899.0234375,0.01670612022280693,0.01670612022280693,0.27858373522758484,0.026460373774170876,0.01724977046251297,0.18421205878257751,77683.4453125,0.2933809757232666,0.000719335278875333
440,0.02111546043306589,0.012999905738979578,0.1623110994696617,68447.66015625,0.2410779744386673,0.027441762387752533,0.21328577399253845,89944.0234375,0.01677747443318367,0.01677747443318367,0.2794467806816101,0.026476815342903137,0.017300104722380638,0.18353421986103058,77397.5859375,0.29388678073883057,0.0007181999054610013
441,0.021115370094776154,0.013014675583690405,0.16201390326023102,68322.3359375,0.24136106669902802,0.02739820070564747,0.2137955278158188,90158.9765625,0.01670842431485653,0.01670842431485653,0.2784098982810974,0.026501767337322235,0.017266904935240746,0.1846972554922104,77888.0546875,0.2934720516204834,0.0007170632078761502
442,0.021044304594397545,0.012954705394804478,0.16179198771715164,68228.75,0.24084550887346268,0.02736871875822544,0.2135474532842636,90054.3671875,0.01669134572148323,0.01669134572148323,0.2783810794353485,0.026612313464283943,0.01733957603573799,0.18545474112033844,78207.4921875,0.2943371534347534,0.0007159251939115774
443,0.021172577515244484,0.013067587744444609,0.16209980100393295,68358.55078125,0.24192408472299576,0.02730271965265274,0.2130298912525177,89836.1015625,0.016651226207613945,0.016651226207613945,0.2775368094444275,0.026508010923862457,0.017253229394555092,0.1850956380367279,78056.046875,0.29364967346191406,0.0007147858713671033
444,0.021051833406090736,0.012963016983121634,0.1617763414978981,68222.15234375,0.2407284826040268,0.027409277856349945,0.21263471245765686,89669.4609375,0.016777541488409042,0.016777541488409042,0.2798299789428711,0.02635914646089077,0.017169862985610962,0.18378566205501556,77503.625,0.29227572679519653,0.000713645248051517
445,0.021143432706594467,0.013048843014985323,0.16189180314540863,68270.84375,0.24178496748209,0.02750960737466812,0.21343404054641724,90006.5390625,0.01683790422976017,0.01683790422976017,0.27964693307876587,0.02648942917585373,0.017299771308898926,0.18379315733909607,77506.7890625,0.29351940751075745,0.0007125033317825232
446,0.02110311295837164,0.013003724161535501,0.1619877889752388,68311.3203125,0.24157965183258057,0.02728377841413021,0.21232756972312927,89539.9296875,0.016667399555444717,0.016667399555444717,0.2786927819252014,0.026303373277187347,0.01711302064359188,0.18380707502365112,77512.65625,0.2915726900100708,0.0007113601303866878
447,0.02103494107723236,0.01297048106789589,0.16128919273614883,68016.71484375,0.24119564145803452,0.02727740816771984,0.2131563425064087,89889.4375,0.016619591042399406,0.016619591042399406,0.27701306343078613,0.026573028415441513,0.01732865907251835,0.1848873794078827,77968.234375,0.2945028841495514,0.0007102156516993857
448,0.021105414256453514,0.013003328815102577,0.16204170137643814,68334.0546875,0.2413988560438156,0.027574168518185616,0.21280746161937714,89742.3125,0.01693379506468773,0.01693379506468773,0.282326877117157,0.02681634947657585,0.017598340287804604,0.18436019122600555,77745.9140625,0.29599401354789734,0.000709069903564745
449,0.02133961208164692,0.01321968948468566,0.16239845007658005,68484.50390625,0.24375787377357483,0.027451718226075172,0.21381977200508118,90169.203125,0.016760729253292084,0.016760729253292084,0.2790796458721161,0.02679811418056488,0.017524080350995064,0.18548066914081573,78218.4296875,0.2958906292915344,0.0007079228938355956
450,0.021122335456311703,0.013015012256801128,0.1621464565396309,68378.23046875,0.24175536632537842,0.027413437142968178,0.2122163325548172,89493.03125,0.016802620142698288,0.016802620142698288,0.2804892659187317,0.026428785175085068,0.01719781756401062,0.18461933732032776,77855.1953125,0.293724000453949,0.0007067746303734138
451,0.021366773173213005,0.013259326573461294,0.16214892268180847,68379.271484375,0.24399878084659576,0.027282919734716415,0.21282197535037994,89748.421875,0.01664181984961033,0.01664181984961033,0.2770349383354187,0.026230426505208015,0.017045659944415092,0.18369533121585846,77465.5390625,0.29232776165008545,0.0007056251210482685
452,0.021103689447045326,0.01300964318215847,0.16188092529773712,68266.26171875,0.24124202132225037,0.02784213051199913,0.21211360394954681,89449.7109375,0.01723644882440567,0.01723644882440567,0.28491032123565674,0.02677292935550213,0.017694085836410522,0.18157686293125153,76572.15625,0.2966582179069519,0.0007044743737387681
453,0.021552585996687412,0.013460915070027113,0.16183342039585114,68246.21875,0.2464364543557167,0.027365729212760925,0.2136419117450714,90094.203125,0.016683632507920265,0.016683632507920265,0.2784709334373474,0.026712197810411453,0.017406480386853218,0.1861143708229065,78485.6640625,0.2939184308052063,0.0007033223963320057
454,0.021029718220233917,0.012951289303600788,0.1615685671567917,68134.53125,0.24135880172252655,0.02755039557814598,0.21252526342868805,89623.3046875,0.01692413166165352,0.01692413166165352,0.28149592876434326,0.026908807456493378,0.0176463071256876,0.18524998426437378,78121.140625,0.2980364263057709,0.0007021691967235054
455,0.02119175437837839,0.013136343099176884,0.16110821813344955,67940.408203125,0.2435031607747078,0.0272175595164299,0.21312931180000305,89878.03125,0.01656109280884266,0.01656109280884266,0.27728271484375,0.02645820751786232,0.01724553108215332,0.1842535436153412,77700.9375,0.2926948666572571,0.0007010147828171683
456,0.02090870961546898,0.012860276736319065,0.16096866130828857,67881.546875,0.2400590404868126,0.027357768267393112,0.2119934856891632,89399.0546875,0.016758093610405922,0.016758093610405922,0.2803589701652527,0.026572398841381073,0.01740247942507267,0.18339841067790985,77340.3125,0.29458996653556824,0.0006998591625252183
457,0.020967557094991207,0.012919732369482517,0.1609564945101738,67876.41796875,0.24077431112527847,0.02723957598209381,0.213042214512825,89841.3046875,0.01658746600151062,0.01658746600151062,0.2772032618522644,0.02645805850625038,0.017173592001199722,0.185689315199852,78306.40625,0.2927520275115967,0.0006987023437681469
458,0.02087145298719406,0.012815139722079039,0.1611262783408165,67948.013671875,0.23967824131250381,0.02719695121049881,0.21122311055660248,89074.1875,0.016635796055197716,0.016635796055197716,0.27881595492362976,0.02618204802274704,0.017038920894265175,0.1828625351190567,77114.34375,0.292025089263916,0.0006975443344746609
459,0.02078686933964491,0.012789586558938026,0.15994565188884735,67450.13671875,0.23937110602855682,0.02693118527531624,0.2116246372461319,89243.5078125,0.016349954530596733,0.016349954530596733,0.27562040090560913,0.026075832545757294,0.01695389859378338,0.1824386715888977,76935.5859375,0.28918805718421936,0.000696385142581626
460,0.02068850863724947,0.012700750026851892,0.1597551628947258,67369.802734375,0.23847725987434387,0.026988442987203598,0.2113341987133026,89121.03125,0.016421731561422348,0.016421731561422348,0.2768661379814148,0.02607984095811844,0.016962403431534767,0.18234875798225403,76897.671875,0.2900990843772888,0.0006952247760340137
461,0.020657967776060104,0.01267758198082447,0.15960770845413208,67307.62109375,0.23841114342212677,0.02695690095424652,0.21143122017383575,89161.9375,0.016385341063141823,0.016385341063141823,0.2753085494041443,0.02609233185648918,0.016938531771302223,0.18307597935199738,77204.3515625,0.290141761302948,0.0006940632427848466
462,0.020641394890844822,0.012639585882425308,0.16003616154193878,67488.298828125,0.23784392327070236,0.02699153684079647,0.21136592328548431,89134.40625,0.016423240303993225,0.016423240303993225,0.2770169973373413,0.026086173951625824,0.01694922335445881,0.1827390193939209,77062.2578125,0.2904025912284851,0.0006929005507951433
463,0.020620175637304783,0.012629773002117872,0.15980805456638336,67392.109375,0.2377341166138649,0.026955634355545044,0.2110825777053833,89014.9140625,0.01640150509774685,0.01640150509774685,0.2760603427886963,0.026224374771118164,0.017093747854232788,0.18261250853538513,77008.8984375,0.2913573086261749,0.0006917367080338646
464,0.020598520524799824,0.012628883589059114,0.15939272940158844,67216.96875,0.23798498511314392,0.026930037885904312,0.20992310345172882,88525.9453125,0.01643388345837593,0.01643388345837593,0.27747267484664917,0.02603572979569435,0.016972169280052185,0.18127118051052094,76443.25,0.28992652893066406,0.0006905717224778584
465,0.020603242330253124,0.012658925261348486,0.15888634324073792,67003.421875,0.23835944384336472,0.026796426624059677,0.21069791913032532,88852.6953125,0.01626153104007244,0.01626153104007244,0.2747804522514343,0.026102088391780853,0.016984302550554276,0.18235571682453156,76900.609375,0.29030027985572815,0.0006894056021118053
466,0.020524219609797,0.012572434730827808,0.15903570502996445,67066.41015625,0.23741544783115387,0.026906058192253113,0.21086929738521576,88924.9765625,0.016362592577934265,0.016362592577934265,0.27621495723724365,0.025936491787433624,0.01682754047214985,0.1821790486574173,76826.109375,0.28953391313552856,0.0006882383549281639
467,0.020636435598134995,0.012678072787821293,0.15916726738214493,67121.884765625,0.2386297658085823,0.026910321786999702,0.2107851207256317,88889.4765625,0.016371065750718117,0.016371065750718117,0.2751728892326355,0.026002351194620132,0.016879014670848846,0.18246671557426453,76947.4296875,0.29057735204696655,0.0006870699889271154
468,0.020582282915711403,0.012617095373570919,0.15930376201868057,67179.4453125,0.2378959357738495,0.026860734447836876,0.21011687815189362,88607.671875,0.016354890540242195,0.016354890540242195,0.27689114212989807,0.025903938338160515,0.01682933047413826,0.1814921498298645,76536.4453125,0.2887762784957886,0.0006859005121165097
469,0.020499644801020622,0.012557066977024078,0.15885155647993088,66988.740234375,0.23735468834638596,0.026758728548884392,0.21038979291915894,88722.7578125,0.016239238902926445,0.016239238902926445,0.2743930220603943,0.025716450065374374,0.01667534001171589,0.18082217872142792,76253.9140625,0.2873634696006775,0.0006847299325118098
470,0.020426824688911438,0.012487819418311119,0.1587800830602646,66958.603515625,0.23654042929410934,0.026828601956367493,0.21072247624397278,88863.0625,0.016292477026581764,0.016292477026581764,0.27567601203918457,0.025662409141659737,0.016634710133075714,0.18055397272109985,76140.796875,0.28774216771125793,0.0006835582581360373
471,0.020409997552633286,0.01247366238385439,0.15872669219970703,66936.08984375,0.23636947572231293,0.02671939507126808,0.21018730103969574,88637.3828125,0.016210028901696205,0.016210028901696205,0.27495723962783813,0.025848262012004852,0.016785692423582077,0.1812513917684555,76434.9140625,0.2882722318172455,0.0006823854970197172
472,0.020408840849995613,0.012488506268709898,0.15840670466423035,66801.154296875,0.23672748357057571,0.026668090373277664,0.20990480482578278,88518.25,0.016172848641872406,0.016172848641872406,0.27445220947265625,0.025876572355628014,0.016799036413431168,0.18155071139335632,76561.1328125,0.2885667681694031,0.0006812116572008231
473,0.020353042520582676,0.012424551416188478,0.1585698351264,66869.943359375,0.2359296828508377,0.02669895440340042,0.21060341596603394,88812.859375,0.016168782487511635,0.016168782487511635,0.2740604877471924,0.025699518620967865,0.016643883660435677,0.18111270666122437,76376.421875,0.2872239053249359,0.0006800367467247214
474,0.020284896716475487,0.012375629507005215,0.15818534791469574,66707.806640625,0.23546579480171204,0.026546824723482132,0.20942513644695282,88315.96875,0.01607556827366352,0.01607556827366352,0.27337348461151123,0.02563660219311714,0.016579650342464447,0.1811390072107315,76387.515625,0.28701406717300415,0.0006788607736441172
475,0.020345013588666916,0.01242241496220231,0.15845198184251785,66820.24609375,0.23602495342493057,0.026638571172952652,0.21023410558700562,88657.109375,0.01612686552107334,0.01612686552107334,0.2734382152557373,0.025808893144130707,0.0167191494256258,0.18179485201835632,76664.0859375,0.28831782937049866,0.0006776837460189979
476,0.020299745723605156,0.012380448635667562,0.15838594734668732,66792.400390625,0.23564840108156204,0.026797357946634293,0.21020548045635223,88645.0390625,0.01628708280622959,0.01628708280622959,0.27570196986198425,0.025805123150348663,0.01672731526196003,0.18155618011951447,76563.4375,0.2879316806793213,0.0006765056719165794
477,0.02026338316500187,0.012362623121589422,0.1580151915550232,66636.044921875,0.2354617863893509,0.02664668671786785,0.2093014121055603,88263.7890625,0.016181616112589836,0.016181616112589836,0.27416855096817017,0.0256023071706295,0.016610676422715187,0.17983262240886688,75836.609375,0.28647351264953613,0.0006753265594112496
478,0.02020040713250637,0.012319179251790047,0.15762455016374588,66471.306640625,0.23507634550333023,0.026655122637748718,0.2093539834022522,88285.953125,0.016187423840165138,0.016187423840165138,0.27463752031326294,0.025614263489842415,0.016593918204307556,0.18040689826011658,76078.78125,0.28774696588516235,0.0006741464165845136
479,0.020371541380882263,0.01248560007661581,0.15771883726119995,66511.07421875,0.23685313761234283,0.026583272963762283,0.20992881059646606,88528.3671875,0.01608683168888092,0.01608683168888092,0.2734334468841553,0.02561069279909134,0.016581516712903976,0.18058350682258606,76153.25,0.2871013283729553,0.0006729652515249381
480,0.02023499086499214,0.012328713666647673,0.15812554210424423,66682.587890625,0.23509334027767181,0.026646573096513748,0.21005971729755402,88583.5625,0.016143586486577988,0.016143586486577988,0.27407509088516235,0.02575184404850006,0.016738349571824074,0.18026986718177795,76020.9921875,0.28826290369033813,0.0006717830723280962
481,0.02020031027495861,0.012308539357036352,0.15783542394638062,66560.234375,0.23490000516176224,0.02650490775704384,0.20930740237236023,88266.3203125,0.016039537265896797,0.016039537265896797,0.27303844690322876,0.025628121569752693,0.016576457768678665,0.18103326857089996,76342.921875,0.28632864356040955,0.0006705998870965119
482,0.02014514058828354,0.012266972102224827,0.15756336599588394,66445.51171875,0.23474417626857758,0.02646181359887123,0.2093615084886551,88289.125,0.015993738546967506,0.015993738546967506,0.27261343598365784,0.025571923702955246,0.016551967710256577,0.18039913475513458,76075.5078125,0.2863272726535797,0.0006694157039396041
483,0.020125484094023705,0.012232528999447823,0.15785908699035645,66570.224609375,0.23422638326883316,0.026711363345384598,0.21003039181232452,88571.203125,0.01620984449982643,0.01620984449982643,0.27524417638778687,0.025790605694055557,0.01678745076060295,0.18006308376789093,75933.7890625,0.28815314173698425,0.0006682305309736318
484,0.020220715552568436,0.012334608938544989,0.1577221229672432,66512.4609375,0.2354251965880394,0.026368381455540657,0.20834363996982574,87859.890625,0.01595119945704937,0.01595119945704937,0.27230948209762573,0.025479957461357117,0.016496505588293076,0.17966902256011963,75767.6171875,0.2853042781352997,0.0006670443763216375
485,0.020064801909029484,0.01220080628991127,0.15727990865707397,66325.974609375,0.23402640968561172,0.02643231302499771,0.20910108089447021,88179.296875,0.01597725972533226,0.01597725972533226,0.2724635601043701,0.025555940344929695,0.016492336988449097,0.18127205967903137,76443.625,0.28649911284446716,0.0006658572481133926
486,0.02013525739312172,0.012260894756764174,0.15748723596334457,66413.404296875,0.23479682952165604,0.0264040008187294,0.2094053328037262,88307.609375,0.01593373343348503,0.01593373343348503,0.27174484729766846,0.025339478626847267,0.01636158488690853,0.17955787479877472,75720.7421875,0.2846088111400604,0.0006646691544853408
487,0.020108998753130436,0.012233571149408817,0.15750854462385178,66422.392578125,0.23418444395065308,0.026622436940670013,0.20844247937202454,87901.5703125,0.016200311481952667,0.016200311481952667,0.2751825451850891,0.025554288178682327,0.01662839576601982,0.17851781845092773,75282.140625,0.286262571811676,0.0006634801035805428
488,0.020209229551255703,0.012355709914118052,0.15707039833068848,66237.62890625,0.23559438437223434,0.026417799293994904,0.2087809145450592,88044.28125,0.015978753566741943,0.015978753566741943,0.27258211374282837,0.025536123663187027,0.01652340404689312,0.18025441467761993,76014.4765625,0.2859902083873749,0.0006622901035486204
489,0.020053202286362648,0.012207133695483208,0.1569213718175888,66174.77734375,0.23415931314229965,0.026614990085363388,0.20874091982841492,88027.4296875,0.016177942976355553,0.016177942976355553,0.27441850304603577,0.02580372616648674,0.016781534999608994,0.18044382333755493,76094.359375,0.28934580087661743,0.0006610991625457006
490,0.020273486152291298,0.012408686336129904,0.15729599446058273,66332.75390625,0.23667393624782562,0.02644820511341095,0.20967255532741547,88420.296875,0.015964576974511147,0.015964576974511147,0.2727010250091553,0.02562965266406536,0.016592567786574364,0.18074169754981995,76219.96875,0.2868392765522003,0.0006599072887343597
491,0.0200413279235363,0.012176706921309233,0.1572924107313156,66331.251953125,0.23355133831501007,0.0264643132686615,0.20807722210884094,87747.5390625,0.016060451045632362,0.016060451045632362,0.2741079330444336,0.025464437901973724,0.01655532419681549,0.17818224430084229,75140.625,0.28592315316200256,0.0006587144902835672
492,0.02010728418827057,0.012267456389963627,0.15679655969142914,66122.140625,0.23475003242492676,0.026306655257940292,0.2082345187664032,87813.8671875,0.015894928947091103,0.015894928947091103,0.2718481421470642,0.025346901267766953,0.016378525644540787,0.17936749756336212,75640.4609375,0.2843247950077057,0.0006575207753686304
493,0.01994916144758463,0.012116965372115374,0.15664391964673996,66057.7734375,0.23329009115695953,0.02646021544933319,0.20828624069690704,87835.6796875,0.01604590192437172,0.01604590192437172,0.27335119247436523,0.02544046752154827,0.016443945467472076,0.1799304336309433,75877.8515625,0.28556641936302185,0.0006563261521711373
494,0.019945012405514717,0.012125162873417139,0.1563969850540161,65953.638671875,0.23334966599941254,0.026368245482444763,0.20861409604549408,87973.9453125,0.01593754068017006,0.01593754068017006,0.27238190174102783,0.025447791442275047,0.01649434119462967,0.17906899750232697,75514.578125,0.2849038243293762,0.0006551306288789019
495,0.019964557141065598,0.012119960971176624,0.15689191967248917,66162.35546875,0.23331157863140106,0.02638479694724083,0.20864343643188477,87986.3203125,0.01595262438058853,0.01595262438058853,0.2729205787181854,0.025591611862182617,0.016587818041443825,0.18007589876651764,75939.1953125,0.28682374954223633,0.0006539342136859066
496,0.01988839078694582,0.0120568061247468,0.156631700694561,66052.615234375,0.2328040599822998,0.026465851813554764,0.2087709903717041,88040.109375,0.016027303412556648,0.016027303412556648,0.2729356288909912,0.025509189814329147,0.016490528360009193,0.18037325143814087,76064.5859375,0.28644102811813354,0.0006527369147922476
497,0.019985519349575043,0.012157965451478958,0.1565510779619217,66018.625,0.23383372277021408,0.02627267874777317,0.20830117166042328,87841.9765625,0.015857620164752007,0.015857620164752007,0.2717011868953705,0.02529631182551384,0.016353756189346313,0.17885109782218933,75422.6875,0.28421157598495483,0.0006515387404040772
498,0.01986550446599722,0.012052652891725302,0.1562570258975029,65894.62109375,0.23276855051517487,0.026365548372268677,0.207688570022583,87583.6328125,0.015981120988726616,0.015981120988726616,0.2729952037334442,0.025341518223285675,0.01642592065036297,0.17831194400787354,75195.3203125,0.28450724482536316,0.0006503396987335486
499,0.019836503081023693,0.012046368792653084,0.15580268949270248,65703.01953125,0.2326734960079193,0.02630341798067093,0.20778796076774597,87625.5625,0.01591402105987072,0.01591402105987072,0.2716178297996521,0.025187138468027115,0.01625210791826248,0.17870061099529266,75359.2265625,0.283436119556427,0.0006491397979987589
500,0.019969712011516094,0.012169337831437588,0.15600748360157013,65789.37890625,0.23391786217689514,0.02637932263314724,0.20871523022651672,88016.5859375,0.015943560749292374,0.015943560749292374,0.2724497318267822,0.025402605533599854,0.016396455466747284,0.18012301623821259,75959.0625,0.2856632173061371,0.0006479390464236939
501,0.01982913538813591,0.01203311700373888,0.1559203490614891,65752.640625,0.23241955041885376,0.026117797940969467,0.20670974254608154,87170.859375,0.0157823096960783,0.0157823096960783,0.2712116241455078,0.025219514966011047,0.016340581700205803,0.1775786578655243,74886.078125,0.2837745249271393,0.0006467374522381699
502,0.019724209792912006,0.011944831814616919,0.1555875614285469,65612.3046875,0.23156395554542542,0.02611575648188591,0.2073003351688385,87419.9140625,0.015750739723443985,0.015750739723443985,0.27061593532562256,0.02516189217567444,0.01626083068549633,0.17802125215530396,75072.7421875,0.28369462490081787,0.0006455350236777791
503,0.019818401895463467,0.012030598241835833,0.15575607120990753,65683.365234375,0.2328994944691658,0.026278268545866013,0.20841361582279205,87889.390625,0.01585758663713932,0.01585758663713932,0.27169379591941833,0.025330979377031326,0.016376150771975517,0.17909656465053558,75526.203125,0.28507310152053833,0.0006443317689838323
504,0.019752955995500088,0.011987078469246626,0.1553175449371338,65498.4296875,0.23208147287368774,0.026081588119268417,0.20737919211387634,87453.171875,0.01571262814104557,0.01571262814104557,0.27013254165649414,0.025070812553167343,0.016201818361878395,0.17737986147403717,74802.2578125,0.28266090154647827,0.0006431276964033024
505,0.01970989815890789,0.011934638023376465,0.1555052101612091,65577.57421875,0.23142920434474945,0.02617119997739792,0.20747506618499756,87493.609375,0.01579744555056095,0.01579744555056095,0.2715998888015747,0.025178438052535057,0.016297128051519394,0.17762619256973267,74906.1328125,0.2829700708389282,0.0006419228141887682
506,0.019700084812939167,0.011923553422093391,0.15553061664104462,65588.29296875,0.23144656419754028,0.026029115542769432,0.20743690431118011,87477.515625,0.015657270327210426,0.015657270327210426,0.2700306475162506,0.025065721943974495,0.01616225577890873,0.1780693233013153,75093.015625,0.28251391649246216,0.0006407171305983572
507,0.01969541423022747,0.011932829860597849,0.15525168180465698,65470.662109375,0.23156608641147614,0.026026366278529167,0.20715291798114777,87357.75,0.01566872000694275,0.01566872000694275,0.2698540687561035,0.025011984631419182,0.016129590570926666,0.17764787375926971,74915.28125,0.2822854220867157,0.0006395106538956899
508,0.019626570865511894,0.011866727378219366,0.1551968902349472,65447.552734375,0.2308032140135765,0.026317009702324867,0.20722083747386932,87386.390625,0.0159559678286314,0.0159559678286314,0.27321553230285645,0.025392577052116394,0.016524070873856544,0.1773701161146164,74798.1484375,0.2852403223514557,0.0006383033923498224
509,0.01983614359050989,0.012088346760720015,0.1549559384584427,65345.943359375,0.23327995836734772,0.026109062135219574,0.20693601667881012,87266.28125,0.01576226018369198,0.01576226018369198,0.27134889364242554,0.02521677315235138,0.01636459119617939,0.177043616771698,74660.4609375,0.2834700644016266,0.0006370953542351904
510,0.01962073054164648,0.011876642238348722,0.15488175302743912,65314.65625,0.23113469034433365,0.026205692440271378,0.20748478174209595,87497.703125,0.01583145372569561,0.01583145372569561,0.2712368965148926,0.02522939443588257,0.01630394719541073,0.1785089522600174,75278.40625,0.2843623757362366,0.0006358865478315516
511,0.019764713011682034,0.01200366672128439,0.15522091835737228,65457.685546875,0.23255929350852966,0.025952085852622986,0.20631356537342072,87003.7890625,0.01563640870153904,0.01563640870153904,0.2701382637023926,0.024982906877994537,0.01612643152475357,0.17712947726249695,74696.671875,0.2821997404098511,0.00063467698142393
512,0.01960369385778904,0.011867161840200424,0.15473062545061111,65250.921875,0.23088711500167847,0.026466894894838333,0.20720736682415009,87380.7109375,0.01610652729868889,0.01610652729868889,0.2744344472885132,0.025448624044656754,0.016626596450805664,0.1764405220746994,74406.140625,0.2866191267967224,0.0006334666633025581
513,0.01974595244973898,0.012007093522697687,0.1547771841287613,65270.5625,0.23242095112800598,0.026103831827640533,0.2073453962802887,87438.921875,0.01573656126856804,0.01573656126856804,0.27049168944358826,0.024899564683437347,0.016034627333283424,0.17729875445365906,74768.0703125,0.28144699335098267,0.0006322556017628209
514,0.01961436215788126,0.011891038622707129,0.15446646511554718,65139.533203125,0.23112675547599792,0.025904754176735878,0.20648258924484253,87075.078125,0.015580624341964722,0.015580624341964722,0.2688886821269989,0.02496364340186119,0.016092421486973763,0.17742443084716797,74821.0546875,0.2813732326030731,0.0006310438051051985
515,0.01951879169791937,0.011792806442826986,0.1545196920633316,65161.9765625,0.23023274540901184,0.02609790861606598,0.20618422329425812,86949.25,0.015788698568940163,0.015788698568940163,0.2720063626766205,0.0253739170730114,0.01652214303612709,0.17703548073768616,74657.03125,0.28522688150405884,0.0006298312816352096
516,0.019592342898249626,0.01187185663729906,0.1544097140431404,65115.59375,0.2316485047340393,0.02590920589864254,0.2068520337343216,87230.8671875,0.01556660421192646,0.01556660421192646,0.26883676648139954,0.025025751441717148,0.01615704968571663,0.17737403512001038,74799.796875,0.28209155797958374,0.0006286180396633544
517,0.019526870921254158,0.011811190750449896,0.1543135866522789,65075.056640625,0.23086078464984894,0.026113305240869522,0.20689523220062256,87249.078125,0.015768544748425484,0.015768544748425484,0.2712779939174652,0.025205127894878387,0.016314469277858734,0.17781318724155426,74984.984375,0.28420931100845337,0.0006274040875050573
518,0.01952600944787264,0.011824387591332197,0.15403243899345398,64956.49609375,0.23085302114486694,0.025963131338357925,0.2063734531402588,87029.046875,0.015644457191228867,0.015644457191228867,0.2697080671787262,0.024965442717075348,0.016160720959305763,0.1760944426059723,74260.1875,0.28180748224258423,0.0006261894334806104
519,0.01959835086017847,0.011880531441420317,0.15435638278722763,65093.10546875,0.23117054253816605,0.025988951325416565,0.20561540126800537,86709.375,0.015708182007074356,0.015708182007074356,0.27130234241485596,0.02491394430398941,0.016160214319825172,0.17507460713386536,73830.109375,0.2819790840148926,0.0006249740859151167
520,0.019468899816274643,0.011770816054195166,0.1539616733789444,64926.650390625,0.2301311045885086,0.025799784809350967,0.2064250409603119,87050.8046875,0.015478531830012798,0.015478531830012798,0.2681310772895813,0.024768522009253502,0.015940675511956215,0.17655692994594574,74455.2265625,0.27987343072891235,0.0006237580531384323
521,0.019392109476029873,0.01169807929545641,0.15388061106204987,64892.466796875,0.22928832471370697,0.025817573070526123,0.20622879266738892,86968.0390625,0.015506133437156677,0.015506133437156677,0.26927971839904785,0.024975333362817764,0.016156332567334175,0.17638002336025238,74380.625,0.2814071774482727,0.0006225413434851095
522,0.01941645983606577,0.011728201992809772,0.15376515686511993,64843.779296875,0.2296542078256607,0.025784866884350777,0.20628370344638824,86991.1953125,0.015470681712031364,0.015470681712031364,0.26826030015945435,0.02485356666147709,0.016017992049455643,0.17671148478984833,74520.3984375,0.28019779920578003,0.00062132396529434
523,0.019379766657948494,0.011678788810968399,0.1540195643901825,64951.06640625,0.22920962423086166,0.025961555540561676,0.20605915784835815,86896.5078125,0.01565859653055668,0.01565859653055668,0.270406574010849,0.024864759296178818,0.016009151935577393,0.1771121621131897,74689.3671875,0.28123727440834045,0.0006201059269098977
524,0.019395919516682625,0.011690640822052956,0.15410557389259338,64987.33984375,0.22931791096925735,0.026010286062955856,0.20623467862606049,86970.5234375,0.015698552131652832,0.015698552131652832,0.2702648341655731,0.024990156292915344,0.01618354581296444,0.1761322170495987,74276.1171875,0.281978577375412,0.0006188872366800814
525,0.019427898339927197,0.011740359477698803,0.15375077724456787,64837.72265625,0.23001695424318314,0.02582075074315071,0.20561636984348297,86709.7890625,0.015539932996034622,0.015539932996034622,0.2693454325199127,0.024856558069586754,0.016055693849921227,0.17601728439331055,74227.65625,0.28080761432647705,0.0006176679029576576
526,0.01939853373914957,0.011745020281523466,0.15307027846574783,64550.74609375,0.23029474914073944,0.025879722088575363,0.20610810816287994,86917.1484375,0.015574316494166851,0.015574316494166851,0.2685626745223999,0.02484079822897911,0.016023537144064903,0.17634522914886475,74365.9453125,0.2811434268951416,0.0006164479340998026
527,0.019352393224835396,0.011686645448207855,0.15331494063138962,64653.923828125,0.22917862236499786,0.02593224123120308,0.20599889755249023,86871.1015625,0.015632295981049538,0.015632295981049538,0.2704715430736542,0.02503563091158867,0.016203969717025757,0.17663320899009705,74487.3984375,0.28254446387290955,0.0006152273384680468
528,0.019478327594697475,0.011794337071478367,0.15367979556322098,64807.78515625,0.23043807595968246,0.02587905339896679,0.2059776932001114,86862.1484375,0.015580168925225735,0.015580168925225735,0.26969411969184875,0.024855230003595352,0.016077877953648567,0.1755470633506775,74029.3515625,0.28104841709136963,0.0006140061244282158
529,0.019283901900053024,0.011630394030362368,0.15307015925645828,64550.689453125,0.22897307574748993,0.026054460555315018,0.20553775131702423,86676.625,0.015777572989463806,0.015777572989463806,0.2710190415382385,0.02501685544848442,0.016174474731087685,0.17684762179851532,74577.796875,0.28371524810791016,0.0006127843003503739
530,0.01953619346022606,0.011876952834427357,0.15318480879068375,64599.041015625,0.23187818378210068,0.025732429698109627,0.2052924782037735,86573.1953125,0.015467805787920952,0.015467805787920952,0.2687949240207672,0.02476509101688862,0.015973210334777832,0.17583760619163513,74151.8828125,0.27997034788131714,0.0006115618746087666
531,0.019259748980402946,0.011601578909903765,0.1531633883714676,64590.009765625,0.2284725159406662,0.025855645537376404,0.20629212260246277,86994.75,0.01554104033857584,0.01554104033857584,0.2689123749732971,0.024881113320589066,0.01609063521027565,0.17580953240394592,74140.03125,0.2812335789203644,0.0006103388555817632
532,0.019204087555408478,0.011560151819139719,0.15287871658802032,64469.966796875,0.22806625068187714,0.02579585090279579,0.20597590506076813,86861.40625,0.0154970558360219,0.0154970558360219,0.2685948610305786,0.024741224944591522,0.015917405486106873,0.1764763593673706,74421.25,0.2797621190547943,0.0006091152516517988
533,0.019302410073578358,0.011651183012872934,0.15302454680204391,64531.462890625,0.22918038815259933,0.025591008365154266,0.20510169863700867,86492.7421875,0.015335923992097378,0.015335923992097378,0.2668918967247009,0.024647189304232597,0.015846332535147667,0.1760171353816986,74227.59375,0.2787836790084839,0.000607891071205318
534,0.01916150376200676,0.011523067951202393,0.15276869386434555,64423.5625,0.22750630974769592,0.02569071762263775,0.2048344612121582,86380.0390625,0.015448994003236294,0.015448994003236294,0.26861193776130676,0.024755239486694336,0.016004420816898346,0.175016388297081,73805.5703125,0.279973566532135,0.0006066663226327162
535,0.019177000038325787,0.011535538826137781,0.15282922983169556,64449.095703125,0.22791219502687454,0.025807999074459076,0.2054656445980072,86646.21875,0.015534715726971626,0.015534715726971626,0.26882416009902954,0.024758275598287582,0.015965396538376808,0.1758575737476349,74160.296875,0.2804255783557892,0.0006054410143282833
536,0.019201455637812614,0.011576515156775713,0.15249880403280258,64309.755859375,0.2283073216676712,0.025641225278377533,0.205001100897789,86450.3203125,0.015391170978546143,0.015391170978546143,0.26738396286964417,0.02463105320930481,0.015851475298404694,0.17559155821800232,74048.1171875,0.27909427881240845,0.0006042151546901453
537,0.019114003516733646,0.011480252258479595,0.15267502516508102,64384.068359375,0.22721397131681442,0.025665821507573128,0.2051651030778885,86519.484375,0.015407565981149673,0.015407565981149673,0.2675790786743164,0.02458970993757248,0.015835531055927277,0.17508357763290405,73833.890625,0.27864551544189453,0.0006029887521202067
538,0.019087868742644787,0.011460833717137575,0.1525406911969185,64327.421875,0.22708844393491745,0.02565280720591545,0.20525041222572327,86555.453125,0.015390287153422832,0.015390287153422832,0.26765257120132446,0.024612773209810257,0.015833398327231407,0.1755875200033188,74046.421875,0.2793365716934204,0.0006017618150240934
539,0.019046122208237648,0.011444332543760538,0.15203579515218735,64114.5,0.22691015154123306,0.025539733469486237,0.20472602546215057,86334.3203125,0.015303431078791618,0.015303431078791618,0.2670355439186096,0.024644076824188232,0.015864338725805283,0.175594761967659,74049.484375,0.2783734202384949,0.0006005343518110949
540,0.01905194018036127,0.01145064365118742,0.15202593058347702,64110.341796875,0.22704176604747772,0.025563333183526993,0.2044503390789032,86218.0625,0.015340817160904408,0.015340817160904408,0.2675754725933075,0.02477242797613144,0.015997175127267838,0.17550507187843323,74011.6484375,0.27982479333877563,0.0005993063708941065
541,0.01903525833040476,0.011441273614764214,0.1518797054886818,64048.6796875,0.2270415872335434,0.025645211338996887,0.20484457910060883,86384.3046875,0.01540298294275999,0.01540298294275999,0.268159419298172,0.024844709783792496,0.016052445396780968,0.17584528028964996,74155.1171875,0.280227929353714,0.0005980778806895721
542,0.019033157266676426,0.011430487502366304,0.15205340087413788,64121.923828125,0.22686272114515305,0.0256103053689003,0.20460522174835205,86283.375,0.015380044467747211,0.015380044467747211,0.2674095630645752,0.024713560938835144,0.015933260321617126,0.17560599744319916,74054.203125,0.27981895208358765,0.000596848889617426
543,0.019052098505198956,0.011449763551354408,0.15204669535160065,64119.09375,0.22692426294088364,0.025482680648565292,0.2042536437511444,86135.109375,0.015269998461008072,0.015269998461008072,0.2665101885795593,0.024474170058965683,0.01573478803038597,0.17478762567043304,73709.1015625,0.277751088142395,0.0005956194061010353
544,0.01906624250113964,0.011451673693954945,0.15229137241840363,64222.28125,0.22681552171707153,0.02560623176395893,0.20445312559604645,86219.234375,0.015383575111627579,0.015383575111627579,0.2682182192802429,0.024567827582359314,0.01587064191699028,0.17394369840621948,73353.2109375,0.27796000242233276,0.0005943894385671424
545,0.01903209462761879,0.011443827766925097,0.1517653465270996,64000.443359375,0.22719470411539078,0.025584612041711807,0.20468413829803467,86316.65625,0.015350405126810074,0.015350405126810074,0.26725736260414124,0.02459888905286789,0.01582910493016243,0.175395667552948,73965.5078125,0.27927425503730774,0.0005931589954458069
546,0.01915821246802807,0.011555552016943693,0.15205320715904236,64121.841796875,0.22812114655971527,0.025620341300964355,0.2048584669828415,86390.1640625,0.01537741906940937,0.01537741906940937,0.2672593593597412,0.024708420038223267,0.01592317968606949,0.17570477724075317,74095.8671875,0.2796627879142761,0.0005919280851703486
547,0.018988135270774364,0.011395387351512909,0.1518549621105194,64038.23828125,0.22652139514684677,0.02580748125910759,0.20434996485710144,86175.734375,0.015589982271194458,0.015589982271194458,0.27031105756759644,0.025020243600010872,0.016236431896686554,0.17567622661590576,74083.8359375,0.28221869468688965,0.0005906967161772884
548,0.019038794562220573,0.011453341692686081,0.15170906484127045,63976.705078125,0.22743842750787735,0.02566932514309883,0.2055191546678543,86668.78125,0.015393366105854511,0.015393366105854511,0.26718419790267944,0.02454361505806446,0.015748964622616768,0.17589300870895386,74175.2421875,0.2781018018722534,0.0005894648969062915
549,0.01905524916946888,0.011456515174359083,0.15197469294071198,64088.73046875,0.22775158286094666,0.02566457726061344,0.204807311296463,86368.5859375,0.015424211509525776,0.015424211509525776,0.2684655785560608,0.024589814245700836,0.01582879200577736,0.17522044479846954,73891.6171875,0.2793823480606079,0.0005882326358001093
550,0.01894888561218977,0.011378549970686436,0.15140670537948608,63849.208984375,0.2264058142900467,0.025624986737966537,0.20414821803569794,86090.6484375,0.01541757583618164,0.01541757583618164,0.26847898960113525,0.024782463908195496,0.016084615141153336,0.1739569455385208,73358.7890625,0.280034601688385,0.0005869999413045214
551,0.019075194373726845,0.011487564072012901,0.15175259113311768,63995.06640625,0.22775539755821228,0.02540242299437523,0.2040921300649643,86067.0,0.015197817236185074,0.015197817236185074,0.2660104036331177,0.02451963536441326,0.015799088403582573,0.17441093921661377,73550.2421875,0.2781105935573578,0.0005857668218682779
552,0.01894440595060587,0.011389047373086214,0.15110717713832855,63722.896484375,0.2270103543996811,0.025534238666296005,0.2043200135231018,86163.09375,0.01531823817640543,0.01531823817640543,0.2670028507709503,0.024647805839776993,0.015851441770792007,0.1759272664785385,74189.6953125,0.2792647182941437,0.0005845332859430413
553,0.018900616094470024,0.011318760458379984,0.15163712203502655,63946.376953125,0.22581025213003159,0.025530435144901276,0.20400001108646393,86028.1484375,0.01533043384552002,0.01533043384552002,0.2675600051879883,0.02467699721455574,0.01592187024652958,0.17510256171226501,73841.8984375,0.27869489789009094,0.0005832993419833289
554,0.01884778030216694,0.011281328741461039,0.15132904052734375,63816.455078125,0.22538020461797714,0.025449078530073166,0.20447051525115967,86226.5625,0.015225552953779697,0.015225552953779697,0.2661549150943756,0.024473439902067184,0.01574558950960636,0.17455698549747467,73611.828125,0.2776220440864563,0.0005820649984464542
555,0.018899365328252316,0.011339446064084768,0.1511983722448349,63761.3515625,0.22600223124027252,0.02545168623328209,0.2044975757598877,86237.96875,0.01522680651396513,0.01522680651396513,0.2661791443824768,0.024460285902023315,0.01571405678987503,0.1749245673418045,73766.8359375,0.27801233530044556,0.0005808302637924698
556,0.018849844112992287,0.011284799315035343,0.15130090713500977,63804.587890625,0.22531701624393463,0.02537870779633522,0.20358489453792572,85853.09375,0.01519946288317442,0.01519946288317442,0.26625367999076843,0.024532129988074303,0.015807751566171646,0.17448756098747253,73582.5546875,0.278007447719574,0.0005795951464841086
557,0.018785269930958748,0.011244080495089293,0.15082378685474396,63603.392578125,0.22507548332214355,0.025426018983125687,0.20392218232154846,85995.3203125,0.015229910612106323,0.015229910612106323,0.2660362720489502,0.024527236819267273,0.015785876661539078,0.17482717335224152,73725.7578125,0.2778753340244293,0.0005783596549867263
558,0.018917537294328213,0.011356198228895664,0.15122678130865097,63773.322265625,0.2262597754597664,0.025471672415733337,0.20480084419250488,86365.8671875,0.015231628902256489,0.015231628902256489,0.2660737931728363,0.02470272406935692,0.015921596437692642,0.17562255263328552,74061.1953125,0.2786784768104553,0.0005771237977682435
559,0.018866374157369137,0.011298399418592453,0.15135949105024338,63829.294921875,0.22559143602848053,0.025581898167729378,0.20360136032104492,85860.0390625,0.015401829965412617,0.015401829965412617,0.268463671207428,0.024767782539129257,0.016058309003710747,0.174189493060112,73456.8515625,0.2798055112361908,0.000575887583299087
560,0.018809378147125244,0.011282954830676317,0.1505284607410431,63478.84375,0.2257252186536789,0.025437358766794205,0.20385104417800903,85965.328125,0.015244805254042149,0.015244805254042149,0.2662082612514496,0.0245689544826746,0.01582164876163006,0.1749461144208908,73775.9375,0.27847820520401,0.0005746510200521325
561,0.018764733336865902,0.011222927365452051,0.15083612501621246,63608.591796875,0.22491046786308289,0.025478143244981766,0.20392335951328278,85995.828125,0.015281975269317627,0.015281975269317627,0.26724010705947876,0.02469765394926071,0.015952633693814278,0.17490039765834808,73756.65625,0.2795039117336273,0.0005734141165026458
562,0.018730776384472847,0.011202751658856869,0.15056050568819046,63492.36328125,0.22480866312980652,0.025442160665988922,0.20393642783164978,86001.3359375,0.015245339833199978,0.015245339833199978,0.2662903070449829,0.02440749481320381,0.015687162056565285,0.17440664768218994,73548.4375,0.2771298587322235,0.0005721768811282256
563,0.018872683867812157,0.011338705196976662,0.1506795659661293,63542.56640625,0.22640643268823624,0.025552265346050262,0.20452162623405457,86248.1171875,0.015326184220612049,0.015326184220612049,0.2668014168739319,0.024422306567430496,0.015684299170970917,0.17476016283035278,73697.515625,0.277907133102417,0.0005709393224087445
564,0.01875818520784378,0.011214897502213717,0.15086573362350464,63621.072265625,0.22469563782215118,0.0255240760743618,0.20358321070671082,85852.3828125,0.015344914980232716,0.015344914980232716,0.2681061327457428,0.02461107075214386,0.015929773449897766,0.17362596094608307,73219.2109375,0.2783612608909607,0.0005697014488262915
565,0.018830662593245506,0.011308368761092424,0.1504458636045456,63444.01953125,0.22618652135133743,0.025280725210905075,0.2033485323190689,85753.421875,0.01511329784989357,0.01511329784989357,0.26506567001342773,0.02440599724650383,0.015701187774538994,0.1740962117910385,73417.515625,0.27684587240219116,0.0005684632688651133
566,0.018681704066693783,0.011172570288181305,0.15018268674612045,63333.02734375,0.22446659207344055,0.025267956778407097,0.2029966115951538,85605.0078125,0.015118125826120377,0.015118125826120377,0.26560553908348083,0.024541988968849182,0.01582481898367405,0.17434340715408325,73521.765625,0.2777973413467407,0.0005672247910115569
567,0.018681712448596954,0.011162197217345238,0.15039028972387314,63420.576171875,0.22435174137353897,0.02524019032716751,0.20300988852977753,85610.6015625,0.015089694410562515,0.015089694410562515,0.2649725079536438,0.024549350142478943,0.015834223479032516,0.17430251836776733,73504.5234375,0.27751368284225464,0.0005659860237540107
568,0.0186600461602211,0.01114600570872426,0.15028081834316254,63374.41015625,0.2242664098739624,0.025304026901721954,0.20388977229595184,85981.65625,0.015109537169337273,0.015109537169337273,0.2652119994163513,0.024497538805007935,0.015764372423291206,0.17466333508491516,73656.6875,0.2774675488471985,0.0005647469755828469
569,0.018616284243762493,0.011109557934105396,0.15013453364372253,63312.724609375,0.22385875135660172,0.025243226438760757,0.20374561846256256,85920.875,0.015055944211781025,0.015055944211781025,0.26480352878570557,0.024317722767591476,0.015649273991584778,0.17336899042129517,73110.84375,0.2761630415916443,0.000563507654990363
570,0.018620602786540985,0.011122130788862705,0.1499694287776947,63243.09375,0.2238781452178955,0.02526533231139183,0.20244672894477844,85373.125,0.015142995864152908,0.015142995864152908,0.2660226821899414,0.024421967566013336,0.0157589390873909,0.17326053977012634,73065.109375,0.27752235531806946,0.0005622680704707234
571,0.018593674525618553,0.011117806192487478,0.14951737225055695,63052.46484375,0.2239730954170227,0.02522807940840721,0.20297807455062866,85597.203125,0.015079174190759659,0.015079174190759659,0.2648707628250122,0.02424560859799385,0.015553325414657593,0.17384563386440277,73311.8515625,0.27538976073265076,0.0005610282305199017
572,0.01857385504990816,0.0110773965716362,0.14992915838956833,63226.1171875,0.2234361544251442,0.02525251731276512,0.20339754223823547,85774.078125,0.015082640573382378,0.015082640573382378,0.2649785280227661,0.024351976811885834,0.015641089528799057,0.17421773076057434,73468.7734375,0.2764669358730316,0.0005597881436356221
573,0.018538182601332664,0.01105151791125536,0.1497332975268364,63143.517578125,0.2233402505517006,0.025129588320851326,0.20280897617340088,85525.8828125,0.014989139512181282,0.014989139512181282,0.26405754685401917,0.02440001256763935,0.01571565866470337,0.17368707060813904,73244.984375,0.27662038803100586,0.0005585478183173013
574,0.018535085953772068,0.011049431283026934,0.14971309155225754,63135.00390625,0.22326518595218658,0.025226421654224396,0.20354866981506348,85837.8125,0.015048987232148647,0.015048987232148647,0.2645623981952667,0.024396266788244247,0.0157015360891819,0.17389458417892456,73332.5,0.2765812277793884,0.00055730726306599
575,0.01852402463555336,0.01103820651769638,0.1497163474559784,63136.3671875,0.2231847494840622,0.025307077914476395,0.20329497754573822,85730.828125,0.015142328105866909,0.015142328105866909,0.2656569480895996,0.0243667121976614,0.015673670917749405,0.1738608181476593,73318.25,0.2763829827308655,0.0005560664863843152
576,0.018498225137591362,0.011025116313248873,0.14946217089891434,63029.18359375,0.22301721572875977,0.02518612891435623,0.2026359885931015,85452.9375,0.015054330229759216,0.015054330229759216,0.26483282446861267,0.02427283115684986,0.015603062696754932,0.17339536547660828,73121.96875,0.2757966220378876,0.0005548254967764211
577,0.018510308116674423,0.011034689843654633,0.14951235800981522,63050.349609375,0.222989521920681,0.025221971794962883,0.2027420997619629,85497.6875,0.015084866434335709,0.015084866434335709,0.2656557559967041,0.024373188614845276,0.015717463567852974,0.17311449348926544,73003.5234375,0.2765237092971802,0.0005535843027479116
578,0.018553131259977818,0.011073355562984943,0.14959551393985748,63085.41796875,0.22348827868700027,0.025255519896745682,0.2034977376461029,85816.3359375,0.015080632641911507,0.015080632641911507,0.2651553750038147,0.024348266422748566,0.015661416575312614,0.17373701930046082,73266.0390625,0.2760462760925293,0.0005523429128057918
579,0.01847568340599537,0.011008483823388815,0.14934398978948593,62979.345703125,0.22278236597776413,0.02522452548146248,0.2030700147151947,85635.9609375,0.015071024186909199,0.015071024186909199,0.26467376947402954,0.02434583753347397,0.015656594187021255,0.17378488183021545,73286.234375,0.2767389118671417,0.000551101335458409
580,0.018516399897634983,0.011040910612791777,0.14950978010892868,63049.259765625,0.22312331944704056,0.025058962404727936,0.20211809873580933,85234.546875,0.014953057281672955,0.014953057281672955,0.26401859521865845,0.024260902777314186,0.015602393075823784,0.17317019402980804,73027.015625,0.2752862274646759,0.0005498595792153957
581,0.018455936573445797,0.010991113260388374,0.14929644763469696,62959.29296875,0.22266306728124619,0.025167932733893394,0.20255236327648163,85417.6640625,0.015040314756333828,0.015040314756333828,0.2643868923187256,0.02418139949440956,0.01550893671810627,0.17344927787780762,73144.703125,0.27470993995666504,0.0005486176525876099
582,0.018441572785377502,0.010985261294990778,0.14912623167037964,62887.521484375,0.22251229733228683,0.02522442117333412,0.20315539836883545,85671.96875,0.015066651627421379,0.015066651627421379,0.2647215723991394,0.024219226092100143,0.015556378290057182,0.17325694859027863,73063.6015625,0.27493059635162354,0.0005473755640870776
583,0.018405025824904442,0.010953591670840979,0.14902867376804352,62846.376953125,0.2222376987338066,0.02521989494562149,0.20328161120414734,85725.203125,0.015055813826620579,0.015055813826620579,0.26475203037261963,0.024357501417398453,0.015680912882089615,0.17353177070617676,73179.5,0.2761796712875366,0.0005461333222269346
584,0.01840922236442566,0.010956940241158009,0.14904563128948212,62853.525390625,0.2224574014544487,0.025258351117372513,0.2034219205379486,85784.375,0.015087255276739597,0.015087255276739597,0.2651008367538452,0.024395592510700226,0.015693705528974533,0.17403770983219147,73392.8515625,0.27719932794570923,0.0005448909355213672
585,0.018448797054588795,0.010986587032675743,0.14924419671297073,62937.2578125,0.22273173928260803,0.02522595226764679,0.20326608419418335,85718.6640625,0.015062648802995682,0.015062648802995682,0.26482272148132324,0.024308446794748306,0.015641475096344948,0.17333944141864777,73098.375,0.2766451835632324,0.0005436484124855549
586,0.01847690436989069,0.011013792362064123,0.14926224946975708,62944.876953125,0.22287070006132126,0.02521625906229019,0.20270514488220215,85482.09375,0.015081001445651054,0.015081001445651054,0.2654436230659485,0.024070560932159424,0.015460408292710781,0.17220303416252136,72619.1640625,0.27444207668304443,0.0005424057616356117
587,0.01840872596949339,0.010968273971229792,0.148809053003788,62753.767578125,0.22265911847352982,0.025211352854967117,0.20288676023483276,85558.6953125,0.015067014843225479,0.015067014843225479,0.26417022943496704,0.024042148143053055,0.015401353128254414,0.17281591892242432,72877.6171875,0.2740919291973114,0.000541162991488527
588,0.018413864076137543,0.010976317338645458,0.148750938475132,62729.24609375,0.222525455057621,0.02522873505949974,0.20246116816997528,85379.2109375,0.015105677768588066,0.015105677768588066,0.26546043157577515,0.024359237402677536,0.015740858390927315,0.17236755788326263,72688.5390625,0.27613335847854614,0.0005399201105621082
589,0.018496232107281685,0.011060846038162708,0.14870771765708923,62711.0234375,0.2236626148223877,0.025093721225857735,0.2021557092666626,85250.390625,0.014985935762524605,0.014985935762524605,0.2644219696521759,0.024317726492881775,0.015698177739977837,0.17239095270633698,72698.3984375,0.27572008967399597,0.0005386771273749226
590,0.01838638260960579,0.010948224924504757,0.14876315742731094,62734.404296875,0.22250109165906906,0.025282099843025208,0.20328158140182495,85725.1875,0.01511802151799202,0.01511802151799202,0.26531916856765747,0.024341128766536713,0.015672782436013222,0.17336693406105042,73109.9921875,0.2777804732322693,0.0005374340504462371
591,0.018388861790299416,0.010947137605398893,0.1488344818353653,62764.48046875,0.22230499237775803,0.025186482816934586,0.2024967223405838,85394.2109375,0.015061646699905396,0.015061646699905396,0.2658342123031616,0.02435021474957466,0.01574520580470562,0.17210020124912262,72575.796875,0.27674734592437744,0.0005361908882959623
592,0.018513414077460766,0.011086719576269388,0.1485338881611824,62637.72265625,0.22397592663764954,0.02502937987446785,0.20219475030899048,85266.8515625,0.014919642359018326,0.014919642359018326,0.2631930708885193,0.02403666079044342,0.015395511873066425,0.172822967171669,72880.578125,0.27384406328201294,0.0005349476494445919
593,0.018419962376356125,0.011000887490808964,0.14838147908449173,62573.44921875,0.2232043817639351,0.025365985929965973,0.20232050120830536,85319.890625,0.01524996105581522,0.01524996105581522,0.2664598226547241,0.02423788234591484,0.015580160543322563,0.17315445840358734,73020.375,0.2770078778266907,0.0005337043424131462
594,0.018445386551320553,0.011023700702935457,0.14843372255563736,62595.482421875,0.22303926944732666,0.02513473853468895,0.20154306292533875,84992.046875,0.015057585202157497,0.015057585202157497,0.2652512788772583,0.024226754903793335,0.01564144529402256,0.1717062145471573,72409.6484375,0.27565354108810425,0.0005324609757231121
595,0.018491648137569427,0.011072973720729351,0.14837348461151123,62570.08203125,0.22400189191102982,0.02500787004828453,0.20220325887203217,85270.453125,0.014897707849740982,0.014897707849740982,0.2633224427700043,0.02406190149486065,0.015447961166501045,0.17227880656719208,72651.1015625,0.27390092611312866,0.0005312175578963859
596,0.018317654728889465,0.010897500906139612,0.1484030932188034,62582.564453125,0.22193606942892075,0.0250400397926569,0.20259398221969604,85435.21875,0.014910340309143066,0.014910340309143066,0.26316171884536743,0.023948073387145996,0.015363981015980244,0.17168186604976654,72399.375,0.2735668420791626,0.000529974097455214
597,0.018260016106069088,0.010858914814889431,0.14802201837301254,62421.861328125,0.22135461121797562,0.02506338432431221,0.202249675989151,85290.015625,0.01495089940726757,0.01495089940726757,0.2640326917171478,0.024174291640520096,0.015590369701385498,0.17167843878269196,72397.9375,0.27529656887054443,0.0005287306029221352
598,0.018327861092984676,0.010935195256024599,0.1478532999753952,62350.712890625,0.2223072499036789,0.02502325177192688,0.20145206153392792,84953.6640625,0.014950649812817574,0.014950649812817574,0.26404476165771484,0.024082373827695847,0.015527728945016861,0.1710929125547409,72151.015625,0.27501192688941956,0.0005274870828199215
599,0.0182536318898201,0.010860595386475325,0.14786072820425034,62353.84765625,0.2215319126844406,0.02506844699382782,0.2019868791103363,85179.203125,0.01496910396963358,0.01496910396963358,0.26360267400741577,0.024046700447797775,0.015419110655784607,0.17255181074142456,72766.2421875,0.27467748522758484,0.0005262435456715208
600,0.018374348059296608,0.010967169888317585,0.14814356714487076,62473.119140625,0.22289122641086578,0.024999720975756645,0.20260874927043915,85441.453125,0.014869282953441143,0.014869282953441143,0.26302027702331543,0.024040687829256058,0.015393299981951714,0.17294776439666748,72933.2109375,0.27368390560150146,0.0005249999999999973
601,0.018239695578813553,0.010829311329871416,0.14820769429206848,62500.16015625,0.22095078229904175,0.025079095736145973,0.20225705206394196,85293.1328125,0.01496624294668436,0.01496624294668436,0.2643005847930908,0.024041490629315376,0.015457787550985813,0.17167405784130096,72396.0859375,0.27372977137565613,0.0005237564543284737
602,0.018247054889798164,0.010851211380213499,0.14791686087846756,62377.515625,0.22141043841838837,0.024927332997322083,0.20175206661224365,85080.1796875,0.014839730225503445,0.014839730225503445,0.26288339495658875,0.02390322834253311,0.015348631888628006,0.1710919290781021,72150.6015625,0.2725009322166443,0.000522512917180073
603,0.018149890936911106,0.010777624323964119,0.14744533598423004,62178.669921875,0.220533587038517,0.024804435670375824,0.2010510414838791,84784.5546875,0.01475188322365284,0.01475188322365284,0.2618890404701233,0.02387249283492565,0.015324228443205357,0.1709652841091156,72097.1953125,0.272786021232605,0.0005212693970778594
604,0.018134386278688908,0.010758752934634686,0.14751265197992325,62207.05078125,0.2202620506286621,0.024836581200361252,0.20111629366874695,84812.0625,0.01478076633065939,0.01478076633065939,0.26207584142684937,0.023877132683992386,0.015310991555452347,0.1713228076696396,72247.9609375,0.27252447605133057,0.0005200259025447805
605,0.018138532526791096,0.010753724724054337,0.14769615978002548,62284.44140625,0.2201925739645958,0.024936623871326447,0.20166295766830444,85042.59375,0.01485347468405962,0.01485347468405962,0.263003945350647,0.023933876305818558,0.015342212282121181,0.17183326184749603,72463.21875,0.27307313680648804,0.0005187824421036086
606,0.018119272775948048,0.010746571235358715,0.14745401591062546,62182.337890625,0.2203020304441452,0.024954434484243393,0.2021813541650772,85261.2109375,0.014845366589725018,0.014845366589725018,0.26279813051223755,0.023827742785215378,0.015250056982040405,0.17155371606349945,72345.34375,0.27221888303756714,0.0005175390242768824
607,0.01811340730637312,0.010736421216279268,0.14753971993923187,62218.470703125,0.22018563747406006,0.024989750236272812,0.20247404277324677,85384.640625,0.014866047538816929,0.014866047538816929,0.26252007484436035,0.02377999573945999,0.015204248018562794,0.17151492834091187,72328.96875,0.2723267078399658,0.0005162956575868483
608,0.018078015185892582,0.010710136499255896,0.14735756814479828,62141.662109375,0.21991541236639023,0.024854891002178192,0.20117491483688354,84836.796875,0.01479614619165659,0.01479614619165659,0.2624524235725403,0.02385520562529564,0.01531100645661354,0.17088398337364197,72062.90625,0.2726300060749054,0.0005150523505554026
609,0.01806184183806181,0.010717638302594423,0.14688406884670258,61941.982421875,0.220088392496109,0.024800265207886696,0.20102952420711517,84775.4765625,0.014748788438737392,0.014748788438737392,0.2616463601589203,0.023946940898895264,0.015360885299742222,0.17172113060951233,72415.9375,0.27301788330078125,0.0005138091117040321
610,0.018079250119626522,0.010715604294091463,0.14727290719747543,62105.95703125,0.21990250051021576,0.024897810071706772,0.20157842338085175,85006.953125,0.0148188890889287,0.0148188890889287,0.26237964630126953,0.023982560262084007,0.015393710695207119,0.17177699506282806,72439.5,0.2735983431339264,0.0005125659495537572
611,0.018046028912067413,0.010693521704524755,0.14705012738704681,62012.0078125,0.2197214514017105,0.02481117658317089,0.20135313272476196,84911.953125,0.014743519946932793,0.014743519946932793,0.26184988021850586,0.02389681339263916,0.015339606441557407,0.17114411294460297,72172.5859375,0.2730463147163391,0.0005113228726250718
612,0.01802145317196846,0.010671143420040607,0.14700620621442795,61993.486328125,0.21947486698627472,0.024844177067279816,0.20176519453525543,85085.703125,0.014755917713046074,0.014755917713046074,0.2617694139480591,0.023811258375644684,0.015252726152539253,0.1711706519126892,72183.7890625,0.272632896900177,0.0005100798894378861
613,0.01801452785730362,0.010669254232198,0.14690547436475754,61951.01171875,0.21956126391887665,0.0248037688434124,0.20106613636016846,84790.9140625,0.014750461094081402,0.014750461094081402,0.2619682848453522,0.023826006799936295,0.01525085885077715,0.1715029627084732,72323.921875,0.2722616195678711,0.0005088370085114675
614,0.0179841760545969,0.010652401950210333,0.1466354802250862,61837.150390625,0.21935052424669266,0.02474338188767433,0.2005680948495865,84580.8828125,0.014714975841343403,0.014714975841343403,0.2611995041370392,0.023757582530379295,0.015195478685200214,0.17124207317829132,72213.90625,0.27123042941093445,0.0005075942383643828
615,0.01796882599592209,0.010635493788868189,0.14666663110256195,61850.279296875,0.21913588047027588,0.02479880303144455,0.20133540034294128,84904.4609375,0.014732033014297485,0.014732033014297485,0.2612709701061249,0.023822255432605743,0.015242725610733032,0.17159056663513184,72360.8828125,0.2719954252243042,0.0005063515875144395
616,0.01795261912047863,0.010619054548442364,0.14667127281427383,61852.240234375,0.21904349327087402,0.024806316941976547,0.20157000422477722,85003.3984375,0.014727817848324776,0.014727817848324776,0.26174500584602356,0.023969504982233047,0.015400358475744724,0.17138290405273438,72273.296875,0.2732304632663727,0.0005051090644786272
617,0.017943374812602997,0.010615233797580004,0.14656281471252441,61806.50390625,0.21905412524938583,0.024741865694522858,0.2010963261127472,84803.6484375,0.014687048271298409,0.014687048271298409,0.2611277103424072,0.023871583864092827,0.015317870303988457,0.1710742712020874,72143.140625,0.2724496126174927,0.00050386667777306
618,0.01795053668320179,0.010621741879731417,0.1465758979320526,61812.03125,0.21901065856218338,0.024809712544083595,0.2012847661972046,84883.125,0.014745473861694336,0.014745473861694336,0.2615126073360443,0.02376069314777851,0.015207569114863873,0.17106248438358307,72138.1796875,0.2720299959182739,0.0005026244359129168
619,0.01796826161444187,0.010641009081155062,0.14654503762722015,61799.009765625,0.21920032799243927,0.02478543482720852,0.20134387910366058,84908.046875,0.014718241058290005,0.014718241058290005,0.26161763072013855,0.023868760094046593,0.015292661264538765,0.17152197659015656,72331.953125,0.27249598503112793,0.0005013823474123845
620,0.01793874427676201,0.010613228660076857,0.1465102955698967,61784.357421875,0.21895074099302292,0.024687936529517174,0.20089659094810486,84719.4140625,0.014643106609582901,0.014643106609582901,0.26077979803085327,0.023781519383192062,0.015236771665513515,0.17089496552944183,72067.5390625,0.27167797088623047,0.0005001404207845987
621,0.017912638373672962,0.01059684157371521,0.14631593972444534,61702.39453125,0.2187153771519661,0.024707045406103134,0.20100413262844086,84764.765625,0.014656838960945606,0.014656838960945606,0.2608116865158081,0.02375219389796257,0.015189525671303272,0.17125336825847626,72218.671875,0.27138128876686096,0.0004988986645415853
622,0.01791801769286394,0.010601706802845001,0.1463261991739273,61706.724609375,0.21887537837028503,0.024768520146608353,0.20135769248008728,84913.8671875,0.014700634405016899,0.014700634405016899,0.2613369822502136,0.023792041465640068,0.015242303721606731,0.17099474370479584,72109.609375,0.2713915705680847,0.0004976570871942026
623,0.017887326888740063,0.010576268192380667,0.14622116088867188,61662.4296875,0.21857208013534546,0.024791553616523743,0.2014797180891037,84965.328125,0.014717568643391132,0.014717568643391132,0.2611086964607239,0.02373144030570984,0.015196491032838821,0.17069895565509796,71984.875,0.2716914415359497,0.0004964156972520826
624,0.017870377749204636,0.010554435197263956,0.14631886780261993,61703.634765625,0.218252494931221,0.02477330155670643,0.2013247311115265,84899.9609375,0.014707065187394619,0.014707065187394619,0.26121294498443604,0.02379508689045906,0.015245141461491585,0.17099888622760773,72111.3671875,0.2719140350818634,0.0004951745032235732
625,0.017878739163279533,0.010555227287113667,0.14647023379802704,61767.458984375,0.21848270297050476,0.024744050577282906,0.20114177465438843,84822.8046875,0.01468696165829897,0.01468696165829897,0.26113161444664,0.02382994443178177,0.015276980586349964,0.171059250831604,72136.8125,0.27235832810401917,0.000493933513615679
626,0.01787088718265295,0.010555638000369072,0.14630499482154846,61697.77734375,0.21852931380271912,0.024761928245425224,0.20144425332546234,84950.375,0.014689715579152107,0.014689715579152107,0.26064932346343994,0.02375311776995659,0.01521100290119648,0.1708422750234604,72045.3125,0.272055983543396,0.0004926927369340041
627,0.01784652192145586,0.010541504714637995,0.14610034227371216,61611.482421875,0.21828380227088928,0.024723919108510017,0.2008710503578186,84708.65625,0.014680366031825542,0.014680366031825542,0.26113367080688477,0.023805219680070877,0.015259666368365288,0.17091104388237,72074.3125,0.2721177339553833,0.0004914521816826927
628,0.017823249101638794,0.010520890820771456,0.1460471674799919,61589.05078125,0.21800469607114792,0.024716433137655258,0.20116694271564484,84833.421875,0.014658085070550442,0.014658085070550442,0.26074478030204773,0.023668475449085236,0.015124048106372356,0.1708885282278061,72064.8125,0.27103671431541443,0.0004902118563643719
629,0.017801253125071526,0.010509227868169546,0.14584050327539444,61501.900390625,0.21797040849924088,0.024656377732753754,0.20091307163238525,84726.359375,0.014610722661018372,0.014610722661018372,0.2601441740989685,0.023618221282958984,0.015076551586389542,0.17083340883255005,72041.578125,0.27057451009750366,0.0004889717694800922
630,0.01779528148472309,0.010504927020519972,0.14580707997083664,61487.806640625,0.2177673578262329,0.024645496159791946,0.20063744485378265,84610.1328125,0.014613623730838299,0.014613623730838299,0.26054731011390686,0.023564089089632034,0.015066877007484436,0.16994422674179077,71666.6015625,0.2697998285293579,0.0004877319295292706
631,0.017795570194721222,0.010512430220842361,0.1456627920269966,61426.962890625,0.2178504765033722,0.02470085769891739,0.20069915056228638,84636.15625,0.014665898866951466,0.014665898866951466,0.26069217920303345,0.023595992475748062,0.015097820200026035,0.16996346414089203,71674.7109375,0.2705514430999756,0.000486492345009631
632,0.01779212523251772,0.010502015240490437,0.14580218493938446,61485.73828125,0.21774619817733765,0.024734698235988617,0.20053412020206451,84566.5546875,0.014707992784678936,0.014707992784678936,0.26161617040634155,0.023855168372392654,0.015345854684710503,0.17018625140190125,71768.671875,0.2726219892501831,0.000485253024417147
633,0.0178188169375062,0.010528442915529013,0.14580746740102768,61487.96875,0.21820960938930511,0.02465883642435074,0.20094747841358185,84740.875,0.014611463062465191,0.014611463062465191,0.26028063893318176,0.023746754974126816,0.015195612795650959,0.17102286219596863,72121.4609375,0.27153515815734863,0.00048401397624598335
634,0.017799613066017628,0.010508444160223007,0.14582336694002151,61494.67578125,0.21801572293043137,0.024713704362511635,0.20120958983898163,84851.4140625,0.014653224498033524,0.014653224498033524,0.26053398847579956,0.023702727630734444,0.015149404294788837,0.17106646299362183,72139.84375,0.2715808153152466,0.0004827752089884372
635,0.01780340727418661,0.010508096311241388,0.1459062248468399,61529.623046875,0.21788302063941956,0.024695727974176407,0.2011551409959793,84828.453125,0.014637970365583897,0.014637970365583897,0.2608545422554016,0.023725606501102448,0.015198786742985249,0.17053641378879547,71916.328125,0.27146115899086,0.00048153673113488085
636,0.01780872605741024,0.010515468195080757,0.14586515724658966,61512.302734375,0.21817080676555634,0.024629954248666763,0.20026999711990356,84455.1796875,0.01461645308881998,0.01461645308881998,0.26055917143821716,0.023576367646455765,0.015078206546604633,0.16996324062347412,71674.625,0.27028852701187134,0.00048029855117370253
637,0.01772565208375454,0.010457705240696669,0.14535892009735107,61298.81640625,0.2175450474023819,0.024726640433073044,0.20100821554660797,84766.484375,0.014676228165626526,0.014676228165626526,0.26040202379226685,0.023434167727828026,0.01492425985634327,0.17019815742969513,71773.6875,0.26936429738998413,0.0004790606775912495
638,0.01776133943349123,0.010466598439961672,0.14589481800794601,61524.80859375,0.21735776960849762,0.024862676858901978,0.20082105696201324,84687.5703125,0.01482162345200777,0.01482162345200777,0.2628696858882904,0.02374749258160591,0.01528174988925457,0.16931484639644623,71401.1796875,0.27211514115333557,0.0004778231188717684
639,0.017891375347971916,0.010617793537676334,0.14547163248062134,61346.34765625,0.21965257823467255,0.02460496500134468,0.2006310373544693,84607.4375,0.014573412016034126,0.014573412016034126,0.26014482975006104,0.023563561961054802,0.015079985372722149,0.16967152059078217,71551.6015625,0.2700445055961609,0.00047658588349734827
640,0.017734174616634846,0.010467076674103737,0.14534196257591248,61291.666015625,0.21766161918640137,0.024608425796031952,0.2004091590642929,84513.8671875,0.014587966725230217,0.014587966725230217,0.2599421739578247,0.023710697889328003,0.015185303054749966,0.17050787806510925,71904.3046875,0.2717599868774414,0.00047534897994786163
641,0.017722717486321926,0.010449896566569805,0.14545642584562302,61339.935546875,0.2173452079296112,0.024693168699741364,0.19972637295722961,84225.9296875,0.014706850051879883,0.014706850051879883,0.2619141638278961,0.023811373859643936,0.015348566696047783,0.16925616562366486,71376.4453125,0.27240586280822754,0.000474112416700907
642,0.017748423852026463,0.010488850995898247,0.14519146084785461,61228.1953125,0.21780133992433548,0.024733509868383408,0.20142917335033417,84944.0078125,0.014662050642073154,0.014662050642073154,0.2604467272758484,0.023619409650564194,0.015064206905663013,0.1711040437221527,72155.703125,0.27076399326324463,0.0004728762022317505
643,0.017749466933310032,0.010490378364920616,0.1451817750930786,61224.111328125,0.2179923728108406,0.02467244118452072,0.20084121823310852,84696.0703125,0.014630381017923355,0.014630381017923355,0.2604788839817047,0.023548416793346405,0.015027660876512527,0.17041511833667755,71865.171875,0.2706058621406555,0.00047164034501326763
644,0.017669535242021084,0.010412674397230148,0.1451372131705284,61205.318359375,0.21695973724126816,0.024712303653359413,0.19974049925804138,84231.8828125,0.0147252781316638,0.0147252781316638,0.2619856595993042,0.023698963224887848,0.015237761661410332,0.16922402381896973,71362.890625,0.27184927463531494,0.00047040485351588547
645,0.01767995674163103,0.010432687122374773,0.14494537562131882,61124.423828125,0.2174558788537979,0.024706609547138214,0.20056889951229095,84581.2265625,0.014678165316581726,0.014678165316581726,0.2608650028705597,0.023513205349445343,0.01500855851918459,0.17009295523166656,71729.3203125,0.27044183015823364,0.0004691697362075242
646,0.017698529176414013,0.010441319551318884,0.14514417946338654,61208.2578125,0.2172730267047882,0.024567976593971252,0.20034828782081604,84488.203125,0.014550562016665936,0.014550562016665936,0.2599392533302307,0.023467041552066803,0.015000578947365284,0.1693292260169983,71407.25,0.2690425217151642,0.0004679350015535398
647,0.01775535475462675,0.010499981231987476,0.1451074779033661,61192.779296875,0.21803933382034302,0.024539850652217865,0.20004621148109436,84360.8046875,0.014537541195750237,0.014537541195750237,0.2597593069076538,0.023476436734199524,0.015010026283562183,0.16932819783687592,71406.828125,0.2693842649459839,0.000466700658016665
648,0.01764736231416464,0.01041081314906478,0.14473097771406174,61034.009765625,0.21721425652503967,0.024661239236593246,0.2003486156463623,84488.3359375,0.014643807895481586,0.014643807895481586,0.26019108295440674,0.0234401673078537,0.014937849715352058,0.1700463443994522,71709.6640625,0.26970577239990234,0.0004654667140569526
649,0.017664232291281223,0.010423074942082167,0.14482315629720688,61072.876953125,0.21723007410764694,0.024596627801656723,0.2001008540391922,84383.8515625,0.014591584913432598,0.014591584913432598,0.26033636927604675,0.02355504035949707,0.015085326507687569,0.16939429938793182,71434.6953125,0.2704941928386688,0.00046423317813171607
650,0.017621508799493313,0.010381906758993864,0.14479203522205353,61059.759765625,0.21681120991706848,0.02453581616282463,0.20026281476020813,84452.1484375,0.014522676356136799,0.014522676356136799,0.2594027519226074,0.02347537875175476,0.014994991011917591,0.16960777342319489,71524.71875,0.2698303163051605,0.0004630000586954727
651,0.017620325088500977,0.010387511923909187,0.1446562483906746,61002.4921875,0.21694517135620117,0.02457008697092533,0.20002204179763794,84350.625,0.014568984508514404,0.014568984508514404,0.2597063183784485,0.023403149098157883,0.014924287796020508,0.1695772260427475,71511.8359375,0.2693929672241211,0.00046176736419988485
652,0.017586415633559227,0.010346549097448587,0.14479733258485794,61061.99609375,0.21629156172275543,0.024534933269023895,0.19996272027492523,84325.59375,0.014536798000335693,0.014536798000335693,0.25973692536354065,0.023359527811408043,0.01491632405668497,0.16886407136917114,71211.09375,0.26879310607910156,0.0004605351030937026
653,0.017557626590132713,0.010326473042368889,0.1446230635046959,60988.501953125,0.21613957732915878,0.02454853057861328,0.20041906833648682,84518.0390625,0.014527576044201851,0.014527576044201851,0.25916388630867004,0.023331183940172195,0.014830946922302246,0.1700047254562378,71692.1171875,0.26860690116882324,0.00045930328382270556
654,0.017599599435925484,0.010374516248703003,0.14450164884328842,60937.298828125,0.2168966606259346,0.02442215383052826,0.19953987002372742,84147.28125,0.014445159584283829,0.014445159584283829,0.2590019702911377,0.02345949597656727,0.015007389709353447,0.16904212534427643,71286.1796875,0.2693406939506531,0.0004580719148296454
655,0.01757069956511259,0.01033576438203454,0.14469870924949646,61020.400390625,0.21630433201789856,0.024479025974869728,0.2001403570175171,84400.5,0.014472007751464844,0.014472007751464844,0.2588770389556885,0.023486703634262085,0.015021353960037231,0.16930699348449707,71397.8671875,0.2697594463825226,0.0004568410045541871
656,0.01750275120139122,0.01028483035042882,0.14435841888189316,60876.900390625,0.21575970947742462,0.024462390691041946,0.20002460479736328,84351.6953125,0.014461159706115723,0.014461159706115723,0.25913721323013306,0.023351561278104782,0.01486565638333559,0.16971807181835175,71571.234375,0.26849669218063354,0.0004556105614328519
657,0.017525085248053074,0.0102978041395545,0.14454561471939087,60955.83984375,0.21581534296274185,0.024417046457529068,0.1998617947101593,84283.0390625,0.014423956163227558,0.014423956163227558,0.2581368386745453,0.023169878870248795,0.014729861170053482,0.16880033910274506,71184.21875,0.26714178919792175,0.00045438059389895887
658,0.017517375759780407,0.010288105811923742,0.14458540081977844,60972.6171875,0.21567997336387634,0.024493906646966934,0.2003289759159088,84480.0625,0.014477458782494068,0.014477458782494068,0.2589449882507324,0.023341763764619827,0.014869053848087788,0.1694541722536087,71459.9375,0.2687504291534424,0.00045315111038256816
659,0.017488532699644566,0.010274102911353111,0.1442885845899582,60847.451171875,0.21556422114372253,0.024430198594927788,0.19975905120372772,84239.703125,0.014442245475947857,0.014442245475947857,0.2590380012989044,0.023506734520196915,0.01501341350376606,0.1698664426803589,71633.7890625,0.26954296231269836,0.0004519221193104221
660,0.01750218216329813,0.010291762184351683,0.1442083939909935,60813.62890625,0.215915247797966,0.02433650568127632,0.19930590689182281,84048.609375,0.014371209777891636,0.014371209777891636,0.25789177417755127,0.023275408893823624,0.014823955483734608,0.1690290868282318,71280.6796875,0.26772165298461914,0.0004506936291058878
661,0.017442726530134678,0.01024867920204997,0.1438809484243393,60675.544921875,0.21552006155252457,0.024466808885335922,0.20026704668998718,84453.9296875,0.014453457668423653,0.014453457668423653,0.25863921642303467,0.023249246180057526,0.014799121767282486,0.1690024584531784,71269.453125,0.26767951250076294,0.00044946564818889933
662,0.01743356231600046,0.01023367140442133,0.14399782568216324,60724.837890625,0.2151392474770546,0.024467995390295982,0.20004120469093323,84358.6953125,0.014465934596955776,0.014465934596955776,0.25857144594192505,0.023225832730531693,0.014784608036279678,0.1688244789838791,71194.390625,0.267486572265625,0.00044823818497590086
663,0.017421815544366837,0.010224801022559404,0.143940269947052,60700.556640625,0.21501071751117706,0.02440526708960533,0.19922855496406555,84015.9921875,0.01444383803755045,0.01444383803755045,0.2587611675262451,0.023249424993991852,0.014832238666713238,0.1683437079191208,70991.65625,0.26813626289367676,0.0004470112478797875
664,0.01741416845470667,0.010221973527222872,0.1438438817858696,60659.9140625,0.21503225713968277,0.024318400770425797,0.19956143200397491,84156.375,0.01434032991528511,0.01434032991528511,0.2577372193336487,0.023225149139761925,0.014784672297537327,0.16880953311920166,71188.09375,0.26747167110443115,0.0004457848453098487
665,0.017433364409953356,0.010239075869321823,0.1438857614994049,60677.578125,0.21530766785144806,0.024314017966389656,0.1992253214120865,84014.6328125,0.014352751895785332,0.014352751895785332,0.2578796148300171,0.023181207478046417,0.014768891967833042,0.1682462841272354,70950.5625,0.2676733434200287,0.0004445589856717107
666,0.017424014396965504,0.010226838290691376,0.14394351094961166,60701.93359375,0.2150101214647293,0.024591008201241493,0.20040176808834076,84510.7421875,0.014570919796824455,0.014570919796824455,0.26016655564308167,0.023511506617069244,0.015058325603604317,0.16906361281871796,71295.2421875,0.269929975271225,0.0004433336773672779
667,0.017481754533946514,0.010281572118401527,0.14400365203619003,60727.287109375,0.2160235121846199,0.024497078731656075,0.20003195106983185,84354.796875,0.014495480805635452,0.014495480805635452,0.25898391008377075,0.02325812540948391,0.014791388995945454,0.16933472454547882,71409.5625,0.2680057883262634,0.00044210892879467634
668,0.017471110448241234,0.010291291866451502,0.1435963660478592,60555.53515625,0.21616259962320328,0.02431589365005493,0.19890852272510529,83881.03125,0.014370468445122242,0.014370468445122242,0.2577992081642151,0.02320811338722706,0.01479820441454649,0.16819816827774048,70930.2734375,0.26753485202789307,0.00044088474834819537
669,0.01743874605745077,0.010257086716592312,0.1436331868171692,60571.05859375,0.21544989943504333,0.02444557473063469,0.19916576147079468,83989.515625,0.01448728609830141,0.01448728609830141,0.2597392499446869,0.02336989715695381,0.01499431673437357,0.16751158237457275,70640.734375,0.26896363496780396,0.0004396611444182309
670,0.01743329968303442,0.010255038272589445,0.14356522262096405,60542.400390625,0.21561580151319504,0.024515651166439056,0.20019593834877014,84423.9609375,0.014505854807794094,0.014505854807794094,0.2588496208190918,0.023225776851177216,0.014765257947146893,0.16921038925647736,71357.140625,0.26815569400787354,0.0004384381253912274
671,0.01744607463479042,0.010257890913635492,0.1437636837363243,60626.091796875,0.21566467732191086,0.024374566972255707,0.19932852685451508,84058.1484375,0.014408141374588013,0.014408141374588013,0.2581722140312195,0.023226216435432434,0.014819777570664883,0.16812875866889954,70901.0078125,0.2677273154258728,0.00043721569964962016
672,0.01744268089532852,0.010249774437397718,0.1438581347465515,60665.919921875,0.21540561318397522,0.024370133876800537,0.19898425042629242,83912.96875,0.014420920051634312,0.014420920051634312,0.2587836980819702,0.023287873715162277,0.014901995658874512,0.16771753132343292,70727.59375,0.2683979868888855,0.0004359938755717782
673,0.01736454665660858,0.010197279043495655,0.14334534108638763,60449.67578125,0.21497230231761932,0.024418391287326813,0.1994221955537796,84097.65625,0.014447282068431377,0.014447282068431377,0.2584035396575928,0.02316337078809738,0.014745252206921577,0.16836236417293549,70999.5234375,0.2679221034049988,0.00043477266153194727
674,0.01737886667251587,0.01021273247897625,0.1433226838707924,60440.12890625,0.21502980589866638,0.024321965873241425,0.19849655032157898,83707.3046875,0.01439713779836893,0.01439713779836893,0.25885260105133057,0.02321179024875164,0.014865238219499588,0.16693103313446045,70395.9140625,0.26777780055999756,0.0004335520659001914
675,0.01743167918175459,0.010263563133776188,0.14336232841014862,60456.837890625,0.21583802998065948,0.024290714412927628,0.1991037130355835,83963.3515625,0.014335528016090393,0.014335528016090393,0.2573796212673187,0.022984907031059265,0.014603350311517715,0.1676311045885086,70691.1484375,0.26593509316444397,0.0004323320970423364
676,0.017349368892610073,0.010186692234128714,0.14325352758169174,60410.955078125,0.21495268493890762,0.02439369261264801,0.19944459199905396,84107.1015625,0.014421463012695312,0.014421463012695312,0.2580951452255249,0.023123353719711304,0.014671615324914455,0.16903474926948547,71283.0703125,0.2672184407711029,0.0004311127633199125
677,0.017333908937871456,0.010153105948120356,0.14361605793237686,60563.837890625,0.2144046351313591,0.024328820407390594,0.198826402425766,83846.40625,0.014387501403689384,0.014387501403689384,0.258254736661911,0.02311878651380539,0.014739775098860264,0.1675802320241928,70669.6953125,0.2669243812561035,0.0004298940730900963
678,0.017286754213273525,0.010126424953341484,0.14320659637451172,60391.1640625,0.21413752436637878,0.0243598110973835,0.19938485324382782,84081.90625,0.014390568248927593,0.014390568248927593,0.2578427195549011,0.023125190287828445,0.014707205817103386,0.1683596670627594,70998.375,0.2677115201950073,0.00042867603470565405
679,0.017369629815220833,0.010212692897766829,0.14313872903585434,60362.54296875,0.2151537537574768,0.024246998131275177,0.1988437920808792,83853.734375,0.014304808340966702,0.014304808340966702,0.25741642713546753,0.023120060563087463,0.014714686200022697,0.16810746490955353,70892.03125,0.2667863965034485,0.00042745865651488453
680,0.017270341515541077,0.010112089104950428,0.14316505938768387,60373.650390625,0.21402080357074738,0.024217788130044937,0.19815723598003387,83564.21875,0.014309925958514214,0.014309925958514214,0.2572476863861084,0.023008305579423904,0.014649753458797932,0.16717106103897095,70497.140625,0.26606249809265137,0.0004262419468615617
681,0.01726454682648182,0.010110054165124893,0.14308984577655792,60341.93359375,0.2140253484249115,0.024309922009706497,0.19910115003585815,83962.265625,0.014354865066707134,0.014354865066707134,0.25736287236213684,0.022998975589871407,0.01461440697312355,0.16769136488437653,70716.546875,0.26607948541641235,0.00042502591408487733
682,0.017293090000748634,0.010129724629223347,0.14326729625463486,60416.771484375,0.2140638530254364,0.024269206449389458,0.19858305156230927,83743.7734375,0.01434005331248045,0.01434005331248045,0.257798433303833,0.02301916852593422,0.014669072814285755,0.16700191795825958,70425.8046875,0.2660478949546814,0.0004238105665193837
683,0.017274911515414715,0.010133690666407347,0.1428244188427925,60230.0,0.2142644077539444,0.024265384301543236,0.19883383810520172,83849.5390625,0.014323691837489605,0.014323691837489605,0.257210910320282,0.02298370935022831,0.014624721370637417,0.16717976331710815,70500.8125,0.26600974798202515,0.00042259591249493687
684,0.017248657532036304,0.010104722809046507,0.1428786888718605,60252.8828125,0.21398137509822845,0.024231597781181335,0.19865205883979797,83772.8828125,0.014298995025455952,0.014298995025455952,0.25712519884109497,0.02307805046439171,0.014708009548485279,0.16740083694458008,70594.03125,0.26685839891433716,0.00042138196033663977
685,0.017224992625415325,0.010076042264699936,0.14297901093959808,60295.193359375,0.21354961395263672,0.024261198937892914,0.19864137470722198,83768.390625,0.01432913076132536,0.01432913076132536,0.25795578956604004,0.023099329322576523,0.014712393283843994,0.16773869097232819,70736.515625,0.2669197916984558,0.00042016871836478455
686,0.017248076386749744,0.01009425614029169,0.14307639747858047,60336.26171875,0.2138643115758896,0.024253912270069122,0.19864590466022491,83770.296875,0.014321616850793362,0.014321616850793362,0.2572742700576782,0.022965170443058014,0.014604076743125916,0.16722187399864197,70518.5625,0.2656840682029724,0.00041895619489479557
687,0.01720801740884781,0.010062637273222208,0.14290760457515717,60265.083984375,0.21344846487045288,0.024243369698524475,0.19882415235042572,83845.4609375,0.014302161522209644,0.014302161522209644,0.2573292851448059,0.022870007902383804,0.014540200121700764,0.16659614443778992,70254.6875,0.2652159333229065,0.00041774439823717333
688,0.01719823759049177,0.010049740318208933,0.14296995848417282,60291.37109375,0.21338995546102524,0.024233615025877953,0.19911517202854156,83968.1796875,0.01427785586565733,0.01427785586565733,0.2566851079463959,0.022903207689523697,0.014540818519890308,0.16724775731563568,70529.4765625,0.2654334306716919,0.0004165333366974361
689,0.017194335348904133,0.010049337521195412,0.14289995282888412,60261.84375,0.21330510824918747,0.024219978600740433,0.1981481909751892,83560.3984375,0.014312569983303547,0.014312569983303547,0.2578275799751282,0.023084551095962524,0.01472496148198843,0.1671917736530304,70505.875,0.2668513059616089,0.0004153230185760642
690,0.01720800343900919,0.010077388491481543,0.1426123008131981,60140.55078125,0.21375107765197754,0.02423286810517311,0.19866366684436798,83777.765625,0.014299684204161167,0.014299684204161167,0.25682294368743896,0.022906946018338203,0.014540763571858406,0.16732364892959595,70561.4921875,0.2650923728942871,0.0004141134521684424
691,0.017193568870425224,0.01004442386329174,0.14298290014266968,60296.8359375,0.2132202684879303,0.02428191900253296,0.1989077478647232,83880.7109375,0.014336531050503254,0.014336531050503254,0.2573821544647217,0.023030269891023636,0.01467247772961855,0.16715583205223083,70490.71875,0.2663496434688568,0.00041290464576480373
692,0.017158749513328075,0.010019087232649326,0.14279323816299438,60216.849609375,0.21296284347772598,0.02424667403101921,0.1989791989326477,83910.8359375,0.01429771352559328,0.01429771352559328,0.2573149800300598,0.023045353591442108,0.014671063981950283,0.1674857884645462,70629.8515625,0.26607638597488403,0.00041169660765017174
693,0.01714645978063345,0.010015395004302263,0.14262129366397858,60144.33984375,0.21316856890916824,0.024240653961896896,0.19874656200408936,83812.734375,0.014303324744105339,0.014303324744105339,0.2571517825126648,0.02293906919658184,0.014572441577911377,0.16733254492282867,70565.234375,0.26614704728126526,0.0004104893461043044
694,0.017134955152869225,0.010003519244492054,0.1426287144422531,60147.47265625,0.21293973922729492,0.024228647351264954,0.19864016771316528,83767.8671875,0.0142966378480196,0.0142966378480196,0.2568405866622925,0.022864121943712234,0.014519346877932549,0.16689550876617432,70380.9453125,0.26491373777389526,0.0004092828694016369
695,0.01713081356137991,0.010003232397139072,0.14255161583423615,60114.9609375,0.2129286378622055,0.024211473762989044,0.1984805017709732,83700.53125,0.014287448488175869,0.014287448488175869,0.2568137049674988,0.022791512310504913,0.014454101212322712,0.16674819588661194,70318.8203125,0.2642728388309479,0.0004080771858112259
696,0.017154515720903873,0.01002876739948988,0.14251495897769928,60099.501953125,0.21344565600156784,0.024196583777666092,0.19834937155246735,83645.234375,0.014279115945100784,0.014279115945100784,0.256806880235672,0.02295529656112194,0.014595664106309414,0.16719263792037964,70506.2421875,0.2657117545604706,0.0004068723035966917
697,0.01714286394417286,0.010018878616392612,0.14247969537973404,60084.62890625,0.21303577721118927,0.024260718375444412,0.19860628247261047,83753.5859375,0.014330403879284859,0.014330403879284859,0.25785207748413086,0.023102054372429848,0.01476252544671297,0.16679057478904724,70336.6953125,0.26672154664993286,0.00040566823101616164
698,0.017124874517321587,0.010009434539824724,0.1423088014125824,60012.56640625,0.21311359852552414,0.024335987865924835,0.1990661472082138,83947.5078125,0.014382679015398026,0.014382679015398026,0.2576652765274048,0.023006726056337357,0.014613558538258076,0.16786332428455353,70789.0703125,0.2663708031177521,0.00040446497632221496
699,0.01718480885028839,0.010051339864730835,0.14266939461231232,60164.623046875,0.21364085376262665,0.024195652455091476,0.1984167993068695,83673.6796875,0.014274812303483486,0.014274812303483486,0.2570085823535919,0.02287367172539234,0.014545370824635029,0.16656601428985596,70241.984375,0.26490455865859985,0.00040326254776182433
700,0.017085718922317028,0.00996198644861579,0.14247465133666992,60082.501953125,0.21237744390964508,0.024236520752310753,0.19878633320331573,83829.515625,0.014297204092144966,0.014297204092144966,0.25693491101264954,0.022832099348306656,0.014491217210888863,0.16681765019893646,70348.1015625,0.26498377323150635,0.00040206095357630037
701,0.017082195729017258,0.009963246062397957,0.14237899333238602,60042.1640625,0.2124786525964737,0.024225560948252678,0.19857721030712128,83741.3203125,0.0142967002466321,0.0142967002466321,0.2569531798362732,0.022830244153738022,0.01448015682399273,0.16700173914432526,70425.734375,0.264657199382782,0.0004008602020012351
702,0.017055225558578968,0.009940139017999172,0.14230171591043472,60009.57421875,0.21238114684820175,0.024179594591259956,0.19837260246276855,83655.03125,0.014260964468121529,0.014260964468121529,0.2567235231399536,0.022814657539129257,0.014489826746284962,0.1664966344833374,70212.734375,0.2643115222454071,0.0003996603012664456
703,0.017050878144800663,0.00994867505505681,0.1420440599322319,59900.919921875,0.2124604880809784,0.024205848574638367,0.1984846293926239,83702.28125,0.014281617477536201,0.014281617477536201,0.2566419243812561,0.022832324728369713,0.01451940182596445,0.16625845432281494,70112.2890625,0.26530155539512634,0.000398461259595917
704,0.01705669891089201,0.009943932294845581,0.14225533604621887,59990.017578125,0.21222972869873047,0.02421419322490692,0.1984615921974182,83692.5703125,0.014291114173829556,0.014291114173829556,0.2570173442363739,0.022845333442091942,0.014555162750184536,0.16580341756343842,69920.3984375,0.26483482122421265,0.00039726308520774664
705,0.017048459500074387,0.009944634046405554,0.1420764997601509,59914.6015625,0.21248184144496918,0.024203386157751083,0.19864051043987274,83768.0078125,0.014271361753344536,0.014271361753344536,0.2565283179283142,0.022792257368564606,0.014440624043345451,0.16703267395496368,70438.78125,0.2646237015724182,0.00039606578631408743
706,0.017034105956554413,0.009931095875799656,0.14206020534038544,59907.720703125,0.2122032791376114,0.024099130183458328,0.19798989593982697,83493.640625,0.014199634082615376,0.014199634082615376,0.25621873140335083,0.02281610295176506,0.014489163644611835,0.1665387600660324,70230.4921875,0.264464795589447,0.00039486937112109225
707,0.017030484974384308,0.009930300060659647,0.14200370758771896,59883.904296875,0.21213001757860184,0.024103742092847824,0.19796644151210785,83483.765625,0.014205419458448887,0.014205419458448887,0.2561209201812744,0.022714542225003242,0.01439714152365923,0.16634801030158997,70150.0546875,0.26347702741622925,0.00039367384782885685
708,0.017002218402922153,0.009912126697599888,0.1418018490076065,59798.779296875,0.21199457347393036,0.02420860528945923,0.19840413331985474,83668.3359375,0.014288397505879402,0.014288397505879402,0.25678110122680664,0.022815879434347153,0.014473416842520237,0.16684922575950623,70361.4140625,0.2648073732852936,0.0003924792246313637
709,0.017006860114634037,0.009912221692502499,0.14189276099205017,59837.115234375,0.21203317493200302,0.024152111262083054,0.19836612045764923,83652.3125,0.014233806170523167,0.014233806170523167,0.25640130043029785,0.02281768061220646,0.014485723339021206,0.16663913428783417,70272.8203125,0.2644181251525879,0.00039128550971642684
710,0.016980632208287716,0.009880571626126766,0.1420012041926384,59882.83984375,0.2116815149784088,0.024125922471284866,0.1982942670583725,83622.0078125,0.014211209490895271,0.014211209490895271,0.25611886382102966,0.022713907063007355,0.01439937949180603,0.1662905365228653,70125.8125,0.26379019021987915,0.0003900927112656345
711,0.016989659518003464,0.009895178023725748,0.14188962429761887,59835.79296875,0.2119334414601326,0.024135934188961983,0.19816596806049347,83567.8984375,0.014227635227143764,0.014227635227143764,0.25633302330970764,0.02274981141090393,0.014424892142415047,0.16649839282035828,70213.4765625,0.26401376724243164,0.0003889008374542935
712,0.016952333971858025,0.009865602478384972,0.14173463732004166,59770.431640625,0.21156088262796402,0.02416997030377388,0.1984730213880539,83697.3828125,0.014246318489313126,0.014246318489313126,0.2561498284339905,0.022640056908130646,0.01433113869279623,0.166178360581398,70078.5,0.2629947066307068,0.00038770989645137355
713,0.016945774666965008,0.009861439932137728,0.14168667793273926,59750.2109375,0.21145081520080566,0.02420077659189701,0.1984202116727829,83675.109375,0.014279766008257866,0.014279766008257866,0.2566615045070648,0.022639304399490356,0.014344660565257072,0.1658928543329239,69958.109375,0.26332971453666687,0.0003865198964194513
714,0.016953584738075733,0.009864657185971737,0.14177855104207993,59788.955078125,0.21155738085508347,0.024156365543603897,0.19796980917453766,83485.171875,0.014257875271141529,0.014257875271141529,0.25684380531311035,0.02277878113090992,0.014473210088908672,0.16611142456531525,70050.28125,0.2643820345401764,0.0003853308455146533
715,0.016957174986600876,0.009873485658317804,0.14167379587888718,59744.779296875,0.2117164134979248,0.02410854399204254,0.19775976240634918,83396.6015625,0.014220555312931538,0.014220555312931538,0.2561011016368866,0.022681403905153275,0.014378850348293781,0.16605108976364136,70024.8359375,0.2638724446296692,0.0003841427518866014
716,0.016962317749857903,0.009870585985481739,0.14183464646339417,59812.60546875,0.21155192703008652,0.024274352937936783,0.19838157296180725,83658.8203125,0.01435527391731739,0.01435527391731739,0.257887601852417,0.02288641408085823,0.01457353588193655,0.1662575751543045,70111.9140625,0.2656018137931824,0.00038295562367835655
717,0.016984649002552032,0.009900662116706371,0.14167973399162292,59747.27734375,0.21207218617200851,0.02423670142889023,0.19841505587100983,83672.9375,0.014315949752926826,0.014315949752926826,0.2568212151527405,0.02253655716776848,0.014251557178795338,0.1657000035047531,69876.7890625,0.26288217306137085,0.00038176946902636225
718,0.016986380331218243,0.009901998098939657,0.14168764650821686,59750.6171875,0.2118045687675476,0.02410002425312996,0.19762124121189117,83338.1796875,0.014218960888683796,0.014218960888683796,0.2559593915939331,0.022564232349395752,0.014292122796177864,0.16544218361377716,69768.0625,0.26261407136917114,0.00038058429606038985
719,0.01693055685609579,0.009859187062829733,0.1414273902773857,59640.865234375,0.21138202399015427,0.02404734119772911,0.19732441008090973,83212.9921875,0.014181120321154594,0.014181120321154594,0.25613337755203247,0.022603344172239304,0.014327926561236382,0.16550835967063904,69795.953125,0.2627692222595215,0.000379400112903482
720,0.016949991695582867,0.009882797952741385,0.1413438692688942,59605.64453125,0.21197323501110077,0.024101298302412033,0.19792863726615906,83467.8125,0.014204866252839565,0.014204866252839565,0.25597265362739563,0.022699665278196335,0.014394668862223625,0.1660999208688736,70045.4375,0.26404869556427,0.0003782169276718977
721,0.01694446336477995,0.009865566622465849,0.14157792925834656,59704.353515625,0.21165712177753448,0.024150321260094643,0.19778555631637573,83407.4765625,0.014261043630540371,0.014261043630540371,0.2570146918296814,0.022819848731160164,0.014529211446642876,0.16581274569034576,69924.3359375,0.26465851068496704,0.00037703474847505596
722,0.016933657228946686,0.009859576355665922,0.14148162305355072,59663.740234375,0.21168255805969238,0.024173347279429436,0.19859421253204346,83748.484375,0.014243636280298233,0.014243636280298233,0.25618135929107666,0.02265990898013115,0.014306697994470596,0.16706421971321106,70452.0859375,0.2633099853992462,0.0003758535834154804
723,0.016902304254472256,0.009823087602853775,0.14158432930707932,59707.04296875,0.2112262099981308,0.02414068579673767,0.19834256172180176,83642.3671875,0.014223558828234673,0.014223558828234673,0.2560058832168579,0.02261512354016304,0.014309050515294075,0.1661214530467987,70054.515625,0.263309121131897,0.00037467344058874426
724,0.016905156895518303,0.009830760303884745,0.1414879411458969,59666.39453125,0.21119841933250427,0.02407778427004814,0.19779300689697266,83410.625,0.014188134111464024,0.014188134111464024,0.2562446594238281,0.022606898099184036,0.014345255680382252,0.16523286700248718,69679.796875,0.2631288766860962,0.0003734943280834145
725,0.016898556612432003,0.009836532175540924,0.14124049246311188,59562.044921875,0.21151508390903473,0.024104855954647064,0.19757042825222015,83316.7421875,0.014226334169507027,0.014226334169507027,0.2559661269187927,0.022562451660633087,0.01427812036126852,0.16568663716316223,69871.140625,0.263131320476532,0.00037231625398099604
726,0.016884513199329376,0.009822123683989048,0.14124780148267746,59565.125,0.21121904253959656,0.024166706949472427,0.19741301238536835,83250.375,0.01429605484008789,0.01429605484008789,0.2573302686214447,0.02268696203827858,0.014422623440623283,0.16528677940368652,69702.53125,0.26369917392730713,0.00037113922635587674
727,0.016894027590751648,0.00984082743525505,0.14106400310993195,59487.619140625,0.2114790678024292,0.024187002331018448,0.19827225804328918,83612.71875,0.014273388311266899,0.014273388311266899,0.25602298974990845,0.022517889738082886,0.014204604551196098,0.16626572608947754,70115.34375,0.2623971402645111,0.00036996325327527245
728,0.016898128669708967,0.009829855524003506,0.14136546850204468,59614.744140625,0.21114617586135864,0.024052759632468224,0.19707226753234863,83106.6796875,0.014199146069586277,0.014199146069586277,0.2563789188861847,0.022539231926202774,0.01430363766849041,0.16471190750598907,69460.1015625,0.2629622220993042,0.0003687883427991707
729,0.0168785247951746,0.009822493884712458,0.14112062007188797,59511.498046875,0.2111503705382347,0.024062277749180794,0.19784195721149445,83431.2578125,0.014170180074870586,0.014170180074870586,0.2556876838207245,0.02256889082491398,0.014272832311689854,0.1659211665391922,69970.046875,0.2628285884857178,0.0003676145029802766
730,0.016838887706398964,0.009784204885363579,0.1410936415195465,59500.12109375,0.21082130074501038,0.024102766066789627,0.19796188175678253,83481.8359375,0.014204670675098896,0.014204670675098896,0.2562437653541565,0.022575056180357933,0.0142874950543046,0.16575121879577637,69898.3828125,0.2630411386489868,0.0003664417418639565
731,0.01683349907398224,0.009772056248039007,0.14122885465621948,59557.140625,0.21052361279726028,0.02411533147096634,0.1976291984319687,83341.53125,0.014233870431780815,0.014233870431780815,0.25635451078414917,0.02264857292175293,0.014362637884914875,0.1657186895608902,69884.671875,0.2638033628463745,0.00036527006748818426
732,0.016810624860227108,0.009759284555912018,0.1410268172621727,59471.9453125,0.21057167649269104,0.024136945605278015,0.1980459839105606,83517.3046875,0.014234645292162895,0.014234645292162895,0.2561802864074707,0.022596340626478195,0.01428327988833189,0.1662612110376358,70113.453125,0.262816846370697,0.0003640994878834844
733,0.01680911425501108,0.009747693315148354,0.14122842252254486,59556.962890625,0.21034903824329376,0.02404124289751053,0.19771724939346313,83378.671875,0.014155381359159946,0.014155381359159946,0.25553005933761597,0.02251596376299858,0.014248758554458618,0.16534407436847687,69726.6875,0.262076735496521,0.00036293001107287875
734,0.01679166965186596,0.00975003931671381,0.14083260297775269,59390.041015625,0.21055971086025238,0.02401784621179104,0.19767865538597107,83362.3984375,0.014133913442492485,0.014133913442492485,0.2553052306175232,0.022461246699094772,0.014187109656631947,0.16548274457454681,69785.1640625,0.2620963752269745,0.0003617616450718302
735,0.016792415641248226,0.009745162446051836,0.14094505459070206,59437.458984375,0.21038612723350525,0.024054870009422302,0.19771425426006317,83377.3984375,0.014169158414006233,0.014169158414006233,0.25588640570640564,0.022462625056505203,0.01420681644231081,0.16511616110801697,69630.578125,0.26159846782684326,0.0003605943978881887
736,0.016794873401522636,0.009744206443428993,0.14101334661245346,59466.263671875,0.2104014903306961,0.024090711027383804,0.19780737161636353,83416.6796875,0.014200342819094658,0.014200342819094658,0.2557121515274048,0.02251412346959114,0.014216441661119461,0.1659536212682724,69983.7421875,0.262635201215744,0.0003594282775221357
737,0.01678536646068096,0.009736219886690378,0.14098293334245682,59453.427734375,0.21021702140569687,0.024021700024604797,0.19696922600269318,83063.21875,0.014173237606883049,0.014173237606883049,0.25601378083229065,0.022568760439753532,0.014332571066915989,0.16472378373146057,69465.1171875,0.26287782192230225,0.00035826329196612944
738,0.016775792464613914,0.009732050821185112,0.14087482541799545,59407.841796875,0.2102397158741951,0.024074511602520943,0.19763632118701935,83344.546875,0.01419269572943449,0.01419269572943449,0.2560156583786011,0.02258404716849327,0.014281176961958408,0.16605737805366516,70027.484375,0.26303261518478394,0.0003570994492048507
739,0.016749776899814606,0.009714608546346426,0.14070336520671844,59335.53515625,0.21004937589168549,0.024070296436548233,0.19760054349899292,83329.453125,0.014190269634127617,0.014190269634127617,0.25585824251174927,0.022565050050616264,0.014283746480941772,0.16562606394290924,69845.6015625,0.26267367601394653,0.00035593675721514747
740,0.016765234991908073,0.009731186553835869,0.1406809613108635,59326.09765625,0.21027444303035736,0.02397453784942627,0.19718873500823975,83155.7890625,0.014115099795162678,0.014115099795162678,0.25520262122154236,0.022454293444752693,0.014201155863702297,0.16506275534629822,69608.0625,0.2617831826210022,0.00035477522396598035
741,0.016742081381380558,0.009716637898236513,0.14050887525081635,59253.51953125,0.21013885736465454,0.02396024577319622,0.19724076986312866,83177.734375,0.014098207466304302,0.014098207466304302,0.2550215423107147,0.022446904331445694,0.014190925285220146,0.16511957347393036,69632.015625,0.2618170976638794,0.000353614857418368
742,0.016724178567528725,0.009697423316538334,0.1405351161956787,59264.578125,0.20980391651391983,0.0239734910428524,0.19722452759742737,83170.890625,0.014112263917922974,0.014112263917922974,0.25476208329200745,0.022352013736963272,0.014100316911935806,0.1650339514017105,69595.90625,0.26096397638320923,0.0003524556655253332
743,0.016747516114264727,0.009722483810037374,0.14050063490867615,59250.044921875,0.2102835327386856,0.024010740220546722,0.19705526530742645,83099.5078125,0.014157977886497974,0.014157977886497974,0.255542516708374,0.022424016147851944,0.014164282009005547,0.16519469022750854,69663.6953125,0.2618964910507202,0.00035129765623184706
744,0.01674186810851097,0.009708532597869635,0.14066670835018158,59320.078125,0.2098580077290535,0.02400362491607666,0.1968747079372406,83023.3671875,0.01415988989174366,0.01415988989174366,0.25566408038139343,0.022500431165099144,0.01425336766988039,0.16494126617908478,69556.8046875,0.26257264614105225,0.000350140837474776
745,0.016729617025703192,0.00970491673797369,0.14049400389194489,59247.2421875,0.20993612706661224,0.02401161566376686,0.19735419750213623,83225.5703125,0.014143905602395535,0.014143905602395535,0.2554130554199219,0.022439688444137573,0.014168390072882175,0.16542597115039825,69761.2265625,0.26215243339538574,0.00034898521718282566
746,0.016711361706256866,0.009682837873697281,0.1405704766511917,59279.49609375,0.209636852145195,0.023967135697603226,0.19694358110427856,83052.40625,0.014119956642389297,0.014119956642389297,0.25537723302841187,0.022517163306474686,0.01428210735321045,0.16470113396644592,69455.5546875,0.2622261643409729,0.0003478308032764887
747,0.01671608304604888,0.009689335245639086,0.14053495973348618,59264.525390625,0.2098415493965149,0.024049824103713036,0.19749440252780914,83284.6953125,0.014175103977322578,0.014175103977322578,0.2556890547275543,0.02254575863480568,0.014247402548789978,0.16596710681915283,69989.421875,0.26276928186416626,0.0003466776036679885
748,0.016702575609087944,0.009677347727119923,0.14050456136465073,59251.703125,0.20974644273519516,0.02404804155230522,0.19728457927703857,83196.21875,0.014183812774717808,0.014183812774717808,0.2560300827026367,0.02263113297522068,0.014359910972416401,0.1654244363307953,69760.5703125,0.26295095682144165,0.000345525626261226
749,0.01669971738010645,0.009681640658527613,0.14036154747009277,59191.388671875,0.20988458395004272,0.024006500840187073,0.1971290111541748,83130.59375,0.014150051400065422,0.014150051400065422,0.25533103942871094,0.02242095395922661,0.014147323556244373,0.1654726266860962,69780.90625,0.2618563175201416,0.0003443748789517256
750,0.016675873659551144,0.009658729191869497,0.14034289866685867,59183.529296875,0.20945186167955399,0.024074263870716095,0.19697155058383942,83064.2109375,0.01422568503767252,0.01422568503767252,0.256656289100647,0.022513212636113167,0.014284408651292324,0.16457606852054596,69402.8125,0.26279565691947937,0.00034322536962658033
751,0.016716628335416317,0.009695716202259064,0.14041823893785477,59215.294921875,0.20992819964885712,0.024041656404733658,0.1972581446170807,83185.0546875,0.014178750105202198,0.014178750105202198,0.2554887533187866,0.02227829024195671,0.014027928002178669,0.16500723361968994,69584.640625,0.26116853952407837,0.0003420771061643985
752,0.016696887090802193,0.009681025054305792,0.14031723886728287,59172.705078125,0.2096686288714409,0.023950528353452682,0.19644375145435333,82841.6328125,0.014128340408205986,0.014128340408205986,0.25583693385124207,0.022405214607715607,0.014188038185238838,0.16434350609779358,69304.7421875,0.26182639598846436,0.0003409300964352491
753,0.016687425784766674,0.009678645990788937,0.14017559587955475,59112.9765625,0.20969077199697495,0.023990467190742493,0.19746574759483337,83272.609375,0.01411717850714922,0.01411717850714922,0.2549320459365845,0.0223664753139019,0.014081445522606373,0.16570056974887848,69877.0234375,0.26103320717811584,0.00033978434830060866
754,0.01666064653545618,0.00964770233258605,0.14025887846946716,59148.09765625,0.2094363123178482,0.023919250816106796,0.19696958363056183,83063.3671875,0.01407077256590128,0.01407077256590128,0.255124568939209,0.022431550547480583,0.014168349094688892,0.16526402533054352,69692.9375,0.26136720180511475,0.00033863986961330634
755,0.016626221127808094,0.009619195479899645,0.14014052599668503,59098.1875,0.20898762345314026,0.023921623826026917,0.1968563199043274,83015.609375,0.014078808948397636,0.014078808948397636,0.25473424792289734,0.022293593734502792,0.014069247990846634,0.16448691487312317,69365.21875,0.26082462072372437,0.0003374966682174711
756,0.01664053648710251,0.009633289184421301,0.140144944190979,59100.052734375,0.20925787836313248,0.023911289870738983,0.19652961194515228,82877.8359375,0.014084809459745884,0.014084809459745884,0.25492262840270996,0.022335156798362732,0.014120836742222309,0.16428641974925995,69280.6640625,0.2608470022678375,0.00033635475194847714
757,0.016648110933601856,0.009643903002142906,0.1400841623544693,59074.416015625,0.2093379646539688,0.023937974125146866,0.19663988053798676,82924.3359375,0.014105979353189468,0.014105979353189468,0.2552402913570404,0.022371644154191017,0.014125244691967964,0.16492798924446106,69551.21875,0.26115942001342773,0.00033521412863289103
758,0.016644769348204136,0.009639989584684372,0.14009558409452438,59079.236328125,0.20930195599794388,0.023880448192358017,0.19668513536453247,82943.421875,0.014046192169189453,0.014046192169189453,0.25424128770828247,0.022298000752925873,0.014038396067917347,0.165192112326622,69662.609375,0.2604371905326843,0.000334074806088417
759,0.016624645330011845,0.009615218732506037,0.14018851518630981,59118.423828125,0.2089434713125229,0.023819653317332268,0.19658225774765015,82900.0390625,0.01399054005742073,0.01399054005742073,0.25413578748703003,0.022354038432240486,0.014102371409535408,0.16503334045410156,69595.6484375,0.26095283031463623,0.0003329367921238441
760,0.016599230468273163,0.009603953920304775,0.13990554213523865,58999.0859375,0.2089076265692711,0.023856963962316513,0.19678810238838196,82986.8359375,0.0140175586566329,0.0140175586566329,0.25425851345062256,0.022286295890808105,0.014039558358490467,0.16493476927280426,69554.078125,0.26049739122390747,0.00033180009453899283
761,0.016593297012150288,0.009592629969120026,0.14001333713531494,59044.552734375,0.20862331986427307,0.023912057280540466,0.19708654284477234,83112.6953125,0.01405772939324379,0.01405772939324379,0.2544671893119812,0.022269215434789658,0.014024208299815655,0.16490013897418976,69539.4765625,0.2602890729904175,0.0003306647211246612
762,0.016609047539532185,0.00960575183853507,0.14006590098142624,59066.71484375,0.20884699374437332,0.02393774688243866,0.19682516157627106,83002.4765625,0.014096488244831562,0.014096488244831562,0.25495055317878723,0.02229873463511467,0.014057381078600883,0.16482707858085632,69508.6640625,0.2607974410057068,0.0003295306796625715
763,0.016571796499192715,0.009581100195646286,0.13981392234563828,58960.453125,0.20871670544147491,0.02386564016342163,0.19615907967090607,82721.5859375,0.014057685621082783,0.014057685621082783,0.25460678339004517,0.02230128087103367,0.014079815708100796,0.16442929208278656,69340.9140625,0.26082727313041687,0.00032839797792531654
764,0.01655473653227091,0.009566720109432936,0.1397603377699852,58937.8515625,0.2084793671965599,0.023896599188447,0.19656157493591309,82891.3125,0.01406852062791586,0.01406852062791586,0.25453054904937744,0.022353485226631165,0.0141093535348773,0.16488264501094818,69532.1015625,0.2611318826675415,0.0003272666236763076
765,0.016566005535423756,0.009572781156748533,0.139864481985569,58981.775390625,0.2086532786488533,0.023888573050498962,0.19665558636188507,82930.9609375,0.014055793173611164,0.014055793173611164,0.25482362508773804,0.022427469491958618,0.01415136456489563,0.16552208364009857,69801.765625,0.26176756620407104,0.0003261366246697199
766,0.01654854603111744,0.00956125883385539,0.13974574953317642,58931.70703125,0.208502858877182,0.023881834000349045,0.19690901041030884,83037.828125,0.014036384411156178,0.014036384411156178,0.254361093044281,0.022398032248020172,0.014127115719020367,0.16541831195354462,69757.9921875,0.261157751083374,0.00032500798865044015
767,0.01655112486332655,0.009556639939546585,0.139889694750309,58992.404296875,0.2083846628665924,0.023871928453445435,0.19676338136196136,82976.4140625,0.014033758081495762,0.014033758081495762,0.2541976273059845,0.02232016995549202,0.014069125056266785,0.1650209128856659,69590.40625,0.26085829734802246,0.00032388072335401294
768,0.016556598246097565,0.00956285698339343,0.13987482339143753,58986.140625,0.20835301280021667,0.023819338530302048,0.19652022421360016,82873.8828125,0.013993327505886555,0.013993327505886555,0.25397443771362305,0.022157369181513786,0.013942773453891277,0.16429191827774048,69282.984375,0.2593924403190613,0.00032275483650658863
769,0.016533140558749437,0.009547354653477669,0.13971572369337082,58919.044921875,0.20828543603420258,0.023785265162587166,0.19640588760375977,82825.65625,0.013964970596134663,0.013964970596134663,0.2536851465702057,0.022193700075149536,0.013970896601676941,0.16445603966712952,69352.203125,0.26007354259490967,0.0003216303358248698
770,0.01653114426881075,0.009554717224091291,0.1395285427570343,58840.107421875,0.2084263414144516,0.023783309385180473,0.19603830575942993,82670.65625,0.013981393538415432,0.013981393538415432,0.2541995942592621,0.02230267971754074,0.014080865308642387,0.16443631052970886,69343.875,0.26097947359085083,0.0003205072290160579
771,0.016523590311408043,0.009542517829686403,0.13962143659591675,58879.28125,0.2082504853606224,0.02382190339267254,0.1962599754333496,82764.1328125,0.014008904807269573,0.014008904807269573,0.2539970278739929,0.022259283810853958,0.014025330543518066,0.16467906534671783,69446.25,0.26013702154159546,0.00031938552377780156
772,0.016532845329493284,0.009547796566039324,0.1397009640932083,58912.81640625,0.20831382274627686,0.023823648691177368,0.19656512141227722,82892.8046875,0.013995392248034477,0.013995392248034477,0.25386038422584534,0.022263068705797195,0.01399607677012682,0.165339857339859,69724.90625,0.2601287066936493,0.0003182652277981427
773,0.01653695199638605,0.009548465721309185,0.13976972550153732,58941.810546875,0.20821358263492584,0.023829691112041473,0.19619223475456238,82735.5703125,0.01402007881551981,0.01402007881551981,0.2546802759170532,0.022357486188411713,0.014127925038337708,0.1645912081003189,69409.203125,0.26112842559814453,0.00031714634875546453
774,0.016512207686901093,0.009543689899146557,0.13937035202980042,58773.3984375,0.2083704099059105,0.02378377690911293,0.19611148536205292,82701.5,0.013978201895952225,0.013978201895952225,0.25395792722702026,0.02224302664399147,0.014023946598172188,0.16438157856464386,69320.8046875,0.2605423927307129,0.0003160288943184385
775,0.01650055404752493,0.009527392219752073,0.13946323841810226,58812.568359375,0.20806097239255905,0.023802287876605988,0.1959344744682312,82626.859375,0.014005565084517002,0.014005565084517002,0.2543291449546814,0.022320982068777084,0.014119431376457214,0.164030984044075,69172.9453125,0.2610539495944977,0.0003149128721459727
776,0.016498686745762825,0.009532806929200888,0.1393175944685936,58751.146484375,0.20828021317720413,0.02385210618376732,0.19650505483150482,82867.484375,0.014026852324604988,0.014026852324604988,0.254214882850647,0.022221047431230545,0.013979662209749222,0.16482768952846527,69508.921875,0.2602275609970093,0.0003137982898871578
777,0.01650135312229395,0.009529517032206059,0.1394367218017578,58801.37890625,0.20817598700523376,0.02383621595799923,0.1964692920446396,82852.3984375,0.014012751169502735,0.014012751169502735,0.2543216943740845,0.022248025983572006,0.014011499471962452,0.16473053395748138,69467.9609375,0.2600047290325165,0.00031268515518121574
778,0.016477642115205526,0.009507458191365004,0.13940367847681046,58787.451171875,0.2077995091676712,0.023772992193698883,0.19598247110843658,82647.1015625,0.013973868452012539,0.013973868452012539,0.2536211907863617,0.022117819637060165,0.013913956470787525,0.1640772521495819,69192.453125,0.2594594359397888,0.00031157347565744745
779,0.01647503860294819,0.009507044684141874,0.13935986906290054,58768.978515625,0.2077731266617775,0.023759637027978897,0.1960340142250061,82668.8359375,0.013957936316728592,0.013957936316728592,0.2539916932582855,0.022253170609474182,0.014036274515092373,0.1643379181623459,69302.3828125,0.2605186700820923,0.00031046325893517953
780,0.016457322984933853,0.00948821846395731,0.13938208669424057,58778.34765625,0.20772705972194672,0.023758593946695328,0.19634298980236053,82799.1328125,0.013941443525254726,0.013941443525254726,0.25348788499832153,0.022251054644584656,0.014006164856255054,0.16489776968955994,69538.484375,0.2602872848510742,0.0003093545126237135
781,0.016466821543872356,0.009499705862253904,0.1393423154950142,58761.576171875,0.20791056007146835,0.023732304573059082,0.19593657553195953,82627.7421875,0.013935474678874016,0.013935474678874016,0.2536417245864868,0.02226947620511055,0.014047713950276375,0.1644352674484253,69343.4375,0.2604389786720276,0.0003082472443222721
782,0.01645231433212757,0.009483362548053265,0.13937902450561523,58777.05859375,0.20763549953699112,0.023738933727145195,0.19602231681346893,82663.9140625,0.013937817886471748,0.013937817886471748,0.253295361995697,0.022164421156048775,0.013938779942691326,0.16451282799243927,69376.1484375,0.2593595087528229,0.0003071414616199486
783,0.016448096372187138,0.009483883157372475,0.13928426802158356,58737.09765625,0.20760296285152435,0.023759031668305397,0.19610419869422913,82698.4296875,0.01395382173359394,0.01395382173359394,0.25354480743408203,0.022129930555820465,0.013913394883275032,0.16433070600032806,69299.3515625,0.2590203285217285,0.0003060371720956537
784,0.016433765180408955,0.009470629040151834,0.13926271349191666,58728.00390625,0.20747920125722885,0.023690566420555115,0.19605019688606262,82675.671875,0.013888055458664894,0.013888055458664894,0.25278395414352417,0.02209506742656231,0.013896185904741287,0.16397762298583984,69150.4453125,0.25883281230926514,0.000304934383318064
785,0.016430131159722805,0.009473264217376709,0.13913732767105103,58675.126953125,0.20749282836914062,0.02366790547966957,0.19573287665843964,82541.84375,0.013881261460483074,0.013881261460483074,0.25305986404418945,0.02215736359357834,0.013966547325253487,0.16381631791591644,69082.4296875,0.25962358713150024,0.0003038331028455703
786,0.016433033160865307,0.0094752861186862,0.13915494084358215,58682.560546875,0.2076086848974228,0.023671764880418777,0.19566383957862854,82512.7265625,0.013888572342693806,0.013888572342693806,0.25330907106399536,0.022226812317967415,0.014011210761964321,0.16431201994419098,69291.4609375,0.2600758671760559,0.00030273333822622596
787,0.01641981303691864,0.009462535381317139,0.13914555311203003,58678.599609375,0.2074357271194458,0.023728687316179276,0.19601374864578247,82660.296875,0.013927999883890152,0.013927999883890152,0.253292053937912,0.022169457748532295,0.013946720398962498,0.16445474326610565,69351.6484375,0.2595771253108978,0.0003016350969976943
788,0.016415534541010857,0.00944990897551179,0.1393125057220459,58749.00390625,0.2071947157382965,0.023676037788391113,0.19584764540195465,82590.2421875,0.013883654959499836,0.013883654959499836,0.25302231311798096,0.02212858758866787,0.013928438536822796,0.16400298476219177,69161.1328125,0.2593740224838257,0.0003005383866871976
789,0.016407756134867668,0.009453637525439262,0.13908237218856812,58651.95703125,0.20735276490449905,0.023684164509177208,0.19581006467342377,82574.40625,0.013893661089241505,0.013893661089241505,0.25300249457359314,0.022080089896917343,0.013873456045985222,0.16413268446922302,69215.8359375,0.2589912414550781,0.00029944321481146564
790,0.016418152023106813,0.009464340284466743,0.13907622545957565,58649.359375,0.20736044645309448,0.023677904158830643,0.19529718160629272,82358.1171875,0.013913043774664402,0.013913043774664402,0.25351136922836304,0.022160785272717476,0.01398232951760292,0.1635691076517105,68978.171875,0.2596360445022583,0.0002983495888766842
791,0.016408055555075407,0.00946655822917819,0.13882995396852493,58545.509765625,0.20758669823408127,0.023684216663241386,0.19568809866905212,82522.9609375,0.013899811543524265,0.013899811543524265,0.25317132472991943,0.022092722356319427,0.013885697349905968,0.1641404777765274,69219.125,0.2590348720550537,0.0002972575163784426
792,0.01638394594192505,0.009438746608793736,0.13890399038791656,58576.736328125,0.20714174211025238,0.0237247534096241,0.19593477249145508,82626.984375,0.01392801571637392,0.01392801571637392,0.2535499632358551,0.022207289934158325,0.013978113420307636,0.16458354890346527,69405.96875,0.2596757709980011,0.00029616700480168337
793,0.016381301917135715,0.009438370820134878,0.1388586312532425,58557.6015625,0.2072160467505455,0.023677833378314972,0.1957787722349167,82561.203125,0.013888893648982048,0.013888893648982048,0.25314438343048096,0.022123908624053,0.013908634893596172,0.16430546343326569,69288.6953125,0.25927573442459106,0.0002950780616206511
794,0.016388606280088425,0.009440553840249777,0.1389610394835472,58600.79296875,0.20723040401935577,0.023635968565940857,0.1956517994403839,82507.6484375,0.013853379525244236,0.013853379525244236,0.2528682053089142,0.02209421992301941,0.013897852972149849,0.1639273464679718,69129.2421875,0.25903627276420593,0.0002939906942988402
795,0.016383176669478416,0.009430995211005211,0.13904362171888351,58635.615234375,0.20713623613119125,0.023656265810132027,0.19579078257083893,82566.265625,0.01386672630906105,0.01386672630906105,0.25268927216529846,0.02205764502286911,0.013854705728590488,0.16405880451202393,69184.6796875,0.25898975133895874,0.0002929049102889447
796,0.01637861505150795,0.009436315391212702,0.13884598016738892,58552.2578125,0.20737724006175995,0.02361278049647808,0.1951414942741394,82292.453125,0.013855705969035625,0.013855705969035625,0.2530960738658905,0.022090405225753784,0.01392397005110979,0.16332872211933136,68876.796875,0.25934845209121704,0.0002918207170328063
797,0.01637549139559269,0.009439341258257627,0.1387230008840561,58500.40625,0.2072952836751938,0.023646293208003044,0.19551609456539154,82450.4296875,0.013870487920939922,0.013870487920939922,0.2525708079338074,0.022070109844207764,0.013871164061129093,0.1639789193868637,69150.9921875,0.25879502296447754,0.00029073812196136464
798,0.01635469775646925,0.009419754147529602,0.13869886100292206,58490.22265625,0.20700085163116455,0.02366482838988304,0.19539481401443481,82399.2890625,0.013895087875425816,0.013895087875425816,0.253244012594223,0.022060085088014603,0.013858943246304989,0.16402284801006317,69169.5234375,0.25878116488456726,0.0002896571324946049
799,0.01635627867653966,0.00941717391833663,0.1387820988893509,58525.326171875,0.20689117908477783,0.023651011288166046,0.19577588140964508,82559.984375,0.013862217776477337,0.013862217776477337,0.2524798512458801,0.021959593519568443,0.013769577257335186,0.16380031406879425,69075.6796875,0.2576625347137451,0.00028857775604150754
800,0.01636416930705309,0.009420708753168583,0.13886921852827072,58562.068359375,0.20695815235376358,0.023610606789588928,0.19555452466011047,82466.6328125,0.0138328792527318,0.0138328792527318,0.25278592109680176,0.022094465792179108,0.013891281560063362,0.1640637069940567,69186.7421875,0.259121298789978,0.0002874999999999982
801,0.016342208720743656,0.009406269993633032,0.13871876895427704,58498.619140625,0.2068430557847023,0.023608140647411346,0.1953502744436264,82380.5,0.013840625993907452,0.013840625993907452,0.2530200481414795,0.022090129554271698,0.013912568800151348,0.1635511964559555,68970.6171875,0.25911641120910645,0.0002864238717568964
802,0.01632562931627035,0.009392531123012304,0.1386619657278061,58474.666015625,0.20672664791345596,0.023622361943125725,0.19559809565544128,82485.0,0.013842456974089146,0.013842456974089146,0.2522450089454651,0.021974343806505203,0.013789994642138481,0.16368699073791504,69027.890625,0.2581992745399475,0.0002853493786878643
803,0.016323460265994072,0.009386804886162281,0.13873309642076492,58504.662109375,0.20649585127830505,0.023624636232852936,0.19527755677700043,82349.8359375,0.01386075746268034,0.01386075746268034,0.25322356820106506,0.022128602489829063,0.013950449414551258,0.1635630577802658,68975.6171875,0.2595382630825043,0.0002842765281573569
804,0.016352557577192783,0.009425666183233261,0.13853782415390015,58422.3203125,0.20724262297153473,0.023640502244234085,0.19565120339393616,82507.3984375,0.013857941143214703,0.013857941143214703,0.2527669668197632,0.022103892639279366,0.013892248272895813,0.16423287987709045,69258.0859375,0.25935444235801697,0.0002832053275185721
805,0.016331693157553673,0.009402309078723192,0.13858768343925476,58443.33984375,0.20683109760284424,0.023629724979400635,0.1954536736011505,82424.1015625,0.013857042416930199,0.013857042416930199,0.25285014510154724,0.02211126685142517,0.013926388695836067,0.16369758546352386,69032.3515625,0.25935518741607666,0.0002821357841133988
806,0.01631816290318966,0.009389972314238548,0.13856380432844162,58433.267578125,0.20664632320404053,0.023597978055477142,0.19547587633132935,82433.46875,0.013824183493852615,0.013824183493852615,0.25248250365257263,0.022002238780260086,0.013828171417117119,0.16348135471343994,68941.1640625,0.2581768035888672,0.00028106790527236784
807,0.016307099256664515,0.009376633446663618,0.13860931247472763,58452.46484375,0.20647383481264114,0.0236196368932724,0.19569618999958038,82526.3828125,0.01383482851088047,0.01383482851088047,0.2524222731590271,0.022056173533201218,0.013843758031725883,0.1642482876777649,69264.578125,0.2583181858062744,0.000280001698314601
808,0.01629464700818062,0.009364052210003138,0.13861189037561417,58453.544921875,0.20634029805660248,0.02359672635793686,0.19551312923431396,82449.1875,0.013821070082485676,0.013821070082485676,0.25269410014152527,0.022089004516601562,0.013895881362259388,0.1638624370098114,69101.875,0.2589585781097412,0.0002789371705477618
809,0.016292464919388294,0.00937156705185771,0.13841795176267624,58371.763671875,0.20652292668819427,0.02357872761785984,0.1956062912940979,82488.453125,0.01379841286689043,0.01379841286689043,0.2522842288017273,0.022013016045093536,0.013829879462718964,0.16366273164749146,69017.6484375,0.2584155201911926,0.00027787432926800414
810,0.01629780512303114,0.009368869476020336,0.13857870548963547,58439.5546875,0.20653701573610306,0.023551179096102715,0.19515684247016907,82298.921875,0.013793337158858776,0.013793337158858776,0.2523520886898041,0.022030794993042946,0.013855746947228909,0.16350094974040985,68949.421875,0.25874805450439453,0.0002768131817599229
811,0.01627964898943901,0.00936783105134964,0.13823635131120682,58295.181640625,0.20654311776161194,0.023550555109977722,0.19488482177257538,82184.2109375,0.013806314207613468,0.013806314207613468,0.25246521830558777,0.021967891603708267,0.013801554217934608,0.16332675516605377,68875.96875,0.2583733797073364,0.0002757537352965046
812,0.016266528517007828,0.009346811100840569,0.13839434832334518,58361.810546875,0.2061462104320526,0.023659996688365936,0.19565744698047638,82510.0234375,0.013877124525606632,0.013877124525606632,0.2526116967201233,0.021978436037898064,0.013784803450107574,0.1638726443052292,69106.171875,0.25799667835235596,0.0002746959971390768
813,0.016278602182865143,0.009354801382869482,0.13847601413726807,58396.251953125,0.2063085362315178,0.023582324385643005,0.19520434737205505,82318.9609375,0.013822105713188648,0.013822105713188648,0.2524687349796295,0.021934296935796738,0.013765860348939896,0.16336873173713684,68893.6796875,0.25800371170043945,0.00027363997453725824
814,0.0162708954885602,0.009351242799311876,0.13839304447174072,58361.255859375,0.20625121891498566,0.02355651743710041,0.1950710415840149,82262.7421875,0.013802965171635151,0.013802965171635151,0.2524051368236542,0.021989811211824417,0.013831918127834797,0.1631578505039215,68804.7421875,0.25845199823379517,0.0002725856747289093
815,0.01626491267234087,0.009345754981040955,0.1383831575512886,58357.08984375,0.20620667934417725,0.023556746542453766,0.19531457126140594,82365.4453125,0.013791018165647984,0.013791018165647984,0.2518089711666107,0.021916374564170837,0.013749334029853344,0.16334080696105957,68881.8984375,0.25782662630081177,0.0002715331049400833
816,0.016269417479634285,0.009353141766041517,0.1383255049586296,58332.779296875,0.2062203586101532,0.023524049669504166,0.19502292573451996,82242.453125,0.013772902078926563,0.013772902078926563,0.25256624817848206,0.0220424085855484,0.013888837769627571,0.1630714386701584,68768.3046875,0.2588200569152832,0.00027048227238497547
817,0.016249014995992184,0.009338351432234049,0.13821326941251755,58285.4453125,0.20623857527971268,0.023555714637041092,0.1954771876335144,82434.0234375,0.013781854882836342,0.013781854882836342,0.2518318295478821,0.021961554884910583,0.01378681231290102,0.16349484026432037,68946.84375,0.2580413818359375,0.0002694331842658745
818,0.016240578144788742,0.009325088001787663,0.1383098065853119,58326.150390625,0.20591161400079727,0.023534128442406654,0.19480551779270172,82150.7734375,0.013793852180242538,0.013793852180242538,0.2523348331451416,0.021952912211418152,0.013798670843243599,0.16308484971523285,68773.9609375,0.25800591707229614,0.0002683858477731127
819,0.016267472878098488,0.009354664012789726,0.13825617730617523,58303.5390625,0.2064025178551674,0.02357478253543377,0.19496382772922516,82217.5390625,0.013826590962707996,0.013826590962707996,0.2523963451385498,0.021931851282715797,0.013763677328824997,0.1633634716272354,68891.4453125,0.2580333650112152,0.00026734027008501753
820,0.016235155053436756,0.009321050718426704,0.13828207552433014,58314.462890625,0.2058403119444847,0.023532729595899582,0.194809228181839,82152.3359375,0.013792268931865692,0.013792268931865692,0.2521153390407562,0.021987034007906914,0.013837425038218498,0.1629921793937683,68734.8828125,0.25826597213745117,0.00026629645836786115
821,0.0162442559376359,0.00933957938104868,0.13809353113174438,58234.953125,0.20621828734874725,0.02351839281618595,0.194771870970726,82136.578125,0.013779799453914165,0.013779799453914165,0.25234025716781616,0.021992892026901245,0.013846504501998425,0.1629277467727661,68707.703125,0.25864285230636597,0.00026525441977581207
822,0.01626237854361534,0.009353259112685919,0.1381823867559433,58272.421875,0.2063274160027504,0.023550914600491524,0.19539275765419006,82398.4140625,0.013781276531517506,0.013781276531517506,0.25196439027786255,0.02193630486726761,0.013775760307908058,0.1632109135389328,68827.1171875,0.25761669874191284,0.0002642141614508862
823,0.01625627838075161,0.009341072291135788,0.13830413669347763,58323.767578125,0.20611610263586044,0.023525763303041458,0.1951652318239212,82302.453125,0.013767502270638943,0.013767502270638943,0.2515488266944885,0.021878739818930626,0.01371892262250185,0.16319634020328522,68820.96875,0.25734883546829224,0.00026317569052289796
824,0.01623579952865839,0.009327034465968609,0.13817529380321503,58269.435546875,0.2060011848807335,0.023493509739637375,0.19464997947216034,82085.1875,0.013761011883616447,0.013761011883616447,0.25245440006256104,0.02201007306575775,0.01386125385761261,0.16297638416290283,68728.21875,0.25873517990112305,0.0002621390141094105
825,0.016202287748456,0.009301374200731516,0.13801825791597366,58203.20703125,0.20578836649656296,0.02358069084584713,0.19558048248291016,82477.5859375,0.013801666907966137,0.013801666907966137,0.2519945204257965,0.02198411151766777,0.01379703450948,0.16374154388904572,69050.8828125,0.25833559036254883,0.00026110413931568785
826,0.016220969147980213,0.00930634280666709,0.13829252868890762,58318.875,0.2057224065065384,0.023523621261119843,0.19478930532932281,82143.9375,0.013784156180918217,0.013784156180918217,0.2523815929889679,0.021970368921756744,0.01381648052483797,0.16307778656482697,68770.96875,0.2584751844406128,0.00026007107323464617
827,0.01619438175112009,0.009294959716498852,0.13798843324184418,58190.6328125,0.20566319674253464,0.023476317524909973,0.1945980042219162,82063.265625,0.013746418058872223,0.013746418058872223,0.2518318295478821,0.02191988006234169,0.01377760898321867,0.1628454327583313,68673.0,0.25789761543273926,0.0002590398229468046
828,0.016180389560759068,0.009283709339797497,0.13793358951807022,58167.509765625,0.20552745461463928,0.02349378913640976,0.19494271278381348,82208.6171875,0.013746652752161026,0.013746652752161026,0.251630574464798,0.021927185356616974,0.013775323517620564,0.1630372405052185,68753.8828125,0.25776293873786926,0.0002580103955202371
829,0.01617945358157158,0.009285647887736559,0.13787610828876495,58143.263671875,0.20556169748306274,0.02350124716758728,0.19492873549461365,82202.734375,0.013754810206592083,0.013754810206592083,0.25202950835227966,0.021952807903289795,0.013801378197968006,0.1630285680294037,68750.21875,0.2582699656486511,0.00025698279801052387
830,0.01618710719048977,0.009293310809880495,0.13787592947483063,58143.18359375,0.20567487180233002,0.0235208198428154,0.1952488273382187,82337.7109375,0.013758378103375435,0.013758378103375435,0.2517458200454712,0.021946128457784653,0.013782924972474575,0.16326408088207245,68849.53125,0.25786006450653076,0.00025595703746070355
831,0.016180510632693768,0.009281009901314974,0.13799001276493073,58191.29296875,0.2056070938706398,0.023517973721027374,0.19492585957050323,82201.5234375,0.013771681115031242,0.013771681115031242,0.25188973546028137,0.0219587329775095,0.013794353231787682,0.16328759491443634,68859.453125,0.25810641050338745,0.00025493312090122365
832,0.01617767009884119,0.009279254823923111,0.1379683017730713,58182.14453125,0.20547422766685486,0.02352263778448105,0.1944725662469864,82010.3671875,0.013799008913338184,0.013799008913338184,0.25262710452079773,0.02198118530213833,0.013840666972100735,0.16281035542488098,68658.2109375,0.258576363325119,0.00025391105534989405
833,0.016176401637494564,0.00928486930206418,0.13783064484596252,58124.091796875,0.20562490820884705,0.02349524013698101,0.19479237496852875,82145.2265625,0.013755621388554573,0.013755621388554573,0.2515542805194855,0.021876035258173943,0.013723569922149181,0.16304931044578552,68758.96875,0.25737395882606506,0.00025289084781183725
834,0.016149038448929787,0.009258639998733997,0.13780798017978668,58114.53125,0.20523636043071747,0.02346092462539673,0.19462914764881134,82076.3984375,0.013729466125369072,0.013729466125369072,0.2516880929470062,0.021906476467847824,0.01376595813781023,0.16281037032604218,68658.2109375,0.2578217089176178,0.0002518725052794418
835,0.01615936029702425,0.009268763940781355,0.13781193643808365,58116.203125,0.2054143100976944,0.023465938866138458,0.19486063718795776,82174.015625,0.013722906820476055,0.013722906820476055,0.2515184283256531,0.02189631201326847,0.01375552173703909,0.16281580924987793,68660.5078125,0.25771135091781616,0.0002508560347323132
836,0.016157851554453373,0.009264443535357714,0.13786816224455833,58139.91015625,0.20521723479032516,0.023458298295736313,0.1948753297328949,82180.203125,0.013714532367885113,0.013714532367885113,0.2512810528278351,0.02184988185763359,0.013714582659304142,0.16270595788955688,68614.171875,0.2570800483226776,0.00024984144313722667
837,0.01614401489496231,0.009257833007723093,0.1377236321568489,58078.96484375,0.20522723346948624,0.023473862558603287,0.19471995532512665,82114.6953125,0.01373786386102438,0.01373786386102438,0.25186434388160706,0.021919017657637596,0.013772970996797085,0.16292093694210052,68704.828125,0.25796782970428467,0.0002488287374480797
838,0.016151449643075466,0.00926670478656888,0.13769491016864777,58066.8515625,0.20538850128650665,0.02346220426261425,0.19478915631771088,82143.859375,0.013722746632993221,0.013722746632993221,0.25151488184928894,0.021896736696362495,0.013742743991315365,0.1630798578262329,68771.859375,0.25749364495277405,0.0002478179246058435
839,0.01614953763782978,0.009259268641471863,0.13780537992715836,58113.439453125,0.2053145095705986,0.023459233343601227,0.19488419592380524,82183.9609375,0.01371502224355936,0.01371502224355936,0.2514227032661438,0.02187425270676613,0.013715115375816822,0.16318275034427643,68815.2421875,0.2572258710861206,0.00024680901153851614
840,0.016133216209709644,0.009244521614164114,0.13777388632297516,58100.162109375,0.2051059827208519,0.023434579372406006,0.19447006285190582,82009.3125,0.01371107716113329,0.01371107716113329,0.25175657868385315,0.021888960152864456,0.013755139894783497,0.16267640888690948,68601.7109375,0.25777411460876465,0.00024580200516107463
841,0.016148812137544155,0.00926080672070384,0.13776010274887085,58094.34765625,0.20531462132930756,0.023445315659046173,0.19466927647590637,82093.3125,0.013711851090192795,0.013711851090192795,0.25120970606803894,0.021840926259756088,0.013707769103348255,0.16266316175460815,68596.125,0.25726959109306335,0.0002447969123754282
842,0.01612794306129217,0.009243031032383442,0.1376982480287552,58068.255859375,0.2050996795296669,0.023444339632987976,0.19466859102249146,82093.0234375,0.013710908591747284,0.013710908591747284,0.2517247200012207,0.021921154111623764,0.013777446933090687,0.16287411749362946,68685.09375,0.2578069865703583,0.00024379374007037007
843,0.016126514878124,0.009244753047823906,0.137635238468647,58041.6875,0.20524350553750992,0.023457929491996765,0.1949283927679062,82202.5859375,0.013711510226130486,0.013711510226130486,0.25137078762054443,0.021903017535805702,0.01373495813459158,0.16336119174957275,68890.4921875,0.25752151012420654,0.0002427924951215309
844,0.016137111000716686,0.009243707172572613,0.13786808401346207,58139.87890625,0.2050814926624298,0.02345079742372036,0.19477026164531708,82135.90625,0.013712284155189991,0.013712284155189991,0.2512606382369995,0.021866440773010254,0.013715243898332119,0.1630239486694336,68748.2734375,0.25721317529678345,0.00024179318439133176
845,0.016116436570882797,0.009230895433574915,0.1377108320593834,58073.56640625,0.20494922995567322,0.023436138406395912,0.19440245628356934,81980.796875,0.0137160150334239,0.0137160150334239,0.25176116824150085,0.021839872002601624,0.013721579685807228,0.1623658686876297,68470.7578125,0.25739794969558716,0.00024079581472893628
846,0.016112463548779488,0.009235890582203865,0.13753145188093185,57997.92578125,0.20494070649147034,0.02345855161547661,0.1945013403892517,82022.5,0.013733483850955963,0.013733483850955963,0.2515081763267517,0.021832555532455444,0.013722491450607777,0.16220128536224365,68401.3515625,0.2575759291648865,0.00023980039297020447
847,0.01611539302393794,0.009244481101632118,0.137418232858181,57950.17578125,0.20509982109069824,0.023407327011227608,0.1940719336271286,81841.4140625,0.013703729957342148,0.013703729957342148,0.2514287829399109,0.0218392051756382,0.013737339526414871,0.16203728318214417,68332.1875,0.25746458768844604,0.00023880692593764542
848,0.01611337624490261,0.009242221247404814,0.1374230906367302,57952.22265625,0.20511148869991302,0.023411493748426437,0.19426754117012024,81923.90625,0.013698117807507515,0.013698117807507515,0.2513851821422577,0.02184838429093361,0.013717055320739746,0.16262657940387726,68580.703125,0.2572464942932129,0.0002378154204403713
849,0.016094406135380268,0.009213393554091454,0.1376202404499054,58035.365234375,0.2048107385635376,0.023484885692596436,0.19500213861465454,82233.6875,0.013734779320657253,0.013734779320657253,0.2512471675872803,0.021861225366592407,0.013698593713343143,0.16325260698795319,68844.7109375,0.2572647035121918,0.00023682588327404957
850,0.016108990646898746,0.009218044579029083,0.13781892508268356,58119.150390625,0.20481951534748077,0.023434873670339584,0.1946365088224411,82079.5,0.013703047297894955,0.013703047297894955,0.2514038681983948,0.021820224821567535,0.01368069276213646,0.16279061138629913,68649.8828125,0.25734755396842957,0.0002358383212208572
851,0.01609343010932207,0.009212847333401442,0.13761164993047714,58031.744140625,0.2048010155558586,0.02337038889527321,0.1943415403366089,81955.1171875,0.013653312809765339,0.013653312809765339,0.2510966956615448,0.021816808730363846,0.013688591308891773,0.16256435215473175,68554.453125,0.2570306062698364,0.00023485274104943372
852,0.016093548387289047,0.00921086361631751,0.13765370100736618,58049.474609375,0.20472043752670288,0.023464396595954895,0.19493326544761658,82204.640625,0.013717733323574066,0.013717733323574066,0.25127527117729187,0.021803535521030426,0.013663423247635365,0.16280223429203033,68654.7734375,0.2570614814758301,0.00023386914951483565
853,0.016075272113084793,0.009200548753142357,0.13749447464942932,57982.330078125,0.2046642005443573,0.02344127744436264,0.19438686966896057,81974.2265625,0.013721934519708157,0.013721934519708157,0.25173240900039673,0.021806951612234116,0.013693882152438164,0.16226136684417725,68426.6953125,0.2573235034942627,0.00023288755335848884
854,0.016079353168606758,0.00921227689832449,0.13734152168035507,57917.826171875,0.2047743797302246,0.023343412205576897,0.19391115009784698,81773.6171875,0.013647854328155518,0.013647854328155518,0.2509233355522156,0.021816391497850418,0.013698181137442589,0.1623641848564148,68470.0546875,0.25690895318984985,0.00023190795930814366
855,0.016096357256174088,0.009228887967765331,0.13734938949346542,57921.1484375,0.2050313949584961,0.023386884480714798,0.19438500702381134,81973.4375,0.013667634688317776,0.013667634688317776,0.2508165240287781,0.02180188149213791,0.013662941753864288,0.16277876496315002,68644.8828125,0.25680556893348694,0.0002309303740778282
856,0.016070859506726265,0.009202586952596903,0.13736546784639359,57927.923828125,0.20461750775575638,0.023377597332000732,0.1941249966621399,81863.796875,0.013671346008777618,0.013671346008777618,0.25116339325904846,0.02181624248623848,0.013702514581382275,0.1622745394706726,68432.2421875,0.257174015045166,0.00022995480436780198
857,0.016060558147728443,0.009196700062602758,0.13727715611457825,57890.685546875,0.20465805381536484,0.023385953158140182,0.1942608803510666,81921.0859375,0.013672909699380398,0.013672909699380398,0.25112923979759216,0.021746281534433365,0.01365002989768982,0.1619250476360321,68284.8515625,0.2565111815929413,0.00022898125686451055
858,0.016064809635281563,0.00919644720852375,0.13736724853515625,57928.673828125,0.20458095520734787,0.023420341312885284,0.1946360021829605,82079.28125,0.013688541017472744,0.013688541017472744,0.2510029077529907,0.02171616069972515,0.01360459066927433,0.16223140060901642,68414.0546875,0.25635796785354614,0.0002280097382405394
859,0.01604764349758625,0.009185312781482935,0.13724661618471146,57877.80078125,0.2045815885066986,0.023414723575115204,0.1942417472600937,81913.0234375,0.013702635653316975,0.013702635653316975,0.25163036584854126,0.021800506860017776,0.013692432083189487,0.16216151416301727,68384.5859375,0.25755423307418823,0.00022704025515456867
860,0.016070809215307236,0.009207586757838726,0.1372644528746605,57885.32421875,0.2047724574804306,0.02335447445511818,0.1941044181585312,81855.1171875,0.01364925317466259,0.01364925317466259,0.25074896216392517,0.021705780178308487,0.013597899116575718,0.16215762495994568,68382.9375,0.25626033544540405,0.00022607281425132667
861,0.016060370951890945,0.009196404367685318,0.13727932423353195,57891.6015625,0.2047155648469925,0.023352008312940598,0.193995863199234,81809.3359375,0.013652215711772442,0.013652215711772442,0.2507362961769104,0.021760646253824234,0.013648235239088535,0.16224819421768188,68421.1328125,0.25665581226348877,0.0002251074221615451
862,0.01603830698877573,0.009179968852549791,0.13716675341129303,57844.126953125,0.2044568434357643,0.023391496390104294,0.19401633739471436,81817.96875,0.013690678402781487,0.013690678402781487,0.25153040885925293,0.021856896579265594,0.013733550906181335,0.1624668836593628,68513.3515625,0.2578815221786499,0.0002241440855019131
863,0.016049974597990513,0.009190839249640703,0.13718270510435104,57850.8515625,0.20460114628076553,0.02339738793671131,0.19431747496128082,81944.9609375,0.01368151418864727,0.01368151418864727,0.25102975964546204,0.02176971547305584,0.013657412491738796,0.16224606335163116,68420.234375,0.2566922605037689,0.00022318281087503253
864,0.016029149293899536,0.00916763860732317,0.13723021745681763,57870.89453125,0.20426834374666214,0.023387469351291656,0.19434711337089539,81957.4609375,0.013670113869011402,0.013670113869011402,0.2508852779865265,0.021689951419830322,0.01358303427696228,0.16213831305503845,68374.796875,0.2562181353569031,0.00022222360486937176
865,0.016024676151573658,0.009165475610643625,0.1371840089559555,57851.40234375,0.20424427092075348,0.0233493410050869,0.19407230615615845,81841.5625,0.013645724393427372,0.013645724393427372,0.2509446442127228,0.02175036445260048,0.013653155416250229,0.1619441658258438,68292.9140625,0.25686967372894287,0.00022126647405922153
866,0.0160473994910717,0.009189303033053875,0.13716191798448563,57842.0859375,0.20454686880111694,0.023315943777561188,0.1940237134695053,81821.078125,0.013614758849143982,0.013614758849143982,0.2505097985267639,0.021736353635787964,0.013631457462906837,0.16209791600704193,68357.7578125,0.25667083263397217,0.00022031142500464942
867,0.01602342166006565,0.009173520375043154,0.1369980126619339,57772.96875,0.20451372861862183,0.023327481001615524,0.19380049407482147,81726.9453125,0.013637456111609936,0.013637456111609936,0.2511506676673889,0.021781383082270622,0.013693067245185375,0.16176632046699524,68217.921875,0.2571777105331421,0.00021935846425145445
868,0.016012069769203663,0.009158604312688112,0.13706930726766586,57803.03515625,0.20421096682548523,0.02337794192135334,0.19433382153511047,81951.8515625,0.013661250472068787,0.013661250472068787,0.25071918964385986,0.02172364480793476,0.013616793788969517,0.1621370166540146,68374.25,0.2567031681537628,0.000218407598331123
869,0.016025103628635406,0.009165970608592033,0.13718266785144806,57850.833984375,0.20436065644025803,0.023371446877717972,0.19412650167942047,81864.421875,0.013665122911334038,0.013665122911334038,0.2509748339653015,0.02175808697938919,0.013642862439155579,0.16230447590351105,68444.8671875,0.2568160891532898,0.00021745883376078344
870,0.016001357696950436,0.009144285693764687,0.13714143633842468,57833.443359375,0.20409953594207764,0.023350365459918976,0.19391517341136932,81775.3125,0.01365460641682148,0.01365460641682148,0.25108784437179565,0.021745160222053528,0.013633721508085728,0.1622287780046463,68412.9453125,0.25677740573883057,0.00021651217704316225
871,0.0159893985837698,0.009138359688222408,0.1370207890868187,57782.57421875,0.20401589572429657,0.023326506838202477,0.19394060969352722,81786.03125,0.01362947653979063,0.01362947653979063,0.250591516494751,0.02176559343934059,0.013665716163814068,0.16199752688407898,68315.4296875,0.2568049430847168,0.00021556763466653835
872,0.015992390923202038,0.009145768359303474,0.13693245500326157,57745.322265625,0.20411497354507446,0.023298729211091995,0.19377672672271729,81716.921875,0.013609892688691616,0.013609892688691616,0.25055500864982605,0.02172885462641716,0.013636751100420952,0.16184204816818237,68249.859375,0.25659945607185364,0.0002146252131046995
873,0.01600456517189741,0.009157618042081594,0.1369389295578003,57748.048828125,0.204240120947361,0.0232897587120533,0.19361364841461182,81648.15625,0.013609074987471104,0.013609074987471104,0.2506003677845001,0.021681740880012512,0.01361461728811264,0.16134247183799744,68039.1875,0.2561856508255005,0.00021368491881689739
874,0.015981164760887623,0.009136483073234558,0.136893630027771,57728.943359375,0.20394247770309448,0.023356687277555466,0.19426229596138,81921.6875,0.01364357303828001,0.01364357303828001,0.250302791595459,0.021622993052005768,0.013522873632609844,0.16200236976146698,68317.46875,0.25576016306877136,0.00021274675824780405
875,0.0159849738702178,0.009131096303462982,0.13707754015922546,57806.498046875,0.20383064448833466,0.023324541747570038,0.19394797086715698,81789.140625,0.013627143576741219,0.013627143576741219,0.25063520669937134,0.021687839180231094,0.013584653846919537,0.16206371784210205,68343.34375,0.2562903165817261,0.00021181073782746673
876,0.01597405318170786,0.009127041324973106,0.13694023340940475,57748.59375,0.20387109369039536,0.0232606939971447,0.1934785395860672,81591.1796875,0.013586767949163914,0.013586767949163914,0.2506176829338074,0.02173084393143654,0.013650251552462578,0.16161185503005981,68152.7890625,0.25682705640792847,0.0002108768639712647
877,0.01597105711698532,0.009128585457801819,0.13684943318367004,57710.306640625,0.20393161475658417,0.023297134786844254,0.19382736086845398,81738.28125,0.013605767861008644,0.013605767861008644,0.2503810226917267,0.021675486117601395,0.0135919488966465,0.1616707146167755,68177.609375,0.25639083981513977,0.00020994514307986494
878,0.01596473529934883,0.009121548850089312,0.13686374574899673,57716.345703125,0.20376615226268768,0.023302925750613213,0.19391925632953644,81777.0390625,0.013606962747871876,0.013606962747871876,0.25051429867744446,0.02165094204246998,0.013574725948274136,0.16152432560920715,68115.8828125,0.25609350204467773,0.00020901558153917806
879,0.015957866795361042,0.009116140194237232,0.1368345245718956,57704.021484375,0.20376184582710266,0.023326292634010315,0.1939408928155899,81786.140625,0.0136292465031147,0.0136292465031147,0.25062325596809387,0.021659327670931816,0.013581654988229275,0.16155344247817993,68128.1484375,0.25614187121391296,0.00020808818572031463
880,0.015960640273988247,0.009117367677390575,0.13686544448137283,57717.0625,0.203749418258667,0.023341845721006393,0.19399699568748474,81809.8125,0.013641996309161186,0.013641996309161186,0.25067877769470215,0.021658072248101234,0.013574689626693726,0.16166764497756958,68176.3046875,0.2561638653278351,0.00020716296197954175
881,0.01597717870026827,0.009135475847870111,0.1368340700864792,57703.830078125,0.20408280193805695,0.02330143004655838,0.1938856989145279,81762.8828125,0.013607146218419075,0.013607146218419075,0.25031012296676636,0.021635111421346664,0.013551907613873482,0.16166406869888306,68174.796875,0.25598791241645813,0.00020623991665823956
882,0.015965637750923634,0.009122223127633333,0.13686828315258026,57718.26171875,0.20381475985050201,0.023267712444067,0.19363020360469818,81655.140625,0.013586201705038548,0.013586201705038548,0.2502994239330292,0.021655816584825516,0.013576451689004898,0.16158729791641235,68142.4296875,0.2560723125934601,0.0002053190560828572
883,0.015954699832946062,0.009116178378462791,0.13677043467760086,57676.998046875,0.20382675528526306,0.02326909825205803,0.19351013004779816,81604.4921875,0.013593590818345547,0.013593590818345547,0.2505031228065491,0.021658536046743393,0.013589611276984215,0.16137850284576416,68054.375,0.2560743987560272,0.0002044003865648699
884,0.015946635976433754,0.009109178092330694,0.13674914091825485,57668.01171875,0.20374131947755814,0.023298516869544983,0.193934828042984,81783.5859375,0.013601776212453842,0.013601776212453842,0.25016680359840393,0.02162519469857216,0.013534882105886936,0.16180624067783356,68234.7578125,0.25584718585014343,0.00020348391440073562
885,0.01594323292374611,0.009104739874601364,0.1367698609828949,57676.748046875,0.20361793041229248,0.023295963183045387,0.1936766356229782,81674.71875,0.013612131588160992,0.013612131588160992,0.25057268142700195,0.021661799401044846,0.013594635762274265,0.1613432615995407,68039.515625,0.25629478693008423,0.000202569645871852
886,0.015926790423691273,0.009090323001146317,0.13672935962677002,57659.677734375,0.2034432217478752,0.02330353483557701,0.1936819851398468,81676.96875,0.013619434088468552,0.013619434088468552,0.2504323720932007,0.021612603217363358,0.013543680310249329,0.16137847304344177,68054.3671875,0.2559696137905121,0.00020165758724451346
887,0.015932543203234673,0.009096002206206322,0.1367308348417282,57660.30078125,0.20354100316762924,0.023281559348106384,0.193523108959198,81609.96875,0.013605404645204544,0.013605404645204544,0.25047799944877625,0.021656326949596405,0.01359906978905201,0.1611451357603073,67955.96875,0.256234735250473,0.00020074774476986729
888,0.015922309830784798,0.009092296473681927,0.13660025596618652,57605.234375,0.20357415080070496,0.023324012756347656,0.1938459873199463,81746.140625,0.013631712645292282,0.013631712645292282,0.250571608543396,0.02163858339190483,0.013549097813665867,0.16178971529006958,68227.7890625,0.2562181353569031,0.0001998401246838723
889,0.015928458888083696,0.009090600535273552,0.13675717264413834,57671.400390625,0.20346518605947495,0.02328844927251339,0.19358500838279724,81636.0859375,0.013609198853373528,0.013609198853373528,0.25059348344802856,0.021684007719159126,0.013603344559669495,0.16161325573921204,68153.375,0.2564067542552948,0.0001989347332072547
890,0.015946919098496437,0.009114067535847425,0.13665704429149628,57629.17578125,0.20394493639469147,0.023217737674713135,0.19320979714393616,81477.84375,0.013557247817516327,0.013557247817516327,0.24989990890026093,0.02160978503525257,0.013552899472415447,0.16113771498203278,67952.8359375,0.2557756304740906,0.0001980315765454664
891,0.015916817355901003,0.009089030791074038,0.1365557238459587,57586.44921875,0.20347409695386887,0.02326437458395958,0.1934329718351364,81571.953125,0.013592724688351154,0.013592724688351154,0.2503473162651062,0.021618545055389404,0.013568884693086147,0.16099318861961365,67891.8984375,0.2561429738998413,0.0001971306608886418
892,0.015935264993458986,0.00910449493676424,0.13661540299654007,57611.61328125,0.20370661467313766,0.023279733955860138,0.19370242953300476,81685.5859375,0.013594611547887325,0.013594611547887325,0.2501195967197418,0.02155431918799877,0.013500585220754147,0.1610746830701828,67926.2578125,0.2553454339504242,0.00019623199241155628
893,0.01592095196247101,0.009086607955396175,0.13668686896562576,57641.755859375,0.2033451572060585,0.023286545649170876,0.19375674426555634,81708.5,0.013598708435893059,0.013598708435893059,0.2500759959220886,0.02155795693397522,0.013478010892868042,0.16159893572330475,68147.3359375,0.25535592436790466,0.00019533557727358282
894,0.015900321304798126,0.009071859996765852,0.13656923174858093,57592.146484375,0.20328211784362793,0.023254670202732086,0.19312790036201477,81443.3125,0.013598275370895863,0.013598275370895863,0.25082746148109436,0.021692348644137383,0.0136398421600461,0.16105012595653534,67915.8984375,0.25671207904815674,0.00019444142161865034
895,0.01591141987591982,0.00908604683354497,0.13650745898485184,57566.09375,0.20356744527816772,0.023279724642634392,0.19362036883831024,81650.984375,0.013598705641925335,0.013598705641925335,0.25007164478302,0.02153603918850422,0.013478550128638744,0.1611497849225998,67957.9296875,0.25540417432785034,0.0001935495315752015
896,0.01590996701270342,0.009079757612198591,0.1366041898727417,57606.888671875,0.20335034281015396,0.023215796798467636,0.19311176240444183,81436.5078125,0.013560209423303604,0.013560209423303604,0.2501247227191925,0.021600641310214996,0.013564249500632286,0.1607278436422348,67779.9921875,0.25601956248283386,0.0001926599132561509
897,0.01589399389922619,0.0090737733989954,0.13640441000461578,57522.646484375,0.2034270465373993,0.0232307780534029,0.19331414997577667,81521.8515625,0.013565069995820522,0.013565069995820522,0.25009605288505554,0.021577682346105576,0.013531123287975788,0.16093115508556366,67865.734375,0.2558549642562866,0.00019177257275884303
898,0.015891240444034338,0.009064621292054653,0.13653238862752914,57576.60546875,0.20317139476537704,0.023265279829502106,0.19371476769447327,81690.796875,0.013579539954662323,0.013579539954662323,0.24988584220409393,0.02155449241399765,0.013484970666468143,0.16139042377471924,68059.3984375,0.2552993595600128,0.00019088751616501006
899,0.015881397761404514,0.009051850531250238,0.13659092783927917,57601.29296875,0.20308280736207962,0.02326851710677147,0.19346870481967926,81587.03125,0.013595080934464931,0.013595080934464931,0.25029247999191284,0.02160053513944149,0.01354310754686594,0.1611485481262207,67957.40625,0.25578248500823975,0.00019000474954073107
900,0.015882251784205437,0.009057965129613876,0.1364857405424118,57556.935546875,0.20317134261131287,0.02321845293045044,0.19315806031227112,81456.03125,0.013560549356043339,0.013560549356043339,0.2500118017196655,0.021594567224383354,0.013546941801905632,0.16095250844955444,67874.734375,0.25603073835372925,0.00018912427893638946
901,0.015880106948316097,0.009060012176632881,0.13640189170837402,57521.578125,0.20318615436553955,0.023198459297418594,0.1930420994758606,81407.1328125,0.013546355068683624,0.013546355068683624,0.24989256262779236,0.021594056859612465,0.013563654385507107,0.16060805320739746,67729.4765625,0.2557722330093384,0.0001882461103866322
902,0.015873823314905167,0.009054368827491999,0.13638907670974731,57516.17578125,0.2031547650694847,0.023231998085975647,0.19337648153305054,81548.1328125,0.01356317475438118,0.01356317475438118,0.2500295042991638,0.021575167775154114,0.013531123287975788,0.160880908370018,67844.546875,0.25566989183425903,0.0001873702499103281
903,0.015870639123022556,0.009045010898262262,0.13651256263256073,57568.24609375,0.20299380272626877,0.02325703576207161,0.1935548484325409,81623.359375,0.013579294085502625,0.013579294085502625,0.25014108419418335,0.021586352959275246,0.013529007323086262,0.16114690899848938,67956.7109375,0.25587284564971924,0.00018649670351052704
904,0.015861871652305126,0.009039888624101877,0.13643965870141983,57537.50390625,0.20296796411275864,0.02321774512529373,0.19343514740467072,81572.8828125,0.013545988127589226,0.013545988127589226,0.24968484044075012,0.02157752215862274,0.013514305464923382,0.1612643450498581,68006.25,0.2556820511817932,0.00018562547717441803
905,0.015857134945690632,0.009035548195242882,0.1364317387342453,57534.1640625,0.20286329835653305,0.02318470925092697,0.1931103765964508,81435.9296875,0.013529188930988312,0.013529188930988312,0.24982433021068573,0.02159889042377472,0.013543945737183094,0.16109886765480042,67936.4609375,0.2558755874633789,0.00018475657687328892
906,0.015861317049711943,0.009041812270879745,0.1363900899887085,57516.603515625,0.2029954418540001,0.023198071867227554,0.19307959079742432,81422.9375,0.013544091023504734,0.013544091023504734,0.2500280737876892,0.02158193290233612,0.013535724952816963,0.16092413663864136,67862.7734375,0.2557522654533386,0.0001838900085624849
907,0.015844271518290043,0.009029418230056763,0.1362970545887947,57477.365234375,0.2029091864824295,0.023244623094797134,0.19349686801433563,81598.8984375,0.013569779694080353,0.013569779694080353,0.24986806511878967,0.02155124582350254,0.013483990915119648,0.16134509444236755,68040.2890625,0.255497008562088,0.0001830257781813683
908,0.015856482088565826,0.009036058094352484,0.1364084705710411,57524.353515625,0.20289203524589539,0.02321625128388405,0.19329704344272614,81514.6328125,0.013551399111747742,0.013551399111747742,0.2498975396156311,0.021527834236621857,0.013486966490745544,0.16081732511520386,67817.734375,0.2553279399871826,0.00018216389165327752
909,0.015851406380534172,0.009033863432705402,0.1363508701324463,57500.060546875,0.2029399797320366,0.023213479667901993,0.19328659772872925,81510.234375,0.01354914903640747,0.01354914903640747,0.24988287687301636,0.02151475101709366,0.013467567041516304,0.1609436720609665,67871.0078125,0.2551763653755188,0.000181304354885486
910,0.01587381772696972,0.009051695931702852,0.13644243776798248,57538.673828125,0.20309162884950638,0.023220088332891464,0.1932852566242218,81509.671875,0.013555824756622314,0.013555824756622314,0.24976977705955505,0.021526535972952843,0.013475201092660427,0.1610267013311386,67906.015625,0.2553471624851227,0.00018044717376916293
911,0.015852236188948154,0.009039664175361395,0.13625143468379974,57458.130859375,0.20310860127210617,0.02318120189011097,0.1929486095905304,81367.6953125,0.01353377103805542,0.01353377103805542,0.2499789595603943,0.02159757912158966,0.013558337464928627,0.16078485548496246,67804.0390625,0.2560427188873291,0.00017959235417933138
912,0.01584771368652582,0.009033383335918188,0.13628660887479782,57472.962890625,0.20299448817968369,0.023207280784845352,0.1932283341884613,81485.6640625,0.013545864261686802,0.013545864261686802,0.2496321201324463,0.021504882723093033,0.013458795845508575,0.16092173755168915,67861.7578125,0.25514769554138184,0.0001787399019748292
913,0.015833696350455284,0.009015580639243126,0.13636230677366257,57504.88671875,0.2026243433356285,0.023209715262055397,0.19305217266082764,81411.3828125,0.013557106256484985,0.013557106256484985,0.2500668466091156,0.021574553102254868,0.013533193618059158,0.16082720458507538,67821.8984375,0.2557260990142822,0.00017788982299826814
914,0.015844389330595732,0.009026950458064675,0.13634877651929855,57499.173828125,0.20288456976413727,0.023245740681886673,0.19340044260025024,81558.2421875,0.013575717806816101,0.013575717806816101,0.25005805492401123,0.021538665518164635,0.013484213501214981,0.16108903288841248,67932.3046875,0.25557562708854675,0.0001770421230759947
915,0.015829104464501143,0.009013926610350609,0.13630355894565582,57480.107421875,0.20271717011928558,0.023184776306152344,0.19316653907299042,81459.609375,0.013526449911296368,0.013526449911296368,0.24972951412200928,0.021539021283388138,0.013505250215530396,0.16067543625831604,67757.890625,0.2553144097328186,0.00017619680801804905
916,0.0158237861469388,0.009011769900098443,0.13624032586812973,57453.4453125,0.20267292857170105,0.023159045726060867,0.19305454194545746,81412.375,0.01350631844252348,0.01350631844252348,0.24931582808494568,0.02149665728211403,0.013464486226439476,0.16064344346523285,67744.40625,0.2550731897354126,0.00017535388361812596
917,0.01582521665841341,0.009013865608721972,0.13622703403234482,57447.84375,0.20263519883155823,0.0231892429292202,0.19314835965633392,81451.9375,0.013531825505197048,0.013531825505197048,0.24965184926986694,0.021556012332439423,0.013510752469301224,0.16090518236160278,67854.765625,0.2558532953262329,0.0001745133556535347
918,0.015809936448931694,0.009000994265079498,0.13617884367704391,57427.521484375,0.20252631604671478,0.023162540048360825,0.19308722019195557,81426.1640625,0.013508178293704987,0.013508178293704987,0.24946096539497375,0.02153068035840988,0.01348994392901659,0.16081471741199493,67816.625,0.2553527355194092,0.00017367522988516001
919,0.015808485448360443,0.008998948615044355,0.136190727353096,57432.533203125,0.20252445340156555,0.023144789040088654,0.1929153949022293,81353.6953125,0.013499018736183643,0.013499018736183643,0.24947111308574677,0.021521277725696564,0.013485764153301716,0.16071024537086487,67772.5703125,0.2551409900188446,0.00017283951205742212
920,0.015807214193046093,0.00899956189095974,0.13615304231643677,57416.634765625,0.20258543640375137,0.023166051134467125,0.19302132725715637,81398.3671875,0.013514984399080276,0.013514984399080276,0.24956277012825012,0.021534226834774017,0.01349515002220869,0.16078154742717743,67802.6328125,0.2554492652416229,0.0001720062078982373
921,0.015807030722498894,0.008998355828225613,0.13617350161075592,57425.26171875,0.20252574235200882,0.023147113621234894,0.1929917186498642,81385.8828125,0.013497528620064259,0.013497528620064259,0.24939773976802826,0.021500080823898315,0.013469244353473186,0.1606167107820511,67733.1171875,0.2551257312297821,0.0001711753231189792
922,0.015799827873706818,0.008992329239845276,0.13614998757839203,57415.34765625,0.20244522392749786,0.023156490176916122,0.19309404492378235,81429.0390625,0.0135017866268754,0.0135017866268754,0.24942448735237122,0.02149757742881775,0.013462381437420845,0.16070394217967987,67769.9140625,0.25492507219314575,0.00017034686341443875
923,0.015801222063601017,0.008995079901069403,0.13612283766269684,57403.900390625,0.20252948999404907,0.023176267743110657,0.19306959211826324,81418.7265625,0.01352278795093298,0.01352278795093298,0.2497120499610901,0.02152957394719124,0.013487176038324833,0.16084794700145721,67830.6484375,0.255440890789032,0.00016952083446278627
924,0.015802144538611174,0.008997173048555851,0.1360994316637516,57394.033203125,0.20250504463911057,0.02317839302122593,0.19299498200416565,81387.2578125,0.013528644107282162,0.013528644107282162,0.24960008263587952,0.021516624838113785,0.013483070768415928,0.16067108511924744,67756.0546875,0.2554210424423218,0.0001686972419255314
925,0.015793805476278067,0.00899264169856906,0.13602328300476074,57361.91796875,0.2025192677974701,0.023138679563999176,0.1928805559873581,81338.9921875,0.013494650833308697,0.013494650833308697,0.2494279444217682,0.021507326513528824,0.01348539162427187,0.1604386866092682,67658.0546875,0.25526103377342224,0.00016787609144748545
926,0.0157924871891737,0.008987756446003914,0.1360946148633957,57391.998046875,0.2024284079670906,0.023140884935855865,0.19297754764556885,81379.90625,0.013492007739841938,0.013492007739841938,0.24930962920188904,0.021484509110450745,0.013453648425638676,0.1606171876192093,67733.3359375,0.255000501871109,0.00016705738865672182
927,0.015782037749886513,0.008975701872259378,0.13612671196460724,57405.53515625,0.2022751048207283,0.02315322682261467,0.19294537603855133,81366.328125,0.013505957089364529,0.013505957089364529,0.2494753897190094,0.021488316357135773,0.013460488058626652,0.16055653989315033,67707.75,0.25517916679382324,0.0001662411391645376
928,0.0157835241407156,0.008978079073131084,0.1361088901758194,57398.017578125,0.2023496925830841,0.023156359791755676,0.19296260178089142,81373.6015625,0.013508228585124016,0.013508228585124016,0.24947082996368408,0.021487940102815628,0.013447314500808716,0.16081248223781586,67815.6875,0.25534966588020325,0.00016542734856541546
929,0.015784411691129208,0.008976757992058992,0.13615306466817856,57416.642578125,0.20227164030075073,0.023161930963397026,0.19299833476543427,81388.671875,0.013512014411389828,0.013512014411389828,0.249489426612854,0.021474046632647514,0.01343882828950882,0.1607043594121933,67770.0859375,0.2550985515117645,0.0001646160224369851
930,0.01576964557170868,0.008966813329607248,0.13605663925409317,57375.98046875,0.2021941989660263,0.02314605936408043,0.19300363957881927,81390.8984375,0.01349587645381689,0.01349587645381689,0.24922969937324524,0.021419478580355644,0.013395077548921108,0.16048802435398102,67678.8671875,0.25451159477233887,0.00016380716633998502
931,0.015770824160426855,0.008971082046627998,0.13599485158920288,57349.923828125,0.20223267376422882,0.023126915097236633,0.19284851849079132,81325.4921875,0.013484490104019642,0.013484490104019642,0.24924540519714355,0.021449757739901543,0.013432838954031467,0.1603383719921112,67615.7421875,0.2548369765281677,0.00016300078581822424
932,0.015764876268804073,0.008970531169325113,0.13588689267635345,57304.400390625,0.20226548612117767,0.023143071681261063,0.19291222095489502,81352.3515625,0.013497461564838886,0.013497461564838886,0.24942968785762787,0.021459467709064484,0.01343496423214674,0.16049005091190338,67679.7109375,0.2548542022705078,0.0001621968863985447
933,0.015767544507980347,0.008970878552645445,0.1359333172440529,57323.978515625,0.20224547386169434,0.023150477558374405,0.19307586550712585,81421.375,0.013496683910489082,0.013496683910489082,0.2492172122001648,0.02143709920346737,0.013407432474195957,0.16059333086013794,67723.265625,0.2545223832130432,0.00016139547359078288
934,0.015766231808811426,0.008966557681560516,0.13599348068237305,57349.34375,0.20214010775089264,0.02312743104994297,0.19297438859939575,81378.578125,0.013478711247444153,0.013478711247444153,0.24921180307865143,0.02145567536354065,0.013428637757897377,0.16054072976112366,67701.0859375,0.25484198331832886,0.00016059655288773252
935,0.015765118412673473,0.008967109490185976,0.1359601691365242,57335.298828125,0.2022269442677498,0.02311694622039795,0.19285960495471954,81330.171875,0.013473966158926487,0.013473966158926487,0.24935951828956604,0.021492809057235718,0.013463865034282207,0.1605788618326187,67717.1640625,0.25524386763572693,0.00015980012976510652
936,0.01576182898133993,0.008962168823927641,0.13599319756031036,57349.220703125,0.2021225392818451,0.023118045181035995,0.19299082458019257,81385.5,0.013468504883348942,0.013468504883348942,0.248977929353714,0.021437380462884903,0.01341141015291214,0.16051937639713287,67692.0859375,0.25464677810668945,0.00015900620968149992
937,0.01575370691716671,0.008954612072557211,0.13598190248012543,57344.462890625,0.20205595344305038,0.02310359850525856,0.19280944764614105,81309.015625,0.013463126495480537,0.013463126495480537,0.2491132915019989,0.02145211398601532,0.01343309786170721,0.16038033366203308,67633.4453125,0.2548685669898987,0.00015821479807835208
938,0.015749930404126644,0.008953219978138804,0.13593421131372452,57324.357421875,0.20206280797719955,0.023113340139389038,0.19276063144207,81288.4296875,0.013475309126079082,0.013475309126079082,0.2492533028125763,0.021489985287189484,0.013466374948620796,0.16047218441963196,67672.1796875,0.25527864694595337,0.00015742590037990937
939,0.015744803939014673,0.00895196758210659,0.1358567252755165,57291.67578125,0.20207464694976807,0.023107005283236504,0.19265180826187134,81242.5390625,0.013474415056407452,0.013474415056407452,0.24921098351478577,0.021488375961780548,0.013464189134538174,0.1604837328195572,67677.0390625,0.25517845153808594,0.00015663952199318837
940,0.015743847005069256,0.008951960131525993,0.13583772629499435,57283.671875,0.20204511284828186,0.02310873568058014,0.19268621504306793,81257.046875,0.013474423438310623,0.013474423438310623,0.24910913407802582,0.021449048072099686,0.013423765078186989,0.16050563752651215,67686.28125,0.25483864545822144,0.00015585566830793863
941,0.015739559195935726,0.008946645073592663,0.13585828244686127,57292.33984375,0.20192556828260422,0.023107003420591354,0.19273518025875092,81277.703125,0.013470243662595749,0.013470243662595749,0.24904713034629822,0.02142850123345852,0.013408077880740166,0.16040846705436707,67645.3203125,0.2546491026878357,0.00015507434469660543
942,0.01575586572289467,0.008962287101894617,0.13587155938148499,57297.93359375,0.20221921801567078,0.023095175623893738,0.19260172545909882,81221.4140625,0.013465089723467827,0.013465089723467827,0.24909846484661102,0.02142982929944992,0.013421552255749702,0.16016556322574615,67542.8828125,0.25466567277908325,0.00015429555651429316
943,0.01575178187340498,0.008957044687122107,0.1358947530388832,57307.716796875,0.20213216543197632,0.02310706302523613,0.19276010990142822,81288.2109375,0.013469058088958263,0.013469058088958263,0.24911898374557495,0.02143111452460289,0.013415425084531307,0.16031378507614136,67605.375,0.2547171115875244,0.0001535193090987291
944,0.015732751227915287,0.00894333515316248,0.13578832149505615,57262.826171875,0.2019665166735649,0.023088304325938225,0.1927596479654312,81288.0,0.01345032174140215,0.01345032174140215,0.24888312816619873,0.021419299766421318,0.013415101915597916,0.16008394956588745,67508.453125,0.2545173466205597,0.00015274560777022597
945,0.015729699283838272,0.008940526749938726,0.13578345626592636,57260.779296875,0.20191840827465057,0.02310289815068245,0.19283917546272278,81321.546875,0.013460937887430191,0.013460937887430191,0.24886681139469147,0.021421194076538086,0.013407538644969463,0.16027310490608215,67588.2265625,0.2546917200088501,0.0001519744578316461
946,0.015735138673335314,0.008944678585976362,0.13580920547246933,57271.638671875,0.2019626572728157,0.023106874898076057,0.192765012383461,81290.2734375,0.013468624092638493,0.013468624092638493,0.24925658106803894,0.021496590226888657,0.013478691689670086,0.16035796701908112,67624.015625,0.25549229979515076,0.00015120586456836467
947,0.01574217900633812,0.008956286124885082,0.13571786135435104,57233.115234375,0.20219461619853973,0.02309156209230423,0.19254399836063385,81197.0703125,0.013464363291859627,0.013464363291859627,0.24915221333503723,0.02144666761159897,0.013431722298264503,0.1602989286184311,67599.1171875,0.25505369901657104,0.00015043983324823402
948,0.015727121848613024,0.008938189130276442,0.13577865809202194,57258.75390625,0.2018817812204361,0.02309667319059372,0.1926518976688385,81242.5859375,0.013464078307151794,0.013464078307151794,0.24887865781784058,0.021391110494732857,0.013368494808673859,0.16045230627059937,67663.796875,0.2544157803058624,0.00014967636912154703
949,0.015731663443148136,0.008938597980886698,0.13586130738258362,57293.611328125,0.2018754705786705,0.023101240396499634,0.19261203706264496,81225.765625,0.013470637612044811,0.013470637612044811,0.24902793765068054,0.021410096436738968,0.013397584669291973,0.1602502465248108,67578.5859375,0.2544742822647095,0.0001489154774210012
950,0.015719394199550152,0.00893057556822896,0.1357763707637787,57257.794921875,0.20179712027311325,0.023103661835193634,0.19270889461040497,81266.609375,0.013468216173350811,0.013468216173350811,0.24909275770187378,0.021387899294495583,0.01337471790611744,0.16026362776756287,67584.2265625,0.25455182790756226,0.00014815716336166314
951,0.015723160468041897,0.008936507860198617,0.13573305308818817,57239.525390625,0.2018890604376793,0.023054946213960648,0.19254787266254425,81198.703125,0.013427553698420525,0.013427553698420525,0.24891866743564606,0.02144644409418106,0.013438774272799492,0.16015338897705078,67537.75,0.25497546792030334,0.00014740143214093265
952,0.015720260329544544,0.008938697632402182,0.1356312558054924,57196.6015625,0.20204231888055801,0.023047897964715958,0.19262394309043884,81230.7890625,0.013416700065135956,0.013416700065135956,0.24863772094249725,0.0214364193379879,0.013422752730548382,0.16027332842350006,67588.3203125,0.25478923320770264,0.00014664828893850676
953,0.01572404522448778,0.008936634752899408,0.13574820756912231,57245.912109375,0.2019336298108101,0.023052889853715897,0.19262072443962097,81229.421875,0.013421854004263878,0.013421854004263878,0.2486380636692047,0.021439116448163986,0.01341781485825777,0.16042602062225342,67652.703125,0.25481560826301575,0.00014589773891634448
954,0.015710804611444473,0.008929293137043715,0.13563022762537003,57196.16015625,0.20197050273418427,0.023071125149726868,0.19248564541339874,81172.46875,0.013446842320263386,0.013446842320263386,0.2491406500339508,0.02149939350783825,0.01348374504595995,0.1603129655122757,67605.03125,0.2553459405899048,0.00014514978721863196
955,0.015708887949585915,0.008925159461796284,0.13567455112934113,57214.853515625,0.20181484520435333,0.023113612085580826,0.19292670488357544,81358.4609375,0.01346727553755045,0.01346727553755045,0.2488051950931549,0.021388905122876167,0.013362322933971882,0.1605316400527954,67697.25,0.2544184923171997,0.00014440443897174618
956,0.015720525290817022,0.008928394177928567,0.13584261387586594,57285.724609375,0.20172269642353058,0.02312663570046425,0.19294333457946777,81365.484375,0.013479468412697315,0.013479468412697315,0.24904809892177582,0.021395765244960785,0.013377545401453972,0.16036437451839447,67626.7109375,0.2544017434120178,0.00014366169928422062
957,0.015710853971540928,0.008930593263357878,0.13560521230101585,57185.609375,0.20186323672533035,0.02305855229496956,0.1923334300518036,81108.2890625,0.013441881164908409,0.013441881164908409,0.2489759624004364,0.021396454423666,0.01340255606919527,0.1598779410123825,67421.5859375,0.2546238899230957,0.00014292157324670982
958,0.01570802554488182,0.008928966941311955,0.13558117300271988,57175.4765625,0.20180142670869827,0.023054208606481552,0.19236698746681213,81122.4296875,0.013435859233140945,0.013435859233140945,0.2487301528453827,0.02138165384531021,0.013383367098867893,0.15996572375297546,67458.6015625,0.25457292795181274,0.00014218406593195502
959,0.01569914724677801,0.008917191997170448,0.13563910871744156,57199.90234375,0.2016492635011673,0.023044796660542488,0.19228769838809967,81088.9921875,0.01343041192740202,0.01343041192740202,0.24882575869560242,0.021453939378261566,0.01346108503639698,0.1598571091890335,67412.7890625,0.25510174036026,0.0001414491823947486
960,0.01570396265015006,0.008926388341933489,0.13555148243904114,57162.955078125,0.20189783722162247,0.023060739040374756,0.19248677790164948,81172.9375,0.013436399400234222,0.013436399400234222,0.2487369179725647,0.02139592170715332,0.013390426523983479,0.16010992228984833,67519.40625,0.25462770462036133,0.00014071692767189998
961,0.015704932622611523,0.00892198458313942,0.13565896451473236,57208.28125,0.201688751578331,0.023065777495503426,0.19257451593875885,81209.9296875,0.013437051326036453,0.013437051326036453,0.2487047165632248,0.02140071988105774,0.013388736173510551,0.16023968160152435,67574.125,0.25450628995895386,0.0001399873067822011
962,0.01571194501593709,0.008932724129408598,0.13558440655469894,57176.837890625,0.2019481211900711,0.02306796982884407,0.19249755144119263,81177.4921875,0.013443092815577984,0.013443092815577984,0.24884791672229767,0.021412676200270653,0.013407273218035698,0.1601080596446991,67518.6328125,0.2544885575771332,0.00013926032472639198
963,0.015685942489653826,0.0089052589610219,0.13561366498470306,57189.173828125,0.20151619613170624,0.02310296893119812,0.19270873069763184,81266.546875,0.013467533513903618,0.013467533513903618,0.24881699681282043,0.0213451087474823,0.013333979994058609,0.16022256016731262,67566.9140625,0.25421473383903503,0.00013853598648712619
964,0.015696085058152676,0.008913137950003147,0.13565893471240997,57208.267578125,0.2015625536441803,0.023071449249982834,0.1924259215593338,81147.2890625,0.01345015224069357,0.01345015224069357,0.24899302423000336,0.021401774138212204,0.01340460404753685,0.1599433869123459,67449.1796875,0.25467774271965027,0.00013781429702893668
965,0.015691610053181648,0.008912380784749985,0.13558457046747208,57176.91015625,0.20168490707874298,0.0230306014418602,0.19231031835079193,81098.53125,0.013415086083114147,0.013415086083114147,0.24865442514419556,0.021381612867116928,0.013380076736211777,0.16003072261810303,67486.0078125,0.25445789098739624,0.0001370952612982025
966,0.01568001229315996,0.008903157897293568,0.13553708791732788,57156.880859375,0.20157138258218765,0.02303103730082512,0.1923493593931198,81115.0,0.013413568027317524,0.013413568027317524,0.24853114783763885,0.021386831998825073,0.013377544470131397,0.160185769200325,67551.390625,0.2545624375343323,0.00013637888422311393
967,0.015680333599448204,0.008904879912734032,0.13550905883312225,57145.0625,0.20158127695322037,0.023017682135105133,0.19224557280540466,81071.234375,0.01340540312230587,0.01340540312230587,0.24862363934516907,0.021405145525932312,0.013403607532382011,0.16003075242042542,67486.0234375,0.254721999168396,0.0001356651707136392
968,0.015672315377742052,0.00890030199661851,0.13544026017189026,57116.046875,0.2015298753976822,0.023019952699542046,0.19248223304748535,81171.0234375,0.013395841233432293,0.013395841233432293,0.2483762800693512,0.021371880546212196,0.01336775254458189,0.16008254885673523,67507.8671875,0.2543277144432068,0.0001349541256614906
969,0.015669227112084627,0.008893265388906002,0.13551922142505646,57149.3515625,0.20137088000774384,0.02304558828473091,0.1926162987947464,81227.5703125,0.013414773158729076,0.013414773158729076,0.248479425907135,0.021364927291870117,0.013358373194932938,0.1601310670375824,67528.328125,0.25422728061676025,0.00013424575394009169
970,0.015664131846278906,0.008887624833732843,0.13553013652563095,57153.955078125,0.2013384848833084,0.023059869185090065,0.19257114827632904,81208.5234375,0.013431311585009098,0.013431311585009098,0.24871888756752014,0.021363992244005203,0.013362403959035873,0.1600317806005478,67486.4609375,0.2544170320034027,0.0001335400604045427
971,0.01566668041050434,0.008890714030712843,0.1355193294584751,57149.3984375,0.2014528214931488,0.02305995672941208,0.1924971640110016,81177.328125,0.01343509741127491,0.01343509741127491,0.24892233312129974,0.021403171122074127,0.013394174166023731,0.16017991304397583,67548.921875,0.25475919246673584,0.00013283704989158803
972,0.015663121361285448,0.008888828568160534,0.13548585027456284,57135.2734375,0.20145393908023834,0.023035183548927307,0.19248387217521667,81171.7265625,0.013410990126430988,0.013410990126430988,0.2485208511352539,0.021340250968933105,0.013334427960216999,0.16011647880077362,67522.1796875,0.25399112701416016,0.00013213672721958315
973,0.015659174416214228,0.008881979156285524,0.13554390519857407,57159.751953125,0.20133014023303986,0.023027099668979645,0.19248051941394806,81170.3046875,0.013403072953224182,0.013403072953224182,0.24827840924263,0.021315190941095352,0.013314253650605679,0.16001874208450317,67480.9609375,0.25384432077407837,0.00013143909718846137
974,0.01566071342676878,0.008885730989277363,0.13549965620040894,57141.09765625,0.20131579786539078,0.023010995239019394,0.19227610528469086,81084.1015625,0.013397188857197762,0.013397188857197762,0.24840456247329712,0.02133747562766075,0.013346999883651733,0.15980951488018036,67392.7265625,0.2542837858200073,0.00013074416457970058
975,0.015654749237000942,0.008884413167834282,0.1354067176580429,57101.904296875,0.20128542184829712,0.02300131320953369,0.19224345684051514,81070.328125,0.01338914129883051,0.01338914129883051,0.2483646422624588,0.02135348506271839,0.013358953408896923,0.15989062190055847,67426.9375,0.25432926416397095,0.00013005193415629106
976,0.0156557010486722,0.008887284435331821,0.13536833971738815,57085.716796875,0.20138641446828842,0.023000579327344894,0.1922052651643753,81054.2265625,0.013390314765274525,0.013390314765274525,0.24841304123401642,0.021363569423556328,0.013370889239013195,0.15985360741615295,67411.3203125,0.2542852461338043,0.00012936241066270287
977,0.015656582545489073,0.008886235766112804,0.13540692627429962,57101.998046875,0.20138288289308548,0.023014739155769348,0.19222787022590637,81063.7578125,0.013403345830738544,0.013403345830738544,0.24848848581314087,0.021383147686719894,0.013384313322603703,0.15997669100761414,67463.234375,0.25460290908813477,0.00012867559882485266
978,0.015647460706532,0.008878932800143957,0.13537056744098663,57086.666015625,0.201267272233963,0.02300165593624115,0.1920994073152542,81009.59375,0.013396685011684895,0.013396685011684895,0.2483954131603241,0.021363528445363045,0.013381587341427803,0.15963882207870483,67320.734375,0.2543814778327942,0.00012799150335007184
979,0.015649336390197277,0.008882164489477873,0.13534343987703323,57075.224609375,0.2013954296708107,0.0230071060359478,0.192215234041214,81058.4375,0.013396344147622585,0.013396344147622585,0.24839308857917786,0.0213659405708313,0.013373102061450481,0.15985675156116486,67412.6484375,0.254302978515625,0.00012731012892707418
980,0.015658678486943245,0.008885775227099657,0.1354580596089363,57123.55859375,0.20134001970291138,0.023015350103378296,0.19236136972904205,81120.0625,0.013397281058132648,0.013397281058132648,0.24826635420322418,0.02133028581738472,0.013331951573491096,0.15996667742729187,67459.0078125,0.2539498805999756,0.00012663148022592377
981,0.01564279990270734,0.00887349620461464,0.13538606464862823,57093.1953125,0.20119468867778778,0.023018501698970795,0.19224749505519867,81072.0390625,0.013406127691268921,0.013406127691268921,0.24859344959259033,0.021367434412240982,0.013376307673752308,0.1598225086927414,67398.203125,0.25436246395111084,0.00012595556189800284
982,0.01564534194767475,0.008878437802195549,0.13533808290958405,57072.958984375,0.20132722705602646,0.0230072271078825,0.19232596457004547,81105.125,0.013390928506851196,0.013390928506851196,0.24821144342422485,0.021296944469213486,0.01330144889652729,0.1599099189043045,67435.0625,0.25382861495018005,0.00012528237857597978
983,0.015636018943041563,0.008868856355547905,0.1353432461619377,57075.138671875,0.20113953202962875,0.022982148453593254,0.19217924773693085,81043.2578125,0.013373185880482197,0.013373185880482197,0.24817854166030884,0.02131880447268486,0.013336200267076492,0.15965206921100616,67326.328125,0.25403815507888794,0.00012461193487377773
984,0.01563709881156683,0.00887574627995491,0.1352270394563675,57026.13671875,0.20133918523788452,0.022956036031246185,0.19199660420417786,80966.234375,0.013356206938624382,0.013356206938624382,0.24811512231826782,0.021319501101970673,0.013345390558242798,0.1594822108745575,67254.6953125,0.2541232109069824,0.00012394423538654298
985,0.01564007345587015,0.008875129744410515,0.13529887050390244,57056.427734375,0.2012697160243988,0.022976648062467575,0.19209612905979156,81008.203125,0.013371841050684452,0.013371841050684452,0.24813541769981384,0.021326597779989243,0.01333766058087349,0.15977875888347626,67379.7578125,0.25432825088500977,0.0001232792846906129
986,0.015632002614438534,0.008867597207427025,0.13528811186552048,57051.888671875,0.20116107910871506,0.02297939732670784,0.19209334254264832,81007.03125,0.013374730944633484,0.013374730944633484,0.24822010099887848,0.021363457664847374,0.013369093649089336,0.15988728404045105,67425.53125,0.2544308006763458,0.000122617087343485
987,0.015633790753781796,0.008868013974279165,0.13531553000211716,57063.453125,0.2012295424938202,0.023003913462162018,0.1922665685415268,81080.0859375,0.013390584848821163,0.013390584848821163,0.24830329418182373,0.02132239192724228,0.013324564322829247,0.15995654463768005,67454.7265625,0.2540273070335388,0.00012195764788378597
988,0.015621664002537727,0.008853825274854898,0.13535676151514053,57080.837890625,0.2009790614247322,0.022988885641098022,0.19216516613960266,81037.3203125,0.013380627147853374,0.013380627147853374,0.24827894568443298,0.02131044864654541,0.013323373161256313,0.15974149107933044,67364.0390625,0.25400465726852417,0.00012130097083123988
989,0.01562577486038208,0.008859019260853529,0.13533511012792587,57071.712890625,0.20106357336044312,0.02298065461218357,0.19211843609809875,81017.6171875,0.013374732807278633,0.013374732807278633,0.2481967657804489,0.02129887416958809,0.013326676562428474,0.1594439297914505,67238.5546875,0.2539729177951813,0.00012064706068663775
990,0.015625150874257088,0.008860258385539055,0.13529784232378006,57055.9921875,0.2011001631617546,0.02300107665359974,0.1923559010028839,81117.75,0.013383281417191029,0.013383281417191029,0.24812394380569458,0.021285993978381157,0.0132991848513484,0.15973618626594543,67361.8046875,0.2538343071937561,0.00011999592193180642
991,0.015618117991834879,0.008853924227878451,0.13528387993574142,57050.1015625,0.20098809152841568,0.022984614595770836,0.1922122836112976,81057.1953125,0.01337399985641241,0.01337399985641241,0.24818052351474762,0.021275464445352554,0.013292785733938217,0.15965355932712555,67326.953125,0.25373223423957825,0.0001193475590295782
992,0.015622858423739672,0.008860789006575942,0.13524138182401657,57032.1796875,0.20113738626241684,0.022943975403904915,0.19184798002243042,80903.5625,0.013351576402783394,0.013351576402783394,0.2481771856546402,0.02130552940070629,0.013331825844943523,0.15947405993938446,67251.2578125,0.2539973855018616,0.00011870197642375958
993,0.015612829476594925,0.00885412935167551,0.1351740062236786,57003.765625,0.20105533301830292,0.022960172966122627,0.19197122752666473,80955.5390625,0.013361611403524876,0.013361611403524876,0.2479545772075653,0.02128966897726059,0.013311658054590225,0.1595602184534073,67287.6015625,0.2539197504520416,0.00011805917853910158
994,0.015612901654094458,0.008852163329720497,0.13521475344896317,57020.955078125,0.20103012025356293,0.022956782951951027,0.1919741928577423,80956.78125,0.013358073309063911,0.013358073309063911,0.2479925900697708,0.02129308320581913,0.013316118158400059,0.15953929722309113,67278.7734375,0.2539110779762268,0.00011741916978126905
995,0.015609223861247301,0.00884951651096344,0.13519414514303207,57012.265625,0.20097616314888,0.022955618798732758,0.1919315904378891,80938.8203125,0.013359038159251213,0.013359038159251213,0.2481337934732437,0.021287739276885986,0.013314224779605865,0.15947026014328003,67249.65625,0.25381559133529663,0.00011678195453681021
996,0.01560930535197258,0.008850165642797947,0.13518278300762177,57007.482421875,0.20099929720163345,0.02295723743736744,0.19206206500530243,80993.84375,0.013354133814573288,0.013354133814573288,0.24798423051834106,0.0212785005569458,0.013298878446221352,0.1595924198627472,67301.171875,0.25365695357322693,0.00011614753717312706
997,0.015602356754243374,0.008842373732477427,0.1351996511220932,57014.58203125,0.20085782557725906,0.02296571619808674,0.19214345514774323,81028.1640625,0.013358543626964092,0.013358543626964092,0.24787482619285583,0.021275248378515244,0.013293137773871422,0.15964223444461823,67322.1875,0.2537209987640381,0.00011551592203844503
998,0.015605203807353973,0.00884367199614644,0.1352306380867958,57027.650390625,0.20089051872491837,0.02295413613319397,0.1919924020767212,80964.46875,0.013354514725506306,0.013354514725506306,0.2481030821800232,0.021324841305613518,0.0133436918258667,0.15962298214435577,67314.0625,0.254259318113327,0.00011488711346178371
999,0.015600103884935379,0.008842681534588337,0.13514843583106995,56992.986328125,0.2008979767560959,0.02294415608048439,0.19198919832706451,80963.1171875,0.013344695791602135,0.013344695791602135,0.24799278378486633,0.021315552294254303,0.013332195580005646,0.15966713428497314,67332.6796875,0.25410664081573486,0.00011426111575292664
1000,0.015595173463225365,0.008838717360049486,0.13512912392616272,56984.83984375,0.20082146674394608,0.022928651422262192,0.19187471270561218,80914.8359375,0.013334915041923523,0.013334915041923523,0.24792036414146423,0.02129877358675003,0.013321714475750923,0.15954118967056274,67279.5703125,0.2538810968399048,0.00011363793320239197
1001,0.015599792823195457,0.008843079674988985,0.1351342648267746,56987.015625,0.2008742094039917,0.022934753447771072,0.19180771708488464,80886.5859375,0.013344367034733295,0.013344367034733295,0.24792101979255676,0.021274246275424957,0.01330367662012577,0.15941141545772552,67224.84375,0.253722220659256,0.00011301757008140304
1002,0.015594445634633303,0.00883937394246459,0.13510143756866455,56973.1640625,0.20083070546388626,0.022943757474422455,0.19191649556159973,80932.4453125,0.013347933068871498,0.013347933068871498,0.24795103073120117,0.02128162980079651,0.01330323051661253,0.15956798195838928,67290.8671875,0.25397825241088867,0.00011240003064185949
1003,0.015594769269227982,0.008839249145239592,0.13511041551828384,56976.951171875,0.2008409947156906,0.022926241159439087,0.19186054170131683,80908.859375,0.013333212584257126,0.013333212584257126,0.2479289025068283,0.02129674330353737,0.013317086733877659,0.1595931053161621,67301.46875,0.2539406418800354,0.00011178531911630718
1004,0.01559214387089014,0.008835529908537865,0.1351322904229164,56986.171875,0.20084837079048157,0.02293257787823677,0.19198794662952423,80962.5703125,0.01333317905664444,0.01333317905664444,0.24783675372600555,0.02126997523009777,0.013288680464029312,0.15962588787078857,67315.2890625,0.25355952978134155,0.0001111734397179102
1005,0.015586113557219505,0.008828348014503717,0.1351553052663803,56995.880859375,0.2007322534918785,0.02293471246957779,0.19204477965831757,80986.5625,0.013332472182810307,0.013332472182810307,0.2477630078792572,0.021251346915960312,0.013271689414978027,0.15959316492080688,67301.484375,0.2534787952899933,0.00011056439664042159
1006,0.015581739135086536,0.008825181983411312,0.13513114303350449,56985.697265625,0.20068691670894623,0.022923307493329048,0.19190195202827454,80926.3203125,0.013328209519386292,0.013328209519386292,0.24781399965286255,0.021270791068673134,0.013297591358423233,0.15946398675441742,67247.015625,0.25368180871009827,0.00010995819405815428
1007,0.015581870451569557,0.008827982936054468,0.13507774472236633,56963.173828125,0.20076163113117218,0.022911831736564636,0.19182370603084564,80893.3203125,0.01332064624875784,0.01332064624875784,0.24781379103660583,0.021275967359542847,0.013304648920893669,0.15942639112472534,67231.15625,0.25377291440963745,0.00010935483612595288
1008,0.015580468811094761,0.008826466277241707,0.13508005440235138,56964.1484375,0.2007286548614502,0.022926408797502518,0.19193588197231293,80940.6328125,0.013329614885151386,0.013329614885151386,0.24777229130268097,0.021255550906062126,0.013281739316880703,0.15947623550891876,67252.1796875,0.25353842973709106,0.00010875432697916504
1009,0.015577415935695171,0.008824951481074095,0.13504928350448608,56951.1796875,0.20070523768663406,0.02292872592806816,0.1918543577194214,80906.2578125,0.013336006551980972,0.013336006551980972,0.24780084192752838,0.021264873445034027,0.013299298472702503,0.1593114733695984,67182.703125,0.2537078857421875,0.00010815667073361336
1010,0.01557596679776907,0.008827300043776631,0.13497333228588104,56919.146484375,0.2007356733083725,0.022921595722436905,0.19182181358337402,80892.515625,0.013330506160855293,0.013330506160855293,0.24779640138149261,0.02127750962972641,0.013311178423464298,0.15932664275169373,67189.1015625,0.2539404034614563,0.00010756187148556673
1011,0.015577563550323248,0.008826837874948978,0.13501450419425964,56936.505859375,0.20073778927326202,0.02291628159582615,0.19176724553108215,80869.5234375,0.013327918946743011,0.013327918946743011,0.24777251482009888,0.021300483494997025,0.013324836269021034,0.1595129370689392,67267.6640625,0.25400349497795105,0.00010696993331171266
1012,0.015569507144391537,0.00881959474645555,0.13499825447797775,56929.658203125,0.20064382255077362,0.022918708622455597,0.19178105890750885,80875.3359375,0.013329656794667244,0.013329656794667244,0.24775446951389313,0.021291078999638557,0.013313001953065395,0.15956154465675354,67288.1640625,0.25385695695877075,0.00010638086026912896
1013,0.015573753509670496,0.008822360541671515,0.13502786308526993,56942.146484375,0.20074262470006943,0.022933974862098694,0.19187843799591064,80916.40625,0.013340053148567677,0.013340053148567677,0.24798348546028137,0.02131379395723343,0.013332211412489414,0.1596316546201706,67317.7265625,0.25409090518951416,0.0001057946563952565
1014,0.015570304356515408,0.00881821010261774,0.13504187762737274,56948.056640625,0.20067959278821945,0.022946015000343323,0.19195836782455444,80950.1015625,0.013348096050322056,0.013348096050322056,0.24802112579345703,0.021272368729114532,0.013295745477080345,0.15953247249126434,67275.890625,0.2538209557533264,0.00010521132570787084
1015,0.015566126443445683,0.008813346270471811,0.13505561649799347,56953.84375,0.20059334486722946,0.022942768409848213,0.1919720470905304,80955.875,0.013344165869057178,0.013344165869057178,0.24793806672096252,0.021269481629133224,0.01329787727445364,0.1594320833683014,67233.5546875,0.25368961691856384,0.00010463087220505528
1016,0.015565173700451851,0.008812818210572004,0.13504710793495178,56950.2578125,0.20060355961322784,0.022941064089536667,0.19205625355243683,80991.3828125,0.01333825197070837,0.01333825197070837,0.247770294547081,0.02124437689781189,0.013268646784126759,0.15951459109783173,67268.359375,0.2535036504268646,0.00010405329986517322
1017,0.015561200212687254,0.008809464983642101,0.1350347101688385,56945.0234375,0.2005365937948227,0.02292938157916069,0.19189675152301788,80924.125,0.013334544375538826,0.013334544375538826,0.24785611033439636,0.021258644759655,0.013283509761095047,0.15950269997119904,67263.34375,0.2536921501159668,0.00010347861264684072
1018,0.015561353415250778,0.00881137466058135,0.1349995732307434,56930.21484375,0.20057687908411026,0.022914260625839233,0.1917411983013153,80858.5234375,0.013327199965715408,0.013327199965715408,0.24786578118801117,0.021273154765367508,0.013300120830535889,0.15946067869663239,67245.625,0.2538403868675232,0.00010290681448889955
1019,0.015559297055006027,0.008810133207589388,0.13498327881097794,56923.337890625,0.20056289434432983,0.022891446948051453,0.19173236191272736,80854.796875,0.013304829597473145,0.013304829597473145,0.247566357254982,0.021258819848299026,0.01328460592776537,0.15948428213596344,67255.5703125,0.2536551058292389,0.00010233790931039032
1020,0.015557522885501385,0.008810000028461218,0.13495046645402908,56909.5078125,0.20057687163352966,0.022885926067829132,0.19174787402153015,80861.34375,0.01329853106290102,0.01329853106290102,0.2475450336933136,0.021252466365695,0.013287964276969433,0.15929004549980164,67173.6640625,0.2535783052444458,0.0001017719010105255
1021,0.015557777136564255,0.008810185827314854,0.13495183736085892,56910.078125,0.20057696104049683,0.0228932686150074,0.19182391464710236,80893.4140625,0.013302072882652283,0.013302072882652283,0.24748684465885162,0.021245747804641724,0.013279569335281849,0.1593235433101654,67187.7890625,0.253560870885849,0.00010120879346866256
1022,0.015554305166006088,0.008809341117739677,0.13489928096532822,56887.921875,0.2005395144224167,0.022898279130458832,0.19179928302764893,80883.0234375,0.013308313675224781,0.013308313675224781,0.2476465404033661,0.021252376958727837,0.01328918244689703,0.15926387906074524,67162.625,0.253604531288147,0.00010064859054427746
1023,0.015553041361272335,0.008806906174868345,0.13492271304130554,56897.798828125,0.20049048960208893,0.022904444485902786,0.19184976816177368,80904.3125,0.013311957009136677,0.013311957009136677,0.2476390153169632,0.02123655006289482,0.013268868438899517,0.1593536138534546,67200.46875,0.25343114137649536,0.00010009129607693832
1024,0.01555278617888689,0.008804218377918005,0.13497135043144226,56918.30859375,0.20043454319238663,0.0229312963783741,0.19198936223983765,80963.1796875,0.013331828638911247,0.013331828638911247,0.2476767599582672,0.021214716136455536,0.013243568129837513,0.15942296385765076,67229.7109375,0.25318533182144165,9.953691388627918e-05
1025,0.015549404546618462,0.008801068644970655,0.13496672362089157,56916.35546875,0.2004406973719597,0.02291436679661274,0.19184842705726624,80903.7421875,0.013321945443749428,0.013321945443749428,0.2476898431777954,0.021217890083789825,0.013250565156340599,0.15934650599956512,67197.46875,0.2532656490802765,9.898544777197328e-05
1026,0.015549656935036182,0.00880233058705926,0.1349465176463127,56907.83984375,0.20046687126159668,0.022897493094205856,0.19167470932006836,80830.484375,0.013313756324350834,0.013313756324350834,0.2477116882801056,0.02123556286096573,0.013272244483232498,0.1592663824558258,67163.6796875,0.25349941849708557,9.843690151370771e-05
1027,0.015544679947197437,0.008798856288194656,0.13491646945476532,56895.169921875,0.20044033229351044,0.02289304882287979,0.19166450202465057,80826.1796875,0.013309823349118233,0.013309823349118233,0.24769575893878937,0.021235544234514236,0.013280795887112617,0.15909495949745178,67091.3984375,0.253528356552124,9.789127887115725e-05
1028,0.015545069240033627,0.008800952695310116,0.1348823383450508,56880.76953125,0.20046129077672958,0.022886302322149277,0.1916879266500473,80836.0703125,0.013301906175911427,0.013301906175911427,0.24746602773666382,0.02121533825993538,0.013259255327284336,0.15912167727947235,67102.6640625,0.2533203363418579,9.734858358395826e-05
1029,0.015539933927357197,0.00879691680893302,0.1348603293299675,56871.490234375,0.2003968507051468,0.022898290306329727,0.19179736077785492,80882.21875,0.013308421708643436,0.013308421708643436,0.24757738411426544,0.02122623100876808,0.0132610397413373,0.15930381417274475,67179.46875,0.25343096256256104,9.680881937168352e-05
1030,0.01554142776876688,0.008797348476946354,0.13488158583641052,56880.453125,0.20039711892604828,0.022909559309482574,0.19180619716644287,80885.9375,0.013319248333573341,0.013319248333573341,0.24770298600196838,0.021229984238743782,0.013264032080769539,0.15931904315948486,67185.890625,0.2534410357475281,9.627198993381637e-05
1031,0.015537662897258997,0.008793645538389683,0.13488034904003143,56879.9296875,0.20037639141082764,0.02293028123676777,0.19191518425941467,80931.90625,0.013334522023797035,0.013334522023797035,0.24785548448562622,0.02122701331973076,0.013256622478365898,0.1594078093767166,67223.3203125,0.2534129023551941,9.573809894972587e-05
1032,0.015538541600108147,0.008791389409452677,0.13494303077459335,56906.365234375,0.20032675564289093,0.02291776053607464,0.19188936054706573,80921.0078125,0.013323292136192322,0.013323292136192322,0.24765709042549133,0.021224871277809143,0.01325493585318327,0.15939870476722717,67219.484375,0.25342029333114624,9.520715007864097e-05
1033,0.0155342947691679,0.00878584710881114,0.13496895879507065,56917.298828125,0.20024297386407852,0.02289227396249771,0.19182905554771423,80895.578125,0.013300820253789425,0.013300820253789425,0.24744892120361328,0.02122904732823372,0.013258319348096848,0.15941452980041504,67226.15625,0.2533705234527588,9.46791469596257e-05
1034,0.0155332051217556,0.008786085993051529,0.13494238257408142,56906.08984375,0.20027273148298264,0.022864513099193573,0.1916448026895523,80817.8828125,0.013282273896038532,0.013282273896038532,0.2473934292793274,0.021221190690994263,0.013261107727885246,0.15920166671276093,67136.390625,0.25333595275878906,9.415409321155435e-05
1035,0.01553030963987112,0.00878885481506586,0.1348291113972664,56858.326171875,0.20033223927021027,0.02285148575901985,0.1915031224489212,80758.1328125,0.013276328332722187,0.013276328332722187,0.24749700725078583,0.02122776210308075,0.013273289427161217,0.15908944606781006,67089.0625,0.25348082184791565,9.363199243308662e-05
1036,0.015529746189713478,0.008790042717009783,0.13479407131671906,56843.546875,0.20035706460475922,0.02287749946117401,0.1917511522769928,80862.7265625,0.013289941474795341,0.013289941474795341,0.24747303128242493,0.02121610753238201,0.013253554701805115,0.15925104916095734,67157.21875,0.25335752964019775,9.31128482026426e-05
1037,0.01553022162988782,0.008787970524281263,0.13484501093626022,56865.037109375,0.20030488818883896,0.02290617674589157,0.19194257259368896,80943.453125,0.013309048488736153,0.013309048488736153,0.24747438728809357,0.02120942622423172,0.01324040163308382,0.15938051044940948,67211.8046875,0.25319570302963257,9.259666407837888e-05
1038,0.01552706491202116,0.008786303922533989,0.13481520861387253,56852.46875,0.20029833167791367,0.0228875782340765,0.19173191487789154,80854.6015625,0.013300982303917408,0.013300982303917408,0.24756336212158203,0.02123340778052807,0.01327271107584238,0.15921393036842346,67141.5703125,0.25341200828552246,9.208344359816365e-05
1039,0.01552140899002552,0.008783315541222692,0.13476186245679855,56829.96875,0.20027552545070648,0.02290242165327072,0.191758930683136,80866.0,0.013314475305378437,0.013314475305378437,0.24774578213691711,0.021241160109639168,0.013277648016810417,0.159270241856575,67165.3046875,0.253595232963562,9.157319027955257e-05
1040,0.015525590162724257,0.00878534046933055,0.13480500131845474,56848.1640625,0.20028823614120483,0.022884640842676163,0.19166627526283264,80826.9375,0.013301325961947441,0.013301325961947441,0.24759671092033386,0.021227113902568817,0.013269775547087193,0.1591467708349228,67113.2421875,0.2534939646720886,9.106590761976478e-05
1041,0.015519659966230392,0.00878106476739049,0.1347719058394432,56834.19921875,0.2002495899796486,0.022883810102939606,0.1916949450969696,80839.0234375,0.013299062848091125,0.013299062848091125,0.24748051166534424,0.021225832402706146,0.013262598775327206,0.15926465392112732,67162.953125,0.2534138560295105,9.056159909565868e-05
1042,0.015520168468356133,0.008779518771916628,0.13481298089027405,56851.5234375,0.2002122476696968,0.022892072796821594,0.19174125790596008,80858.5625,0.013305009342730045,0.013305009342730045,0.2475605010986328,0.021223032847046852,0.013257867656648159,0.15930330753326416,67179.2578125,0.2533961236476898,9.006026816370866e-05
1043,0.015522374771535397,0.008779086638242006,0.13486575335264206,56873.78125,0.2001832202076912,0.02286464348435402,0.19161680340766907,80806.0625,0.013283804059028625,0.013283804059028625,0.2474699169397354,0.021206848323345184,0.013254477642476559,0.15904740989208221,67071.34375,0.253248393535614,8.956191825998066e-05
1044,0.015517905354499817,0.008777939947322011,0.1347993165254593,56845.7578125,0.20020049810409546,0.022867247462272644,0.19168660044670105,80835.5078125,0.013282916508615017,0.013282916508615017,0.24737706780433655,0.021198652684688568,0.013245077803730965,0.15907151997089386,67081.5078125,0.25314146280288696,8.90665528001092e-05
1045,0.015512851066887379,0.008775444701313972,0.13474811241030693,56824.16796875,0.20016582310199738,0.02285672165453434,0.19164419174194336,80817.625,0.013274512253701687,0.013274512253701687,0.24724620580673218,0.021168887615203857,0.013218638487160206,0.15900500118732452,67053.4609375,0.25297069549560547,8.85741751792735e-05
1046,0.015516167040914297,0.00877921050414443,0.13473912328481674,56820.380859375,0.2001693770289421,0.02285483106970787,0.1915702521800995,80786.4453125,0.013276317156851292,0.013276317156851292,0.24729230999946594,0.02115590125322342,0.013211985118687153,0.15887832641601562,67000.03125,0.2529172897338867,8.808478877217474e-05
1047,0.015513771679252386,0.00878015998750925,0.13467223197221756,56792.16796875,0.20022515952587128,0.022836947813630104,0.19141632318496704,80721.5234375,0.013266131281852722,0.013266131281852722,0.2474021166563034,0.02119971439242363,0.013254557736217976,0.158903107047081,67010.4921875,0.2532143294811249,8.75983969330127e-05
1048,0.015517601743340492,0.008782261982560158,0.1347067952156067,56806.7421875,0.20026981830596924,0.022859513759613037,0.19162429869174957,80809.234375,0.013278299011290073,0.013278299011290073,0.2472882866859436,0.021191097795963287,0.013229938223958015,0.15922319889068604,67145.4765625,0.2529725432395935,8.711500299546234e-05
1049,0.015510539524257183,0.008772928034886718,0.13475224375724792,56825.912109375,0.20012052357196808,0.022873034700751305,0.191719189286232,80849.25,0.013287074863910675,0.013287074863910675,0.24734823405742645,0.021208055317401886,0.013239387422800064,0.15937332808971405,67208.78125,0.25317537784576416,8.663461027265183e-05
1050,0.015509221237152815,0.00877123512327671,0.13475971668958664,56829.06640625,0.20014452934265137,0.02288692444562912,0.19170010089874268,80841.1953125,0.013301919214427471,0.013301919214427471,0.24766431748867035,0.021250197663903236,0.013282275758683681,0.1593584269285202,67202.5078125,0.2535654306411743,8.615722205713893e-05
1051,0.015507957432419062,0.008771347813308239,0.134732186794281,56817.453125,0.20015377551317215,0.02287570759654045,0.19166281819343567,80825.4765625,0.013292567804455757,0.013292567804455757,0.2474476844072342,0.02120143175125122,0.013237303122878075,0.1592825949192047,67170.5078125,0.253212571144104,8.568284162088912e-05
1052,0.015503099653869867,0.00876575754955411,0.13474683463573456,56823.626953125,0.20003387331962585,0.022868052124977112,0.19161365926265717,80804.7421875,0.013287369161844254,0.013287369161844254,0.24740369617938995,0.021179363131523132,0.01322260219603777,0.15913522243499756,67108.375,0.25302115082740784,8.521147221525264e-05
1053,0.015501877292990685,0.008766915183514357,0.134699247777462,56803.556640625,0.2000717967748642,0.022848233580589294,0.19146759808063507,80743.140625,0.013274852186441422,0.013274852186441422,0.24736082553863525,0.021197021007537842,0.013244963251054287,0.1590411365032196,67068.6875,0.2531694769859314,8.474311707094275e-05
1054,0.01550271362066269,0.008770876098424196,0.1346367597579956,56777.20703125,0.20019131153821945,0.02285045199096203,0.19148248434066772,80749.4375,0.013276327401399612,0.013276327401399612,0.24740558862686157,0.02121841162443161,0.013261402025818825,0.1591401845216751,67110.46875,0.25344014167785645,8.427777939801318e-05
1055,0.015501772984862328,0.008768366184085608,0.13466812670230865,56790.4375,0.2001051977276802,0.022869328036904335,0.1916540265083313,80821.7734375,0.013286626897752285,0.013286626897752285,0.2474573701620102,0.02119746245443821,0.013236160390079021,0.15922603011131287,67146.6640625,0.25331658124923706,8.381546238583621e-05
1056,0.01549669448286295,0.00876164948567748,0.13470089435577393,56804.2578125,0.20000438392162323,0.02286972850561142,0.19172945618629456,80853.5859375,0.013283256441354752,0.013283256441354752,0.24736161530017853,0.021195214241743088,0.013231692835688591,0.15927040576934814,67165.3828125,0.25313660502433777,8.335616920308072e-05
1057,0.015496521722525358,0.00876201642677188,0.13469010591506958,56799.7109375,0.20007223635911942,0.02285238355398178,0.19164691865444183,80818.7734375,0.013270036317408085,0.013270036317408085,0.2472601979970932,0.021205514669418335,0.013243572786450386,0.1592388153076172,67152.0625,0.2531338334083557,8.289990299769094e-05
1058,0.015494286548346281,0.008761027827858925,0.13466516882181168,56789.189453125,0.20005188137292862,0.022846072912216187,0.19158944487571716,80794.5390625,0.013266601599752903,0.013266601599752903,0.24723726511001587,0.02119697444140911,0.013235685415565968,0.15922577679157257,67146.5546875,0.25311946868896484,8.244666689686438e-05
1059,0.015492934733629227,0.008760272059589624,0.1346532478928566,56784.162109375,0.20005284994840622,0.02284974604845047,0.19157357513904572,80787.8515625,0.01327106636017561,0.01327106636017561,0.247367262840271,0.021212037652730942,0.01325387042015791,0.15916335582733154,67120.2421875,0.2533111870288849,8.199646400703035e-05
1060,0.015492856502532959,0.008760386379435658,0.13464940339326859,56782.5390625,0.20004788041114807,0.022856764495372772,0.19156652688980103,80784.875,0.013278437778353691,0.013278437778353691,0.24731770157814026,0.021207749843597412,0.013250757940113544,0.15913984179496765,67110.3203125,0.2532528340816498,8.154929741382928e-05
1061,0.015492199920117855,0.008759213145822287,0.13465974479913712,56786.90234375,0.19999683648347855,0.022867929190397263,0.1916494220495224,80819.8203125,0.013285458087921143,0.013285458087921143,0.24733014404773712,0.02117849886417389,0.01322081871330738,0.15915359556674957,67116.125,0.2530345320701599,8.110517018209074e-05
1062,0.015486465767025948,0.008753989823162556,0.13464953005313873,56782.591796875,0.1998949497938156,0.022844672203063965,0.19152866303920746,80768.8984375,0.013268238864839077,0.013268238864839077,0.24725759029388428,0.02118506282567978,0.01323030237108469,0.15909519791603088,67091.5,0.2530783414840698,8.066408535581314e-05
1063,0.015487154014408588,0.008755677845329046,0.1346295103430748,56774.15234375,0.19994805753231049,0.022852851077914238,0.1915808469057083,80790.90625,0.013273808173835278,0.013273808173835278,0.24733413755893707,0.02119586244225502,0.013237426988780499,0.15916872024536133,67122.4921875,0.25315505266189575,8.022604595814239e-05
1064,0.015485647600144148,0.008753321133553982,0.13464652746915817,56781.330078125,0.19991323351860046,0.022852424532175064,0.19161368906497955,80804.7578125,0.013271740637719631,0.013271740637719631,0.24721962213516235,0.021181633695960045,0.013224906288087368,0.15913455188274384,67108.1015625,0.2530257999897003,7.979105499135165e-05
1065,0.015480984933674335,0.008750826586037874,0.13460316509008408,56763.0390625,0.19989903271198273,0.022835394367575645,0.19150514900684357,80758.984375,0.013260136358439922,0.013260136358439922,0.2471855878829956,0.021195268258452415,0.013241899199783802,0.15906737744808197,67079.7578125,0.2531145513057709,7.935911543682016e-05
1066,0.015481994953006506,0.008753503207117319,0.13456983119249344,56748.986328125,0.19996719807386398,0.022816769778728485,0.19139349460601807,80711.9140625,0.013247094117105007,0.013247094117105007,0.24719181656837463,0.021204344928264618,0.013253485783934593,0.1590171605348587,67058.5859375,0.25320249795913696,7.893023025501332e-05
1067,0.015482453163713217,0.008753920905292034,0.1345706433057785,56749.328125,0.19996464997529984,0.022819772362709045,0.19148211181163788,80749.265625,0.013245666399598122,0.013245666399598122,0.24716387689113617,0.02120862901210785,0.013249127194285393,0.15919002890586853,67131.4921875,0.25320419669151306,7.850440238546205e-05
1068,0.01547867152839899,0.008749026339501143,0.13459289073944092,56758.712890625,0.1998969167470932,0.022843625396490097,0.19165177643299103,80820.828125,0.013261036947369576,0.013261036947369576,0.24713969230651855,0.021178554743528366,0.013214421458542347,0.1592826545238495,67170.546875,0.2528941333293915,7.808163474674299e-05
1069,0.015476272907108068,0.008745247032493353,0.13462051004171371,56770.357421875,0.19984105229377747,0.02286568656563759,0.19172532856464386,80851.84375,0.013279419392347336,0.013279419392347336,0.24730592966079712,0.021169427782297134,0.01320586632937193,0.1592712104320526,67165.7265625,0.25284579396247864,7.766193023645818e-05
1070,0.015476183965802193,0.008746316656470299,0.13459734618663788,56760.5859375,0.19986505806446075,0.022853970527648926,0.19159086048603058,80795.125,0.013274428434669971,0.013274428434669971,0.24730785191059113,0.02115984819829464,0.013205574825406075,0.1590854674577713,67087.3828125,0.2528417110443115,7.724529173121533e-05
1071,0.015475776977837086,0.008746646810323,0.13458260893821716,56754.37109375,0.1998475417494774,0.022845393046736717,0.19154274463653564,80774.8359375,0.01326825562864542,0.01326825562864542,0.2472616732120514,0.02115316316485405,0.013203389942646027,0.15899547934532166,67049.4375,0.2528355121612549,7.683172208660811e-05
1072,0.01547164935618639,0.00874391756951809,0.13455462455749512,56742.5703125,0.19981249421834946,0.022839054465293884,0.1915515661239624,80778.5625,0.01326147560030222,0.01326147560030222,0.2471640706062317,0.021157793700695038,0.013210846111178398,0.1589389443397522,67025.609375,0.2528344988822937,7.64212241371966e-05
1073,0.01547155249863863,0.008743295911699533,0.13456512242555618,56746.99609375,0.19982463121414185,0.022848663851618767,0.1916544884443283,80821.953125,0.013265939429402351,0.013265939429402351,0.2471345216035843,0.021155746653676033,0.013203608803451061,0.15904276072978973,67069.3828125,0.25281283259391785,7.601380069648772e-05
1074,0.015471448190510273,0.008742674719542265,0.13457545638084412,56751.357421875,0.19980819523334503,0.02282796800136566,0.19152438640594482,80767.09375,0.013251748867332935,0.013251748867332935,0.24712368845939636,0.021166477352380753,0.01321916002780199,0.15894633531570435,67028.71875,0.25297147035598755,7.560945455691606e-05
1075,0.01547037810087204,0.008744291262701154,0.1345217302441597,56728.697265625,0.19985462725162506,0.02281024307012558,0.19139686226844788,80713.3203125,0.013240400701761246,0.013240400701761246,0.24717044830322266,0.021186409518122673,0.013243121095001698,0.1588657647371292,66994.7421875,0.25312697887420654,7.520818848982493e-05
1076,0.01546876784414053,0.00874355062842369,0.13450434803962708,56721.37109375,0.19986344873905182,0.02281372994184494,0.19147147238254547,80744.78125,0.013240156695246696,0.013240156695246696,0.2470453381538391,0.02116486057639122,0.013214283622801304,0.15901154279708862,67056.21875,0.25290870666503906,7.481000524544694e-05
1077,0.01546622533351183,0.008740146178752184,0.13452157378196716,56728.634765625,0.19978010654449463,0.02281869575381279,0.19153709709644318,80772.4609375,0.013241841457784176,0.013241841457784176,0.24693663418293,0.021156102418899536,0.013201509602367878,0.15909184515476227,67090.078125,0.2527983784675598,7.441490755288545e-05
1078,0.01546568563207984,0.0087393494322896,0.13452672958374023,56730.80859375,0.19975940138101578,0.022829582914710045,0.19154055416584015,80773.9140625,0.013252555392682552,0.013252555392682552,0.24706608057022095,0.021174412220716476,0.013220297172665596,0.159082293510437,67086.0546875,0.2529773712158203,7.40228981200958e-05
1079,0.015463082119822502,0.008737745694816113,0.1345067247748375,56722.373046875,0.1997867226600647,0.0228380486369133,0.19150179624557495,80757.5703125,0.013262958265841007,0.013262958265841007,0.24730026721954346,0.021206479519605637,0.013249367475509644,0.15914222598075867,67111.3203125,0.2532745599746704,7.363397963386676e-05
1080,0.015463022515177727,0.008737774100154638,0.13450495153665543,56721.630859375,0.1997973546385765,0.022837553173303604,0.19154109060764313,80774.140625,0.013260498642921448,0.013260498642921448,0.24724262952804565,0.021189719438552856,0.01323231216520071,0.15914814174175262,67113.8203125,0.2531156539916992,7.324815475980216e-05
1081,0.01545957988128066,0.008732318878173828,0.1345452219247818,56738.60546875,0.19971957057714462,0.02283754013478756,0.19159558415412903,80797.125,0.013257760554552078,0.013257760554552078,0.24710264801979065,0.02117813751101494,0.013219681568443775,0.15916912257671356,67122.671875,0.2529350519180298,7.286542614230237e-05
1082,0.015458858571946621,0.008732680696994066,0.13452357053756714,56729.474609375,0.19973181188106537,0.0228226650506258,0.19151760637760162,80764.234375,0.013246784918010235,0.013246784918010235,0.24701368808746338,0.021182682365179062,0.013227608986198902,0.1591014862060547,67094.140625,0.2529655992984772,7.248579640454658e-05
1083,0.015455887652933598,0.008731644600629807,0.13448486477136612,56713.150390625,0.19972087442874908,0.022813264280557632,0.19143053889274597,80727.515625,0.013241738080978394,0.013241738080978394,0.24705012142658234,0.021177295595407486,0.01322491466999054,0.15904763340950012,67071.4296875,0.25299271941185,7.21092681484745e-05
1084,0.01545633701607585,0.008732639718800783,0.13447393476963043,56708.544921875,0.1997184306383133,0.022810496389865875,0.19140560925006866,80717.0078125,0.013240214437246323,0.013240214437246323,0.24707283079624176,0.02117009460926056,0.013220434077084064,0.15899322926998138,67048.5,0.2529885768890381,7.173584395476858e-05
1085,0.015457400120794773,0.008733982220292091,0.13446836918592453,56706.197265625,0.1997196227312088,0.02280982956290245,0.19145117700099945,80736.2265625,0.013237271457910538,0.013237271457910538,0.24699333310127258,0.021160446107387543,0.013211734592914581,0.15897421538829803,67040.4765625,0.25279101729393005,7.136552638283643e-05
1086,0.015452719293534756,0.008729402208700776,0.13446634262800217,56705.33984375,0.19969580322504044,0.02281586080789566,0.19153046607971191,80769.6640625,0.013239337131381035,0.013239337131381035,0.24700133502483368,0.021167829632759094,0.013214200735092163,0.15907256305217743,67081.953125,0.2528054118156433,7.099831797079326e-05
1087,0.015453170519322157,0.008729030610993505,0.13448279350996017,56712.283203125,0.19969279319047928,0.02281825616955757,0.1914854198694229,80750.6640625,0.013243984431028366,0.013243984431028366,0.24702982604503632,0.021160773932933807,0.013212603516876698,0.1589634269475937,67035.9296875,0.25283414125442505,7.063422123544448e-05
1088,0.015451178885996342,0.008729112800210714,0.1344413235783577,56694.791015625,0.19969092309474945,0.02281206101179123,0.1914394497871399,80731.28125,0.013240089640021324,0.013240089640021324,0.24704597890377045,0.02116306684911251,0.013217519037425518,0.15891095995903015,67013.8046875,0.2529005706310272,7.027323867226813e-05
1089,0.01545020379126072,0.00872786995023489,0.1344466730952263,56697.048828125,0.19967103004455566,0.022818906232714653,0.19146691262722015,80742.859375,0.013245560228824615,0.013245560228824615,0.2470342069864273,0.021164624020457268,0.013213793747127056,0.15901660919189453,67058.34375,0.25294339656829834,6.99153727553985e-05
1090,0.015448586083948612,0.008725347463041544,0.13446477055549622,56704.685546875,0.1996241807937622,0.022825434803962708,0.1914932280778885,80753.9609375,0.013250772841274738,0.013250772841274738,0.24705706536769867,0.02117350324988365,0.013220247812569141,0.15906508266925812,67078.7890625,0.2529604434967041,6.956062593760838e-05
1091,0.015453672967851162,0.008730393834412098,0.13446558266878128,56705.021484375,0.1997123882174492,0.022822221741080284,0.1915048062801361,80758.84375,0.013246981427073479,0.013246981427073479,0.24708247184753418,0.02117062918841839,0.013215509243309498,0.1591023951768875,67094.53125,0.2528759241104126,6.920900065029282e-05
1092,0.01544721145182848,0.008723449427634478,0.1344752311706543,56709.091796875,0.19961295276880264,0.02283908613026142,0.19163551926612854,80813.9609375,0.013257309794425964,0.013257309794425964,0.24708624184131622,0.02114281803369522,0.013184543699026108,0.15916550159454346,67121.140625,0.2526918053627014,6.886049930345211e-05
1093,0.015444118529558182,0.00872044824063778,0.13447340577840805,56708.318359375,0.1995614990592003,0.022822408005595207,0.1915266364812851,80768.046875,0.013246076181530952,0.013246076181530952,0.247017502784729,0.02115122228860855,0.013197492808103561,0.159074604511261,67082.8203125,0.25276029109954834,6.851512428567553e-05
1094,0.0154458018951118,0.008724091574549675,0.13443420827388763,56691.79296875,0.1996319442987442,0.022816725075244904,0.19148097932338715,80748.7890625,0.013242674991488457,0.013242674991488457,0.24701258540153503,0.02116004005074501,0.01320662535727024,0.15906831622123718,67080.1640625,0.2528533339500427,6.817287796412468e-05
1095,0.015443007461726665,0.008722938131541014,0.134401373565197,56677.94140625,0.19960786402225494,0.022795002907514572,0.19136622548103333,80700.390625,0.01322669256478548,0.01322669256478548,0.2468615472316742,0.021143846213817596,0.013198335655033588,0.15891022980213165,67013.5,0.2527432441711426,6.783376268451766e-05
1096,0.015441547147929668,0.008722849888727069,0.13437393680214882,56666.375,0.19957959651947021,0.02278164029121399,0.19129790365695953,80671.59375,0.013216746039688587,0.013216746039688587,0.24680447578430176,0.02113424614071846,0.013194476254284382,0.15879537165164948,66965.0546875,0.25265684723854065,6.749778077111247e-05
1097,0.01544228009879589,0.008723212406039238,0.13438134640455246,56669.50390625,0.1995846852660179,0.02279028668999672,0.19136838614940643,80701.3125,0.013221867382526398,0.013221867382526398,0.2468610405921936,0.021144472062587738,0.013203193433582783,0.1588255614042282,66977.78125,0.2527579963207245,6.716493452669165e-05
1098,0.015440442133694887,0.008722300175577402,0.1343628391623497,56661.689453125,0.19961236417293549,0.022790540009737015,0.19136153161525726,80698.4140625,0.013222463428974152,0.013222463428974152,0.24686020612716675,0.021148111671209335,0.013206535018980503,0.15883152186870575,66980.3046875,0.25282591581344604,6.683522623254604e-05
1099,0.015439257957041264,0.00872065220028162,0.13437212258577347,56665.607421875,0.1995685175061226,0.02279927209019661,0.19144175946712494,80732.2578125,0.013227183371782303,0.013227183371782303,0.24679133296012878,0.021145090460777283,0.013195806182920933,0.1589857041835785,67045.3203125,0.2527585029602051,6.650865814845932e-05
1100,0.015440907329320908,0.008722103666514158,0.13437605649232864,56667.26953125,0.19959253072738647,0.022800076752901077,0.19144147634506226,80732.140625,0.013228002935647964,0.013228002935647964,0.24679075181484222,0.021141458302736282,0.013191228732466698,0.1590045988559723,67053.296875,0.25265204906463623,6.618523251269263e-05
1101,0.015435545705258846,0.008718169061467052,0.13434752821922302,56655.236328125,0.19956251978874207,0.02279292419552803,0.19131259620189667,80677.796875,0.013227293267846107,0.013227293267846107,0.24698209762573242,0.02117452397942543,0.01322657335549593,0.15895900130271912,67034.0546875,0.2529250979423523,6.586495154196912e-05
1102,0.015437859110534191,0.008720860816538334,0.13433997333049774,56652.048828125,0.19963397085666656,0.02280913107097149,0.19142957031726837,80727.1171875,0.013237652368843555,0.013237652368843555,0.24703696370124817,0.021174058318138123,0.013219280168414116,0.15909557044506073,67091.6484375,0.2529119551181793,6.554781743145862e-05
1103,0.015433287248015404,0.008713067509233952,0.13440440595149994,56679.224609375,0.1994910016655922,0.022829923778772354,0.19159626960754395,80797.4140625,0.013250110670924187,0.013250110670924187,0.2469378262758255,0.021150894463062286,0.013190839439630508,0.15920110046863556,67136.15625,0.25267988443374634,6.523383235476278e-05
1104,0.015433140099048615,0.00871173432096839,0.13442811369895935,56689.22265625,0.19948242604732513,0.022828690707683563,0.1915813833475113,80791.140625,0.013249621726572514,0.013249621726572514,0.24695491790771484,0.02115023136138916,0.013194847851991653,0.15910765528678894,67096.75,0.2526929974555969,6.49229984639003e-05
1105,0.01543035777285695,0.008711067494004965,0.13438580930233002,56671.380859375,0.199501171708107,0.02281610108911991,0.19144612550735474,80734.1015625,0.013243794441223145,0.013243794441223145,0.24701614677906036,0.021155264228582382,0.013207396492362022,0.1589573323726654,67033.3671875,0.2528190612792969,6.461531788929177e-05
1106,0.015430449973791838,0.008714314317330718,0.13432271406054497,56644.775390625,0.1995743215084076,0.022788729518651962,0.19128873944282532,80667.7265625,0.013224293477833271,0.013224293477833271,0.24692267179489136,0.021171920001506805,0.013226536102592945,0.1589076966047287,67012.421875,0.2529699206352234,6.431079273974535e-05
1107,0.01543334499001503,0.008718490367755294,0.13429709151387215,56633.96875,0.19959630817174911,0.022784072905778885,0.1912774294614792,80662.953125,0.01322020124644041,0.01322020124644041,0.2468118965625763,0.02115652896463871,0.013212048448622227,0.15888960659503937,67004.7890625,0.2528397738933563,6.400942510244239e-05
1108,0.015428189188241959,0.008714130613952875,0.13428116589784622,56627.251953125,0.19952497631311417,0.022791767492890358,0.1913064867258072,80675.203125,0.013226442970335484,0.013226442970335484,0.2468901425600052,0.02117123082280159,0.01322386134415865,0.1589474081993103,67029.1640625,0.2529600262641907,6.371121704292297e-05
1109,0.015426200814545155,0.008712615352123976,0.13427169620990753,56623.267578125,0.19951865822076797,0.022801857441663742,0.19142447412014008,80724.9609375,0.013230634853243828,0.013230634853243828,0.24694176018238068,0.021173667162656784,0.01322264689952135,0.15902042388916016,67059.9609375,0.25299060344696045,6.341617060507163e-05
1110,0.015427241101861,0.008711215108633041,0.13432051986455917,56643.84765625,0.19949764013290405,0.022807421162724495,0.19150307774543762,80758.109375,0.013232267461717129,0.013232267461717129,0.24687057733535767,0.021149341017007828,0.013195965439081192,0.15906751155853271,67079.8203125,0.25274038314819336,6.312428781110369e-05
1111,0.015423109754920006,0.008706120774149895,0.13433977961540222,56651.970703125,0.1994212567806244,0.022795677185058594,0.19139638543128967,80713.125,0.01322585716843605,0.01322585716843605,0.2468588948249817,0.02116193249821663,0.0132135646417737,0.15896734595298767,67037.578125,0.2528267502784729,6.283557066155111e-05
1112,0.01542642991989851,0.008710036985576153,0.13432785496115685,56646.947265625,0.19947712868452072,0.022801926359534264,0.1914212703704834,80723.6171875,0.013230863027274609,0.013230863027274609,0.24684543907642365,0.02113908901810646,0.01319173164665699,0.15894715487957,67029.0625,0.2526743412017822,6.255002113524892e-05
1113,0.01541950274258852,0.008704428561031818,0.13430147618055344,56635.822265625,0.19940126687288284,0.02278377115726471,0.19128772616386414,80667.3046875,0.013219383545219898,0.013219383545219898,0.24685736000537872,0.02114485390484333,0.013202952221035957,0.15883803367614746,66983.046875,0.25276458263397217,6.226764118932163e-05
1114,0.015421492047607899,0.008707235101610422,0.1342851221561432,56628.921875,0.1994493156671524,0.022778771817684174,0.1912999004125595,80672.4375,0.013213776051998138,0.013213776051998138,0.246781587600708,0.021138224750757217,0.01319554727524519,0.15885356068611145,66989.5859375,0.25268444418907166,6.198843275916973e-05
1115,0.015419208444654942,0.00870537431910634,0.13427668064832687,56625.357421875,0.1994287595152855,0.022779565304517746,0.19132018089294434,80680.9765625,0.013213557191193104,0.013213557191193104,0.2467719167470932,0.021133320406079292,0.013190184719860554,0.15886270999908447,66993.4609375,0.25260332226753235,6.171239775845655e-05
1116,0.015420082025229931,0.00870684115216136,0.13426482304930687,56620.36328125,0.19945774972438812,0.022778324782848358,0.19130918383598328,80676.359375,0.013212866149842739,0.013212866149842739,0.24674084782600403,0.0211368128657341,0.013193984515964985,0.1588565558195114,66990.859375,0.25256261229515076,6.143953807909508e-05
1117,0.015417720656841993,0.008705039974302053,0.1342536136507988,56615.63671875,0.19946011900901794,0.022792227566242218,0.19140443205833435,80716.5078125,0.013222006149590015,0.013222006149590015,0.24684865772724152,0.021148350089788437,0.013196655549108982,0.1590338796377182,67065.640625,0.2526535093784332,6.116985559123498e-05
1118,0.015414371155202389,0.008700227830559015,0.13428286463022232,56627.978515625,0.19937647134065628,0.022790279239416122,0.1914324164390564,80728.3125,0.013218658044934273,0.013218658044934273,0.24680572748184204,0.02115357108414173,0.01319654006510973,0.15914061665534973,67110.65625,0.2527310252189636,6.090335214324984e-05
1119,0.015416314825415611,0.00870164530351758,0.13429337739944458,56632.408203125,0.19937576353549957,0.022798605263233185,0.19146569073200226,80742.3359375,0.013225319795310497,0.013225319795310497,0.2468441277742386,0.021145932376384735,0.013192221522331238,0.15907423198223114,67082.6484375,0.2526792883872986,6.064002956172453e-05
1120,0.015413234010338783,0.00869914423674345,0.13428179174661636,56627.515625,0.1993464082479477,0.02279910258948803,0.1914447546005249,80733.515625,0.013226864859461784,0.013226864859461784,0.24683012068271637,0.021136237308382988,0.013186386786401272,0.15899701416492462,67050.0859375,0.25262096524238586,6.037988965144241e-05
1121,0.01541251502931118,0.008699155412614346,0.1342671886086464,56621.365234375,0.19933590292930603,0.02278471551835537,0.19130577147006989,80674.90625,0.01321942638605833,0.01321942638605833,0.24677415192127228,0.02111572027206421,0.013174754567444324,0.1588193029165268,66975.1484375,0.25245845317840576,6.012293419537334e-05
1122,0.01541014201939106,0.008698499761521816,0.13423284888267517,56606.875,0.19935455173254013,0.02278139814734459,0.19127289950847626,80661.0390625,0.013217751868069172,0.013217751868069172,0.24677768349647522,0.021113861352205276,0.01317615620791912,0.1587541103363037,66947.6640625,0.25248903036117554,5.986916495466128e-05
1123,0.015409385785460472,0.00869877403602004,0.13421223312616348,56598.18359375,0.19935965538024902,0.02278348244726658,0.19125479459762573,80653.4140625,0.013220742344856262,0.013220742344856262,0.2468281090259552,0.021115250885486603,0.013178113847970963,0.158742755651474,66942.8671875,0.25249558687210083,5.961858366861222e-05
1124,0.015409120358526707,0.008698203135281801,0.13421834260225296,56600.76171875,0.1993570476770401,0.02278960309922695,0.19132642447948456,80683.6171875,0.013223282061517239,0.013223282061517239,0.2468198537826538,0.021120961755514145,0.013178682886064053,0.15884555876255035,66986.2265625,0.2525099217891693,5.937119205468223e-05
1125,0.015409601386636496,0.008698893710970879,0.1342141479253769,56598.998046875,0.19937701523303986,0.022786900401115417,0.19132928550243378,80684.8203125,0.013220436871051788,0.013220436871051788,0.24676233530044556,0.02112651988863945,0.013183736242353916,0.15885566174983978,66990.484375,0.2525261342525482,5.91269918084656e-05
1126,0.015408613719046116,0.00869893399067223,0.13419358432292938,56590.318359375,0.19940684735774994,0.02277667634189129,0.19128572940826416,80666.4453125,0.013212389312684536,0.013212389312684536,0.24671638011932373,0.021130627021193504,0.013187123462557793,0.15887007117271423,66996.546875,0.2525746524333954,5.8885984603683615e-05
1127,0.015404311940073967,0.008694211486727,0.1342020109295845,56593.8671875,0.19931653141975403,0.02278323844075203,0.19130739569664001,80675.59375,0.013217867352068424,0.013217867352068424,0.24677440524101257,0.021130036562681198,0.013184425421059132,0.15891224145889282,67014.34375,0.25263479351997375,5.864817209217264e-05
1128,0.015407235361635685,0.008695900440216064,0.1342267021536827,56604.287109375,0.19930556416511536,0.02278238534927368,0.19131889939308167,80680.4296875,0.013216439634561539,0.013216439634561539,0.24673624336719513,0.02113160490989685,0.01318435464054346,0.1589449793100357,67028.1484375,0.2525864541530609,5.8413555903872954e-05
1129,0.015405029058456421,0.008694917429238558,0.1342022307217121,56593.966796875,0.1993253529071808,0.02278439700603485,0.19129379093647003,80669.8515625,0.013219708576798439,0.013219708576798439,0.2467547357082367,0.021126069128513336,0.013183796778321266,0.158845454454422,66986.1796875,0.25251850485801697,5.818213764681764e-05
1130,0.015402034856379032,0.00869302055798471,0.13418027758598328,56584.70703125,0.19930684566497803,0.02278020977973938,0.19132091104984283,80681.2890625,0.013214164413511753,0.013214164413511753,0.24669289588928223,0.021116890013217926,0.013170883059501648,0.15892013907432556,67017.6640625,0.25244033336639404,5.795391890712165e-05
1131,0.015402437187731266,0.00869237957522273,0.13420115411281586,56593.513671875,0.19927562773227692,0.022771723568439484,0.19125919044017792,80655.2578125,0.013208763673901558,0.013208763673901558,0.2466392070055008,0.021109675988554955,0.013166842982172966,0.15885666012763977,66990.8984375,0.2524120807647705,5.772890124897052e-05
1132,0.015402166172862053,0.008692773059010506,0.13418786227703094,56587.90234375,0.19929447025060654,0.022762279957532883,0.19115115702152252,80609.703125,0.013204720802605152,0.013204720802605152,0.24675041437149048,0.02113303914666176,0.013195005245506763,0.1587606966495514,66950.4296875,0.2526441812515259,5.750708621461015e-05
1133,0.01540169958025217,0.008694280870258808,0.13414836674928665,56571.25390625,0.19932543486356735,0.02277318388223648,0.19124092161655426,80647.5546875,0.013211136683821678,0.013211136683821678,0.24673286080360413,0.02112661674618721,0.013184810988605022,0.15883609652519226,66982.234375,0.25258076190948486,5.7288475324335926e-05
1134,0.015398563351482153,0.008690849877893925,0.13415426015853882,56573.734375,0.1992916762828827,0.022767668589949608,0.1912468820810318,80650.0703125,0.013205324299633503,0.013205324299633503,0.24666109681129456,0.02112969383597374,0.013185393996536732,0.15888597071170807,67003.265625,0.25256168842315674,5.707307007648245e-05
1135,0.01539484690874815,0.008687237743288279,0.13415216654539108,56572.857421875,0.1992325484752655,0.022771576419472694,0.19129930436611176,80672.1796875,0.013206611387431622,0.013206611387431622,0.24664047360420227,0.021119605749845505,0.013174474239349365,0.1589026004076004,67010.2734375,0.25246813893318176,5.686087194741311e-05
1136,0.015398743562400341,0.008689702022820711,0.13418083637952805,56584.94140625,0.1992425173521042,0.022772595286369324,0.191291943192482,80669.0703125,0.013207999058067799,0.013207999058067799,0.2466394305229187,0.021122179925441742,0.013176078908145428,0.158922016620636,67018.4609375,0.2524670958518982,5.665188239151017e-05
1137,0.015394804999232292,0.008687061723321676,0.13415486365556717,56573.990234375,0.19922882318496704,0.022762183099985123,0.19120760262012482,80633.5078125,0.013201802968978882,0.013201802968978882,0.24666035175323486,0.02113361284136772,0.013191498816013336,0.15884225070476532,66984.8203125,0.25255540013313293,5.64461028411647e-05
1138,0.015394639689475298,0.008688838221132755,0.1341160237789154,56557.615234375,0.19928159564733505,0.022760607302188873,0.19121992588043213,80638.6953125,0.013199610635638237,0.013199610635638237,0.2466483861207962,0.021141845732927322,0.013197566382586956,0.15888556838035583,67003.078125,0.2526512145996094,5.624353470676659e-05
1139,0.015394274145364761,0.008687769062817097,0.1341301053762436,56563.548828125,0.19923509657382965,0.02277517504990101,0.19134925305843353,80693.2421875,0.013207712210714817,0.013207712210714817,0.2466599941253662,0.021127570420503616,0.013177257962524891,0.15900622308254242,67053.96875,0.2525794208049774,5.604417937669519e-05
1140,0.015394601039588451,0.008685873821377754,0.13417454808950424,56582.291015625,0.1991841420531273,0.022770151495933533,0.19135311245918274,80694.875,0.013202495872974396,0.013202495872974396,0.24659480154514313,0.021125925704836845,0.013177267275750637,0.15897317230701447,67040.03125,0.25251126289367676,5.5848038217309645e-05
1141,0.015389719977974892,0.008681362494826317,0.1341671496629715,56579.171875,0.19916024804115295,0.022770065814256668,0.19133877754211426,80688.8203125,0.013203125447034836,0.013203125447034836,0.2466520220041275,0.021138302981853485,0.013189278542995453,0.15898048877716064,67043.1171875,0.2525915503501892,5.565511257293943e-05
1142,0.015390720684081316,0.00868260394781828,0.1341623291373253,56577.140625,0.19919681549072266,0.022762205451726913,0.19124223291873932,80648.109375,0.013200093992054462,0.013200093992054462,0.24662400782108307,0.02112225629389286,0.013178328983485699,0.15887854993343353,67000.1328125,0.2524917423725128,5.546540376587535e-05
1143,0.015391794964671135,0.00868329405784607,0.13417001068592072,56580.380859375,0.19919633865356445,0.022760387510061264,0.19125039875507355,80651.5546875,0.013197867199778557,0.013197867199778557,0.24660605192184448,0.02111710235476494,0.013172970153391361,0.15888264775276184,67001.859375,0.2525256872177124,5.5278913096360385e-05
1144,0.015388784930109978,0.008681443985551596,0.1341468170285225,56570.603515625,0.19915581494569778,0.022752247750759125,0.1912185549736023,80638.125,0.013191320933401585,0.013191320933401585,0.24656766653060913,0.021122625097632408,0.013181356713175774,0.1588253676891327,66977.7109375,0.2525666356086731,5.509564184258057e-05
1145,0.015386417508125305,0.008680833037942648,0.1341116949915886,56555.787109375,0.19918422400951385,0.02275989204645157,0.1912599354982376,80655.5859375,0.013196895830333233,0.013196895830333233,0.2466050684452057,0.02112438902258873,0.013180156238377094,0.1588846743106842,67002.7109375,0.2525227665901184,5.491559126065666e-05
1146,0.015387206804007292,0.008682168554514647,0.1341007649898529,56551.177734375,0.19920819997787476,0.02275458350777626,0.19123321771621704,80644.3125,0.013192921876907349,0.013192921876907349,0.24655656516551971,0.021105267107486725,0.013164153322577477,0.15882229804992676,66976.4140625,0.25237786769866943,5.473876258463519e-05
1147,0.015383640769869089,0.008678754325956106,0.13409772515296936,56549.89453125,0.1991458460688591,0.02275921031832695,0.19124022126197815,80647.2578125,0.013197198510169983,0.013197198510169983,0.24656455218791962,0.021090969443321228,0.01314824540168047,0.15885445475578308,66989.96875,0.2522813379764557,5.4565157026480045e-05
1148,0.015383371151983738,0.00867867236956954,0.1340939775109291,56548.314453125,0.1991301253437996,0.022756468504667282,0.19118010997772217,80621.90625,0.013197463937103748,0.013197463937103748,0.24657697975635529,0.0210883766412735,0.013147675432264805,0.15881402790546417,66972.9140625,0.25223541259765625,5.4394775776064313e-05
1149,0.015382069163024426,0.008678304962813854,0.13407527655363083,56540.42578125,0.19914338737726212,0.022761870175600052,0.1911793053150177,80621.5703125,0.013202905654907227,0.013202905654907227,0.2466563582420349,0.021097997203469276,0.013159104622900486,0.1587778478860855,66957.6640625,0.25230783224105835,5.4227620001162025e-05
1150,0.01538280863314867,0.008679658640176058,0.1340629830956459,56535.244140625,0.19918809831142426,0.022761136293411255,0.19120988249778748,80634.46875,0.013200642541050911,0.013200642541050911,0.24662497639656067,0.021107617765665054,0.013164374977350235,0.1588648408651352,66994.34375,0.25234532356262207,5.406369084744009e-05
1151,0.015379680320620537,0.00867611076682806,0.13407137989997864,56538.78515625,0.1991102173924446,0.022764820605516434,0.19127479195594788,80661.84375,0.01320108212530613,0.01320108212530613,0.246578186750412,0.02110568806529045,0.013160043396055698,0.15891288220882416,67014.609375,0.2523308992385864,5.3902989438450625e-05
1152,0.0153809511102736,0.008675920777022839,0.13410060107707977,56551.107421875,0.1990882009267807,0.022759512066841125,0.19121858477592468,80638.140625,0.013198581524193287,0.013198581524193287,0.2465670108795166,0.02111358940601349,0.013170243240892887,0.15886692702770233,66995.2265625,0.25240832567214966,5.374551687562308e-05
1153,0.015382901765406132,0.008679600898176432,0.13406601175665855,56536.515625,0.19918346405029297,0.022758249193429947,0.1911655068397522,80615.7578125,0.013199974782764912,0.013199974782764912,0.24666684865951538,0.021128948777914047,0.013188320212066174,0.15881255269050598,66972.2890625,0.2525537610054016,5.359127423825671e-05
1154,0.01537892734631896,0.008676090743392706,0.13405673205852509,56532.611328125,0.1991424411535263,0.022767823189496994,0.1912544220685959,80653.25,0.013205100782215595,0.013205100782215595,0.24665305018424988,0.021118979901075363,0.01317515131086111,0.15887655317783356,66999.296875,0.2525039315223694,5.344026258351339e-05
1155,0.015374875627458096,0.008671141462400556,0.13407468795776367,56540.177734375,0.19903947412967682,0.022766489535570145,0.19130165874958038,80673.1796875,0.01320140715688467,0.01320140715688467,0.24656683206558228,0.021110814064741135,0.013165496289730072,0.15890637040138245,67011.859375,0.2523914575576782,5.3292482946410026e-05
1156,0.015375987160950899,0.00867175916209817,0.1340845599770546,56544.345703125,0.1990446001291275,0.022763244807720184,0.1912996768951416,80672.328125,0.013198262080550194,0.013198262080550194,0.24653062224388123,0.021103158593177795,0.01316225528717041,0.1588180661201477,66974.625,0.2522870898246765,5.31479363398117e-05
1157,0.015373876318335533,0.008669962640851736,0.1340782679617405,56541.693359375,0.19903330504894257,0.02275659516453743,0.1912361979484558,80645.5625,0.01319478452205658,0.01319478452205658,0.24654337763786316,0.021100690588355064,0.013161977753043175,0.1587742567062378,66956.1484375,0.2523142099380493,5.3006623754424726e-05
1158,0.015372445806860924,0.008670195005834103,0.13404500484466553,56527.6640625,0.19905804842710495,0.022747641429305077,0.19116094708442688,80613.8359375,0.013189594261348248,0.013189594261348248,0.24657860398292542,0.02111029624938965,0.013172650709748268,0.158752903342247,66947.1484375,0.2524259090423584,5.2868546158789644e-05
1159,0.015371761750429869,0.008669460890814662,0.1340460106730461,56528.087890625,0.1990445852279663,0.022752366960048676,0.1912211924791336,80639.234375,0.01319130603224039,0.01319130603224039,0.24656063318252563,0.0211019366979599,0.013161336071789265,0.158812016248703,66972.078125,0.25237277150154114,5.2733704499274955e-05
1160,0.015371745452284813,0.008668909315019846,0.13405673205852509,56532.60546875,0.1990334838628769,0.022744618356227875,0.19121228158473969,80635.4765625,0.013184004463255405,0.013184004463255405,0.24645143747329712,0.021103937178850174,0.013163651339709759,0.158805713057518,66969.4140625,0.252340167760849,5.260209970007019e-05
1161,0.015372016001492739,0.008670626673847437,0.13402778655290604,56520.400390625,0.19904768466949463,0.02273968979716301,0.19116966426372528,80617.5078125,0.01318120677024126,0.01318120677024126,0.24639911949634552,0.021104630082845688,0.013166315853595734,0.15876628458499908,66952.78125,0.25236421823501587,5.2473732663179926e-05
1162,0.015369242057204247,0.008669930743053555,0.1339862272143364,56502.87109375,0.19904959946870804,0.022727295756340027,0.19105052947998047,80567.265625,0.013174769468605518,0.013174769468605518,0.24641387164592743,0.021104320883750916,0.013170280493795872,0.1586807817220688,66916.7265625,0.2524067163467407,5.234860426841754e-05
1163,0.015367837622761726,0.008669440168887377,0.13396794348955154,56495.1640625,0.19903642684221268,0.022732827812433243,0.1910627782344818,80572.4375,0.013179689645767212,0.013179689645767212,0.24649794399738312,0.021111566573381424,0.013172926381230354,0.158772811293602,66955.546875,0.25248080492019653,5.2226715373398944e-05
1164,0.01537209702655673,0.008672722615301609,0.13398748636245728,56503.404296875,0.19907747954130173,0.02274857833981514,0.19116607308387756,80615.9921875,0.013190274126827717,0.013190274126827717,0.24659907817840576,0.02111402526497841,0.013171560131013393,0.15884928405284882,66987.796875,0.2524625360965729,5.2108066813537e-05
1165,0.015368061140179634,0.00866743503138423,0.13401252031326294,56513.9609375,0.19901436567306519,0.022763021290302277,0.1913175880908966,80679.8828125,0.013197142630815506,0.013197142630815506,0.2464907467365265,0.021093735471367836,0.013146518729627132,0.15894433856010437,67027.875,0.25218018889427185,5.199265940203566e-05
1166,0.015366855077445507,0.008664628490805626,0.13404453545808792,56527.4609375,0.19896678626537323,0.022766798734664917,0.19139935076236725,80714.359375,0.01319683063775301,0.01319683063775301,0.24646486341953278,0.021091800183057785,0.013143100775778294,0.15897399187088013,67040.3828125,0.25217390060424805,5.188049392988447e-05
1167,0.015363871119916439,0.00866164080798626,0.1340445950627327,56527.48828125,0.19892797619104385,0.022756922990083694,0.19131970405578613,80680.78125,0.013190938159823418,0.013190938159823418,0.24650226533412933,0.02110225148499012,0.013155662454664707,0.15893177688121796,67022.578125,0.25228413939476013,5.1771571165852905e-05
1168,0.01536710374057293,0.008665133267641068,0.13403940945863724,56525.30078125,0.19897402077913284,0.02274569869041443,0.19119815528392792,80629.53125,0.013185791671276093,0.013185791671276093,0.24650146067142487,0.021101459860801697,0.01316255796700716,0.15877804160118103,66957.75,0.25233155488967896,5.1665891856485427e-05
1169,0.015365555416792631,0.008665168192237616,0.1340077444911003,56511.951171875,0.19899753481149673,0.022745702415704727,0.19117414951324463,80619.40625,0.01318699587136507,0.01318699587136507,0.2465503215789795,0.021116044372320175,0.01317749172449112,0.15877105295658112,66954.8046875,0.2524692714214325,5.156345672609624e-05
1170,0.015360421035438776,0.008662168402224779,0.13396505266427994,56493.951171875,0.1989646777510643,0.022740419954061508,0.1911725550889969,80618.7265625,0.013181790709495544,0.013181790709495544,0.24648982286453247,0.021103445440530777,0.013165987096726894,0.15874917805194855,66945.5703125,0.25237587094306946,5.146426647676422e-05
1171,0.015363600105047226,0.008664309978485107,0.13398580253124237,56502.693359375,0.1989757940173149,0.022740069776773453,0.19121555984020233,80636.8515625,0.013179291039705276,0.013179291039705276,0.24642908573150635,0.02109668403863907,0.013156399130821228,0.15880568325519562,66969.40625,0.25230783224105835,5.1368321788328216e-05
1172,0.015361422672867775,0.008662062231451273,0.1339872106909752,56503.29296875,0.19895965605974197,0.022730667144060135,0.19114737212657928,80608.1015625,0.0131732989102602,0.0131732989102602,0.24643847346305847,0.02110428735613823,0.013165750540792942,0.15877075493335724,66954.671875,0.2523582875728607,5.127562331838241e-05
1173,0.015358997508883476,0.008661585161462426,0.13394824415445328,56486.861328125,0.19897067546844482,0.022722218185663223,0.19109337031841278,80585.3359375,0.013167548924684525,0.013167548924684525,0.24634811282157898,0.021099794656038284,0.013162581250071526,0.15874424576759338,66943.5,0.25231343507766724,5.118617170227173e-05
1174,0.015359504148364067,0.008661657571792603,0.1339569389820099,56490.5234375,0.19896744191646576,0.02274150587618351,0.1912040114402771,80631.9921875,0.01318130549043417,0.01318130549043417,0.2463914006948471,0.021092388778924942,0.013148955069482327,0.1588686853647232,66995.96875,0.2522442042827606,5.109996755308749e-05
1175,0.015355592593550682,0.008656368590891361,0.13398448377847672,56502.146484375,0.19886761903762817,0.022747371345758438,0.19125285744667053,80652.59375,0.013184727169573307,0.013184727169573307,0.24640600383281708,0.021090563386678696,0.013145078904926777,0.15890969336032867,67013.265625,0.25220394134521484,5.101701146166335e-05
1176,0.015358514618128538,0.00865787360817194,0.13401281088590622,56514.0859375,0.19887926429510117,0.02275441586971283,0.19129237532615662,80669.2578125,0.013189798220992088,0.013189798220992088,0.24646027386188507,0.021090414375066757,0.013145756907761097,0.1588931679725647,67006.296875,0.25218772888183594,5.093730399657101e-05
1177,0.01535369548946619,0.008654794655740261,0.1339780017733574,56499.41015625,0.19886421412229538,0.022743500769138336,0.19118565320968628,80624.25,0.013184217736124992,0.013184217736124992,0.24649932980537415,0.02110866829752922,0.013168073259294033,0.15881188213825226,66972.0234375,0.2523515820503235,5.086084570411652e-05
1178,0.015354800969362259,0.00865828525274992,0.13393031060695648,56479.294921875,0.19894787669181824,0.0227326899766922,0.19112150371074677,80597.1953125,0.013176615349948406,0.013176615349948406,0.24646073579788208,0.021107375621795654,0.01317120436578989,0.15872344374656677,66934.71875,0.2523948550224304,5.0787637108336547e-05
1179,0.015354138799011707,0.008658076170831919,0.13392124325037003,56475.47265625,0.1989278942346573,0.02272765338420868,0.19112740457057953,80599.6953125,0.013171282596886158,0.013171282596886158,0.2463519275188446,0.021099647507071495,0.013159922324120998,0.15879449248313904,66964.6796875,0.2523466944694519,5.071767871099448e-05
1180,0.015352367889136076,0.008656051475554705,0.13392633199691772,56477.619140625,0.19887913763523102,0.022729577496647835,0.19113169610500336,80601.4921875,0.013172992505133152,0.013172992505133152,0.24639979004859924,0.021113887429237366,0.0131720881909132,0.15883596241474152,66982.171875,0.25243043899536133,5.0650970991577424e-05
1181,0.01535007730126381,0.008654547855257988,0.13391058892011642,56470.98046875,0.1988944634795189,0.022732265293598175,0.19113413989543915,80602.5390625,0.013175559230148792,0.013175559230148792,0.24644070863723755,0.02111801505088806,0.013177560642361641,0.15880906581878662,66970.828125,0.2524126172065735,5.058751440729254e-05
1182,0.015350396744906902,0.008654402568936348,0.1339198797941208,56474.892578125,0.19889427721500397,0.022735200822353363,0.19117988646030426,80621.8203125,0.013176207430660725,0.013176207430660725,0.2463928908109665,0.02110302820801735,0.013161561451852322,0.15882934629917145,66979.3828125,0.2523147165775299,5.0527309393064295e-05
1183,0.015348335728049278,0.00865142047405243,0.13393830507993698,56482.666015625,0.19883405417203903,0.022742249071598053,0.1912241280078888,80640.484375,0.013181043788790703,0.013181043788790703,0.246442973613739,0.021099912002682686,0.01315761636942625,0.1588459014892578,66986.3671875,0.25232574343681335,5.047035636153093e-05
1184,0.015347697772085667,0.008650605101138353,0.1339418590068817,56484.169921875,0.19880972802639008,0.022749658674001694,0.19127364456653595,80661.359375,0.013185975141823292,0.013185975141823292,0.24646522104740143,0.021097034215927124,0.013153182342648506,0.15887705981731415,66999.5,0.2523130774497986,5.0416655703042264e-05
1185,0.01534839067608118,0.0086507813539356,0.13395219296216965,56488.525390625,0.19883599877357483,0.022750817239284515,0.1912694275379181,80659.578125,0.013187346048653126,0.013187346048653126,0.2465035319328308,0.021108023822307587,0.013162745162844658,0.15890556573867798,67011.5234375,0.25237661600112915,5.036620778565662e-05
1186,0.015346628613770008,0.008650093339383602,0.13393070548772812,56479.4609375,0.19885510206222534,0.02274053916335106,0.19122354686260223,80640.234375,0.013179361820220947,0.013179361820220947,0.24647025763988495,0.021115612238645554,0.013170084916055202,0.15891055762767792,67013.625,0.25243622064590454,5.031901295513829e-05
1187,0.015346111729741096,0.008650126401335001,0.13391970843076706,56474.830078125,0.19885952770709991,0.022733349353075027,0.19118113815784454,80622.3515625,0.01317429356276989,0.01317429356276989,0.24643298983573914,0.02110171690583229,0.0131602818146348,0.15882869064807892,66979.109375,0.25232580304145813,5.027507153495538e-05
1188,0.015345490537583828,0.008649494498968124,0.13391992449760437,56474.9140625,0.1988276094198227,0.02272622473537922,0.19113847613334656,80604.3515625,0.013169300742447376,0.013169300742447376,0.24630579352378845,0.02107984945178032,0.013141633942723274,0.1587642878293991,66951.9453125,0.25210896134376526,5.023438382627749e-05
1189,0.015344374813139439,0.008648476097732782,0.13391797989606857,56474.09375,0.1987864151597023,0.022722851485013962,0.19112037122249603,80596.71875,0.01316683180630207,0.01316683180630207,0.24627049267292023,0.021080464124679565,0.01314189750701189,0.1587713062763214,66954.90625,0.252147912979126,5.019695010797366e-05
1190,0.01534527400508523,0.008650511736050248,0.13389524072408676,56464.5,0.198841854929924,0.022719696164131165,0.19108028709888458,80579.8203125,0.013165680691599846,0.013165680691599846,0.24633626639842987,0.021091744303703308,0.013156982138752937,0.158695250749588,66922.8359375,0.2522469162940979,5.01627706366103e-05
1191,0.01534244418144226,0.008649058640003204,0.13386771082878113,56452.8984375,0.1988353431224823,0.0227278433740139,0.19114485383033752,80607.046875,0.013170601800084114,0.013170601800084114,0.24636638164520264,0.021095655858516693,0.013156157918274403,0.1587899774312973,66962.78125,0.25228437781333923,5.0131845646449734e-05
1192,0.015343851409852505,0.008648788556456566,0.13390125334262848,56467.044921875,0.198810376226902,0.02272796630859375,0.19119618833065033,80628.6953125,0.013168158009648323,0.013168158009648323,0.2462826371192932,0.02108832821249962,0.013145117089152336,0.15886422991752625,66994.1015625,0.25217384099960327,5.010417534944839e-05
1193,0.015339532867074013,0.008645354071632028,0.13388357311487198,56459.5859375,0.19876620173454285,0.02272702567279339,0.19114792346954346,80608.3359375,0.013169629499316216,0.013169629499316216,0.2463468611240387,0.021093152463436127,0.013152264058589935,0.15881775319576263,66974.4921875,0.2521898150444031,5.0079759935255375e-05
1194,0.015341774560511112,0.00864802347496152,0.1338750198483467,56455.98046875,0.1988317370414734,0.022736266255378723,0.19116619229316711,80616.046875,0.013177956454455853,0.013177956454455853,0.24645711481571198,0.021092593669891357,0.013152297586202621,0.1588059365749359,66969.5078125,0.2521813213825226,5.005859957121122e-05
1195,0.015339464880526066,0.008645067224279046,0.13388794288039207,56461.4296875,0.19878563284873962,0.022737953811883926,0.19121471047401428,80636.5078125,0.013177218846976757,0.013177218846976757,0.24641767144203186,0.021089833229780197,0.013147687539458275,0.15884290635585785,66985.109375,0.25218886137008667,5.0040694402346674e-05
1196,0.015337931923568249,0.008643568027764559,0.13388727605342865,56461.15234375,0.1987350508570671,0.022734303027391434,0.1912265121936798,80641.484375,0.013172977603971958,0.013172977603971958,0.24632902443408966,0.02108316496014595,0.0131413284689188,0.1588367521762848,66982.5,0.25215303897857666,5.0026044551381734e-05
1197,0.015339375007897615,0.008644160348922014,0.13390430063009262,56468.322265625,0.19873648881912231,0.022731956094503403,0.19122111797332764,80639.2109375,0.013170899823307991,0.013170899823307991,0.2463388741016388,0.021090950816869736,0.013150048442184925,0.1588180512189865,66974.625,0.252212256193161,5.001465011872491e-05
1198,0.01533654984086752,0.008641558699309826,0.13389980792999268,56466.4296875,0.19873046875,0.02273957058787346,0.19125142693519592,80652.0,0.013176999054849148,0.013176999054849148,0.24638856947422028,0.02109488844871521,0.013151945546269417,0.15885886549949646,66991.828125,0.25220388174057007,5.0006511182472296e-05
1199,0.015335982665419579,0.008641966385766864,0.13388032466173172,56458.220703125,0.19873390346765518,0.022731652483344078,0.19122350215911865,80640.21875,0.013170477002859116,0.013170477002859116,0.24631965160369873,0.02108798548579216,0.013144854456186295,0.15886259078979492,66993.3984375,0.2521629333496094,5.000162779840723e-05
1200,0.015334412455558777,0.008640519808977842,0.13387785106897354,56457.173828125,0.19869960844516754,0.022720497101545334,0.19113294780254364,80602.0234375,0.013163849711418152,0.013163849711418152,0.24631854891777039,0.02108968421816826,0.013150162063539028,0.15879042446613312,66962.9609375,0.2522066831588745,5e-05
