epoch,train_pde_mse,train_pde_mse_absolute,train_state_rel_l2,val_pde_mse,val_pde_mse_absolute,val_state_mse,val_state_rel_l2,lr
1,0.9964576959609985,2607.4989013671875,0.8870003521442413,0.7254173755645752,1898.249267578125,0.1831842064857483,0.8986567854881287,0.0009999983722015927
2,0.996353805065155,2607.2269287109375,0.8866621255874634,0.7253509163856506,1898.0753173828125,0.18312528729438782,0.8985013365745544,0.0009999934888175275
3,0.9962374269962311,2606.922607421875,0.8865898847579956,0.7252611517906189,1897.840576171875,0.18318283557891846,0.8986557722091675,0.0009999853498812749
4,0.9960596263408661,2606.4573974609375,0.8867677748203278,0.7251350283622742,1897.5106201171875,0.18336674571037292,0.899146318435669,0.000999973955448618
5,0.9958505630493164,2605.909912109375,0.8871840536594391,0.7249566316604614,1897.0435791015625,0.18366466462612152,0.8999398946762085,0.000999959305597653
6,0.9955236911773682,2605.05517578125,0.8878080248832703,0.7247020602226257,1896.37744140625,0.1840812712907791,0.9010484218597412,0.0009999414004287885
7,0.9950329065322876,2603.7703857421875,0.8886905014514923,0.7243480086326599,1895.4510498046875,0.18462063372135162,0.9024817943572998,0.0009999202400647444
8,0.9944222867488861,2602.172607421875,0.8898243606090546,0.7238560318946838,1894.1636962890625,0.1853080540895462,0.9043057560920715,0.0009998958246505512
9,0.993537962436676,2599.858642578125,0.8912294209003448,0.7231777906417847,1892.3885498046875,0.18619365990161896,0.9066505432128906,0.0009998681543535498
10,0.992403656244278,2596.8902587890625,0.8931005001068115,0.7222455739974976,1889.949462890625,0.18732617795467377,0.9096406698226929,0.0009998372293633891
11,0.9906465113162994,2592.29248046875,0.8954176306724548,0.720960795879364,1886.5875244140625,0.18879976868629456,0.9135165214538574,0.000999803049892026
12,0.9885227084159851,2586.73486328125,0.8983927071094513,0.7192081809043884,1882.0010986328125,0.19071927666664124,0.9185401201248169,0.000999765616173722
13,0.9855405688285828,2578.9312744140625,0.9023219645023346,0.7168347239494324,1875.7904052734375,0.19324441254138947,0.925105094909668,0.000999724928465044
14,0.9812237620353699,2567.635498046875,0.9074384570121765,0.7136170864105225,1867.3704833984375,0.19663983583450317,0.9338547587394714,0.000999680987044861
15,0.97542804479599,2552.468994140625,0.9143215417861938,0.7092638611793518,1855.9791259765625,0.2012683004140854,0.9456404447555542,0.0009996337922143427
16,0.9681527614593506,2533.431640625,0.9234908223152161,0.703376054763794,1840.572265625,0.2076779454946518,0.9617021679878235,0.000999583344296957
17,0.9579781591892242,2506.8070068359375,0.9363676905632019,0.6954599022865295,1819.857421875,0.21674306690692902,0.9839317798614502,0.0009995296436384681
18,0.9450590014457703,2473.00048828125,0.9545500576496124,0.6849345564842224,1792.3150634765625,0.2298220545053482,1.015076994895935,0.0009994726906069349
19,0.9281338751316071,2428.7115478515625,0.9802587032318115,0.671206533908844,1756.3919677734375,0.24883583188056946,1.0586082935333252,0.0009994124855927063
20,0.9047837555408478,2367.6095581054688,1.015842318534851,0.6537830829620361,1710.799072265625,0.2762589156627655,1.1182456016540527,0.0009993490290084214
21,0.8770951926708221,2295.155029296875,1.0659387707710266,0.6323903799057007,1654.819091796875,0.314446359872818,1.1961393356323242,0.0009992823212890045
22,0.8475072085857391,2217.7299194335938,1.1303017139434814,0.6069858074188232,1588.3411865234375,0.36467403173446655,1.2912373542785645,0.0009992123628916624
23,0.8136218786239624,2129.0599975585938,1.2095742225646973,0.5785232782363892,1513.861328125,0.42279645800590515,1.3930147886276245,0.0009991391542958825
24,0.7714622318744659,2018.7379150390625,1.2913736701011658,0.5478748083114624,1433.661376953125,0.4840725362300873,1.4926700592041016,0.000999062696003428
25,0.7262344360351562,1900.3873901367188,1.3684316873550415,0.5168606638908386,1352.5045166015625,0.5421625971794128,1.5812335014343262,0.0009989829885383356
26,0.6893996298313141,1803.9992065429688,1.4393223524093628,0.48817798495292664,1277.44873046875,0.5910221934318542,1.6519403457641602,0.0009989000324469113
27,0.6599430739879608,1726.9180908203125,1.4913178086280823,0.46507421135902405,1216.9913330078125,0.6196523308753967,1.6919492483139038,0.000998813828297727
28,0.639728233218193,1674.0208129882812,1.5179798603057861,0.44787511229515076,1171.9854736328125,0.6264737844467163,1.7014825344085693,0.0009987243766816161
29,0.6242273151874542,1633.4581298828125,1.5241144895553589,0.4333128035068512,1133.8792724609375,0.6258174180984497,1.7009406089782715,0.0009986316782116702
30,0.6051607429981232,1583.5654907226562,1.525329828262329,0.4192863702774048,1097.1751708984375,0.6276467442512512,1.70387601852417,0.0009985357335232344
31,0.5831489264965057,1525.9656372070312,1.5246835350990295,0.4072345495223999,1065.638427734375,0.6246986389160156,1.7001596689224243,0.0009984365432739021
32,0.5624179244041443,1471.7174072265625,1.516354501247406,0.3979007303714752,1041.2139892578125,0.6101943850517273,1.6802879571914673,0.0009983341081435128
33,0.5437513589859009,1422.8713989257812,1.4941683411598206,0.3893730938434601,1018.8992309570312,0.5821482539176941,1.6408940553665161,0.0009982284288341454
34,0.526987686753273,1379.0047607421875,1.4533365964889526,0.3792981505393982,992.5354614257812,0.5408697128295898,1.5810130834579468,0.0009981195060701138
35,0.5113300234079361,1338.0321655273438,1.400391161441803,0.36697807908058167,960.2965698242188,0.5010102391242981,1.5209379196166992,0.0009980073405979624
36,0.49215804040431976,1287.8636474609375,1.3505196571350098,0.35288360714912415,923.4146118164062,0.4705429673194885,1.473375916481018,0.000997891933186461
37,0.47170208394527435,1234.335205078125,1.311859905719757,0.3373655676841736,882.8075561523438,0.4505993127822876,1.4414191246032715,0.000997773284626599
38,0.45169565081596375,1181.9828491210938,1.2910199165344238,0.3205852508544922,838.8973999023438,0.4459695816040039,1.433978796005249,0.0009976513957315803
39,0.4281907379627228,1120.4760437011719,1.2839949131011963,0.30370184779167175,794.7173461914062,0.443226158618927,1.4295674562454224,0.0009975262673368177
40,0.4053262323141098,1060.6448974609375,1.2814120650291443,0.2868475019931793,750.613525390625,0.4395241141319275,1.4235399961471558,0.0009973979002999274
41,0.383640319108963,1003.8977966308594,1.2732540369033813,0.27039456367492676,707.5598754882812,0.4234236776828766,1.396798849105835,0.0009972662955007225
42,0.3633047044277191,950.6842651367188,1.2372671365737915,0.2551189661026001,667.587158203125,0.3859197199344635,1.3323403596878052,0.000997131453841208
43,0.34256142377853394,896.4039306640625,1.1828058362007141,0.24236711859703064,634.2185668945312,0.35230913758277893,1.2717506885528564,0.0009969933762455727
44,0.32690221071243286,855.4273986816406,1.1324025988578796,0.23240728676319122,608.156005859375,0.32749143242836,1.2250666618347168,0.0009968520636601855
45,0.3153616189956665,825.2283325195312,1.0912919640541077,0.22514235973358154,589.1454467773438,0.3086785078048706,1.188469648361206,0.0009967075170535873
46,0.305925190448761,800.5353698730469,1.06829833984375,0.2194751799106598,574.315673828125,0.3028233051300049,1.1769320964813232,0.000996559737416484
47,0.29853859543800354,781.206298828125,1.05405992269516,0.21483661234378815,562.1776123046875,0.29105570912361145,1.1533081531524658,0.0009964087257617405
48,0.2923429012298584,764.9936828613281,1.0359467267990112,0.21008813381195068,549.7520141601562,0.2800723612308502,1.1308283805847168,0.0009962544831243743
49,0.2847463935613632,745.1153259277344,1.0155536830425262,0.20500557124614716,536.4520263671875,0.2656450569629669,1.1005550622940063,0.0009960970105615467
50,0.27662864327430725,723.8731384277344,0.9867748618125916,0.20004847645759583,523.48046875,0.2491275817155838,1.06479811668396,0.0009959363091525573
51,0.2689639627933502,703.8163146972656,0.9550977945327759,0.19544075429439545,511.4232482910156,0.23550401628017426,1.0344053506851196,0.0009957723799988354
52,0.26081353425979614,682.4885559082031,0.9309747517108917,0.1908751279115677,499.4759216308594,0.22898565232753754,1.019690752029419,0.000995605224223933
53,0.252950981259346,661.9141235351562,0.9236626327037811,0.1863182932138443,487.5517578125,0.22971217334270477,1.0216580629348755,0.0009954348429735173
54,0.24520950764417648,641.6564178466797,0.924738198518753,0.1817094087600708,475.491455078125,0.22790680825710297,1.017735481262207,0.000995261237415362
55,0.238989420235157,625.3799743652344,0.9180175065994263,0.17701485753059387,463.2068786621094,0.22008749842643738,0.9996553063392639,0.0009950844087393406
56,0.2323804497718811,608.0858001708984,0.9016654193401337,0.172366201877594,451.0424499511719,0.21035197377204895,0.976590633392334,0.0009949043581574167
57,0.2258474975824356,590.9906005859375,0.8792259693145752,0.16759927570819855,438.5684814453125,0.19980165362358093,0.9509251713752747,0.000994721086903637
58,0.2196272537112236,574.7137145996094,0.8571696281433105,0.1628364622592926,426.1052551269531,0.19271914660930634,0.9333414435386658,0.0009945345962341218
59,0.2135641798377037,558.8479309082031,0.8435849845409393,0.15842518210411072,414.56201171875,0.18997719883918762,0.9266332387924194,0.0009943448874270577
60,0.20755287259817123,543.1177673339844,0.8384628295898438,0.15441076457500458,404.05718994140625,0.1889953911304474,0.9243942499160767,0.0009941519617826875
61,0.20222257822752,529.1696319580078,0.8344203531742096,0.15031683444976807,393.34429931640625,0.18581140041351318,0.916473925113678,0.0009939558206233019
62,0.19684673100709915,515.1022644042969,0.8266694247722626,0.14618848264217377,382.5414123535156,0.18149524927139282,0.9055440425872803,0.0009937564652932305
63,0.19123129546642303,500.4080505371094,0.8140458464622498,0.14211557805538177,371.8835144042969,0.17593929171562195,0.8911092281341553,0.0009935538971588324
64,0.18626057356595993,487.40077209472656,0.8001520037651062,0.13827544450759888,361.8348083496094,0.17137500643730164,0.8790633678436279,0.0009933481176084868
65,0.18120663613080978,474.17579650878906,0.7894434928894043,0.13468383252620697,352.4364013671875,0.16858318448066711,0.8716679215431213,0.0009931391280525838
66,0.1765405833721161,461.9658203125,0.7827429175376892,0.1311146467924118,343.0966796875,0.1662878692150116,0.8655095100402832,0.0009929269299235144
67,0.1720842644572258,450.3046417236328,0.7768979668617249,0.12786133587360382,334.58349609375,0.1633421927690506,0.8575063943862915,0.0009927115246756608
68,0.16758684813976288,438.5359802246094,0.766493022441864,0.12461987137794495,326.1013488769531,0.15784992277622223,0.8421599864959717,0.0009924929137853865
69,0.16367467492818832,428.2987060546875,0.7517711520195007,0.12172526121139526,318.52679443359375,0.1530679166316986,0.828553318977356,0.0009922710987510263
70,0.15938186645507812,417.0654296875,0.7380816042423248,0.11900003999471664,311.39556884765625,0.14943310618400574,0.8179944753646851,0.0009920460810928752
71,0.15585079044103622,407.8254089355469,0.7292141318321228,0.11639656126499176,304.5828552246094,0.14830970764160156,0.8147130012512207,0.000991817862353179
72,0.15224456787109375,398.3887481689453,0.7250728011131287,0.1140274778008461,298.3835144042969,0.1480320692062378,0.8139259219169617,0.0009915864440961236
73,0.14879974722862244,389.3744812011719,0.7230727672576904,0.11174308508634567,292.4057922363281,0.1485031247138977,0.8153955340385437,0.0009913518279078238
74,0.1454101949930191,380.5048065185547,0.7222981750965118,0.10947997868061066,286.4837341308594,0.14899738132953644,0.8168862462043762,0.0009911140153963127
75,0.142235167324543,372.1964874267578,0.7214875519275665,0.10725146532058716,280.6522216796875,0.14981551468372345,0.8192596435546875,0.0009908730081915308
76,0.1392003819346428,364.25514221191406,0.7226302325725555,0.10520721971988678,275.30291748046875,0.15139378607273102,0.823893666267395,0.000990628807945314
77,0.13618624210357666,356.3678436279297,0.7247829735279083,0.10318426787853241,270.00933837890625,0.15271683037281036,0.8278356790542603,0.000990381416331384
78,0.1331244334578514,348.3558349609375,0.7267920970916748,0.10118206590414047,264.7700500488281,0.15432168543338776,0.8325762748718262,0.0009901308350453348
79,0.13023142516613007,340.78550720214844,0.7296700179576874,0.0991574078798294,259.47198486328125,0.15627898275852203,0.8382576704025269,0.0009898770658046227
80,0.12747566029429436,333.57427978515625,0.7339176535606384,0.09736550599336624,254.782958984375,0.15851065516471863,0.8447256088256836,0.0009896201103485537
81,0.12473144754767418,326.3932800292969,0.7388442754745483,0.09553568810224533,249.99476623535156,0.16131038963794708,0.852728009223938,0.0009893599704382716
82,0.12216967344284058,319.6897430419922,0.7455093562602997,0.09400895982980728,245.99966430664062,0.16461478173732758,0.8621020317077637,0.0009890966478567462
83,0.11925800517201424,312.07054138183594,0.7528696060180664,0.09217783063650131,241.20802307128906,0.1682962328195572,0.8722366094589233,0.000988830144408761
84,0.11675208806991577,305.51316833496094,0.7609614133834839,0.09070125222206116,237.34417724609375,0.17165158689022064,0.8813735246658325,0.0009885604619209007
85,0.11431856453418732,299.14520263671875,0.7674354612827301,0.08923681825399399,233.5120849609375,0.1741698533296585,0.8882105350494385,0.0009882876022415392
86,0.11191676557064056,292.86024475097656,0.7733499705791473,0.0877343937754631,229.58056640625,0.17739875614643097,0.8967846632003784,0.0009880115672408262
87,0.10959334298968315,286.78038024902344,0.7791995704174042,0.08641310036182404,226.12307739257812,0.18012608587741852,0.9040333032608032,0.0009877323588106742
88,0.10731962323188782,280.8306121826172,0.7855532765388489,0.08501558750867844,222.46607971191406,0.18386195600032806,0.9138329029083252,0.0009874499788647467
89,0.10521778464317322,275.33055114746094,0.7930393218994141,0.08364387601613998,218.8766326904297,0.18755942583084106,0.923503041267395,0.0009871644293384444
90,0.10326331481337547,270.2161636352539,0.8019772469997406,0.08241180330514908,215.652587890625,0.19167029857635498,0.9341042041778564,0.0009868757121888917
91,0.10119851678609848,264.81307220458984,0.8094001114368439,0.08109062165021896,212.1953582763672,0.1940155327320099,0.9401408433914185,0.0009865838293949237
92,0.09942424669861794,260.1702117919922,0.8126847445964813,0.08006181567907333,209.5032196044922,0.19496311247348785,0.9427112340927124,0.0009862887829570723
93,0.09750400483608246,255.14539337158203,0.814750462770462,0.0787084624171257,205.96182250976562,0.19718213379383087,0.9483450651168823,0.000985990574897553
94,0.0956939309835434,250.4088363647461,0.8212127089500427,0.0773661881685257,202.4493865966797,0.20151062309741974,0.9591310024261475,0.00098568920726025
95,0.0938028059899807,245.46022033691406,0.8280074596405029,0.07617616653442383,199.33535766601562,0.20342200994491577,0.9639294743537903,0.0009853846821107036
96,0.09223932027816772,241.3689422607422,0.8309922814369202,0.0749470591545105,196.1190948486328,0.20402087271213531,0.9655759930610657,0.000985077001536095
97,0.09051041677594185,236.84477996826172,0.8333913087844849,0.07365569472312927,192.7398681640625,0.20573142170906067,0.9698301553726196,0.0009847661676452323
98,0.08902299404144287,232.95256805419922,0.837240606546402,0.0726892501115799,190.2109375,0.20788134634494781,0.9750725030899048,0.0009844521825685365
99,0.087372075766325,228.63247680664062,0.8405788838863373,0.07173795253038406,187.72158813476562,0.20939159393310547,0.9786978960037231,0.000984135048458026
100,0.08587602898478508,224.71768188476562,0.8450137674808502,0.07068699598312378,184.97149658203125,0.21165722608566284,0.984065592288971,0.0009838147674873024
101,0.08443601801991463,220.94949340820312,0.8477839827537537,0.06972253322601318,182.44772338867188,0.21143300831317902,0.9836441278457642,0.0009834913418515358
102,0.08302202075719833,217.24939727783203,0.8460512459278107,0.06902418285608292,180.6202850341797,0.2102288156747818,0.9809718132019043,0.000983164773767449
103,0.08157775178551674,213.4700698852539,0.8445255160331726,0.06813795864582062,178.30123901367188,0.21096773445606232,0.982775866985321,0.0009828350654733033
104,0.0803980678319931,210.3831329345703,0.8482104241847992,0.06716787815093994,175.7627716064453,0.21397185325622559,0.9899863004684448,0.0009825022192288823
105,0.07901289686560631,206.75843811035156,0.8533238470554352,0.06619570404291153,173.2188262939453,0.21522265672683716,0.992925226688385,0.000982166237315477
106,0.0778353251516819,203.67700958251953,0.8542188405990601,0.06551051884889603,171.42584228515625,0.214320570230484,0.9909209609031677,0.00098182712203587
107,0.07656950503587723,200.36466217041016,0.8526329696178436,0.06467592716217041,169.2418975830078,0.21384204924106598,0.9898253679275513,0.000981484875714319
108,0.07547513395547867,197.5009307861328,0.8521016538143158,0.06391729414463043,167.2567596435547,0.2140008956193924,0.9902198910713196,0.0009811395006965424
109,0.07428053766489029,194.3749542236328,0.8517155647277832,0.06327588111162186,165.57835388183594,0.2136520892381668,0.989498496055603,0.0009807909993497016
110,0.07326536998152733,191.71849822998047,0.8524856865406036,0.06255494058132172,163.69178771972656,0.21459728479385376,0.9918051958084106,0.000980439374062386
111,0.07214407622814178,188.78435516357422,0.8534966111183167,0.061877571046352386,161.9192657470703,0.21432967483997345,0.991227924823761,0.0009800846272445959
112,0.07108422741293907,186.01094818115234,0.8528357446193695,0.0613543726503849,160.5501708984375,0.2138238549232483,0.9900902509689331,0.0009797267613277261
113,0.07012970373034477,183.51319122314453,0.8513087332248688,0.06065351888537407,158.71621704101562,0.2129674255847931,0.9881588220596313,0.0009793657787645499
114,0.06918706372380257,181.0465087890625,0.850409984588623,0.059938423335552216,156.844970703125,0.212881937623024,0.987999439239502,0.0009790016820292009
115,0.06818520277738571,178.42489624023438,0.8493385016918182,0.05930648744106293,155.1913299560547,0.2118259072303772,0.985485315322876,0.0009786344736171578
116,0.06730238348245621,176.11476135253906,0.8472618162631989,0.05877742916345596,153.8069305419922,0.2109149843454361,0.9834120869636536,0.0009782641560452255
117,0.06636553630232811,173.66324615478516,0.8455873429775238,0.05812589451670647,152.1020050048828,0.21031072735786438,0.982025146484375,0.0009778907318515194
118,0.06550787389278412,171.4189224243164,0.844676673412323,0.05753081664443016,150.54483032226562,0.2097015529870987,0.9806563258171082,0.0009775142035954472
119,0.06468196958303452,169.25772857666016,0.8434731662273407,0.05707554146647453,149.3534698486328,0.20886419713497162,0.9787254333496094,0.0009771345738576913
120,0.06388689577579498,167.1772003173828,0.8415326178073883,0.056522443890571594,147.90615844726562,0.20791037380695343,0.9765253067016602,0.0009767518452401915
121,0.0630989745259285,165.11540985107422,0.8395283222198486,0.05590251833200455,146.283935546875,0.2070603221654892,0.9744287729263306,0.0009763660203661267
122,0.06226748041808605,162.93955993652344,0.8377956449985504,0.05555855855345726,145.38388061523438,0.20649176836013794,0.9731142520904541,0.0009759771018798979
123,0.061522070318460464,160.989013671875,0.8371548652648926,0.05514055863022804,144.2900848388672,0.20626051723957062,0.9726593494415283,0.0009755850924471081
124,0.060793519020080566,159.08255767822266,0.8365868031978607,0.05454501137137413,142.7316436767578,0.205490842461586,0.9709038138389587,0.0009751899947545466
125,0.060065481811761856,157.17745208740234,0.8347573280334473,0.05395481362938881,141.187255859375,0.20435138046741486,0.9681278467178345,0.0009747918115101687
126,0.059514135122299194,155.7346954345703,0.8314959704875946,0.053823940455913544,140.8447723388672,0.20311249792575836,0.9651615619659424,0.0009743905454430774
127,0.05871444568037987,153.6421127319336,0.8297449350357056,0.05325596034526825,139.35850524902344,0.20325949788093567,0.9655961990356445,0.0009739861993035058
128,0.05800751410424709,151.79222869873047,0.8297116458415985,0.05273161828517914,137.98641967773438,0.202426940202713,0.9635753631591797,0.0009735787758627971
129,0.05740273371338844,150.20966339111328,0.8286982774734497,0.052389465272426605,137.09109497070312,0.20174986124038696,0.9620229005813599,0.0009731682779133855
130,0.05670882947742939,148.39386749267578,0.8261911571025848,0.05201375484466553,136.10794067382812,0.20031891763210297,0.9585394859313965,0.0009727547082687784
131,0.05605657957494259,146.68708038330078,0.8233741521835327,0.05146288126707077,134.66644287109375,0.1996590942144394,0.9569330215454102,0.0009723380697635356
132,0.05543239414691925,145.05374145507812,0.8221459686756134,0.05107728764414787,133.6574249267578,0.19927078485488892,0.9559800624847412,0.0009719183652532508
133,0.05494558811187744,143.77989196777344,0.8217438757419586,0.05090935155749321,133.2179718017578,0.19895629584789276,0.9553503394126892,0.0009714955976145317
134,0.054242534562945366,141.94014739990234,0.8203166425228119,0.050335418432950974,131.7161407470703,0.1978101283311844,0.9525560140609741,0.0009710697697449805
135,0.053731296211481094,140.60235595703125,0.8175244033336639,0.049922507256269455,130.63563537597656,0.19660504162311554,0.9495553374290466,0.0009706408845631738
136,0.05310429632663727,138.9616470336914,0.8165083527565002,0.049609217792749405,129.81582641601562,0.19716055691242218,0.950934648513794,0.0009702089450086423
137,0.0525184590369463,137.42864227294922,0.8159765005111694,0.04922117292881012,128.80039978027344,0.19590075314044952,0.9479424357414246,0.0009697739540418514
138,0.051998089998960495,136.06695556640625,0.8138564229011536,0.04890253022313118,127.96660614013672,0.1949460655450821,0.9456524848937988,0.0009693359146441808
139,0.05146351456642151,134.66808700561523,0.8116245269775391,0.048403289169073105,126.66018676757812,0.19419308006763458,0.9437302947044373,0.0009688948298179032
140,0.05088993161916733,133.1671485900879,0.8115995526313782,0.04811485856771469,125.90543365478516,0.19501625001430511,0.9458255767822266,0.0009684507025861646
141,0.05035362206399441,131.7637710571289,0.8125001788139343,0.047819312661886215,125.13204956054688,0.19465269148349762,0.9449787139892578,0.0009680035359929635
142,0.049855995923280716,130.46157836914062,0.8112876415252686,0.04743446409702301,124.12501525878906,0.1933164894580841,0.9416787028312683,0.0009675533331031295
143,0.04930326156318188,129.01520156860352,0.809186190366745,0.04704020544886589,123.09332275390625,0.19269905984401703,0.9402073621749878,0.0009671000970023028
144,0.048844920471310616,127.81583786010742,0.8073654472827911,0.04672737047076225,122.27471160888672,0.19211336970329285,0.9387843608856201,0.000966643830796913
145,0.04832479916512966,126.45479965209961,0.8058903813362122,0.04637792333960533,121.36027526855469,0.1915150135755539,0.937247097492218,0.0009661845376141577
146,0.04783675633370876,125.17771530151367,0.8043389916419983,0.046135447919368744,120.72579193115234,0.19071049988269806,0.9352871775627136,0.0009657222206019806
147,0.0473434142768383,123.88673782348633,0.8014057576656342,0.04577618092298508,119.7856674194336,0.18922194838523865,0.9315977096557617,0.000965256882929051
148,0.046933138743042946,122.81316375732422,0.8001279234886169,0.04556729272007942,119.2390365600586,0.19005587697029114,0.9338032007217407,0.0009647885277847412
149,0.046450335532426834,121.54976654052734,0.801091194152832,0.045150261372327805,118.14777374267578,0.19007664918899536,0.9338147640228271,0.0009643171583791048
150,0.045948946848511696,120.23773956298828,0.80174520611763,0.044754184782505035,117.11133575439453,0.19038645923137665,0.9345406293869019,0.0009638427779428549
151,0.04550442285835743,119.07454299926758,0.8019846081733704,0.04459291324019432,116.68932342529297,0.19011549651622772,0.9339077472686768,0.000963365389727342
152,0.04501323588192463,117.78920364379883,0.7998369336128235,0.044251926243305206,115.79703521728516,0.18852397799491882,0.9299659729003906,0.0009628849970045315
153,0.04455984756350517,116.60279083251953,0.79774209856987,0.04397966340184212,115.0845947265625,0.18831300735473633,0.9294776916503906,0.0009624016030669813
154,0.04413893632590771,115.50136947631836,0.7967066764831543,0.04353729635477066,113.92703247070312,0.18750648200511932,0.9274848699569702,0.0009619152112278192
155,0.04368020035326481,114.30097198486328,0.7953810691833496,0.0432216040790081,113.1009292602539,0.18730634450912476,0.9269909858703613,0.0009614258248207205
156,0.04323478974401951,113.13542556762695,0.7944897413253784,0.04291681572794914,112.30335998535156,0.18693891167640686,0.926080048084259,0.0009609334471998847
157,0.04284998029470444,112.12847900390625,0.7948667109012604,0.042743049561977386,111.84866333007812,0.18728987872600555,0.9270539879798889,0.0009604380817400133
158,0.04249058663845062,111.18802642822266,0.7934871017932892,0.04238108545541763,110.90147399902344,0.1859109103679657,0.9235962629318237,0.0009599397318362853
159,0.04196318984031677,109.80794906616211,0.7935696244239807,0.042107462882995605,110.18547821044922,0.18767638504505157,0.9280248880386353,0.0009594384009043353
160,0.041548922657966614,108.72390747070312,0.795763373374939,0.04185516759753227,109.5252685546875,0.18757960200309753,0.927775502204895,0.0009589340923802293
161,0.041149066761136055,107.67757034301758,0.7952852845191956,0.041563183069229126,108.76121520996094,0.1864771544933319,0.9250137805938721,0.0009584268097204415
162,0.040753161534667015,106.6415786743164,0.7930842041969299,0.041342124342918396,108.18275451660156,0.1854071170091629,0.9224103093147278,0.0009579165564018304
163,0.04034863971173763,105.58304977416992,0.7889318764209747,0.04104132950305939,107.3956527709961,0.18390794098377228,0.9185653924942017,0.0009574033359216153
164,0.039948269724845886,104.53536605834961,0.7874847948551178,0.04078274592757225,106.71900177001953,0.1847798377275467,0.9207860231399536,0.0009568871517973516
165,0.03952837735414505,103.43660354614258,0.7890694439411163,0.04051264375448227,106.01219177246094,0.18475165963172913,0.9208038449287415,0.0009563680075669077
166,0.03915463760495186,102.45861434936523,0.7896642088890076,0.04016733914613724,105.1086196899414,0.18459902703762054,0.920417308807373,0.0009558459067884399
167,0.03883269801735878,101.61617279052734,0.7859936356544495,0.03991299122571945,104.44306182861328,0.18223591148853302,0.9144134521484375,0.0009553208530403685
168,0.038385700434446335,100.44647979736328,0.78455650806427,0.03973115235567093,103.96722412109375,0.1842169314622879,0.9195049405097961,0.0009547928499213533
169,0.03806869685649872,99.61696243286133,0.7907125949859619,0.03949492797255516,103.34907531738281,0.18632884323596954,0.9248766899108887,0.0009542619010502682
170,0.0376354455947876,98.48324966430664,0.7913037836551666,0.03911954537034035,102.36678314208984,0.18404987454414368,0.9191147089004517,0.0009537280100661779
171,0.037298163399100304,97.60065078735352,0.7857843041419983,0.0388757586479187,101.72884368896484,0.18273809552192688,0.9157695174217224,0.0009531911806283107
172,0.03692192956805229,96.61613845825195,0.7847641706466675,0.03872014954686165,101.32166290283203,0.18409915268421173,0.9192805290222168,0.0009526514164160361
173,0.03654900100082159,95.6402587890625,0.7884039878845215,0.038384538143873215,100.44344329833984,0.18468444049358368,0.9207122921943665,0.000952108721128837
174,0.03626043815165758,94.88515853881836,0.7886608242988586,0.03824035823345184,100.066162109375,0.18331626057624817,0.9173434972763062,0.0009515630984862864
175,0.035885728895664215,93.9046401977539,0.7835893929004669,0.03794677183032036,99.29791259765625,0.18195104598999023,0.9138240814208984,0.0009510145522280209
176,0.0355069525539875,92.91347885131836,0.7861336171627045,0.037765923887491226,98.82466888427734,0.18583205342292786,0.9237183332443237,0.0009504630861137151
177,0.03513080067932606,91.92916870117188,0.7916453778743744,0.03748983517289162,98.10220336914062,0.18501201272010803,0.9216663241386414,0.0009499087039230559
178,0.03473293595016003,90.8880500793457,0.7867065668106079,0.037186287343502045,97.30789184570312,0.18119175732135773,0.9119254350662231,0.0009493514094557168
179,0.034465402364730835,90.18797302246094,0.7804898321628571,0.03693804889917374,96.65831756591797,0.18101714551448822,0.9114848375320435,0.0009487912065313317
180,0.03407520614564419,89.16692733764648,0.7817044854164124,0.03674151375889778,96.1440200805664,0.18233622610569,0.9148997664451599,0.0009482280989894687
181,0.03377910703420639,88.3921012878418,0.7811844348907471,0.036561112850904465,95.67196655273438,0.18067383766174316,0.9105905294418335,0.0009476620906896039
182,0.03342803381383419,87.47341537475586,0.7796857953071594,0.03634815290570259,95.11469268798828,0.18141041696071625,0.9124224185943604,0.0009470931855110946
183,0.03309563919901848,86.60361862182617,0.7829829454421997,0.036137647926807404,94.5638427734375,0.18333333730697632,0.9174110889434814,0.0009465213873531535
184,0.03282220661640167,85.88811111450195,0.7843399941921234,0.035983357578516006,94.16009521484375,0.18227191269397736,0.9148156642913818,0.0009459467001348209
185,0.032439300790429115,84.88613510131836,0.7835862934589386,0.03571724146604538,93.4637451171875,0.1826006919145584,0.9155809879302979,0.0009453691277949389
186,0.03212174400687218,84.05516815185547,0.7845774292945862,0.03541373834013939,92.66956329345703,0.18296721577644348,0.916412353515625,0.0009447886742921233
187,0.03180235996842384,83.21941375732422,0.784862220287323,0.035203900188207626,92.12045288085938,0.18276867270469666,0.9159493446350098,0.0009442053436047377
188,0.03150908835232258,82.45198059082031,0.7824140191078186,0.03502295911312103,91.64697265625,0.18103541433811188,0.9115809202194214,0.0009436191397308651
189,0.031182806938886642,81.59817504882812,0.780254602432251,0.034803684800863266,91.07318878173828,0.18076325953006744,0.9108484983444214,0.0009430300666882817
190,0.030920197255909443,80.91099548339844,0.7798143029212952,0.03455997258424759,90.4354476928711,0.18111295998096466,0.9117283225059509,0.0009424381285144275
191,0.030615482479333878,80.11363220214844,0.7828818559646606,0.034467797726392746,90.19422912597656,0.18316547572612762,0.916989803314209,0.0009418433292663809
192,0.030290715396404266,79.26378631591797,0.7833636701107025,0.03418310731649399,89.44927215576172,0.18111732602119446,0.9117097854614258,0.0009412456730208292
193,0.030038192868232727,78.60298919677734,0.7819503843784332,0.033954039216041565,88.84986114501953,0.18152499198913574,0.912750244140625,0.0009406451638740416
194,0.029728149063885212,77.79167938232422,0.7801110744476318,0.03383794054389,88.54605102539062,0.18026719987392426,0.9095372557640076,0.0009400418059418403
195,0.029445655643939972,77.05245590209961,0.7781000137329102,0.033600591123104095,87.92495727539062,0.18051549792289734,0.9101011753082275,0.0009394356033595729
196,0.029151110909879208,76.28170394897461,0.7795915901660919,0.033384356647729874,87.359130859375,0.1811322718858719,0.9116448163986206,0.0009388265602820842
197,0.0288764089345932,75.56287002563477,0.779638260602951,0.03326289728283882,87.04129028320312,0.1801697313785553,0.9092298746109009,0.0009382146808836873
198,0.028604266233742237,74.85073471069336,0.7774425148963928,0.033112168312072754,86.6468734741211,0.17996971309185028,0.9087139964103699,0.0009375999693581351
199,0.02833717782050371,74.1518325805664,0.7780781388282776,0.032832685858011246,85.91553497314453,0.18121476471424103,0.9118170738220215,0.0009369824299185914
200,0.028085806407034397,73.49405288696289,0.779697984457016,0.03263276815414429,85.39239501953125,0.1810218244791031,0.9112845659255981,0.0009363620667976027
201,0.027786455117166042,72.7107162475586,0.7796579003334045,0.032448481768369675,84.91015625,0.18088184297084808,0.9109185338020325,0.000935738884247068
202,0.02753306645900011,72.04765701293945,0.7779394686222076,0.03238607570528984,84.74685668945312,0.17965258657932281,0.9077611565589905,0.0009351128865382109
203,0.02730014268308878,71.43814849853516,0.7766751646995544,0.03220347315073013,84.26904296875,0.17979443073272705,0.9081065654754639,0.0009344840779615496
204,0.027032692916691303,70.7382926940918,0.7777056396007538,0.03190701827406883,83.49327850341797,0.18043333292007446,0.9096734523773193,0.0009338524628268676
205,0.026791480369865894,70.10710144042969,0.7770612239837646,0.03169390559196472,82.93560791015625,0.17992670834064484,0.9083677530288696,0.0009332180454631845
206,0.026510484516620636,69.37179565429688,0.7772917449474335,0.031488556414842606,82.39826202392578,0.18038031458854675,0.9095243811607361,0.0009325808302187257
207,0.026276256889104843,68.75887298583984,0.7764409482479095,0.031433504074811935,82.25419616699219,0.17861348390579224,0.9049763679504395,0.0009319408214608931
208,0.02603194210678339,68.11956214904785,0.7753426432609558,0.03131059557199478,81.93258666992188,0.17973770201206207,0.9078113436698914,0.0009312980235762353
209,0.025807572528719902,67.53244018554688,0.7765299677848816,0.031090261414647102,81.35601806640625,0.18020088970661163,0.9089173674583435,0.0009306524409704167
210,0.025600423105061054,66.9903793334961,0.7799651622772217,0.03085705079138279,80.74575805664062,0.1814073771238327,0.9119597673416138,0.0009300040780681884
211,0.02537408471107483,66.39810371398926,0.7768159806728363,0.030682571232318878,80.28917694091797,0.17800505459308624,0.903176486492157,0.0009293529393133572
212,0.025112359784543514,65.71322250366211,0.7718998789787292,0.03059566020965576,80.06175994873047,0.17897532880306244,0.9057172536849976,0.000928699029168755
213,0.024898436851799488,65.15344429016113,0.7747758030891418,0.03030277229845524,79.29533386230469,0.17978772521018982,0.9077095985412598,0.000928042352116209
214,0.0246697049587965,64.55490684509277,0.7773756086826324,0.030256027355790138,79.17301940917969,0.17930512130260468,0.906410813331604,0.00092738291265651
215,0.02446227241307497,64.01209831237793,0.7748100459575653,0.030107632279396057,78.78469848632812,0.1777401715517044,0.9023396968841553,0.0009267207153093822
216,0.02424941584467888,63.45509910583496,0.7710526883602142,0.029945099726319313,78.35939025878906,0.17787742614746094,0.902629017829895,0.0009260557646134519
217,0.024015430361032486,62.84281921386719,0.7728016078472137,0.029651803895831108,77.59188842773438,0.17916584014892578,0.9058444499969482,0.0009253880651262172
218,0.023818730376660824,62.32810020446777,0.7724941670894623,0.02949119731783867,77.171630859375,0.17742164433002472,0.9013051986694336,0.0009247176214240154
219,0.023631855845451355,61.839094161987305,0.7707511782646179,0.029566725715994835,77.36927795410156,0.17806529998779297,0.9030250906944275,0.0009240444381019922
220,0.023449618369340897,61.36221885681152,0.7706443667411804,0.029284007847309113,76.62946319580078,0.17780987918376923,0.9022859930992126,0.0009233685197740714
221,0.023231983184814453,60.792724609375,0.7720884084701538,0.029093129560351372,76.1299819946289,0.17865870893001556,0.9044091701507568,0.0009226898710729209
222,0.023008117452263832,60.20691108703613,0.7722959816455841,0.02892168052494526,75.68133544921875,0.17722924053668976,0.900638222694397,0.0009220084966499233
223,0.02284604124724865,59.78279495239258,0.7704828083515167,0.028926977887749672,75.69519805908203,0.17731298506259918,0.9008289575576782,0.0009213244011751424
224,0.022655528970062733,59.28427314758301,0.7717022597789764,0.028636150062084198,74.93417358398438,0.17750930786132812,0.9012361764907837,0.000920637589337292
225,0.02244325540959835,58.72880172729492,0.7683641314506531,0.02844381332397461,74.43087005615234,0.1756615936756134,0.8963406085968018,0.0009199480658437039
226,0.022274569608271122,58.28738784790039,0.7666008770465851,0.02833651751279831,74.15010070800781,0.17778122425079346,0.9018629789352417,0.0009192558354202945
227,0.022099188528954983,57.82845497131348,0.7733557224273682,0.02829493023455143,74.04127502441406,0.17884203791618347,0.9045863747596741,0.0009185609028115337
228,0.021945403888821602,57.42603874206543,0.7684532999992371,0.028082257136702538,73.4847640991211,0.17420919239521027,0.8924465179443359,0.0009178632727804119
229,0.02174272295087576,56.895668029785156,0.7644383609294891,0.02775593101978302,72.63084411621094,0.17828838527202606,0.9029427766799927,0.0009171629501084071
230,0.02164351101964712,56.63605499267578,0.775275319814682,0.027704225853085518,72.49552917480469,0.179550439119339,0.9061552286148071,0.0009164599395954524
231,0.021425780840218067,56.06630516052246,0.7691823244094849,0.027913713827729225,73.04371643066406,0.17242498695850372,0.8876442909240723,0.0009157542460599035
232,0.021293513476848602,55.720191955566406,0.7575095593929291,0.027452686801552773,71.83731842041016,0.1746521145105362,0.8933221101760864,0.0009150458743385046
233,0.02108645625412464,55.17837333679199,0.7682158350944519,0.027492234483361244,71.94080352783203,0.17984886467456818,0.9067090749740601,0.000914334829286356
234,0.020946078933775425,54.81103324890137,0.7711138427257538,0.027359560132026672,71.59364318847656,0.17389623820781708,0.8911738395690918,0.0009136211157768811
235,0.02080890443176031,54.45208168029785,0.7604060173034668,0.027091175317764282,70.8913345336914,0.17526346445083618,0.8946837782859802,0.0009129047387017925
236,0.020592231303453445,53.88509941101074,0.7676359415054321,0.027011604979634285,70.68311309814453,0.17901518940925598,0.9043326377868652,0.0009121857029710581
237,0.020428680814802647,53.457122802734375,0.7692598402500153,0.02688039094209671,70.33975219726562,0.17473378777503967,0.8931745290756226,0.0009114640135128688
238,0.02024200651794672,52.96864128112793,0.7643369436264038,0.026836924254894257,70.22601318359375,0.17622895538806915,0.8970099091529846,0.000910739675273603
239,0.02011860255151987,52.64571952819824,0.7675648927688599,0.02667107619345188,69.79203033447266,0.17666716873645782,0.8981435298919678,0.0009100126932177938
240,0.019941892474889755,52.18331527709961,0.7642438411712646,0.026472708210349083,69.27294158935547,0.17272423207759857,0.8877398371696472,0.000909283072328095
241,0.01979954168200493,51.81081199645996,0.7587766647338867,0.026283055543899536,68.77666473388672,0.17422576248645782,0.8915440440177917,0.0009085508176052465
242,0.019617917947471142,51.335548400878906,0.7599909603595734,0.02616518922150135,68.46823120117188,0.17511220276355743,0.8937861919403076,0.00090781593406804
243,0.019485454075038433,50.98892021179199,0.7626144886016846,0.026119234040379524,68.34798431396484,0.17516028881072998,0.8938963413238525,0.000907078426753285
244,0.019330231472849846,50.58273124694824,0.7643127143383026,0.026012873277068138,68.06966400146484,0.1744285672903061,0.8919355273246765,0.0009063383007157744
245,0.019171751104295254,50.16802978515625,0.7593240141868591,0.02581852674484253,67.56110382080078,0.17269794642925262,0.8873035907745361,0.0009055955610282487
246,0.01903966162353754,49.82238006591797,0.7593837082386017,0.02568000741302967,67.1986312866211,0.17631413042545319,0.8966415524482727,0.000904850212781363
247,0.018888321705162525,49.42636489868164,0.7642500698566437,0.025542305782437325,66.83829498291016,0.17551377415657043,0.8944486379623413,0.0009041022610836503
248,0.018766458611935377,49.10747718811035,0.7605047523975372,0.02550632879137993,66.74415588378906,0.17278997600078583,0.887282133102417,0.0009033517110614881
249,0.018675968050956726,48.87068176269531,0.7596149444580078,0.025336334481835365,66.29931640625,0.17451800405979156,0.8917149305343628,0.0009025985678590621
250,0.018490641377866268,48.38572120666504,0.7605228126049042,0.0254006739705801,66.4676742553711,0.17383112013339996,0.8898779153823853,0.0009018428366383317
251,0.018397233448922634,48.14129638671875,0.7613451480865479,0.02516067773103714,65.83966827392578,0.17538022994995117,0.8937951326370239,0.0009010845225789934
252,0.018280046060681343,47.83465003967285,0.7622072696685791,0.024860523641109467,65.0542221069336,0.1742091327905655,0.890619158744812,0.0009003236308784478
253,0.01813196763396263,47.447160720825195,0.7570920288562775,0.024975452572107315,65.35498046875,0.17236930131912231,0.8858135342597961,0.0008995601667517607
254,0.018026885576546192,47.172183990478516,0.7575046122074127,0.02477828413248062,64.83901977539062,0.1742682158946991,0.890658974647522,0.0008987941354316301
255,0.017878643237054348,46.784271240234375,0.7619517147541046,0.024665065109729767,64.54277038574219,0.1745537668466568,0.8912354707717896,0.0008980255421683486
256,0.01774327177554369,46.43003463745117,0.7589256167411804,0.02456609345972538,64.28377532958984,0.1728418469429016,0.8866970539093018,0.0008972543922297687
257,0.017658954951912165,46.20939636230469,0.7577173113822937,0.02470155991613865,64.63825988769531,0.17441444098949432,0.8908681869506836,0.0008964806909012655
258,0.017531584948301315,45.876094818115234,0.7553302049636841,0.02434079721570015,63.69423294067383,0.1720568835735321,0.8845032453536987,0.0008957044434857014
259,0.017384721897542477,45.491790771484375,0.7552909553050995,0.02412130869925022,63.119876861572266,0.17442302405834198,0.8905593752861023,0.0008949256553033892
260,0.017280317842960358,45.21858596801758,0.757456362247467,0.02414529025554657,63.18262481689453,0.17262519896030426,0.8858238458633423,0.0008941443316920559
261,0.0171807948499918,44.95815849304199,0.7545579075813293,0.024089934304356575,63.03777313232422,0.17379982769489288,0.8888402581214905,0.0008933604780068062
262,0.017036031000316143,44.57934379577637,0.7587633430957794,0.023977866396307945,62.74452209472656,0.1758379489183426,0.8940215110778809,0.0008925740996200851
263,0.016941999550908804,44.33328628540039,0.7617205381393433,0.023787036538124084,62.24515914916992,0.1745065450668335,0.8904423713684082,0.0008917852019216424
264,0.01686142012476921,44.12242889404297,0.7544925212860107,0.023718876764178276,62.066802978515625,0.1716432422399521,0.8828792572021484,0.0008909937903184945
265,0.016745533794164658,43.81918525695801,0.7562519907951355,0.023669401183724403,61.93734359741211,0.17474208772182465,0.8909099102020264,0.000890199870234888
266,0.016624745912849903,43.50310707092285,0.7541807591915131,0.023494619876146317,61.47998046875,0.1714845448732376,0.8822548389434814,0.0008894034471122621
267,0.016489781439304352,43.14993667602539,0.7544286549091339,0.023422569036483765,61.291439056396484,0.17627382278442383,0.8946914672851562,0.0008886045264092117
268,0.016419101506471634,42.96498489379883,0.7650059461593628,0.023350583389401436,61.10306167602539,0.17596453428268433,0.893771231174469,0.0008878031136014499
269,0.016287608537822962,42.620901107788086,0.7586531341075897,0.02321523241698742,60.74888229370117,0.17259536683559418,0.8848733305931091,0.0008869992141817703
270,0.01618838682770729,42.36125564575195,0.7527004778385162,0.02317042276263237,60.63162612915039,0.17450062930583954,0.8898189663887024,0.0008861928336600095
271,0.016134033910930157,42.21902656555176,0.7598599493503571,0.02313239686191082,60.53212356567383,0.17436496913433075,0.8893625736236572,0.0008853839775630094
272,0.0159877585247159,41.836259841918945,0.7535268366336823,0.023061653599143028,60.347007751464844,0.17011958360671997,0.8780646920204163,0.000884572651434579
273,0.015928007196635008,41.67990303039551,0.7488366365432739,0.022876136004924774,59.86154556274414,0.1752738505601883,0.8915674090385437,0.0008837588608354571
274,0.01582553656771779,41.411760330200195,0.7613388895988464,0.022799795493483543,59.66178512573242,0.1764306277036667,0.8944779634475708,0.0008829426113432729
275,0.015702055767178535,41.088640213012695,0.7581654191017151,0.022748412564396858,59.527320861816406,0.17182160913944244,0.8823102712631226,0.0008821239085525091
276,0.015663687139749527,40.98824119567871,0.7502430379390717,0.02255941741168499,59.03276824951172,0.17498798668384552,0.8904592990875244,0.0008813027580744632
277,0.015538438688963652,40.66049575805664,0.7612574100494385,0.022509369999170303,58.90180587768555,0.17601431906223297,0.8930823802947998,0.0008804791655372085
278,0.015441007446497679,40.405540466308594,0.7553674876689911,0.02239803969860077,58.610477447509766,0.1697891503572464,0.8766652345657349,0.0008796531365855559
279,0.015362381935119629,40.19978904724121,0.7498717904090881,0.02243141643702984,58.69782257080078,0.17472440004348755,0.8895862102508545,0.0008788246768810155
280,0.015249657910317183,39.904823303222656,0.7559289336204529,0.022282155230641365,58.3072395324707,0.17358790338039398,0.8864643573760986,0.0008779937921017574
281,0.015183900948613882,39.73275184631348,0.7520576119422913,0.022115884348750114,57.87214279174805,0.17293448746204376,0.8845763802528381,0.0008771604879425725
282,0.015063770115375519,39.41839408874512,0.753443032503128,0.02224283292889595,58.20433807373047,0.1753523349761963,0.8908752799034119,0.0008763247701148346
283,0.015000025741755962,39.25159454345703,0.7563046514987946,0.021998150274157524,57.56406021118164,0.1741245537996292,0.8875556588172913,0.00087548664434646
284,0.014887593686580658,38.95738220214844,0.7549352943897247,0.021919293329119682,57.35771560668945,0.1744881421327591,0.88843834400177,0.0008746461163818687
285,0.014845605008304119,38.84750556945801,0.7536885142326355,0.02179335057735443,57.02814483642578,0.17464733123779297,0.8887492418289185,0.0008738031919819456
286,0.014702489133924246,38.47300910949707,0.7563590705394745,0.021875455975532532,57.243003845214844,0.17621593177318573,0.8927628993988037,0.0008729578769239999
287,0.014657879248261452,38.35627555847168,0.7578990459442139,0.02171356976032257,56.81938171386719,0.17488999664783478,0.889186680316925,0.0008721101770017265
288,0.014560167212039232,38.100582122802734,0.7547096610069275,0.021702859550714493,56.79135513305664,0.17459222674369812,0.88832688331604,0.0008712600980251656
289,0.014495241455733776,37.93069076538086,0.7537075877189636,0.02147744596004486,56.20150375366211,0.1747058779001236,0.8884854316711426,0.0008704076458206632
290,0.014393200632184744,37.66367530822754,0.7567449510097504,0.021433264017105103,56.08588790893555,0.17513000965118408,0.8894937038421631,0.0008695528262308317
291,0.014333478175103664,37.50739097595215,0.7541033923625946,0.021427663043141365,56.07122802734375,0.17389824986457825,0.8862203359603882,0.0008686956451145084
292,0.014232449233531952,37.24302291870117,0.7556648254394531,0.021233178675174713,55.56230926513672,0.17695659399032593,0.8940427303314209,0.0008678361083467171
293,0.014177975244820118,37.10047721862793,0.7574138939380646,0.021287811920046806,55.70527648925781,0.1742844134569168,0.8870294690132141,0.0008669742218186262
294,0.014086828101426363,36.86196517944336,0.7554882168769836,0.021151237189769745,55.34788513183594,0.17530807852745056,0.8895955085754395,0.0008661099914375098
295,0.013987747486680746,36.60269355773926,0.753818154335022,0.02103777416050434,55.05097961425781,0.17507103085517883,0.8888991475105286,0.0008652434231267059
296,0.01390301575884223,36.380971908569336,0.7566576302051544,0.020921627059578896,54.74705505371094,0.17604006826877594,0.8913065195083618,0.0008643745228255767
297,0.013836657628417015,36.20732593536377,0.7550870180130005,0.02089848183095455,54.68648147583008,0.17283622920513153,0.8828559517860413,0.0008635032964894676
298,0.013750945217907429,35.98303985595703,0.7489355206489563,0.02081422694027424,54.46600341796875,0.1750759333372116,0.8886203765869141,0.0008626297500896666
299,0.013692126609385014,35.82912254333496,0.7575641870498657,0.02076614275574684,54.340187072753906,0.1776941418647766,0.8952811360359192,0.0008617538896133625
300,0.013614900410175323,35.627041816711426,0.7561404407024384,0.020718833431601524,54.21638107299805,0.17426364123821259,0.8862625360488892,0.0008608757210636052
301,0.01356449630111456,35.49514579772949,0.7551641464233398,0.020674262195825577,54.09975051879883,0.17816337943077087,0.8963409066200256,0.0008599952504592636
302,0.013470737263560295,35.249799728393555,0.7582739889621735,0.02060813456773758,53.92671203613281,0.1759500801563263,0.8904995322227478,0.0008591124838349845
303,0.013410362880676985,35.091814041137695,0.7532430291175842,0.020397955551743507,53.37672805786133,0.17638751864433289,0.8914949893951416,0.0008582274272411517
304,0.013306875247508287,34.821006774902344,0.7566477060317993,0.020351311191916466,53.25466537475586,0.17772682011127472,0.8948568105697632,0.0008573400867438438
305,0.013264283537864685,34.709556579589844,0.7567620575428009,0.02035028114914894,53.25197219848633,0.17503680288791656,0.8877961039543152,0.0008564504684247932
306,0.01318229828029871,34.49502086639404,0.7522005140781403,0.020315317437052727,53.16048049926758,0.17617514729499817,0.8906717300415039,0.0008555585783813443
307,0.0131477783434093,34.40469169616699,0.7546243667602539,0.02020374871790409,52.868534088134766,0.1775326281785965,0.8940763473510742,0.0008546644227264119
308,0.01304663810878992,34.140028953552246,0.7596388161182404,0.020205894485116005,52.8741455078125,0.17749929428100586,0.8938798904418945,0.0008537680075884382
309,0.013003741391003132,34.02777862548828,0.7568076550960541,0.020057106390595436,52.48480224609375,0.17729349434375763,0.8932586312294006,0.0008528693391113527
310,0.012914915103465319,33.79533863067627,0.7595292627811432,0.020066523924469948,52.50944137573242,0.18002991378307343,0.9002245664596558,0.0008519684234545282
311,0.012873782310634851,33.68770408630371,0.760585606098175,0.019928811118006706,52.149085998535156,0.175571009516716,0.8885736465454102,0.0008510652667927398
312,0.012810406740754843,33.52186679840088,0.7510667443275452,0.019893724471330643,52.05726623535156,0.17562788724899292,0.8886343240737915,0.0008501598753161223
313,0.012728387489914894,33.3072395324707,0.7521989643573761,0.019803056493401527,51.82001495361328,0.17785748839378357,0.8942867517471313,0.0008492522552301272
314,0.01267795404419303,33.17526912689209,0.7570913136005402,0.019785825163125992,51.77491760253906,0.17666959762573242,0.8911700248718262,0.0008483424127554811
315,0.012615112122148275,33.01082992553711,0.7536536157131195,0.01972248964011669,51.60918045043945,0.17713887989521027,0.8922821283340454,0.0008474303541281425
316,0.012551660649478436,32.84478759765625,0.75729039311409,0.019674930721521378,51.48473358154297,0.17966748774051666,0.8987598419189453,0.000846516085599259
317,0.012487937230616808,32.678038597106934,0.7610547244548798,0.019593074917793274,51.27054214477539,0.17746149003505707,0.8929208517074585,0.0008455996134351248
318,0.012439143378287554,32.5503568649292,0.7564094960689545,0.01954367756843567,51.141273498535156,0.17960815131664276,0.8983346819877625,0.0008446809439171374
319,0.012386482208967209,32.412553787231445,0.7643771171569824,0.019508332014083862,51.04878234863281,0.1810721755027771,0.9020474553108215,0.0008437600833417549
320,0.012318534776568413,32.234747886657715,0.758683055639267,0.019432004541158676,50.84905242919922,0.17630192637443542,0.8896133899688721,0.0008428370380204527
321,0.01228130329400301,32.137325286865234,0.7590853273868561,0.01928233727812767,50.45741271972656,0.18248620629310608,0.9054199457168579,0.0008419118142796799
322,0.012214760761708021,31.963199615478516,0.7609633505344391,0.019252657890319824,50.37974548339844,0.17606563866138458,0.8887950778007507,0.0008409844184608164
323,0.0121561698615551,31.809882164001465,0.7520910203456879,0.019282037392258644,50.456626892089844,0.178689107298851,0.8955322504043579,0.0008400548569201295
324,0.01209255587309599,31.643415451049805,0.7612730264663696,0.019203001633286476,50.24980163574219,0.18116389214992523,0.901746392250061,0.0008391231360287296
325,0.01203373447060585,31.489495277404785,0.7607998847961426,0.01904357597231865,49.83262634277344,0.17765535414218903,0.8925977945327759,0.0008381892621725278
326,0.011957786977291107,31.290759086608887,0.7564043700695038,0.019092923030257225,49.961753845214844,0.17994758486747742,0.8984679579734802,0.0008372532417521906
327,0.011916705872863531,31.183258056640625,0.7593822479248047,0.01895793341100216,49.6085205078125,0.17978918552398682,0.8979178071022034,0.0008363150811830972
328,0.011842269916087389,30.98847770690918,0.7592821717262268,0.019000358879566193,49.719539642333984,0.17965011298656464,0.8974831104278564,0.0008353747868952953
329,0.011794563382863998,30.863638877868652,0.7586663663387299,0.018921786919236183,49.51393127441406,0.17960253357887268,0.8972665667533875,0.0008344323653334563
330,0.0117540187202394,30.75754451751709,0.7596657276153564,0.018804937601089478,49.208168029785156,0.1796935498714447,0.8974179029464722,0.0008334878229568325
331,0.01168347941711545,30.572959899902344,0.7577775716781616,0.018827063962817192,49.26606369018555,0.18048840761184692,0.8993890881538391,0.0008325411662392112
332,0.011651802342385054,30.490068435668945,0.7620119154453278,0.018819697201251984,49.24679183959961,0.1834048330783844,0.9067680835723877,0.0008315924016688717
333,0.011616097763180733,30.396634101867676,0.7676917910575867,0.018645239993929863,48.79026794433594,0.18036291003227234,0.8988469839096069,0.0008306415357485403
334,0.01153827691450715,30.1929988861084,0.7572129368782043,0.018732950091362,49.01979064941406,0.17931625247001648,0.8960750102996826,0.0008296885749953453
335,0.011488751042634249,30.063401222229004,0.7601748406887054,0.018575521185994148,48.60783386230469,0.18385156989097595,0.9075864553451538,0.000828733525940773
336,0.011465789284557104,30.003314971923828,0.7657521963119507,0.018413521349430084,48.183921813964844,0.17922094464302063,0.895595908164978,0.0008277763951306229
337,0.011406983714550734,29.849432945251465,0.754524290561676,0.018569262698292732,48.59145736694336,0.18002404272556305,0.8976690769195557,0.0008268171891249622
338,0.011352406349033117,29.706616401672363,0.7589863538742065,0.01839800737798214,48.14332580566406,0.1837313026189804,0.9070357084274292,0.0008258559144980815
339,0.011290923226624727,29.54573154449463,0.7666932642459869,0.01833823323249817,47.98691177368164,0.18182268738746643,0.9020606279373169,0.0008248925778384496
340,0.011282703373581171,29.524219512939453,0.7616983950138092,0.018434880301356316,48.239810943603516,0.181467667222023,0.9011168479919434,0.0008239271857486681
341,0.011207983829081059,29.328696250915527,0.765396237373352,0.01829545572400093,47.874969482421875,0.18402446806430817,0.9075500965118408,0.0008229597448454262
342,0.011136196088045835,29.14084529876709,0.7660871744155884,0.01810556650161743,47.37807083129883,0.18136495351791382,0.9005803465843201,0.0008219902617594552
343,0.011087364051491022,29.013063430786133,0.7607741057872772,0.01818450354039669,47.58462142944336,0.18276458978652954,0.9041156768798828,0.0008210187431354841
344,0.011032295878976583,28.868961334228516,0.7635172307491302,0.01818808913230896,47.594017028808594,0.1831020563840866,0.9048991799354553,0.0008200451956321928
345,0.010986285284161568,28.748563766479492,0.7645772993564606,0.018047284334897995,47.22555923461914,0.18179504573345184,0.901432454586029,0.0008190696259221665
346,0.010950648691505194,28.65531063079834,0.7593709826469421,0.018008112907409668,47.1230583190918,0.18224315345287323,0.9024928212165833,0.000818092040691851
347,0.010898260865360498,28.518223762512207,0.7654059827327728,0.017945006489753723,46.957923889160156,0.1852256804704666,0.9100069999694824,0.0008171124466415059
348,0.010853171348571777,28.40023136138916,0.7642303109169006,0.01801724173128605,47.146949768066406,0.1814851313829422,0.9004521369934082,0.0008161308504851593
349,0.010816317517310381,28.303799629211426,0.7624489367008209,0.017922531813383102,46.89912033081055,0.18602196872234344,0.9118635654449463,0.0008151472589505611
350,0.010782432276755571,28.215126037597656,0.7715655565261841,0.017738232389092445,46.41684341430664,0.1835084706544876,0.9053346514701843,0.0008141616787791377
351,0.01073106937110424,28.080720901489258,0.7597043514251709,0.017823057249188423,46.638816833496094,0.18272489309310913,0.9032970666885376,0.0008131741167259453
352,0.010687962174415588,27.96792221069336,0.7684490084648132,0.017826363444328308,46.6474609375,0.18872584402561188,0.9184184670448303,0.0008121845795596236
353,0.010650803335011005,27.87068271636963,0.7730493247509003,0.01766960322856903,46.23725891113281,0.18165993690490723,0.9003683924674988,0.0008111930740623492
354,0.010607668198645115,27.757811546325684,0.7578431367874146,0.017683155834674835,46.272727966308594,0.1850527971982956,0.9089469909667969,0.0008101996070297903
355,0.01058566803112626,27.700239181518555,0.7721759378910065,0.017733406275510788,46.40421676635742,0.18789060413837433,0.9160423278808594,0.0008092041852710587
356,0.010540078859776258,27.580944061279297,0.7654392123222351,0.017582539469003677,46.00943374633789,0.18015463650226593,0.8961794972419739,0.0008082068156086631
357,0.010493941605091095,27.460211753845215,0.7635581493377686,0.01755392551422119,45.9345588684082,0.1881747990846634,0.9165434241294861,0.0008072075048784639
358,0.010423236060887575,27.27519416809082,0.7723069787025452,0.01748223789036274,45.74696731567383,0.1837267428636551,0.9051975607872009,0.0008062062599296249
359,0.0103904502466321,27.189401626586914,0.7624006271362305,0.017559509724378586,45.94916915893555,0.18634061515331268,0.9117719531059265,0.0008052030876245668
360,0.010348411742597818,27.07939624786377,0.7735778391361237,0.017376480624079704,45.4702262878418,0.19055959582328796,0.9222424030303955,0.0008041979948389203
361,0.010294334962964058,26.937891006469727,0.774715006351471,0.017274176701903343,45.2025146484375,0.18507832288742065,0.9083632230758667,0.0008031909884614789
362,0.010258777067065239,26.8448429107666,0.7650806903839111,0.01738397218286991,45.489830017089844,0.1872287094593048,0.9137700796127319,0.0008021820753941513
363,0.010214034467935562,26.72776222229004,0.7735550999641418,0.01730532757937908,45.284034729003906,0.18873730301856995,0.917445182800293,0.000801171262551915
364,0.010172704234719276,26.619609832763672,0.7713323831558228,0.01715516857802868,44.89109802246094,0.18470750749111176,0.9071629643440247,0.000800158556862768
365,0.010141248814761639,26.537299156188965,0.7619447112083435,0.017248252406716347,45.134681701660156,0.18684013187885284,0.9125607013702393,0.0007991439652676816
366,0.010104333516210318,26.440699577331543,0.7713642120361328,0.01720573566854,45.02342224121094,0.18796423077583313,0.9153463840484619,0.000798127494720553
367,0.01005353219807148,26.30776596069336,0.7694303393363953,0.017064793035387993,44.65460968017578,0.18540404736995697,0.9087632894515991,0.0007971091521881574
368,0.010018470697104931,26.21601676940918,0.7681778073310852,0.017118392512202263,44.794864654541016,0.18900378048419952,0.9177868962287903,0.0007960889446501008
369,0.009971803519874811,26.093900680541992,0.7746157646179199,0.017077278345823288,44.687278747558594,0.18643198907375336,0.9112322330474854,0.000795066879098771
370,0.00994078442454338,26.012730598449707,0.7667724788188934,0.016909118741750717,44.247249603271484,0.18786399066448212,0.9147199392318726,0.0007940429625392913
371,0.009881515521556139,25.857638359069824,0.771845281124115,0.016970884054899216,44.40886688232422,0.19178426265716553,0.9244756698608398,0.000793017201989471
372,0.009868609718978405,25.823864936828613,0.7796532511711121,0.016916386783123016,44.266265869140625,0.18702158331871033,0.9124358892440796,0.0007919896044797579
373,0.00985081261023879,25.777294158935547,0.764431357383728,0.016881760209798813,44.175655364990234,0.1870851218700409,0.9125260710716248,0.0007909601770531903
374,0.009807602036744356,25.664220809936523,0.7770664691925049,0.016832176595926285,44.04590606689453,0.19390860199928284,0.9295474886894226,0.0007899289267653487
375,0.00973675586283207,25.478835105895996,0.7802180051803589,0.016831448301672935,44.04399871826172,0.18717125058174133,0.9126330614089966,0.0007888958606843069
376,0.009716969914734364,25.427059173583984,0.7685920298099518,0.016841040924191475,44.0691032409668,0.19122089445590973,0.9227283596992493,0.0007878609858905844
377,0.009680594317615032,25.33187198638916,0.7799571752548218,0.016680460423231125,43.648895263671875,0.18976278603076935,0.9189394116401672,0.0007868243094770969
378,0.009631053078919649,25.20223617553711,0.7686255872249603,0.016632597893476486,43.52365493774414,0.18526484072208405,0.9074944257736206,0.0007857858385491085
379,0.00960479537025094,25.133525848388672,0.7702215611934662,0.016712354496121407,43.732357025146484,0.1937287598848343,0.9287014603614807,0.0007847455802241828
380,0.0095702582038939,25.043149948120117,0.7796526849269867,0.016663307324051857,43.6040153503418,0.1879568099975586,0.9141930937767029,0.0007837035416321337
381,0.009525771252810955,24.92673683166504,0.7698355615139008,0.016562048345804214,43.33903884887695,0.19127991795539856,0.9224076271057129,0.0007826597299149774
382,0.009488080628216267,24.828109741210938,0.7801377773284912,0.016538236290216446,43.2767333984375,0.19347764551639557,0.927810788154602,0.0007816141522268821
383,0.00944680580869317,24.720101356506348,0.7782060503959656,0.016470931470394135,43.100608825683594,0.1873173713684082,0.9123241305351257,0.0007805668157341204
384,0.00941834645345807,24.645631790161133,0.769231915473938,0.016504624858498573,43.188777923583984,0.19123472273349762,0.9221111536026001,0.0007795177276150193
385,0.009393609594553709,24.58090114593506,0.7790554761886597,0.016395127400755882,42.90224838256836,0.1911575198173523,0.9218448400497437,0.0007784668950599113
386,0.009344673249870539,24.452847480773926,0.7737626135349274,0.01639111153781414,42.89174270629883,0.1895354986190796,0.9177138805389404,0.0007774143252710853
387,0.009317757096141577,24.382411003112793,0.7775231599807739,0.016389496624469757,42.88751220703125,0.19516457617282867,0.9316477179527283,0.0007763600254627364
388,0.009296895936131477,24.3278226852417,0.7818001806735992,0.016225235536694527,42.45768356323242,0.1887613981962204,0.9155969619750977,0.0007753040028609179
389,0.009251058101654053,24.207876205444336,0.7725369930267334,0.01635153219103813,42.78816604614258,0.19201861321926117,0.9237003922462463,0.00077424626470349
390,0.009223046246916056,24.134575843811035,0.7798110842704773,0.016259826719760895,42.548194885253906,0.19212621450424194,0.9239193201065063,0.0007731868182400717
391,0.009180000051856041,24.021933555603027,0.7752005159854889,0.016217663884162903,42.437870025634766,0.18975719809532166,0.9179264307022095,0.0007721256707319907
392,0.009149176301434636,23.94127368927002,0.7754034996032715,0.016245856881141663,42.51164627075195,0.19447006285190582,0.9295834898948669,0.0007710628294522329
393,0.009134032763540745,23.901647567749023,0.7850716412067413,0.016117500141263008,42.17576217651367,0.19146846234798431,0.9220391511917114,0.0007699983016853936
394,0.009085345547646284,23.77424430847168,0.7759373784065247,0.016094882041215897,42.116573333740234,0.19211775064468384,0.9235810041427612,0.000768932094727627
395,0.009050488471984863,23.683029174804688,0.780935525894165,0.016057657077908516,42.0191650390625,0.19561246037483215,0.9321643114089966,0.0007678642158865958
396,0.009030921384692192,23.6318302154541,0.7806353271007538,0.016040867194533348,41.9752311706543,0.19176915287971497,0.9225574731826782,0.0007667946724814224
397,0.008984256302937865,23.509716987609863,0.7778889536857605,0.016051823273301125,42.003902435302734,0.19458356499671936,0.9294780492782593,0.0007657234718426375
398,0.008967636618763208,23.466227531433105,0.7817329168319702,0.016017179936170578,41.913246154785156,0.19260777533054352,0.9245356917381287,0.0007646506213121302
399,0.008929196279495955,23.365638732910156,0.7774226367473602,0.015935387462377548,41.69921875,0.19344905018806458,0.9265038967132568,0.0007635761282430981
400,0.008893497753888369,23.272225379943848,0.7805827260017395,0.015924233943223953,41.67002868652344,0.19540300965309143,0.9312952160835266,0.0007624999999999961
401,0.008874707389622927,23.22305393218994,0.7832289636135101,0.015897609293460846,41.60035705566406,0.19258612394332886,0.9242862462997437,0.000761422243958487
402,0.008834797888994217,23.118619918823242,0.7761965990066528,0.015872791409492493,41.53541564941406,0.19462355971336365,0.92926424741745,0.0007603428675053898
403,0.008819291833788157,23.078042030334473,0.7866990864276886,0.0157803762704134,41.2935905456543,0.19571058452129364,0.931852400302887,0.0007592618780386299
404,0.008777332492172718,22.968249320983887,0.7806454300880432,0.015732591971755028,41.16854476928711,0.1918768584728241,0.922233521938324,0.0007581792829671881
405,0.008766242768615484,22.939226150512695,0.7811748683452606,0.015808165073394775,41.36630630493164,0.19769756495952606,0.9366123676300049,0.0007570950897110498
406,0.008731058798730373,22.847158432006836,0.7846215069293976,0.015730109065771103,41.16204833984375,0.19277672469615936,0.9243661165237427,0.0007560093057011541
407,0.008700610836967826,22.76748275756836,0.7766459882259369,0.015646321699023247,40.94279861450195,0.19655418395996094,0.9336309432983398,0.0007549219383793432
408,0.00866562151350081,22.675923347473145,0.7856967747211456,0.015739386901259422,41.18633270263672,0.19657041132450104,0.9336152076721191,0.0007538329951983108
409,0.0086501594632864,22.635462760925293,0.78232142329216,0.015690671280026436,41.05885696411133,0.19353707134723663,0.9260901212692261,0.0007527424836215516
410,0.008611909346655011,22.535372734069824,0.783207505941391,0.015601667575538158,40.825950622558594,0.20061840116977692,0.9434418678283691,0.0007516504111233101
411,0.008595390012487769,22.49214458465576,0.7905977368354797,0.015505786053836346,40.57504653930664,0.1953759342432022,0.9305073022842407,0.0007505567851885283
412,0.008548625512048602,22.369771003723145,0.7850058674812317,0.015593468211591244,40.80449295043945,0.19639921188354492,0.9329903721809387,0.0007494616133127967
413,0.00851707998663187,22.2872257232666,0.7863196730613708,0.015499981120228767,40.55986022949219,0.19753146171569824,0.9356748461723328,0.0007483649030023002
414,0.008498500101268291,22.238605499267578,0.7866937518119812,0.015440033748745918,40.40298843383789,0.1977546513080597,0.9361536502838135,0.0007472666617737685
415,0.008461716352030635,22.142351150512695,0.7860494554042816,0.015481382608413696,40.511192321777344,0.19756484031677246,0.9356424808502197,0.000746166897154424
416,0.008435741066932678,22.07438087463379,0.7881626486778259,0.015457840636372566,40.4495849609375,0.19751089811325073,0.9354608058929443,0.0007450656166819305
417,0.008412549272179604,22.013691902160645,0.7853244543075562,0.015369598753750324,40.21868133544922,0.19661040604114532,0.9331680536270142,0.0007439628279043408
418,0.00838914792984724,21.952458381652832,0.7860879302024841,0.01535277534276247,40.174659729003906,0.197788804769516,0.9359886050224304,0.0007428585383800457
419,0.008355243597179651,21.86373805999756,0.7857808172702789,0.015333123505115509,40.123233795166016,0.1960572749376297,0.9316517114639282,0.0007417527556777223
420,0.008331946097314358,21.802773475646973,0.7825795114040375,0.01531476154923439,40.07518005371094,0.1990295946598053,0.9389034509658813,0.0007406454873762809
421,0.008305441588163376,21.73341655731201,0.7901395559310913,0.01532681193202734,40.10671615600586,0.1998593807220459,0.9409226775169373,0.0007395367410648148
422,0.008276726584881544,21.658276557922363,0.7911827862262726,0.015241035260260105,39.882259368896484,0.19785329699516296,0.9359012842178345,0.000738426524342547
423,0.00825080694630742,21.5904483795166,0.7875467240810394,0.015271629206836224,39.962318420410156,0.19964735209941864,0.9402366876602173,0.0007373148448187787
424,0.008226950652897358,21.528024673461914,0.7911804020404816,0.015209164470434189,39.79886245727539,0.1996569186449051,0.9402433633804321,0.0007362017101128366
425,0.008196762762963772,21.44902801513672,0.7914548516273499,0.015130224637687206,39.59229278564453,0.19820953905582428,0.9366307258605957,0.0007350871278540218
426,0.008183023426681757,21.413076400756836,0.7860984206199646,0.01519294548779726,39.75642013549805,0.1987454891204834,0.9379024505615234,0.0007339711056815558
427,0.008149325149133801,21.324894905090332,0.7905213534832001,0.01513674110174179,39.609344482421875,0.20112019777297974,0.9436184167861938,0.0007328536512445299
428,0.00813125423155725,21.27760887145996,0.7895698547363281,0.015032893046736717,39.33759689331055,0.197713702917099,0.935201108455658,0.0007317347722018518
429,0.00809312192723155,21.177823066711426,0.7874782979488373,0.015085851773619652,39.47617721557617,0.20126301050186157,0.9438244700431824,0.0007306144762221927
430,0.008086443413048983,21.16034984588623,0.7948063015937805,0.015040632337331772,39.35784912109375,0.1985923945903778,0.9372385144233704,0.0007294927709839364
431,0.008063345914706588,21.09990882873535,0.7837086021900177,0.015019719488918781,39.303131103515625,0.19986815750598907,0.9402856826782227,0.0007283696641751246
432,0.00804088544100523,21.041135787963867,0.795406699180603,0.015048500150442123,39.378440856933594,0.2045060694217682,0.9515064358711243,0.0007272451634934057
433,0.008005281677469611,20.94796657562256,0.795090913772583,0.01493135467171669,39.071895599365234,0.19794292747974396,0.93546062707901,0.0007261192766459815
434,0.007989400997757912,20.906411170959473,0.7896528840065002,0.014912158250808716,39.021663665771484,0.2044510841369629,0.9512207508087158,0.0007249920113495545
435,0.007957881782203913,20.823932647705078,0.798473984003067,0.014904729090631008,39.00222396850586,0.200774148106575,0.9421983361244202,0.0007238633753302745
436,0.007944207871332765,20.788151741027832,0.7882115840911865,0.014922330155968666,39.04827880859375,0.20074507594108582,0.9421049356460571,0.0007227333763236868
437,0.00791338481940329,20.707494735717773,0.7957039773464203,0.014853846281766891,38.86907196044922,0.20381797850131989,0.9494888186454773,0.0007216020220746778
438,0.007890093605965376,20.646544456481934,0.7926815450191498,0.014794508926570415,38.71380615234375,0.19901910424232483,0.9377803802490234,0.0007204693203374228
439,0.007858567172661424,20.564050674438477,0.7920611500740051,0.01484649907797575,38.849849700927734,0.20540915429592133,0.9532657861709595,0.000719335278875333
440,0.007846204098314047,20.531696319580078,0.7985282838344574,0.014750288799405098,38.59809112548828,0.20024476945400238,0.9406559467315674,0.0007181999054610013
441,0.00782080041244626,20.46522331237793,0.7922995388507843,0.014738108031451702,38.56621551513672,0.20325221121311188,0.9479132890701294,0.0007170632078761502
442,0.0077938970644026995,20.394824981689453,0.7978973984718323,0.014726538211107254,38.53594207763672,0.20182673633098602,0.9443981647491455,0.0007159251939115774
443,0.007767431205138564,20.3255672454834,0.790390133857727,0.01478392630815506,38.68611145019531,0.20144660770893097,0.9434671401977539,0.0007147858713671033
444,0.007738022832199931,20.24861240386963,0.7953596711158752,0.014689434319734573,38.4388427734375,0.205513134598732,0.9532849788665771,0.000713645248051517
445,0.007728053955361247,20.222527503967285,0.7979152500629425,0.014596529304981232,38.195735931396484,0.20067037642002106,0.9414498209953308,0.0007125033317825232
446,0.007708549266681075,20.17148780822754,0.7894043624401093,0.014673713594675064,38.397708892822266,0.20415250957012177,0.9498684406280518,0.0007113601303866878
447,0.007675858912989497,20.085944175720215,0.7985832393169403,0.014643359929323196,38.31827926635742,0.20441347360610962,0.9504649639129639,0.0007102156516993857
448,0.007646817481145263,20.00994873046875,0.7969961762428284,0.014579756185412407,38.15184020996094,0.20259836316108704,0.9460408091545105,0.000709069903564745
449,0.007633120520040393,19.974108695983887,0.7963064908981323,0.01455515343695879,38.08746337890625,0.20614618062973022,0.9545961618423462,0.0007079228938355956
450,0.007606448605656624,19.90431308746338,0.8021096885204315,0.014580950140953064,38.154964447021484,0.2046910971403122,0.951010525226593,0.0007067746303734138
451,0.007593177258968353,19.869585037231445,0.7985207736492157,0.014478896744549274,37.88792037963867,0.20549426972866058,0.9528677463531494,0.0007056251210482685
452,0.0075606172904372215,19.784385681152344,0.8001733422279358,0.01448696106672287,37.909019470214844,0.2058505266904831,0.9537030458450317,0.0007044743737387681
453,0.007546845590695739,19.74834442138672,0.8005503118038177,0.014551382511854172,38.07759475708008,0.20359089970588684,0.9482359886169434,0.0007033223963320057
454,0.007529404480010271,19.702709197998047,0.7954271137714386,0.014402676373720169,37.68846893310547,0.2049466222524643,0.9514234066009521,0.0007021691967235054
455,0.007504694629460573,19.638047218322754,0.8016053438186646,0.014451904222369194,37.817283630371094,0.20566289126873016,0.9531129598617554,0.0007010147828171683
456,0.00747624970972538,19.563612937927246,0.7966986894607544,0.014386875554919243,37.64711380004883,0.203414186835289,0.9475811719894409,0.0006998591625252183
457,0.007468461291864514,19.543231964111328,0.8009719550609589,0.014390192925930023,37.65580368041992,0.20726673305034637,0.9567880630493164,0.0006987023437681469
458,0.007437634747475386,19.462566375732422,0.8000042140483856,0.014328459277749062,37.4942626953125,0.20318511128425598,0.9469001293182373,0.0006975443344746609
459,0.007416646461933851,19.407647132873535,0.7993218004703522,0.01432848535478115,37.494327545166016,0.20844605565071106,0.9595491886138916,0.000696385142581626
460,0.007397380890324712,19.357229232788086,0.8040550649166107,0.01428882498294115,37.39054489135742,0.20532752573490143,0.951977014541626,0.0006952247760340137
461,0.007373944390565157,19.295905113220215,0.7992443442344666,0.014346916228532791,37.54255676269531,0.20782333612442017,0.9579305648803711,0.0006940632427848466
462,0.0073533637914806604,19.242051124572754,0.8029465973377228,0.014266736805438995,37.33274459838867,0.2080659717321396,0.9584697484970093,0.0006929005507951433
463,0.007329680258408189,19.180073738098145,0.805212676525116,0.014202786609530449,37.1654052734375,0.2063882052898407,0.9543782472610474,0.0006917367080338646
464,0.007315642200410366,19.14334201812744,0.801803708076477,0.014251160435378551,37.29198455810547,0.20660415291786194,0.9548817873001099,0.0006905717224778584
465,0.007287486223503947,19.069663047790527,0.8027797937393188,0.014179732650518417,37.10507583618164,0.20968250930309296,0.9621918201446533,0.0006894056021118053
466,0.0072731575928628445,19.0321683883667,0.8100599348545074,0.014131495729088783,36.97884750366211,0.20751765370368958,0.9569608569145203,0.0006882383549281639
467,0.007249805377796292,18.971062660217285,0.8013008236885071,0.014174198731780052,37.09059524536133,0.20588302612304688,0.953000545501709,0.0006870699889271154
468,0.007231865776702762,18.92411708831787,0.8017961978912354,0.014180297963321209,37.10655975341797,0.2092779576778412,0.9610893130302429,0.0006859005121165097
469,0.0072207164485007524,18.894941329956055,0.8039998710155487,0.014060390181839466,36.792781829833984,0.20701509714126587,0.9556072950363159,0.0006847299325118098
470,0.007197601953521371,18.834457397460938,0.8021354079246521,0.014093045145273209,36.878238677978516,0.20949247479438782,0.9615498781204224,0.0006835582581360373
471,0.00718472758308053,18.800768852233887,0.8085156679153442,0.014082505367696285,36.85065460205078,0.20622846484184265,0.9536946415901184,0.0006823854970197172
472,0.0071658429224044085,18.751349449157715,0.798285573720932,0.014047090895473957,36.75798416137695,0.20845277607440948,0.958988606929779,0.0006812116572008231
473,0.007150880992412567,18.712199211120605,0.811479777097702,0.014062382280826569,36.79800033569336,0.21301975846290588,0.969839334487915,0.0006800367467247214
474,0.007120569935068488,18.632882118225098,0.8074254989624023,0.014003505930304527,36.64392852783203,0.203216552734375,0.9462851881980896,0.0006788607736441172
475,0.007122822338715196,18.63877773284912,0.801011711359024,0.014027711935341358,36.707275390625,0.21429114043712616,0.9727243185043335,0.0006776837460189979
476,0.00709181372076273,18.557634830474854,0.8166492283344269,0.013961227610707283,36.533294677734375,0.20881308615207672,0.9596563577651978,0.0006765056719165794
477,0.00708426209166646,18.537870407104492,0.8018807768821716,0.013934408314526081,36.46311950683594,0.2102981060743332,0.9631360769271851,0.0006753265594112496
478,0.007060297764837742,18.475163459777832,0.8136848211288452,0.013942050747573376,36.483116149902344,0.21088199317455292,0.9644709229469299,0.0006741464165845136
479,0.0070288474671542645,18.39286518096924,0.8031700551509857,0.013845535926520824,36.23055648803711,0.20446255803108215,0.9490315318107605,0.0006729652515249381
480,0.007016491610556841,18.36053466796875,0.8035702705383301,0.013912600465118885,36.40604782104492,0.21478432416915894,0.9736387729644775,0.0006717830723280962
481,0.007002834230661392,18.324796676635742,0.8145551085472107,0.013866648077964783,36.285804748535156,0.2073841691017151,0.9559547901153564,0.0006705998870965119
482,0.006987550761550665,18.284802436828613,0.8029128909111023,0.013836338184773922,36.20648956298828,0.21252407133579254,0.968214750289917,0.0006694157039396041
483,0.006962878629565239,18.220240592956543,0.8154928088188171,0.013825754635035992,36.178794860839844,0.21230193972587585,0.96766197681427,0.0006682305309736318
484,0.006944540189579129,18.17225456237793,0.8072672784328461,0.013776288367807865,36.04935836791992,0.20788390934467316,0.9570575952529907,0.0006670443763216375
485,0.006936212768778205,18.15046215057373,0.8082471191883087,0.013785543851554394,36.07357406616211,0.21418966352939606,0.9719914197921753,0.0006658572481133926
486,0.0069059638772159815,18.07130718231201,0.8158667087554932,0.013785994611680508,36.07474899291992,0.2087354212999344,0.9590144157409668,0.0006646691544853408
487,0.0068974720779806376,18.049087524414062,0.8045540452003479,0.01371481828391552,35.88850402832031,0.2129679173231125,0.9690585732460022,0.0006634801035805428
488,0.006889375392347574,18.02789878845215,0.817797064781189,0.013755816034972668,35.995784759521484,0.21435900032520294,0.9723166227340698,0.0006622901035486204
489,0.006858861539512873,17.948050498962402,0.8101039528846741,0.01376950740814209,36.031612396240234,0.2084415704011917,0.9582182168960571,0.0006610991625457006
490,0.006837284658104181,17.891590118408203,0.8087709248065948,0.013699056580662727,35.84725570678711,0.21641500294208527,0.9770791530609131,0.0006599072887343597
491,0.006823279894888401,17.854942321777344,0.8176687657833099,0.013623736798763275,35.65016555786133,0.21029207110404968,0.9625568389892578,0.0006587144902835672
492,0.006802636664360762,17.80092430114746,0.8087784647941589,0.013657565228641033,35.738685607910156,0.2123459428548813,0.9674060940742493,0.0006575207753686304
493,0.006786711979657412,17.759252548217773,0.8124952912330627,0.013665560632944107,35.75960922241211,0.21326664090156555,0.9695431590080261,0.0006563261521711373
494,0.006764352088794112,17.700742721557617,0.8127377033233643,0.013606339693069458,35.60464096069336,0.21190710365772247,0.9662353992462158,0.0006551306288789019
495,0.006744950311258435,17.649971961975098,0.8118245899677277,0.013563791289925575,35.49330139160156,0.21393568813800812,0.9709928035736084,0.0006539342136859066
496,0.006733515998348594,17.6200532913208,0.8143956363201141,0.013580513186752796,35.53705978393555,0.21313869953155518,0.9690971374511719,0.0006527369147922476
497,0.006710785441100597,17.56057071685791,0.8143757283687592,0.013518771156668663,35.37548828125,0.2137605845928192,0.9704838395118713,0.0006515387404040772
498,0.00670085265301168,17.53458023071289,0.8165307343006134,0.013526192866265774,35.39491271972656,0.21384912729263306,0.9706459045410156,0.0006503396987335486
499,0.006672842428088188,17.46128273010254,0.8134289979934692,0.013504331931471825,35.337711334228516,0.21396152675151825,0.9708542823791504,0.0006491397979987589
500,0.006667861249297857,17.448248863220215,0.8163193464279175,0.013490152545273304,35.300601959228516,0.21504732966423035,0.9734078645706177,0.0006479390464236939
501,0.006641418905928731,17.379053592681885,0.8144597113132477,0.013504169881343842,35.337284088134766,0.2120756208896637,0.9663538932800293,0.0006467374522381699
502,0.0066339317709207535,17.35946273803711,0.8136022388935089,0.01351442001760006,35.36410140991211,0.21526217460632324,0.9738061428070068,0.0006455350236777791
503,0.0066148212645202875,17.309454917907715,0.8159465491771698,0.013445736840367317,35.18437576293945,0.21224485337734222,0.966627836227417,0.0006443317689838323
504,0.006590366829186678,17.245462894439697,0.8121113479137421,0.013386717066168785,35.02993392944336,0.21419723331928253,0.9711992740631104,0.0006431276964033024
505,0.006580970017239451,17.220873832702637,0.8153760433197021,0.013395172543823719,35.05206298828125,0.21480052173137665,0.9726058840751648,0.0006419228141887682
506,0.006569120334461331,17.189866065979004,0.8162832260131836,0.013423722237348557,35.126773834228516,0.21521277725696564,0.9735532999038696,0.0006407171305983572
507,0.006552433129400015,17.146199226379395,0.8179219663143158,0.013415884226560593,35.106266021728516,0.21657930314540863,0.9767341613769531,0.0006395106538956899
508,0.006531025283038616,17.09018039703369,0.819800853729248,0.01334231998771429,34.913761138916016,0.21551446616649628,0.9741799831390381,0.0006383033923498224
509,0.006516532506793737,17.052255630493164,0.818558394908905,0.013300669379532337,34.804771423339844,0.21471253037452698,0.9722750186920166,0.0006370953542351904
510,0.006502110278233886,17.014516830444336,0.816660463809967,0.013342393562197685,34.9139518737793,0.21592701971530914,0.9751055240631104,0.0006358865478315516
511,0.006482997676357627,16.9645037651062,0.8196618556976318,0.01331703457981348,34.84759521484375,0.21641704440116882,0.9762157797813416,0.00063467698142393
512,0.006470748223364353,16.932448387145996,0.8157841861248016,0.013281122781336308,34.753623962402344,0.21511761844158173,0.973110556602478,0.0006334666633025581
513,0.00646032253280282,16.905166149139404,0.8175697326660156,0.013276653364300728,34.74192810058594,0.21684356033802032,0.977142333984375,0.0006322556017628209
514,0.006438063224777579,16.846920013427734,0.8173306882381439,0.013250051997601986,34.67231750488281,0.2151835709810257,0.9731984734535217,0.0006310438051051985
515,0.00642698141746223,16.817922592163086,0.8189589977264404,0.01326653454452753,34.715450286865234,0.2191561907529831,0.9824919700622559,0.0006298312816352096
516,0.0064106048084795475,16.775068283081055,0.822715699672699,0.01320742815732956,34.5607795715332,0.21476879715919495,0.9721763134002686,0.0006286180396633544
517,0.006401112303137779,16.750226497650146,0.8153895139694214,0.013203236274421215,34.54981231689453,0.2183835655450821,0.9806178212165833,0.0006274040875050573
518,0.006381898652762175,16.699951171875,0.8238160312175751,0.01325179822742939,34.67688751220703,0.21931205689907074,0.9827505350112915,0.0006261894334806104
519,0.0063703954219818115,16.669848442077637,0.8221893310546875,0.01318019162863493,34.489505767822266,0.21652105450630188,0.9761605262756348,0.0006249740859151167
520,0.006347626447677612,16.610267639160156,0.8194403350353241,0.013152657076716423,34.417457580566406,0.21836909651756287,0.9804786443710327,0.0006237580531384323
521,0.0063381565269082785,16.585488319396973,0.8231533169746399,0.013083202764391899,34.2357063293457,0.21718446910381317,0.9776649475097656,0.0006225413434851095
522,0.00632310938090086,16.54611301422119,0.8191616833209991,0.013212868943810463,34.575016021728516,0.2186320424079895,0.9810317754745483,0.00062132396529434
523,0.0063067779410630465,16.503376960754395,0.8218871355056763,0.013172492384910583,34.4693603515625,0.21949680149555206,0.9830175638198853,0.0006201059269098977
524,0.006295558763667941,16.474019527435303,0.822690337896347,0.013037562370300293,34.11627960205078,0.2164936065673828,0.9759007096290588,0.0006188872366800814
525,0.006277157459408045,16.425865650177002,0.8194471597671509,0.013094408437609673,34.26503372192383,0.2189742773771286,0.9816813468933105,0.0006176679029576576
526,0.006259789690375328,16.38041877746582,0.8248992264270782,0.01307991798967123,34.22711944580078,0.22021698951721191,0.9845559597015381,0.0006164479340998026
527,0.006251705344766378,16.35926389694214,0.8233589828014374,0.013054127804934978,34.159629821777344,0.2189628630876541,0.9815840721130371,0.0006152273384680468
528,0.006235848180949688,16.31777048110962,0.8240078985691071,0.01303104031831026,34.099212646484375,0.2205054759979248,0.9851180911064148,0.0006140061244282158
529,0.0062202150002121925,16.276861667633057,0.8260161280632019,0.013035286217927933,34.11032485961914,0.21798740327358246,0.9792180061340332,0.0006127843003503739
530,0.006221693474799395,16.28073024749756,0.8191475868225098,0.012994721531867981,34.00417709350586,0.21951715648174286,0.9827609062194824,0.0006115618746087666
531,0.006195788271725178,16.212941646575928,0.8273406624794006,0.013024070300161839,34.080970764160156,0.22183766961097717,0.9881603717803955,0.0006103388555817632
532,0.006186278071254492,16.188056468963623,0.8243634402751923,0.012983715161681175,33.97537612915039,0.21790555119514465,0.9789568185806274,0.0006091152516517988
533,0.006174108944833279,16.15621328353882,0.8243185579776764,0.012990348972380161,33.99272918701172,0.22239606082439423,0.98935866355896,0.000607891071205318
534,0.00615264568477869,16.10004711151123,0.8276547193527222,0.012907540425658226,33.776039123535156,0.21791835129261017,0.9788860082626343,0.0006066663226327162
535,0.006145418854430318,16.081138134002686,0.822931170463562,0.01291226502507925,33.78840637207031,0.22140569984912872,0.9869980812072754,0.0006054410143282833
536,0.006134166149422526,16.051692485809326,0.8285606503486633,0.013000484555959702,34.019256591796875,0.22143913805484772,0.9870673418045044,0.0006042151546901453
537,0.0061140276957303286,15.998994827270508,0.8276333212852478,0.01287880726158619,33.70085525512695,0.22071433067321777,0.98533034324646,0.0006029887521202067
538,0.0061044273898005486,15.973872661590576,0.8266758024692535,0.012837843969464302,33.59366226196289,0.22107410430908203,0.9860868453979492,0.0006017618150240934
539,0.006085351575165987,15.923954963684082,0.8267810046672821,0.012901878915727139,33.761226654052734,0.2206454873085022,0.9850746989250183,0.0006005343518110949
540,0.00607606559060514,15.89965534210205,0.8262724280357361,0.012880336493253708,33.704856872558594,0.22167420387268066,0.9874500036239624,0.0005993063708941065
541,0.006058919243514538,15.854787826538086,0.8280078768730164,0.012839074246585369,33.59688186645508,0.2224600613117218,0.9892407655715942,0.0005980778806895721
542,0.006046437192708254,15.822125434875488,0.8277896046638489,0.01281867828220129,33.543514251708984,0.2215028554201126,0.9869774580001831,0.000596848889617426
543,0.006030028685927391,15.779188632965088,0.8289169669151306,0.012799360789358616,33.49296188354492,0.2220909297466278,0.9883090257644653,0.0005956194061010353
544,0.0060186965856701136,15.74953317642212,0.8280679285526276,0.012783881276845932,33.452457427978516,0.22235043346881866,0.9888719320297241,0.0005943894385671424
545,0.006001085741445422,15.703450679779053,0.8295332193374634,0.012803188525140285,33.50297546386719,0.2237991839647293,0.9921915531158447,0.0005931589954458069
546,0.00599319557659328,15.682803630828857,0.8302193582057953,0.0127829909324646,33.45012664794922,0.22174133360385895,0.987404465675354,0.0005919280851703486
547,0.005978343077003956,15.64393949508667,0.8278583288192749,0.012775466777384281,33.43043518066406,0.22188635170459747,0.9877068400382996,0.0005906967161772884
548,0.005972951417788863,15.62982988357544,0.8292916417121887,0.012725653126835823,33.300086975097656,0.22253598272800446,0.9891603589057922,0.0005894648969062915
549,0.0059537861961871386,15.579679012298584,0.8288393616676331,0.012735963799059391,33.32706832885742,0.22399039566516876,0.9925336837768555,0.0005882326358001093
550,0.005943282274529338,15.552192687988281,0.8334454894065857,0.012722164392471313,33.29095458984375,0.22416536509990692,0.9928855895996094,0.0005869999413045214
551,0.005936246365308762,15.533781051635742,0.830621063709259,0.012719797901809216,33.28476333618164,0.22258901596069336,0.9892000555992126,0.0005857668218682779
552,0.005925748264417052,15.506308555603027,0.8330603837966919,0.012682491913437843,33.18714141845703,0.22385218739509583,0.9921212196350098,0.0005845332859430413
553,0.005905533209443092,15.453413486480713,0.8300366401672363,0.012614455074071884,33.00910568237305,0.2203799933195114,0.9840644598007202,0.0005832993419833289
554,0.005897914990782738,15.433478355407715,0.8277648687362671,0.0126730902120471,33.16254425048828,0.22582626342773438,0.996648907661438,0.0005820649984464542
555,0.005891076289117336,15.415581226348877,0.8369365334510803,0.012657777406275272,33.12247085571289,0.22252480685710907,0.9889683723449707,0.0005808302637924698
556,0.005876690847799182,15.377936840057373,0.8281803131103516,0.012636383064091206,33.06648635864258,0.2235596925020218,0.991327166557312,0.0005795951464841086
557,0.005873242858797312,15.36891508102417,0.8357360064983368,0.012615912593901157,33.01292037963867,0.22686171531677246,0.998920738697052,0.0005783596549867263
558,0.0058633266016840935,15.342966556549072,0.8329473733901978,0.01258827280253172,32.94059371948242,0.22271782159805298,0.9893411993980408,0.0005771237977682435
559,0.005837525939568877,15.275452613830566,0.8336978554725647,0.012632539495825768,33.056427001953125,0.2265826314687729,0.998247504234314,0.000575887583299087
560,0.005829754984006286,15.255117893218994,0.8343492150306702,0.01256086491048336,32.86887741088867,0.22186025977134705,0.9872962236404419,0.0005746510200521325
561,0.0058140752371400595,15.21408748626709,0.8288740813732147,0.012566624209284782,32.88394546508789,0.22602404654026031,0.9968850612640381,0.0005734141165026458
562,0.0058022295124828815,15.183090209960938,0.8357960879802704,0.012578075751662254,32.913909912109375,0.2248522937297821,0.9941564798355103,0.0005721768811282256
563,0.005784971639513969,15.13793134689331,0.8330006301403046,0.012510482221841812,32.737030029296875,0.22489425539970398,0.9942075610160828,0.0005709393224087445
564,0.005771665135398507,15.103111743927002,0.8359212875366211,0.012501812539994717,32.7143440246582,0.22629113495349884,0.9974000453948975,0.0005697014488262915
565,0.005762395216152072,15.078853607177734,0.8343172967433929,0.012495934963226318,32.69896697998047,0.22559145092964172,0.9957401752471924,0.0005684632688651133
566,0.00574651756323874,15.037304878234863,0.8363405168056488,0.012544834055006504,32.82692337036133,0.22759659588336945,1.0003137588500977,0.0005672247910115569
567,0.005739637883380055,15.019301891326904,0.8392214179039001,0.01247628778219223,32.647552490234375,0.22497278451919556,0.9942415952682495,0.0005659860237540107
568,0.005729145370423794,14.99184513092041,0.832786500453949,0.012459512799978256,32.603660583496094,0.22716477513313293,0.9992785453796387,0.0005647469755828469
569,0.005723643349483609,14.977449893951416,0.8414639532566071,0.012457652948796749,32.598793029785156,0.22551070153713226,0.9954442381858826,0.000563507654990363
570,0.0057053635828197,14.92961597442627,0.8319124281406403,0.012448699213564396,32.57536697387695,0.22493484616279602,0.9940810799598694,0.0005622680704707234
571,0.005691668251529336,14.893778324127197,0.8376448750495911,0.012498638592660427,32.7060432434082,0.23196972906589508,1.010128378868103,0.0005610282305199017
572,0.0056901921052485704,14.889914989471436,0.8424460887908936,0.012376319617033005,32.38595962524414,0.22379429638385773,0.9913715124130249,0.0005597881436356221
573,0.005677340319380164,14.856284141540527,0.8317854702472687,0.012444708496332169,32.56492233276367,0.2277401238679886,1.000462532043457,0.0005585478183173013
574,0.005660187685862184,14.811399459838867,0.8395415544509888,0.01243229117244482,32.53242492675781,0.2269197255373001,0.9985542893409729,0.00055730726306599
575,0.00564638851210475,14.775290489196777,0.8375353515148163,0.012375724501907825,32.384403228759766,0.22589094936847687,0.9961485862731934,0.0005560664863843152
576,0.005639671813696623,14.757714748382568,0.835174560546875,0.012356949970126152,32.33528137207031,0.2286195009946823,1.0023789405822754,0.0005548254967764211
577,0.005630246829241514,14.733051776885986,0.8426881432533264,0.01235299650579691,32.32493209838867,0.22786524891853333,1.0006210803985596,0.0005535843027479116
578,0.00562101136893034,14.708885669708252,0.8370533883571625,0.01236820500344038,32.36472702026367,0.22763650119304657,1.0000642538070679,0.0005523429128057918
579,0.0056062613148242235,14.670286178588867,0.8404518663883209,0.012366019189357758,32.359004974365234,0.2306523323059082,1.006925344467163,0.000551101335458409
580,0.005599880125373602,14.653589248657227,0.8429563045501709,0.012280077673494816,32.134117126464844,0.22550101578235626,0.9950549006462097,0.0005498595792153957
581,0.005597512470558286,14.647393226623535,0.8329316079616547,0.012360337190330029,32.34414291381836,0.2285236269235611,1.0019795894622803,0.0005486176525876099
582,0.005577852251008153,14.595946788787842,0.8420786261558533,0.012314019724726677,32.222938537597656,0.23081094026565552,1.007188081741333,0.0005473755640870776
583,0.00556433922611177,14.560587882995605,0.8435810506343842,0.012281815521419048,32.138668060302734,0.2282007485628128,1.001233696937561,0.0005461333222269346
584,0.005560610676184297,14.55082893371582,0.8407306969165802,0.012299442663788795,32.18478775024414,0.23197095096111298,1.0098084211349487,0.0005448909355213672
585,0.005547522567212582,14.516581535339355,0.8465142846107483,0.012267010286450386,32.09992218017578,0.2281586080789566,1.001053810119629,0.0005436484124855549
586,0.005533888237550855,14.48090410232544,0.8386188447475433,0.012245738878846169,32.04426193237305,0.227084219455719,0.9985625147819519,0.0005424057616356117
587,0.005525130545720458,14.45798635482788,0.84016552567482,0.012230904772877693,32.00543975830078,0.23116393387317657,1.0078848600387573,0.000541162991488527
588,0.005512366304174066,14.424586296081543,0.8428962528705597,0.012260613031685352,32.08318328857422,0.2282543182373047,1.0012296438217163,0.0005399201105621082
589,0.005503591848537326,14.401623725891113,0.8417714536190033,0.012230925261974335,32.0054931640625,0.23163898289203644,1.0088993310928345,0.0005386771273749226
590,0.005491472082212567,14.369910717010498,0.8455308973789215,0.012173349037766457,31.854829788208008,0.2303130328655243,1.0058475732803345,0.0005374340504462371
591,0.005484988912940025,14.35294485092163,0.841964602470398,0.01216830126941204,31.841629028320312,0.2301897555589676,1.005522608757019,0.0005361908882959623
592,0.0054758714977651834,14.32908821105957,0.8414391577243805,0.012214710004627705,31.963069915771484,0.22996990382671356,1.0050082206726074,0.0005349476494445919
593,0.005460361251607537,14.288500785827637,0.8427504003047943,0.012192647904157639,31.905336380004883,0.23051197826862335,1.0061970949172974,0.0005337043424131462
594,0.005452921148389578,14.269031524658203,0.8424872159957886,0.012195929884910583,31.913921356201172,0.23134241998195648,1.0080668926239014,0.0005324609757231121
595,0.0054462980479002,14.25170087814331,0.8466518223285675,0.012140711769461632,31.769428253173828,0.22997713088989258,1.0049227476119995,0.0005312175578963859
596,0.005438880529254675,14.232288837432861,0.8398265540599823,0.012118312530219555,31.7108154296875,0.22975389659404755,1.0044010877609253,0.000529974097455214
597,0.005429079290479422,14.206642627716064,0.8462702333927155,0.012135732918977737,31.756404876708984,0.2344854176044464,1.0151112079620361,0.0005287306029221352
598,0.005420648260042071,14.184580326080322,0.8500036001205444,0.012165511958301067,31.834325790405273,0.22958986461162567,1.0039622783660889,0.0005274870828199215
599,0.005411367164924741,14.160295009613037,0.843157172203064,0.012102737091481686,31.670059204101562,0.23419471085071564,1.014387607574463,0.0005262435456715208
600,0.0053999172523617744,14.130332469940186,0.8519349098205566,0.012107356451451778,31.682147979736328,0.2317858338356018,1.0089002847671509,0.0005249999999999973
601,0.0053877197206020355,14.098414421081543,0.8421757221221924,0.012073678895831108,31.59402084350586,0.23024824261665344,1.0053541660308838,0.0005237564543284737
602,0.00537818344309926,14.073460578918457,0.846457839012146,0.012058742344379425,31.554933547973633,0.23293879628181458,1.0114624500274658,0.000522512917180073
603,0.005364382406696677,14.037346839904785,0.8459464311599731,0.012073085643351078,31.592466354370117,0.22849041223526,1.0013291835784912,0.0005212693970778594
604,0.005358917638659477,14.023046493530273,0.8411506712436676,0.01212268229573965,31.722248077392578,0.23620182275772095,1.0188173055648804,0.0005200259025447805
605,0.005355246597900987,14.013439655303955,0.8558274507522583,0.012024899944663048,31.46637725830078,0.2320496290922165,1.00944185256958,0.0005187824421036086
606,0.005342906573787332,13.981148719787598,0.8439740538597107,0.012004080228507519,31.411895751953125,0.23115380108356476,1.0073848962783813,0.0005175390242768824
607,0.005327541381120682,13.940940856933594,0.8487500846385956,0.012033818289637566,31.489715576171875,0.23510098457336426,1.0163004398345947,0.0005162956575868483
608,0.005322823999449611,13.928596496582031,0.8472920954227448,0.012020342983305454,31.454452514648438,0.23001517355442047,1.0047507286071777,0.0005150523505554026
609,0.005310681881383061,13.89682388305664,0.8450956642627716,0.01205598097294569,31.547710418701172,0.2362774759531021,1.0189085006713867,0.0005138091117040321
610,0.0053071819711476564,13.887665748596191,0.8509939312934875,0.011976119130849838,31.33873176574707,0.23143264651298523,1.0079346895217896,0.0005125659495537572
611,0.005298016592860222,13.86368179321289,0.8463200032711029,0.011987575329840183,31.36870574951172,0.2364805042743683,1.0193138122558594,0.0005113228726250718
612,0.005279657198116183,13.815639972686768,0.8548860549926758,0.011989044025540352,31.37255096435547,0.23478837311267853,1.0154823064804077,0.0005100798894378861
613,0.005270087160170078,13.790597438812256,0.8497700691223145,0.011958652175962925,31.293020248413086,0.2312586009502411,1.007460594177246,0.0005088370085114675
614,0.005271053174510598,13.79312515258789,0.8435025215148926,0.011934265494346619,31.229209899902344,0.23509284853935242,1.0160982608795166,0.0005075942383643828
615,0.005256327800452709,13.75459098815918,0.8527571856975555,0.011929861269891262,31.217681884765625,0.23594562709331512,1.0179786682128906,0.0005063515875144395
616,0.00525236502289772,13.74422311782837,0.8498921692371368,0.011933239176869392,31.22652244567871,0.23357847332954407,1.012622356414795,0.0005051090644786272
617,0.005233279196545482,13.694280624389648,0.8511064350605011,0.011952046304941177,31.275737762451172,0.23785321414470673,1.0222132205963135,0.00050386667777306
618,0.005231844028457999,13.690522193908691,0.8571951687335968,0.011862409301102161,31.04117774963379,0.23228688538074493,1.0096418857574463,0.0005026244359129168
619,0.005228759720921516,13.68245267868042,0.842606782913208,0.011892617680132389,31.12022590637207,0.233844593167305,1.0131620168685913,0.0005013823474123845
620,0.005221733590587974,13.66406774520874,0.8556877672672272,0.011900544166564941,31.14097023010254,0.23699235916137695,1.0202157497406006,0.0005001404207845987
621,0.005201020976528525,13.60986614227295,0.8511457145214081,0.011847772635519505,31.002878189086914,0.23179085552692413,1.0084552764892578,0.0004988986645415853
622,0.005197179038077593,13.599812507629395,0.8495447039604187,0.011934082955121994,31.228731155395508,0.2404591590166092,1.0279154777526855,0.0004976570871942026
623,0.005190501222386956,13.582338809967041,0.8608744442462921,0.011823522858321667,30.939420700073242,0.23396068811416626,1.013303518295288,0.0004964156972520826
624,0.005171675235033035,13.533076286315918,0.8479779362678528,0.011821438558399677,30.933963775634766,0.23455874621868134,1.0146384239196777,0.0004951745032235732
625,0.005167459137737751,13.522043228149414,0.8548886477947235,0.011841300874948502,30.98594093322754,0.23723456263542175,1.020646095275879,0.000493933513615679
626,0.005152131663635373,13.481935024261475,0.8525340557098389,0.011811408214271069,30.907718658447266,0.23207341134548187,1.008973240852356,0.0004926927369340041
627,0.005153481150045991,13.485466003417969,0.8476597666740417,0.011854692362248898,31.020980834960938,0.2401852309703827,1.0271902084350586,0.0004914521816826927
628,0.005147004500031471,13.46851921081543,0.8634881973266602,0.011805876158177853,30.89324378967285,0.23633448779582977,1.018537998199463,0.0004902118563643719
629,0.00513681280426681,13.441850185394287,0.8490555286407471,0.011772822588682175,30.80674934387207,0.2340647429227829,1.013383388519287,0.0004889717694800922
630,0.005126443691551685,13.41471529006958,0.8549709022045135,0.011818482540547848,30.926231384277344,0.24073076248168945,1.0283278226852417,0.0004877319295292706
631,0.005123319569975138,13.406540393829346,0.8561568260192871,0.01178117748349905,30.828611373901367,0.23290331661701202,1.0107091665267944,0.000486492345009631
632,0.00510890013538301,13.368807315826416,0.849136471748352,0.011803845874965191,30.887929916381836,0.24045276641845703,1.0276591777801514,0.000485253024417147
633,0.005110491998493671,13.372973442077637,0.8628864288330078,0.011778479442000389,30.82155418395996,0.23579862713813782,1.017195463180542,0.00048401397624598335
634,0.005090505117550492,13.320672035217285,0.8501886129379272,0.011750895529985428,30.749370574951172,0.23524542152881622,1.0159465074539185,0.0004827752089884372
635,0.005083981668576598,13.30360221862793,0.8552088141441345,0.011787771247327328,30.845867156982422,0.24250465631484985,1.0322105884552002,0.00048153673113488085
636,0.005082258488982916,13.299092292785645,0.8636052012443542,0.011715029366314411,30.655513763427734,0.23562008142471313,1.016797661781311,0.00048029855117370253
637,0.0050704434979707,13.268176078796387,0.8512082099914551,0.011724659241735935,30.68071746826172,0.23777338862419128,1.0216045379638672,0.0004790606775912495
638,0.005058184033259749,13.236096382141113,0.8583081960678101,0.011768560856580734,30.79559898376465,0.24042156338691711,1.0275113582611084,0.0004778231188717684
639,0.005052758380770683,13.221898078918457,0.8606322705745697,0.011689601466059685,30.588977813720703,0.23692147433757782,1.0196576118469238,0.00047658588349734827
640,0.00504384795203805,13.198580741882324,0.8571766018867493,0.0116762425750494,30.554018020629883,0.2393358051776886,1.0250489711761475,0.00047534897994786163
641,0.005042628385126591,13.195390224456787,0.8583444356918335,0.011717554181814194,30.662124633789062,0.23798330128192902,1.0220423936843872,0.000474112416700907
642,0.005027642706409097,13.156176090240479,0.8573499321937561,0.01167256012558937,30.544391632080078,0.23835961520671844,1.0228458642959595,0.0004728762022317505
643,0.005016326438635588,13.126564502716064,0.8568035662174225,0.011657037772238255,30.503767013549805,0.23819229006767273,1.0224308967590332,0.00047164034501326763
644,0.005008611595258117,13.106378078460693,0.8584787249565125,0.0116841159760952,30.574621200561523,0.2375584989786148,1.0209869146347046,0.00047040485351588547
645,0.005002923542633653,13.091492652893066,0.853314220905304,0.011643272824585438,30.467748641967773,0.23696602880954742,1.0196080207824707,0.0004691697362075242
646,0.004993400303646922,13.066572666168213,0.8581610321998596,0.01163106132298708,30.435791015625,0.24141447246074677,1.0295472145080566,0.0004679350015535398
647,0.0049784432630985975,13.027432441711426,0.8615227341651917,0.011644134297966957,30.47000503540039,0.23821289837360382,1.02239990234375,0.000466700658016665
648,0.004983255872502923,13.040026664733887,0.8564601540565491,0.011663557961583138,30.520830154418945,0.24160248041152954,1.0299450159072876,0.0004654667140569526
649,0.00497256638482213,13.012053489685059,0.8660685420036316,0.011589775793254375,30.327760696411133,0.2409539818763733,1.0284539461135864,0.00046423317813171607
650,0.004961880622431636,12.984092235565186,0.8593704700469971,0.011578924022614956,30.29936408996582,0.23685094714164734,1.0192335844039917,0.0004630000586954727
651,0.004956899909302592,12.971059322357178,0.8564393520355225,0.011630617082118988,30.43463134765625,0.24282066524028778,1.0325415134429932,0.00046176736419988485
652,0.004947475390508771,12.946395874023438,0.8646975457668304,0.011575986631214619,30.291677474975586,0.23989666998386383,1.0260224342346191,0.0004605351030937026
653,0.004937737714499235,12.920916080474854,0.8590415716171265,0.011570754460990429,30.277984619140625,0.23853880167007446,1.0229682922363281,0.00045930328382270556
654,0.0049329816829413176,12.908469200134277,0.8599885702133179,0.011575979180634022,30.291656494140625,0.24012623727321625,1.0264829397201538,0.0004580719148296454
655,0.004921106155961752,12.877395629882812,0.8609775602817535,0.011574195697903633,30.286989212036133,0.23940107226371765,1.024876356124878,0.0004568410045541871
656,0.004921549931168556,12.878556728363037,0.8582753837108612,0.011563953943550587,30.260189056396484,0.24201329052448273,1.0306848287582397,0.0004556105614328519
657,0.0049154311418533325,12.862544059753418,0.8663691878318787,0.01152211707085371,30.15070915222168,0.2422109693288803,1.0310778617858887,0.00045438059389895887
658,0.00489635206758976,12.812618732452393,0.8624252378940582,0.011549307964742184,30.22186279296875,0.23881912231445312,1.023500919342041,0.00045315111038256816
659,0.0048959709238260984,12.811622142791748,0.8588613867759705,0.011558501981198788,30.24592399597168,0.24294716119766235,1.0326826572418213,0.0004519221193104221
660,0.004888491006568074,12.792048931121826,0.8658404052257538,0.011521936394274235,30.150236129760742,0.2409837543964386,1.0283087491989136,0.0004506936291058878
661,0.004878504667431116,12.765915393829346,0.8607387244701385,0.011514520272612572,30.130834579467773,0.23954160511493683,1.0250685214996338,0.00044946564818889933
662,0.004870859440416098,12.745911121368408,0.861044704914093,0.011527331545948982,30.164356231689453,0.24217303097248077,1.0309118032455444,0.00044823818497590086
663,0.004864135291427374,12.728314399719238,0.8639060258865356,0.011481190100312233,30.04361343383789,0.24121570587158203,1.0287903547286987,0.0004470112478797875
664,0.004854004364460707,12.701804637908936,0.8633821308612823,0.011489314958453178,30.06487274169922,0.24253354966640472,1.031713843345642,0.0004457848453098487
665,0.004848406882956624,12.687157154083252,0.8657907247543335,0.011473006568849087,30.022199630737305,0.24215568602085114,1.0308585166931152,0.0004445589856717107
666,0.004844125360250473,12.675952911376953,0.8638103604316711,0.01147320494055748,30.022716522216797,0.24155136942863464,1.029483437538147,0.0004433336773672779
667,0.0048347534611821175,12.651430606842041,0.8634421825408936,0.011469866149127483,30.01398277282715,0.24269859492778778,1.03202486038208,0.00044210892879467634
668,0.004830271005630493,12.639699935913086,0.8658449351787567,0.011460734531283379,29.99008560180664,0.24292702972888947,1.0325034856796265,0.00044088474834819537
669,0.004823743831366301,12.62261962890625,0.8650948107242584,0.01149158738553524,30.070819854736328,0.24283085763454437,1.0322785377502441,0.0004396611444182309
670,0.00481601688079536,12.60240125656128,0.865748941898346,0.011425646021962166,29.89826774597168,0.24262025952339172,1.0317797660827637,0.0004384381253912274
671,0.004808495054021478,12.582717418670654,0.8638649582862854,0.01140515971928835,29.84465789794922,0.24209292232990265,1.0305732488632202,0.00043721569964962016
672,0.00479800277389586,12.555261611938477,0.8642496168613434,0.011446049436926842,29.95166015625,0.24368619918823242,1.0340919494628906,0.0004359938755717782
673,0.004797806032001972,12.554746150970459,0.8685270547866821,0.011463907547295094,29.99839210510254,0.24326255917549133,1.0331768989562988,0.00043477266153194727
674,0.004789320752024651,12.532543182373047,0.8640763461589813,0.011400759220123291,29.83314323425293,0.2436249554157257,1.0339584350585938,0.0004335520659001914
675,0.004779282258823514,12.506274700164795,0.8681764304637909,0.011401435360312462,29.83491325378418,0.24670739471912384,1.0407211780548096,0.0004323320970423364
676,0.004776394693180919,12.498717784881592,0.8715782761573792,0.01137416809797287,29.76356315612793,0.2404436618089676,1.0268175601959229,0.0004311127633199125
677,0.004777524154633284,12.50167465209961,0.8598694801330566,0.011421285569667816,29.886856079101562,0.2435261756181717,1.0336809158325195,0.0004298940730900963
678,0.004769605118781328,12.480950832366943,0.8711528480052948,0.011394184082746506,29.815940856933594,0.2455173134803772,1.0380579233169556,0.00042867603470565405
679,0.004756186623126268,12.445838451385498,0.8672375082969666,0.011338752694427967,29.670888900756836,0.24134063720703125,1.0287777185440063,0.00042745865651488453
680,0.00475333584472537,12.43837833404541,0.8642162978649139,0.011413954198360443,29.86767578125,0.24730555713176727,1.041972041130066,0.0004262419468615617
681,0.004753506975248456,12.438826560974121,0.8737961947917938,0.011355584487318993,29.714933395385742,0.24269339442253113,1.031790018081665,0.00042502591408487733
682,0.004732224624603987,12.383135318756104,0.8633995652198792,0.011336516588926315,29.6650390625,0.24302230775356293,1.0325124263763428,0.0004238105665193837
683,0.0047298825811594725,12.37700605392456,0.8688903748989105,0.011340918019413948,29.67655372619629,0.24864107370376587,1.0449137687683105,0.00042259591249493687
684,0.004722874145954847,12.35866641998291,0.8744044899940491,0.011337943375110626,29.668771743774414,0.24238909780979156,1.031083345413208,0.00042138196033663977
685,0.004720891360193491,12.353479385375977,0.8622642159461975,0.01134520210325718,29.687767028808594,0.2446175217628479,1.0359867811203003,0.00042016871836478455
686,0.0047072237357497215,12.317715167999268,0.8718667030334473,0.011343423277139664,29.683109283447266,0.2485363781452179,1.044614315032959,0.00041895619489479557
687,0.004702332429587841,12.304915428161621,0.8734637796878815,0.011271687224507332,29.495393753051758,0.24228830635547638,1.0308274030685425,0.00041774439823717333
688,0.004702999489381909,12.306660175323486,0.8634344041347504,0.011311686597764492,29.60006332397461,0.24654912948608398,1.040232539176941,0.0004165333366974361
689,0.004691059933975339,12.275416851043701,0.8749527335166931,0.011331106536090374,29.650880813598633,0.2466435432434082,1.0404173135757446,0.0004153230185760642
690,0.004686035914346576,12.2622709274292,0.8682592809200287,0.011260144412517548,29.465190887451172,0.2430337816476822,1.0324361324310303,0.0004141134521684424
691,0.004678407916799188,12.2423095703125,0.8699288964271545,0.011299476958811283,29.568111419677734,0.24846670031547546,1.0444034337997437,0.00041290464576480373
692,0.004668832290917635,12.217252254486084,0.8744216859340668,0.011287849396467209,29.537687301635742,0.24335892498493195,1.033118486404419,0.00041169660765017174
693,0.004663155414164066,12.202396392822266,0.8665896654129028,0.01126331090927124,29.473472595214844,0.24702221155166626,1.0411789417266846,0.0004104893461043044
694,0.004655987489968538,12.183640956878662,0.8742672801017761,0.011259031482040882,29.462278366088867,0.24840177595615387,1.044183373451233,0.0004092828694016369
695,0.004649593960493803,12.16690969467163,0.8724614679813385,0.011243118904531002,29.420637130737305,0.2446182519197464,1.0358073711395264,0.0004080771858112259
696,0.004645228618755937,12.155487060546875,0.8701182007789612,0.011283110827207565,29.52528953552246,0.24751155078411102,1.0421589612960815,0.0004068723035966917
697,0.00463384878821671,12.125709056854248,0.8727825582027435,0.01125484798103571,29.451330184936523,0.24652644991874695,1.0399603843688965,0.00040566823101616164
698,0.004628315102308989,12.111228942871094,0.8714819550514221,0.011224761605262756,29.372600555419922,0.24712462723255157,1.0412733554840088,0.00040446497632221496
699,0.00462331366725266,12.098140716552734,0.8730678856372833,0.011212990619242191,29.341798782348633,0.24749615788459778,1.0420727729797363,0.00040326254776182433
700,0.0046176977921277285,12.083444595336914,0.87438103556633,0.011203084141016006,29.315874099731445,0.2470339685678482,1.041027307510376,0.00040206095357630037
701,0.0046104080975055695,12.064369201660156,0.872728168964386,0.011234043166041374,29.396886825561523,0.2471160888671875,1.0411826372146606,0.0004008602020012351
702,0.004605188500136137,12.050711154937744,0.872367799282074,0.011235549114644527,29.400829315185547,0.2482326328754425,1.0436222553253174,0.0003996603012664456
703,0.004601459484547377,12.04095458984375,0.874846339225769,0.011169147677719593,29.227073669433594,0.24759118258953094,1.042189359664917,0.000398461259595917
704,0.004597608698531985,12.030875205993652,0.8712992072105408,0.0111874770373106,29.275035858154297,0.24671652913093567,1.0402418375015259,0.00039726308520774664
705,0.004587763221934438,12.00511360168457,0.8743627667427063,0.01119157299399376,29.285755157470703,0.24947595596313477,1.0463051795959473,0.00039606578631408743
706,0.004580699373036623,11.986629486083984,0.877634197473526,0.011170431040227413,29.230430603027344,0.24690675735473633,1.0406627655029297,0.00039486937112109225
707,0.004579964559525251,11.984705448150635,0.8709257245063782,0.011167044751346111,29.221569061279297,0.24837514758110046,1.043870210647583,0.00039367384782885685
708,0.004570019897073507,11.958683013916016,0.8782883882522583,0.011201747693121433,29.3123779296875,0.2516240179538727,1.050966501235962,0.0003924792246313637
709,0.004565543960779905,11.94697093963623,0.8784864544868469,0.011132616549730301,29.131479263305664,0.24539031088352203,1.0372735261917114,0.00039128550971642684
710,0.004568864242173731,11.955657958984375,0.870194673538208,0.011138605885207653,29.147153854370117,0.24927707016468048,1.045784831047058,0.0003900927112656345
711,0.004554567625746131,11.918248176574707,0.8790708184242249,0.011150667443871498,29.178712844848633,0.24961993098258972,1.046534776687622,0.0003889008374542935
712,0.004547108663246036,11.898730278015137,0.8750007152557373,0.011157454922795296,29.196474075317383,0.2464587390422821,1.039576530456543,0.00038770989645137355
713,0.004546529846265912,11.897216320037842,0.87483149766922,0.011181404814124107,29.259143829345703,0.25172337889671326,1.0511071681976318,0.0003865198964194513
714,0.004537177970632911,11.872744083404541,0.8799579441547394,0.011101415380835533,29.04983139038086,0.24755144119262695,1.0419740676879883,0.0003853308455146533
715,0.004528248682618141,11.849377155303955,0.8727812170982361,0.011094455607235432,29.0316219329834,0.2477811723947525,1.0424609184265137,0.0003841427518866014
716,0.004524205811321735,11.838799476623535,0.8755039572715759,0.011125640012323856,29.113222122192383,0.24951834976673126,1.0462664365768433,0.00038295562367835655
717,0.004521488444879651,11.831688404083252,0.8750275075435638,0.011112784035503864,29.0795841217041,0.24831540882587433,1.043602466583252,0.00038176946902636225
718,0.00451292865909636,11.809288024902344,0.87750044465065,0.011120670475065708,29.100217819213867,0.25202763080596924,1.0516993999481201,0.00038058429606038985
719,0.0045102916192263365,11.802387714385986,0.8793990015983582,0.011067540384829044,28.96118927001953,0.24853430688381195,1.0440397262573242,0.000379400112903482
720,0.0045010222820565104,11.778132438659668,0.8762133717536926,0.011069325730204582,28.965862274169922,0.2503261864185333,1.0479384660720825,0.0003782169276718977
721,0.0044972035102546215,11.768138885498047,0.8787708282470703,0.01110826525837183,29.0677547454834,0.24941805005073547,1.0459399223327637,0.00037703474847505596
722,0.004496273817494512,11.765706062316895,0.8766171932220459,0.011087183840572834,29.01259422302246,0.25015613436698914,1.0475189685821533,0.0003758535834154804
723,0.004485794575884938,11.738286018371582,0.8782113790512085,0.011064399965107441,28.952970504760742,0.25140058994293213,1.0502381324768066,0.00037467344058874426
724,0.004478486953303218,11.71916151046753,0.8801811635494232,0.0110514797270298,28.919164657592773,0.24988539516925812,1.046898365020752,0.0003734943280834145
725,0.004475073656067252,11.71023178100586,0.8779607713222504,0.011029156856238842,28.860748291015625,0.250315397977829,1.0478410720825195,0.00037231625398099604
726,0.004468291066586971,11.692482471466064,0.8800446391105652,0.011059182696044445,28.939321517944336,0.2516709566116333,1.0507941246032715,0.00037113922635587674
727,0.004468330880627036,11.692586898803711,0.8792553842067719,0.011085700243711472,29.008712768554688,0.24996048212051392,1.0470621585845947,0.00036996325327527245
728,0.004461818374693394,11.675546169281006,0.8789982199668884,0.011040810495615005,28.89124298095703,0.25195959210395813,1.0513895750045776,0.0003687883427991707
729,0.004454422043636441,11.656189918518066,0.8802713751792908,0.010999263264238834,28.78252410888672,0.24977323412895203,1.046607255935669,0.0003676145029802766
730,0.0044480564538389444,11.639533519744873,0.8772065043449402,0.011040773242712021,28.89114761352539,0.25098446011543274,1.04923415184021,0.0003664417418639565
731,0.004445166094228625,11.631969928741455,0.881421685218811,0.01106556411832571,28.956018447875977,0.25174659490585327,1.050894021987915,0.00036527006748818426
732,0.004436171613633633,11.608433246612549,0.8808366358280182,0.010992735624313354,28.765439987182617,0.24987740814685822,1.046818733215332,0.0003640994878834844
733,0.004432399990037084,11.598564147949219,0.8777241110801697,0.010990980081260204,28.76085090637207,0.25240558385849,1.0523334741592407,0.00036293001107287875
734,0.004426255123689771,11.582483768463135,0.8821051120758057,0.011014492250978947,28.822372436523438,0.2528782784938812,1.053353190422058,0.0003617616450718302
735,0.004423129605129361,11.574305534362793,0.882265567779541,0.010995366610586643,28.772327423095703,0.2511933743953705,1.0496623516082764,0.0003605943978881887
736,0.004416504641994834,11.556970119476318,0.8810973465442657,0.010963445529341698,28.68879508972168,0.25237512588500977,1.0522165298461914,0.0003594282775221357
737,0.004412020556628704,11.545236110687256,0.8827015161514282,0.011003934778273106,28.79474639892578,0.2522989809513092,1.052042007446289,0.00035826329196612944
738,0.0044044682290405035,11.525472640991211,0.8814347684383392,0.010997533798217773,28.777999877929688,0.2521258592605591,1.051635503768921,0.0003570994492048507
739,0.004402881837449968,11.521321773529053,0.8831740617752075,0.010976661927998066,28.7233829498291,0.25279495120048523,1.0530775785446167,0.00035593675721514747
740,0.004397629993036389,11.507579326629639,0.8827889859676361,0.010945064015686512,28.640697479248047,0.25135430693626404,1.0499117374420166,0.00035477522396598035
741,0.004390571033582091,11.489106178283691,0.8800283372402191,0.0109450314193964,28.640613555908203,0.2526049017906189,1.0526237487792969,0.000353614857418368
742,0.004389311070553958,11.485810279846191,0.8836190700531006,0.010979021899402142,28.729557037353516,0.2536083459854126,1.0548113584518433,0.0003524556655253332
743,0.004382051294669509,11.466813564300537,0.8843298554420471,0.010936429724097252,28.61810302734375,0.2521890103816986,1.0516910552978516,0.00035129765623184706
744,0.004377263830974698,11.454285621643066,0.8814868032932281,0.01094011589884758,28.62774658203125,0.2529543936252594,1.0533503293991089,0.000350140837474776
745,0.0043718633241951466,11.440153121948242,0.8830752372741699,0.010958842933177948,28.676753997802734,0.25370660424232483,1.0549840927124023,0.00034898521718282566
746,0.004367253975942731,11.428092002868652,0.8854689598083496,0.010925894603133202,28.59053611755371,0.2528461515903473,1.0530955791473389,0.0003478308032764887
747,0.004361452301964164,11.412911415100098,0.8823608756065369,0.010925238952040672,28.58881950378418,0.25298750400543213,1.053386926651001,0.0003466776036679885
748,0.004354720236733556,11.395294666290283,0.8844635188579559,0.010908215306699276,28.54427146911621,0.2549465000629425,1.0576287508010864,0.000345525626261226
749,0.004354970995336771,11.395951271057129,0.884835422039032,0.010909871198236942,28.548603057861328,0.2517543137073517,1.0506943464279175,0.0003443748789517256
750,0.0043494056444615126,11.381388664245605,0.8797935247421265,0.010916686616837978,28.56644058227539,0.2538719177246094,1.0552868843078613,0.00034322536962658033
751,0.004340068902820349,11.356954574584961,0.8865592181682587,0.010916098952293396,28.564899444580078,0.2560456395149231,1.0599772930145264,0.0003420771061643985
752,0.0043377012480050325,11.350760459899902,0.8873878121376038,0.01089800987392664,28.517568588256836,0.25233370065689087,1.0519112348556519,0.0003409300964352491
753,0.0043333524372428656,11.33937931060791,0.8826538324356079,0.010889953933656216,28.49648666381836,0.2542814612388611,1.056126356124878,0.00033978434830060866
754,0.004328033421188593,11.325461387634277,0.8859038650989532,0.010884799994528294,28.482999801635742,0.2552585303783417,1.0582174062728882,0.00033863986961330634
755,0.004323320696130395,11.31312894821167,0.8867779672145844,0.010881468653678894,28.474281311035156,0.25402379035949707,1.0555351972579956,0.0003374966682174711
756,0.004321861546486616,11.309309482574463,0.8849534392356873,0.010879258625209332,28.46849822998047,0.25469091534614563,1.0569584369659424,0.00033635475194847714
757,0.004312959965318441,11.286017417907715,0.8858506977558136,0.010876269079744816,28.460676193237305,0.25447383522987366,1.0564651489257812,0.00033521412863289103
758,0.004310800228267908,11.280364990234375,0.8843843340873718,0.010860549286007881,28.41954231262207,0.25339385867118835,1.0541123151779175,0.000334074806088417
759,0.004304077941924334,11.262773513793945,0.8846322894096375,0.010873805731534958,28.4542293548584,0.2555984556674957,1.0588715076446533,0.0003329367921238441
760,0.004303932306356728,11.262393951416016,0.8894586265087128,0.010853144340217113,28.400165557861328,0.25491809844970703,1.0573883056640625,0.00033180009453899283
761,0.004293337929993868,11.234670639038086,0.8857887387275696,0.01083419006317854,28.35056495666504,0.2537364959716797,1.054834246635437,0.0003306647211246612
762,0.004295247723348439,11.239667415618896,0.8859037458896637,0.010837058536708355,28.358074188232422,0.2564542889595032,1.0607244968414307,0.0003295306796625715
763,0.004287143005058169,11.218459606170654,0.8901310563087463,0.010835704393684864,28.35452651977539,0.2557353973388672,1.0591459274291992,0.00032839797792531654
764,0.004283354966901243,11.208547115325928,0.887103408575058,0.010836373083293438,28.356279373168945,0.2555553615093231,1.058735966682434,0.0003272666236763076
765,0.0042786188423633575,11.196154594421387,0.890364944934845,0.01084307860583067,28.373825073242188,0.25641772150993347,1.0605939626693726,0.0003261366246697199
766,0.004274197854101658,11.184586524963379,0.8861335813999176,0.010811498388648033,28.29119110107422,0.2526959478855133,1.0525294542312622,0.00032500798865044015
767,0.004267089650966227,11.165985107421875,0.8835323452949524,0.010818127542734146,28.308536529541016,0.2569800615310669,1.0617945194244385,0.00032388072335401294
768,0.004270530771464109,11.1749906539917,0.8913458585739136,0.01079977210611105,28.260501861572266,0.2554892599582672,1.0585440397262573,0.00032275483650658863
769,0.004263845272362232,11.157495021820068,0.8843910992145538,0.010786640457808971,28.22614288330078,0.2532392740249634,1.0536613464355469,0.0003216303358248698
770,0.004258111352100968,11.142491817474365,0.8876332938671112,0.010839885100722313,28.365468978881836,0.2597924470901489,1.0678191184997559,0.0003205072290160579
771,0.004258668632246554,11.143949031829834,0.8925309777259827,0.010798828676342964,28.258031845092773,0.25487133860588074,1.0572237968444824,0.00031938552377780156
772,0.004257731256075203,11.141496181488037,0.8872705101966858,0.010804498568177223,28.272871017456055,0.25799304246902466,1.0639500617980957,0.0003182652277981427
773,0.004246041527949274,11.110906600952148,0.8922472596168518,0.010782974772155285,28.216548919677734,0.25839486718177795,1.0647757053375244,0.00031714634875546453
774,0.00423900643363595,11.0924973487854,0.8915718197822571,0.010774275287985802,28.19378089904785,0.25525879859924316,1.0579890012741089,0.0003160288943184385
775,0.0042338124476373196,11.078906059265137,0.8872542083263397,0.010794971138238907,28.24793815612793,0.2565497159957886,1.060774564743042,0.0003149128721459727
776,0.004228521487675607,11.065061569213867,0.8910386264324188,0.010806807316839695,28.278915405273438,0.25767379999160767,1.0631932020187378,0.0003137982898871578
777,0.004226573626510799,11.059964179992676,0.8902254104614258,0.010751631110906601,28.134525299072266,0.2551058232784271,1.05760657787323,0.00031268515518121574
778,0.004223552066832781,11.052057266235352,0.8871291875839233,0.010748438537120819,28.126174926757812,0.2568402886390686,1.0613291263580322,0.00031157347565744745
779,0.004216563887894154,11.033771514892578,0.8907572031021118,0.010776499286293983,28.19959831237793,0.25695815682411194,1.061570644378662,0.00031046325893517953
780,0.004210967570543289,11.019126415252686,0.8893709778785706,0.010755284689366817,28.144084930419922,0.2561175227165222,1.0597665309906006,0.0003093545126237135
781,0.004208669299259782,11.013113021850586,0.8885176181793213,0.0107353450730443,28.09191131591797,0.25881317257881165,1.0655624866485596,0.0003082472443222721
782,0.004201909760013223,10.995424270629883,0.8954665064811707,0.01074741967022419,28.12350845336914,0.25963619351387024,1.0673308372497559,0.0003071414616199486
783,0.004204711643978953,11.00275707244873,0.891156017780304,0.010734857060015202,28.090633392333984,0.2551244795322418,1.05759596824646,0.0003060371720956537
784,0.0041946579003706574,10.976448059082031,0.889527827501297,0.010766404680907726,28.173187255859375,0.2599470913410187,1.0679771900177002,0.000304934383318064
785,0.004194026114419103,10.974795818328857,0.8961372673511505,0.010725746862590313,28.06679344177246,0.2570207715034485,1.0616636276245117,0.0003038331028455703
786,0.004193630302324891,10.973759651184082,0.8874727785587311,0.010709109716117382,28.02326011657715,0.25608912110328674,1.059631109237671,0.00030273333822622596
787,0.004184218822047114,10.94913101196289,0.8921023607254028,0.01074396912008524,28.11448097229004,0.2612704932689667,1.0707728862762451,0.0003016350969976943
788,0.004184641409665346,10.950236320495605,0.8966438174247742,0.010706089437007904,28.01535415649414,0.25600308179855347,1.0594139099121094,0.0003005383866871976
789,0.004180072573944926,10.938282012939453,0.886904239654541,0.010705985128879547,28.015085220336914,0.2575274705886841,1.0627014636993408,0.00029944321481146564
790,0.004172180779278278,10.917629718780518,0.8948430418968201,0.01073180977255106,28.082664489746094,0.262785941362381,1.0739665031433105,0.0002983495888766842
791,0.004171733045950532,10.916459560394287,0.8971144556999207,0.010667369700968266,27.91403579711914,0.25596433877944946,1.0593291521072388,0.0002972575163784426
792,0.004167282255366445,10.904812335968018,0.8881551623344421,0.01069637667387724,27.98994255065918,0.25913679599761963,1.0661636590957642,0.00029616700480168337
793,0.004164732294157147,10.898138999938965,0.897526204586029,0.010729425586760044,28.0764217376709,0.26136091351509094,1.070930004119873,0.0002950780616206511
794,0.0041583223501220345,10.88136625289917,0.8946103453636169,0.010669619776308537,27.919923782348633,0.25565874576568604,1.058645486831665,0.0002939906942988402
795,0.004152763052843511,10.86681842803955,0.8885623216629028,0.010683117434382439,27.955242156982422,0.2603718340396881,1.0687756538391113,0.0002929049102889447
796,0.004147293861024082,10.8525071144104,0.897874116897583,0.010681056417524815,27.949848175048828,0.2603728473186493,1.0687674283981323,0.0002918207170328063
797,0.004147722967900336,10.85362958908081,0.89311683177948,0.01067460235208273,27.932958602905273,0.2561606764793396,1.0596988201141357,0.00029073812196136464
798,0.004142350284382701,10.839570999145508,0.8903116881847382,0.010688764974474907,27.970020294189453,0.2618383467197418,1.0718982219696045,0.0002896571324946049
799,0.004140321863815188,10.83426284790039,0.9000054001808167,0.010661883279681206,27.89967918395996,0.2613675892353058,1.0708624124526978,0.00028857775604150754
800,0.004130855901166797,10.80949354171753,0.8953704237937927,0.010635039769113064,27.829435348510742,0.2567124366760254,1.0608503818511963,0.0002874999999999982
801,0.00412934017367661,10.80552625656128,0.8907507061958313,0.010665240697562695,27.908464431762695,0.2605758309364319,1.0691516399383545,0.0002864238717568964
802,0.0041245934553444386,10.793106079101562,0.8978210389614105,0.010662793181836605,27.902061462402344,0.26109686493873596,1.070256233215332,0.0002853493786878643
803,0.00412080145906657,10.783183097839355,0.8954007029533386,0.010617116466164589,27.782533645629883,0.25834763050079346,1.0643610954284668,0.0002842765281573569
804,0.004117121803574264,10.77355432510376,0.8942185044288635,0.010663041844964027,27.9027099609375,0.2614983022212982,1.0711305141448975,0.0002832053275185721
805,0.004113012459129095,10.762800693511963,0.898563951253891,0.010643290355801582,27.85102653503418,0.2593022286891937,1.0663986206054688,0.0002821357841133988
806,0.004106763168238103,10.746447563171387,0.8934907019138336,0.010623984970152378,27.800504684448242,0.2580675482749939,1.0637264251708984,0.00028106790527236784
807,0.004105040221475065,10.741939067840576,0.8935423791408539,0.01062789373099804,27.81073760986328,0.26114705204963684,1.0703214406967163,0.000280001698314601
808,0.004100373946130276,10.729728698730469,0.8979261219501495,0.01061808317899704,27.785064697265625,0.259917676448822,1.0676847696304321,0.0002789371705477618
809,0.004095244919881225,10.716307640075684,0.8955841660499573,0.010621086694300175,27.792922973632812,0.25958505272865295,1.066957950592041,0.00027787432926800414
810,0.004093700321391225,10.71226453781128,0.8951727747917175,0.010631166398525238,27.819299697875977,0.2612839937210083,1.0705797672271729,0.0002768131817599229
811,0.004088553600013256,10.698797702789307,0.8982130587100983,0.010602486319839954,27.744247436523438,0.26121336221694946,1.0704034566879272,0.0002757537352965046
812,0.004086953587830067,10.694610118865967,0.8971319496631622,0.010607737116515636,27.75798988342285,0.2598848044872284,1.0675626993179321,0.0002746959971390768
813,0.004083136096596718,10.68462085723877,0.895587146282196,0.01060494501143694,27.750686645507812,0.26119565963745117,1.0703669786453247,0.00027363997453725824
814,0.004083075327798724,10.684462070465088,0.8988260924816132,0.010609572753310204,27.762794494628906,0.2618912160396576,1.0718393325805664,0.0002725856747289093
815,0.004075126955285668,10.663662910461426,0.8976198732852936,0.010587460361421108,27.704931259155273,0.2597323954105377,1.0671982765197754,0.0002715331049400833
816,0.004071806091815233,10.654973030090332,0.8951959609985352,0.010599385015666485,27.736133575439453,0.2608850598335266,1.0696520805358887,0.00027048227238497547
817,0.004068692331202328,10.646824359893799,0.8980301022529602,0.010597730055451393,27.73180389404297,0.26127010583877563,1.070480465888977,0.0002694331842658745
818,0.004064688109792769,10.636347770690918,0.8970763683319092,0.010563040152192116,27.641027450561523,0.2603110671043396,1.0684177875518799,0.0002683858477731127
819,0.004062760504893959,10.63130235671997,0.8977536559104919,0.010560248047113419,27.63372230529785,0.26254478096961975,1.0731799602508545,0.00026734027008501753
820,0.004056260106153786,10.614293575286865,0.9003289937973022,0.010586620308458805,27.70273208618164,0.2619631290435791,1.0719283819198608,0.00026629645836786115
821,0.004054126096889377,10.60870885848999,0.8974384069442749,0.0105690723285079,27.656816482543945,0.2608092725276947,1.0694427490234375,0.00026525441977581207
822,0.004053565789945424,10.607242584228516,0.8981807231903076,0.0105842724442482,27.69658851623535,0.26235678791999817,1.072746992111206,0.0002642141614508862
823,0.004046414280310273,10.588529109954834,0.8987398743629456,0.010547523386776447,27.600425720214844,0.26063331961631775,1.0690606832504272,0.00026317569052289796
824,0.0040428523207083344,10.579206943511963,0.8975086808204651,0.010558044537901878,27.627954483032227,0.2620790898799896,1.0721592903137207,0.0002621390141094105
825,0.004039208171889186,10.569672584533691,0.8999263346195221,0.010547381825745106,27.600051879882812,0.2623068392276764,1.0726420879364014,0.00026110413931568785
826,0.004037747625261545,10.565849781036377,0.8978540301322937,0.01054425723850727,27.591875076293945,0.2610599100589752,1.0699613094329834,0.00026007107323464617
827,0.004032981931231916,10.553379535675049,0.8981797695159912,0.010551933199167252,27.611967086791992,0.2632952332496643,1.0747276544570923,0.0002590398229468046
828,0.004028949770145118,10.542828559875488,0.9011501967906952,0.010540805757045746,27.582843780517578,0.2626955211162567,1.0734410285949707,0.0002580103955202371
829,0.004025886999443173,10.534814357757568,0.8996473252773285,0.010539463721215725,27.579336166381836,0.26215633749961853,1.0722874402999878,0.00025698279801052387
830,0.00402225530706346,10.525310516357422,0.8998171389102936,0.010537929832935333,27.575321197509766,0.2633395791053772,1.0748014450073242,0.00025595703746070355
831,0.004022734938189387,10.526565551757812,0.8997704088687897,0.01051649171859026,27.51922035217285,0.2626001536846161,1.0732026100158691,0.00025493312090122365
832,0.004015949321910739,10.508809089660645,0.9007169008255005,0.010529105551540852,27.552230834960938,0.2632516324520111,1.0745803117752075,0.00025391105534989405
833,0.004014051519334316,10.503843784332275,0.900382936000824,0.010532922111451626,27.562217712402344,0.26197895407676697,1.0718536376953125,0.00025289084781183725
834,0.004010420409031212,10.494341373443604,0.8985394835472107,0.010508648119866848,27.498701095581055,0.26319730281829834,1.074446201324463,0.0002518725052794418
835,0.004006775561720133,10.484803676605225,0.902432769536972,0.01049878727644682,27.47289276123047,0.2643924653530121,1.0769765377044678,0.0002508560347323132
836,0.004005384631454945,10.48116397857666,0.902453601360321,0.01050716731697321,27.49482536315918,0.2622237205505371,1.0723611116409302,0.00024984144313722667
837,0.004000292276032269,10.467838287353516,0.8985781669616699,0.010516957379877567,27.52043914794922,0.2631499171257019,1.0743366479873657,0.0002488287374480797
838,0.0039956552209332585,10.455704689025879,0.9015524685382843,0.010524053126573563,27.53900909423828,0.2650822699069977,1.0784344673156738,0.0002478179246058435
839,0.003994167898781598,10.451812267303467,0.9036841094493866,0.010491215623915195,27.453083038330078,0.2630261480808258,1.0740480422973633,0.00024680901153851614
840,0.0039904756704345345,10.442150592803955,0.900283932685852,0.010499108582735062,27.473735809326172,0.26315435767173767,1.0742971897125244,0.00024580200516107463
841,0.003987327567301691,10.433913230895996,0.9007870554924011,0.010513903573155403,27.512449264526367,0.26477399468421936,1.0777504444122314,0.0002447969123754282
842,0.003987626172602177,10.434693336486816,0.9054114520549774,0.010496577247977257,27.467111587524414,0.2644370198249817,1.0770223140716553,0.00024379374007037007
843,0.003982115886174142,10.420273780822754,0.901302307844162,0.010464239865541458,27.382490158081055,0.26164475083351135,1.0710619688034058,0.0002427924951215309
844,0.003978286753408611,10.410255432128906,0.8997754454612732,0.010476515628397465,27.41461753845215,0.26478511095046997,1.0777384042739868,0.00024179318439133176
845,0.003975867759436369,10.403924942016602,0.9039333760738373,0.010488474741578102,27.445907592773438,0.2642211616039276,1.0765409469604492,0.00024079581472893628
846,0.003971450263634324,10.392364978790283,0.9020078182220459,0.010483166202902794,27.432018280029297,0.2631654739379883,1.0742827653884888,0.00023980039297020447
847,0.003968448378145695,10.384509563446045,0.9026110172271729,0.010473337955772877,27.406299591064453,0.26553624868392944,1.0793207883834839,0.00023880692593764542
848,0.003967149881646037,10.381112098693848,0.9058994054794312,0.010458988137543201,27.36874771118164,0.26453888416290283,1.07719087600708,0.0002378154204403713
849,0.003962792921811342,10.369710922241211,0.9022259712219238,0.010456529445946217,27.36231231689453,0.2628231644630432,1.073533058166504,0.00023682588327404957
850,0.003961030277423561,10.365097999572754,0.9023584425449371,0.010482468642294407,27.430192947387695,0.2651057243347168,1.0783846378326416,0.0002358383212208572
851,0.003955656080506742,10.351035594940186,0.9034366309642792,0.010450423695147038,27.346338272094727,0.263774037361145,1.075545072555542,0.00023485274104943372
852,0.0039523683954030275,10.342432022094727,0.9020432829856873,0.010440596379339695,27.320621490478516,0.26501086354255676,1.0781669616699219,0.00023386914951483565
853,0.003950580954551697,10.337754726409912,0.904789388179779,0.010445350781083107,27.33306121826172,0.2653966546058655,1.0789802074432373,0.00023288755335848884
854,0.003947402583435178,10.329436779022217,0.9040318429470062,0.01045356597751379,27.35456085205078,0.2639302909374237,1.0758600234985352,0.00023190795930814366
855,0.003944589872844517,10.322078227996826,0.9018254280090332,0.010443493723869324,27.328203201293945,0.2647040784358978,1.0774962902069092,0.0002309303740778282
856,0.003941200440749526,10.313209056854248,0.9050934910774231,0.010429459623992443,27.29147720336914,0.26624003052711487,1.0807422399520874,0.00022995480436780198
857,0.003939673071727157,10.309211730957031,0.9062698483467102,0.010423158295452595,27.274991989135742,0.2648642361164093,1.0778071880340576,0.00022898125686451055
858,0.003933730069547892,10.293660640716553,0.9037384986877441,0.010429203510284424,27.290809631347656,0.2652167081832886,1.0785534381866455,0.0002280097382405394
859,0.003931561135686934,10.287984371185303,0.9055217206478119,0.010440847836434841,27.32128143310547,0.2664698362350464,1.0812041759490967,0.00022704025515456867
860,0.003929029684513807,10.281359195709229,0.906282514333725,0.01041585672646761,27.255884170532227,0.26497340202331543,1.0780255794525146,0.00022607281425132667
861,0.003927256446331739,10.276720523834229,0.9033977687358856,0.010412060655653477,27.245948791503906,0.26490429043769836,1.077858567237854,0.0002251074221615451
862,0.003922749776393175,10.264927864074707,0.9047843813896179,0.010436782613396645,27.31064224243164,0.26662197709083557,1.0814911127090454,0.0002241440855019131
863,0.003924781805835664,10.270245552062988,0.9078567028045654,0.010439845733344555,27.31865882873535,0.2653881311416626,1.0788688659667969,0.00022318281087503253
864,0.003920522518455982,10.25909948348999,0.9027302861213684,0.010420010425150394,27.266752243041992,0.26302996277809143,1.0738489627838135,0.00022222360486937176
865,0.0039154571713879704,10.245844841003418,0.9027860760688782,0.010414434596896172,27.252161026000977,0.2673591673374176,1.0830376148223877,0.00022126647405922153
866,0.0039171213284134865,10.250199317932129,0.9102478921413422,0.010396970435976982,27.20646095275879,0.2665490508079529,1.0813252925872803,0.00022031142500464942
867,0.003907161997631192,10.224138736724854,0.9047983288764954,0.010372092016041279,27.141359329223633,0.26261356472969055,1.0729668140411377,0.00021935846425145445
868,0.003909505438059568,10.23026990890503,0.9015886783599854,0.010400736704468727,27.21631622314453,0.26682931184768677,1.0819205045700073,0.000218407598331123
869,0.003904552897438407,10.217310428619385,0.9084911048412323,0.010402845218777657,27.22183609008789,0.26839813590049744,1.0852243900299072,0.00021745883376078344
870,0.0039014980429783463,10.20931625366211,0.909307986497879,0.01038077287375927,27.164077758789062,0.2654406726360321,1.0789542198181152,0.00021651217704316225
871,0.003898275434039533,10.200883865356445,0.9043226838111877,0.010381655767560005,27.166393280029297,0.26533567905426025,1.0787311792373657,0.00021556763466653835
872,0.0038959196535870433,10.194719791412354,0.9058188498020172,0.010392367839813232,27.194421768188477,0.26777225732803345,1.083882212638855,0.0002146252131046995
873,0.0038926119450479746,10.186063766479492,0.9091970324516296,0.010391823016107082,27.1929931640625,0.2667340040206909,1.0816720724105835,0.00021368491881689739
874,0.003888700040988624,10.175827264785767,0.9068108797073364,0.010389810428023338,27.187725067138672,0.2653711140155792,1.0787729024887085,0.00021274675824780405
875,0.0038882039953023195,10.174528121948242,0.9040917158126831,0.010367931798100471,27.13047981262207,0.26635175943374634,1.0808525085449219,0.00021181073782746673
876,0.003884549019858241,10.164965152740479,0.9081672430038452,0.010363533161580563,27.118968963623047,0.26853784918785095,1.0854822397232056,0.0002108768639712647
877,0.003884489182382822,10.164808750152588,0.9103721380233765,0.010358485393226147,27.105758666992188,0.26620569825172424,1.080532193183899,0.00020994514307986494
878,0.0038825268857181072,10.159673690795898,0.9040269255638123,0.010364304296672344,27.120983123779297,0.264925479888916,1.0777943134307861,0.00020901558153917806
879,0.0038767242804169655,10.144488334655762,0.9057824313640594,0.010381482541561127,27.165935516357422,0.2692095935344696,1.086860179901123,0.00020808818572031463
880,0.0038762851618230343,10.14333963394165,0.9118489027023315,0.010367688722908497,27.129840850830078,0.2677866518497467,1.083845615386963,0.00020716296197954175
881,0.0038742298493161798,10.137961864471436,0.9061961770057678,0.010349346324801445,27.08184242248535,0.2649298310279846,1.0777888298034668,0.00020623991665823956
882,0.003868609666824341,10.123255252838135,0.9052938520908356,0.010377383790910244,27.155208587646484,0.26909777522087097,1.0866048336029053,0.0002053190560828572
883,0.003867863677442074,10.121303081512451,0.9123031198978424,0.010357343591749668,27.102766036987305,0.2688807547092438,1.0861427783966064,0.0002044003865648699
884,0.003864558646455407,10.112654209136963,0.909410685300827,0.010318233631551266,27.000425338745117,0.2657187283039093,1.0794553756713867,0.00020348391440073562
885,0.003863667603582144,10.11032247543335,0.9055398106575012,0.010341908782720566,27.0623779296875,0.2678300142288208,1.0839214324951172,0.000202569645871852
886,0.0038576701190322638,10.094629287719727,0.9103541374206543,0.010362815111875534,27.117084503173828,0.2697690427303314,1.087998390197754,0.00020165758724451346
887,0.0038577321683987975,10.09479284286499,0.9120038151741028,0.01033707708120346,27.04973793029785,0.2672913372516632,1.0827449560165405,0.00020074774476986729
888,0.0038533401675522327,10.083298206329346,0.907459944486618,0.010323412716388702,27.013978958129883,0.2662607729434967,1.0805683135986328,0.0001998401246838723
889,0.0038519948720932007,10.079777717590332,0.9065520167350769,0.010334396734833717,27.042722702026367,0.26813217997550964,1.0845222473144531,0.0001989347332072547
890,0.0038525506388396025,10.081232070922852,0.91181880235672,0.010344419628381729,27.06894874572754,0.26924750208854675,1.0868749618530273,0.0001980315765454664
891,0.003847964573651552,10.069231986999512,0.9094553589820862,0.0103180892765522,27.00004768371582,0.2661072015762329,1.0802382230758667,0.0001971306608886418
892,0.00384476815816015,10.060866832733154,0.9071104526519775,0.0103254159912467,27.019222259521484,0.26893895864486694,1.0862278938293457,0.00019623199241155628
893,0.0038430674467235804,10.056416988372803,0.9134357869625092,0.010338007472455502,27.052169799804688,0.27006280422210693,1.088592529296875,0.00019533557727358282
894,0.0038383512292057276,10.044076442718506,0.9115616381168365,0.010305512696504593,26.967140197753906,0.2665247917175293,1.081125020980835,0.00019444142161865034
895,0.0038397079333662987,10.04762601852417,0.906402051448822,0.010314012877643108,26.989383697509766,0.2677566111087799,1.083719253540039,0.0001935495315752015
896,0.003833957831375301,10.03257942199707,0.9110386073589325,0.010330833494663239,27.033397674560547,0.27069321274757385,1.0899156332015991,0.0001926599132561509
897,0.003832522896118462,10.02882432937622,0.9134674966335297,0.010311505757272243,26.982820510864258,0.26808616518974304,1.0844205617904663,0.00019177257275884303
898,0.0038285120390355587,10.018328189849854,0.908267080783844,0.010292916558682919,26.934175491333008,0.2668507397174835,1.0818005800247192,0.00019088751616501006
899,0.0038281806046143174,10.017462730407715,0.9091750979423523,0.010308780707418919,26.975690841674805,0.2698591351509094,1.088142991065979,0.00019000474954073107
900,0.003826117957942188,10.012064456939697,0.9135163724422455,0.010309585370123386,26.97779655456543,0.2689865529537201,1.0862889289855957,0.00018912427893638946
901,0.003822520957328379,10.002651691436768,0.9091377854347229,0.010293719358742237,26.936281204223633,0.2665398418903351,1.0811054706573486,0.0001882461103866322
902,0.003821114427410066,9.998969554901123,0.9079235792160034,0.010301175527274609,26.955791473388672,0.27006995677948,1.0885462760925293,0.0001873702499103281
903,0.0038183717988431454,9.991794109344482,0.9145536124706268,0.010309460572898388,26.97747230529785,0.2709082067012787,1.0902961492538452,0.00018649670351052704
904,0.00381568749435246,9.98477029800415,0.9124753475189209,0.010266348719596863,26.864654541015625,0.2671542167663574,1.0823737382888794,0.00018562547717441803
905,0.00381282321177423,9.977275371551514,0.9076844155788422,0.010277011431753635,26.892559051513672,0.2685529291629791,1.085325837135315,0.00018475657687328892
906,0.0038088862784206867,9.966972827911377,0.9111402630805969,0.010306939482688904,26.970870971679688,0.2708760201931,1.0902111530303955,0.0001838900085624849
907,0.0038093944313004613,9.96830129623413,0.9145660996437073,0.010289119556546211,26.924240112304688,0.2696470022201538,1.0876164436340332,0.0001830257781813683
908,0.003805945045314729,9.959276676177979,0.9103259444236755,0.010261834599077702,26.85284423828125,0.26699763536453247,1.0820074081420898,0.00018216389165327752
909,0.0038037332706153393,9.953489303588867,0.9082507491111755,0.010273239575326443,26.882686614990234,0.2696743607521057,1.0876517295837402,0.000181304354885486
910,0.0037995934253558517,9.942655086517334,0.9128904342651367,0.010288502089679241,26.922626495361328,0.2705205976963043,1.0894324779510498,0.00018044717376916293
911,0.003798371064476669,9.939456462860107,0.9127421677112579,0.010271210223436356,26.877376556396484,0.268422931432724,1.085015058517456,0.00017959235417933138
912,0.00379577768035233,9.932671546936035,0.9106921553611755,0.010263949632644653,26.858375549316406,0.2693546414375305,1.086974859237671,0.0001787399019748292
913,0.003794053220190108,9.9281587600708,0.9122010469436646,0.010265245102345943,26.861766815185547,0.27025747299194336,1.0888701677322388,0.00017788982299826814
914,0.0037905857898294926,9.919084548950195,0.9134432375431061,0.010263889096677303,26.858219146728516,0.26996973156929016,1.0882617235183716,0.0001770421230759947
915,0.0037905563367530704,9.919008255004883,0.91180419921875,0.010250457562506199,26.823074340820312,0.26906049251556396,1.0863447189331055,0.00017619680801804905
916,0.0037876584101468325,9.911423683166504,0.9118852913379669,0.010262434370815754,26.854415893554688,0.2705523669719696,1.0894677639007568,0.00017535388361812596
917,0.0037835779367014766,9.900746822357178,0.9143089652061462,0.010268768295645714,26.870986938476562,0.27088266611099243,1.0901520252227783,0.0001745133556535347
918,0.003782659419812262,9.89834213256836,0.9145100712776184,0.010257960297167301,26.84270668029785,0.27024227380752563,1.088796615600586,0.00017367522988516001
919,0.003779601422138512,9.89034128189087,0.9128949642181396,0.010239839553833008,26.795289993286133,0.2698073983192444,1.0878722667694092,0.00017283951205742212
920,0.0037775838281959295,9.885061740875244,0.9122982919216156,0.010239417664706707,26.7941837310791,0.27044275403022766,1.0891940593719482,0.0001720062078982373
921,0.0037764537846669555,9.88210391998291,0.9146585762500763,0.01023949310183525,26.794384002685547,0.2713225781917572,1.0910359621047974,0.0001711753231189792
922,0.003773485077545047,9.874336242675781,0.9143615663051605,0.010249506682157516,26.82058334350586,0.26955482363700867,1.0873162746429443,0.00017034686341443875
923,0.0037723102141171694,9.871262073516846,0.9113742709159851,0.010248366743326187,26.817602157592773,0.2697647511959076,1.0877535343170166,0.00016952083446278627
924,0.0037717296509072185,9.86974287033081,0.9141645729541779,0.010247873142361641,26.81631088256836,0.2722252607345581,1.0929174423217773,0.0001686972419255314
925,0.003768049064092338,9.860111236572266,0.915947824716568,0.010230298154056072,26.77031898498535,0.2706686556339264,1.089645504951477,0.00016787609144748545
926,0.0037659157533198595,9.854528903961182,0.9138195514678955,0.010229549370706081,26.768360137939453,0.2701892852783203,1.0886331796646118,0.00016705738865672182
927,0.0037632499588653445,9.847553730010986,0.9132159650325775,0.010231955908238888,26.774658203125,0.27047672867774963,1.0892367362976074,0.0001662411391645376
928,0.0037608444690704346,9.841259002685547,0.9139286279678345,0.01023022085428238,26.770118713378906,0.2709508538246155,1.0902303457260132,0.00016542734856541546
929,0.0037590216379612684,9.836489200592041,0.9142829775810242,0.010220158845186234,26.743789672851562,0.27090778946876526,1.090135097503662,0.0001646160224369851
930,0.0037576910108327866,9.833006620407104,0.9151879549026489,0.010233575478196144,26.778898239135742,0.2714839577674866,1.0913360118865967,0.00016380716633998502
931,0.0037551892455667257,9.826460838317871,0.9158980846405029,0.010220101103186607,26.74363899230957,0.2708735466003418,1.0900462865829468,0.00016300078581822424
932,0.003752649179659784,9.819814205169678,0.9138895571231842,0.010205174796283245,26.70457649230957,0.2700701653957367,1.0883516073226929,0.0001621968863985447
933,0.0037504384526982903,9.8140287399292,0.9132114946842194,0.010203909128904343,26.70126724243164,0.27110999822616577,1.0905373096466064,0.00016139547359078288
934,0.0037477771984413266,9.807065486907959,0.9152839481830597,0.010217603296041489,26.737104415893555,0.27171146869659424,1.0917911529541016,0.00016059655288773252
935,0.003746526432223618,9.803791522979736,0.9160259664058685,0.010220118798315525,26.743684768676758,0.27121487259864807,1.0907423496246338,0.00015980012976510652
936,0.00374560768250376,9.801387310028076,0.9138690233230591,0.01022105198353529,26.746126174926758,0.2704831659793854,1.0891978740692139,0.00015900620968149992
937,0.0037435860140249133,9.79609727859497,0.9143863916397095,0.010216740891337395,26.734846115112305,0.2722952365875244,1.0930002927780151,0.00015821479807835208
938,0.003741032094694674,9.789414882659912,0.916643500328064,0.010200302116572857,26.69182777404785,0.2719932198524475,1.0923652648925781,0.00015742590037990937
939,0.003738480620086193,9.782737255096436,0.915811151266098,0.010199655778706074,26.690135955810547,0.2711140215396881,1.0905152559280396,0.00015663952199318837
940,0.003736799699254334,9.778339385986328,0.9143678247928619,0.01019884180277586,26.688007354736328,0.27102842926979065,1.0903284549713135,0.00015585566830793863
941,0.003734723082743585,9.772905349731445,0.9149110317230225,0.010203064419329166,26.69905662536621,0.27189287543296814,1.0921318531036377,0.00015507434469660543
942,0.0037323348224163055,9.766656398773193,0.9159838259220123,0.010197636671364307,26.68485450744629,0.27183401584625244,1.0919944047927856,0.00015429555651429316
943,0.0037308313185349107,9.762721061706543,0.9155270159244537,0.01018394622951746,26.64902687072754,0.2713927626609802,1.0910694599151611,0.0001535193090987291
944,0.003728363779373467,9.756264686584473,0.9155938029289246,0.01018305029720068,26.646684646606445,0.27196747064590454,1.092275857925415,0.00015274560777022597
945,0.0037266529398038983,9.751786708831787,0.9164645671844482,0.010188708081841469,26.661487579345703,0.27219340205192566,1.0927448272705078,0.0001519744578316461
946,0.0037258160300552845,9.749597072601318,0.9162929952144623,0.010193868540227413,26.67499351501465,0.2719268798828125,1.0921831130981445,0.00015120586456836467
947,0.0037230169400572777,9.742271900177002,0.9167576432228088,0.010191156528890133,26.667896270751953,0.27250492572784424,1.093387484550476,0.00015043983324823402
948,0.0037216657074168324,9.738736629486084,0.9176068305969238,0.010181890800595284,26.643651962280273,0.2723182141780853,1.0929841995239258,0.00014967636912154703
949,0.0037196959601715207,9.733582973480225,0.9164364039897919,0.010172632522881031,26.619421005249023,0.27171486616134644,1.0917174816131592,0.0001489154774210012
950,0.003717891755513847,9.728861331939697,0.9159497916698456,0.010183647274971008,26.64824867248535,0.27232375741004944,1.0929932594299316,0.00014815716336166314
951,0.0037163025699555874,9.724703788757324,0.9170713424682617,0.010188254527747631,26.66029930114746,0.2725708782672882,1.0934991836547852,0.00014740143214093265
952,0.003713852376677096,9.718291759490967,0.9169954359531403,0.010173052549362183,26.62052345275879,0.27216264605522156,1.0926454067230225,0.00014664828893850676
953,0.003711722674779594,9.71271800994873,0.9167015552520752,0.010162288323044777,26.59235382080078,0.2726145386695862,1.0935845375061035,0.00014589773891634448
954,0.0037116077728569508,9.712417125701904,0.9184819459915161,0.010163255967199802,26.594886779785156,0.2733711302280426,1.0951614379882812,0.00014514978721863196
955,0.0037082252092659473,9.703566551208496,0.9180628955364227,0.010165893472731113,26.601787567138672,0.27179601788520813,1.091865062713623,0.00014440443897174618
956,0.0037064099451527,9.698816299438477,0.915925145149231,0.010166077874600887,26.602272033691406,0.2719587981700897,1.0921971797943115,0.00014366169928422062
957,0.003704770584590733,9.694526672363281,0.9161109030246735,0.01016511581838131,26.599750518798828,0.27267858386039734,1.0936992168426514,0.00014292157324670982
958,0.0037042448529973626,9.693150043487549,0.9186115264892578,0.010160894133150578,26.588703155517578,0.27341344952583313,1.0952332019805908,0.00014218406593195502
959,0.0037021645111963153,9.687705993652344,0.9173858165740967,0.010153677314519882,26.569820404052734,0.27144280076026917,1.0910987854003906,0.0001414491823947486
960,0.0036996330600231886,9.681082248687744,0.9156332015991211,0.010165681131184101,26.601232528686523,0.2725888788700104,1.0935022830963135,0.00014071692767189998
961,0.0036973163951188326,9.675021171569824,0.918194442987442,0.010162530466914177,26.592985153198242,0.27394962310791016,1.096357822418213,0.0001399873067822011
962,0.0036965975305065513,9.673139572143555,0.9197399616241455,0.010143385268747807,26.542888641357422,0.27342045307159424,1.095249056816101,0.00013926032472639198
963,0.003695800551213324,9.671053409576416,0.9175298810005188,0.01013507042080164,26.521135330200195,0.2721159756183624,1.092512845993042,0.00013853598648712619
964,0.0036930313799530268,9.66380786895752,0.9166733026504517,0.010155249387025833,26.57393455505371,0.27349281311035156,1.0953872203826904,0.00013781429702893668
965,0.0036915087839588523,9.659822940826416,0.9197598695755005,0.01016080193221569,26.588462829589844,0.2742592394351959,1.0969818830490112,0.0001370952612982025
966,0.00369077583309263,9.657904624938965,0.919842392206192,0.010137208737432957,26.5267276763916,0.2726721167564392,1.0936548709869385,0.00013637888422311393
967,0.0036889805924147367,9.653207302093506,0.9165415465831757,0.010126660577952862,26.499128341674805,0.27189382910728455,1.0920188426971436,0.0001356651707136392
968,0.0036868954775854945,9.647751331329346,0.9175820052623749,0.010142178274691105,26.539731979370117,0.27414166927337646,1.096721887588501,0.0001349541256614906
969,0.0036844193236902356,9.641272068023682,0.920613557100296,0.01014641672372818,26.55082130432129,0.2739863991737366,1.0963906049728394,0.00013424575394009169
970,0.0036830343306064606,9.63764762878418,0.9197692275047302,0.01012606080621481,26.4975528717041,0.2729182839393616,1.094150185585022,0.0001335400604045427
971,0.0036809727316722274,9.63225269317627,0.9178581535816193,0.010128905065357685,26.50499725341797,0.2729942202568054,1.0943049192428589,0.00013283704989158803
972,0.003679931629449129,9.629528045654297,0.9181161522865295,0.01013708021491766,26.526391983032227,0.2740601897239685,1.096531629562378,0.00013213672721958315
973,0.0036779590882360935,9.624367713928223,0.920283854007721,0.010142719373106956,26.54114532470703,0.27464723587036133,1.0977541208267212,0.00013143909718846137
974,0.003676066640764475,9.619414329528809,0.9204363822937012,0.0101267509162426,26.499361038208008,0.27336063981056213,1.0950549840927124,0.00013074416457970058
975,0.0036752992309629917,9.617406368255615,0.9176487922668457,0.010127373971045017,26.500991821289062,0.2723798155784607,1.0929927825927734,0.00013005193415629106
976,0.003673490951769054,9.612674713134766,0.9175110757350922,0.010127385146915913,26.501018524169922,0.2739473879337311,1.0962790250778198,0.00012936241066270287
977,0.0036712383152917027,9.6067795753479,0.9199181497097015,0.01012385357171297,26.491779327392578,0.2744879126548767,1.0974018573760986,0.00012867559882485266
978,0.003669630503281951,9.602574348449707,0.9206071496009827,0.01011534221470356,26.46950340270996,0.27397626638412476,1.096333384513855,0.00012799150335007184
979,0.0036672030109912157,9.596220970153809,0.919467568397522,0.010111327283084393,26.459003448486328,0.27334490418434143,1.095009207725525,0.00012731012892707418
980,0.0036666750675067306,9.594838619232178,0.9183026254177094,0.010113461874425411,26.46458625793457,0.27352872490882874,1.0953948497772217,0.00012663148022592377
981,0.0036650123074650764,9.59048843383789,0.9198728799819946,0.010126780718564987,26.499441146850586,0.27491822838783264,1.0982990264892578,0.00012595556189800284
982,0.003663280513137579,9.585955619812012,0.9209103882312775,0.010112793184816837,26.46283721923828,0.2743340730667114,1.0970741510391235,0.00012528237857597978
983,0.003661569906398654,9.581480503082275,0.9205312132835388,0.010106630623340607,26.446712493896484,0.2744845449924469,1.0973742008209229,0.00012461193487377773
984,0.0036593611584976315,9.575700759887695,0.9204863607883453,0.010104027576744556,26.439899444580078,0.274316668510437,1.0970144271850586,0.00012394423538654298
985,0.003658440080471337,9.573289632797241,0.9199583232402802,0.010109026916325092,26.452980041503906,0.27416443824768066,1.0966874361038208,0.0001232792846906129
986,0.0036569760413840413,9.5694580078125,0.9203606843948364,0.010120744816958904,26.483642578125,0.27473703026771545,1.0978806018829346,0.000122617087343485
987,0.003656336455605924,9.567785739898682,0.9214629828929901,0.010102362371981144,26.435543060302734,0.2748464047908783,1.098115086555481,0.00012195764788378597
988,0.003654830507002771,9.563844680786133,0.9211200773715973,0.010093670338392258,26.412796020507812,0.2742360532283783,1.0968345403671265,0.00012130097083123988
989,0.003652263549156487,9.557128429412842,0.92011958360672,0.010093891061842442,26.413375854492188,0.27427542209625244,1.0969133377075195,0.00012064706068663775
990,0.003650337574072182,9.552087783813477,0.9201736152172089,0.010098336264491081,26.425006866455078,0.2747840881347656,1.0979727506637573,0.00011999592193180642
991,0.0036501454887911677,9.55158519744873,0.9217302799224854,0.010109339840710163,26.45380210876465,0.27542775869369507,1.0993127822875977,0.0001193475590295782
992,0.0036478008842095733,9.545450210571289,0.9217216074466705,0.010098324157297611,26.424976348876953,0.2742336392402649,1.0968210697174072,0.00011870197642375958
993,0.003646674333140254,9.542501449584961,0.91953906416893,0.010090718977153301,26.405071258544922,0.27369585633277893,1.0956883430480957,0.00011805917853910158
994,0.0036453523207455873,9.539042949676514,0.9200233221054077,0.01009251456707716,26.409774780273438,0.2750363349914551,1.0984846353530884,0.00011741916978126905
995,0.003644609823822975,9.537099361419678,0.9217319488525391,0.01008794829249382,26.397825241088867,0.2750531733036041,1.0985219478607178,0.00011678195453681021
996,0.0036421152763068676,9.530571937561035,0.9210474789142609,0.01008651964366436,26.394084930419922,0.2743176817893982,1.0969908237457275,0.00011614753717312706
997,0.0036406596191227436,9.52676248550415,0.9209176301956177,0.010081456042826176,26.38083267211914,0.2751333713531494,1.0986921787261963,0.00011551592203844503
998,0.003638798138126731,9.521892309188843,0.9223208129405975,0.010082431137561798,26.383384704589844,0.27557793259620667,1.099614143371582,0.00011488711346178371
999,0.0036377046490088105,9.519030094146729,0.9227336943149567,0.010082773864269257,26.384281158447266,0.27517905831336975,1.0987727642059326,0.00011426111575292664
1000,0.0036362948594614863,9.51534128189087,0.9216077327728271,0.010080385021865368,26.378032684326172,0.2746085226535797,1.0975782871246338,0.00011363793320239197
1001,0.003636256675235927,9.515241146087646,0.9205484688282013,0.010084269568324089,26.38819694519043,0.2747482657432556,1.0978672504425049,0.00011301757008140304
1002,0.0036332200979813933,9.50729513168335,0.9214794635772705,0.010080265812575817,26.37771987915039,0.2756510376930237,1.09974205493927,0.00011240003064185949
1003,0.003631821717135608,9.50363540649414,0.9227727055549622,0.01007851306349039,26.37313461303711,0.27570176124572754,1.0998401641845703,0.00011178531911630718
1004,0.0036307104164734483,9.500729084014893,0.9223541021347046,0.01007111370563507,26.35377311706543,0.2750183641910553,1.0984138250350952,0.0001111734397179102
1005,0.003629072685725987,9.49644136428833,0.9213934540748596,0.010065735317766666,26.339698791503906,0.2748590111732483,1.098083257675171,0.00011056439664042159
1006,0.00362842355389148,9.494743347167969,0.921461433172226,0.010062159039080143,26.330341339111328,0.2752140760421753,1.0988234281539917,0.00010995819405815428
1007,0.0036263320362195373,9.489271640777588,0.9216047525405884,0.01006491668522358,26.337554931640625,0.27502644062042236,1.098425030708313,0.00010935483612595288
1008,0.003625441459007561,9.486940860748291,0.9214793741703033,0.010068214498460293,26.34618377685547,0.27520495653152466,1.0987868309020996,0.00010875432697916504
1009,0.003623856697231531,9.482793807983398,0.9216964244842529,0.010067242197692394,26.343639373779297,0.2755064070224762,1.0994117259979248,0.00010815667073361336
1010,0.0036231180420145392,9.480860233306885,0.9232176542282104,0.010080588981509209,26.37856674194336,0.2763805389404297,1.1012306213378906,0.00010756187148556673
1011,0.003621659823693335,9.477044582366943,0.9235740005970001,0.010076140984892845,26.36693000793457,0.27554360032081604,1.0994822978973389,0.00010696993331171266
1012,0.0036199489841237664,9.472567558288574,0.9218879342079163,0.010057899169623852,26.319190979003906,0.27495113015174866,1.0982412099838257,0.00010638086026912896
1013,0.003618019400164485,9.46751880645752,0.9214505255222321,0.010049279779195786,26.29663848876953,0.275579035282135,1.099550724029541,0.0001057946563952565
1014,0.0036175742279738188,9.466353416442871,0.9233723282814026,0.01005360297858715,26.307947158813477,0.2764437198638916,1.1013412475585938,0.00010521132570787084
1015,0.0036159426672384143,9.462084293365479,0.9236931800842285,0.010052278637886047,26.30448341369629,0.2756180167198181,1.0996159315109253,0.00010463087220505528
1016,0.0036151690874248743,9.460060119628906,0.9219314157962799,0.010061085224151611,26.32752799987793,0.2751416862010956,1.0986216068267822,0.00010405329986517322
1017,0.00361371913459152,9.456265449523926,0.9223767518997192,0.010067782364785671,26.345048904418945,0.2764739990234375,1.101385235786438,0.00010347861264684072
1018,0.003612359520047903,9.452708721160889,0.9245389103889465,0.010052585043013096,26.30528450012207,0.2769923806190491,1.1024584770202637,0.00010290681448889955
1019,0.0036107582272961736,9.448517799377441,0.9243435263633728,0.01004571933299303,26.287317276000977,0.2758973240852356,1.1001782417297363,0.00010233790931039032
1020,0.003609237144701183,9.444536685943604,0.9227836728096008,0.010040690191090107,26.274160385131836,0.2755541503429413,1.0994601249694824,0.0001017719010105255
1021,0.003608359256759286,9.442239761352539,0.9222568571567535,0.010045628063380718,26.287080764770508,0.2757887840270996,1.0999455451965332,0.00010120879346866256
1022,0.0036071573849767447,9.43909502029419,0.9234566986560822,0.010050288401544094,26.299278259277344,0.2766294479370117,1.1016932725906372,0.00010064859054427746
1023,0.0036055907839909196,9.434996604919434,0.9244639873504639,0.010047229938209057,26.29127311706543,0.27640917897224426,1.101228952407837,0.00010009129607693832
1024,0.00360426411498338,9.431524276733398,0.9238419532775879,0.01004841923713684,26.294387817382812,0.2759515941143036,1.1002740859985352,9.953691388627918e-05
1025,0.0036028979811817408,9.427948951721191,0.9234053492546082,0.010040191933512688,26.272855758666992,0.27611243724823,1.1006019115447998,9.898544777197328e-05
1026,0.0036015764344483614,9.42449140548706,0.9231007695198059,0.010035448707640171,26.260446548461914,0.27598169445991516,1.1003261804580688,9.843690151370771e-05
1027,0.003600957221351564,9.422871112823486,0.9230765998363495,0.010035684332251549,26.26106071472168,0.27629590034484863,1.1009756326675415,9.789127887115725e-05
1028,0.0035992376506328583,9.418371200561523,0.9241038262844086,0.010038482025265694,26.26837921142578,0.27684924006462097,1.102125644683838,9.734858358395826e-05
1029,0.0035977389197796583,9.414448261260986,0.9244352579116821,0.010036814026534557,26.26401710510254,0.2764638364315033,1.101324200630188,9.680881937168352e-05
1030,0.0035973223857581615,9.41335916519165,0.9237707853317261,0.010031010024249554,26.248825073242188,0.2763359844684601,1.1010587215423584,9.627198993381637e-05
1031,0.003596376394852996,9.410883903503418,0.9244362413883209,0.010028175078332424,26.241413116455078,0.2770807445049286,1.1026005744934082,9.573809894972587e-05
1032,0.003594488021917641,9.405942440032959,0.9246547818183899,0.010025504976511002,26.23442268371582,0.27642473578453064,1.101240634918213,9.520715007864097e-05
1033,0.00359312049113214,9.402363300323486,0.9241124391555786,0.010025407187640667,26.234169006347656,0.2765170931816101,1.101431965827942,9.46791469596257e-05
1034,0.0035921017406508327,9.399698734283447,0.924359142780304,0.01002848707139492,26.242223739624023,0.27667564153671265,1.1017616987228394,9.415409321155435e-05
1035,0.00359126680996269,9.397513389587402,0.9242448508739471,0.01002765167504549,26.24004364013672,0.27654829621315,1.1014963388442993,9.363199243308662e-05
1036,0.003590190317481756,9.394696712493896,0.9248152375221252,0.0100329564884305,26.253923416137695,0.27717193961143494,1.1027919054031372,9.31128482026426e-05
1037,0.003589100087992847,9.391843318939209,0.925318568944931,0.010027865879237652,26.240602493286133,0.2769693434238434,1.1023598909378052,9.259666407837888e-05
1038,0.003588637220673263,9.390632629394531,0.9241036474704742,0.010024960152804852,26.23299789428711,0.2762117087841034,1.1007760763168335,9.208344359816365e-05
1039,0.0035863047232851386,9.384528160095215,0.9237956404685974,0.01002398319542408,26.23044204711914,0.27689939737319946,1.1022051572799683,9.157319027955257e-05
1040,0.003585581434890628,9.382636547088623,0.9250810146331787,0.010022551752626896,26.226696014404297,0.2772732079029083,1.1029852628707886,9.106590761976478e-05
1041,0.0035845552338287234,9.379951000213623,0.9258980751037598,0.01001361571252346,26.20331382751465,0.2772088944911957,1.1028491258621216,9.056159909565868e-05
1042,0.0035823143552988768,9.374085903167725,0.9246827661991119,0.01000495906919241,26.180660247802734,0.2761436104774475,1.1006338596343994,9.006026816370866e-05
1043,0.0035816648742184043,9.372386455535889,0.9233503639698029,0.010009858757257462,26.1934814453125,0.2764907479286194,1.1013529300689697,8.956191825998066e-05
1044,0.0035801053745672107,9.368305683135986,0.9242377579212189,0.01002014335244894,26.22039222717285,0.27745264768600464,1.103348731994629,8.90665528001092e-05
1045,0.0035795882577076554,9.36695384979248,0.9258998930454254,0.010022608563303947,26.226842880249023,0.2779028117656708,1.1042759418487549,8.85741751792735e-05
1046,0.0035785299260169268,9.36418342590332,0.9261479079723358,0.01001344807446003,26.2028751373291,0.27729693055152893,1.103013515472412,8.808478877217474e-05
1047,0.0035767473746091127,9.359519958496094,0.9252837300300598,0.010006037540733814,26.18347930908203,0.2769373953342438,1.102264642715454,8.75983969330127e-05
1048,0.0035763938212767243,9.358594417572021,0.9251500368118286,0.01000968273729086,26.19301986694336,0.27721354365348816,1.1028363704681396,8.711500299546234e-05
1049,0.003574603353627026,9.35390853881836,0.9251751005649567,0.010007207281887531,26.18654441833496,0.27713102102279663,1.1026611328125,8.663461027265183e-05
1050,0.00357346935197711,9.35094165802002,0.9251896440982819,0.01000409945845604,26.17841148376465,0.27728980779647827,1.1029876470565796,8.615722205713893e-05
1051,0.0035729677183553576,9.349628925323486,0.9253141582012177,0.010003729723393917,26.177440643310547,0.27730876207351685,1.1030244827270508,8.568284162088912e-05
1052,0.0035718182334676385,9.346621036529541,0.9252336919307709,0.01000081468373537,26.169815063476562,0.2773176431655884,1.1030423641204834,8.521147221525264e-05
1053,0.003570771776139736,9.34388256072998,0.9257392287254333,0.010007835924625397,26.188190460205078,0.2777646481990814,1.1039698123931885,8.474311707094275e-05
1054,0.0035690609365701675,9.339405059814453,0.9262400567531586,0.010008365847170353,26.1895751953125,0.2776796817779541,1.10378897190094,8.427777939801318e-05
1055,0.0035684658214449883,9.337849140167236,0.9262625873088837,0.009999534115195274,26.166460037231445,0.2777080237865448,1.1038451194763184,8.381546238583621e-05
1056,0.0035684818867594004,9.337890625,0.9268587827682495,0.009999522008001804,26.166431427001953,0.27801313996315,1.1044782400131226,8.335616920308072e-05
1057,0.0035659819841384888,9.331348419189453,0.9263922274112701,0.009992524981498718,26.148120880126953,0.27728310227394104,1.1029638051986694,8.289990299769094e-05
1058,0.003565322607755661,9.329622745513916,0.9254152178764343,0.00998892355710268,26.13869857788086,0.2773400545120239,1.103079080581665,8.244666689686438e-05
1059,0.0035642993170768023,9.326945304870605,0.9254052639007568,0.009986580349504948,26.132566452026367,0.27769580483436584,1.1038141250610352,8.199646400703035e-05
1060,0.0035629267804324627,9.323354244232178,0.9265886843204498,0.009993507526814938,26.150693893432617,0.27853408455848694,1.1055539846420288,8.154929741382928e-05
1061,0.0035637703258544207,9.325561285018921,0.9283109903335571,0.010000978596508503,26.170246124267578,0.27878618240356445,1.1060715913772583,8.110517018209074e-05
1062,0.003561141900718212,9.31868314743042,0.9276939034461975,0.009993608109652996,26.150955200195312,0.27756935358047485,1.1035436391830444,8.066408535581314e-05
1063,0.0035609425976872444,9.31816291809082,0.9252375364303589,0.009990358725190163,26.142454147338867,0.27671894431114197,1.1017727851867676,8.022604595814239e-05
1064,0.0035599027760326862,9.315441608428955,0.9246786832809448,0.009990282356739044,26.142253875732422,0.27768754959106445,1.1037814617156982,7.979105499135165e-05
1065,0.0035579551476985216,9.310344696044922,0.9264470040798187,0.009992306120693684,26.147552490234375,0.2785656750202179,1.1056017875671387,7.935911543682016e-05
1066,0.0035572092747315764,9.308391571044922,0.9273333251476288,0.009984584525227547,26.127342224121094,0.27815112471580505,1.1047362089157104,7.893023025501332e-05
1067,0.0035561223048716784,9.305549144744873,0.9263163208961487,0.009983446449041367,26.124366760253906,0.27735164761543274,1.103074550628662,7.850440238546205e-05
1068,0.0035556439543142915,9.304296493530273,0.924799919128418,0.009982194751501083,26.121089935302734,0.27704858779907227,1.1024444103240967,7.808163474674299e-05
1069,0.0035537887597456574,9.299441814422607,0.9253947734832764,0.009989670477807522,26.140653610229492,0.2782539427280426,1.1049456596374512,7.766193023645818e-05
1070,0.003552969777956605,9.2972993850708,0.927364706993103,0.009985343553125858,26.12932777404785,0.2788280248641968,1.1061290502548218,7.724529173121533e-05
1071,0.0035522051621228456,9.295297145843506,0.9278227388858795,0.009979342110455036,26.113622665405273,0.27838078141212463,1.1051985025405884,7.683172208660811e-05
1072,0.003551991772837937,9.294740200042725,0.9265310168266296,0.009977883659303188,26.109811782836914,0.27762261033058167,1.1036261320114136,7.64212241371966e-05
1073,0.0035510576562955976,9.292295455932617,0.926147997379303,0.009974433109164238,26.100780487060547,0.27824917435646057,1.1049304008483887,7.601380069648772e-05
1074,0.003549507586285472,9.288239479064941,0.9271317422389984,0.009978808462619781,26.112232208251953,0.2786282002925873,1.105713963508606,7.560945455691606e-05
1075,0.003548317705281079,9.285126209259033,0.9278922975063324,0.00997581984847784,26.104412078857422,0.2788125276565552,1.1060926914215088,7.520818848982493e-05
1076,0.003547370550222695,9.282646656036377,0.9281445741653442,0.009972667321562767,26.09615707397461,0.27862730622291565,1.105705738067627,7.481000524544694e-05
1077,0.0035465003456920385,9.280370235443115,0.9274390339851379,0.009967251680791378,26.081987380981445,0.2781335115432739,1.1046806573867798,7.441490755288545e-05
1078,0.003545452607795596,9.277627944946289,0.9273181259632111,0.009971259161829948,26.092477798461914,0.2786315381526947,1.1057087182998657,7.40228981200958e-05
1079,0.0035444058012217283,9.27488899230957,0.9274861216545105,0.009973975829780102,26.099584579467773,0.27851468324661255,1.1054651737213135,7.363397963386676e-05
1080,0.0035434351302683353,9.272348403930664,0.9275711476802826,0.009972906671464443,26.096786499023438,0.27874401211738586,1.1059355735778809,7.324815475980216e-05
1081,0.003542831400409341,9.270769596099854,0.9282274842262268,0.009973626583814621,26.09866714477539,0.2789994776248932,1.1064622402191162,7.286542614230237e-05
1082,0.0035419800551608205,9.268542528152466,0.9280190169811249,0.009964187629520893,26.073972702026367,0.2784517705440521,1.1053217649459839,7.248579640454658e-05
1083,0.003540829988196492,9.26553201675415,0.9273511469364166,0.009962481446564198,26.069507598876953,0.27849695086479187,1.105411410331726,7.21092681484745e-05
1084,0.0035399036714807153,9.263107776641846,0.927880734205246,0.00996495969593525,26.075990676879883,0.27903005480766296,1.106515884399414,7.173584395476858e-05
1085,0.0035388433607295156,9.26033353805542,0.9282515048980713,0.009968985803425312,26.08652687072754,0.2788165509700775,1.1060744524002075,7.136552638283643e-05
1086,0.0035378403263166547,9.25770902633667,0.9279079735279083,0.009965409524738789,26.07716941833496,0.2786109447479248,1.1056444644927979,7.099831797079326e-05
1087,0.0035372661659494042,9.25620698928833,0.927541196346283,0.009961569681763649,26.067123413085938,0.278462290763855,1.1053359508514404,7.063422123544448e-05
1088,0.0035363573115319014,9.253828525543213,0.9276659488677979,0.00996304303407669,26.070974349975586,0.27871137857437134,1.1058454513549805,7.027323867226813e-05
1089,0.003535622963681817,9.251905918121338,0.927852064371109,0.009962030686438084,26.068326950073242,0.2786383032798767,1.1056900024414062,6.99153727553985e-05
1090,0.003534326795488596,9.248514652252197,0.92730513215065,0.009958455339074135,26.058969497680664,0.27835020422935486,1.105088233947754,6.956062593760838e-05
1091,0.0035335520515218377,9.24648666381836,0.92764812707901,0.009960089810192585,26.06324577331543,0.2791115343570709,1.1066629886627197,6.920900065029282e-05
1092,0.0035327355144545436,9.244349956512451,0.928703635931015,0.009957666508853436,26.05690574645996,0.27935484051704407,1.107168436050415,6.886049930345211e-05
1093,0.003531934111379087,9.242253303527832,0.9287692308425903,0.00995409581810236,26.047561645507812,0.27903902530670166,1.1065133810043335,6.851512428567553e-05
1094,0.0035312174586579204,9.240376949310303,0.9285705387592316,0.009955733083188534,26.051849365234375,0.2790534198284149,1.1065425872802734,6.817287796412468e-05
1095,0.0035298976581543684,9.236924648284912,0.928102970123291,0.009954767301678658,26.049320220947266,0.27867984771728516,1.1057666540145874,6.783376268451766e-05
1096,0.0035297361901029944,9.236502170562744,0.9279588460922241,0.009955298155546188,26.050708770751953,0.27905914187431335,1.1065510511398315,6.749778077111247e-05
1097,0.0035284269833937287,9.233075141906738,0.9284670948982239,0.009952357038855553,26.043012619018555,0.27925094962120056,1.1069444417953491,6.716493452669165e-05
1098,0.00352781405672431,9.231471538543701,0.9292115569114685,0.0099503044039011,26.037641525268555,0.27963370084762573,1.1077325344085693,6.683522623254604e-05
1099,0.003527347231283784,9.230250835418701,0.9288442730903625,0.009942371398210526,26.01688575744629,0.2788379192352295,1.1060831546783447,6.650865814845932e-05
1100,0.003525682957842946,9.225895881652832,0.9281480312347412,0.009947088547050953,26.029224395751953,0.2791215181350708,1.1066694259643555,6.618523251269263e-05
1101,0.003525359556078911,9.225049495697021,0.9290471374988556,0.009955955669283867,26.05242919921875,0.27971798181533813,1.1078977584838867,6.586495154196912e-05
1102,0.003524306579492986,9.222293376922607,0.9293364882469177,0.009956395253539085,26.05358123779297,0.27931565046310425,1.1070657968521118,6.554781743145862e-05
1103,0.0035234539536759257,9.220062732696533,0.9284941852092743,0.009952419437468052,26.043174743652344,0.27890250086784363,1.1062062978744507,6.523383235476278e-05
1104,0.003522411105223,9.217333793640137,0.928369015455246,0.009946601465344429,26.0279541015625,0.2792741358280182,1.1069741249084473,6.49229984639003e-05
1105,0.003521381877362728,9.214640617370605,0.9290193617343903,0.009940354153513908,26.01160430908203,0.27952370047569275,1.1074869632720947,6.461531788929177e-05
1106,0.0035207050386816263,9.212868690490723,0.9291232824325562,0.009938675910234451,26.007211685180664,0.2793184518814087,1.107058048248291,6.431079273974535e-05
1107,0.0035204229643568397,9.212131977081299,0.9289487600326538,0.009938593953847885,26.006996154785156,0.27932003140449524,1.1070566177368164,6.400942510244239e-05
1108,0.0035192533396184444,9.209070682525635,0.9288647472858429,0.009942791424691677,26.017982482910156,0.2792852818965912,1.1069837808609009,6.371121704292297e-05
1109,0.0035182939609512687,9.206559658050537,0.9286994338035583,0.009942169301211834,26.016355514526367,0.2792740762233734,1.1069601774215698,6.341617060507163e-05
1110,0.0035176854580640793,9.204967021942139,0.9288749396800995,0.009935992769896984,26.000192642211914,0.2795644998550415,1.1075623035430908,6.312428781110369e-05
1111,0.003516759257763624,9.202544689178467,0.9293026924133301,0.009933264926075935,25.993051528930664,0.2797088027000427,1.107862949371338,6.283557066155111e-05
1112,0.0035161746200174093,9.201014995574951,0.9296214580535889,0.009932956658303738,25.99224281311035,0.27978119254112244,1.1080138683319092,6.255002113524892e-05
1113,0.003515545162372291,9.199367046356201,0.9297323226928711,0.009933935478329659,25.99480628967285,0.2796913683414459,1.107828140258789,6.226764118932163e-05
1114,0.0035145567962899804,9.196781158447266,0.9294069409370422,0.009933357127010822,25.99329376220703,0.27940165996551514,1.107224464416504,6.198843275916973e-05
1115,0.0035136255901306868,9.194344520568848,0.9289973676204681,0.009937743656337261,26.00477409362793,0.2793580889701843,1.107128381729126,6.171239775845655e-05
1116,0.0035129114985466003,9.192474842071533,0.9289575517177582,0.009935685433447361,25.999387741088867,0.27951616048812866,1.1074541807174683,6.143953807909508e-05
1117,0.0035117942607030272,9.189551830291748,0.9295190572738647,0.009938635863363743,26.00710678100586,0.27998602390289307,1.108422040939331,6.116985559123498e-05
1118,0.0035110844764858484,9.187694072723389,0.9299911856651306,0.009934607893228531,25.99656867980957,0.27997592091560364,1.1084009408950806,6.090335214324984e-05
1119,0.0035101211396977305,9.185173988342285,0.929937481880188,0.009930991567671299,25.987106323242188,0.27990707755088806,1.108258843421936,6.064002956172453e-05
1120,0.0035097035579383373,9.184081077575684,0.9298387467861176,0.009929250925779343,25.9825496673584,0.27993080019950867,1.1083024740219116,6.037988965144241e-05
1121,0.003508778871037066,9.181660652160645,0.9302562773227692,0.009931335225701332,25.988004684448242,0.280281126499176,1.1090261936187744,6.012293419537334e-05
1122,0.003508787020109594,9.181682825088501,0.9309599995613098,0.009930768981575966,25.986520767211914,0.2803579270839691,1.1091792583465576,5.986916495466128e-05
1123,0.0035073115723207593,9.17782211303711,0.9303021430969238,0.00992525927722454,25.972105026245117,0.27949804067611694,1.1073975563049316,5.961858366861222e-05
1124,0.0035063918912783265,9.175415515899658,0.9289886355400085,0.00992494449019432,25.97127914428711,0.2792361080646515,1.1068540811538696,5.937119205468223e-05
1125,0.003505809814669192,9.1738920211792,0.9289586246013641,0.009922276251018047,25.964298248291016,0.27968916296958923,1.1077892780303955,5.91269918084656e-05
1126,0.0035049500875175,9.171643257141113,0.9298477470874786,0.009919042699038982,25.95583724975586,0.2801496088504791,1.1087396144866943,5.8885984603683615e-05
1127,0.0035042759263888,9.169878005981445,0.9301090240478516,0.00991903431713581,25.955814361572266,0.2798822820186615,1.108189344406128,5.864817209217264e-05
1128,0.0035033849999308586,9.16754674911499,0.9299974143505096,0.009917933493852615,25.95293426513672,0.2799829840660095,1.1083934307098389,5.8413555903872954e-05
1129,0.00350295496173203,9.16642141342163,0.9297676384449005,0.009920482523739338,25.959604263305664,0.2797694206237793,1.1079528331756592,5.818213764681764e-05
1130,0.003502111998386681,9.164215564727783,0.9295921623706818,0.00991907250136137,25.955913543701172,0.27996525168418884,1.10835862159729,5.795391890712165e-05
1131,0.003501266590319574,9.162002563476562,0.9300678372383118,0.009920608252286911,25.959932327270508,0.28031641244888306,1.1090830564498901,5.772890124897052e-05
1132,0.0035005375975742936,9.160096168518066,0.9302912354469299,0.009919749572873116,25.957687377929688,0.2801803946495056,1.1088005304336548,5.750708621461015e-05
1133,0.003499502665363252,9.157387256622314,0.9304011762142181,0.009920631535351276,25.959993362426758,0.2803361117839813,1.1091210842132568,5.7288475324335926e-05
1134,0.003498926293104887,9.155879974365234,0.9308109283447266,0.009922915138304234,25.965970993041992,0.2804614305496216,1.1093727350234985,5.707307007648245e-05
1135,0.00349810509942472,9.153729915618896,0.9308902025222778,0.009922405704855919,25.96463966369629,0.2803269028663635,1.109094262123108,5.686087194741311e-05
1136,0.003497504279948771,9.152159214019775,0.9303431510925293,0.009917222894728184,25.951074600219727,0.27998965978622437,1.108393907546997,5.665188239151017e-05
1137,0.003496828372590244,9.150390148162842,0.9298697113990784,0.009911497123539448,25.936092376708984,0.28003618121147156,1.1084879636764526,5.64461028411647e-05
1138,0.003495799843221903,9.147698163986206,0.9304453134536743,0.009908647276461124,25.928634643554688,0.28067997097969055,1.1098164319992065,5.624353470676659e-05
1139,0.0034952725982293487,9.146318435668945,0.9316301643848419,0.00990799069404602,25.926912307739258,0.28104427456855774,1.1105685234069824,5.604417937669519e-05
1140,0.0034947649110108614,9.14499044418335,0.9318031370639801,0.009905238635838032,25.919715881347656,0.28057336807250977,1.1095936298370361,5.5848038217309645e-05
1141,0.003494084463454783,9.14320993423462,0.9305184781551361,0.00990392081439495,25.9162654876709,0.2797202467918396,1.1078310012817383,5.565511257293943e-05
1142,0.0034931256668642163,9.140700817108154,0.9295178651809692,0.009905703365802765,25.920930862426758,0.2798585891723633,1.1081137657165527,5.546540376587535e-05
1143,0.003492539864964783,9.139167785644531,0.9300942122936249,0.009907853789627552,25.926557540893555,0.280571848154068,1.1095824241638184,5.5278913096360385e-05
1144,0.003491824958473444,9.137297630310059,0.9313771426677704,0.009911474771797657,25.93603515625,0.28109586238861084,1.1106637716293335,5.509564184258057e-05
1145,0.003490988747216761,9.135109424591064,0.9317288100719452,0.009911171160638332,25.93524169921875,0.28077030181884766,1.1099921464920044,5.491559126065666e-05
1146,0.003490559523925185,9.133985757827759,0.9314490556716919,0.009912444278597832,25.93857192993164,0.2806617319583893,1.1097674369812012,5.473876258463519e-05
1147,0.003489552647806704,9.13135051727295,0.9310762584209442,0.00990829337388277,25.92770767211914,0.2804165780544281,1.1092629432678223,5.4565157026480045e-05
1148,0.0034888905938714743,9.129619121551514,0.9307601451873779,0.009906008839607239,25.92173194885254,0.28046613931655884,1.1093593835830688,5.4394775776064313e-05
1149,0.003487971145659685,9.127212524414062,0.9309290051460266,0.009901673533022404,25.910385131835938,0.28070253133773804,1.1098432540893555,5.4227620001162025e-05
1150,0.003487768699415028,9.126682758331299,0.9316525757312775,0.009899747557938099,25.905345916748047,0.2811122536659241,1.1106858253479004,5.406369084744009e-05
1151,0.0034865648485720158,9.123532772064209,0.9318649172782898,0.009897345677018166,25.899063110351562,0.28080838918685913,1.1100552082061768,5.3902989438450625e-05
1152,0.0034859515726566315,9.12192702293396,0.9314225614070892,0.009897653944790363,25.89986801147461,0.2806271016597748,1.109679102897644,5.374551687562308e-05
1153,0.003485320135951042,9.120275020599365,0.9309878051280975,0.009898259304463863,25.901451110839844,0.280463844537735,1.1093404293060303,5.359127423825671e-05
1154,0.0034850597148761153,9.119594097137451,0.9312414526939392,0.009899115189909935,25.903690338134766,0.28091585636138916,1.110275387763977,5.344026258351339e-05
1155,0.0034843130270019174,9.117639541625977,0.931657075881958,0.009897463954985142,25.899370193481445,0.28091514110565186,1.110270380973816,5.3292482946410026e-05
1156,0.003483397769741714,9.115244388580322,0.9316942095756531,0.00990019179880619,25.906505584716797,0.28097784519195557,1.110396385192871,5.31479363398117e-05
1157,0.0034829459618777037,9.114062786102295,0.9318150281906128,0.009901189245283604,25.909116744995117,0.2810516357421875,1.1105502843856812,5.3006623754424726e-05
1158,0.00348187074996531,9.111248970031738,0.9318984746932983,0.009899239055812359,25.904014587402344,0.2810104787349701,1.1104626655578613,5.2868546158789644e-05
1159,0.0034812521189451218,9.109630584716797,0.9319817423820496,0.009893813170492649,25.889816284179688,0.28102007508277893,1.1104803085327148,5.2733704499274955e-05
1160,0.0034804277820512652,9.107472896575928,0.9314153790473938,0.00988839752972126,25.87564468383789,0.28047168254852295,1.109344482421875,5.260209970007019e-05
1161,0.0034796971594914794,9.105561256408691,0.9306871294975281,0.009887170977890491,25.8724365234375,0.28042885661125183,1.1092534065246582,5.2473732663179926e-05
1162,0.003479646285995841,9.105428218841553,0.9311972260475159,0.009893144480884075,25.888065338134766,0.2810710370540619,1.1105778217315674,5.234860426841754e-05
1163,0.0034783479059115052,9.102030277252197,0.932135134935379,0.009893279522657394,25.8884220123291,0.28132057189941406,1.1110906600952148,5.2226715373398944e-05
1164,0.003477698192000389,9.100330352783203,0.9321659505367279,0.009889793582260609,25.879297256469727,0.28100013732910156,1.1104274988174438,5.2108066813537e-05
1165,0.003476882353425026,9.098195552825928,0.931811511516571,0.009885575622320175,25.868263244628906,0.28093528747558594,1.1102943420410156,5.199265940203566e-05
1166,0.003476522513665259,9.097254276275635,0.9314563274383545,0.009886403568089008,25.870424270629883,0.28075912594795227,1.109928846359253,5.188049392988447e-05
1167,0.003475768491625786,9.095280647277832,0.931321918964386,0.009887726046144962,25.873891830444336,0.28100383281707764,1.1104331016540527,5.1771571165852905e-05
1168,0.0034750669728964567,9.09344482421875,0.9318432807922363,0.0098866056650877,25.870954513549805,0.2813737988471985,1.1111927032470703,5.1665891856485427e-05
1169,0.0034744510194286704,9.091833591461182,0.9325407445430756,0.009883537888526917,25.86292839050293,0.28157439827919006,1.111605167388916,5.156345672609624e-05
1170,0.003473956836387515,9.090540170669556,0.9325953423976898,0.009882962331175804,25.861421585083008,0.28125983476638794,1.1109565496444702,5.146426647676422e-05
1171,0.0034729321487247944,9.087858200073242,0.9320555925369263,0.00988550391048193,25.868074417114258,0.2810096740722656,1.1104364395141602,5.1368321788328216e-05
1172,0.0034724484430626035,9.08659315109253,0.9316944181919098,0.009889700450003147,25.87905502319336,0.2810172438621521,1.1104496717453003,5.127562331838241e-05
1173,0.003472230047918856,9.08602237701416,0.9320096373558044,0.009887246415019035,25.872634887695312,0.28139299154281616,1.1112217903137207,5.118617170227173e-05
1174,0.003471116302534938,9.083107471466064,0.9323142766952515,0.009884385392069817,25.865144729614258,0.28134337067604065,1.111120343208313,5.109996755308749e-05
1175,0.003470376948826015,9.081172466278076,0.9322080612182617,0.009882395155727863,25.859939575195312,0.28129714727401733,1.1110272407531738,5.101701146166335e-05
1176,0.0034696367802098393,9.079236030578613,0.932386040687561,0.0098809152841568,25.856063842773438,0.2815381586551666,1.1115217208862305,5.093730399657101e-05
1177,0.0034691665787249804,9.078005313873291,0.9327525496482849,0.009882824495434761,25.861059188842773,0.2816559374332428,1.1117637157440186,5.086084570411652e-05
1178,0.0034690805478021502,9.077779531478882,0.9327669143676758,0.009875906631350517,25.842958450317383,0.2815376818180084,1.1115186214447021,5.0787637108336547e-05
1179,0.003468320588581264,9.07579255104065,0.9331455826759338,0.009879517368972301,25.852407455444336,0.2818993031978607,1.1122610569000244,5.071767871099448e-05
1180,0.003467029077000916,9.072412490844727,0.9333731830120087,0.009875605814158916,25.842172622680664,0.28165990114212036,1.1117656230926514,5.0650970991577424e-05
1181,0.00346648006234318,9.070974826812744,0.9326421022415161,0.009870252572000027,25.828161239624023,0.28117191791534424,1.1107584238052368,5.058751440729254e-05
1182,0.0034658022923395038,9.069201469421387,0.9320685267448425,0.009868877939879894,25.824565887451172,0.2812656760215759,1.1109503507614136,5.0527309393064295e-05
1183,0.0034649200970306993,9.066893100738525,0.9323708415031433,0.009870422072708607,25.8286075592041,0.2816421091556549,1.111724615097046,5.047035636153093e-05
1184,0.0034647455904632807,9.06643557548523,0.9330705404281616,0.009870292618870735,25.828269958496094,0.28195613622665405,1.1123669147491455,5.0416655703042264e-05
1185,0.003464199719019234,9.06500768661499,0.9331600368022919,0.009875373914837837,25.841564178466797,0.28164142370224,1.111718773841858,5.036620778565662e-05
1186,0.0034633027389645576,9.06266164779663,0.9327833652496338,0.009878978133201599,25.850997924804688,0.2815590500831604,1.1115468740463257,5.031901295513829e-05
1187,0.003462397726252675,9.06029200553894,0.9326474964618683,0.009876362048089504,25.844152450561523,0.28158706426620483,1.1116018295288086,5.027507153495538e-05
1188,0.0034621305530890822,9.059593677520752,0.9325636029243469,0.00987644586712122,25.844371795654297,0.2816021144390106,1.111633539199829,5.023438382627749e-05
1189,0.0034610764123499393,9.056834697723389,0.9329828023910522,0.009872565045952797,25.83421516418457,0.28203263878822327,1.1125156879425049,5.019695010797366e-05
1190,0.003460581647232175,9.055541038513184,0.9337271451950073,0.00987332221120596,25.83619499206543,0.28220126032829285,1.1128652095794678,5.01627706366103e-05
1191,0.0034596611512824893,9.053132057189941,0.9338185787200928,0.009868288412690163,25.823022842407227,0.28192460536956787,1.1122902631759644,5.0131845646449734e-05
1192,0.0034592553274706006,9.052069664001465,0.9332748651504517,0.009868652559816837,25.823976516723633,0.2815760672092438,1.1115708351135254,5.010417534944839e-05
1193,0.0034588375128805637,9.050976037979126,0.9324860572814941,0.00986411888152361,25.81211280822754,0.28125864267349243,1.1109155416488647,5.0079759935255375e-05
1194,0.003457989078015089,9.048755645751953,0.9324870705604553,0.009865996427834034,25.817028045654297,0.2817581593990326,1.1119416952133179,5.005859957121122e-05
1195,0.0034571505384519696,9.046562194824219,0.9333584904670715,0.00986726675182581,25.82035255432129,0.28220632672309875,1.1128652095794678,5.0040694402346674e-05
1196,0.003456803737208247,9.045654296875,0.9341707527637482,0.009868592023849487,25.823820114135742,0.28237995505332947,1.11322021484375,5.0026044551381734e-05
1197,0.003455903031863272,9.043296575546265,0.9337818622589111,0.009859495796263218,25.800016403198242,0.28170299530029297,1.1118236780166626,5.001465011872491e-05
1198,0.003455210942775011,9.041486740112305,0.9328708350658417,0.009861091151833534,25.804187774658203,0.2815585732460022,1.1115236282348633,5.0006511182472296e-05
1199,0.0034546301467344165,9.039966583251953,0.9324648678302765,0.009859082289040089,25.798931121826172,0.28156501054763794,1.1115376949310303,5.000162779840723e-05
1200,0.0034543119836598635,9.03913402557373,0.9330700635910034,0.009859916754066944,25.801118850708008,0.28230157494544983,1.113053321838379,5e-05
