epoch,train_pde_mse,train_pde_mse_absolute,train_state_rel_l2,val_pde_mse,val_pde_mse_absolute,val_state_mse,val_state_rel_l2,lr
1,1.070485770702362,12247.1474609375,1.0166126489639282,1.388110637664795,15881.009765625,0.2989614009857178,1.0187547206878662,0.0009999983722015927
2,1.0203226208686829,11673.24462890625,1.0029765367507935,1.3144807815551758,15038.6298828125,0.289597749710083,1.004501461982727,0.0009999934888175275
3,0.9543594121932983,10918.5771484375,0.9897288978099823,1.2157553434371948,13909.1396484375,0.2777034044265747,0.9870932698249817,0.0009999853498812749
4,0.8669541478157043,9918.59619140625,0.9702392816543579,1.0917065143585205,12489.9287109375,0.26139870285987854,0.9615271687507629,0.000999973955448618
5,0.7655667960643768,8758.6494140625,0.9458768963813782,0.9438276290893555,10798.0849609375,0.23855343461036682,0.921981930732727,0.000999959305597653
6,0.6423341333866119,7348.77685546875,0.908227801322937,0.7886564135551453,9022.810546875,0.20872937142848969,0.8645804524421692,0.0009999414004287885
7,0.5239677131175995,5994.57763671875,0.8559074699878693,0.6735228300094604,7705.59912109375,0.17676526308059692,0.7949934005737305,0.0009999202400647444
8,0.4487045407295227,5133.51171875,0.8055358827114105,0.5796864032745361,6632.0400390625,0.15222638845443726,0.7344690561294556,0.0009998958246505512
9,0.388160839676857,4440.8470458984375,0.7681596577167511,0.4572009742259979,5230.71630859375,0.13831940293312073,0.6952797174453735,0.0009998681543535498
10,0.3064595013856888,3506.123046875,0.7432730197906494,0.3746349513530731,4286.1005859375,0.13066059350967407,0.6696686744689941,0.0009998372293633891
11,0.26455535739660263,3026.708984375,0.7345711886882782,0.3175503611564636,3633.010498046875,0.12661515176296234,0.6498268842697144,0.000999803049892026
12,0.22685396671295166,2595.3768310546875,0.7313147783279419,0.25649335980415344,2934.47314453125,0.12609264254570007,0.6359814405441284,0.000999765616173722
13,0.19064170867204666,2181.08203125,0.7439365088939667,0.21235521137714386,2429.50048828125,0.13857579231262207,0.6495438814163208,0.000999724928465044
14,0.16922808438539505,1936.0944213867188,0.7923262119293213,0.19533605873584747,2234.788818359375,0.16276481747627258,0.6887331008911133,0.000999680987044861
15,0.15700658410787582,1796.271240234375,0.8608612418174744,0.16933953762054443,1937.369384765625,0.18073329329490662,0.7164849638938904,0.0009996337922143427
16,0.14182376116514206,1622.5685424804688,0.8977421522140503,0.1533316820859909,1754.227783203125,0.1865357756614685,0.7197095155715942,0.000999583344296957
17,0.1310141235589981,1498.8983154296875,0.9205138981342316,0.13510063290596008,1545.65087890625,0.1903524100780487,0.7126710414886475,0.0009995296436384681
18,0.11385958641767502,1302.6376953125,0.9274477958679199,0.11168529838323593,1277.7623291015625,0.20388776063919067,0.7163525819778442,0.0009994726906069349
19,0.09979787468910217,1141.7613220214844,0.9543908834457397,0.09696874767541885,1109.39404296875,0.22705146670341492,0.7389611005783081,0.0009994124855927063
20,0.08832504600286484,1010.5036926269531,0.9884054660797119,0.0882602259516716,1009.7620239257812,0.24955718219280243,0.7652251720428467,0.0009993490290084214
21,0.07842285931110382,897.2154846191406,1.0197325646877289,0.08166725188493729,934.3336791992188,0.26481664180755615,0.7788660526275635,0.0009992823212890045
22,0.0736423209309578,842.5225830078125,1.0320692658424377,0.07708363980054855,881.8936767578125,0.27797722816467285,0.7891086339950562,0.0009992123628916624
23,0.06811902299523354,779.3319091796875,1.0378605723381042,0.07035946100950241,804.9642333984375,0.2952953279018402,0.8072054386138916,0.0009991391542958825
24,0.06309511512517929,721.8547668457031,1.043435275554657,0.061076171696186066,698.7565307617188,0.3020896017551422,0.8124610781669617,0.000999062696003428
25,0.05869259499013424,671.4866027832031,1.0335530638694763,0.056343670934438705,644.6131591796875,0.28922393918037415,0.7884708642959595,0.0009989829885383356
26,0.054411374032497406,622.5062103271484,0.997839480638504,0.05110689625144005,584.7006225585938,0.2723226845264435,0.7635180950164795,0.0009989000324469113
27,0.05002020113170147,572.26806640625,0.9561823606491089,0.04767267778515816,545.41064453125,0.2460121214389801,0.7265485525131226,0.000998813828297727
28,0.0470520481467247,538.3101806640625,0.8849040865898132,0.04460040107369423,510.2615051269531,0.21569323539733887,0.6861039996147156,0.0009987243766816161
29,0.04438094422221184,507.7508239746094,0.8272141814231873,0.04258281737565994,487.1788635253906,0.1966857612133026,0.6640112996101379,0.0009986316782116702
30,0.04220682568848133,482.8772735595703,0.7778998911380768,0.03999940678477287,457.62274169921875,0.17285099625587463,0.6350254416465759,0.0009985357335232344
31,0.039669062942266464,453.8433532714844,0.7261408269405365,0.03933717682957649,450.04638671875,0.1572023183107376,0.6239103078842163,0.0009984365432739021
32,0.03817128762602806,436.7077178955078,0.6842292547225952,0.037984833121299744,434.5745544433594,0.1460779756307602,0.6241757869720459,0.0009983341081435128
33,0.0360303670167923,412.21400451660156,0.6466245949268341,0.03605995327234268,412.55242919921875,0.1400202214717865,0.6341671943664551,0.0009982284288341454
34,0.03391714673489332,388.0372009277344,0.62132328748703,0.03504800796508789,400.97509765625,0.13689839839935303,0.6427090764045715,0.0009981195060701138
35,0.03214868810027838,367.8047180175781,0.5961942374706268,0.03334401175379753,381.4801330566406,0.13344556093215942,0.649601936340332,0.0009980073405979624
36,0.030370773747563362,347.46409606933594,0.5750746428966522,0.03201018273830414,366.2201232910156,0.13378682732582092,0.6572423577308655,0.000997891933186461
37,0.028616147115826607,327.38983154296875,0.5586055815219879,0.03037172369658947,347.4749755859375,0.13608917593955994,0.6692764759063721,0.000997773284626599
38,0.027566145174205303,315.3770446777344,0.5511488318443298,0.02986438386142254,341.67059326171875,0.1382676362991333,0.6776231527328491,0.0009976513957315803
39,0.026231744326651096,300.1105422973633,0.5437159985303879,0.02882385067641735,329.7661437988281,0.1396235227584839,0.6868600249290466,0.0009975262673368177
40,0.025362391956150532,290.16448974609375,0.5422210395336151,0.028371114283800125,324.5865173339844,0.13957056403160095,0.693332850933075,0.0009973979002999274
41,0.02447489369660616,280.0108337402344,0.5391737520694733,0.02691260725259781,307.9001159667969,0.14127182960510254,0.7004019618034363,0.0009972662955007225
42,0.023426135070621967,268.0122756958008,0.5400567203760147,0.026298807933926582,300.8777770996094,0.14321450889110565,0.7096751928329468,0.000997131453841208
43,0.023314264602959156,266.73240661621094,0.5442481637001038,0.025336559861898422,289.86895751953125,0.14396817982196808,0.7124289274215698,0.0009969933762455727
44,0.023097939789295197,264.2574996948242,0.5434885323047638,0.025209885090589523,288.419677734375,0.1395297348499298,0.7007402181625366,0.0009968520636601855
45,0.02136338036507368,244.4128646850586,0.5385537445545197,0.024753423407673836,283.19744873046875,0.1366918683052063,0.6947019100189209,0.0009967075170535873
46,0.020987763069570065,240.11550903320312,0.5355725288391113,0.023602649569511414,270.0317077636719,0.13554595410823822,0.6904248595237732,0.000996559737416484
47,0.0204321276396513,233.75861358642578,0.5334801375865936,0.023332128301262856,266.936767578125,0.13209626078605652,0.6811635494232178,0.0009964087257617405
48,0.020637442357838154,236.10755920410156,0.5279555022716522,0.022570740431547165,258.2259521484375,0.13143157958984375,0.6750903129577637,0.0009962544831243743
49,0.01960096415132284,224.2494888305664,0.5299280285835266,0.022527476772665977,257.73101806640625,0.13438110053539276,0.6829113960266113,0.0009960970105615467
50,0.019212189130485058,219.8016357421875,0.5315358638763428,0.02181425131857395,249.5711669921875,0.13792850077152252,0.6884936690330505,0.0009959363091525573
51,0.018965398892760277,216.9781723022461,0.5360273718833923,0.021699490025639534,248.2581787109375,0.14140623807907104,0.6979796886444092,0.0009957723799988354
52,0.018782382365316153,214.88433837890625,0.5422636866569519,0.022941434755921364,262.46697998046875,0.1453278362751007,0.7090098857879639,0.000995605224223933
53,0.018243547528982162,208.71965789794922,0.5473147034645081,0.02358829416334629,269.8675231933594,0.14669564366340637,0.7189887762069702,0.0009954348429735173
54,0.01840292289853096,210.54302978515625,0.5487975478172302,0.022053493186831474,252.30824279785156,0.1472325623035431,0.718508780002594,0.000995261237415362
55,0.017893114127218723,204.71044921875,0.5501297116279602,0.02168642170727253,248.1086883544922,0.14491130411624908,0.7102031707763672,0.0009950844087393406
56,0.018016870133578777,206.12631225585938,0.544599860906601,0.020627504214644432,235.99388122558594,0.13982349634170532,0.6965149641036987,0.0009949043581574167
57,0.017338302917778492,198.36297607421875,0.5384530425071716,0.02303086593747139,263.4901123046875,0.13462135195732117,0.6797997951507568,0.000994721086903637
58,0.017860778607428074,204.34046936035156,0.5324752032756805,0.02212563157081604,253.133544921875,0.1351584941148758,0.6787852048873901,0.0009945345962341218
59,0.01766991289332509,202.1568603515625,0.5336091816425323,0.020704682916402817,236.87686157226562,0.13659968972206116,0.6770659685134888,0.0009943448874270577
60,0.016694454476237297,190.99689483642578,0.5346037149429321,0.02077794261276722,237.71499633789062,0.1355145126581192,0.6708473563194275,0.0009941519617826875
61,0.017228353302925825,197.1050796508789,0.5349315702915192,0.02008223719894886,229.755615234375,0.13750413060188293,0.6729305982589722,0.0009939558206233019
62,0.01646597497165203,188.3829116821289,0.5357383787631989,0.02063107118010521,236.03469848632812,0.13848544657230377,0.6762447357177734,0.0009937564652932305
63,0.016454100608825684,188.2470703125,0.5364541709423065,0.021205438300967216,242.60586547851562,0.13870272040367126,0.6767277717590332,0.0009935538971588324
64,0.016238718293607235,185.7829246520996,0.535681426525116,0.019087018445134163,218.3695526123047,0.13619568943977356,0.6667116284370422,0.0009933481176084868
65,0.015907724387943745,181.99612426757812,0.5335600972175598,0.01904546469449997,217.89418029785156,0.13468360900878906,0.6613935232162476,0.0009931391280525838
66,0.01564439758658409,178.9834747314453,0.5330705642700195,0.018782250583171844,214.88282775878906,0.13410289585590363,0.6625723242759705,0.0009929269299235144
67,0.015513633843511343,177.4874496459961,0.5320510864257812,0.019491681829094887,222.99925231933594,0.1341320127248764,0.6625696420669556,0.0009927115246756608
68,0.015260040760040283,174.5861587524414,0.5328798741102219,0.019751103594899178,225.96719360351562,0.13423752784729004,0.664426326751709,0.0009924929137853865
69,0.015353875700384378,175.65967559814453,0.5317152738571167,0.01986943557858467,227.32101440429688,0.1349852979183197,0.6675330400466919,0.0009922710987510263
70,0.015169835649430752,173.55413055419922,0.5333324074745178,0.01868882216513157,213.81393432617188,0.1368914246559143,0.6750147938728333,0.0009920460810928752
71,0.01485592033714056,169.96270751953125,0.5352582037448883,0.018597634509205818,212.77064514160156,0.136477530002594,0.6760474443435669,0.000991817862353179
72,0.014952819794416428,171.0712890625,0.533860832452774,0.018498485907912254,211.63633728027344,0.13217398524284363,0.6634053587913513,0.0009915864440961236
73,0.014793843030929565,169.25247192382812,0.5288816392421722,0.01864822395145893,213.34947204589844,0.1323927789926529,0.6575152277946472,0.0009913518279078238
74,0.01458766870200634,166.89369201660156,0.5293083786964417,0.018584545701742172,212.62094116210938,0.13382956385612488,0.6610925197601318,0.0009911140153963127
75,0.014329314697533846,163.9379425048828,0.5304955840110779,0.0185213852673769,211.8983154296875,0.13384732604026794,0.6611490249633789,0.0009908730081915308
76,0.014179454185068607,162.22341918945312,0.5281290411949158,0.018616322427988052,212.9844512939453,0.13507983088493347,0.672583818435669,0.000990628807945314
77,0.014046079013496637,160.69750213623047,0.533248245716095,0.018622908741235733,213.059814453125,0.14078660309314728,0.6944021582603455,0.000990381416331384
78,0.01392120961099863,159.2689208984375,0.5363008379936218,0.01874132640659809,214.4146270751953,0.14430466294288635,0.7107533812522888,0.0009901308350453348
79,0.013763043330982327,157.45937728881836,0.5448392331600189,0.018499353900551796,211.64625549316406,0.14207392930984497,0.7104147672653198,0.0009898770658046227
80,0.013683210592716932,156.54602432250977,0.5452593863010406,0.018066562712192535,206.69480895996094,0.14049693942070007,0.7078452110290527,0.0009896201103485537
81,0.013564917724579573,155.19266510009766,0.5410839319229126,0.018114103004336357,207.23870849609375,0.14161282777786255,0.7092187404632568,0.0009893599704382716
82,0.0133391167037189,152.60933303833008,0.5421726256608963,0.018458010628819466,211.17324829101562,0.14010009169578552,0.7026606798171997,0.0009890966478567462
83,0.013216701801866293,151.2088394165039,0.5367419123649597,0.01873699575662613,214.3650665283203,0.13761624693870544,0.6923415660858154,0.000988830144408761
84,0.013180095935240388,150.79003143310547,0.5349760353565216,0.01859835349023342,212.7788848876953,0.13762810826301575,0.6879506707191467,0.0009885604619209007
85,0.013147969730198383,150.4224853515625,0.5321060419082642,0.01805022731423378,206.50791931152344,0.13725753128528595,0.6843538284301758,0.0009882876022415392
86,0.012868529185652733,147.22547149658203,0.5313506722450256,0.017809316515922546,203.75173950195312,0.13545960187911987,0.679889440536499,0.0009880115672408262
87,0.012772497721016407,146.1268081665039,0.5277864336967468,0.0176816675812006,202.29132080078125,0.13429522514343262,0.6756742000579834,0.0009877323588106742
88,0.012568042147904634,143.7876853942871,0.5255455076694489,0.017700042575597763,202.50157165527344,0.13406983017921448,0.67347252368927,0.0009874499788647467
89,0.012445126660168171,142.38143157958984,0.524474710226059,0.01779744029045105,203.61585998535156,0.13339528441429138,0.6689728498458862,0.0009871644293384444
90,0.012365161906927824,141.4665756225586,0.5231199562549591,0.017806248739361763,203.71661376953125,0.13335272669792175,0.6672972440719604,0.0009868757121888917
91,0.012274214997887611,140.42607879638672,0.5222215056419373,0.017746178433299065,203.02938842773438,0.13304731249809265,0.6667690873146057,0.0009865838293949237
92,0.012173527386039495,139.27415084838867,0.521132081747055,0.017564725130796432,200.95343017578125,0.13330695033073425,0.6697614192962646,0.0009862887829570723
93,0.012083916459232569,138.2489356994629,0.5204853564500809,0.01764030195772648,201.8180694580078,0.13347923755645752,0.6717902421951294,0.000985990574897553
94,0.011915207840502262,136.31879425048828,0.5199828147888184,0.017585942521691322,201.19615173339844,0.13244715332984924,0.6696063876152039,0.00098568920726025
95,0.01183382049202919,135.3876495361328,0.517594963312149,0.017498737201094627,200.1984405517578,0.13213546574115753,0.6695212721824646,0.0009853846821107036
96,0.01171430479735136,134.0202865600586,0.5165985822677612,0.01752166822552681,200.4608154296875,0.13225364685058594,0.6715679168701172,0.000985077001536095
97,0.011680603493005037,133.6347312927246,0.5180574655532837,0.017625553533434868,201.6493377685547,0.13283871114253998,0.675886869430542,0.0009847661676452323
98,0.011703063733875751,133.89168548583984,0.5178516805171967,0.017415469512343407,199.245849609375,0.13273374736309052,0.676040768623352,0.0009844521825685365
99,0.011458948254585266,131.09882736206055,0.5165704637765884,0.017517516389489174,200.4132843017578,0.13220740854740143,0.6741114854812622,0.000984135048458026
100,0.011335251852869987,129.68365097045898,0.5156727433204651,0.017561133950948715,200.912353515625,0.13252514600753784,0.6746097803115845,0.0009838147674873024
101,0.011381743475794792,130.21554565429688,0.5146956443786621,0.0178280808031559,203.9663848876953,0.13262711465358734,0.6757339239120483,0.0009834913418515358
102,0.011217792518436909,128.33982467651367,0.5157590806484222,0.01750941202044487,200.32061767578125,0.1320478618144989,0.6747835278511047,0.000983164773767449
103,0.011115978937596083,127.17502212524414,0.5136264562606812,0.01741984486579895,199.2958984375,0.13010795414447784,0.668671727180481,0.0009828350654733033
104,0.010978534817695618,125.6025505065918,0.5102130770683289,0.017384251579642296,198.88868713378906,0.1287701427936554,0.6646460890769958,0.0009825022192288823
105,0.010876006912440062,124.4295539855957,0.507199227809906,0.01722819171845913,197.1032257080078,0.12730425596237183,0.659298300743103,0.000982166237315477
106,0.010875872801989317,124.42801666259766,0.5074145644903183,0.017132531851530075,196.00881958007812,0.12756770849227905,0.6610238552093506,0.00098182712203587
107,0.010803928598761559,123.60491561889648,0.5049639195203781,0.01719023287296295,196.66897583007812,0.12815257906913757,0.6606450080871582,0.000981484875714319
108,0.010613111080601811,121.42182159423828,0.5045259892940521,0.016934510320425034,193.74330139160156,0.12788376212120056,0.6581281423568726,0.0009811395006965424
109,0.010629354976117611,121.60767364501953,0.5031954348087311,0.017035305500030518,194.896484375,0.1271878480911255,0.657181978225708,0.0009807909993497016
110,0.010407897643744946,119.07403182983398,0.5019960701465607,0.016806308180093765,192.27655029296875,0.12647955119609833,0.6566184759140015,0.000980439374062386
111,0.010347440373152494,118.38235473632812,0.49967747926712036,0.016683345660567284,190.86978149414062,0.12446728348731995,0.6504102945327759,0.0009800846272445959
112,0.010305032599717379,117.89718246459961,0.49759508669376373,0.01684734784066677,192.74610900878906,0.12536020576953888,0.654807448387146,0.0009797267613277261
113,0.010216464288532734,116.88390350341797,0.498915433883667,0.01668534055352211,190.89259338378906,0.1254342943429947,0.6542202234268188,0.0009793657787645499
114,0.010075940284878016,115.27619552612305,0.4974801689386368,0.01651417464017868,188.93438720703125,0.12349660694599152,0.6474679708480835,0.0009790016820292009
115,0.01004105107858777,114.87703704833984,0.49495285749435425,0.016598068177700043,189.89414978027344,0.12385983020067215,0.6477065086364746,0.0009786344736171578
116,0.009960777359083295,113.95865631103516,0.49601583182811737,0.0169872734695673,194.3469696044922,0.12559816241264343,0.6518674492835999,0.0009782641560452255
117,0.009866730310022831,112.88268280029297,0.4965696334838867,0.016620470210909843,190.15045166015625,0.12329427152872086,0.6464626789093018,0.0009778907318515194
118,0.009746057447046041,111.50209426879883,0.49439701437950134,0.016634885221719742,190.31536865234375,0.12329357862472534,0.6457562446594238,0.0009775142035954472
119,0.009615178219974041,110.00473403930664,0.49489976465702057,0.01644653081893921,188.16046142578125,0.12343514710664749,0.6474910974502563,0.0009771345738576913
120,0.00949539989233017,108.6343879699707,0.49457089602947235,0.016188127920031548,185.20413208007812,0.12278689444065094,0.6463212966918945,0.0009767518452401915
121,0.0094175492413342,107.74372482299805,0.49325910210609436,0.015863550826907158,181.49073791503906,0.12195691466331482,0.6437506079673767,0.0009763660203661267
122,0.009330123197287321,106.74349212646484,0.49244698882102966,0.015666697174310684,179.23858642578125,0.1218634694814682,0.6423311233520508,0.0009759771018798979
123,0.009267434943467379,106.02630233764648,0.4922751486301422,0.016117611899971962,184.39736938476562,0.12344538420438766,0.646424412727356,0.0009755850924471081
124,0.009049567859619856,103.53373718261719,0.49368590116500854,0.01583273336291313,181.13815307617188,0.12288009375333786,0.6459144353866577,0.0009751899947545466
125,0.008971774252131581,102.64371871948242,0.4932234138250351,0.015620416961610317,178.70912170410156,0.12300829589366913,0.6473100185394287,0.0009747918115101687
126,0.008850432932376862,101.25548553466797,0.49394260346889496,0.015487384051084518,177.18710327148438,0.12288503348827362,0.6474646925926208,0.0009743905454430774
127,0.008767262566834688,100.30395889282227,0.4948109984397888,0.01500190794467926,171.6328887939453,0.12173637747764587,0.6454518437385559,0.0009739861993035058
128,0.008547538192942739,97.79014205932617,0.4926725924015045,0.014885909855365753,170.30580139160156,0.12216170877218246,0.6457768082618713,0.0009735787758627971
129,0.00841998914256692,96.33089637756348,0.49369464814662933,0.014884806238114834,170.2931671142578,0.12326015532016754,0.6476821303367615,0.0009731682779133855
130,0.008225592551752925,94.10685729980469,0.49439290165901184,0.01464936975389719,167.59962463378906,0.12228620052337646,0.6449821591377258,0.0009727547082687784
131,0.008119028294458985,92.88767623901367,0.49177010357379913,0.014455155469477177,165.3776397705078,0.1207130178809166,0.640537440776825,0.0009723380697635356
132,0.007924346951767802,90.66038513183594,0.49043597280979156,0.014191213063895702,162.35797119140625,0.12058869749307632,0.6401703357696533,0.0009719183652532508
133,0.007839881349354982,89.69403839111328,0.49036429822444916,0.013568336144089699,155.23178100585938,0.11899423599243164,0.6359421610832214,0.0009714955976145317
134,0.00762707251124084,87.25933837890625,0.48801347613334656,0.013241205364465714,151.48916625976562,0.11828060448169708,0.6314738988876343,0.0009710697697449805
135,0.007394407410174608,84.59748458862305,0.4868215024471283,0.013155689463019371,150.5108184814453,0.12071564048528671,0.6369584798812866,0.0009706408845631738
136,0.007303325226530433,83.55543899536133,0.48961886763572693,0.012807684019207954,146.5293731689453,0.12002666294574738,0.6361067295074463,0.0009702089450086423
137,0.007042924175038934,80.57625389099121,0.48825937509536743,0.01237046904861927,141.5272979736328,0.11865360289812088,0.632804274559021,0.0009697739540418514
138,0.006866487441584468,78.55768394470215,0.4887748658657074,0.011871074326336384,135.81385803222656,0.1192646324634552,0.6354029774665833,0.0009693359146441808
139,0.006661442806944251,76.21182250976562,0.48715782165527344,0.011552685871720314,132.17124938964844,0.1165110319852829,0.6275801658630371,0.0009688948298179032
140,0.006504605058580637,74.41748237609863,0.48412321507930756,0.011393883265554905,130.35443115234375,0.1177002489566803,0.629130482673645,0.0009684507025861646
141,0.0062703590374439955,71.73753356933594,0.4879749268293381,0.010980093851685524,125.6203842163086,0.12028057873249054,0.6363977789878845,0.0009680035359929635
142,0.00597276771441102,68.33287048339844,0.48930424451828003,0.010645770467817783,121.79547882080078,0.11994396895170212,0.6359349489212036,0.0009675533331031295
143,0.005776318488642573,66.08534622192383,0.48891355097293854,0.010081280022859573,115.33728790283203,0.11934656649827957,0.6349610686302185,0.0009671000970023028
144,0.005555757787078619,63.56196403503418,0.4891648590564728,0.009701171889901161,110.98856353759766,0.11899799853563309,0.632774829864502,0.000966643830796913
145,0.005284004844725132,60.452919006347656,0.4872867166996002,0.009051410481333733,103.55482482910156,0.11784299463033676,0.6289846897125244,0.0009661845376141577
146,0.005086494609713554,58.19325828552246,0.4864037036895752,0.008715379983186722,99.71038055419922,0.11828459799289703,0.629371702671051,0.0009657222206019806
147,0.00484500324819237,55.430416107177734,0.4861331582069397,0.00846177339553833,96.80895233154297,0.11774139106273651,0.6287391185760498,0.000965256882929051
148,0.004777313908562064,54.6560001373291,0.4865346848964691,0.008025968447327614,91.822998046875,0.12003138661384583,0.6338176131248474,0.0009647885277847412
149,0.004458300652913749,51.00624656677246,0.48886388540267944,0.007278194185346365,83.26791381835938,0.12020451575517654,0.633590579032898,0.0009643171583791048
150,0.004234978463500738,48.45127868652344,0.4898837208747864,0.006779216229915619,77.55923461914062,0.1199004203081131,0.6331700086593628,0.0009638427779428549
151,0.00392386585008353,44.891923904418945,0.4867922216653824,0.006277937907725573,71.82424926757812,0.11883684992790222,0.6310463547706604,0.000963365389727342
152,0.003691038000397384,42.228200912475586,0.4863974153995514,0.005964186042547226,68.23469543457031,0.12085331976413727,0.6378922462463379,0.0009628849970045315
153,0.003449107287451625,39.46033954620361,0.48928430676460266,0.005803148727864027,66.39230346679688,0.12185057997703552,0.6411051750183105,0.0009624016030669813
154,0.003282337449491024,37.552364349365234,0.48975110054016113,0.005275327246636152,60.353641510009766,0.12162993848323822,0.6400692462921143,0.0009619152112278192
155,0.003182683256454766,36.412248611450195,0.4891425669193268,0.005070458631962538,58.00979232788086,0.12093383073806763,0.6363869905471802,0.0009614258248207205
156,0.002958482946269214,33.84722900390625,0.4872649610042572,0.004539522808045149,51.93549346923828,0.12148880958557129,0.6374847888946533,0.0009609334471998847
157,0.002779826056212187,31.80326271057129,0.4869329631328583,0.004775394685566425,54.6340446472168,0.12153182178735733,0.6379297971725464,0.0009604380817400133
158,0.0027480024145916104,31.43917465209961,0.4863725006580353,0.004226967692375183,48.3596305847168,0.12025783956050873,0.6347225904464722,0.0009599397318362853
159,0.002655702759511769,30.383203506469727,0.4862656146287918,0.0041099898517131805,47.02131652832031,0.12178237736225128,0.6392638087272644,0.0009594384009043353
160,0.0024981522001326084,28.58070659637451,0.4885734021663666,0.004417380318045616,50.53809356689453,0.12223349511623383,0.6392793655395508,0.0009589340923802293
161,0.002582416171208024,29.544747352600098,0.4844723045825958,0.003782880725339055,43.27894973754883,0.11802782118320465,0.6279798150062561,0.0009584268097204415
162,0.0025898374151438475,29.62964916229248,0.48088034987449646,0.004092110320925713,46.816768646240234,0.12032078206539154,0.6324381828308105,0.0009579165564018304
163,0.0023869372671470046,27.30832576751709,0.48547282814979553,0.0037158397026360035,42.51195526123047,0.12026001513004303,0.6347721815109253,0.0009574033359216153
164,0.0023432233138009906,26.808205604553223,0.48308148980140686,0.003312397748231888,37.89627456665039,0.11996074765920639,0.6316941976547241,0.0009568871517973516
165,0.002065852517262101,23.63487720489502,0.48391489684581757,0.00305865122936666,34.99323272705078,0.11764653027057648,0.6224761009216309,0.0009563680075669077
166,0.0020174029050394893,23.080577850341797,0.47542138397693634,0.003007803112268448,34.41148376464844,0.11595048010349274,0.6179631948471069,0.0009558459067884399
167,0.0019606139976531267,22.430870056152344,0.4738660752773285,0.002943105064332485,33.671295166015625,0.11859850585460663,0.6268795728683472,0.0009553208530403685
168,0.0019038425525650382,21.781365394592285,0.4777206480503082,0.0030167645309120417,34.514015197753906,0.12060102075338364,0.63090980052948,0.0009547928499213533
169,0.0018097801366820931,20.70522117614746,0.4789111018180847,0.0028686157893389463,32.81908416748047,0.11878937482833862,0.6261510848999023,0.0009542619010502682
170,0.0018445063615217805,21.102514266967773,0.47572603821754456,0.0028255588840693235,32.32647705078125,0.11702194064855576,0.6203899383544922,0.0009537280100661779
171,0.0017968711908906698,20.55753517150879,0.47508901357650757,0.002687269588932395,30.744348526000977,0.11628630012273788,0.6170525550842285,0.0009531911806283107
172,0.0017392131267115474,19.89788246154785,0.4738430231809616,0.002614464843645692,29.911407470703125,0.11624456197023392,0.6198410987854004,0.0009526514164160361
173,0.0016039549955166876,18.350431442260742,0.4724644720554352,0.002889646217226982,33.0596809387207,0.11842218041419983,0.6285971403121948,0.000952108721128837
174,0.0015440921997651458,17.665554523468018,0.47412797808647156,0.00262506864964962,30.032724380493164,0.1186971366405487,0.6325231194496155,0.0009515630984862864
175,0.0016458078753203154,18.829258918762207,0.4774593114852905,0.002698922762647271,30.877670288085938,0.12089937925338745,0.6376743316650391,0.0009510145522280209
176,0.0015745088458061218,18.013543128967285,0.47907088696956635,0.002429640619084239,27.796884536743164,0.1194051131606102,0.6327226161956787,0.0009504630861137151
177,0.0015047892811708152,17.215900421142578,0.4766615629196167,0.0024131881073117256,27.608652114868164,0.1173236072063446,0.625537633895874,0.0009499087039230559
178,0.0014755596057511866,16.881492614746094,0.4730435609817505,0.0024491804651916027,28.02043342590332,0.11633752286434174,0.6221542358398438,0.0009493514094557168
179,0.0014476047363132238,16.56166648864746,0.47295810282230377,0.002331690164282918,26.676254272460938,0.11668063700199127,0.6239816546440125,0.0009487912065313317
180,0.0014181489823386073,16.22467279434204,0.47489967942237854,0.00252516963519156,28.88980484008789,0.11727936565876007,0.6247411370277405,0.0009482280989894687
181,0.0015004436718299985,17.166183471679688,0.4743068218231201,0.002494460204616189,28.538467407226562,0.11651661992073059,0.6230161190032959,0.0009476620906896039
182,0.0015275742043741047,17.476576805114746,0.47217562794685364,0.002362344181165099,27.02696418762207,0.11460883915424347,0.6188721656799316,0.0009470931855110946
183,0.0015601974446326494,17.849809646606445,0.46839430928230286,0.0021656209137290716,24.776304244995117,0.11273020505905151,0.6161442995071411,0.0009465213873531535
184,0.0014479889068752527,16.56606149673462,0.46812771260738373,0.002308968920260668,26.416309356689453,0.11410322040319443,0.6205017566680908,0.0009459467001348209
185,0.001429665309842676,16.35642719268799,0.47047586739063263,0.0025306257884949446,28.952228546142578,0.11491440236568451,0.6220297813415527,0.0009453691277949389
186,0.0014093333156779408,16.123815536499023,0.47033847868442535,0.002502941759303212,28.635499954223633,0.11410123854875565,0.6179226636886597,0.0009447886742921233
187,0.0014237237628549337,16.288450717926025,0.46989983320236206,0.0022661639377474785,25.92658805847168,0.11030205339193344,0.6023393869400024,0.0009442053436047377
188,0.0014162979205138981,16.203493118286133,0.4607066214084625,0.002048051217570901,23.43121910095215,0.1076851636171341,0.5933758616447449,0.0009436191397308651
189,0.0014110248303040862,16.143166065216064,0.4587809443473816,0.0020786309614777565,23.78107261657715,0.10806407034397125,0.5896027088165283,0.0009430300666882817
190,0.0013355654664337635,15.279855728149414,0.45816200971603394,0.0022687322925776243,25.955970764160156,0.10883826017379761,0.5889034867286682,0.0009424381285144275
191,0.0013392759137786925,15.322305679321289,0.45917080342769623,0.0020900070667266846,23.91122817993164,0.10785362124443054,0.5892151594161987,0.0009418433292663809
192,0.0013529480784200132,15.478724002838135,0.45908746123313904,0.002006520750001073,22.956079483032227,0.10745954513549805,0.5922831296920776,0.0009412456730208292
193,0.0012541182222776115,14.348039627075195,0.4572146534919739,0.0019886279478669167,22.751373291015625,0.10633909702301025,0.5904837846755981,0.0009406451638740416
194,0.0012354098143987358,14.133999824523926,0.45643003284931183,0.001985020935535431,22.710105895996094,0.1069607064127922,0.5939680337905884,0.0009400418059418403
195,0.0012473691604100168,14.270823955535889,0.4574314206838608,0.0019247729796916246,22.020824432373047,0.10703669488430023,0.5953083038330078,0.0009394356033595729
196,0.0012314546038396657,14.08875036239624,0.45779526233673096,0.0018839623080566525,21.553918838500977,0.10589657723903656,0.5945899486541748,0.0009388265602820842
197,0.001195890421513468,13.681868076324463,0.4580637812614441,0.002001994289457798,22.904293060302734,0.10773596167564392,0.6009564995765686,0.0009382146808836873
198,0.0012159095786046237,13.910902976989746,0.461706206202507,0.0020778111647814512,23.771692276000977,0.108745276927948,0.6057100296020508,0.0009375999693581351
199,0.001244043407496065,14.23277473449707,0.4606645703315735,0.0019456298323348165,22.259441375732422,0.10705296695232391,0.6018847227096558,0.0009369824299185914
200,0.0011865661945194006,13.575192928314209,0.45983611047267914,0.0019271698547527194,22.048248291015625,0.10522172600030899,0.5951324701309204,0.0009363620667976027
201,0.0011558813857845962,13.22413682937622,0.45592375099658966,0.0018995594000443816,21.732362747192383,0.1046624630689621,0.592958927154541,0.000935738884247068
202,0.00117117291665636,13.399083614349365,0.45530954003334045,0.001883614924736321,21.549945831298828,0.10479047149419785,0.5935642123222351,0.0009351128865382109
203,0.0011522419226821512,13.18249797821045,0.455207958817482,0.0019108917331323028,21.862009048461914,0.10412412136793137,0.5918143391609192,0.0009344840779615496
204,0.0011315011070109904,12.94520902633667,0.45324280858039856,0.0018756343051791191,21.458642959594727,0.10293744504451752,0.5884299874305725,0.0009338524628268676
205,0.0011359775671735406,12.996422290802002,0.45149943232536316,0.0018068754579871893,20.67198944091797,0.10250908881425858,0.5883886814117432,0.0009332180454631845
206,0.0011146143078804016,12.752009391784668,0.4526517242193222,0.0018490966176614165,21.155031204223633,0.10221470147371292,0.5877659320831299,0.0009325808302187257
207,0.0011116443783976138,12.718032836914062,0.45291265845298767,0.0018635798478499055,21.320728302001953,0.10101869702339172,0.5830837488174438,0.0009319408214608931
208,0.0010968667338602245,12.548964500427246,0.44894878566265106,0.0017946717562153935,20.53236961364746,0.09964621812105179,0.5798928141593933,0.0009312980235762353
209,0.0010923584050033242,12.497387886047363,0.44701261818408966,0.0017643150640651584,20.185068130493164,0.09903742372989655,0.5769919753074646,0.0009306524409704167
210,0.0010883367503993213,12.45137643814087,0.44611696898937225,0.0017681594472378492,20.229049682617188,0.09834453463554382,0.5737534761428833,0.0009300040780681884
211,0.0010749480570666492,12.29819917678833,0.44422316551208496,0.0017677682917565107,20.224573135375977,0.09790819883346558,0.5732599496841431,0.0009293529393133572
212,0.0010760117147583514,12.310369491577148,0.44614091515541077,0.0017970267217606306,20.559310913085938,0.09792550653219223,0.5755659341812134,0.000928699029168755
213,0.0010654370998963714,12.189387798309326,0.44394171237945557,0.0017708406085148454,20.259721755981445,0.0967036709189415,0.5724586248397827,0.000928042352116209
214,0.0010582707182038575,12.107397079467773,0.4434540420770645,0.0017405773978680372,19.913490295410156,0.09606466442346573,0.5695880651473999,0.00092738291265651
215,0.0010528303100727499,12.045156478881836,0.44057923555374146,0.001701583620160818,19.467374801635742,0.0947553887963295,0.5659929513931274,0.0009267207153093822
216,0.0010435136500746012,11.938567161560059,0.4395030736923218,0.0017810448771342635,20.3764705657959,0.09526409208774567,0.5672875642776489,0.0009260557646134519
217,0.0010409259994048625,11.908962726593018,0.4400748312473297,0.0017888095462694764,20.465299606323242,0.09478519856929779,0.5662695169448853,0.0009253880651262172
218,0.001037676353007555,11.871782779693604,0.4383944272994995,0.0016995785990729928,19.444435119628906,0.09268906712532043,0.560861349105835,0.0009247176214240154
219,0.0010328956122975796,11.817088603973389,0.4355970323085785,0.0016630652826279402,19.026695251464844,0.09131075441837311,0.5569521188735962,0.0009240444381019922
220,0.0010285385651513934,11.767239570617676,0.43436571955680847,0.0016888087848201394,19.32122039794922,0.09146750718355179,0.5567885041236877,0.0009233685197740714
221,0.00102081528166309,11.678879737854004,0.43445420265197754,0.0016912968130782247,19.34968376159668,0.09133157879114151,0.556024968624115,0.0009226898710729209
222,0.0010128295107278973,11.587517261505127,0.4341099411249161,0.0016881797928363085,19.314023971557617,0.0907517820596695,0.5551723837852478,0.0009220084966499233
223,0.0010108495771419257,11.564866065979004,0.4323504716157913,0.0016523029189556837,18.903568267822266,0.08884557336568832,0.550183117389679,0.0009213244011751424
224,0.001009760599117726,11.55240774154663,0.429637610912323,0.0016171929892152548,18.501880645751953,0.08798050880432129,0.548071026802063,0.000920637589337292
225,0.0010038580221589655,11.484877586364746,0.4293839931488037,0.0016205395804718137,18.540170669555664,0.08769652247428894,0.5476142168045044,0.0009199480658437039
226,0.0009906928171403706,11.334258556365967,0.42778943479061127,0.0016293011140078306,18.64040756225586,0.08736713975667953,0.5459847450256348,0.0009192558354202945
227,0.000990576110780239,11.332921981811523,0.42838452756404877,0.0016390073578804731,18.751453399658203,0.08698035776615143,0.5452334880828857,0.0009185609028115337
228,0.0009778907697182149,11.187792778015137,0.42600537836551666,0.001571410452015698,17.978097915649414,0.0851743146777153,0.5392401814460754,0.0009178632727804119
229,0.0009732429753057659,11.134618282318115,0.42366062104701996,0.001554165966808796,17.780805587768555,0.0843951404094696,0.5369027853012085,0.0009171629501084071
230,0.000968766282312572,11.083401679992676,0.4220629632472992,0.0015530927339568734,17.76852798461914,0.0829111635684967,0.5319961309432983,0.0009164599395954524
231,0.0009743607661221176,11.147407054901123,0.42523999512195587,0.0015556280268356204,17.79753303527832,0.08261939883232117,0.5330590009689331,0.0009157542460599035
232,0.0009573116258252412,10.952352523803711,0.41942906379699707,0.001540762954391539,17.627466201782227,0.08196599781513214,0.5298545360565186,0.0009150458743385046
233,0.0009549246460665017,10.925043106079102,0.41791144013404846,0.0015045279869809747,17.21291160583496,0.08078860491514206,0.5249112248420715,0.000914334829286356
234,0.0009549255482852459,10.92505407333374,0.4161052107810974,0.0015028591733425856,17.193817138671875,0.08008769154548645,0.5241963267326355,0.0009136211157768811
235,0.0009448936325497925,10.810279846191406,0.41441768407821655,0.0015350925968959928,17.562589645385742,0.07955105602741241,0.5220431685447693,0.0009129047387017925
236,0.0009551885013934225,10.928062438964844,0.4139869660139084,0.0014864897821098566,17.006540298461914,0.07885619252920151,0.5202398300170898,0.0009121857029710581
237,0.0009271271119359881,10.60701847076416,0.41221989691257477,0.0014111343771219254,16.144420623779297,0.07655894011259079,0.5144367814064026,0.0009114640135128688
238,0.0009364997677039355,10.714248180389404,0.40718507766723633,0.0014423186657950282,16.501188278198242,0.07528236508369446,0.5105719566345215,0.000910739675273603
239,0.0009320376848336309,10.66319990158081,0.4057855010032654,0.0014628063654527068,16.735586166381836,0.07532085478305817,0.5102185010910034,0.0009100126932177938
240,0.000936335331061855,10.712367534637451,0.40762603282928467,0.0015097107971087098,17.272207260131836,0.07709915190935135,0.5154755711555481,0.000909283072328095
241,0.0009338590898551047,10.68403673171997,0.4075241982936859,0.001387610798701644,15.875292778015137,0.07411807030439377,0.5061367750167847,0.0009085508176052465
242,0.0009186729148495942,10.510296821594238,0.40658576786518097,0.0014234735863283277,16.28558921813965,0.07341572642326355,0.5050058960914612,0.00090781593406804
243,0.0008997991681098938,10.294366836547852,0.40160730481147766,0.0014022362884134054,16.042619705200195,0.07161420583724976,0.49852174520492554,0.000907078426753285
244,0.000898151658475399,10.275517225265503,0.3990064561367035,0.0013401927426457405,15.332795143127441,0.07080473005771637,0.4960811734199524,0.0009063383007157744
245,0.000896498269867152,10.256601810455322,0.3980793207883835,0.0013407922815531492,15.339653015136719,0.07024328410625458,0.4942127466201782,0.0009055955610282487
246,0.000890722090844065,10.190519571304321,0.39531373977661133,0.0013417539885267615,15.350658416748047,0.06874927878379822,0.4884747862815857,0.000904850212781363
247,0.0008787322731222957,10.053346157073975,0.3942924737930298,0.001352793537080288,15.476958274841309,0.06856723129749298,0.4892437756061554,0.0009041022610836503
248,0.000879970786627382,10.06751537322998,0.3922189176082611,0.0013113439781591296,15.002745628356934,0.06681288033723831,0.4832705855369568,0.0009033517110614881
249,0.0008685696520842612,9.93707799911499,0.3914091885089874,0.0013276145327836275,15.188891410827637,0.06659767776727676,0.48284319043159485,0.0009025985678590621
250,0.0008589423086959869,9.826933860778809,0.3897479623556137,0.0013120867079123855,15.01124095916748,0.06571446359157562,0.4790284037590027,0.0009018428366383317
251,0.0008529338228981942,9.758193016052246,0.38708069920539856,0.0012664003297686577,14.488555908203125,0.06394840776920319,0.4727206230163574,0.0009010845225789934
252,0.0008660019957460463,9.907701969146729,0.38374240696430206,0.001226157764904201,14.028151512145996,0.06156906485557556,0.46366769075393677,0.0009003236308784478
253,0.0008535080996807665,9.764763355255127,0.37987707555294037,0.0012954538688063622,14.820947647094727,0.06246040016412735,0.4676585793495178,0.0008995601667517607
254,0.0008413860923610628,9.626078605651855,0.38160158693790436,0.0012557401787489653,14.366594314575195,0.06142854690551758,0.46446022391319275,0.0008987941354316301
255,0.0008326134993694723,9.525713682174683,0.3800305724143982,0.0012417560210451484,14.206605911254883,0.06099597364664078,0.4644511342048645,0.0008980255421683486
256,0.0008318408217746764,9.51687216758728,0.3779779374599457,0.0012343210401013494,14.121543884277344,0.05969316512346268,0.4596867263317108,0.0008972543922297687
257,0.0008256806468125433,9.446396827697754,0.37570318579673767,0.0011935282964259386,13.654845237731934,0.057818420231342316,0.4515741169452667,0.0008964806909012655
258,0.0008213724649976939,9.397107601165771,0.3719866871833801,0.0011642588069662452,13.319981575012207,0.057362135499715805,0.4498118758201599,0.0008957044434857014
259,0.0008127843029797077,9.298852920532227,0.3701580911874771,0.0011560827260836959,13.226441383361816,0.05657250061631203,0.4473331868648529,0.0008949256553033892
260,0.0008095794764813036,9.262187004089355,0.36964190006256104,0.0011738798348233104,13.4300537109375,0.05552307888865471,0.4440213739871979,0.0008941443316920559
261,0.000807621021522209,9.239781141281128,0.3670838922262192,0.0011525407899171114,13.185916900634766,0.054096393287181854,0.43899765610694885,0.0008933604780068062
262,0.0008056296792346984,9.21699857711792,0.36392536759376526,0.0011344720842316747,12.97919750213623,0.05338364094495773,0.4357314705848694,0.0008925740996200851
263,0.0007975070038810372,9.124069690704346,0.3611847311258316,0.0011116977548226714,12.718644142150879,0.05219714343547821,0.43097901344299316,0.0008917852019216424
264,0.0007877678144723177,9.012645721435547,0.3592929095029831,0.0011258277809247375,12.880301475524902,0.05182027071714401,0.4284825026988983,0.0008909937903184945
265,0.0007789598894305527,8.91187572479248,0.3579716682434082,0.0010882752249017358,12.450672149658203,0.05023036524653435,0.42184334993362427,0.000890199870234888
266,0.0007774682890158147,8.894811630249023,0.3588598966598511,0.0010988488793373108,12.57164478302002,0.04964742437005043,0.4213588833808899,0.0008894034471122621
267,0.0007672646024730057,8.77807354927063,0.35231994092464447,0.0010753599926829338,12.302911758422852,0.04769277200102806,0.4123799204826355,0.0008886045264092117
268,0.0007670895138289779,8.776071071624756,0.34857189655303955,0.0010836932342499495,12.398250579833984,0.04725665599107742,0.4106471836566925,0.0008878031136014499
269,0.0007604791899211705,8.700443029403687,0.3462662845849991,0.0010565954726189375,12.08823299407959,0.046076901257038116,0.40503746271133423,0.0008869992141817703
270,0.0007528566929977387,8.613236427307129,0.3442769944667816,0.0010846060467883945,12.408693313598633,0.04582029953598976,0.4044885039329529,0.0008861928336600095
271,0.0007467819377779961,8.543736457824707,0.3453640341758728,0.0010475650196895003,11.984916687011719,0.045007430016994476,0.4024540185928345,0.0008853839775630094
272,0.0007517015910707414,8.600021600723267,0.34092138707637787,0.0010505898389965296,12.019521713256836,0.043114110827445984,0.39325016736984253,0.000884572651434579
273,0.0007548155263066292,8.63564682006836,0.33754974603652954,0.0010473962174728513,11.982987403869629,0.042566634714603424,0.3908458948135376,0.0008837588608354571
274,0.0007437861640937626,8.509462833404541,0.3376080393791199,0.0010364106856286526,11.857303619384766,0.04264162480831146,0.39324355125427246,0.0008829426113432729
275,0.0007291499350685626,8.342013359069824,0.3362118601799011,0.0010119748767465353,11.577739715576172,0.04133503884077072,0.3868446946144104,0.0008821239085525091
276,0.0007214780780486763,8.254241228103638,0.3306606709957123,0.0010102000087499619,11.557435035705566,0.039794690907001495,0.37825047969818115,0.0008813027580744632
277,0.0007192368793766946,8.228601455688477,0.3276466876268387,0.0009770821779966354,11.17854118347168,0.038768425583839417,0.37377917766571045,0.0008804791655372085
278,0.0007182600675150752,8.217425346374512,0.324717178940773,0.0009759059175848961,11.165084838867188,0.038233548402786255,0.37209388613700867,0.0008796531365855559
279,0.00070689115091227,8.087356567382812,0.3239116668701172,0.000983174773864448,11.248247146606445,0.03732519596815109,0.367798388004303,0.0008788246768810155
280,0.0007049347914289683,8.064975023269653,0.32123206555843353,0.000988147919997573,11.30514144897461,0.036774057894945145,0.3646116554737091,0.0008779937921017574
281,0.0007033263391349465,8.0465726852417,0.32126690447330475,0.00098112178966403,11.22475814819336,0.036385428160429,0.3640912175178528,0.0008771604879425725
282,0.0006860521389171481,7.84894323348999,0.3193463534116745,0.0009416131069883704,10.772747993469238,0.03477291390299797,0.35565656423568726,0.0008763247701148346
283,0.0006867176271043718,7.856556177139282,0.31411802768707275,0.0009549886453896761,10.925775527954102,0.03301125019788742,0.3456729054450989,0.00087548664434646
284,0.0006872252561151981,7.862364292144775,0.30864326655864716,0.0009356876253150403,10.704957962036133,0.032368678599596024,0.34188950061798096,0.0008746461163818687
285,0.0006698979996144772,7.664127826690674,0.3073602765798569,0.0009742561378516257,11.146210670471191,0.03254016116261482,0.3428225517272949,0.0008738031919819456
286,0.0006721643439959735,7.690056800842285,0.30814558267593384,0.0009679472423158586,11.074031829833984,0.03207607567310333,0.3406505286693573,0.0008729578769239999
287,0.0006698755023535341,7.663870573043823,0.30544158816337585,0.0009331359760835767,10.675764083862305,0.03086121380329132,0.3344805836677551,0.0008721101770017265
288,0.0006715931813232601,7.68352198600769,0.3004974126815796,0.0008647484355606139,9.89336109161377,0.028890982270240784,0.32235825061798096,0.0008712600980251656
289,0.0006646171386819333,7.603710889816284,0.2963758409023285,0.0008876632200554013,10.155523300170898,0.02908114716410637,0.3247433304786682,0.0008704076458206632
290,0.0006565728108398616,7.511677980422974,0.29960593581199646,0.0009229388670064509,10.559103012084961,0.029445042833685875,0.32759058475494385,0.0008695528262308317
291,0.0006523691990878433,7.463584899902344,0.30127087235450745,0.0009086666395887733,10.395816802978516,0.02880009636282921,0.32429853081703186,0.0008686956451145084
292,0.0006464709003921598,7.396104335784912,0.30088895559310913,0.0008685144712217152,9.936448097229004,0.02710154466331005,0.31343531608581543,0.0008678361083467171
293,0.0006440740253310651,7.368682622909546,0.29136301577091217,0.0008705049986019731,9.959219932556152,0.026276221498847008,0.3076910376548767,0.0008669742218186262
294,0.0006502781470771879,7.439662456512451,0.2951904684305191,0.0009026523330248892,10.327009201049805,0.027138754725456238,0.31511062383651733,0.0008661099914375098
295,0.0006352965137921274,7.268261194229126,0.29329581558704376,0.0008720054174773395,9.976386070251465,0.025878015905618668,0.3064817190170288,0.0008652434231267059
296,0.0006304543057922274,7.212862730026245,0.2929655611515045,0.0008590514771640301,9.828182220458984,0.02521907165646553,0.302202045917511,0.0008643745228255767
297,0.0006185584352351725,7.076764822006226,0.2845040261745453,0.0008411525632254779,9.623407363891602,0.023713555186986923,0.2902034819126129,0.0008635032964894676
298,0.0006153225840535015,7.039745092391968,0.2802996337413788,0.0008246744982898235,9.434885025024414,0.022984199225902557,0.28505200147628784,0.0008626297500896666
299,0.0006137898890301585,7.022209405899048,0.28185002505779266,0.0008428574074059725,9.642910957336426,0.02304951846599579,0.286929726600647,0.0008617538896133625
300,0.0006115600699558854,6.996699333190918,0.27889230847358704,0.0008300816407427192,9.496747016906738,0.022427089512348175,0.2824462354183197,0.0008608757210636052
301,0.0006080343155190349,6.956361770629883,0.27734681218862534,0.0008538220426999032,9.768353462219238,0.022072717547416687,0.27955538034439087,0.0008599952504592636
302,0.0006046400230843574,6.917528390884399,0.27629098296165466,0.0008402909152209759,9.61354923248291,0.02187023125588894,0.2789424657821655,0.0008591124838349845
303,0.0005955678643658757,6.813736438751221,0.2754155695438385,0.0008082871790975332,9.24740219116211,0.020906461402773857,0.2708542048931122,0.0008582274272411517
304,0.0005974392406642437,6.835146188735962,0.271860770881176,0.0008407737477682531,9.619071960449219,0.020579900592565536,0.2685197591781616,0.0008573400867438438
305,0.0005965808086330071,6.82532525062561,0.27092137932777405,0.0008119401172734797,9.289194107055664,0.019865281879901886,0.26231545209884644,0.0008564504684247932
306,0.0005922567652305588,6.77585506439209,0.26781734824180603,0.0008316076709888875,9.514204978942871,0.019448306411504745,0.2589704990386963,0.0008555585783813443
307,0.0005823571118526161,6.662595272064209,0.26473820954561234,0.0008269535610452294,9.460960388183594,0.01892465353012085,0.2541921138763428,0.0008546644227264119
308,0.0005793296149931848,6.6279590129852295,0.2622395306825638,0.0008282759808935225,9.476088523864746,0.01849670521914959,0.25033777952194214,0.0008537680075884382
309,0.000575677608139813,6.586177110671997,0.26228155940771103,0.0008196366834454238,9.377248764038086,0.018438976258039474,0.2504042983055115,0.0008528693391113527
310,0.0005728367978008464,6.553676128387451,0.26232263445854187,0.0007950701401568949,9.096189498901367,0.017908331006765366,0.24520650506019592,0.0008519684234545282
311,0.0005736901657655835,6.563438892364502,0.2587876468896866,0.0008058232488110662,9.219212532043457,0.017298057675361633,0.23910585045814514,0.0008510652667927398
312,0.0005741903732996434,6.569161891937256,0.25454117357730865,0.0008346233516931534,9.548707008361816,0.01694001629948616,0.23570285737514496,0.0008501598753161223
313,0.0005748327821493149,6.57651162147522,0.25520186126232147,0.0008580221910960972,9.816408157348633,0.01715603843331337,0.2390427589416504,0.0008492522552301272
314,0.0005698994937120005,6.520071029663086,0.2561400532722473,0.000792967970483005,9.072138786315918,0.016604868695139885,0.23273563385009766,0.0008483424127554811
315,0.0005773507000412792,6.605318307876587,0.25367725640535355,0.0008107139728963375,9.275167465209961,0.016346370801329613,0.230592280626297,0.0008474303541281425
316,0.0005721125344280154,6.545389413833618,0.2506600096821785,0.0008229644736275077,9.41532039642334,0.01595420017838478,0.22605949640274048,0.000846516085599259
317,0.0005778861523140222,6.611444473266602,0.24821977317333221,0.0008483318379148841,9.705541610717773,0.016023043543100357,0.22799190878868103,0.0008455996134351248
318,0.0005808726855320856,6.645612955093384,0.24875275790691376,0.0008141116704791784,9.314038276672363,0.015337011776864529,0.2189660668373108,0.0008446809439171374
319,0.0005691327387467027,6.511298894882202,0.24384020268917084,0.0007832106784917414,8.960508346557617,0.015100061893463135,0.21656692028045654,0.0008437600833417549
320,0.000569658848689869,6.517318248748779,0.24860602617263794,0.0007783711771480739,8.90514087677002,0.015540864318609238,0.2230706512928009,0.0008428370380204527
321,0.0005647584184771404,6.461253881454468,0.251173660159111,0.0008281397167593241,9.474530220031738,0.0157550647854805,0.2257983684539795,0.0008419118142796799
322,0.0005734466249123216,6.5606536865234375,0.24753104895353317,0.0007257023244164884,8.302570343017578,0.014828205108642578,0.2134053111076355,0.0008409844184608164
323,0.0005606018821708858,6.413699388504028,0.240846149623394,0.0007498695631511509,8.579062461853027,0.014104338362812996,0.2035171538591385,0.0008400548569201295
324,0.0005568717897403985,6.371024131774902,0.2363574355840683,0.0007579578668810427,8.67159652709961,0.013801230117678642,0.19849567115306854,0.0008391231360287296
325,0.0005478327511809766,6.267611265182495,0.23729562014341354,0.0007754528778605163,8.871753692626953,0.01564982533454895,0.22463154792785645,0.0008381892621725278
326,0.0005545396124944091,6.344342470169067,0.25131580233573914,0.0007541017257608473,8.627480506896973,0.015579015016555786,0.22291818261146545,0.0008372532417521906
327,0.0005478703533299267,6.268041372299194,0.24622848629951477,0.0007222374551929533,8.262929916381836,0.014482509344816208,0.20913997292518616,0.0008363150811830972
328,0.0005453982448671013,6.2397589683532715,0.2363382950425148,0.0007015758892521262,8.026545524597168,0.013231121003627777,0.1898510456085205,0.0008353747868952953
329,0.0005454951169667765,6.240866661071777,0.23143690824508667,0.0007332360255531967,8.388760566711426,0.0130436010658741,0.18649712204933167,0.0008344323653334563
330,0.0005670215177815408,6.487144470214844,0.24311473965644836,0.000768793688621372,8.795567512512207,0.014493200927972794,0.2099701315164566,0.0008334878229568325
331,0.0005458861996885389,6.2453413009643555,0.2394680604338646,0.000709552492480725,8.117804527282715,0.01403915137052536,0.2022169530391693,0.0008325411662392112
332,0.0005453996855067089,6.23977518081665,0.23516736179590225,0.0006965972715988755,7.969587802886963,0.013294275850057602,0.18889720737934113,0.0008315924016688717
333,0.0005877395888091996,6.724174737930298,0.22887654602527618,0.0008403055253438652,9.613715171813965,0.013255344703793526,0.1886487901210785,0.0008306415357485403
334,0.0006060174782760441,6.933287620544434,0.2316916435956955,0.0008039222448132932,9.197464942932129,0.013370178639888763,0.1925741583108902,0.0008296885749953453
335,0.0006629366253037006,7.584484815597534,0.23516376316547394,0.0010657316306605935,12.192755699157715,0.014460939913988113,0.20961111783981323,0.000828733525940773
336,0.0009376909292768687,10.727876424789429,0.23978833854198456,0.0012429761700332165,14.220565795898438,0.013000836595892906,0.18175211548805237,0.0008277763951306229
337,0.001188567082863301,13.598085880279541,0.23017369210720062,0.00118729576934129,13.583540916442871,0.01321188174188137,0.18681100010871887,0.0008268171891249622
338,0.001450578885851428,16.59569549560547,0.23144202679395676,0.001456078258343041,16.658611297607422,0.01398799940943718,0.19828248023986816,0.0008258559144980815
339,0.001832606561947614,20.966371059417725,0.23941801488399506,0.0010517429327592254,12.032715797424316,0.014772243797779083,0.21187545359134674,0.0008248925778384496
340,0.0013734620006289333,15.713420391082764,0.24673012644052505,0.0007616872899234295,8.714265823364258,0.013599291443824768,0.19383005797863007,0.0008239271857486681
341,0.0011405434051994234,13.048657655715942,0.23268643766641617,0.0009928039507940412,11.35840892791748,0.01287647895514965,0.1801818162202835,0.0008229597448454262
342,0.0009054666443262249,10.359207153320312,0.23508016765117645,0.001202032552100718,13.752138137817383,0.013194264844059944,0.19023722410202026,0.0008219902617594552
343,0.0006764289282727987,7.73884654045105,0.2283756285905838,0.0009336948860436678,10.682157516479492,0.012178313918411732,0.1652771383523941,0.0008210187431354841
344,0.0007149224984459579,8.179240465164185,0.22778062522411346,0.0009830662747845054,11.247003555297852,0.012456675991415977,0.1715027391910553,0.0008200451956321928
345,0.0006672533054370433,7.633870363235474,0.2256762459874153,0.0008170646033249795,9.347821235656738,0.013988896273076534,0.1983386129140854,0.0008190696259221665
346,0.0006417057156795636,7.341587066650391,0.2448737546801567,0.0007260336424224079,8.306360244750977,0.015040983445942402,0.21370577812194824,0.000818092040691851
347,0.0005863290571141988,6.708037376403809,0.25264178216457367,0.0007117586792446673,8.143044471740723,0.014180266298353672,0.20007643103599548,0.0008171124466415059
348,0.0005467247246997431,6.254934787750244,0.230946883559227,0.0006383081199601293,7.30271577835083,0.012177067808806896,0.16221362352371216,0.0008161308504851593
349,0.0005354396998882294,6.125825881958008,0.22429491579532623,0.000682282610796392,7.805817127227783,0.012070897035300732,0.16208340227603912,0.0008151472589505611
350,0.0005525178712559864,6.32121205329895,0.22453299164772034,0.0006595665472559631,7.545928001403809,0.012316063046455383,0.16702841222286224,0.0008141616787791377
351,0.0005417693464551121,6.1982409954071045,0.22440000623464584,0.0007227153982967138,8.26839828491211,0.013767676427960396,0.19412770867347717,0.0008131741167259453
352,0.0005401503440225497,6.179718732833862,0.24929368495941162,0.0006927901413291693,7.926031112670898,0.015575665980577469,0.21780285239219666,0.0008121845795596236
353,0.00055573349527549,6.358000993728638,0.2485949844121933,0.0006437112460844219,7.364532470703125,0.013179266825318336,0.18062055110931396,0.0008111930740623492
354,0.0005519064434338361,6.3142170906066895,0.22523926943540573,0.000641128106508404,7.3349785804748535,0.012468503788113594,0.16797901690006256,0.0008101996070297903
355,0.0005395480256993324,6.17282772064209,0.22609738260507584,0.0007047384278848767,8.062726974487305,0.013340642675757408,0.186324343085289,0.0008092041852710587
356,0.0005321304633980617,6.087965965270996,0.23410090804100037,0.0007775599951855838,8.89586067199707,0.013013150542974472,0.17950323224067688,0.0008082068156086631
357,0.000574401841731742,6.571581602096558,0.2247561365365982,0.0006952995317988098,7.954739570617676,0.012268902733922005,0.16000120341777802,0.0008072075048784639
358,0.0005783675733255222,6.616952538490295,0.2261006310582161,0.0007686626049689949,8.7940673828125,0.012942789122462273,0.17570389807224274,0.0008062062599296249
359,0.0005925096920691431,6.7787487506866455,0.2288445681333542,0.000711148779373616,8.136066436767578,0.013155798427760601,0.18038417398929596,0.0008052030876245668
360,0.0005718245229218155,6.542094469070435,0.22672048956155777,0.0006861103465780616,7.849608898162842,0.01296113058924675,0.17620056867599487,0.0008041979948389203
361,0.0005535699310712516,6.333248853683472,0.22660329192876816,0.0006158534670248628,7.045818328857422,0.012817181646823883,0.17009174823760986,0.0008031909884614789
362,0.0005459448002511635,6.24601149559021,0.22676867246627808,0.0006302391411736608,7.210400581359863,0.013798480853438377,0.18606114387512207,0.0008021820753941513
363,0.0005252854316495359,6.009653091430664,0.2346034273505211,0.0007802338805049658,8.926451683044434,0.01425354927778244,0.1954168975353241,0.000801171262551915
364,0.0005457377119455487,6.243642091751099,0.235446497797966,0.0007720432477071881,8.832744598388672,0.013501664623618126,0.18349266052246094,0.000800158556862768
365,0.0005400552763603628,6.178630590438843,0.22833122313022614,0.0007531637675128877,8.61674976348877,0.01274125836789608,0.17170216143131256,0.0007991439652676816
366,0.0005624972254736349,6.4353837966918945,0.22401831299066544,0.000629089423455298,7.197247505187988,0.012334696017205715,0.16286230087280273,0.000798127494720553
367,0.0005730430566472933,6.55603551864624,0.2238694280385971,0.0006111326511017978,6.991809368133545,0.013082033954560757,0.17294006049633026,0.0007971091521881574
368,0.0005625381454592571,6.435851812362671,0.22838743031024933,0.0006425951141864061,7.351762294769287,0.013887722045183182,0.18675681948661804,0.0007960889446501008
369,0.0005311119166435674,6.07631254196167,0.23689460009336472,0.0006943034823052585,7.943344593048096,0.014363800175487995,0.19524995982646942,0.000795066879098771
370,0.0005066728335805237,5.796711444854736,0.23652664572000504,0.0006626129616051912,7.580781936645508,0.013661992736160755,0.18404336273670197,0.0007940429625392913
371,0.0005008219886804,5.729773759841919,0.22691380232572556,0.0006150167901068926,7.036246299743652,0.01283259503543377,0.17017510533332825,0.000793017201989471
372,0.0005002108227927238,5.72278094291687,0.22481894493103027,0.0006440515862777829,7.368425369262695,0.012949498370289803,0.17187118530273438,0.0007919896044797579
373,0.0004956274933647364,5.670344829559326,0.22831156849861145,0.0006400893325917423,7.323094844818115,0.01358703337609768,0.1798393726348877,0.0007909601770531903
374,0.0005030906177125871,5.755728006362915,0.23107916861772537,0.0006598469335585833,7.549135684967041,0.01380318496376276,0.18354187905788422,0.0007899289267653487
375,0.00050411194388289,5.767413139343262,0.22982992231845856,0.0006270170561037958,7.1735382080078125,0.013229654170572758,0.17666564881801605,0.0007888958606843069
376,0.0005045138823334128,5.772011160850525,0.22522658854722977,0.0006182529614306986,7.073269844055176,0.012820692732930183,0.17120030522346497,0.0007878609858905844
377,0.000495376851176843,5.667477130889893,0.22575972974300385,0.0006308084703050554,7.216914653778076,0.0132066048681736,0.17545682191848755,0.0007868243094770969
378,0.0004945661930833012,5.658202171325684,0.22938819229602814,0.0006494696717709303,7.430413246154785,0.013724271208047867,0.1820322573184967,0.0007857858385491085
379,0.0004855333245359361,5.554859638214111,0.22921253740787506,0.00064126803772524,7.3365797996521,0.013480249792337418,0.17841801047325134,0.0007847455802241828
380,0.0004862710484303534,5.5632994174957275,0.22850987315177917,0.0006311701145023108,7.2210516929626465,0.013484226539731026,0.1786135733127594,0.0007837035416321337
381,0.0004875306476606056,5.5777106285095215,0.22744841873645782,0.0006661592051386833,7.621353626251221,0.013270225375890732,0.17670103907585144,0.0007826597299149774
382,0.00048820134543348104,5.585383892059326,0.22934484481811523,0.000650149246212095,7.438187122344971,0.013721028342843056,0.1817539930343628,0.0007816141522268821
383,0.00048249762039631605,5.520128965377808,0.2291170209646225,0.0006257006316445768,7.158477306365967,0.013622963801026344,0.18076163530349731,0.0007805668157341204
384,0.0004823906347155571,5.5189049243927,0.22890275716781616,0.0006029093055985868,6.897727966308594,0.013620605692267418,0.18019334971904755,0.0007795177276150193
385,0.00047528553113806993,5.437617301940918,0.2296597808599472,0.0006349837640300393,7.264682769775391,0.013693544082343578,0.18149694800376892,0.0007784668950599113
386,0.00047498749336227775,5.434207201004028,0.22877925634384155,0.0006151181878522038,7.037405967712402,0.013396990485489368,0.17826268076896667,0.0007774143252710853
387,0.0004732052912004292,5.413818120956421,0.22746358811855316,0.0006074119592085481,6.949241638183594,0.013522360473871231,0.179698646068573,0.0007763600254627364
388,0.0004717444389825687,5.397104620933533,0.2279699593782425,0.000626886438112706,7.172043323516846,0.013764294795691967,0.18253231048583984,0.0007753040028609179
389,0.000483290379634127,5.529198884963989,0.23892875015735626,0.0006440082215704024,7.367929458618164,0.014853915199637413,0.19386281073093414,0.00077424626470349
390,0.0004754637775477022,5.439656972885132,0.23667901754379272,0.0006002121954225004,6.866871356964111,0.0135158970952034,0.17901113629341125,0.0007731868182400717
391,0.00047336901479866356,5.4156904220581055,0.2281726449728012,0.0005856381030753255,6.700132369995117,0.013231653720140457,0.17594686150550842,0.0007721256707319907
392,0.00047383387573063374,5.421009302139282,0.22654825448989868,0.0006152510177344084,7.038926601409912,0.013088071718811989,0.17486143112182617,0.0007710628294522329
393,0.0004733004898298532,5.414906978607178,0.22602231800556183,0.0006556076696142554,7.500636100769043,0.013578926213085651,0.18067771196365356,0.0007699983016853936
394,0.0004706632753368467,5.384735107421875,0.22833985090255737,0.0006099975435063243,6.978823184967041,0.013769300654530525,0.18210402131080627,0.000768932094727627
395,0.00047535105841234326,5.4383673667907715,0.22973216325044632,0.0005946180899627507,6.802870750427246,0.013799691572785378,0.18184849619865417,0.0007678642158865958
396,0.0004805079515790567,5.497365474700928,0.23064568638801575,0.000633998541161418,7.253412246704102,0.013294972479343414,0.1767176389694214,0.0007667946724814224
397,0.00047175181680358946,5.397189140319824,0.2264203131198883,0.0006653440650552511,7.612027645111084,0.014211108908057213,0.187566339969635,0.0007657234718426375
398,0.0004761544696521014,5.447558879852295,0.23321573436260223,0.0006348111783154309,7.262707710266113,0.013604436069726944,0.18118709325790405,0.0007646506213121302
399,0.00046935353020671755,5.3697510957717896,0.22758453339338303,0.0005925993900746107,6.779774188995361,0.012973279692232609,0.17451192438602448,0.0007635761282430981
400,0.0004750916559714824,5.435399532318115,0.22571267187595367,0.0005924508441239595,6.778075218200684,0.013619355857372284,0.18027591705322266,0.0007624999999999961
401,0.00046690898307133466,5.341783761978149,0.22968073189258575,0.0006237280904315412,7.135910511016846,0.014595923945307732,0.19043147563934326,0.000761422243958487
402,0.0004834224237129092,5.530709505081177,0.24508514255285263,0.0006512312684208155,7.45056676864624,0.014922305941581726,0.1954900324344635,0.0007603428675053898
403,0.0004694943781942129,5.3713624477386475,0.23346703499555588,0.0006044486071914434,6.915339469909668,0.013447274453938007,0.179121732711792,0.0007592618780386299
404,0.00046572960854973644,5.328290939331055,0.22653090953826904,0.0005770287243649364,6.601634979248047,0.013149721547961235,0.17623302340507507,0.0007581792829671881
405,0.0004708886262960732,5.387313365936279,0.22718305885791779,0.0005966449971310794,6.826059818267822,0.013901669532060623,0.18272851407527924,0.0007570950897110498
406,0.0004667901375796646,5.340424060821533,0.23104112595319748,0.0006246950943022966,7.146973133087158,0.01426831167191267,0.1873774230480194,0.0007560093057011541
407,0.000463211938040331,5.2994866371154785,0.23123527318239212,0.0006019113934598863,6.886311054229736,0.013427776284515858,0.17925329506397247,0.0007549219383793432
408,0.00046496001596096903,5.319486141204834,0.23018836975097656,0.0005833726027049124,6.67421293258667,0.013066806830465794,0.17586281895637512,0.0007538329951983108
409,0.00046141090570017695,5.278881549835205,0.22890132665634155,0.0006105746142566204,6.985423564910889,0.014055592939257622,0.18467232584953308,0.0007527424836215516
410,0.0004679289413616061,5.353452444076538,0.23497439920902252,0.0006125136278569698,7.007608890533447,0.013982498086988926,0.18382352590560913,0.0007516504111233101
411,0.00046599061170127243,5.3312766551971436,0.23090332001447678,0.0006314617930911481,7.224390029907227,0.014173449948430061,0.18689242005348206,0.0007505567851885283
412,0.0004586089344229549,5.2468249797821045,0.23181764781475067,0.0006199312047101557,7.092470645904541,0.01386198215186596,0.18354158103466034,0.0007494616133127967
413,0.00045606169442180544,5.217682719230652,0.23054534941911697,0.0006135047879070044,7.018947601318359,0.013835296966135502,0.18295976519584656,0.0007483649030023002
414,0.0004544653929769993,5.199419617652893,0.22973734885454178,0.0005946960882283747,6.803761959075928,0.01368875615298748,0.18126365542411804,0.0007472666617737685
415,0.0004580642853397876,5.240593433380127,0.22704878449440002,0.0005887167062610388,6.735354900360107,0.01343438308686018,0.17915236949920654,0.000746166897154424
416,0.00046238224604167044,5.289994597434998,0.23362946510314941,0.0006176761817187071,7.066672325134277,0.014333346858620644,0.1881476193666458,0.0007450656166819305
417,0.0004570024029817432,5.228445291519165,0.2341616302728653,0.0006053345859982073,6.925474166870117,0.014105549082159996,0.18551422655582428,0.0007439628279043408
418,0.0004521476512309164,5.172903060913086,0.23010451346635818,0.0005851923488080502,6.695032119750977,0.013347169384360313,0.1789209395647049,0.0007428585383800457
419,0.00045485934242606163,5.203927040100098,0.22633912414312363,0.000582137843593955,6.6600871086120605,0.013439539819955826,0.17955869436264038,0.0007417527556777223
420,0.00045412188046611845,5.195489764213562,0.22717958688735962,0.0006048868526704609,6.920351505279541,0.013798684813082218,0.18289753794670105,0.0007406454873762809
421,0.00045051859342493117,5.154265403747559,0.22946049273014069,0.0006091933464631438,6.969621181488037,0.014136824756860733,0.18624120950698853,0.0007395367410648148
422,0.00046309603203553706,5.298160552978516,0.23318597674369812,0.0006160049815662205,7.04755163192749,0.014455469325184822,0.189467191696167,0.000738426524342547
423,0.00045468345342669636,5.201914310455322,0.23265670239925385,0.0005723444628529251,6.548043251037598,0.013757983222603798,0.1820591688156128,0.0007373148448187787
424,0.00045323336962610483,5.18532395362854,0.22946754097938538,0.0005851801834069192,6.694893836975098,0.013757781125605106,0.18213197588920593,0.0007362017101128366
425,0.00045380022493191063,5.191810131072998,0.23268680274486542,0.0005999600980430841,6.863985538482666,0.013889855705201626,0.1833851933479309,0.0007350871278540218
426,0.000451394502306357,5.1642866134643555,0.22917946428060532,0.0005891051841899753,6.739798545837402,0.013408472761511803,0.17939653992652893,0.0007339711056815558
427,0.0004669211484724656,5.341922640800476,0.22798487544059753,0.0006071894313208759,6.9466962814331055,0.013665720820426941,0.18174582719802856,0.0007328536512445299
428,0.00046755190123803914,5.349139451980591,0.22993513941764832,0.0006075682467781007,6.951029300689697,0.014419171027839184,0.18890780210494995,0.0007317347722018518
429,0.0004565250565065071,5.2229835987091064,0.23451055586338043,0.000580937834456563,6.646358013153076,0.014189699664711952,0.18606960773468018,0.0007306144762221927
430,0.0004478345363168046,5.123557806015015,0.22948335111141205,0.0005633887485601008,6.445582866668701,0.013512483797967434,0.18065860867500305,0.0007294927709839364
431,0.0004487183759920299,5.133669495582581,0.22982850670814514,0.0005975791718810797,6.836747169494629,0.013736534863710403,0.18234264850616455,0.0007283696641751246
432,0.00044963105756323785,5.144111275672913,0.22928007692098618,0.0005914406501688063,6.766517639160156,0.013544256798923016,0.18088023364543915,0.0007272451634934057
433,0.00045086526370141655,5.158231496810913,0.22904152423143387,0.0006127111846581101,7.009868621826172,0.014231574721634388,0.18755972385406494,0.0007261192766459815
434,0.00045331288129091263,5.186233997344971,0.22993439435958862,0.0005609621875919402,6.417821407318115,0.013658883050084114,0.18201643228530884,0.0007249920113495545
435,0.0004416541778482497,5.052849769592285,0.22865723073482513,0.0005804706597700715,6.641013145446777,0.014292576350271702,0.18713903427124023,0.0007238633753302745
436,0.0004428718821145594,5.066781044006348,0.23185968399047852,0.0005916320951655507,6.768707752227783,0.014195038937032223,0.1863413006067276,0.0007227333763236868
437,0.00044611153134610504,5.1038453578948975,0.23413221538066864,0.0005822512321174145,6.661383628845215,0.013987641781568527,0.18464156985282898,0.0007216020220746778
438,0.000448357590357773,5.129541873931885,0.22761335223913193,0.0005562900914810598,6.3643693923950195,0.01321546919643879,0.1793573796749115,0.0007204693203374228
439,0.00044160654942970723,5.052304983139038,0.22703436762094498,0.0005921373958699405,6.774489879608154,0.01399319153279066,0.18462669849395752,0.000719335278875333
440,0.00045799942745361477,5.239852070808411,0.2404567003250122,0.0006267706630751491,7.170719146728516,0.015401563607156277,0.19849130511283875,0.0007181999054610013
441,0.0004470794228836894,5.1149187088012695,0.2360449582338333,0.0005639976006932557,6.452548980712891,0.01376129500567913,0.18291601538658142,0.0007170632078761502
442,0.0004461057542357594,5.103779315948486,0.22860123217105865,0.0005499996477738023,6.2924017906188965,0.013665950857102871,0.18242698907852173,0.0007159251939115774
443,0.00045593043614644557,5.216180920600891,0.22964772582054138,0.0005537480465136468,6.335286617279053,0.013265302404761314,0.1796756237745285,0.0007147858713671033
444,0.00044025364331901073,5.036826848983765,0.22657766193151474,0.0005974149098619819,6.834867477416992,0.014536958187818527,0.18961548805236816,0.000713645248051517
445,0.00044859857007395476,5.132299184799194,0.24209262430667877,0.0006170197739265859,7.059162616729736,0.015637671574950218,0.20067469775676727,0.0007125033317825232
446,0.0004596859362209216,5.259146690368652,0.24708838015794754,0.0006111423135735095,6.99191951751709,0.014582548290491104,0.190775066614151,0.0007113601303866878
447,0.0004573214246192947,5.232094764709473,0.23236382752656937,0.0005449713207781315,6.234874725341797,0.01272937934845686,0.1760476976633072,0.0007102156516993857
448,0.00045151275116950274,5.165639400482178,0.22375129163265228,0.0005547715118154883,6.3469953536987305,0.013106780126690865,0.17873220145702362,0.000709069903564745
449,0.0004474867891985923,5.119578957557678,0.22608666867017746,0.0005719204200431705,6.543191909790039,0.014275473542511463,0.18680225312709808,0.0007079228938355956
450,0.000456557419965975,5.223353862762451,0.23848722875118256,0.0005958576803095639,6.817051410675049,0.015406923368573189,0.19868487119674683,0.0007067746303734138
451,0.00045480081462301314,5.203257083892822,0.24710152298212051,0.0005864166305400431,6.709039688110352,0.01479211077094078,0.192655548453331,0.0007056251210482685
452,0.0004402828635647893,5.037160873413086,0.2328558787703514,0.0005648151272907853,6.461902141571045,0.013313098810613155,0.1798035353422165,0.0007044743737387681
453,0.0004523323441389948,5.175015687942505,0.22454509139060974,0.0005253999843262136,6.0109639167785645,0.012780394405126572,0.17695686221122742,0.0007033223963320057
454,0.0004455784655874595,5.0977463722229,0.22459284961223602,0.0005664932541549206,6.481101989746094,0.013725644908845425,0.18277037143707275,0.0007021691967235054
455,0.0004475148016354069,5.1198999881744385,0.23179499059915543,0.0005675238789990544,6.492891788482666,0.01483272947371006,0.19245749711990356,0.0007010147828171683
456,0.00045155246334616095,5.166093707084656,0.23564481735229492,0.0005714130238629878,6.537386417388916,0.013823889195919037,0.18326157331466675,0.0006998591625252183
457,0.00044328813964966685,5.07154393196106,0.22946132719516754,0.0006036570994183421,6.906283855438232,0.01478132326155901,0.19269362092018127,0.0006987023437681469
458,0.0004457758041098714,5.1000049114227295,0.23863691091537476,0.0006304876296781003,7.2132439613342285,0.015024037100374699,0.19551390409469604,0.0006975443344746609
459,0.00044550118036568165,5.096862077713013,0.23979827761650085,0.0005868940497748554,6.71450138092041,0.014309795573353767,0.18759387731552124,0.000696385142581626
460,0.00043670817103702575,4.996264338493347,0.23083794116973877,0.0005090090562589467,5.823439121246338,0.013320542871952057,0.18165668845176697,0.0006952247760340137
461,0.0004421056364662945,5.058014869689941,0.22733933478593826,0.0005219246377237141,5.971202850341797,0.01390183437615633,0.18502458930015564,0.0006940632427848466
462,0.0004409519169712439,5.044816017150879,0.2306678667664528,0.0005518661346286535,6.313755989074707,0.014535666443407536,0.18952955305576324,0.0006929005507951433
463,0.000438766714069061,5.019814968109131,0.23258420825004578,0.0005811244482174516,6.648492813110352,0.014299701899290085,0.1877031922340393,0.0006917367080338646
464,0.00043417574488557875,4.9672911167144775,0.23166347295045853,0.0005787740810774267,6.621603012084961,0.01412195060402155,0.18607696890830994,0.0006905717224778584
465,0.00043927245133090764,5.025601267814636,0.23018867522478104,0.0005398325738497078,6.176083564758301,0.013804293237626553,0.1841193288564682,0.0006894056021118053
466,0.00043850188376381993,5.016785502433777,0.23128177225589752,0.0005270490073598921,6.029829025268555,0.013526761904358864,0.18324191868305206,0.0006882383549281639
467,0.00043640011426759884,4.9927390813827515,0.22727550566196442,0.0005296557210385799,6.059652328491211,0.014167629182338715,0.18668138980865479,0.0006870699889271154
468,0.00042976453551091254,4.916823625564575,0.23065397143363953,0.0005540068377740681,6.338246822357178,0.01464459765702486,0.19056493043899536,0.0006859005121165097
469,0.00042981906153727323,4.917447566986084,0.2337169498205185,0.0005892023909837008,6.740910530090332,0.014960888773202896,0.1936625838279724,0.0006847299325118098
470,0.00043264076521154493,4.949729919433594,0.237412728369236,0.0005608345381915569,6.416361331939697,0.014877431094646454,0.19273753464221954,0.0006835582581360373
471,0.00042597641004249454,4.87348484992981,0.2327578291296959,0.000521760550327599,5.969326019287109,0.013959590345621109,0.18562525510787964,0.0006823854970197172
472,0.0004298453131923452,4.917747497558594,0.22991792112588882,0.0005164796020835638,5.908908367156982,0.01376660168170929,0.18447330594062805,0.0006812116572008231
473,0.0004262555739842355,4.876678466796875,0.22775547206401825,0.0005167495110072196,5.911996364593506,0.01368776336312294,0.1845548003911972,0.0006800367467247214
474,0.00042919686529785395,4.9103288650512695,0.22954455018043518,0.0005479548126459122,6.269008159637451,0.014575755223631859,0.1897384226322174,0.0006788607736441172
475,0.0004274228267604485,4.890032887458801,0.23245464265346527,0.0005372492596507072,6.146528720855713,0.014510385692119598,0.1895027756690979,0.0006776837460189979
476,0.0004256841930327937,4.870141267776489,0.23380950093269348,0.0005434768390841782,6.217776775360107,0.014673015102744102,0.1911076009273529,0.0006765056719165794
477,0.0004243855073582381,4.855283498764038,0.23350484669208527,0.000524060451425612,5.995638847351074,0.014084123075008392,0.18682201206684113,0.0006753265594112496
478,0.00042082619620487094,4.814562559127808,0.23043309152126312,0.0005252788541838527,6.009578704833984,0.013977326452732086,0.1864907443523407,0.0006741464165845136
479,0.00042105786269530654,4.81721293926239,0.23108931630849838,0.0005220070597715676,5.972146987915039,0.014200037345290184,0.18765240907669067,0.0006729652515249381
480,0.00042578973807394505,4.871349096298218,0.22846055775880814,0.0005027991137467325,5.752392768859863,0.013980278745293617,0.1867048591375351,0.0006717830723280962
481,0.0004208789177937433,4.815165996551514,0.23243002593517303,0.0005163116147741675,5.906986713409424,0.014670120552182198,0.19065585732460022,0.0006705998870965119
482,0.0004206143494229764,4.81213903427124,0.2319285273551941,0.0005246367654763162,6.002232074737549,0.014244109392166138,0.18793907761573792,0.0006694157039396041
483,0.00041920073272194713,4.795966148376465,0.23107457906007767,0.0005193090764805675,5.941279411315918,0.01439496036618948,0.18875546753406525,0.0006682305309736318
484,0.00042093551019206643,4.815812945365906,0.23403648287057877,0.0005190816591493785,5.9386773109436035,0.014541486278176308,0.19009248912334442,0.0006670443763216375
485,0.00041798183519858867,4.782020568847656,0.23430417478084564,0.0005006717401556671,5.728054046630859,0.013913463801145554,0.18710686266422272,0.0006658572481133926
486,0.0004188421880826354,4.791863918304443,0.2292989194393158,0.0005058540846221149,5.787343502044678,0.014431487768888474,0.18953506648540497,0.0006646691544853408
487,0.00041702754970174283,4.7711029052734375,0.23211855441331863,0.0005095019587315619,5.829078674316406,0.014444984495639801,0.18931305408477783,0.0006634801035805428
488,0.00041594762296881527,4.7587480545043945,0.23268379271030426,0.0005221962346695364,5.974310398101807,0.014498094096779823,0.18978333473205566,0.0006622901035486204
489,0.00041378691093996167,4.734027862548828,0.23228470981121063,0.0005084773292765021,5.817355632781982,0.014292914420366287,0.1889665722846985,0.0006610991625457006
490,0.0004167994629824534,4.768493890762329,0.2330571711063385,0.0005005191778764129,5.726308822631836,0.014414997771382332,0.18985506892204285,0.0006599072887343597
491,0.00041576319199521095,4.756637811660767,0.2304600179195404,0.000501024245750159,5.7320876121521,0.01400880515575409,0.1880454272031784,0.0006587144902835672
492,0.00041383779898751527,4.734610080718994,0.22976304590702057,0.0004963314859196544,5.678398609161377,0.014324693009257317,0.18975567817687988,0.0006575207753686304
493,0.0004144511913182214,4.74162745475769,0.23085705190896988,0.000506573123857379,5.795570373535156,0.014625540003180504,0.19130003452301025,0.0006563261521711373
494,0.00041983310075011104,4.803200602531433,0.23418155312538147,0.0005248594097793102,6.00477933883667,0.014940394088625908,0.19320479035377502,0.0006551306288789019
495,0.0004172583285253495,4.773743152618408,0.23557353019714355,0.0004918189370073378,5.626771926879883,0.014126588590443134,0.18890665471553802,0.0006539342136859066
496,0.0004172079497948289,4.773167133331299,0.23313499242067337,0.0005032483022660017,5.757532119750977,0.014461124315857887,0.1905280351638794,0.0006527369147922476
497,0.00041479682840872556,4.74558162689209,0.23088902235031128,0.0004990589804947376,5.709603786468506,0.014478439465165138,0.1908426284790039,0.0006515387404040772
498,0.0004103754472453147,4.694998145103455,0.23318322002887726,0.0005059248651377857,5.788154602050781,0.014778021723031998,0.19240975379943848,0.0006503396987335486
499,0.0004202947748126462,4.808482646942139,0.2354137897491455,0.0004756062990054488,5.441287040710449,0.014000950381159782,0.1891777217388153,0.0006491397979987589
500,0.00041335356945637614,4.729069948196411,0.22893394529819489,0.0005090556223876774,5.823972225189209,0.014291003346443176,0.18990802764892578,0.0006479390464236939
501,0.0004112633760087192,4.7051568031311035,0.2312726527452469,0.0005327767576090991,6.095359802246094,0.01515999250113964,0.1947946548461914,0.0006467374522381699
502,0.0004119008663110435,4.712449908256531,0.2353026270866394,0.000516810454428196,5.912693500518799,0.014779360964894295,0.1926800012588501,0.0006455350236777791
503,0.0004155858914600685,4.7546093463897705,0.23392049968242645,0.0004895905731245875,5.601277828216553,0.014731887727975845,0.19311800599098206,0.0006443317689838323
504,0.0004155892675044015,4.754647850990295,0.23458576202392578,0.0004789512313436717,5.479555606842041,0.01409541442990303,0.18997818231582642,0.0006431276964033024
505,0.00041292872629128397,4.724209547042847,0.22986970096826553,0.0004879373882431537,5.582364082336426,0.01454172469675541,0.1913047581911087,0.0006419228141887682
506,0.00040918317972682416,4.6813578605651855,0.23236940056085587,0.0005116940592415631,5.8541579246521,0.014831836335361004,0.19267550110816956,0.0006407171305983572
507,0.00041041828808374703,4.695488214492798,0.23652678728103638,0.0005318431067280471,6.0846781730651855,0.015396719798445702,0.19678673148155212,0.0006395106538956899
508,0.0004106186534045264,4.69778037071228,0.23530711978673935,0.0005015230854041874,5.737794399261475,0.014822459779679775,0.19323520362377167,0.0006383033923498224
509,0.00040980990161187947,4.688528060913086,0.2342219203710556,0.0004814650455955416,5.5083160400390625,0.01451244205236435,0.192119762301445,0.0006370953542351904
510,0.0004093640891369432,4.683427333831787,0.2299273982644081,0.0004600752145051956,5.263599872589111,0.013891978189349174,0.18912149965763092,0.0006358865478315516
511,0.0004144356935285032,4.741450667381287,0.22793495655059814,0.00048141551087610424,5.507748603820801,0.014171421527862549,0.18982484936714172,0.00063467698142393
512,0.0004115188494324684,4.70807957649231,0.23144957423210144,0.0005488382303155959,6.279115200042725,0.01570708677172661,0.19929711520671844,0.0006334666633025581
513,0.000412504821724724,4.719359874725342,0.23787464201450348,0.0005265210056677461,6.023789405822754,0.01496487483382225,0.19367235898971558,0.0006322556017628209
514,0.00040909525705501437,4.680351972579956,0.2355239987373352,0.0005035926587879658,5.761471748352051,0.015002239495515823,0.19418996572494507,0.0006310438051051985
515,0.0004058686172356829,4.643436908721924,0.23420649021863937,0.00047415890730917454,5.424728870391846,0.014264009892940521,0.19120575487613678,0.0006298312816352096
516,0.0004165478312643245,4.765614628791809,0.22869355976581573,0.0004625232541002333,5.291606903076172,0.013806238770484924,0.18830090761184692,0.0006286180396633544
517,0.0004047736874781549,4.63090980052948,0.22836659103631973,0.0005006469436921179,5.7277703285217285,0.014714498072862625,0.19153070449829102,0.0006274040875050573
518,0.00040614837780594826,4.646636962890625,0.23582513630390167,0.0005297123570926487,6.060300827026367,0.015243927016854286,0.1950804889202118,0.0006261894334806104
519,0.00040945198270492256,4.684432744979858,0.2351786494255066,0.0005061074625700712,5.790242671966553,0.014590111561119556,0.19149598479270935,0.0006249740859151167
520,0.0004078971251146868,4.666644334793091,0.2325471118092537,0.0004739266587421298,5.4220709800720215,0.01438545435667038,0.1910332441329956,0.0006237580531384323
521,0.00040773792716208845,4.664823293685913,0.2318698614835739,0.0004707146144937724,5.385322570800781,0.01465798169374466,0.1920882761478424,0.0006225413434851095
522,0.00040477463335264474,4.630920767784119,0.23305734246969223,0.000467994948849082,5.354207515716553,0.014250250533223152,0.18974381685256958,0.00062132396529434
523,0.0004032706201542169,4.613713622093201,0.23075640946626663,0.00047199419350363314,5.399961948394775,0.01414339430630207,0.18919676542282104,0.0006201059269098977
524,0.0004116665804758668,4.7097694873809814,0.23538458347320557,0.0005005017737857997,5.726109504699707,0.014937039464712143,0.19285786151885986,0.0006188872366800814
525,0.0004002858477178961,4.579565763473511,0.23418495059013367,0.0004795157874468714,5.486015319824219,0.01454848051071167,0.19149892032146454,0.0006176679029576576
526,0.0004042937798658386,4.625419497489929,0.23260833323001862,0.0004728889325633645,5.410198211669922,0.014545165002346039,0.19196106493473053,0.0006164479340998026
527,0.0004078490019310266,4.666093707084656,0.23305542021989822,0.00045719524496234953,5.230650901794434,0.01437363587319851,0.19166329503059387,0.0006152273384680468
528,0.0004029635019833222,4.61020040512085,0.23224558681249619,0.0004917506594210863,5.625990867614746,0.014889868907630444,0.19331125915050507,0.0006140061244282158
529,0.0004051864380016923,4.635632038116455,0.23190514743328094,0.0004941070801578462,5.652949810028076,0.0144111979752779,0.1910775899887085,0.0006127843003503739
530,0.0004048277187393978,4.631527900695801,0.23158232867717743,0.0004902984946966171,5.609376907348633,0.014527717605233192,0.19164292514324188,0.0006115618746087666
531,0.00040253045153804123,4.6052457094192505,0.23235100507736206,0.0004891383578069508,5.596103668212891,0.015047866851091385,0.1942332237958908,0.0006103388555817632
532,0.00040273359627462924,4.607569694519043,0.2342236191034317,0.0004817863809876144,5.511992454528809,0.014652189798653126,0.19273641705513,0.0006091152516517988
533,0.00040189809078583494,4.598010778427124,0.23312045633792877,0.0004798606678377837,5.489960193634033,0.014712445437908173,0.1933905929327011,0.000607891071205318
534,0.0003994358849013224,4.569841265678406,0.23398487269878387,0.0004734230460599065,5.416308879852295,0.014762614853680134,0.19359487295150757,0.0006066663226327162
535,0.0004020812048111111,4.6001060009002686,0.23184680193662643,0.00046046124771237373,5.2680158615112305,0.01422631274908781,0.1915968805551529,0.0006054410143282833
536,0.0004045396199217066,4.628232359886169,0.22961293160915375,0.00046650791773572564,5.337194919586182,0.014210572466254234,0.19154763221740723,0.0006042151546901453
537,0.0004045649984618649,4.628521919250488,0.23126684874296188,0.0004984732368029654,5.702901840209961,0.015398461371660233,0.1966422200202942,0.0006029887521202067
538,0.0004043977096443996,4.626608371734619,0.23835329711437225,0.0005129289347678423,5.868285655975342,0.015658531337976456,0.19830060005187988,0.0006017618150240934
539,0.00040615041507408023,4.646660804748535,0.2342807501554489,0.0004820965987164527,5.515541076660156,0.014397598803043365,0.1921326220035553,0.0006005343518110949
540,0.0004147350846324116,4.744875907897949,0.23728714883327484,0.0004885258967988193,5.589096546173096,0.01509126927703619,0.19490081071853638,0.0005993063708941065
541,0.00040247864671982825,4.604653239250183,0.23292992264032364,0.00042810733430087566,4.897863864898682,0.014147967100143433,0.19241443276405334,0.0005980778806895721
542,0.00040265743155032396,4.606698274612427,0.22995714843273163,0.0004480756470002234,5.126316547393799,0.014544553123414516,0.19438377022743225,0.000596848889617426
543,0.0003982662165071815,4.556459546089172,0.23141106963157654,0.0004755656700581312,5.440822601318359,0.014935418963432312,0.19483162462711334,0.0005956194061010353
544,0.00039673238643445075,4.53891134262085,0.23350107669830322,0.000501598755363375,5.738659858703613,0.015180248767137527,0.1954212784767151,0.0005943894385671424
545,0.0003995924489572644,4.571632623672485,0.23558476567268372,0.000486530625494197,5.566270351409912,0.014767305925488472,0.19400456547737122,0.0005931589954458069
546,0.0004037299659103155,4.618969202041626,0.23784537613391876,0.0004911724827252328,5.619375705718994,0.015310164541006088,0.19660606980323792,0.0005919280851703486
547,0.00039973096863832325,4.573217272758484,0.2372279018163681,0.00046833395026624203,5.358086585998535,0.014959474094212055,0.1959342658519745,0.0005906967161772884
548,0.0003997395106125623,4.573314666748047,0.23367908596992493,0.0004342678003013134,4.968344211578369,0.013971933163702488,0.19164606928825378,0.0005894648969062915
549,0.00040071309194900095,4.584453582763672,0.2317831665277481,0.0004700772697106004,5.378031253814697,0.014665542170405388,0.1940072774887085,0.0005882326358001093
550,0.0003973848797613755,4.546376705169678,0.232138030230999,0.0004724156460724771,5.404784202575684,0.014859767630696297,0.1950245201587677,0.0005869999413045214
551,0.00039964380266610533,4.572220087051392,0.23451943695545197,0.00047402322525158525,5.423175811767578,0.014972850680351257,0.19617417454719543,0.0005857668218682779
552,0.00040656862256582826,4.651445269584656,0.2375374510884285,0.0005111323553137481,5.84773063659668,0.015969108790159225,0.2004563808441162,0.0005845332859430413
553,0.0003991765042883344,4.566873669624329,0.2392968088388443,0.00047790876124054193,5.4676289558410645,0.015046712011098862,0.19640487432479858,0.0005832993419833289
554,0.0003995247097918764,4.570857644081116,0.23418228328227997,0.00044442148646339774,5.084509372711182,0.014196367003023624,0.19286322593688965,0.0005820649984464542
555,0.00039689660479780287,4.540790557861328,0.23032835125923157,0.0004611072945408523,5.2754082679748535,0.01451733149588108,0.1935679316520691,0.0005808302637924698
556,0.000398440781282261,4.5584564208984375,0.23302482813596725,0.00048088718904182315,5.501704692840576,0.014763230457901955,0.19481825828552246,0.0005795951464841086
557,0.00039537737029604614,4.523409128189087,0.2325051873922348,0.00046668434515595436,5.3392133712768555,0.014591982588171959,0.194864422082901,0.0005783596549867263
558,0.00039803379331715405,4.553800582885742,0.23216401785612106,0.00045919613330625,5.253542423248291,0.014885833486914635,0.19658774137496948,0.0005771237977682435
559,0.0003962846385547891,4.533788681030273,0.23653660714626312,0.0004632262571249157,5.299650192260742,0.015298064798116684,0.1977767050266266,0.000575887583299087
560,0.0003960062167607248,4.530603528022766,0.23415395617485046,0.0004259144188836217,4.872775077819824,0.01432640291750431,0.1937466710805893,0.0005746510200521325
561,0.0004009552503703162,4.587224006652832,0.22890156507492065,0.00043164522503502667,4.938340187072754,0.014190259389579296,0.1930021196603775,0.0005734141165026458
562,0.00039779875078238547,4.551111221313477,0.2322315126657486,0.0004992424510419369,5.711702823638916,0.015497662127017975,0.19783622026443481,0.0005721768811282256
563,0.0003952136175939813,4.521535873413086,0.23629043251276016,0.0004889910924248397,5.594418525695801,0.015425258316099644,0.197980135679245,0.0005709393224087445
564,0.0003929464874090627,4.495598316192627,0.23613185435533524,0.00046890362864360213,5.364603519439697,0.015253724530339241,0.19801276922225952,0.0005697014488262915
565,0.0004044134548166767,4.62678861618042,0.23713137209415436,0.00042997492710128427,4.9192304611206055,0.014639323577284813,0.19657739996910095,0.0005684632688651133
566,0.0004021732311230153,4.601158618927002,0.2326497957110405,0.0004330128722358495,4.9539875984191895,0.014460645616054535,0.1946558952331543,0.0005672247910115569
567,0.0003942693438148126,4.510732293128967,0.23068319261074066,0.0004943875828757882,5.656158924102783,0.01521301455795765,0.19616639614105225,0.0005659860237540107
568,0.00040390275535173714,4.620945692062378,0.24029897153377533,0.0005156752886250615,5.899705410003662,0.01612384244799614,0.20176640152931213,0.0005647469755828469
569,0.00040652567986398935,4.650954008102417,0.2405017390847206,0.00043283432023599744,4.951944351196289,0.014754204079508781,0.1966853141784668,0.000563507654990363
570,0.00039583208854310215,4.5286113023757935,0.23259872943162918,0.0004405502986628562,5.040220737457275,0.01484694890677929,0.1969423145055771,0.0005622680704707234
571,0.00039638416637899354,4.5349273681640625,0.23590371012687683,0.000448771461378783,5.134276866912842,0.015005296096205711,0.19702614843845367,0.0005610282305199017
572,0.00039466159068979323,4.5152201652526855,0.23343786597251892,0.000447283498942852,5.117253303527832,0.01465634722262621,0.19552567601203918,0.0005597881436356221
573,0.0004017918181489222,4.596795082092285,0.23544174432754517,0.0004712649679277092,5.391618728637695,0.015050414949655533,0.1965407133102417,0.0005585478183173013
574,0.00039497371471952647,4.51879096031189,0.23392516374588013,0.0004673209914471954,5.346497058868408,0.01486736536026001,0.19625163078308105,0.00055730726306599
575,0.000396239833207801,4.533276319503784,0.23590828478336334,0.0004516679036896676,5.167414665222168,0.014908107928931713,0.19702649116516113,0.0005560664863843152
576,0.00039122621819842607,4.475917100906372,0.23194407671689987,0.0004319031722843647,4.941290855407715,0.014641784131526947,0.19658967852592468,0.0005548254967764211
577,0.00040084938518702984,4.586013078689575,0.2316700667142868,0.000441601499915123,5.052247524261475,0.01488552987575531,0.19766992330551147,0.0005535843027479116
578,0.0004047494294354692,4.630632519721985,0.23384375125169754,0.0004824386560358107,5.5194549560546875,0.015278557315468788,0.1980298012495041,0.0005523429128057918
579,0.00040729566535446793,4.659762859344482,0.23740531504154205,0.0005064720171503723,5.7944135665893555,0.015564339235424995,0.19845609366893768,0.000551101335458409
580,0.00039777581696398556,4.550849199295044,0.2362188696861267,0.0004546541313175112,5.2015790939331055,0.014707520604133606,0.1967291235923767,0.0005498595792153957
581,0.00040724474820308387,4.659180641174316,0.22865907102823257,0.00040726552833803,4.659419059753418,0.01407136395573616,0.19455352425575256,0.0005486176525876099
582,0.0004067354602739215,4.653353691101074,0.22956083714962006,0.00045471699559129775,5.202298164367676,0.014740025624632835,0.1971437633037567,0.0005473755640870776
583,0.00040366320172324777,4.618204593658447,0.23265278339385986,0.0005016119685024023,5.738811492919922,0.015532003715634346,0.19904375076293945,0.0005461333222269346
584,0.00041825443622656167,4.785139799118042,0.24159744381904602,0.0005497004021890461,6.288978576660156,0.016891609877347946,0.207966610789299,0.0005448909355213672
585,0.00040894150151871145,4.678592920303345,0.24279938638210297,0.0004666115273721516,5.338380813598633,0.014983126893639565,0.19799913465976715,0.0005436484124855549
586,0.0003946103679481894,4.514633774757385,0.23251666128635406,0.0004412568814586848,5.048304557800293,0.014590676873922348,0.19669073820114136,0.0005424057616356117
587,0.00040813322993926704,4.669345378875732,0.22967151552438736,0.0004380789468996227,5.011946678161621,0.014225154183804989,0.19505302608013153,0.000541162991488527
588,0.0004014083096990362,4.592407464981079,0.23451795428991318,0.00048449437599629164,5.542972564697266,0.015321770682930946,0.19866684079170227,0.0005399201105621082
589,0.0003955972060794011,4.52592396736145,0.23548105359077454,0.000510744343046099,5.843292713165283,0.015643227845430374,0.1992654800415039,0.0005386771273749226
590,0.0003985846269642934,4.560102701187134,0.2368660643696785,0.0004881027853116393,5.584256172180176,0.015221340581774712,0.19817504286766052,0.0005374340504462371
591,0.00040245852869702503,4.604422688484192,0.23234280943870544,0.00044676143443211913,5.11128044128418,0.014711089432239532,0.19688919186592102,0.0005361908882959623
592,0.00039298822230193764,4.49607527256012,0.233731210231781,0.00047063129022717476,5.384369850158691,0.015368425287306309,0.19949711859226227,0.0005349476494445919
593,0.0003974148858105764,4.546719551086426,0.23413793742656708,0.0004475679306779057,5.120507717132568,0.014914773404598236,0.19815245270729065,0.0005337043424131462
594,0.0003963358758483082,4.534374833106995,0.23563165217638016,0.00048315830645151436,5.527688026428223,0.015369057655334473,0.1990925371646881,0.0005324609757231121
595,0.00039397871296387166,4.5074074268341064,0.2355416864156723,0.00046163954539224505,5.281497478485107,0.015023668296635151,0.19779717922210693,0.0005312175578963859
596,0.0003990036202594638,4.564896106719971,0.23284688591957092,0.00043066157377325,4.92708683013916,0.014681561850011349,0.19712930917739868,0.000529974097455214
597,0.0003962803748436272,4.533740162849426,0.23180021345615387,0.00042822890100069344,4.89925479888916,0.014762895181775093,0.19741380214691162,0.0005287306029221352
598,0.0003933746338589117,4.50049614906311,0.2326728254556656,0.00045830785529688,5.243381023406982,0.015263540670275688,0.19946742057800293,0.0005274870828199215
599,0.0003923801414202899,4.489118576049805,0.23720501363277435,0.0004977644421160221,5.694792747497559,0.015652410686016083,0.20067909359931946,0.0005262435456715208
600,0.0003967507655033842,4.539122104644775,0.23673146218061447,0.0004653942596632987,5.324453830718994,0.015354220755398273,0.19970294833183289,0.0005249999999999973
601,0.0003904268305632286,4.466771483421326,0.23606935143470764,0.00045199645683169365,5.171172618865967,0.01518840529024601,0.19899746775627136,0.0005237564543284737
602,0.00039579848089488223,4.528226971626282,0.2355111837387085,0.00043773179640993476,5.007974624633789,0.015009917318820953,0.19851216673851013,0.000522512917180073
603,0.0003903717442881316,4.466140866279602,0.233417347073555,0.0004312171076890081,4.93344259262085,0.01469437312334776,0.19753873348236084,0.0005212693970778594
604,0.00039026973536238074,4.4649741649627686,0.23197919130325317,0.0004351313691586256,4.97822380065918,0.01480676420032978,0.19817179441452026,0.0005200259025447805
605,0.000392582849599421,4.491437673568726,0.2328026369214058,0.000443361175712198,5.072379112243652,0.015033401548862457,0.1992892622947693,0.0005187824421036086
606,0.00039787631249055266,4.551998972892761,0.23677991330623627,0.0004870580742135644,5.5723042488098145,0.015857428312301636,0.20192457735538483,0.0005175390242768824
607,0.00039777996425982565,4.550896406173706,0.23600157350301743,0.00045166091877035797,5.167334079742432,0.015126451849937439,0.19980859756469727,0.0005162956575868483
608,0.0003893786488333717,4.454779028892517,0.23434557765722275,0.0004376827855594456,5.007413864135742,0.014696436002850533,0.19784680008888245,0.0005150523505554026
609,0.00039699571789242327,4.541924238204956,0.2310553565621376,0.0004315890255384147,4.937696933746338,0.01462542824447155,0.19717085361480713,0.0005138091117040321
610,0.0004026765382150188,4.606916785240173,0.23711813986301422,0.00047879182966426015,5.477732181549072,0.01549299992620945,0.20020504295825958,0.0005125659495537572
611,0.000395685390685685,4.526933193206787,0.2371496707201004,0.000459145987406373,5.252969264984131,0.015371576882898808,0.20050428807735443,0.0005113228726250718
612,0.00039177901635412127,4.482241153717041,0.23608702421188354,0.00044816851732321084,5.127378463745117,0.015188011340796947,0.20033639669418335,0.0005100798894378861
613,0.00039556671981699765,4.525575518608093,0.23441635072231293,0.0004338482685852796,4.963544845581055,0.014911484904587269,0.19930985569953918,0.0005088370085114675
614,0.00039758092316333205,4.5486191511154175,0.23317797482013702,0.00041321778553538024,4.727517127990723,0.014491593465209007,0.1978510022163391,0.0005075942383643828
615,0.00039471942000091076,4.515881538391113,0.2306806892156601,0.0004375595017336309,5.006003379821777,0.015239013358950615,0.20048734545707703,0.0005063515875144395
616,0.0004000563931185752,4.576940536499023,0.24201124906539917,0.0005076688248664141,5.808105945587158,0.016467968001961708,0.2037006914615631,0.0005051090644786272
617,0.0003948727826355025,4.517636179924011,0.24185821413993835,0.0005024655838496983,5.748577117919922,0.015670642256736755,0.20123332738876343,0.00050386667777306
618,0.0003943447954952717,4.511595964431763,0.23659146577119827,0.00044827169040217996,5.128559112548828,0.015057232230901718,0.1998773217201233,0.0005026244359129168
619,0.0003881384982378222,4.440591335296631,0.23309969156980515,0.0004008985124528408,4.586575031280518,0.014636929146945477,0.1986198127269745,0.0005013823474123845
620,0.00040763193828752264,4.663610637187958,0.2332252562046051,0.00038415295421145856,4.394993305206299,0.014188316650688648,0.19633032381534576,0.0005001404207845987
621,0.00039818014192860574,4.5554749965667725,0.23399294912815094,0.0004744923207908869,5.4285430908203125,0.015687450766563416,0.20147353410720825,0.0004988986645415853
622,0.0003980446053901687,4.5539244413375854,0.2386157363653183,0.0005137266707606614,5.87741231918335,0.016454389318823814,0.20376819372177124,0.0004976570871942026
623,0.0003922983742086217,4.488182783126831,0.24067386984825134,0.00048301563947461545,5.526055812835693,0.015785370022058487,0.2019999623298645,0.0004964156972520826
624,0.0003939755406463519,4.5073710680007935,0.23696615546941757,0.00044692037045024335,5.113099098205566,0.015218237414956093,0.20031729340553284,0.0004951745032235732
625,0.0003922765899915248,4.487933874130249,0.23005267977714539,0.0004017413593828678,4.596217155456543,0.014318841509521008,0.1970611810684204,0.000493933513615679
626,0.00040233541221823543,4.6030144691467285,0.2317638397216797,0.0003924791235476732,4.490251064300537,0.014310474507510662,0.19726981222629547,0.0004926927369340041
627,0.0003901057207258418,4.463097810745239,0.23120860755443573,0.0004663910367526114,5.33585786819458,0.015486826188862324,0.2012820839881897,0.0004914521816826927
628,0.0003914417029591277,4.478382110595703,0.2390197515487671,0.0005275168223306537,6.035181999206543,0.016441889107227325,0.20368245244026184,0.0004902118563643719
629,0.000398457603296265,4.558649182319641,0.24359142035245895,0.0005208090879023075,5.95844030380249,0.01630597561597824,0.20360121130943298,0.0004889717694800922
630,0.0003887281782226637,4.44733738899231,0.23756063729524612,0.00044724222971126437,5.116781234741211,0.015096859075129032,0.20017671585083008,0.0004877319295292706
631,0.00039170421950984746,4.481385588645935,0.2331526130437851,0.00039582050521858037,4.528478622436523,0.014443294145166874,0.19760428369045258,0.000486492345009631
632,0.000391659457818605,4.4808735847473145,0.2293011173605919,0.000394091330235824,4.50869607925415,0.01437558513134718,0.1971670687198639,0.000485253024417147
633,0.0003914574917871505,4.478562951087952,0.23001562803983688,0.00043013656977564096,4.921079635620117,0.01491227000951767,0.19922038912773132,0.00048401397624598335
634,0.00039346634002868086,4.501545429229736,0.2376817986369133,0.0004932984011247754,5.643697738647461,0.01659553125500679,0.20400689542293549,0.0004827752089884372
635,0.00039793908945284784,4.552717208862305,0.24803468585014343,0.0005015427595935762,5.738018989562988,0.016671769320964813,0.20506897568702698,0.00048153673113488085
636,0.0003952514525735751,4.521968364715576,0.24040982127189636,0.0004420973709784448,5.057920455932617,0.015061834827065468,0.19966937601566315,0.00048029855117370253
637,0.00041125169809674844,4.705023407936096,0.23908179998397827,0.00037587760016322136,4.300317287445068,0.013880456797778606,0.19409993290901184,0.0004790606775912495
638,0.00039410920726368204,4.508900046348572,0.22683904320001602,0.00044148045708425343,5.0508623123168945,0.014853283762931824,0.19796235859394073,0.0004778231188717684
639,0.0003986752562923357,4.5611395835876465,0.2380163073539734,0.0005030669271945953,5.755456924438477,0.01638682931661606,0.202752485871315,0.00047658588349734827
640,0.0003909402439603582,4.472644805908203,0.24121680110692978,0.0004817638546228409,5.511734485626221,0.015820952132344246,0.20130017399787903,0.00047534897994786163
641,0.00039328956336248666,4.499522566795349,0.23675712943077087,0.00043967895908281207,5.030251979827881,0.015074796974658966,0.19919131696224213,0.000474112416700907
642,0.0003912846150342375,4.4765849113464355,0.23465967923402786,0.00042475597001612186,4.859522342681885,0.014904091134667397,0.19872398674488068,0.0004728762022317505
643,0.0003901480959029868,4.463582158088684,0.23260149359703064,0.00039376202039420605,4.504927635192871,0.01446584053337574,0.19708290696144104,0.00047164034501326763
644,0.00039484366425313056,4.517302632331848,0.23170685768127441,0.0003887085767928511,4.447113037109375,0.014256669208407402,0.1956806182861328,0.00047040485351588547
645,0.0003931087994715199,4.497454881668091,0.23243898153305054,0.00046758813550695777,5.34955358505249,0.015529155731201172,0.19976429641246796,0.0004691697362075242
646,0.00038949087320361286,4.456063508987427,0.23761235177516937,0.0005016382201574743,5.739111423492432,0.016223419457674026,0.20216864347457886,0.0004679350015535398
647,0.0003888163046212867,4.44834566116333,0.24012623727321625,0.0004632230557035655,5.299613952636719,0.01552584394812584,0.20063793659210205,0.000466700658016665
648,0.0003888331411872059,4.448537826538086,0.23534411936998367,0.0004281529108993709,4.898385524749756,0.015050963498651981,0.19951768219470978,0.0004654667140569526
649,0.0003890112420776859,4.450575828552246,0.2334967851638794,0.00040094598080031574,4.587117671966553,0.01457265019416809,0.1975579559803009,0.00046423317813171607
650,0.00039232862764038146,4.4885289669036865,0.23486214876174927,0.0004217645328026265,4.8252973556518555,0.014937285333871841,0.1985865980386734,0.0004630000586954727
651,0.00039091092185117304,4.472309589385986,0.23655590415000916,0.000449406448751688,5.141541957855225,0.015385083854198456,0.20021438598632812,0.00046176736419988485
652,0.00038808214594610035,4.439946413040161,0.23371972143650055,0.0004279629501979798,4.896212577819824,0.01497097872197628,0.199134960770607,0.0004605351030937026
653,0.0003886259364662692,4.446167707443237,0.23363246768712997,0.00043607139377854764,4.988978385925293,0.015211408957839012,0.2004457712173462,0.00045930328382270556
654,0.0003908355865860358,4.471447706222534,0.2330230176448822,0.00041814660653471947,4.783905982971191,0.014982623979449272,0.1996452808380127,0.0004580719148296454
655,0.00038938119541853666,4.454808831214905,0.23548085242509842,0.00044738370343111455,5.118399143218994,0.015446536242961884,0.20068930089473724,0.0004568410045541871
656,0.0003897678689099848,4.459232330322266,0.2352496087551117,0.000444329489255324,5.083456993103027,0.015302198939025402,0.20024153590202332,0.0004556105614328519
657,0.00039971461228560656,4.573030233383179,0.24021060019731522,0.00046112111886031926,5.275566577911377,0.01576007343828678,0.20202189683914185,0.00045438059389895887
658,0.00039416190702468157,4.50950300693512,0.2336229681968689,0.0003948653757106513,4.517550945281982,0.014559400267899036,0.1986769735813141,0.00045315111038256816
659,0.000389658598578535,4.4579819440841675,0.2307584583759308,0.000398937874706462,4.564144134521484,0.014727853238582611,0.19947372376918793,0.0004519221193104221
660,0.00038789465179434046,4.437801241874695,0.23559082299470901,0.0004370782116893679,5.000497817993164,0.015593265183269978,0.20199522376060486,0.0004506936291058878
661,0.0003905399644281715,4.46806538105011,0.23444978147745132,0.00043714477214962244,5.001258373260498,0.01531296782195568,0.20047718286514282,0.00044946564818889933
662,0.00038626379682682455,4.419143199920654,0.2351939007639885,0.00046357428072951734,5.303632736206055,0.01559591107070446,0.20140695571899414,0.00044823818497590086
663,0.0003893665416399017,4.454640746116638,0.2372477874159813,0.00044266963959671557,5.064467430114746,0.0153037765994668,0.2014102339744568,0.0004470112478797875
664,0.00038516867789439857,4.406614184379578,0.2345825731754303,0.00043154112063348293,4.937149524688721,0.015440745279192924,0.20222708582878113,0.0004457848453098487
665,0.0003855625691358,4.411120295524597,0.23457463085651398,0.0004137794312555343,4.733942031860352,0.015176751650869846,0.20101045072078705,0.0004445589856717107
666,0.00038567335286643356,4.4123876094818115,0.23366821557283401,0.0004167120496276766,4.767492771148682,0.015192056074738503,0.20078784227371216,0.0004433336773672779
667,0.00038585216680075973,4.41443395614624,0.23396393656730652,0.00041682750452309847,4.768814563751221,0.015109242871403694,0.20072287321090698,0.00044210892879467634
668,0.0003840767894871533,4.394121885299683,0.2334986850619316,0.000429437292041257,4.913080215454102,0.01544119231402874,0.20225456357002258,0.00044088474834819537
669,0.0003853103698929772,4.4082348346710205,0.23649154603481293,0.00044527690624818206,5.094296455383301,0.015887901186943054,0.20402291417121887,0.0004396611444182309
670,0.0003850936918752268,4.40575635433197,0.2366221696138382,0.00043548396206460893,4.982258319854736,0.015623945742845535,0.20301854610443115,0.0004384381253912274
671,0.00038428243715316057,4.396475076675415,0.23553214967250824,0.00042446330189704895,4.856173992156982,0.01535332202911377,0.20189540088176727,0.00043721569964962016
672,0.00038357850280590355,4.388421416282654,0.23448868840932846,0.0004105379921384156,4.696857929229736,0.015068509615957737,0.20091676712036133,0.0004359938755717782
673,0.00038372013659682125,4.390042066574097,0.23359016329050064,0.00041769869858399034,4.778781414031982,0.015192190185189247,0.201515331864357,0.00043477266153194727
674,0.0003869146603392437,4.426589488983154,0.23590485006570816,0.0004420105542521924,5.056926727294922,0.015620440244674683,0.20319178700447083,0.0004335520659001914
675,0.00038335786666721106,4.385896921157837,0.2356710433959961,0.0004308835486881435,4.929625988006592,0.015552978962659836,0.20336024463176727,0.0004323320970423364
676,0.00038870522985234857,4.44707465171814,0.2348409667611122,0.000405569706344977,4.640017032623291,0.014972910284996033,0.20154546201229095,0.0004311127633199125
677,0.0003853318194160238,4.408480405807495,0.2325284779071808,0.0004188038583379239,4.791425704956055,0.015188923105597496,0.20217004418373108,0.0004298940730900963
678,0.0003838823322439566,4.391897082328796,0.23389650881290436,0.00045207201037555933,5.172037601470947,0.015759378671646118,0.20366066694259644,0.00042867603470565405
679,0.0003888593491865322,4.448837995529175,0.238508403301239,0.0004672411596402526,5.345583438873291,0.01605323702096939,0.20419538021087646,0.00042745865651488453
680,0.0003840211284114048,4.3934853076934814,0.2369483858346939,0.00043106908560730517,4.931748867034912,0.015301117673516273,0.2025015950202942,0.0004262419468615617
681,0.0003958181187044829,4.528451919555664,0.23473267257213593,0.00038521329406648874,4.4071245193481445,0.014603989198803902,0.2003435492515564,0.00042502591408487733
682,0.00038774152926634997,4.436049580574036,0.23220398277044296,0.00042526860488578677,4.865387439727783,0.015419816598296165,0.20359459519386292,0.0004238105665193837
683,0.0003848501655738801,4.402969837188721,0.23419752717018127,0.00044427861575968564,5.0828752517700195,0.0159025639295578,0.20458874106407166,0.00042259591249493687
684,0.0003861920704366639,4.418322563171387,0.23771338909864426,0.0004660676931962371,5.33215856552124,0.01622871123254299,0.20516283810138702,0.00042138196033663977
685,0.00038887711707502604,4.4490416049957275,0.23945212364196777,0.00045893783681094646,5.250587463378906,0.016026483848690987,0.20483487844467163,0.00042016871836478455
686,0.00038969109300523996,4.458353877067566,0.23602601140737534,0.00041004581726156175,4.691227436065674,0.015097136609256268,0.20204773545265198,0.00041895619489479557
687,0.00038813134597148746,4.44050920009613,0.23527172207832336,0.000416320952353999,4.76301908493042,0.015423908829689026,0.20314913988113403,0.00041774439823717333
688,0.00038588880852330476,4.41485333442688,0.23541457951068878,0.00041511960444040596,4.749274730682373,0.015410163439810276,0.2033064365386963,0.0004165333366974361
689,0.0003872900706483051,4.430884599685669,0.23262453824281693,0.0004004999063909054,4.582014083862305,0.01499843131750822,0.20196369290351868,0.0004153230185760642
690,0.0003838598931906745,4.391640663146973,0.23251952230930328,0.00042150987428613007,4.822384357452393,0.015324943698942661,0.20291203260421753,0.0004141134521684424
691,0.0003841114084934816,4.39451789855957,0.23512164503335953,0.00044149832683615386,5.051066875457764,0.015913987532258034,0.2045319527387619,0.00041290464576480373
692,0.00038377250893972814,4.390641212463379,0.2363414242863655,0.000441650947323069,5.0528130531311035,0.015761753544211388,0.2041204869747162,0.00041169660765017174
693,0.0003836239338852465,4.388941168785095,0.2361019402742386,0.00043891320819966495,5.021490573883057,0.015584928914904594,0.20362913608551025,0.0004104893461043044
694,0.0003865514081553556,4.42243367433548,0.23517535626888275,0.0004040082567371428,4.622152805328369,0.014933216385543346,0.20159244537353516,0.0004092828694016369
695,0.00038816689630039036,4.440916299819946,0.2314337193965912,0.0003967257507611066,4.5388360023498535,0.014864950440824032,0.20140041410923004,0.0004080771858112259
696,0.00038369526737369597,4.389757394790649,0.23254645615816116,0.00044279638677835464,5.065917015075684,0.01576421596109867,0.20455873012542725,0.0004068723035966917
697,0.00038387460517697036,4.3918092250823975,0.2361641526222229,0.0004651407653000206,5.321553707122803,0.01624332182109356,0.2058716118335724,0.00040566823101616164
698,0.0003862992743961513,4.419549107551575,0.24088261276483536,0.0004708161286544055,5.386484146118164,0.016375862061977386,0.2058602273464203,0.00040446497632221496
699,0.0003901643067365512,4.463767766952515,0.23906537145376205,0.00041860947385430336,4.789201736450195,0.01522119902074337,0.20275095105171204,0.00040326254776182433
700,0.0003879825526382774,4.438806891441345,0.23509538173675537,0.0003894093679264188,4.455130100250244,0.014734461903572083,0.20068290829658508,0.00040206095357630037
701,0.0003863054880639538,4.4196202754974365,0.23368880152702332,0.00042133964598178864,4.820436477661133,0.015491064637899399,0.20319782197475433,0.0004008602020012351
702,0.00038736345595680177,4.4317238330841064,0.2374693527817726,0.0004515430482570082,5.165986061096191,0.0162213072180748,0.20535141229629517,0.0003996603012664456
703,0.0003917758003808558,4.48220431804657,0.23788853734731674,0.0004285347240511328,4.9027533531188965,0.015481248497962952,0.2033168375492096,0.000398461259595917
704,0.00038456513721030205,4.399709224700928,0.23589235544204712,0.00044082634849473834,5.043378829956055,0.0157831571996212,0.20425952970981598,0.00039726308520774664
705,0.0003852328809443861,4.4073485136032104,0.23664263635873795,0.0004365182830952108,4.994091033935547,0.015824459493160248,0.20458577573299408,0.00039606578631408743
706,0.00038388845860026777,4.3919676542282104,0.235906720161438,0.0004059216007590294,4.644042491912842,0.015268727205693722,0.20270240306854248,0.00039486937112109225
707,0.00038715670234523714,4.429358720779419,0.23604629933834076,0.00040811224607750773,4.669105052947998,0.015216898173093796,0.20209616422653198,0.00039367384782885685
708,0.00038555674836970866,4.4110541343688965,0.23242983222007751,0.0003977605956606567,4.5506744384765625,0.014889625832438469,0.20125630497932434,0.0003924792246313637
709,0.0003873451641993597,4.431514739990234,0.23409686982631683,0.0004289325443096459,4.9073052406311035,0.015582983382046223,0.20368996262550354,0.00039128550971642684
710,0.00038565087015740573,4.41213071346283,0.23552736639976501,0.0004157802904956043,4.756833076477051,0.015390142798423767,0.20331431925296783,0.0003900927112656345
711,0.00038223102455958724,4.373005270957947,0.23570147156715393,0.0004380311875138432,5.01140022277832,0.015920285135507584,0.20493531227111816,0.0003889008374542935
712,0.000388532986107748,4.445104002952576,0.2347232848405838,0.00041243823943659663,4.718598365783691,0.01537744328379631,0.20318281650543213,0.00038770989645137355
713,0.00038313716504490003,4.383371829986572,0.234432652592659,0.00042686701635830104,4.883673667907715,0.01552962139248848,0.20362503826618195,0.0003865198964194513
714,0.0003833611845038831,4.385935306549072,0.23497502505779266,0.00041813417919911444,4.783763408660889,0.01553236786276102,0.20393608510494232,0.0003853308455146533
715,0.0003837625408777967,4.390527009963989,0.23460878431797028,0.00040115308365784585,4.5894880294799805,0.015252022072672844,0.20310354232788086,0.0003841427518866014
716,0.0003830498899333179,4.382373929023743,0.23364171385765076,0.00042669285903684795,4.881680488586426,0.015704810619354248,0.20462103188037872,0.00038295562367835655
717,0.00038573188066948205,4.4130576848983765,0.24014775454998016,0.00044422384235076606,5.082248687744141,0.01608828827738762,0.20551033318042755,0.00038176946902636225
718,0.0003827759937848896,4.379239797592163,0.2376164197921753,0.0004242058494128287,4.8532280921936035,0.015612633898854256,0.2040567696094513,0.00038058429606038985
719,0.0003878369025187567,4.437140464782715,0.2327769696712494,0.00038486369885504246,4.403124809265137,0.014853941276669502,0.20189473032951355,0.000379400112903482
720,0.00038383515493478626,4.391357421875,0.231387697160244,0.00040689200977794826,4.655145645141602,0.015260215848684311,0.20354142785072327,0.0003782169276718977
721,0.00038336028228513896,4.385925054550171,0.23566807806491852,0.0004401236947160214,5.035340309143066,0.01593424752354622,0.20522180199623108,0.00037703474847505596
722,0.000387728403438814,4.435899019241333,0.23876821249723434,0.00045338188647292554,5.187023639678955,0.0162619948387146,0.20604273676872253,0.0003758535834154804
723,0.00038339207821991295,4.386288166046143,0.23782744258642197,0.00042784816469065845,4.894898891448975,0.015655623748898506,0.20495203137397766,0.00037467344058874426
724,0.0003856693219859153,4.412341952323914,0.23393406718969345,0.00040278941742144525,4.608208656311035,0.01513317134231329,0.20342476665973663,0.0003734943280834145
725,0.00038246807525865734,4.3757171630859375,0.23323705792427063,0.00041040393989533186,4.695324420928955,0.01532176323235035,0.2036312073469162,0.00037231625398099604
726,0.0003821834543487057,4.3724610805511475,0.2350173071026802,0.0004272711230441928,4.888296604156494,0.01568186655640602,0.2043214589357376,0.00037113922635587674
727,0.0003819901176029816,4.370249032974243,0.235588900744915,0.0004246500029694289,4.858309268951416,0.015596447512507439,0.20406344532966614,0.00036996325327527245
728,0.0003823908482445404,4.374833583831787,0.23598090559244156,0.0004322037857491523,4.944730758666992,0.015714570879936218,0.2046629935503006,0.0003687883427991707
729,0.0003828709159279242,4.3803263902664185,0.2366737425327301,0.00042949142516590655,4.913698673248291,0.01574929989874363,0.20492136478424072,0.0003676145029802766
730,0.0003811823116848245,4.36100709438324,0.23539471626281738,0.00040651208837516606,4.650798797607422,0.015363914892077446,0.20404371619224548,0.0003664417418639565
731,0.00038159317045938224,4.365707635879517,0.23443810641765594,0.0004045711539220065,4.628592014312744,0.015430983155965805,0.20434439182281494,0.00036527006748818426
732,0.00038209155900403857,4.3714094161987305,0.2343943864107132,0.00039855053182691336,4.559711933135986,0.01530019473284483,0.20399266481399536,0.0003640994878834844
733,0.0003866133192786947,4.423141717910767,0.23446790874004364,0.0004057762853335589,4.642380237579346,0.015336774289608002,0.20419926941394806,0.00036293001107287875
734,0.000384075814508833,4.394110679626465,0.23610374331474304,0.0004375034477561712,5.005362033843994,0.01598309352993965,0.20559749007225037,0.0003617616450718302
735,0.0003877676062984392,4.436347603797913,0.24049392342567444,0.00045031984336674213,5.151991844177246,0.016276512295007706,0.20623458921909332,0.0003605943978881887
736,0.00038485456025227904,4.40302038192749,0.23873793333768845,0.00043457155697979033,4.971819877624512,0.015736116096377373,0.20492218434810638,0.0003594282775221357
737,0.0003911471430910751,4.475011825561523,0.23522035777568817,0.00038076736382208765,4.356260299682617,0.014760199934244156,0.20187675952911377,0.00035826329196612944
738,0.00038603095163125545,4.416479587554932,0.23088723421096802,0.00038810368278063834,4.440192699432373,0.014948966912925243,0.20275035500526428,0.0003570994492048507
739,0.00038343716732924804,4.386804282665253,0.23332777619361877,0.0004323058819863945,4.945898056030273,0.015720978379249573,0.20538046956062317,0.00035593675721514747
740,0.0003829229826806113,4.3809216022491455,0.23654063791036606,0.0004521248338278383,5.172642230987549,0.016177158802747726,0.20615234971046448,0.00035477522396598035
741,0.00038931562448851764,4.454057931900024,0.24170363694429398,0.0004717861011158675,5.397581100463867,0.01659490168094635,0.20699915289878845,0.000353614857418368
742,0.00038431165739893913,4.396809458732605,0.24007859826087952,0.0004429341643117368,5.067493915557861,0.0156879760324955,0.2049018144607544,0.0003524556655253332
743,0.00038340587343554944,4.386446237564087,0.23536131531000137,0.0004192930064164102,4.79702091217041,0.015348435379564762,0.2039496898651123,0.00035129765623184706
744,0.0003818845725618303,4.369041442871094,0.23432688415050507,0.0004042946093250066,4.625428676605225,0.01527501456439495,0.20353786647319794,0.000350140837474776
745,0.0003850736829917878,4.405527591705322,0.23305445909500122,0.0004032113356515765,4.613035202026367,0.015104241669178009,0.2027081400156021,0.00034898521718282566
746,0.00038698384014423937,4.4273810386657715,0.23249825835227966,0.0004052032018080354,4.635823726654053,0.01505705900490284,0.2027544379234314,0.0003478308032764887
747,0.0003863598976749927,4.420242369174957,0.2350161001086235,0.000451298983534798,5.163193702697754,0.01609506644308567,0.20623818039894104,0.0003466776036679885
748,0.00038737920112907887,4.431903958320618,0.2383299246430397,0.00043370912317186594,4.9619526863098145,0.01570747047662735,0.2053537219762802,0.000345525626261226
749,0.0003819605481112376,4.369910478591919,0.23572446405887604,0.0004362469771876931,4.990987300872803,0.015871789306402206,0.20568907260894775,0.0003443748789517256
750,0.0003908868384314701,4.472034215927124,0.2384766861796379,0.0004469901032280177,5.113896369934082,0.01606951467692852,0.20571818947792053,0.00034322536962658033
751,0.0003873280656989664,4.431319236755371,0.23662979900836945,0.00039189361268654466,4.4835524559021,0.014909209683537483,0.2021251916885376,0.0003420771061643985
752,0.0003840797726297751,4.394156217575073,0.23275849223136902,0.00039249949622899294,4.49048376083374,0.014959344640374184,0.20221595466136932,0.0003409300964352491
753,0.0003878782663377933,4.4376139640808105,0.2312944456934929,0.00038786372169852257,4.437447547912598,0.015060044825077057,0.20310673117637634,0.00033978434830060866
754,0.0003809312329394743,4.358134865760803,0.2328345850110054,0.0004228760371915996,4.838014125823975,0.015888473019003868,0.20593880116939545,0.00033863986961330634
755,0.0003815725940512493,4.3654725551605225,0.2385527789592743,0.0004557040228974074,5.213590145111084,0.01650938391685486,0.2073288857936859,0.0003374966682174711
756,0.0003861468576360494,4.417805075645447,0.23746240139007568,0.0004427205421961844,5.065049648284912,0.01589490845799446,0.20556548237800598,0.00033635475194847714
757,0.00038184976438060403,4.368643283843994,0.23626993596553802,0.0004331400850787759,4.955441951751709,0.015677742660045624,0.20460933446884155,0.00033521412863289103
758,0.0003817377728410065,4.3673622608184814,0.23605047911405563,0.0004310745862312615,4.931811809539795,0.015777207911014557,0.20477516949176788,0.000334074806088417
759,0.0003871454391628504,4.429229974746704,0.23564425855875015,0.0003991045814473182,4.566051006317139,0.015172455459833145,0.20320317149162292,0.0003329367921238441
760,0.00038264495378825814,4.377740740776062,0.23360919952392578,0.00040408127824775875,4.622988224029541,0.015306978486478329,0.2040407806634903,0.00033180009453899283
761,0.00038886117545189336,4.448858976364136,0.2370057851076126,0.00044162344420328736,5.0524983406066895,0.01628154143691063,0.2071787714958191,0.0003306647211246612
762,0.00038430474523920566,4.396730065345764,0.24035465717315674,0.00044167714077048004,5.053112506866455,0.016270147636532784,0.2070424109697342,0.0003295306796625715
763,0.00038207820034585893,4.371257066726685,0.23913460224866867,0.0004319626314099878,4.941972255706787,0.015851370990276337,0.20574218034744263,0.00032839797792531654
764,0.00038145457801874727,4.364121913909912,0.23504269123077393,0.0004070478898938745,4.656928539276123,0.01527922973036766,0.20374250411987305,0.0003272666236763076
765,0.00038281215529423207,4.3796539306640625,0.23361537605524063,0.00038388941902667284,4.3919782638549805,0.01492181234061718,0.20235925912857056,0.0003261366246697199
766,0.0003832934162346646,4.3851600885391235,0.2326640784740448,0.00040850721416063607,4.673624038696289,0.015384671278297901,0.20414330065250397,0.00032500798865044015
767,0.0003812439681496471,4.361712217330933,0.23450861871242523,0.000426821643486619,4.883154392242432,0.01564548909664154,0.2048237919807434,0.00032388072335401294
768,0.00038143426354508847,4.363889694213867,0.23664388060569763,0.0004420787445269525,5.057706832885742,0.015857327729463577,0.205369234085083,0.00032275483650658863
769,0.00038418320764321834,4.395339727401733,0.23778613656759262,0.00044387340312823653,5.0782389640808105,0.01591309905052185,0.20555570721626282,0.0003216303358248698
770,0.0003839178243651986,4.3923033475875854,0.23712537437677383,0.0004268911143299192,4.883950233459473,0.015653006732463837,0.20470383763313293,0.0003205072290160579
771,0.0003817084798356518,4.367026925086975,0.2360004559159279,0.00041253786184825003,4.719738006591797,0.015440225601196289,0.20439307391643524,0.00031938552377780156
772,0.0003866951010422781,4.424077153205872,0.2338450849056244,0.00037532096030190587,4.293948650360107,0.014803307130932808,0.20227406919002533,0.0003182652277981427
773,0.0003874672547681257,4.43291163444519,0.23397241532802582,0.00040827723569236696,4.670993328094482,0.015364443883299828,0.20409075915813446,0.00031714634875546453
774,0.00038223374576773494,4.37303614616394,0.2342126965522766,0.0004183986457064748,4.786789417266846,0.015539348125457764,0.20476853847503662,0.0003160288943184385
775,0.0003802110004471615,4.349895000457764,0.23510265350341797,0.0004366666835267097,4.995789051055908,0.01585165411233902,0.2056513875722885,0.0003149128721459727
776,0.0003817618126049638,4.367637395858765,0.23665329813957214,0.00043860168079845607,5.017927169799805,0.015913547948002815,0.20551139116287231,0.0003137982898871578
777,0.0003820038982667029,4.370406627655029,0.23650456964969635,0.0004295459948480129,4.914323806762695,0.015747180208563805,0.204835444688797,0.00031268515518121574
778,0.00038297454739222303,4.381511449813843,0.23432058840990067,0.00040653449832461774,4.651055335998535,0.01520791556686163,0.20305830240249634,0.00031157347565744745
779,0.0003822754370048642,4.373513340950012,0.2331254631280899,0.0003991055127698928,4.566061496734619,0.015137400478124619,0.20304033160209656,0.00031046325893517953
780,0.0003865113394567743,4.421975255012512,0.2331904172897339,0.0003984449722338468,4.558504581451416,0.015063854865729809,0.2029191255569458,0.0003093545126237135
781,0.0003822786529781297,4.373550176620483,0.23638272285461426,0.0004416691663209349,5.053021430969238,0.015976328402757645,0.2057364135980606,0.0003082472443222721
782,0.0003815354430116713,4.365047216415405,0.23744690418243408,0.00045060092816129327,5.155207633972168,0.016362179070711136,0.2069501131772995,0.0003071414616199486
783,0.00038731948006898165,4.431220769882202,0.24315869808197021,0.0004544720286503434,5.199495792388916,0.016499344259500504,0.207452654838562,0.0003060371720956537
784,0.000381432066205889,4.363864541053772,0.2393999993801117,0.00042167812353000045,4.824309349060059,0.015694186091423035,0.20532843470573425,0.000304934383318064
785,0.0003807009488809854,4.355500221252441,0.23497334122657776,0.0003864660393446684,4.421457290649414,0.015101023018360138,0.20321735739707947,0.0003038331028455703
786,0.00038477500493172556,4.402110695838928,0.23209194839000702,0.00036533339880406857,4.179684162139893,0.014716715551912785,0.2017413079738617,0.00030273333822622596
787,0.0003869213251164183,4.426666021347046,0.23078998923301697,0.0003800048434641212,4.347535610198975,0.015001751482486725,0.20284146070480347,0.0003016350969976943
788,0.0003837792028207332,4.390717625617981,0.23258473724126816,0.0004145221901126206,4.742440700531006,0.015466725453734398,0.20436213910579681,0.0003005383866871976
789,0.00038088177097961307,4.3575685024261475,0.2353621870279312,0.0004682727449107915,5.357386112213135,0.016558144241571426,0.20743754506111145,0.00029944321481146564
790,0.0003865132457576692,4.4219969511032104,0.24298898875713348,0.0004807104996871203,5.499682903289795,0.017063234001398087,0.20894508063793182,0.0002983495888766842
791,0.00038743705954402685,4.432565927505493,0.24237275123596191,0.0004506464465521276,5.155727863311768,0.016199547797441483,0.20701852440834045,0.0002972575163784426
792,0.0003868405765388161,4.425741910934448,0.2384209930896759,0.00041707378113642335,4.771632194519043,0.015279870480298996,0.20395402610301971,0.00029616700480168337
793,0.0003812485811067745,4.361765146255493,0.23338855057954788,0.0004019334737677127,4.598415851593018,0.015050167217850685,0.2028093934059143,0.0002950780616206511
794,0.0003830329224001616,4.3821797370910645,0.23280831426382065,0.00039881636621430516,4.562753677368164,0.015096434392035007,0.20282506942749023,0.0002939906942988402
795,0.00038178160320967436,4.367863416671753,0.23323510587215424,0.00041246460750699043,4.718899726867676,0.015389305539429188,0.20386531949043274,0.0002929049102889447
796,0.00038181222043931484,4.368213891983032,0.23481197655200958,0.00042861493420787156,4.903671741485596,0.01580096408724785,0.2055654525756836,0.0002918207170328063
797,0.00038197141111595556,4.3700350522994995,0.23652887344360352,0.0004346356727182865,4.97255277633667,0.01593022421002388,0.2060898244380951,0.00029073812196136464
798,0.0003824285668088123,4.375265002250671,0.2369322031736374,0.00043624264071695507,4.99093770980835,0.015984825789928436,0.20645877718925476,0.0002896571324946049
799,0.000380150624550879,4.3492043018341064,0.23647595942020416,0.0004107167187612504,4.698902606964111,0.015490315854549408,0.20478308200836182,0.00028857775604150754
800,0.000380541430786252,4.35367476940155,0.23552206158638,0.0004114939656574279,4.707795143127441,0.015473483130335808,0.20449668169021606,0.0002874999999999982
801,0.0003818404220510274,4.368536472320557,0.2351345419883728,0.0004097075725439936,4.687356948852539,0.015433861874043941,0.20420292019844055,0.0002864238717568964
802,0.00038446273538284004,4.398537516593933,0.2340548038482666,0.0003953521663788706,4.523120403289795,0.015177244320511818,0.20354454219341278,0.0002853493786878643
803,0.00038480157672893256,4.402414441108704,0.23237712681293488,0.0003974209539592266,4.546788692474365,0.015167279168963432,0.20355507731437683,0.0002842765281573569
804,0.00038434963789768517,4.3972437381744385,0.23792345821857452,0.0004340565064921975,4.965926647186279,0.016107341274619102,0.20659954845905304,0.0002832053275185721
805,0.000381718433345668,4.3671406507492065,0.23743383586406708,0.00043985131196677685,5.032223701477051,0.01603911817073822,0.20642626285552979,0.0002821357841133988
806,0.0003845713072223589,4.399779915809631,0.23799478262662888,0.0004473812587093562,5.118371963500977,0.016122277826070786,0.2063084989786148,0.00028106790527236784
807,0.00038046571717131883,4.352809190750122,0.23660768568515778,0.00042874840437434614,4.905198574066162,0.015676913782954216,0.20514333248138428,0.000280001698314601
808,0.00038332169060595334,4.385483622550964,0.23784281313419342,0.00042503251461312175,4.862685680389404,0.015718534588813782,0.20556768774986267,0.0002789371705477618
809,0.0003798666293732822,4.345954895019531,0.23508739471435547,0.00040195908513851464,4.598709583282471,0.015353234484791756,0.2046641707420349,0.00027787432926800414
810,0.00038113097252789885,4.360419750213623,0.23344288021326065,0.0003850999055430293,4.405827522277832,0.015082987025380135,0.2036207616329193,0.0002768131817599229
811,0.00038292701356112957,4.380967855453491,0.2331336885690689,0.0004075570323038846,4.662753582000732,0.01550779864192009,0.20504935085773468,0.0002757537352965046
812,0.0003840077552013099,4.393332242965698,0.23776733875274658,0.0004258308035787195,4.871819019317627,0.015890199691057205,0.20609918236732483,0.0002746959971390768
813,0.00038094178307801485,4.358255624771118,0.2362634539604187,0.0004249187186360359,4.861384391784668,0.015749963000416756,0.2057444453239441,0.00027363997453725824
814,0.0003852595400530845,4.40765380859375,0.23879727721214294,0.00043598891352303326,4.988035202026367,0.016042590141296387,0.20671948790550232,0.0002725856747289093
815,0.0003836343967122957,4.389060735702515,0.23831503093242645,0.00042534293606877327,4.866237640380859,0.015858540311455727,0.20624323189258575,0.0002715331049400833
816,0.00038415905873989686,4.395063161849976,0.23485417664051056,0.0003839911369141191,4.393141746520996,0.015027745626866817,0.2033930867910385,0.00027048227238497547
817,0.0003832178335869685,4.384294748306274,0.23225229233503342,0.00038441253127530217,4.397963047027588,0.01495401095598936,0.20299504697322845,0.0002694331842658745
818,0.00038425656384788454,4.396178722381592,0.23173555731773376,0.00039288157131522894,4.4948554039001465,0.01507471315562725,0.2034064531326294,0.0002683858477731127
819,0.0003857613046420738,4.413393974304199,0.2335481196641922,0.0004377399745862931,5.008068084716797,0.016034703701734543,0.2063901722431183,0.00026734027008501753
820,0.0003801046550506726,4.348677635192871,0.23690855503082275,0.00044569437159225345,5.099072456359863,0.016172220930457115,0.2070072740316391,0.00026629645836786115
821,0.00038160174153745174,4.365805745124817,0.23794901371002197,0.0004417248419485986,5.053658485412598,0.016155369579792023,0.20700092613697052,0.00026525441977581207
822,0.0003806544409599155,4.354967832565308,0.23674276471138,0.0004265920724719763,4.880527973175049,0.015808630734682083,0.20591995120048523,0.0002642141614508862
823,0.0003805768064921722,4.354079842567444,0.2349129468202591,0.0004080109647475183,4.667946815490723,0.015397375449538231,0.20449116826057434,0.00026317569052289796
824,0.00038062818930484354,4.35466742515564,0.23379218578338623,0.0003979462489951402,4.552798748016357,0.015319639816880226,0.20438916981220245,0.0002621390141094105
825,0.0003821079881163314,4.371597409248352,0.2348751723766327,0.00040955899748951197,4.685657024383545,0.015644878149032593,0.20564433932304382,0.00026110413931568785
826,0.00038056210905779153,4.353911399841309,0.23447288572788239,0.0004060744249727577,4.645791530609131,0.015445161610841751,0.2050134837627411,0.00026007107323464617
827,0.000381132384063676,4.360435962677002,0.23606155812740326,0.0004253463994245976,4.866276741027832,0.01582145318388939,0.20604053139686584,0.0002590398229468046
828,0.0003825905005214736,4.3771175146102905,0.23788857460021973,0.00043772676144726574,5.007917404174805,0.01607610657811165,0.20659980177879333,0.0002580103955202371
829,0.0003808152978308499,4.356808185577393,0.236265629529953,0.0004115928604733199,4.708926200866699,0.015483230352401733,0.2049017697572708,0.00025698279801052387
830,0.0003796079399762675,4.342994928359985,0.23428472876548767,0.00040754626388661563,4.662630081176758,0.015430630184710026,0.20479822158813477,0.00025595703746070355
831,0.0003794192452915013,4.340836524963379,0.23476357012987137,0.0004089665599167347,4.678879261016846,0.015546305105090141,0.2052062302827835,0.00025493312090122365
832,0.00038089357258286327,4.3577035665512085,0.23556171357631683,0.00041269120993092656,4.721491813659668,0.015692640095949173,0.20573517680168152,0.00025391105534989405
833,0.0003834665985777974,4.38714075088501,0.2355516031384468,0.00039486854802817106,4.517587661743164,0.015314674004912376,0.20466727018356323,0.00025289084781183725
834,0.000379780976800248,4.344974756240845,0.23335091024637222,0.0004092066374141723,4.681626319885254,0.015447203069925308,0.2050408124923706,0.0002518725052794418
835,0.0003797612080234103,4.344748616218567,0.23465481400489807,0.0004233500803820789,4.8434367179870605,0.015811223536729813,0.20593945682048798,0.0002508560347323132
836,0.0003820775309577584,4.371249198913574,0.2372824102640152,0.00043861838639713824,5.018117904663086,0.01627657562494278,0.20705245435237885,0.00024984144313722667
837,0.00038357496669050306,4.388381004333496,0.23866873979568481,0.00042083178414031863,4.8146257400512695,0.015761323273181915,0.20591798424720764,0.0002488287374480797
838,0.00038096532080089673,4.358524441719055,0.2359476163983345,0.00042875399230979383,4.905262470245361,0.015895642340183258,0.20647521317005157,0.0002478179246058435
839,0.00038010315620340407,4.348660707473755,0.23564714193344116,0.0004150075255893171,4.747992038726807,0.015608117915689945,0.2053954303264618,0.00024680901153851614
840,0.00038343640335369855,4.386795520782471,0.2365628033876419,0.0003917794383596629,4.482245922088623,0.015184974297881126,0.20399029552936554,0.00024580200516107463
841,0.00038339469756465405,4.386318683624268,0.2326248437166214,0.0003909538500010967,4.472800254821777,0.01510876975953579,0.2036164551973343,0.0002447969123754282
842,0.0003787967871176079,4.333714604377747,0.2332237809896469,0.0004157020302955061,4.755938529968262,0.01562603935599327,0.20548488199710846,0.00024379374007037007
843,0.0003798008692683652,4.345202326774597,0.2350226193666458,0.00042800899245776236,4.8967390060424805,0.01595202088356018,0.20656785368919373,0.0002427924951215309
844,0.0003797466488322243,4.344581961631775,0.23620405048131943,0.00043393377563916147,4.964522361755371,0.01603858545422554,0.20684631168842316,0.00024179318439133176
845,0.00037983777292538434,4.345624804496765,0.2372465580701828,0.0004372361581772566,5.002305030822754,0.016096558421850204,0.20695506036281586,0.00024079581472893628
846,0.00038080403464846313,4.356679201126099,0.23655717074871063,0.0004205219738651067,4.811082363128662,0.01574782095849514,0.2058955729007721,0.00023980039297020447
847,0.0003801912971539423,4.349669337272644,0.23620131611824036,0.00042031670454889536,4.808733940124512,0.015791568905115128,0.2058727741241455,0.00023880692593764542
848,0.00037944020004943013,4.341075658798218,0.2359704077243805,0.0004124264814890921,4.71846342086792,0.01565316505730152,0.20528371632099152,0.0002378154204403713
849,0.0003822793732979335,4.373558163642883,0.23711591213941574,0.00041332171531394124,4.728705406188965,0.01576041430234909,0.2057800143957138,0.00023682588327404957
850,0.0003789052861975506,4.334956407546997,0.2352297231554985,0.0004026242531836033,4.606318473815918,0.015567144379019737,0.2055155634880066,0.0002358383212208572
851,0.0003826934698736295,4.3782960176467896,0.23428191989660263,0.0003861349541693926,4.41766881942749,0.015208578668534756,0.2045135200023651,0.00023485274104943372
852,0.0003823026199825108,4.37382435798645,0.23316412419080734,0.00039289292180910707,4.494985103607178,0.015342624858021736,0.20508013665676117,0.00023386914951483565
853,0.0003800682898145169,4.348261713981628,0.23444318026304245,0.00042315892642363906,4.841250419616699,0.015937406569719315,0.20654623210430145,0.00023288755335848884
854,0.00038093335024314,4.358158826828003,0.23736155033111572,0.0004383503401186317,5.015051364898682,0.016385044902563095,0.20764774084091187,0.00023190795930814366
855,0.0003800199774559587,4.34770929813385,0.2384185492992401,0.00043158180778846145,4.9376139640808105,0.0160626620054245,0.20668068528175354,0.0002309303740778282
856,0.00037974237056914717,4.3445329666137695,0.23691197484731674,0.0004225174488965422,4.833911418914795,0.015801630914211273,0.20610637962818146,0.00022995480436780198
857,0.0003800272970693186,4.347793102264404,0.23535557091236115,0.00040261921822093427,4.606260776519775,0.015410782769322395,0.20497557520866394,0.00022898125686451055
858,0.00037915883876848966,4.337857007980347,0.23386388272047043,0.0003960661415476352,4.531289100646973,0.015348350629210472,0.20470908284187317,0.0002280097382405394
859,0.00038259961002040654,4.377221941947937,0.23467861115932465,0.0004082389932591468,4.67055606842041,0.01568293571472168,0.20593321323394775,0.00022704025515456867
860,0.0003837496115011163,4.390379190444946,0.23731042444705963,0.00041665768367238343,4.766871452331543,0.015892378985881805,0.2064395248889923,0.00022607281425132667
861,0.0003823730949079618,4.3746302127838135,0.23605897277593613,0.0003943498886656016,4.511653900146484,0.015315456315875053,0.20457741618156433,0.0002251074221615451
862,0.0003821894497377798,4.372529983520508,0.23297782242298126,0.00039302115328609943,4.4964518547058105,0.015217645093798637,0.20407068729400635,0.0002241440855019131
863,0.0003824921732302755,4.375993013381958,0.2355584055185318,0.0004194863431621343,4.799233436584473,0.015766683965921402,0.20589473843574524,0.00022318281087503253
864,0.0003797996760113165,4.345188498497009,0.23679911345243454,0.00041867821710184216,4.7899885177612305,0.015920955687761307,0.20642587542533875,0.00022222360486937176
865,0.0003845940955216065,4.400040626525879,0.23801258206367493,0.00040251496830023825,4.605068683624268,0.01559700258076191,0.20585417747497559,0.00022126647405922153
866,0.00038030419091228396,4.3509604930877686,0.23473628610372543,0.00040293275378644466,4.609848499298096,0.015586824156343937,0.20581451058387756,0.00022031142500464942
867,0.00038054199831094593,4.353681802749634,0.235575333237648,0.0004101801314391196,4.692763328552246,0.015740592032670975,0.2060488760471344,0.00021935846425145445
868,0.000378550510504283,4.330897331237793,0.2353256568312645,0.00041461738874204457,4.743528842926025,0.015715651214122772,0.20570629835128784,0.000218407598331123
869,0.0003820786405412946,4.371261358261108,0.23509810864925385,0.0004045242676511407,4.628056049346924,0.015468776226043701,0.20487399399280548,0.00021745883376078344
870,0.0003794163785642013,4.340803503990173,0.23431134968996048,0.0004076178593095392,4.663449287414551,0.015591690316796303,0.20537562668323517,0.00021651217704316225
871,0.00038079280056990683,4.356550693511963,0.23599157482385635,0.00041863840306177735,4.789531707763672,0.01603076234459877,0.2068212926387787,0.00021556763466653835
872,0.00038084565312601626,4.3571555614471436,0.23712430894374847,0.0004094775940757245,4.684726238250732,0.015835566446185112,0.20662185549736023,0.0002146252131046995
873,0.0003793418873101473,4.339951276779175,0.23547833412885666,0.00040916731813922524,4.68117618560791,0.015671687200665474,0.20624572038650513,0.00021368491881689739
874,0.00037992304714862257,4.34660005569458,0.23496216535568237,0.00041058685746975243,4.69741678237915,0.01572614163160324,0.20620080828666687,0.00021274675824780405
875,0.0003787063906202093,4.332680583000183,0.23533693701028824,0.00040647570858709514,4.6503825187683105,0.015740901231765747,0.2062060832977295,0.00021181073782746673
876,0.00038065768603701144,4.3550050258636475,0.23604003340005875,0.00041072414023801684,4.6989874839782715,0.015866510570049286,0.20653614401817322,0.0002108768639712647
877,0.00037870633241254836,4.332680344581604,0.23565197736024857,0.00040690440800972283,4.65528678894043,0.01568324863910675,0.20601853728294373,0.00020994514307986494
878,0.00038082855462562293,4.35696017742157,0.23507268726825714,0.00039676757296547294,4.539313793182373,0.015433805994689465,0.20527833700180054,0.00020901558153917806
879,0.0003801545244641602,4.34924852848053,0.23398388177156448,0.0004038833430968225,4.620723724365234,0.015615031123161316,0.20620784163475037,0.00020808818572031463
880,0.00037983946094755083,4.345644116401672,0.23487164080142975,0.0004118956858292222,4.712391376495361,0.015843737870454788,0.2068125307559967,0.00020716296197954175
881,0.0003785284934565425,4.330645322799683,0.23603693395853043,0.0004157402436248958,4.756376266479492,0.01593625172972679,0.20707713067531586,0.00020623991665823956
882,0.00037971865094732493,4.344261884689331,0.2355777621269226,0.0004096092889085412,4.686232566833496,0.015711911022663116,0.2062135636806488,0.0002053190560828572
883,0.0003791760973399505,4.338054656982422,0.23473979532718658,0.00040524915675632656,4.636349201202393,0.015563388355076313,0.2056174874305725,0.0002044003865648699
884,0.00038220056740101427,4.3726567029953,0.2376662865281105,0.0004206314915791154,4.8123345375061035,0.01597999781370163,0.20681613683700562,0.00020348391440073562
885,0.0003804644657066092,4.352794408798218,0.23642440140247345,0.0004029090341646224,4.60957670211792,0.01560444850474596,0.20575517416000366,0.000202569645871852
886,0.0003800674749072641,4.348252296447754,0.23549482226371765,0.0004064512613695115,4.6501030921936035,0.015802590176463127,0.20669947564601898,0.00020165758724451346
887,0.00038418640178861097,4.395375967025757,0.23845602571964264,0.0004189594474155456,4.793205738067627,0.016140254214406013,0.2078312337398529,0.00020074774476986729
888,0.00038216199027374387,4.372215509414673,0.23890310525894165,0.00041552947368472815,4.753964424133301,0.016006886959075928,0.20712098479270935,0.0001998401246838723
889,0.0003793397481786087,4.3399269580841064,0.23586328327655792,0.0003945647622458637,4.5141119956970215,0.015461374074220657,0.20537292957305908,0.0001989347332072547
890,0.0003801326238317415,4.3489978313446045,0.23501282930374146,0.0003807120956480503,4.355626583099365,0.015142228454351425,0.2041858583688736,0.0001980315765454664
891,0.00038144814607221633,4.364048779010773,0.23251518607139587,0.000392830086639151,4.494266033172607,0.015397816896438599,0.20511406660079956,0.0001971306608886418
892,0.00037883067852817476,4.334102630615234,0.23382528126239777,0.0004017608589492738,4.596441268920898,0.015571197494864464,0.20560945570468903,0.00019623199241155628
893,0.0003791948838625103,4.338269233703613,0.23570296168327332,0.0004212638596072793,4.819570064544678,0.015971321612596512,0.20677915215492249,0.00019533557727358282
894,0.00037887411599513143,4.334599614143372,0.23664450645446777,0.0004245211894158274,4.856835842132568,0.015973495319485664,0.2067493498325348,0.00019444142161865034
895,0.00037858085124753416,4.331244468688965,0.23642614483833313,0.00042143938480876386,4.821577072143555,0.015848275274038315,0.20635631680488586,0.0001935495315752015
896,0.0003794491640292108,4.3411785364151,0.23566260188817978,0.0004160097741987556,4.759459018707275,0.015699828043580055,0.20586934685707092,0.0001926599132561509
897,0.00037834031536476687,4.328492522239685,0.23488540202379227,0.0004080650396645069,4.668565273284912,0.015568358823657036,0.20559613406658173,0.00019177257275884303
898,0.00037893686385359615,4.3353177309036255,0.23441947251558304,0.000399996351916343,4.576253890991211,0.01547446008771658,0.20557084679603577,0.00019088751616501006
899,0.0003833278315141797,4.385553598403931,0.23494703322649002,0.0003872931411024183,4.430919647216797,0.01530468463897705,0.2052069902420044,0.00019000474954073107
900,0.00037991770659573376,4.3465389013290405,0.23330114781856537,0.00041040912037715316,4.695383071899414,0.015788018703460693,0.20678794384002686,0.00018912427893638946
901,0.000377959746401757,4.324138939380646,0.23599497228860855,0.00042053996003232896,4.811288356781006,0.015942823141813278,0.20698127150535583,0.0001882461103866322
902,0.0003790554328588769,4.336674213409424,0.23667370527982712,0.0004278441483620554,4.894853115081787,0.01606844738125801,0.20715229213237762,0.0001873702499103281
903,0.0003787196474149823,4.33283269405365,0.23678604513406754,0.00042051501804962754,4.811001777648926,0.015835240483283997,0.2063710242509842,0.00018649670351052704
904,0.0003792957213590853,4.339423298835754,0.23628312349319458,0.0004185205034445971,4.788183212280273,0.015823472291231155,0.206406831741333,0.00018562547717441803
905,0.0003780964470934123,4.325702488422394,0.23504962027072906,0.00040350708877667785,4.616418838500977,0.015569476410746574,0.20568665862083435,0.00018475657687328892
906,0.0003810588095802814,4.359593868255615,0.23375247418880463,0.00038513835170306265,4.406267166137695,0.015262939035892487,0.20481589436531067,0.0001838900085624849
907,0.00037967572279740125,4.343770503997803,0.23304037749767303,0.0003919140435755253,4.483785629272461,0.015346024185419083,0.2051117718219757,0.0001830257781813683
908,0.0003793133655562997,4.339625120162964,0.2335885614156723,0.00040395770338363945,4.6215739250183105,0.015600878745317459,0.20612727105617523,0.00018216389165327752
909,0.00037950377736706287,4.341803550720215,0.23586275428533554,0.0004252710205037147,4.865415096282959,0.016125762835144997,0.20763999223709106,0.000181304354885486
910,0.00038259156281128526,4.377130150794983,0.23884014785289764,0.0004381382022984326,5.012624263763428,0.01643841341137886,0.2083793431520462,0.00018044717376916293
911,0.0003805533269769512,4.353811502456665,0.23738835006952286,0.00041881034849211574,4.791499614715576,0.015819141641259193,0.20654389262199402,0.00017959235417933138
912,0.0003791248600464314,4.33746862411499,0.23544830083847046,0.00040743357385508716,4.661340713500977,0.015546872280538082,0.20567703247070312,0.0001787399019748292
913,0.00037890023668296635,4.334898233413696,0.23429619520902634,0.00040294890641234815,4.6100335121154785,0.015492988750338554,0.2054212987422943,0.00017788982299826814
914,0.00037903859629295766,4.336481809616089,0.23400826752185822,0.00039666210068389773,4.538107395172119,0.015458461828529835,0.20534822344779968,0.0001770421230759947
915,0.00038168049650266767,4.366706490516663,0.23486748337745667,0.0004115303454454988,4.7082109451293945,0.015850910916924477,0.20659667253494263,0.00017619680801804905
916,0.0003789996262639761,4.33603572845459,0.2358381301164627,0.0004103893006686121,4.695156574249268,0.01587590202689171,0.20686060190200806,0.00017535388361812596
917,0.00037885011988691986,4.334325432777405,0.2361905723810196,0.00041350495303049684,4.730801582336426,0.015929799526929855,0.207111656665802,0.0001745133556535347
918,0.0003813897928921506,4.363380789756775,0.23559997975826263,0.0004048243281431496,4.631489276885986,0.01566859520971775,0.20656949281692505,0.00017367522988516001
919,0.00037940902984701097,4.34071946144104,0.2361888512969017,0.00041301740566268563,4.725224018096924,0.0158492773771286,0.20711839199066162,0.00017283951205742212
920,0.0003792680654441938,4.339106440544128,0.23599307984113693,0.00041151937330141664,4.708085536956787,0.015816669911146164,0.20669376850128174,0.0001720062078982373
921,0.00037951223202981055,4.3419002294540405,0.23600997775793076,0.0003997538879048079,4.573479652404785,0.01552051305770874,0.20546093583106995,0.0001711753231189792
922,0.00037907100340817124,4.336852073669434,0.23438036441802979,0.000403140700655058,4.612226486206055,0.015546636655926704,0.2054961621761322,0.00017034686341443875
923,0.00037936285661999136,4.3401912450790405,0.23537282645702362,0.00041411392157897353,4.737768650054932,0.015736248344182968,0.20606964826583862,0.00016952083446278627
924,0.00037957682798150927,4.342639327049255,0.2359960675239563,0.0004157088987994939,4.756016731262207,0.015843279659748077,0.20657843351364136,0.0001686972419255314
925,0.0003820021083811298,4.370386481285095,0.236914724111557,0.00039751952863298357,4.547916889190674,0.015469815582036972,0.20559239387512207,0.00016787609144748545
926,0.00037956619053147733,4.342517375946045,0.23425740748643875,0.0004019530024379492,4.598639011383057,0.015660347416996956,0.20637568831443787,0.00016705738865672182
927,0.00037840931327082217,4.32928204536438,0.23493623733520508,0.00040527633973397315,4.636661052703857,0.015761036425828934,0.2067885398864746,0.0001662411391645376
928,0.00037843018071725965,4.329521059989929,0.23591165244579315,0.0004126750282011926,4.721307277679443,0.015932831913232803,0.2073010504245758,0.00016542734856541546
929,0.00037911195249762386,4.3373212814331055,0.23594930768013,0.0004092083836439997,4.681646347045898,0.015815656632184982,0.2068527340888977,0.0001646160224369851
930,0.0003777913807425648,4.32221245765686,0.23559202253818512,0.0004091126611456275,4.680551052093506,0.01575285755097866,0.2065996527671814,0.00016380716633998502
931,0.00037901621544733644,4.336225390434265,0.23535770177841187,0.0004018812032882124,4.597818374633789,0.015577131882309914,0.20585095882415771,0.00016300078581822424
932,0.0003782587737077847,4.327559590339661,0.23462405800819397,0.00040490261744707823,4.632385730743408,0.01562548615038395,0.20595332980155945,0.0001621968863985447
933,0.0003782833518926054,4.327841281890869,0.23478855937719345,0.0004071780713275075,4.658417701721191,0.01568903587758541,0.20616817474365234,0.00016139547359078288
934,0.0003792953066295013,4.339418411254883,0.23508400470018387,0.0004161537217441946,4.761106014251709,0.01593940332531929,0.20703044533729553,0.00016059655288773252
935,0.00037848830106668174,4.330185413360596,0.23610135167837143,0.0004130033194087446,4.725062847137451,0.015938349068164825,0.20707371830940247,0.00015980012976510652
936,0.00037853360117878765,4.330704092979431,0.23611615598201752,0.00040081850602291524,4.585659503936768,0.01566159352660179,0.20644454658031464,0.00015900620968149992
937,0.0003780693659791723,4.3253926038742065,0.23484592884778976,0.00039774703327566385,4.550519943237305,0.015612617135047913,0.20641586184501648,0.00015821479807835208
938,0.0003804635343840346,4.352783679962158,0.23528530448675156,0.00040996933239512146,4.690351486206055,0.01588699221611023,0.2073078155517578,0.00015742590037990937
939,0.00037908156809862703,4.336973309516907,0.23630660772323608,0.00040100753540173173,4.587822437286377,0.015683915466070175,0.2066023349761963,0.00015663952199318837
940,0.0003778467871597968,4.322845876216888,0.23488038033246994,0.0004009543335996568,4.587213516235352,0.015684183686971664,0.20649291574954987,0.00015585566830793863
941,0.00037824340688530356,4.327383637428284,0.23547674715518951,0.0004092397866770625,4.682005882263184,0.015864361077547073,0.2069285660982132,0.00015507434469660543
942,0.0003783332504099235,4.32841169834137,0.23573535680770874,0.0004084919346496463,4.6734490394592285,0.015862565487623215,0.2070493996143341,0.00015429555651429316
943,0.0003775868390221149,4.319872260093689,0.23575493693351746,0.0004090126312803477,4.679406642913818,0.015809427946805954,0.20684714615345,0.0001535193090987291
944,0.0003784524305956438,4.329775452613831,0.23640823364257812,0.000412346504162997,4.717548370361328,0.015846963971853256,0.2068289816379547,0.00015274560777022597
945,0.0003785247536143288,4.330602526664734,0.2352164089679718,0.0004023980291094631,4.60373067855835,0.015625035390257835,0.2062082588672638,0.0001519744578316461
946,0.0003782221319852397,4.32714056968689,0.23472101986408234,0.00039783233660273254,4.551495552062988,0.015551339834928513,0.20599044859409332,0.00015120586456836467
947,0.0003785969893215224,4.3314292430877686,0.23515091091394424,0.00040566601091995835,4.64111852645874,0.015805114060640335,0.20683729648590088,0.00015043983324823402
948,0.0003783709107665345,4.328842639923096,0.23557709902524948,0.00040482665644958615,4.631515979766846,0.015851445496082306,0.20696625113487244,0.00014967636912154703
949,0.00038016753387637436,4.349397420883179,0.23740679025650024,0.00041071977466344833,4.69893741607666,0.016025248914957047,0.20753450691699982,0.0001489154774210012
950,0.00037870083178859204,4.332617282867432,0.23603127896785736,0.0004034704470541328,4.616000175476074,0.015800021588802338,0.2070668786764145,0.00014815716336166314
951,0.0003777816746151075,4.322101354598999,0.23551183938980103,0.000398649659473449,4.560846328735352,0.015685219317674637,0.20678400993347168,0.00014740143214093265
952,0.00037772400537505746,4.321441888809204,0.23516388982534409,0.00039843187551014125,4.55835485458374,0.01567547768354416,0.20661818981170654,0.00014664828893850676
953,0.0003780467523029074,4.325134038925171,0.23478875309228897,0.0003971504629589617,4.543694496154785,0.0156197315081954,0.20635434985160828,0.00014589773891634448
954,0.00037859511940041557,4.331407904624939,0.23495835065841675,0.0004022624925710261,4.602180004119873,0.015714701265096664,0.20640578866004944,0.00014514978721863196
955,0.00038068564026616514,4.355325222015381,0.23625068366527557,0.0003939191228710115,4.506725311279297,0.015468807891011238,0.20559658110141754,0.00014440443897174618
956,0.0003781095874728635,4.32585346698761,0.23411116749048233,0.0004002961504738778,4.579683780670166,0.015596847981214523,0.20613087713718414,0.00014366169928422062
957,0.00038167105230968446,4.366598844528198,0.23608119785785675,0.0004175908397883177,4.777547836303711,0.01606121100485325,0.2075606882572174,0.00014292157324670982
958,0.0003787751484196633,4.333467125892639,0.23637303709983826,0.000410018750699237,4.690917015075684,0.015873422846198082,0.20718622207641602,0.00014218406593195502
959,0.0003780930710490793,4.325663924217224,0.23556246608495712,0.0004055694444105029,4.640015125274658,0.01578187569975853,0.20700764656066895,0.0001414491823947486
960,0.0003784507352975197,4.329755783081055,0.23593538999557495,0.000409011758165434,4.679396629333496,0.01583806425333023,0.2071068286895752,0.00014071692767189998
961,0.0003778108366532251,4.322434663772583,0.23561114072799683,0.00040312623605132103,4.612061977386475,0.01572130247950554,0.20665812492370605,0.0001399873067822011
962,0.0003777401871047914,4.321626782417297,0.23549877107143402,0.0004030789132229984,4.611520767211914,0.01573151722550392,0.206511989235878,0.00013926032472639198
963,0.00037896368303336203,4.33562445640564,0.23531711846590042,0.0003972950216848403,4.545348167419434,0.015566645190119743,0.20597456395626068,0.00013853598648712619
964,0.0003783289575949311,4.328362703323364,0.2345818355679512,0.0003954263520427048,4.5239691734313965,0.015518629923462868,0.20584645867347717,0.00013781429702893668
965,0.0003806734021054581,4.35518479347229,0.23725557327270508,0.0004097527707926929,4.6878743171691895,0.01592649146914482,0.2071065902709961,0.0001370952612982025
966,0.0003788704052567482,4.334557294845581,0.23603792488574982,0.0004045463283546269,4.6283087730407715,0.01582305133342743,0.20702801644802094,0.00013637888422311393
967,0.00037827058986295015,4.327694654464722,0.23544563353061676,0.0004054108867421746,4.638200283050537,0.015797868371009827,0.20691876113414764,0.0001356651707136392
968,0.00037907264777459204,4.336870551109314,0.23543743789196014,0.0004059229977428913,4.644058704376221,0.01583312824368477,0.20723794400691986,0.0001349541256614906
969,0.000377896023564972,4.32340943813324,0.235750213265419,0.0004056673787999898,4.641134262084961,0.015869874507188797,0.20726752281188965,0.00013424575394009169
970,0.0003795351512962952,4.342162132263184,0.2370288297533989,0.00040889959200285375,4.678112983703613,0.016001619398593903,0.20757359266281128,0.0001335400604045427
971,0.00037882949982304126,4.334089159965515,0.23663236945867538,0.00039602507604286075,4.530819416046143,0.01564331352710724,0.20646259188652039,0.00013283704989158803
972,0.0003781178966164589,4.3259477615356445,0.23483774811029434,0.000390517117921263,4.467803955078125,0.015472747385501862,0.2057812213897705,0.00013213672721958315
973,0.0003781936102313921,4.326814532279968,0.2339995726943016,0.00039578613359481096,4.528085708618164,0.015546077862381935,0.205969899892807,0.00013143909718846137
974,0.00037846127088414505,4.329876661300659,0.23468448966741562,0.00040557619649916887,4.640091419219971,0.01580148935317993,0.20682469010353088,0.00013074416457970058
975,0.0003778937825700268,4.323383569717407,0.23541602492332458,0.00040719154640100896,4.658572196960449,0.015834065154194832,0.20705193281173706,0.00013005193415629106
976,0.00037801142025273293,4.324729919433594,0.23539964109659195,0.0004064964014105499,4.650618553161621,0.015863977372646332,0.2073640674352646,0.00012936241066270287
977,0.00037761453131679446,4.320188999176025,0.23537924140691757,0.0004054289311170578,4.638406753540039,0.015819350257515907,0.20729339122772217,0.00012867559882485266
978,0.000377962518541608,4.3241700530052185,0.23552869260311127,0.00040845759212970734,4.673056125640869,0.015967266634106636,0.2077464461326599,0.00012799150335007184
979,0.00037794387026224285,4.323957204818726,0.2359040379524231,0.00040399853605777025,4.622042179107666,0.01584494858980179,0.2072884738445282,0.00012731012892707418
980,0.0003780928236665204,4.325661778450012,0.23535795509815216,0.00040144615923054516,4.592840671539307,0.015735633671283722,0.2067081332206726,0.00012663148022592377
981,0.00037944021460134536,4.341076552867889,0.23632344603538513,0.0004085237451363355,4.673813343048096,0.015926800668239594,0.20732346177101135,0.00012595556189800284
982,0.0003775982913793996,4.320003271102905,0.23546362668275833,0.0004014176956843585,4.592514514923096,0.01570759154856205,0.20657166838645935,0.00012528237857597978
983,0.000378071577870287,4.325417995452881,0.2351287305355072,0.0004006685921922326,4.583944320678711,0.01567121595144272,0.2063722312450409,0.00012461193487377773
984,0.0003836420437437482,4.389148235321045,0.23869239538908005,0.00041058275382965803,4.6973700523376465,0.01600411906838417,0.2075023055076599,0.00012394423538654298
985,0.00037739676190540195,4.317697644233704,0.2358735054731369,0.00040148678817786276,4.593304634094238,0.01578109711408615,0.206985741853714,0.0001232792846906129
986,0.000378231517970562,4.327247619628906,0.23506497591733932,0.00039340832154266536,4.500881195068359,0.015561982989311218,0.20639310777187347,0.000122617087343485
987,0.00037788878398714587,4.323326468467712,0.23457564413547516,0.0003957439330406487,4.5276031494140625,0.015617147088050842,0.20661738514900208,0.00012195764788378597
988,0.00037817072006873786,4.326552152633667,0.23443371802568436,0.0003959208261221647,4.529626846313477,0.015613600611686707,0.20646856725215912,0.00012130097083123988
989,0.00037915873690508306,4.337856292724609,0.23562516272068024,0.0004041001957375556,4.623204231262207,0.01586504466831684,0.20711490511894226,0.00012064706068663775
990,0.0003795001393882558,4.341761946678162,0.23630151897668839,0.0004098136560060084,4.688571453094482,0.016053970903158188,0.20766092836856842,0.00011999592193180642
991,0.00038028284325264394,4.3507161140441895,0.23696935921907425,0.0003984351933468133,4.5583930015563965,0.01572572812438011,0.20690080523490906,0.0001193475590295782
992,0.00037855739356018603,4.3309760093688965,0.23551565408706665,0.0004023040528409183,4.602655410766602,0.015806976705789566,0.20727531611919403,0.00011870197642375958
993,0.00037823016464244574,4.327232360839844,0.23514636605978012,0.00039841310353949666,4.558140277862549,0.01569448597729206,0.2068624347448349,0.00011805917853910158
994,0.0003780645565711893,4.325337648391724,0.23605376482009888,0.00040348758921027184,4.616196155548096,0.01583184115588665,0.20716911554336548,0.00011741916978126905
995,0.00037749022885691375,4.318767070770264,0.23566262423992157,0.0004002978093922138,4.579701900482178,0.01573101431131363,0.2067030668258667,0.00011678195453681021
996,0.0003790921764448285,4.33709454536438,0.23591036349534988,0.00039545007166452706,4.524240970611572,0.015560055151581764,0.20611697435379028,0.00011614753717312706
997,0.0003775506484089419,4.3194581270217896,0.23467308282852173,0.00040112336864694953,4.589147090911865,0.015673531219363213,0.2064630389213562,0.00011551592203844503
998,0.000378353608539328,4.328644394874573,0.23467786610126495,0.0003998402098659426,4.574467182159424,0.015628451481461525,0.20633062720298767,0.00011488711346178371
999,0.0003772870550164953,4.316442251205444,0.23511672765016556,0.00040586295654065907,4.643372058868408,0.015797127038240433,0.20686385035514832,0.00011426111575292664
1000,0.00037734372017439455,4.317090749740601,0.2356288731098175,0.0004080121871083975,4.6679606437683105,0.01587069407105446,0.20712755620479584,0.00011363793320239197
1001,0.00037874783447477967,4.333155274391174,0.2358163669705391,0.00041292959940619767,4.724219799041748,0.016035808250308037,0.2077401578426361,0.00011301757008140304
1002,0.00037753121432615444,4.319235682487488,0.23644813895225525,0.000406489591114223,4.650541305541992,0.015876365825533867,0.20729628205299377,0.00011240003064185949
1003,0.0003790409828070551,4.336508870124817,0.23616616427898407,0.0003964723728131503,4.5359368324279785,0.01560642383992672,0.20635831356048584,0.00011178531911630718
1004,0.00037862727185711265,4.331775546073914,0.23507999628782272,0.00040098096360452473,4.587518215179443,0.015730366110801697,0.2066795527935028,0.0001111734397179102
1005,0.00037878895818721503,4.333625435829163,0.23472761362791061,0.0003962616319768131,4.5335259437561035,0.015648752450942993,0.20653560757637024,0.00011056439664042159
1006,0.0003783670108532533,4.328797936439514,0.23558830469846725,0.0004032393917441368,4.613356113433838,0.01584325172007084,0.20715925097465515,0.00010995819405815428
1007,0.00037786208849865943,4.323021173477173,0.235652893781662,0.0004020764899905771,4.600052356719971,0.015831459313631058,0.2071538269519806,0.00010935483612595288
1008,0.00037743015127489343,4.318079471588135,0.23571914434432983,0.00040041530155576766,4.5810465812683105,0.015805717557668686,0.2070992887020111,0.00010875432697916504
1009,0.00037860416341573,4.331511378288269,0.2352462112903595,0.00039410716271959245,4.508876800537109,0.015611790120601654,0.206400528550148,0.00010815667073361336
1010,0.00037971143319737166,4.344178915023804,0.23427464067935944,0.00039041275158524513,4.466609954833984,0.01550351083278656,0.20603454113006592,0.00010756187148556673
1011,0.00037878943840041757,4.333630561828613,0.2351163551211357,0.00040359882405027747,4.617468357086182,0.01579797826707363,0.20697009563446045,0.00010696993331171266
1012,0.0003785007866099477,4.3303282260894775,0.23586754500865936,0.0004109144792892039,4.701165199279785,0.01602846384048462,0.20763570070266724,0.00010638086026912896
1013,0.0003778316604439169,4.322673320770264,0.23673181980848312,0.00040958909085020423,4.686001777648926,0.01605800911784172,0.20782147347927094,0.0001057946563952565
1014,0.00037798275297973305,4.3244019746780396,0.23654665052890778,0.0004037759208586067,4.619494915008545,0.01593010500073433,0.2075909674167633,0.00010521132570787084
1015,0.0003779982071137056,4.324578523635864,0.23645690083503723,0.00040149150299839675,4.593358993530273,0.015876146033406258,0.20744997262954712,0.00010463087220505528
1016,0.00038122848491184413,4.361535549163818,0.2357335463166237,0.00038651199429295957,4.421983242034912,0.015486539341509342,0.20622941851615906,0.00010405329986517322
1017,0.0003788413159782067,4.334224700927734,0.23504681885242462,0.00039231518167071044,4.488375663757324,0.015627197921276093,0.20662133395671844,0.00010347861264684072
1018,0.0003788677277043462,4.3345266580581665,0.23576091974973679,0.00040009370422922075,4.577367305755615,0.015840308740735054,0.2071763277053833,0.00010290681448889955
1019,0.00037745304871350527,4.318341612815857,0.2356015369296074,0.0004011918790638447,4.589931488037109,0.015851851552724838,0.2070961892604828,0.00010233790931039032
1020,0.0003779034741455689,4.3234944343566895,0.23549432307481766,0.0003981619083788246,4.555266380310059,0.015772096812725067,0.206926167011261,0.0001017719010105255
1021,0.0003777569654630497,4.321818709373474,0.2353011518716812,0.0003993674472440034,4.569058418273926,0.015739161521196365,0.20672178268432617,0.00010120879346866256
1022,0.0003814174415310845,4.363697171211243,0.2359786406159401,0.00039039741386659443,4.466434955596924,0.015496496111154556,0.20600742101669312,0.00010064859054427746
1023,0.0003777605452341959,4.321859955787659,0.2346067875623703,0.0003978327731601894,4.5515007972717285,0.01568148285150528,0.20656944811344147,0.00010009129607693832
1024,0.00037745494046248496,4.318363189697266,0.23493319749832153,0.00039965761243365705,4.572377681732178,0.015735242515802383,0.2068166434764862,9.953691388627918e-05
1025,0.00038185178709682077,4.368666052818298,0.238089457154274,0.0004149289452470839,4.74709415435791,0.016177725046873093,0.2081868201494217,9.898544777197328e-05
1026,0.0003796334785874933,4.343287348747253,0.23759901523590088,0.0004052853910252452,4.636763572692871,0.01591404527425766,0.2075137048959732,9.843690151370771e-05
1027,0.00037759292172268033,4.319941997528076,0.23590892553329468,0.00040099036414176226,4.587625980377197,0.015804976224899292,0.20726090669631958,9.789127887115725e-05
1028,0.00037841084122192115,4.329299688339233,0.23520027846097946,0.0003955916909035295,4.525860786437988,0.015692129731178284,0.20685064792633057,9.734858358395826e-05
1029,0.0003780236002057791,4.324869632720947,0.23483856767416,0.00039424197166226804,4.510418891906738,0.01562725007534027,0.20656879246234894,9.680881937168352e-05
1030,0.0003778248355956748,4.322595417499542,0.2345118224620819,0.00039534145616926253,4.522998332977295,0.015633506700396538,0.2065136432647705,9.627198993381637e-05
1031,0.00037745579902548343,4.318373203277588,0.23477237671613693,0.0004008339310530573,4.585835933685303,0.015761207789182663,0.2070048749446869,9.573809894972587e-05
1032,0.0003779512189794332,4.32404100894928,0.2352190688252449,0.00040007088682614267,4.577106952667236,0.01574201136827469,0.20696336030960083,9.520715007864097e-05
1033,0.00037790990609209985,4.323568344116211,0.2356603443622589,0.0004075059841852635,4.662168979644775,0.015965603291988373,0.20763175189495087,9.46791469596257e-05
1034,0.00037779606645926833,4.3222657442092896,0.23613956570625305,0.00040478981100022793,4.631094455718994,0.015903566032648087,0.20747984945774078,9.415409321155435e-05
1035,0.00037763161526527256,4.320384979248047,0.2358519583940506,0.00040247238939628005,4.604581832885742,0.015827085822820663,0.20716065168380737,9.363199243308662e-05
1036,0.00037739964318461716,4.317730665206909,0.23526009172201157,0.00040117991738952696,4.589794158935547,0.01578764244914055,0.2070259004831314,9.31128482026426e-05
1037,0.0003774589640670456,4.318409442901611,0.2354711890220642,0.00040469769737683237,4.630040645599365,0.01585354283452034,0.20717394351959229,9.259666407837888e-05
1038,0.00037744581641163677,4.318258762359619,0.23575320839881897,0.0004048088740091771,4.631312370300293,0.015892494469881058,0.20733320713043213,9.208344359816365e-05
1039,0.00037774430529680103,4.32167387008667,0.23618103563785553,0.0004040786297991872,4.622957706451416,0.015907108783721924,0.2073456048965454,9.157319027955257e-05
1040,0.0003771665215026587,4.3150633573532104,0.23588261008262634,0.0003993778664153069,4.569177627563477,0.01579994335770607,0.20705163478851318,9.106590761976478e-05
1041,0.0003779125399887562,4.323598861694336,0.23523399233818054,0.000392183312214911,4.486866474151611,0.015633422881364822,0.2066051959991455,9.056159909565868e-05
1042,0.0003777614765567705,4.3218700885772705,0.23469994217157364,0.00039284746162593365,4.494465351104736,0.0156721118837595,0.20682314038276672,9.006026816370866e-05
1043,0.0003773811331484467,4.317518949508667,0.23486454784870148,0.0003956987929996103,4.5270867347717285,0.01570628210902214,0.2069120556116104,8.956191825998066e-05
1044,0.0003772791096707806,4.316351532936096,0.23512277752161026,0.00040010278462432325,4.5774712562561035,0.015840811654925346,0.20734870433807373,8.90665528001092e-05
1045,0.0003775145160034299,4.319044828414917,0.23568439483642578,0.00040240027010440826,4.603755950927734,0.015905369073152542,0.207429900765419,8.85741751792735e-05
1046,0.0003788990434259176,4.334884762763977,0.23626235872507095,0.0004073649179190397,4.660555362701416,0.016024690121412277,0.20780029892921448,8.808478877217474e-05
1047,0.00037791924114571884,4.32367479801178,0.23599088191986084,0.00040359783452004194,4.617457389831543,0.015858594328165054,0.2072356641292572,8.75983969330127e-05
1048,0.0003774564538616687,4.31838071346283,0.2358047366142273,0.00040266348514705896,4.606767654418945,0.015814820304512978,0.20708343386650085,8.711500299546234e-05
1049,0.0003793250289163552,4.339758038520813,0.2367459461092949,0.00040528064710088074,4.636710166931152,0.01593240350484848,0.2074364721775055,8.663461027265183e-05
1050,0.0003769602335523814,4.312703371047974,0.2360176146030426,0.0004000596236437559,4.576977729797363,0.015790674835443497,0.20701545476913452,8.615722205713893e-05
1051,0.0003775514051085338,4.319466829299927,0.23541511595249176,0.00039727729745209217,4.5451459884643555,0.015744425356388092,0.20695053040981293,8.568284162088912e-05
1052,0.0003773669304791838,4.31735622882843,0.23530378937721252,0.0003918928559869528,4.48354434967041,0.01561925932765007,0.2066097855567932,8.521147221525264e-05
1053,0.00037924450589343905,4.338837027549744,0.23568148910999298,0.0003966850053984672,4.538369655609131,0.015795614570379257,0.20713599026203156,8.474311707094275e-05
1054,0.0003775312070501968,4.319235801696777,0.23523663729429245,0.000392282847315073,4.488005638122559,0.015681782737374306,0.20677605271339417,8.427777939801318e-05
1055,0.0003776507801376283,4.320603847503662,0.23540417104959488,0.0003964442294090986,4.535614967346191,0.015784740447998047,0.20713016390800476,8.381546238583621e-05
1056,0.00037960035842843354,4.342908143997192,0.23616962134838104,0.0004038629122078419,4.620490074157715,0.015963587909936905,0.20764970779418945,8.335616920308072e-05
1057,0.00037801574217155576,4.324779272079468,0.23675556480884552,0.0004054171440657228,4.638271808624268,0.01597537472844124,0.20771022140979767,8.289990299769094e-05
1058,0.00037747259193565696,4.318564772605896,0.23595888912677765,0.00039731638389639556,4.545592308044434,0.01575164869427681,0.20711767673492432,8.244666689686438e-05
1059,0.00037840021832380444,4.329178094863892,0.23528572171926498,0.0003909720398951322,4.47300910949707,0.015579009428620338,0.20656566321849823,8.199646400703035e-05
1060,0.0003781227860599756,4.326003789901733,0.23458702117204666,0.0003882154414895922,4.441471576690674,0.015499603934586048,0.2062123715877533,8.154929741382928e-05
1061,0.0003774796350626275,4.318645715713501,0.23431311547756195,0.00039225787622854114,4.487720012664795,0.015611540526151657,0.20655688643455505,8.110517018209074e-05
1062,0.00037707907904405147,4.31406307220459,0.23463957011699677,0.00039701288915239275,4.542120456695557,0.015707697719335556,0.20675459504127502,8.066408535581314e-05
1063,0.0003777614256250672,4.321869730949402,0.23500845581293106,0.0003983000060543418,4.5568461418151855,0.015706658363342285,0.20662757754325867,8.022604595814239e-05
1064,0.0003780338302021846,4.324985980987549,0.23572244495153427,0.00040666063432581723,4.652498245239258,0.01591290533542633,0.2072141468524933,7.979105499135165e-05
1065,0.0003774323413381353,4.318104386329651,0.23596705496311188,0.00040665746200829744,4.652461528778076,0.01590588688850403,0.20723797380924225,7.935911543682016e-05
1066,0.0003770400580833666,4.313617289066315,0.23594310134649277,0.00040628210990689695,4.648167610168457,0.01588740572333336,0.20728588104248047,7.893023025501332e-05
1067,0.00037820231227669865,4.3269137144088745,0.2368493750691414,0.0004079967620782554,4.667783737182617,0.01598012074828148,0.20768055319786072,7.850440238546205e-05
1068,0.0003793686191784218,4.340257048606873,0.2369079813361168,0.00040974808507598937,4.687820911407471,0.016055148094892502,0.20795512199401855,7.808163474674299e-05
1069,0.00037715525832027197,4.314934492111206,0.23614321649074554,0.00040170038118958473,4.595749378204346,0.01587127335369587,0.2074231207370758,7.766193023645818e-05
1070,0.00037734757643193007,4.317134857177734,0.23517166078090668,0.00039326943806372583,4.499292850494385,0.015666771680116653,0.20680901408195496,7.724529173121533e-05
1071,0.00037817773409187794,4.326632618904114,0.2352708876132965,0.0003928303485736251,4.494269371032715,0.015702880918979645,0.20687779784202576,7.683172208660811e-05
1072,0.0003770854673348367,4.314136385917664,0.2349134013056755,0.00039054418448358774,4.468114376068115,0.01565859094262123,0.20676210522651672,7.64212241371966e-05
1073,0.0003773823118535802,4.317532181739807,0.23495958745479584,0.00039263488724827766,4.492033004760742,0.015725543722510338,0.20696330070495605,7.601380069648772e-05
1074,0.0003780926635954529,4.325659275054932,0.23580805212259293,0.000397442898247391,4.547039985656738,0.015822123736143112,0.20720455050468445,7.560945455691606e-05
1075,0.00037821801379323006,4.327093482017517,0.23593691736459732,0.00039996232953853905,4.575864315032959,0.015872906893491745,0.20742657780647278,7.520818848982493e-05
1076,0.00037744278961326927,4.318224191665649,0.23571495711803436,0.000398649659473449,4.56084680557251,0.015815023332834244,0.2072836309671402,7.481000524544694e-05
1077,0.00037687351868953556,4.3117111921310425,0.23542673885822296,0.00039718576590530574,4.544098854064941,0.015760578215122223,0.20712979137897491,7.441490755288545e-05
1078,0.00037721397529821843,4.315606474876404,0.23531530052423477,0.0003948333323933184,4.517184734344482,0.015694521367549896,0.20696642994880676,7.40228981200958e-05
1079,0.00037781255377922207,4.3224546909332275,0.23573730885982513,0.00039843140984885395,4.558349132537842,0.015794893726706505,0.2072468101978302,7.363397963386676e-05
1080,0.0003770860203076154,4.314142465591431,0.23542552441358566,0.00039845448918640614,4.5586137771606445,0.01578126847743988,0.20717689394950867,7.324815475980216e-05
1081,0.00037831875670235604,4.328246116638184,0.2356134057044983,0.0003931687097065151,4.498140811920166,0.015613406896591187,0.2065887302160263,7.286542614230237e-05
1082,0.000377236632630229,4.315865755081177,0.23469429463148117,0.00039547914639115334,4.524572849273682,0.015661293640732765,0.2066797912120819,7.248579640454658e-05
1083,0.000377563621441368,4.319606423377991,0.23476532101631165,0.00039489727350883186,4.517916202545166,0.015613849274814129,0.20639273524284363,7.21092681484745e-05
1084,0.0003769685863517225,4.312799096107483,0.23463907837867737,0.0003972270351368934,4.544570446014404,0.015677616000175476,0.20657861232757568,7.173584395476858e-05
1085,0.0003771481424337253,4.314853668212891,0.23515690863132477,0.00040183146484196186,4.5972490310668945,0.01579744927585125,0.20695939660072327,7.136552638283643e-05
1086,0.0003783872671192512,4.329029440879822,0.23579928278923035,0.0003984669456258416,4.558755874633789,0.01571262627840042,0.20677679777145386,7.099831797079326e-05
1087,0.0003776865341933444,4.3210132122039795,0.2352450042963028,0.00040410298970527947,4.623236179351807,0.015876272693276405,0.20730102062225342,7.063422123544448e-05
1088,0.0003780053448281251,4.324660539627075,0.23604071140289307,0.00040710478788241744,4.657578945159912,0.015988580882549286,0.2076432704925537,7.027323867226813e-05
1089,0.0003773784701479599,4.317488670349121,0.2361987829208374,0.0004040247877128422,4.622342109680176,0.015909327194094658,0.20742017030715942,6.99153727553985e-05
1090,0.00037726749724242836,4.316218614578247,0.23581573367118835,0.00039814552292227745,4.555078506469727,0.01579037494957447,0.20710918307304382,6.956062593760838e-05
1091,0.000377688673324883,4.3210368156433105,0.23508737236261368,0.00039312258013524115,4.497612953186035,0.01568073034286499,0.20684942603111267,6.920900065029282e-05
1092,0.00037744210567325354,4.318216800689697,0.2348998561501503,0.00039129494689404964,4.47670316696167,0.015631835907697678,0.20665189623832703,6.886049930345211e-05
1093,0.00037712487392127514,4.314587116241455,0.23486629128456116,0.0003944591444451362,4.512904167175293,0.015722163021564484,0.20690718293190002,6.851512428567553e-05
1094,0.00037772441282868385,4.321445941925049,0.2354375720024109,0.0003983339120168239,4.557233810424805,0.015866700559854507,0.20740027725696564,6.817287796412468e-05
1095,0.00037701929977629334,4.313379168510437,0.2356742024421692,0.0003972739796154201,4.545107841491699,0.0158613882958889,0.2074134647846222,6.783376268451766e-05
1096,0.00037700905522797257,4.313261985778809,0.23584629595279694,0.0003974069841206074,4.546628952026367,0.015869000926613808,0.20744013786315918,6.749778077111247e-05
1097,0.0003776935482164845,4.3210930824279785,0.236367367208004,0.0004007212701253593,4.58454704284668,0.015928281471133232,0.2075795829296112,6.716493452669165e-05
1098,0.00037769880873383954,4.321153283119202,0.23550208657979965,0.0003966523800045252,4.537996768951416,0.015771659091114998,0.20703017711639404,6.683522623254604e-05
1099,0.0003775563163799234,4.319523215293884,0.2356361821293831,0.0003988445387221873,4.563076019287109,0.01583031378686428,0.20727132260799408,6.650865814845932e-05
1100,0.0003772000636672601,4.315447211265564,0.23547131568193436,0.0003958800807595253,4.529160976409912,0.01574336178600788,0.20705300569534302,6.618523251269263e-05
1101,0.0003770542680285871,4.313778877258301,0.23498589545488358,0.0003948818484786898,4.517740249633789,0.015702534466981888,0.20694154500961304,6.586495154196912e-05
1102,0.00037808226625202224,4.325539827346802,0.23463086038827896,0.00039185723289847374,4.48313570022583,0.015621999278664589,0.20668856799602509,6.554781743145862e-05
1103,0.0003792630595853552,4.339049339294434,0.23640484362840652,0.00040006564813666046,4.5770463943481445,0.015874730423092842,0.20741087198257446,6.523383235476278e-05
1104,0.00037683318805648014,4.311249732971191,0.23573391139507294,0.00039923013537190855,4.5674872398376465,0.015873121097683907,0.2073497325181961,6.49229984639003e-05
1105,0.00037712653283961117,4.3146058320999146,0.23571167886257172,0.0003977507003583014,4.550561428070068,0.015824921429157257,0.2072228044271469,6.461531788929177e-05
1106,0.00037689507007598877,4.311957836151123,0.23544812202453613,0.0003977034648414701,4.550021648406982,0.015801280736923218,0.20715917646884918,6.431079273974535e-05
1107,0.000377945791115053,4.323978900909424,0.23586615920066833,0.0003948227968066931,4.517064571380615,0.01568853296339512,0.20680582523345947,6.400942510244239e-05
1108,0.0003770959301618859,4.314256310462952,0.23503205180168152,0.00039827849832363427,4.556600093841553,0.015746019780635834,0.2069767713546753,6.371121704292297e-05
1109,0.0003776068188017234,4.320100545883179,0.2352730929851532,0.0004019651678390801,4.59877872467041,0.01583945006132126,0.20717975497245789,6.341617060507163e-05
1110,0.0003769449394894764,4.312528610229492,0.2356352061033249,0.0003990770783275366,4.565736770629883,0.015776943415403366,0.20699891448020935,6.312428781110369e-05
1111,0.0003774495125981048,4.318301200866699,0.2355072945356369,0.0004002997884526849,4.579724311828613,0.015845797955989838,0.20724287629127502,6.283557066155111e-05
1112,0.0003775274963118136,4.319193363189697,0.23586323857307434,0.0003958732995670289,4.529083251953125,0.01574689894914627,0.20703381299972534,6.255002113524892e-05
1113,0.000376818046788685,4.311076641082764,0.23518837243318558,0.0003950569371227175,4.519742965698242,0.015754789113998413,0.20709484815597534,6.226764118932163e-05
1114,0.000377345597371459,4.317112624645233,0.23496480286121368,0.0003927368379663676,4.493198871612549,0.01569814234972,0.20694401860237122,6.198843275916973e-05
1115,0.00037868185609113425,4.332399845123291,0.236219584941864,0.0003989393007941544,4.564160346984863,0.015878215432167053,0.20742717385292053,6.171239775845655e-05
1116,0.0003778309765039012,4.322665214538574,0.23574484884738922,0.0003949431120418012,4.518440246582031,0.01577027514576912,0.2071322351694107,6.143953807909508e-05
1117,0.0003768501046579331,4.311443209648132,0.23526307195425034,0.0003959012683480978,4.529402256011963,0.015767155215144157,0.20707237720489502,6.116985559123498e-05
1118,0.00037754018558189273,4.31933856010437,0.23567627370357513,0.00039981570444069803,4.574186325073242,0.015851231291890144,0.2072676122188568,6.090335214324984e-05
1119,0.0003770080074900761,4.313249588012695,0.2356961891055107,0.00039979186840355396,4.573914527893066,0.015839561820030212,0.20722684264183044,6.064002956172453e-05
1120,0.0003776523590204306,4.3206223249435425,0.23536600172519684,0.0003947778604924679,4.516550064086914,0.01571040228009224,0.2068251371383667,6.037988965144241e-05
1121,0.0003771423071157187,4.3147865533828735,0.2352600395679474,0.0003963381168432534,4.534400463104248,0.015767164528369904,0.20696979761123657,6.012293419537334e-05
1122,0.0003767999878618866,4.310870170593262,0.23530788719654083,0.0003964222560171038,4.53536319732666,0.015785807743668556,0.2070389688014984,5.986916495466128e-05
1123,0.0003771015035454184,4.314319610595703,0.23568160831928253,0.0003983692731708288,4.557638645172119,0.015850909054279327,0.20727384090423584,5.961858366861222e-05
1124,0.0003770135954255238,4.313313841819763,0.23566491901874542,0.0003988048993051052,4.5626220703125,0.015867605805397034,0.20733359456062317,5.937119205468223e-05
1125,0.0003771677002077922,4.315076589584351,0.2360289767384529,0.0003944119962397963,4.512364387512207,0.015744470059871674,0.20700830221176147,5.91269918084656e-05
1126,0.0003778627797146328,4.323029398918152,0.23563090711832047,0.0003974046267103404,4.546602725982666,0.01586174964904785,0.20743504166603088,5.8885984603683615e-05
1127,0.00037807915214216337,4.325504422187805,0.23562506586313248,0.0003920609306078404,4.485466003417969,0.015720877796411514,0.20708027482032776,5.864817209217264e-05
1128,0.0003767796733882278,4.310637354850769,0.23504123836755753,0.00039256116724573076,4.491189479827881,0.015730172395706177,0.20713777840137482,5.8413555903872954e-05
1129,0.0003773018397623673,4.316611647605896,0.2354612499475479,0.0003963751078117639,4.534823894500732,0.01583080366253853,0.2074187994003296,5.818213764681764e-05
1130,0.0003774400902329944,4.318192958831787,0.2353544682264328,0.00039377406938001513,4.50506591796875,0.015742294490337372,0.20706939697265625,5.795391890712165e-05
1131,0.0003766770532820374,4.309463739395142,0.23521003872156143,0.00039554393151775,4.5253143310546875,0.015787756070494652,0.2072007656097412,5.772890124897052e-05
1132,0.0003773393473238684,4.317041039466858,0.2353576272726059,0.0003939738089684397,4.507350921630859,0.01573312096297741,0.20700977742671967,5.750708621461015e-05
1133,0.00037677572981920093,4.3105926513671875,0.23509500920772552,0.00039524445310235023,4.521888256072998,0.01575915887951851,0.20705927908420563,5.7288475324335926e-05
1134,0.0003773730422835797,4.3174262046813965,0.23543759435415268,0.00040033194818533957,4.580092906951904,0.01587703451514244,0.20737743377685547,5.707307007648245e-05
1135,0.0003774885553866625,4.318747878074646,0.23607613891363144,0.0004025656380690634,4.605648040771484,0.0159367173910141,0.20749950408935547,5.686087194741311e-05
1136,0.0003768915921682492,4.311918258666992,0.23585617542266846,0.0003995405859313905,4.571039199829102,0.015873488038778305,0.2073194831609726,5.665188239151017e-05
1137,0.0003766709996853024,4.309394478797913,0.23564989864826202,0.000397186930058524,4.544111251831055,0.01580827683210373,0.20713961124420166,5.64461028411647e-05
1138,0.00037689352757297456,4.311940312385559,0.23559336364269257,0.00039662804920226336,4.537717819213867,0.015809886157512665,0.20715877413749695,5.624353470676659e-05
1139,0.00037704432907048613,4.313665270805359,0.2357531189918518,0.00039729769923724234,4.545379161834717,0.015817344188690186,0.20716390013694763,5.604417937669519e-05
1140,0.0003768538445001468,4.31148624420166,0.23552164435386658,0.0003964874485973269,4.53610897064209,0.0157985370606184,0.2071235477924347,5.5848038217309645e-05
1141,0.0003768138703890145,4.311028718948364,0.2353685200214386,0.0003929084923584014,4.4951629638671875,0.015709202736616135,0.20687729120254517,5.565511257293943e-05
1142,0.0003775897348532453,4.319905638694763,0.23508450388908386,0.00038922909880056977,4.453068256378174,0.015616027638316154,0.20658478140830994,5.546540376587535e-05
1143,0.0003783319116337225,4.328396320343018,0.23446271568536758,0.000387051870347932,4.428159236907959,0.015551764518022537,0.20641566812992096,5.5278913096360385e-05
1144,0.0003772076452150941,4.315533638000488,0.2349226474761963,0.00039325663237832487,4.499146461486816,0.015729442238807678,0.2070053219795227,5.509564184258057e-05
1145,0.0003769293398363516,4.312350034713745,0.2350960522890091,0.0003974094579461962,4.546658039093018,0.01584569737315178,0.20737534761428833,5.491559126065666e-05
1146,0.00037687325675506145,4.311708211898804,0.23575886338949203,0.0003994611033704132,4.570130825042725,0.01591845415532589,0.20758084952831268,5.473876258463519e-05
1147,0.000376728770788759,4.3100550174713135,0.23596595227718353,0.00040044967317953706,4.581439971923828,0.015938814729452133,0.2076253443956375,5.4565157026480045e-05
1148,0.000377104282961227,4.314351558685303,0.23584306240081787,0.0003984385693911463,4.558431148529053,0.01586412824690342,0.20741844177246094,5.4394775776064313e-05
1149,0.00037700570828747004,4.313223600387573,0.23562054336071014,0.0003969725512433797,4.541659355163574,0.01580587401986122,0.20723624527454376,5.4227620001162025e-05
1150,0.0003767200978472829,4.309956192970276,0.23556719720363617,0.00039768737042322755,4.549837112426758,0.015820829197764397,0.2072443962097168,5.406369084744009e-05
1151,0.0003768027090700343,4.310901165008545,0.23577551543712616,0.00039914296939969063,4.566490173339844,0.015849091112613678,0.2072993963956833,5.3902989438450625e-05
1152,0.00037726435402873904,4.316182971000671,0.235861137509346,0.0003995216975454241,4.570822715759277,0.015857962891459465,0.2073042392730713,5.374551687562308e-05
1153,0.00037675679777748883,4.310375809669495,0.23568004369735718,0.00039731385186314583,4.5455641746521,0.015821371227502823,0.2071983516216278,5.359127423825671e-05
1154,0.000377339543774724,4.317042827606201,0.2358315959572792,0.00039759313222020864,4.5487589836120605,0.015846941620111465,0.20727798342704773,5.344026258351339e-05
1155,0.0003766301815630868,4.308926939964294,0.23555229604244232,0.0003946335054934025,4.514898300170898,0.015766315162181854,0.20700372755527496,5.3292482946410026e-05
1156,0.00037711097684223205,4.314427971839905,0.23563756048679352,0.00039469331386499107,4.515583038330078,0.015779970213770866,0.20705078542232513,5.31479363398117e-05
1157,0.0003776271769311279,4.320333361625671,0.2358829453587532,0.00039598147850483656,4.530320644378662,0.015820767730474472,0.20716340839862823,5.3006623754424726e-05
1158,0.0003768136230064556,4.311026215553284,0.23533263057470322,0.000392928282963112,4.495389938354492,0.015729587525129318,0.20694443583488464,5.2868546158789644e-05
1159,0.00037727892049588263,4.316349387168884,0.2352318912744522,0.0003949674719478935,4.518719673156738,0.015780624002218246,0.20712554454803467,5.2733704499274955e-05
1160,0.00037665093259420246,4.309165000915527,0.23531973361968994,0.0003941103059332818,4.508913516998291,0.015766216441988945,0.20713230967521667,5.260209970007019e-05
1161,0.00037676480133086443,4.3104671239852905,0.2353406921029091,0.0003942455805372447,4.51046085357666,0.015773314982652664,0.20717555284500122,5.2473732663179926e-05
1162,0.00037687746953452006,4.311756253242493,0.23513546586036682,0.00039247452514246106,4.490198612213135,0.015729887410998344,0.20705179870128632,5.234860426841754e-05
1163,0.00037699596578022465,4.313112258911133,0.23512853682041168,0.00039380264934152365,4.5053935050964355,0.015765324234962463,0.2072034776210785,5.2226715373398944e-05
1164,0.00037716418592026457,4.31503689289093,0.23493057489395142,0.0003917465219274163,4.481869697570801,0.015698697417974472,0.20696842670440674,5.2108066813537e-05
1165,0.00037710748438257724,4.314387679100037,0.23546864092350006,0.00039556081173941493,4.525507926940918,0.015789572149515152,0.20723828673362732,5.199265940203566e-05
1166,0.0003775256045628339,4.319171786308289,0.23552867025136948,0.00040011166129261255,4.577572822570801,0.015907421708106995,0.20758241415023804,5.188049392988447e-05
1167,0.00037756994424853474,4.319679260253906,0.23573550581932068,0.0003961899201385677,4.532704830169678,0.015780333429574966,0.207185760140419,5.1771571165852905e-05
1168,0.0003769186441786587,4.312227845191956,0.23537346720695496,0.0003976224397774786,4.5490946769714355,0.015811137855052948,0.20727230608463287,5.1665891856485427e-05
1169,0.0003765729779843241,4.308273077011108,0.23544000089168549,0.000397296593291685,4.5453667640686035,0.015792526304721832,0.2071860432624817,5.156345672609624e-05
1170,0.000376780801161658,4.310650825500488,0.23529383540153503,0.00039585321792401373,4.528852462768555,0.01574265956878662,0.20703154802322388,5.146426647676422e-05
1171,0.00037744385190308094,4.318236827850342,0.23494518548250198,0.0003933891130145639,4.500661849975586,0.015691902488470078,0.20680998265743256,5.1368321788328216e-05
1172,0.00037706686998717487,4.313923120498657,0.23485929518938065,0.00039239582838490605,4.4892988204956055,0.01567322015762329,0.20676104724407196,5.127562331838241e-05
1173,0.0003774523502215743,4.318333387374878,0.23542094230651855,0.0003972036938648671,4.544302940368652,0.01580510102212429,0.2071605920791626,5.118617170227173e-05
1174,0.0003765828732866794,4.308386206626892,0.23549066483974457,0.00039779447251930833,4.551062107086182,0.015823015943169594,0.20719969272613525,5.109996755308749e-05
1175,0.00037791812792420387,4.323662519454956,0.23517275601625443,0.00039368661236949265,4.504065036773682,0.015702880918979645,0.20682799816131592,5.101701146166335e-05
1176,0.00037692148180212826,4.312259793281555,0.23499733209609985,0.0003940885071642697,4.508663177490234,0.015727082267403603,0.20697444677352905,5.093730399657101e-05
1177,0.0003766599402297288,4.309267997741699,0.23502790927886963,0.00039429194293916225,4.510991096496582,0.015744447708129883,0.20705534517765045,5.086084570411652e-05
1178,0.00037655397318303585,4.308055877685547,0.23522064089775085,0.0003966277581639588,4.53771448135376,0.01581684872508049,0.20727825164794922,5.0787637108336547e-05
1179,0.00037679959496017545,4.31086540222168,0.23574867844581604,0.0003990988770965487,4.565985679626465,0.015894785523414612,0.20753151178359985,5.071767871099448e-05
1180,0.00037671664904337376,4.309916377067566,0.23577935993671417,0.000398226547986269,4.556005954742432,0.015879258513450623,0.20750558376312256,5.0650970991577424e-05
1181,0.00037660392990801483,4.308627009391785,0.23573558032512665,0.0003975127765443176,4.547839641571045,0.015858151018619537,0.20739708840847015,5.058751440729254e-05
1182,0.0003768557799048722,4.311508655548096,0.23580095171928406,0.00039665927761234343,4.538074970245361,0.01584891602396965,0.20731179416179657,5.0527309393064295e-05
1183,0.00037687519943574443,4.311730742454529,0.2356720119714737,0.0003961296461056918,4.532015800476074,0.015820302069187164,0.20715630054473877,5.047035636153093e-05
1184,0.00037659373629139736,4.308510422706604,0.23548957705497742,0.0003951069083996117,4.520314693450928,0.015789778903126717,0.20708602666854858,5.0416655703042264e-05
1185,0.00037662784598069265,4.308900952339172,0.23539210110902786,0.0003942140319850296,4.510099411010742,0.015760235488414764,0.20703831315040588,5.036620778565662e-05
1186,0.0003772560885408893,4.316088080406189,0.23501764982938766,0.00039170842501334846,4.481433868408203,0.015695732086896896,0.20691269636154175,5.031901295513829e-05
1187,0.0003769358736462891,4.3124247789382935,0.2349570393562317,0.0003939964808523655,4.507610321044922,0.015776174142956734,0.20716862380504608,5.027507153495538e-05
1188,0.00037666667776647955,4.309345245361328,0.2353716567158699,0.0003948950907215476,4.517891883850098,0.015824805945158005,0.20735424757003784,5.023438382627749e-05
1189,0.00037877906288485974,4.333512187004089,0.23542159795761108,0.0003904945042449981,4.467545509338379,0.015688572078943253,0.20688298344612122,5.019695010797366e-05
1190,0.0003767503658309579,4.310302495956421,0.23511507362127304,0.000393369875382632,4.500441551208496,0.015762649476528168,0.20709922909736633,5.01627706366103e-05
1191,0.0003768326423596591,4.311243534088135,0.23531831800937653,0.0003959462628699839,4.5299177169799805,0.015822917222976685,0.20731553435325623,5.0131845646449734e-05
1192,0.000377842370653525,4.322795987129211,0.23612520098686218,0.0004006725503131747,4.58398962020874,0.015951242297887802,0.20767006278038025,5.010417534944839e-05
1193,0.0003772166819544509,4.315637230873108,0.23604191839694977,0.0003973347775172442,4.545802593231201,0.015839196741580963,0.20733655989170074,5.0079759935255375e-05
1194,0.0003767173911910504,4.309925436973572,0.23561106622219086,0.00039835282950662076,4.557450294494629,0.01585984043776989,0.2074050009250641,5.005859957121122e-05
1195,0.00037700643588323146,4.313231825828552,0.23558655381202698,0.0003962235350627452,4.533090591430664,0.01582617312669754,0.20736175775527954,5.0040694402346674e-05
1196,0.00037765591696370393,4.320662617683411,0.2354058474302292,0.00039201663457788527,4.484959602355957,0.015711810439825058,0.2070263922214508,5.0026044551381734e-05
1197,0.00037700524990214035,4.313218116760254,0.2349427491426468,0.000392122776247561,4.486173629760742,0.01571718417108059,0.20696961879730225,5.001465011872491e-05
1198,0.00037748967588413507,4.3187607526779175,0.23510964959859848,0.00039623069460503757,4.5331711769104,0.015843968838453293,0.2073531150817871,5.0006511182472296e-05
1199,0.00037659722147509456,4.308550596237183,0.2356395199894905,0.000396104936953634,4.53173303604126,0.015857432037591934,0.2073838710784912,5.000162779840723e-05
1200,0.00037695898208767176,4.3126890659332275,0.23565029352903366,0.00039368384750559926,4.504034519195557,0.015772979706525803,0.20709490776062012,5e-05
