epoch,train_loss,train_mse,train_pde_mse,train_pde_mse_absolute,train_state_rel_l2,val_loss,val_pde_mse,val_pde_mse_absolute,val_state_mse,val_mse,val_state_rel_l2,test_loss,test_mse,test_pde_mse,test_pde_mse_absolute,test_state_rel_l2,lr
1,0.38956597447395325,0.34345580637454987,0.9222033023834229,55.4354248046875,1.0390706062316895,0.45649027824401855,1.0361689329147339,62.2861213684082,0.40468183159828186,0.40468183159828186,0.9880614280700684,0.31077438592910767,0.2773878574371338,0.6677302718162537,40.13855743408203,1.0352381467819214,0.0009999983722015927
2,0.3731389492750168,0.3288278132677078,0.8862227201461792,53.272565841674805,1.0110468864440918,0.4466499090194702,0.9790446162223816,58.85226821899414,0.39769768714904785,0.39769768714904785,0.9864268898963928,0.29538264870643616,0.26367059350013733,0.634240984916687,38.12545394897461,1.0073723793029785,0.0009999934888175275
3,0.35731811821460724,0.31540733575820923,0.8382154703140259,50.38675117492676,0.9919208884239197,0.4378398656845093,0.9118139147758484,54.8109016418457,0.3922491669654846,0.3922491669654846,0.9853705167770386,0.2829633355140686,0.2535174489021301,0.5889176726341248,35.400978088378906,0.9872452020645142,0.0009999853498812749
4,0.3478972464799881,0.308756023645401,0.7828245460987091,47.057098388671875,0.9802575707435608,0.42818138003349304,0.833843469619751,50.12394332885742,0.38648921251296997,0.38648921251296997,0.9847704172134399,0.2699211835861206,0.2427452802658081,0.5435183048248291,32.671939849853516,0.9663269519805908,0.000999973955448618
5,0.3344399780035019,0.29828840494155884,0.7230314463376999,43.46281623840332,0.963155597448349,0.41363608837127686,0.7360341548919678,44.24443435668945,0.3768343925476074,0.3768343925476074,0.977210521697998,0.2542521059513092,0.23058784008026123,0.4732852876186371,28.450096130371094,0.9437334537506104,0.000999959305597653
6,0.31615176796913147,0.28482162952423096,0.6266027987003326,37.666303634643555,0.9394620656967163,0.39241743087768555,0.607765793800354,36.53397750854492,0.36202913522720337,0.36202913522720337,0.9608245491981506,0.23601870238780975,0.21547973155975342,0.4107794165611267,24.692747116088867,0.9145684242248535,0.0009999414004287885
7,0.29534557461738586,0.2682759761810303,0.5413921475410461,32.54412841796875,0.9080566465854645,0.3700265884399414,0.5545914173126221,33.337562561035156,0.3422970175743103,0.3422970175743103,0.9349192380905151,0.21597160398960114,0.19759076833724976,0.36761677265167236,22.09815216064453,0.876587986946106,0.0009999202400647444
8,0.273663267493248,0.24854174256324768,0.5024306178092957,30.20207691192627,0.8655895888805389,0.35420066118240356,0.6522260308265686,39.20656967163086,0.3215893507003784,0.3215893507003784,0.9042370915412903,0.1990417093038559,0.18002274632453918,0.38037925958633423,22.865331649780273,0.8348833322525024,0.0009998958246505512
9,0.25559621304273605,0.22995421290397644,0.5128398686647415,30.827797889709473,0.8241225481033325,0.3403787612915039,0.6741002798080444,40.52146911621094,0.30667373538017273,0.30667373538017273,0.8817732334136963,0.1846265196800232,0.1667276918888092,0.3579765856266022,21.51866340637207,0.8000080585479736,0.0009998681543535498
10,0.24527131021022797,0.21814066171646118,0.5426128804683685,32.61751079559326,0.7947897017002106,0.33199626207351685,0.7054134011268616,42.40376663208008,0.2967256009578705,0.2967256009578705,0.8635984659194946,0.17843644320964813,0.15937387943267822,0.3812512159347534,22.91774559020996,0.7773468494415283,0.0009998372293633891
11,0.23509950935840607,0.20707456767559052,0.5604988634586334,33.69266986846924,0.7737844884395599,0.32571032643318176,0.6770110130310059,40.696441650390625,0.29185977578163147,0.29185977578163147,0.8574233651161194,0.17507758736610413,0.15406551957130432,0.4202413260936737,25.261516571044922,0.7632165551185608,0.000999803049892026
12,0.227871373295784,0.2018369734287262,0.5206880122423172,31.2995662689209,0.7603660821914673,0.31609201431274414,0.5885229706764221,35.377254486083984,0.2866658568382263,0.2866658568382263,0.8490331172943115,0.16792593896389008,0.15089303255081177,0.34065812826156616,20.477617263793945,0.7560096383094788,0.000999765616173722
13,0.22240787744522095,0.19793371111154556,0.4894832968711853,29.423786163330078,0.74856036901474,0.3061560392379761,0.5033342242240906,30.25639533996582,0.28098931908607483,0.28098931908607483,0.8407868146896362,0.1634552776813507,0.14788834750652313,0.3113386332988739,18.715164184570312,0.7514350414276123,0.000999724928465044
14,0.216731458902359,0.19529491662979126,0.42873093485832214,25.77184772491455,0.7405143082141876,0.29865503311157227,0.4437160789966583,26.672632217407227,0.27646923065185547,0.27646923065185547,0.8359153270721436,0.15766185522079468,0.14510105550289154,0.2512160539627075,15.101083755493164,0.7486523985862732,0.000999680987044861
15,0.21442429721355438,0.194181889295578,0.4048481732606888,24.336207389831543,0.7388287782669067,0.2944336235523224,0.40795642137527466,24.523048400878906,0.27403581142425537,0.27403581142425537,0.8365216255187988,0.15461856126785278,0.14288419485092163,0.23468738794326782,14.107513427734375,0.7480615377426147,0.0009996337922143427
16,0.21187470108270645,0.192291721701622,0.3916595131158829,23.543410301208496,0.7390741109848022,0.29102304577827454,0.39054685831069946,23.47652816772461,0.2714956998825073,0.2714956998825073,0.8348771333694458,0.1520218551158905,0.14164379239082336,0.20756113529205322,12.476901054382324,0.7479922771453857,0.000999583344296957
17,0.21107588708400726,0.1921946331858635,0.37762512266635895,22.69977569580078,0.7380467355251312,0.28635352849960327,0.3944074213504791,23.708593368530273,0.26663315296173096,0.26663315296173096,0.8246726989746094,0.15117797255516052,0.14116978645324707,0.2001635879278183,12.032220840454102,0.746518075466156,0.0009995296436384681
18,0.20639107376337051,0.18840499222278595,0.3597216159105301,21.623562812805176,0.7308457493782043,0.28236162662506104,0.3911292552947998,23.51153564453125,0.26280516386032104,0.26280516386032104,0.8184125423431396,0.15177281200885773,0.14053109288215637,0.22483444213867188,13.515233039855957,0.7456053495407104,0.0009994726906069349
19,0.20453573018312454,0.18667767196893692,0.35716116428375244,21.469648838043213,0.7269789576530457,0.2787076234817505,0.39432695508003235,23.70375633239746,0.2589912712574005,0.2589912712574005,0.8108268976211548,0.15174493193626404,0.14031526446342468,0.22859340906143188,13.741191864013672,0.744805097579956,0.0009994124855927063
20,0.20233219116926193,0.1835910528898239,0.374822661280632,22.531315803527832,0.7213711142539978,0.2785388231277466,0.43841421604156494,26.353925704956055,0.25661811232566833,0.25661811232566833,0.8078573942184448,0.15027600526809692,0.1395711749792099,0.21409675478935242,12.869770050048828,0.7438051700592041,0.0009993490290084214
21,0.20133217424154282,0.18198295682668686,0.38698436319828033,23.262378692626953,0.7223802804946899,0.27514970302581787,0.414183646440506,24.897380828857422,0.2544405162334442,0.2544405162334442,0.8076163530349731,0.1488470584154129,0.138406902551651,0.20880311727523804,12.551558494567871,0.7432109713554382,0.0009992823212890045
22,0.19919870793819427,0.180059976875782,0.38277468085289,23.009326934814453,0.722787082195282,0.27244627475738525,0.40377277135849,24.271562576293945,0.25225764513015747,0.25225764513015747,0.8056718111038208,0.14847400784492493,0.1380051076412201,0.20937800407409668,12.586116790771484,0.7436462640762329,0.0009992123628916624
23,0.19643937051296234,0.17837540060281754,0.36127935349941254,21.717202186584473,0.7210570573806763,0.2694944441318512,0.39273491501808167,23.608055114746094,0.24985770881175995,0.24985770881175995,0.8010891675949097,0.14896158874034882,0.1381950080394745,0.2153315395116806,12.94399642944336,0.7441543340682983,0.0009991391542958825
24,0.1946953386068344,0.17696694284677505,0.3545679599046707,21.313764572143555,0.7171532213687897,0.2679910659790039,0.4197865128517151,25.234176635742188,0.2470017373561859,0.2470017373561859,0.7931641340255737,0.150594100356102,0.13885977864265442,0.2346864938735962,14.107457160949707,0.7447654008865356,0.000999062696003428
25,0.19373492896556854,0.1755857914686203,0.3629828095436096,21.819600105285645,0.7117361128330231,0.26591578125953674,0.4330434501171112,26.031076431274414,0.24426361918449402,0.24426361918449402,0.7866122722625732,0.1512056291103363,0.13890132308006287,0.24608619511127472,14.792717933654785,0.7450450658798218,0.0009989829885383356
26,0.19139884412288666,0.17361130565404892,0.35575076937675476,21.384865760803223,0.7080764174461365,0.26363471150398254,0.41298338770866394,24.825233459472656,0.2429855465888977,0.2429855465888977,0.7865083813667297,0.15057489275932312,0.13811753690242767,0.2491472363471985,14.976722717285156,0.7445863485336304,0.0009989000324469113
27,0.19009675085544586,0.17286621034145355,0.3446107655763626,20.71521759033203,0.71128711104393,0.2624221742153168,0.4046180546283722,24.32237434387207,0.24219126999378204,0.24219126999378204,0.7882308959960938,0.14873811602592468,0.1371297687292099,0.23216691613197327,13.956002235412598,0.7439278960227966,0.000998813828297727
28,0.18903204798698425,0.17215656489133835,0.33750976622104645,20.288363456726074,0.7114207148551941,0.2598353326320648,0.40474727749824524,24.330141067504883,0.23959797620773315,0.23959797620773315,0.7818570137023926,0.14897452294826508,0.13746601343154907,0.23017027974128723,13.835979461669922,0.7442324757575989,0.0009987243766816161
29,0.18647576123476028,0.1695600301027298,0.3383145183324814,20.336740493774414,0.7052870988845825,0.2592466175556183,0.42910873889923096,25.7945556640625,0.23779118061065674,0.23779118061065674,0.7792418003082275,0.14909762144088745,0.13751354813575745,0.23168133199214935,13.926811218261719,0.7447977662086487,0.0009986316782116702
30,0.1851385310292244,0.16818081587553024,0.33915436267852783,20.38722515106201,0.7034273147583008,0.25850415229797363,0.4492143392562866,27.00313949584961,0.23604342341423035,0.23604342341423035,0.7756399512290955,0.14867845177650452,0.13716500997543335,0.23026880621910095,13.841902732849121,0.7441097497940063,0.0009985357335232344
31,0.18421615660190582,0.16702136397361755,0.34389592707157135,20.672247409820557,0.7012406587600708,0.25710201263427734,0.46087735891342163,27.7042293548584,0.23405815660953522,0.23405815660953522,0.7722418308258057,0.14868560433387756,0.13666412234306335,0.24042963981628418,14.452691078186035,0.7435687780380249,0.0009984365432739021
32,0.18277616798877716,0.16559987515211105,0.34352588653564453,20.650004386901855,0.7004991769790649,0.25519874691963196,0.4531615078449249,27.240413665771484,0.23254066705703735,0.23254066705703735,0.771385908126831,0.14796684682369232,0.13627250492572784,0.23388686776161194,14.059391021728516,0.743979275226593,0.0009983341081435128
33,0.18199024349451065,0.1651754081249237,0.3362966775894165,20.215444564819336,0.6998887360095978,0.25326332449913025,0.4459911286830902,26.809389114379883,0.23096376657485962,0.23096376657485962,0.7678014636039734,0.14773604273796082,0.1360698789358139,0.2333233654499054,14.025519371032715,0.7434645891189575,0.0009982284288341454
34,0.18098323047161102,0.16416576504707336,0.336349293589592,20.218605995178223,0.697639673948288,0.25259774923324585,0.4687521159648895,28.177595138549805,0.2291601300239563,0.2291601300239563,0.7638252377510071,0.1497892588376999,0.13646608591079712,0.26646339893341064,16.01763153076172,0.744391143321991,0.0009981195060701138
35,0.1797839105129242,0.16320064663887024,0.3316653072834015,19.93704128265381,0.6985313296318054,0.25262439250946045,0.45636871457099915,27.43320655822754,0.22980596125125885,0.22980596125125885,0.7683442831039429,0.14856134355068207,0.13589462637901306,0.25333431363105774,15.228416442871094,0.744147539138794,0.0009980073405979624
36,0.17869625985622406,0.16264767944812775,0.3209714889526367,19.29421615600586,0.7003675699234009,0.2517346739768982,0.4576002359390259,27.50723648071289,0.22885467112064362,0.22885467112064362,0.7665665149688721,0.14827702939510345,0.1358029842376709,0.24948082864284515,14.996773719787598,0.7435430288314819,0.000997891933186461
37,0.17876234650611877,0.16260837018489838,0.3230796158313751,19.420942306518555,0.6993536651134491,0.2513945400714874,0.49010562896728516,29.461198806762695,0.2268892526626587,0.2268892526626587,0.7588279247283936,0.15087060630321503,0.1366696059703827,0.28402000665664673,17.072994232177734,0.7437968254089355,0.000997773284626599
38,0.1779542714357376,0.16196426004171371,0.3198001831769943,19.223806858062744,0.695694625377655,0.25240427255630493,0.4956713318824768,29.79576301574707,0.2276206910610199,0.2276206910610199,0.7628625631332397,0.14916646480560303,0.1358221471309662,0.26688647270202637,16.043060302734375,0.742213249206543,0.0009976513957315803
39,0.1774512529373169,0.1614186242222786,0.32065249979496,19.275041580200195,0.6938468813896179,0.25234299898147583,0.5124703049659729,30.805583953857422,0.226719468832016,0.226719468832016,0.7577486038208008,0.15182767808437347,0.13695143163204193,0.29752495884895325,17.88479995727539,0.7430481910705566,0.0009975262673368177
40,0.17599818110466003,0.16000255942344666,0.31991244852542877,19.23055648803711,0.6903235912322998,0.2505543529987335,0.4835921823978424,29.069664001464844,0.22637473046779633,0.22637473046779633,0.7601950168609619,0.14876291155815125,0.1354638934135437,0.2659803330898285,15.988590240478516,0.7407667636871338,0.0009973979002999274
41,0.17452427744865417,0.1592746302485466,0.3049928769469261,18.33371353149414,0.6925860643386841,0.25134947896003723,0.4943905770778656,29.718774795532227,0.22662994265556335,0.22662994265556335,0.7621260285377502,0.1467684656381607,0.13449928164482117,0.24538378417491913,14.750494956970215,0.7387213706970215,0.0009972662955007225
42,0.17462830990552902,0.15917081385850906,0.30914993584156036,18.58359956741333,0.6945503950119019,0.2506335377693176,0.4993438422679901,30.016523361206055,0.2256663590669632,0.2256663590669632,0.7611958980560303,0.1473836600780487,0.13439223170280457,0.2598285377025604,15.618795394897461,0.7387341260910034,0.000997131453841208
43,0.1732954904437065,0.1581667810678482,0.30257419496774673,18.18831968307495,0.6927251219749451,0.2504729628562927,0.517461895942688,31.105636596679688,0.22459986805915833,0.22459986805915833,0.7579635977745056,0.1480344533920288,0.13427463173866272,0.2751964032649994,16.542587280273438,0.7378836870193481,0.0009969933762455727
44,0.1724247932434082,0.1569071188569069,0.3103535622358322,18.655951499938965,0.6880215108394623,0.2499142736196518,0.5189884901046753,31.197402954101562,0.2239648550748825,0.2239648550748825,0.7552160024642944,0.14807675778865814,0.13377651572227478,0.2860049605369568,17.192310333251953,0.7359688878059387,0.0009968520636601855
45,0.1713690161705017,0.15562302619218826,0.3149198591709137,18.930442333221436,0.6838809847831726,0.24892814457416534,0.518195390701294,31.149723052978516,0.22301837801933289,0.22301837801933289,0.7529232501983643,0.14697203040122986,0.13343170285224915,0.27080655097961426,16.278705596923828,0.7350110411643982,0.0009967075170535873
46,0.17088785022497177,0.15551715716719627,0.3074139282107353,18.47924518585205,0.682262510061264,0.248595729470253,0.5298898220062256,31.852703094482422,0.22210124135017395,0.22210124135017395,0.7515154480934143,0.14682643115520477,0.13333235681056976,0.26988160610198975,16.22310447692871,0.7348808646202087,0.000996559737416484
47,0.1705172248184681,0.15560538321733475,0.29823679476976395,17.927589416503906,0.6847457885742188,0.24918748438358307,0.5223772525787354,31.401105880737305,0.22306862473487854,0.22306862473487854,0.7559934258460999,0.1458604782819748,0.13266415894031525,0.26392650604248047,15.865133285522461,0.7339515686035156,0.0009964087257617405
48,0.17027942836284637,0.15452611446380615,0.3150663822889328,18.939249992370605,0.683260977268219,0.24902240931987762,0.5504752397537231,33.090126037597656,0.22149865329265594,0.22149865329265594,0.751217782497406,0.1459321528673172,0.13268819451332092,0.26487910747528076,15.922394752502441,0.7330681085586548,0.0009962544831243743
49,0.1707078292965889,0.15546957403421402,0.3047652095556259,18.32002544403076,0.6859410405158997,0.24997319281101227,0.5945281386375427,35.73823547363281,0.2202467918395996,0.2202467918395996,0.7514207363128662,0.14616023004055023,0.1319943368434906,0.2833178639411926,17.030784606933594,0.7324341535568237,0.0009960970105615467
50,0.16778265684843063,0.15241126716136932,0.307427778840065,18.480077743530273,0.6793895661830902,0.24977143108844757,0.6074514985084534,36.51508712768555,0.2193988561630249,0.2193988561630249,0.7471245527267456,0.14847061038017273,0.1320383995771408,0.32864412665367126,19.755434036254883,0.7309934496879578,0.0009959363091525573
51,0.16859739273786545,0.15185419097542763,0.3348640948534012,20.129326820373535,0.6746726036071777,0.2515524625778198,0.655820369720459,39.42263412475586,0.21876142919063568,0.21876142919063568,0.7440540790557861,0.14792588353157043,0.13191980123519897,0.32012155652046204,19.243125915527344,0.7296929359436035,0.0009957723799988354
52,0.16696074604988098,0.15116837620735168,0.3158475309610367,18.986205577850342,0.6729448437690735,0.2526240348815918,0.685357391834259,41.198158264160156,0.2183561772108078,0.2183561772108078,0.7459256649017334,0.14624494314193726,0.13009855151176453,0.32292768359184265,19.411806106567383,0.7259490489959717,0.000995605224223933
53,0.1680290624499321,0.15159550309181213,0.32867126166820526,19.757065773010254,0.6766471564769745,0.25028911232948303,0.628981351852417,37.80928421020508,0.21884003281593323,0.21884003281593323,0.7510443925857544,0.14319279789924622,0.1284671425819397,0.29451316595077515,17.70375633239746,0.723461925983429,0.0009954348429735173
54,0.1660979762673378,0.1504225805401802,0.3135077953338623,18.84556007385254,0.6794015169143677,0.2511032521724701,0.6790078282356262,40.81647491455078,0.21715284883975983,0.21715284883975983,0.746570885181427,0.14529696106910706,0.1282304972410202,0.3413293659687042,20.517969131469727,0.7223963737487793,0.000995261237415362
55,0.16564618796110153,0.14906612038612366,0.3316013067960739,19.93319606781006,0.6755046546459198,0.2507307231426239,0.7004489898681641,42.105342864990234,0.21570827066898346,0.21570827066898346,0.7419289350509644,0.1471860557794571,0.1285124272108078,0.3734724819660187,22.450153350830078,0.7220867276191711,0.0009950844087393406
56,0.16321378201246262,0.14687678962945938,0.3267398327589035,19.64096164703369,0.6658813059329987,0.25146839022636414,0.7343152761459351,44.14111328125,0.21475261449813843,0.21475261449813843,0.7367342114448547,0.14993833005428314,0.12927179038524628,0.4133308231830597,24.84611701965332,0.7221970558166504,0.0009949043581574167
57,0.16539087891578674,0.1481609344482422,0.34459900856018066,20.714510917663574,0.664408802986145,0.2500278651714325,0.718858003616333,43.21194839477539,0.2140849530696869,0.2140849530696869,0.7330891489982605,0.1492270678281784,0.1299048811197281,0.3864436447620392,23.229875564575195,0.7227356433868408,0.000994721086903637
58,0.1627913936972618,0.14633487164974213,0.32913051545619965,19.78467082977295,0.6611959040164948,0.2510637640953064,0.7544998526573181,45.35444259643555,0.21333876252174377,0.21333876252174377,0.7367501258850098,0.14472785592079163,0.12810179591178894,0.3325212299823761,19.988496780395508,0.7205681800842285,0.0009945345962341218
59,0.1613486185669899,0.1456630900502205,0.31371067464351654,18.857755661010742,0.6664774417877197,0.25213623046875,0.7895281314849854,47.460060119628906,0.2126598358154297,0.2126598358154297,0.7388075590133667,0.14328211545944214,0.12708251178264618,0.3239920139312744,19.475788116455078,0.719668984413147,0.0009943448874270577
60,0.16137567162513733,0.14517516270279884,0.32401013374328613,19.47687530517578,0.6686545312404633,0.2534885108470917,0.8521721959114075,51.22571563720703,0.21087990701198578,0.21087990701198578,0.7354021072387695,0.14316388964653015,0.12708115577697754,0.32165467739105225,19.335285186767578,0.7197250127792358,0.0009941519617826875
61,0.16031455248594284,0.14355072379112244,0.33527664840221405,20.154128074645996,0.6638116836547852,0.2528288960456848,0.862471342086792,51.84482192993164,0.20970532298088074,0.20970532298088074,0.7305327653884888,0.14611303806304932,0.12723949551582336,0.3774709701538086,22.690509796142578,0.7190438508987427,0.0009939558206233019
62,0.15964681282639503,0.14232386648654938,0.34645888209342957,20.82631492614746,0.6567948758602142,0.25430309772491455,0.9044836759567261,54.37025833129883,0.20907892286777496,0.20907892286777496,0.7272816896438599,0.14947152137756348,0.12819255888462067,0.4255792200565338,25.58238983154297,0.7200198173522949,0.0009937564652932305
63,0.15954995900392532,0.141677126288414,0.3574567139148712,21.487414360046387,0.653459757566452,0.25500795245170593,0.9238947033882141,55.53710174560547,0.20881322026252747,0.20881322026252747,0.7270649671554565,0.1479973942041397,0.12813211977481842,0.397305428981781,23.882797241210938,0.7196120023727417,0.0009935538971588324
64,0.1581127792596817,0.14117641746997833,0.33872726559638977,20.361550331115723,0.6550779938697815,0.25109606981277466,0.8451414108276367,50.80308532714844,0.20883899927139282,0.20883899927139282,0.7315429449081421,0.14515061676502228,0.1270858347415924,0.3612957000732422,21.718183517456055,0.7186550498008728,0.0009933481176084868
65,0.1589045599102974,0.14176007360219955,0.342889666557312,20.611759185791016,0.6644102931022644,0.24679535627365112,0.7728446125984192,46.45718765258789,0.2081531286239624,0.2081531286239624,0.731282114982605,0.14756238460540771,0.1266680359840393,0.4178868234157562,25.11998176574707,0.7175722122192383,0.0009931391280525838
66,0.15812542289495468,0.1405598670244217,0.3513111025094986,21.117990493774414,0.6610283255577087,0.2477838397026062,0.8415732979774475,50.58859634399414,0.2057051658630371,0.2057051658630371,0.7219364643096924,0.15078110992908478,0.1271393746137619,0.47283458709716797,28.42300033569336,0.7163626551628113,0.0009929269299235144
67,0.1566672921180725,0.13935822993516922,0.3461812436580658,20.809622764587402,0.6509262323379517,0.250925213098526,0.9082031846046448,54.593849182128906,0.2055150419473648,0.2055150419473648,0.721505880355835,0.1488412767648697,0.12634499371051788,0.44992563128471375,27.0458984375,0.7139772176742554,0.0009927115246756608
68,0.15706052631139755,0.13934114575386047,0.3543875813484192,21.30292320251465,0.6521142721176147,0.24784712493419647,0.8496968746185303,51.07691955566406,0.20536227524280548,0.20536227524280548,0.7226830720901489,0.1466027796268463,0.12539289891719818,0.42419764399528503,25.49934196472168,0.7118523716926575,0.0009924929137853865
69,0.15653521567583084,0.139262855052948,0.34544727206230164,20.765501976013184,0.6527723073959351,0.24728429317474365,0.8426759839057922,50.654884338378906,0.20515049993991852,0.20515049993991852,0.7219224572181702,0.1475093513727188,0.1258818507194519,0.43254995346069336,26.001413345336914,0.7129713296890259,0.0009922710987510263
70,0.15572789311408997,0.13798592239618301,0.35483941435813904,21.330084800720215,0.6503872275352478,0.2479362189769745,0.8505374193191528,51.127445220947266,0.20540934801101685,0.20540934801101685,0.7238211631774902,0.14664433896541595,0.12539315223693848,0.42502373456954956,25.548995971679688,0.7124879360198975,0.0009920460810928752
71,0.15521269291639328,0.13697301223874092,0.36479365825653076,21.92845344543457,0.651240885257721,0.2474002093076706,0.853104293346405,51.2817497253418,0.20474499464035034,0.20474499464035034,0.7234792709350586,0.1462603509426117,0.12506243586540222,0.4239581823348999,25.484947204589844,0.7120283842086792,0.000991817862353179
72,0.15472503378987312,0.13724693655967712,0.3495619297027588,21.01284408569336,0.6539877951145172,0.24617311358451843,0.8540539145469666,51.338829040527344,0.2034704089164734,0.2034704089164734,0.721149206161499,0.1433304101228714,0.12378732860088348,0.3908616602420807,23.495450973510742,0.707947850227356,0.0009915864440961236
73,0.15575911849737167,0.13674259930849075,0.380330353975296,22.862391471862793,0.6515941917896271,0.24797406792640686,0.8888518214225769,53.430599212646484,0.20353147387504578,0.20353147387504578,0.7207962870597839,0.1417650431394577,0.1226462721824646,0.3823755085468292,22.985332489013672,0.7042338252067566,0.0009913518279078238
74,0.15514221042394638,0.1369532197713852,0.36377979815006256,21.867506980895996,0.6512575149536133,0.24919334053993225,0.9285325407981873,55.815887451171875,0.20276671648025513,0.20276671648025513,0.7181596159934998,0.14491111040115356,0.12270541489124298,0.44411394000053406,26.69654655456543,0.7038066983222961,0.0009911140153963127
75,0.15557092428207397,0.13674306124448776,0.376557320356369,22.63558864593506,0.6492100358009338,0.2464846670627594,0.8973698019981384,53.942626953125,0.20161616802215576,0.20161616802215576,0.7138458490371704,0.14366549253463745,0.12304525822401047,0.4124046266078949,24.79043960571289,0.703986406326294,0.0009908730081915308
76,0.15461242198944092,0.13584846258163452,0.37527915835380554,22.55875587463379,0.6432798504829407,0.2461581528186798,0.8765804767608643,52.69294738769531,0.2023291289806366,0.2023291289806366,0.7179454565048218,0.14318329095840454,0.12315186858177185,0.40062859654426575,24.08255958557129,0.7059208154678345,0.000990628807945314
77,0.15340472012758255,0.135842464864254,0.35124513506889343,21.114025115966797,0.6484875082969666,0.24692797660827637,0.8824032545089722,53.042972564697266,0.20280781388282776,0.20280781388282776,0.7220224142074585,0.1452607959508896,0.12357936054468155,0.43362879753112793,26.066265106201172,0.7088578343391418,0.000990381416331384
78,0.1567106544971466,0.13682519644498825,0.3977091461420059,23.907066345214844,0.6575063467025757,0.24795837700366974,0.928666353225708,55.82392501831055,0.20152506232261658,0.20152506232261658,0.7181923389434814,0.14634118974208832,0.1240125298500061,0.4465731382369995,26.84437370300293,0.7096036076545715,0.0009901308350453348
79,0.15463005006313324,0.13473034650087357,0.3979940488934517,23.924193859100342,0.647267073392868,0.2506154775619507,1.014069676399231,60.95769500732422,0.19991199672222137,0.19991199672222137,0.7104681730270386,0.14991268515586853,0.12519040703773499,0.49444547295570374,29.722074508666992,0.7106138467788696,0.0009898770658046227
80,0.1529306024312973,0.13443520665168762,0.3699079155921936,22.23587703704834,0.643652617931366,0.24890905618667603,0.9622316360473633,57.84160232543945,0.20079746842384338,0.20079746842384338,0.7138571739196777,0.1477876901626587,0.12454413622617722,0.46487098932266235,27.944293975830078,0.7098774909973145,0.0009896201103485537
81,0.15648353099822998,0.13784746080636978,0.3727213144302368,22.40499973297119,0.6576550304889679,0.24479536712169647,0.8740487098693848,52.54075622558594,0.201092928647995,0.201092928647995,0.7175852060317993,0.14699095487594604,0.12424057722091675,0.4550076425075531,27.351388931274414,0.7103806734085083,0.0009893599704382716
82,0.1527552530169487,0.13431218266487122,0.3688613474369049,22.172968864440918,0.647371768951416,0.24415309727191925,0.8995469212532043,54.07350158691406,0.19917574524879456,0.19917574524879456,0.7092324495315552,0.1466389149427414,0.12431935966014862,0.44639110565185547,26.833433151245117,0.7084095478057861,0.0009890966478567462
83,0.1526964008808136,0.13445045799016953,0.3649187982082367,21.93597412109375,0.6424676477909088,0.24897615611553192,0.9926483035087585,59.670005798339844,0.199343740940094,0.199343740940094,0.7089129090309143,0.1462082415819168,0.12386928498744965,0.44677913188934326,26.856752395629883,0.7068425416946411,0.000988830144408761
84,0.15217524021863937,0.13351843506097794,0.37313610315322876,22.429932594299316,0.6392391622066498,0.2518484890460968,1.0519133806228638,63.232547760009766,0.19925282895565033,0.19925282895565033,0.7095472812652588,0.14736683666706085,0.1237243115901947,0.472850501537323,28.4239559173584,0.7068612575531006,0.0009885604619209007
85,0.1514689028263092,0.1333499699831009,0.3623786121606827,21.783279418945312,0.6399285793304443,0.24813435971736908,0.975358247756958,58.63066482543945,0.19936645030975342,0.19936645030975342,0.7117818593978882,0.1457061469554901,0.12293775379657745,0.4553678333759308,27.373043060302734,0.7053279280662537,0.0009882876022415392
86,0.1517597883939743,0.13394329696893692,0.3563298285007477,21.419673919677734,0.6454143226146698,0.24711540341377258,0.9402637481689453,56.52107238769531,0.20010221004486084,0.20010221004486084,0.7150759696960449,0.14249825477600098,0.12203407287597656,0.40928372740745544,24.60283851623535,0.7038449645042419,0.0009880115672408262
87,0.15011483430862427,0.1334853693842888,0.3325892686843872,19.992584228515625,0.6459595263004303,0.2482549250125885,0.9898579120635986,59.50227737426758,0.19876202940940857,0.19876202940940857,0.7099701166152954,0.14474797248840332,0.12364626675844193,0.4220340847969055,25.369287490844727,0.707298219203949,0.0009877323588106742
88,0.15076371282339096,0.13295923173427582,0.3560895770788193,21.405231475830078,0.6412446796894073,0.24738119542598724,0.9861239790916443,59.27781677246094,0.19807499647140503,0.19807499647140503,0.7075990438461304,0.14448654651641846,0.12342239916324615,0.42128297686576843,25.324134826660156,0.706537127494812,0.0009874499788647467
89,0.14957904070615768,0.13242854177951813,0.34300997853279114,20.618995666503906,0.6388573348522186,0.24966642260551453,1.0283595323562622,61.816680908203125,0.19824844598770142,0.19824844598770142,0.7093313336372375,0.14389170706272125,0.12269288301467896,0.4239763617515564,25.486040115356445,0.705043375492096,0.0009871644293384444
90,0.151548832654953,0.13519461080431938,0.327084481716156,19.661680698394775,0.6530429422855377,0.2504423260688782,1.031341314315796,61.99591827392578,0.19887524843215942,0.19887524843215942,0.7137597799301147,0.1421370804309845,0.12166956067085266,0.40935033559799194,24.606840133666992,0.7029105424880981,0.0009868757121888917
91,0.15127886831760406,0.1341414824128151,0.34274764358997345,20.603221893310547,0.6473489105701447,0.24869570136070251,1.0255954265594482,61.6505241394043,0.19741593301296234,0.19741593301296234,0.7048736810684204,0.1423172652721405,0.12225961685180664,0.40115299820899963,24.11408233642578,0.7018567323684692,0.0009865838293949237
92,0.14931998401880264,0.1317623034119606,0.3511535972356796,21.1085205078125,0.635762095451355,0.25032109022140503,1.0405482053756714,62.54935836791992,0.19829368591308594,0.19829368591308594,0.7071431875228882,0.14444325864315033,0.12300553172826767,0.4287545084953308,25.77326011657715,0.703617513179779,0.0009862887829570723
93,0.14932328462600708,0.1319463662803173,0.34753842651844025,20.891206741333008,0.6415277719497681,0.25004076957702637,1.026959776878357,61.732540130615234,0.19869276881217957,0.19869276881217957,0.7115817070007324,0.14595085382461548,0.12348604947328568,0.449296236038208,27.00806427001953,0.706383466720581,0.000985990574897553
94,0.14881646633148193,0.13137856870889664,0.3487578332424164,20.964506149291992,0.6429320275783539,0.25171613693237305,1.0835697650909424,65.1354751586914,0.19753766059875488,0.19753766059875488,0.7083541750907898,0.1452661007642746,0.12349682301282883,0.4353856146335602,26.171871185302734,0.7062991857528687,0.00098568920726025
95,0.1484052538871765,0.13102474063634872,0.34761013090610504,20.895517349243164,0.6417331099510193,0.2538582682609558,1.120120644569397,67.33261108398438,0.1978522390127182,0.1978522390127182,0.7077698707580566,0.14469805359840393,0.12402424961328506,0.41347596049308777,24.854839324951172,0.7068588137626648,0.0009853846821107036
96,0.14783699065446854,0.1309451311826706,0.33783721923828125,20.308049201965332,0.6400306820869446,0.25194457173347473,1.0871403217315674,65.35010528564453,0.19758754968643188,0.19758754968643188,0.7066035866737366,0.14642533659934998,0.12444698065519333,0.4395671784877777,26.423234939575195,0.706963837146759,0.000985077001536095
97,0.15011657774448395,0.13102364540100098,0.3818586468696594,22.954261779785156,0.6372226774692535,0.25093021988868713,1.0638070106506348,63.9474983215332,0.1977398693561554,0.1977398693561554,0.7057802677154541,0.146515890955925,0.12465327233076096,0.4372522532939911,26.28407859802246,0.7080547213554382,0.0009847661676452323
98,0.14981983602046967,0.1321534737944603,0.35332736372947693,21.23918914794922,0.6427775025367737,0.25164228677749634,1.0854777097702026,65.25016784667969,0.19736841320991516,0.19736841320991516,0.7083294987678528,0.14581739902496338,0.12320144474506378,0.4523192346096039,27.18978500366211,0.7059676647186279,0.0009844521825685365
99,0.14909715205430984,0.13198737800121307,0.342195600271225,20.57003879547119,0.6477610766887665,0.2536739110946655,1.143516182899475,68.73896026611328,0.1964981108903885,0.1964981108903885,0.706250786781311,0.14635832607746124,0.12343572080135345,0.4584522247314453,27.55845069885254,0.7060041427612305,0.000984135048458026
100,0.151603601872921,0.13307201117277145,0.3706318289041519,22.279396057128906,0.642344743013382,0.2562899887561798,1.1942535638809204,71.78889465332031,0.1965773105621338,0.1965773105621338,0.70012366771698,0.14914155006408691,0.12617354094982147,0.4593603312969208,27.613035202026367,0.710280179977417,0.0009838147674873024
101,0.14898091554641724,0.1302684247493744,0.37424977123737335,22.496877670288086,0.6297220289707184,0.2553141713142395,1.1507055759429932,69.17112731933594,0.1977788805961609,0.1977788805961609,0.7057621479034424,0.14559677243232727,0.12500151991844177,0.41190510988235474,24.760414123535156,0.7095820307731628,0.0009834913418515358
102,0.1494772955775261,0.13003067299723625,0.3889324367046356,23.379480361938477,0.6361933946609497,0.2514258027076721,1.0683672428131104,64.22162628173828,0.19800744950771332,0.19800744950771332,0.7090542316436768,0.14314119517803192,0.12353066354990005,0.3922105133533478,23.5765323638916,0.7070949077606201,0.000983164773767449
103,0.14766351878643036,0.1307748667895794,0.337772935628891,20.30418300628662,0.641305685043335,0.2502700984477997,1.0883090496063232,65.42035675048828,0.19585464894771576,0.19585464894771576,0.7046808004379272,0.14539454877376556,0.12276630848646164,0.4525647759437561,27.204544067382812,0.7046754360198975,0.0009828350654733033
104,0.15023396164178848,0.13044462725520134,0.39578671753406525,23.79150390625,0.6390597820281982,0.24845151603221893,1.0533984899520874,63.32181167602539,0.19578158855438232,0.19578158855438232,0.703803300857544,0.14346098899841309,0.12138354778289795,0.4415489733219147,26.542362213134766,0.700840950012207,0.0009825022192288823
105,0.14984726905822754,0.13020062446594238,0.39293286204338074,23.61995506286621,0.639657199382782,0.25409021973609924,1.1321690082550049,68.05686950683594,0.19748178124427795,0.19748178124427795,0.7082456350326538,0.14474600553512573,0.12291368842124939,0.436646431684494,26.247663497924805,0.7053185105323792,0.000982166237315477
106,0.14788244664669037,0.12970297038555145,0.3635896146297455,21.856074333190918,0.6380341053009033,0.2571081817150116,1.2096164226531982,72.71238708496094,0.19662734866142273,0.19662734866142273,0.7039554715156555,0.1482032835483551,0.1251232624053955,0.46160027384757996,27.7476863861084,0.7099624276161194,0.00098182712203587
107,0.1482410877943039,0.12905052304267883,0.38381126523017883,23.07163715362549,0.6351178884506226,0.2523066997528076,1.1247550249099731,67.61119842529297,0.19606894254684448,0.19606894254684448,0.7041919231414795,0.1473332941532135,0.12475922703742981,0.45148131251335144,27.139413833618164,0.7091437578201294,0.000981484875714319
108,0.14744030684232712,0.12955768406391144,0.3576524704694748,21.499180793762207,0.6343882083892822,0.24777851998806,1.0562514066696167,63.493316650390625,0.19496594369411469,0.19496594369411469,0.6999884843826294,0.14623822271823883,0.12402652204036713,0.44423413276672363,26.703773498535156,0.7063628435134888,0.0009811395006965424
109,0.14711254835128784,0.1289740838110447,0.362769290804863,21.8067626953125,0.6337765753269196,0.24708428978919983,1.045819878578186,62.866249084472656,0.19479329884052277,0.19479329884052277,0.7016152143478394,0.144617959856987,0.12423542141914368,0.40765076875686646,24.504676818847656,0.7080067992210388,0.0009807909993497016
110,0.1470809429883957,0.12939772754907608,0.353664293885231,21.259445190429688,0.6395440101623535,0.25259554386138916,1.1577197313308716,69.5927734375,0.19470955431461334,0.19470955431461334,0.7030905485153198,0.14613433182239532,0.12482380867004395,0.42621034383773804,25.620328903198242,0.7105212807655334,0.000980439374062386
111,0.145941361784935,0.1282496675848961,0.3538339287042618,21.26964282989502,0.6341543197631836,0.2577420473098755,1.2618101835250854,75.84984588623047,0.1946515291929245,0.1946515291929245,0.7001475691795349,0.14835108816623688,0.1246538907289505,0.473943829536438,28.489681243896484,0.709440290927887,0.0009800846272445959
112,0.1473597139120102,0.12780707329511642,0.39105285704135895,23.50694465637207,0.6302319765090942,0.25496578216552734,1.1945329904556274,71.80567932128906,0.1952391266822815,0.1952391266822815,0.7005282640457153,0.14820756018161774,0.12488266825675964,0.46649786829948425,28.042089462280273,0.7097510099411011,0.0009797267613277261
113,0.145017609000206,0.1280331239104271,0.3396897464990616,20.41940689086914,0.6316245198249817,0.2519857585430145,1.1239105463027954,67.56043243408203,0.19579023122787476,0.19579023122787476,0.7028697729110718,0.14621153473854065,0.12483884394168854,0.42745378613471985,25.695072174072266,0.7094243168830872,0.0009793657787645499
114,0.14725613594055176,0.12993446737527847,0.3464334160089493,20.82478427886963,0.6415793001651764,0.25280919671058655,1.1440348625183105,68.7701416015625,0.19560745358467102,0.19560745358467102,0.7043696641921997,0.14648137986660004,0.12441939860582352,0.44123971462249756,26.523771286010742,0.7079833149909973,0.0009790016820292009
115,0.14499211311340332,0.12784846127033234,0.34287305176258087,20.61076068878174,0.6350890100002289,0.2535426616668701,1.182053804397583,71.05553436279297,0.19443997740745544,0.19443997740745544,0.699103057384491,0.14813289046287537,0.12421884387731552,0.4782809019088745,28.75038719177246,0.7063238024711609,0.0009786344736171578
116,0.1460677608847618,0.1277136094868183,0.36708304286003113,22.06607151031494,0.6324382424354553,0.2538922429084778,1.185783863067627,71.2797622680664,0.1946030557155609,0.1946030557155609,0.699665904045105,0.14698587357997894,0.12336114048957825,0.4724947214126587,28.402570724487305,0.7050678730010986,0.0009782641560452255
117,0.14538777619600296,0.1269690990447998,0.3683735430240631,22.14364528656006,0.6293393969535828,0.2541336119174957,1.1995749473571777,72.10877227783203,0.19415485858917236,0.19415485858917236,0.6982269883155823,0.14911335706710815,0.12403218448162079,0.5016233921051025,30.15355682373047,0.7069693803787231,0.0009778907318515194
118,0.14490072429180145,0.12695583328604698,0.35889779031276703,21.57404136657715,0.6300083994865417,0.2529110312461853,1.1844110488891602,71.1972427368164,0.1936904788017273,0.1936904788017273,0.6986951231956482,0.14697200059890747,0.12372007966041565,0.46503856778144836,27.954368591308594,0.7065328359603882,0.0009775142035954472
119,0.14447904378175735,0.12749459221959114,0.33968907594680786,20.41936683654785,0.6323816180229187,0.25477084517478943,1.2170567512512207,73.15963745117188,0.19391801953315735,0.19391801953315735,0.6988422870635986,0.14708569645881653,0.1234113797545433,0.4734864830970764,28.462186813354492,0.7050721645355225,0.0009771345738576913
120,0.14458687603473663,0.12734676152467728,0.34480229020118713,20.726733207702637,0.6314312219619751,0.2546016573905945,1.1999472379684448,72.13114166259766,0.1946043074131012,0.1946043074131012,0.6984299421310425,0.14819878339767456,0.12399967014789581,0.48398223519325256,29.093109130859375,0.7055307030677795,0.0009767518452401915
121,0.1446775197982788,0.12702158838510513,0.3531186878681183,21.22664737701416,0.6273757219314575,0.259032666683197,1.2847249507904053,77.22730255126953,0.19479642808437347,0.19479642808437347,0.6978050470352173,0.15147730708122253,0.12522053718566895,0.525135338306427,31.56690216064453,0.7090428471565247,0.0009763660203661267
122,0.14641259610652924,0.12833333387970924,0.36158525943756104,21.735589027404785,0.6341341733932495,0.260682612657547,1.310732126235962,78.79064178466797,0.19514599442481995,0.19514599442481995,0.7044033408164978,0.14748156070709229,0.12362473458051682,0.47713643312454224,28.681594848632812,0.7071645259857178,0.0009759771018798979
123,0.14456337690353394,0.12717459350824356,0.34777575731277466,20.905473709106445,0.6338453888893127,0.25223538279533386,1.1920841932296753,71.65847778320312,0.19263117015361786,0.19263117015361786,0.6958335041999817,0.14705948531627655,0.12278078496456146,0.4855741262435913,29.188800811767578,0.7039010524749756,0.0009755850924471081
124,0.1437106803059578,0.12669453024864197,0.3403230309486389,20.457475662231445,0.6290696561336517,0.25239917635917664,1.186644196510315,71.33147430419922,0.19306695461273193,0.19306695461273193,0.6962966918945312,0.14643491804599762,0.12287783622741699,0.4711415469646454,28.321229934692383,0.703850507736206,0.0009751899947545466
125,0.14312906563282013,0.1264798752963543,0.3329837918281555,20.016301155090332,0.6291701197624207,0.2565682828426361,1.247465968132019,74.98758697509766,0.1941949874162674,0.1941949874162674,0.6982902884483337,0.1485687494277954,0.12427520006895065,0.4858711063861847,29.20665168762207,0.7071244716644287,0.0009747918115101687
126,0.14242077991366386,0.12595881894230843,0.32923921942710876,19.791205406188965,0.6267192959785461,0.2576814293861389,1.283080816268921,77.12845611572266,0.19352737069129944,0.19352737069129944,0.6963130235671997,0.14779773354530334,0.1235465556383133,0.48502370715141296,29.155710220336914,0.7045952081680298,0.0009743905454430774
127,0.14263273775577545,0.1259264536201954,0.3341255933046341,20.084936141967773,0.6263939738273621,0.25861793756484985,1.3091245889663696,78.69401550292969,0.1931617110967636,0.1931617110967636,0.6961548328399658,0.14679665863513947,0.12354123592376709,0.46510833501815796,27.958560943603516,0.7047581076622009,0.0009739861993035058
128,0.14235029742121696,0.1258120834827423,0.3307642191648483,19.8828763961792,0.6249293088912964,0.2575816810131073,1.286619782447815,77.34120178222656,0.19325068593025208,0.19325068593025208,0.6954604387283325,0.1485062539577484,0.12466996908187866,0.47672560811042786,28.656896591186523,0.7083567976951599,0.0009735787758627971
129,0.14285356551408768,0.1260695680975914,0.33567987382411957,20.17836856842041,0.6265647411346436,0.2564516067504883,1.2621309757232666,75.86912536621094,0.1933450698852539,0.1933450698852539,0.6977344751358032,0.15028458833694458,0.12456230074167252,0.5144459009170532,30.92433738708496,0.7091953754425049,0.0009731682779133855
130,0.1417420208454132,0.12512976676225662,0.3322450965642929,19.97189712524414,0.6276514530181885,0.2595655918121338,1.3551554679870605,81.46100616455078,0.1918078064918518,0.1918078064918518,0.6928430795669556,0.15001694858074188,0.12378770112991333,0.5245850682258606,31.533823013305664,0.7060950994491577,0.0009727547082687784
131,0.14128468185663223,0.12466878071427345,0.3323180228471756,19.976279258728027,0.6232385039329529,0.25944316387176514,1.3365347385406494,80.34168243408203,0.19261643290519714,0.19261643290519714,0.6954426765441895,0.14853739738464355,0.12341234087944031,0.5025010108947754,30.20630645751953,0.7044006586074829,0.0009723380697635356
132,0.1410178318619728,0.12476116418838501,0.32513327896595,19.544389724731445,0.6263774931430817,0.2589195668697357,1.3250468969345093,79.65113830566406,0.19266723096370697,0.19266723096370697,0.6967042684555054,0.15000683069229126,0.12373442947864532,0.5254479050636292,31.585689544677734,0.7051072120666504,0.0009719183652532508
133,0.14185866340994835,0.12516393512487411,0.3338945060968399,20.071044921875,0.6293070614337921,0.25752347707748413,1.317456603050232,79.19485473632812,0.1916506290435791,0.1916506290435791,0.6948986649513245,0.14906755089759827,0.12268955260515213,0.5275598168373108,31.712642669677734,0.7023454904556274,0.0009714955976145317
134,0.14069226384162903,0.12467201799154282,0.32040485739707947,19.260154247283936,0.6269976496696472,0.25967010855674744,1.3674216270446777,82.19835662841797,0.19129902124404907,0.19129902124404907,0.6920851469039917,0.1483318954706192,0.12273918837308884,0.5118541717529297,30.76854705810547,0.7022727727890015,0.0009710697697449805
135,0.14157341793179512,0.12438004463911057,0.3438674062490463,20.670533657073975,0.6222671270370483,0.258832186460495,1.3579879999160767,81.63129425048828,0.19093278050422668,0.19093278050422668,0.6904894113540649,0.151664599776268,0.12487391382455826,0.5358136296272278,32.20879364013672,0.7080444097518921,0.0009706408845631738
136,0.1410629227757454,0.12431976199150085,0.33486324548721313,20.129277229309082,0.6232317686080933,0.26059332489967346,1.378739356994629,82.8786849975586,0.19165635108947754,0.19165635108947754,0.6942764520645142,0.15031950175762177,0.12387607246637344,0.5288686156272888,31.791316986083984,0.7057808637619019,0.0009702089450086423
137,0.14184144884347916,0.1252247914671898,0.3323330730199814,19.97718334197998,0.6284537017345428,0.2589629888534546,1.3565988540649414,81.54778289794922,0.191133052110672,0.191133052110672,0.6936793327331543,0.1500043272972107,0.12277248501777649,0.5446369647979736,32.73917770385742,0.7028077840805054,0.0009697739540418514
138,0.14045339822769165,0.12380505725741386,0.3329668790102005,20.015284538269043,0.6248641312122345,0.2606898844242096,1.4011136293411255,84.22364807128906,0.19063419103622437,0.19063419103622437,0.6902652978897095,0.1516956090927124,0.12320860475301743,0.5697399377822876,34.2481689453125,0.7030208110809326,0.0009693359146441808
139,0.14022676274180412,0.12342198565602303,0.33609557151794434,20.20335578918457,0.6214793622493744,0.26520875096321106,1.4623044729232788,87.90193939208984,0.19209352135658264,0.19209352135658264,0.6935821175575256,0.15367922186851501,0.124089814722538,0.5917881727218628,35.57352828979492,0.7053866386413574,0.0009688948298179032
140,0.1403602585196495,0.12354584783315659,0.3362882733345032,20.214938163757324,0.6216349899768829,0.2602772116661072,1.3811794519424438,83.0253677368164,0.19121822714805603,0.19121822714805603,0.6921314001083374,0.15367010235786438,0.12456738203763962,0.5820542573928833,34.9884033203125,0.7072023153305054,0.0009684507025861646
141,0.1415652595460415,0.12462079897522926,0.3388892412185669,20.37128734588623,0.6208590567111969,0.26076042652130127,1.3934431076049805,83.76255798339844,0.19108827412128448,0.19108827412128448,0.6911137104034424,0.1539200246334076,0.12437178194522858,0.5909647345542908,35.52403259277344,0.707394003868103,0.0009680035359929635
142,0.139916330575943,0.12337329611182213,0.33086077868938446,19.88867950439453,0.6223825812339783,0.2630479037761688,1.4416910409927368,86.66283416748047,0.19096334278583527,0.19096334278583527,0.6940931081771851,0.15069343149662018,0.12247912585735321,0.5642860531806946,33.920326232910156,0.7038678526878357,0.0009675533331031295
143,0.14038676023483276,0.12348760664463043,0.33798305690288544,20.31681489944458,0.6271891891956329,0.26533815264701843,1.504798173904419,90.45632934570312,0.19009824097156525,0.19009824097156525,0.6921181082725525,0.15427987277507782,0.12272113561630249,0.631174623966217,37.941123962402344,0.7035596370697021,0.0009671000970023028
144,0.1416161209344864,0.12346411496400833,0.3630401939153671,21.82304859161377,0.6215282678604126,0.2695510685443878,1.581986904144287,95.0962905883789,0.1904517114162445,0.1904517114162445,0.6905009746551514,0.15553128719329834,0.12396161258220673,0.6313934922218323,37.954280853271484,0.7056006193161011,0.000966643830796913
145,0.14077626913785934,0.12327684462070465,0.3499884456396103,21.03848361968994,0.6223953068256378,0.2639074921607971,1.4373579025268555,86.40235900878906,0.1920395940542221,0.1920395940542221,0.6956251263618469,0.15231549739837646,0.12351179122924805,0.5760740637779236,34.62892532348633,0.705316424369812,0.0009661845376141577
146,0.14082160592079163,0.12309185415506363,0.35459500551223755,21.315391540527344,0.6249125897884369,0.26132577657699585,1.4213850498199463,85.44219970703125,0.1902565062046051,0.1902565062046051,0.6907461881637573,0.15130102634429932,0.12188427150249481,0.5883352160453796,35.365966796875,0.70033860206604,0.0009657222206019806
147,0.14196425676345825,0.12425342947244644,0.3542165160179138,21.29263973236084,0.6231161057949066,0.2653408646583557,1.5254957675933838,91.70050048828125,0.189066082239151,0.189066082239151,0.6860940456390381,0.1520501971244812,0.12281538546085358,0.5846962332725525,35.147220611572266,0.7018131613731384,0.000965256882929051
148,0.1408068984746933,0.12332778424024582,0.34958215057849884,21.014060020446777,0.6219632625579834,0.2658083736896515,1.4766753911972046,88.76580810546875,0.19197461009025574,0.19197461009025574,0.6962206959724426,0.1526992917060852,0.12352243065834045,0.5835372805595398,35.077552795410156,0.7047693729400635,0.0009647885277847412
149,0.14224036782979965,0.12405841052532196,0.36363905668258667,21.859045028686523,0.6312402188777924,0.26509061455726624,1.475744605064392,88.7098617553711,0.19130337238311768,0.19130337238311768,0.6948115229606628,0.15305408835411072,0.1230904683470726,0.5992722511291504,36.02342224121094,0.7028175592422485,0.0009643171583791048
150,0.14058317244052887,0.1225709393620491,0.3602447509765625,21.655007362365723,0.6225391030311584,0.266215056180954,1.5500198602676392,93.17469787597656,0.18871407210826874,0.18871407210826874,0.685818612575531,0.15465913712978363,0.12253764271736145,0.642429769039154,38.61769104003906,0.6997549533843994,0.0009638427779428549
151,0.14092186093330383,0.12344557419419289,0.3495257794857025,21.010669708251953,0.6209036111831665,0.262940376996994,1.4662015438079834,88.13619995117188,0.18963029980659485,0.18963029980659485,0.6899093985557556,0.1513686180114746,0.1217358410358429,0.5926554203033447,35.62566375732422,0.7000677585601807,0.000963365389727342
152,0.14126800373196602,0.12264785915613174,0.37240296602249146,22.385862350463867,0.620127409696579,0.25962862372398376,1.3954130411148071,83.88097381591797,0.18985795974731445,0.18985795974731445,0.6885460019111633,0.15633624792099,0.1238493099808693,0.6497387886047363,39.05705261230469,0.7064553499221802,0.0009628849970045315
153,0.13929159566760063,0.12226831167936325,0.3404656797647476,20.466049194335938,0.617130696773529,0.2618214190006256,1.4445689916610718,86.8358383178711,0.18959295749664307,0.18959295749664307,0.6878670454025269,0.15747897326946259,0.1236262321472168,0.6770547032356262,40.699066162109375,0.7051669955253601,0.0009624016030669813
154,0.14050377160310745,0.12198762595653534,0.3703228831291199,22.26082420349121,0.6179386377334595,0.2635244131088257,1.4675424098968506,88.21681213378906,0.1901472806930542,0.1901472806930542,0.6927187442779541,0.15045078098773956,0.12196996808052063,0.5696163177490234,34.2407341003418,0.701545000076294,0.0009619152112278192
155,0.1412099227309227,0.12336185947060585,0.35696128010749817,21.457633018493652,0.6272963285446167,0.26065099239349365,1.4248504638671875,85.65052032470703,0.18940845131874084,0.18940845131874084,0.6925320625305176,0.1520458161830902,0.121921107172966,0.6024940609931946,36.21708297729492,0.7014018297195435,0.0009614258248207205
156,0.1416381374001503,0.12328030914068222,0.3671565055847168,22.070487022399902,0.6224231123924255,0.2638459801673889,1.487663745880127,89.42635345458984,0.1894627809524536,0.1894627809524536,0.6877506971359253,0.15790437161922455,0.12396946549415588,0.6786980628967285,40.7978515625,0.705060601234436,0.0009609334471998847
157,0.14030588418245316,0.12154276669025421,0.3752623349428177,22.557744026184082,0.6137633919715881,0.26478302478790283,1.4698768854141235,88.3571548461914,0.19128917157649994,0.19128917157649994,0.692162275314331,0.15905487537384033,0.12403865903615952,0.7003244161605835,42.09785842895508,0.706152081489563,0.0009604380817400133
158,0.1393200233578682,0.12180474400520325,0.35030557215213776,21.05754566192627,0.6182173192501068,0.25653284788131714,1.3314759731292725,80.03759765625,0.18995903432369232,0.18995903432369232,0.6926289796829224,0.15384450554847717,0.12278402596712112,0.6212096214294434,37.34210968017578,0.7038533687591553,0.0009599397318362853
159,0.14081722497940063,0.12242862209677696,0.36777204275131226,22.107489585876465,0.6239197254180908,0.26300933957099915,1.4734667539596558,88.57294464111328,0.18933600187301636,0.18933600187301636,0.6906607151031494,0.15144211053848267,0.12157182395458221,0.5974057912826538,35.911216735839844,0.7004386186599731,0.0009594384009043353
160,0.13905391097068787,0.1218923069536686,0.34323209524154663,20.63234519958496,0.6212896108627319,0.2670244872570038,1.5566107034683228,93.57088470458984,0.1891939491033554,0.1891939491033554,0.6865750551223755,0.1585366278886795,0.12298731505870819,0.710986316204071,42.73876190185547,0.7028583288192749,0.0009589340923802293
161,0.1412268728017807,0.12151569128036499,0.3942235857248306,23.697543144226074,0.6141959726810455,0.26251235604286194,1.4616447687149048,87.8623046875,0.1894301176071167,0.1894301176071167,0.6865822076797485,0.15711314976215363,0.12347258627414703,0.6728113293647766,40.44398880004883,0.7030998468399048,0.0009584268097204415
162,0.14219807460904121,0.12243933603167534,0.3951748013496399,23.754721641540527,0.6187950372695923,0.26676422357559204,1.5421595573425293,92.70217895507812,0.18965622782707214,0.18965622782707214,0.6924437880516052,0.1566968411207199,0.12143439054489136,0.7052488923072815,42.39387512207031,0.6984137296676636,0.0009579165564018304
163,0.14137405157089233,0.12170740962028503,0.39333291351795197,23.64400291442871,0.6221419870853424,0.26474252343177795,1.5084840059280396,90.67788696289062,0.18931832909584045,0.18931832909584045,0.690156102180481,0.15882375836372375,0.12052323669195175,0.7660104036331177,46.04637145996094,0.695487916469574,0.0009574033359216153
164,0.14106516912579536,0.12126261740922928,0.39605100452899933,23.80739116668701,0.6178836524486542,0.2606092691421509,1.4132999181747437,84.95619201660156,0.18994426727294922,0.18994426727294922,0.6883339881896973,0.16433250904083252,0.12299124896526337,0.8268252611160278,49.702064514160156,0.7017318606376648,0.0009568871517973516
165,0.14594822376966476,0.12253782898187637,0.4682079404592514,28.144885063171387,0.6250156760215759,0.26658865809440613,1.516369104385376,91.1518783569336,0.1907702088356018,0.1907702088356018,0.6925426721572876,0.15967707335948944,0.12416446208953857,0.7102521657943726,42.69462966918945,0.7066514492034912,0.0009563680075669077
166,0.14166972041130066,0.12122813984751701,0.4088316261768341,24.57566261291504,0.6195196509361267,0.2718988060951233,1.6669974327087402,100.20645141601562,0.18854892253875732,0.18854892253875732,0.685860276222229,0.1581346094608307,0.12323148548603058,0.6980623602867126,41.96187973022461,0.704021692276001,0.0009558459067884399
167,0.14100078493356705,0.12206526100635529,0.3787104934453964,22.7650203704834,0.6193037629127502,0.2569877803325653,1.3738614320755005,82.58546447753906,0.18829470872879028,0.18829470872879028,0.6857872009277344,0.15771053731441498,0.12157405912876129,0.722729504108429,43.44466781616211,0.6999502182006836,0.0009553208530403685
168,0.14201422780752182,0.12102603167295456,0.419763907790184,25.23281955718994,0.6160149872303009,0.26172253489494324,1.452270269393921,87.29877471923828,0.18910902738571167,0.18910902738571167,0.6858128309249878,0.15955239534378052,0.12318061292171478,0.7274355292320251,43.72755432128906,0.7031222581863403,0.0009547928499213533
169,0.14027822762727737,0.12140746414661407,0.37741532921791077,22.687164306640625,0.6131815016269684,0.2674497365951538,1.549965262413025,93.17140197753906,0.18995147943496704,0.18995147943496704,0.6880686283111572,0.1586320400238037,0.12308357656002045,0.7109693288803101,42.73774337768555,0.7030217051506042,0.0009542619010502682
170,0.14286334067583084,0.12356019765138626,0.3860628753900528,23.20698356628418,0.6209593415260315,0.25485026836395264,1.2759078741073608,76.69729614257812,0.19105488061904907,0.19105488061904907,0.6951074004173279,0.15341897308826447,0.12126021832227707,0.6431751847267151,38.662506103515625,0.6985661387443542,0.0009537280100661779
171,0.14187031984329224,0.12188328057527542,0.3997407555580139,24.029191970825195,0.6228613257408142,0.2558285593986511,1.3312348127365112,80.0230941772461,0.18926681578159332,0.18926681578159332,0.6892139315605164,0.158238485455513,0.12170548737049103,0.7306600213050842,43.92138671875,0.6981074810028076,0.0009531911806283107
172,0.1400548294186592,0.12129567563533783,0.37518294155597687,22.552971839904785,0.6147744953632355,0.2641931176185608,1.505737543106079,90.5127944946289,0.1889062225818634,0.1889062225818634,0.6853581666946411,0.1598876416683197,0.1227506697177887,0.7427392601966858,44.64749526977539,0.7010924816131592,0.0009526514164160361
173,0.14163391292095184,0.12126252427697182,0.40742768347263336,24.49126625061035,0.6116237044334412,0.25895965099334717,1.3784024715423584,82.85842895507812,0.1900395154953003,0.1900395154953003,0.6871862411499023,0.16264227032661438,0.12342704832553864,0.7843043804168701,47.14604949951172,0.7046406269073486,0.000952108721128837
174,0.14019551873207092,0.12067367136478424,0.39043693244457245,23.46992015838623,0.6131325960159302,0.25599342584609985,1.328320860862732,79.84793853759766,0.1895773708820343,0.1895773708820343,0.6891424059867859,0.1593496948480606,0.12208322435617447,0.7453294992446899,44.80319595336914,0.7025482654571533,0.0009515630984862864
175,0.13899671286344528,0.12071910500526428,0.3655521422624588,21.974045753479004,0.6163822412490845,0.2571084499359131,1.3905682563781738,83.58975219726562,0.18758003413677216,0.18758003413677216,0.6851354837417603,0.1578715741634369,0.12187088280916214,0.7200139164924622,43.28142547607422,0.7010269165039062,0.0009510145522280209
176,0.13853665068745613,0.12108887732028961,0.3489554524421692,20.976387977600098,0.6165911555290222,0.2550092339515686,1.3447073698043823,80.83295440673828,0.18777386844158173,0.18777386844158173,0.685785174369812,0.15525494515895844,0.1209307387471199,0.6864842176437378,41.26589584350586,0.6981613636016846,0.0009504630861137151
177,0.13778232038021088,0.12017186358571053,0.3522091209888458,21.17197322845459,0.6141508519649506,0.2596789002418518,1.420609951019287,85.3956069946289,0.18864840269088745,0.18864840269088745,0.6862349510192871,0.15686757862567902,0.12133115530014038,0.7107284665107727,42.723262786865234,0.6983544230461121,0.0009499087039230559
178,0.13775332272052765,0.11969728767871857,0.36112068593502045,21.707660675048828,0.6124124228954315,0.25685834884643555,1.3589377403259277,81.6883773803711,0.18891145288944244,0.18891145288944244,0.6887038946151733,0.15530133247375488,0.12151779979467392,0.6756705641746521,40.61585998535156,0.6987386345863342,0.0009493514094557168
179,0.13751379773020744,0.11979739367961884,0.35432805120944977,21.299342155456543,0.6141307651996613,0.2557818591594696,1.330313801765442,79.96774291992188,0.1892661601305008,0.1892661601305008,0.6895853281021118,0.15441548824310303,0.12218618392944336,0.644585907459259,38.74730682373047,0.6999444961547852,0.0009487912065313317
180,0.1363375224173069,0.12008100003004074,0.32513047754764557,19.544222831726074,0.6147533059120178,0.25624167919158936,1.3551777601242065,81.46237182617188,0.18848280608654022,0.18848280608654022,0.686976969242096,0.15521259605884552,0.121904656291008,0.6661587953567505,40.04409408569336,0.7001397013664246,0.0009482280989894687
181,0.13739356398582458,0.11955633014440536,0.3567446917295456,21.444613456726074,0.6136861443519592,0.2557092010974884,1.3610676527023315,81.81640625,0.18765580654144287,0.18765580654144287,0.6854214668273926,0.15169821679592133,0.12132997810840607,0.60736483335495,36.5098762512207,0.6988135576248169,0.0009476620906896039
182,0.13636066764593124,0.11963419616222382,0.33452942967414856,20.10921001434326,0.6140442490577698,0.2585206925868988,1.4276784658432007,85.82051086425781,0.18713676929473877,0.18713676929473877,0.6851880550384521,0.1549886018037796,0.12104985117912292,0.678774893283844,40.802467346191406,0.6981935501098633,0.0009470931855110946
183,0.13668426871299744,0.11921662837266922,0.34935277700424194,21.000269889831543,0.6113216876983643,0.2549551725387573,1.3432599306106567,80.74594116210938,0.18779218196868896,0.18779218196868896,0.683929979801178,0.16067087650299072,0.12201337516307831,0.7731500267982483,46.47554397583008,0.7005664110183716,0.0009465213873531535
184,0.13526909053325653,0.11906616389751434,0.324058473110199,19.47978115081787,0.6116343438625336,0.25400158762931824,1.3035862445831299,78.361083984375,0.18882228434085846,0.18882228434085846,0.6873677968978882,0.16012603044509888,0.1217661201953888,0.7671983242034912,46.11777114868164,0.7004655599594116,0.0009459467001348209
185,0.1371922343969345,0.12036417797207832,0.33656100928783417,20.231332778930664,0.6171438694000244,0.2519679665565491,1.2914623022079468,77.63229370117188,0.18739484250545502,0.18739484250545502,0.685655951499939,0.15541592240333557,0.12146975100040436,0.6789233684539795,40.811397552490234,0.6983605623245239,0.0009453691277949389
186,0.1364656239748001,0.11869804561138153,0.35535161197185516,21.360872268676758,0.6103319823741913,0.2561729848384857,1.3685107231140137,82.26382446289062,0.18774744868278503,0.18774744868278503,0.6839485764503479,0.1582913100719452,0.12291040271520615,0.7076181769371033,42.53630065917969,0.7014725208282471,0.0009447886742921233
187,0.13515421003103256,0.11817898228764534,0.33950453996658325,20.408275604248047,0.6085596084594727,0.2595687508583069,1.405598759651184,84.49324798583984,0.18928879499435425,0.18928879499435425,0.6871123313903809,0.16090846061706543,0.12376849353313446,0.7427994012832642,44.65110778808594,0.704083263874054,0.0009442053436047377
188,0.1354079395532608,0.11807681620121002,0.3466225266456604,20.836149215698242,0.6101627945899963,0.2567518651485443,1.36141037940979,81.83700561523438,0.18868133425712585,0.18868133425712585,0.686601996421814,0.16219845414161682,0.12334368377923965,0.7770952582359314,46.71269607543945,0.7019932270050049,0.0009436191397308651
189,0.136332668364048,0.11886812001466751,0.34929098188877106,20.996554374694824,0.6104346215724945,0.25113075971603394,1.2919646501541138,77.6624984741211,0.18653251230716705,0.18653251230716705,0.6820367574691772,0.15675657987594604,0.12150674313306808,0.7049965858459473,42.37870407104492,0.6972488164901733,0.0009430300666882817
190,0.13445686548948288,0.11813051253557205,0.32652701437473297,19.628169059753418,0.6110689043998718,0.2536524832248688,1.3122144937515259,78.87974548339844,0.18804174661636353,0.18804174661636353,0.6874207258224487,0.15577609837055206,0.12152983248233795,0.6849252581596375,41.17218780517578,0.6990801095962524,0.0009424381285144275
191,0.13512495905160904,0.11857689172029495,0.33096131682395935,19.89472484588623,0.6155820488929749,0.25705552101135254,1.384914517402649,83.24989318847656,0.1878097951412201,0.1878097951412201,0.6860294342041016,0.15885964035987854,0.12262675166130066,0.7246578931808472,43.56058883666992,0.7012009024620056,0.0009418433292663809
192,0.1342049092054367,0.11744952201843262,0.3351076990365982,20.143972396850586,0.6096394658088684,0.25839146971702576,1.4345768690109253,86.23519134521484,0.18666261434555054,0.18666261434555054,0.6817178726196289,0.1606689989566803,0.12232817709445953,0.7668164968490601,46.094818115234375,0.6988807320594788,0.0009412456730208292
193,0.13507603108882904,0.1175059862434864,0.35140085220336914,21.123384475708008,0.6061626374721527,0.25251883268356323,1.3094059228897095,78.71092224121094,0.1870485246181488,0.1870485246181488,0.6837092638015747,0.15785254538059235,0.12091320753097534,0.7387866377830505,44.40989685058594,0.6966290473937988,0.0009406451638740416
194,0.1340974122285843,0.11771073564887047,0.32773357629776,19.700698375701904,0.6121636033058167,0.25649553537368774,1.3666987419128418,82.15489196777344,0.18816058337688446,0.18816058337688446,0.6877323389053345,0.15862677991390228,0.12157279998064041,0.7410796284675598,44.547725677490234,0.6994151473045349,0.0009400418059418403
195,0.13393864780664444,0.11789777129888535,0.3208174854516983,19.284960746765137,0.6130287051200867,0.2585712969303131,1.4366073608398438,86.35725402832031,0.1867409199476242,0.1867409199476242,0.6828985214233398,0.15946660935878754,0.1217862144112587,0.7536078095436096,45.30082321166992,0.6986455917358398,0.0009394356033595729
196,0.13488644361495972,0.11774761974811554,0.34277644753456116,20.604954719543457,0.6073589026927948,0.25603365898132324,1.3952895402908325,83.8735580444336,0.18626916408538818,0.18626916408538818,0.6798014640808105,0.1601140946149826,0.1224631667137146,0.7530184388160706,45.2653923034668,0.700667679309845,0.0009388265602820842
197,0.13368180394172668,0.11724576354026794,0.32872092723846436,19.760050296783447,0.6074427664279938,0.25806760787963867,1.4072033166885376,84.58970642089844,0.18770743906497955,0.18770743906497955,0.685677170753479,0.16062793135643005,0.12193600833415985,0.773838460445404,46.51692199707031,0.7004498243331909,0.0009382146808836873
198,0.1350049301981926,0.11762332543730736,0.3476320803165436,20.896835327148438,0.6127332746982574,0.25559332966804504,1.3914071321487427,83.64019012451172,0.18602296710014343,0.18602296710014343,0.6829546689987183,0.15865939855575562,0.12125745415687561,0.7480388283729553,44.96605682373047,0.6983821392059326,0.0009375999693581351
199,0.13374365866184235,0.11629769206047058,0.3489193171262741,20.974214553833008,0.6071617305278778,0.2560431957244873,1.4168992042541504,85.17254638671875,0.18519823253154755,0.18519823253154755,0.6787253618240356,0.16012288630008698,0.12179126590490341,0.7666323184967041,46.08374786376953,0.6991884112358093,0.0009369824299185914
200,0.133744515478611,0.11653036624193192,0.34428301453590393,20.695517539978027,0.6043879687786102,0.2597380578517914,1.4612884521484375,87.84087371826172,0.18667364120483398,0.18667364120483398,0.6815921664237976,0.1644606590270996,0.12303529679775238,0.8285072445869446,49.80317306518555,0.702826976776123,0.0009363620667976027
201,0.13330605253577232,0.11647050827741623,0.3367109000682831,20.240344047546387,0.605838268995285,0.26075854897499084,1.4701741933822632,88.37501525878906,0.18724983930587769,0.18724983930587769,0.6846554279327393,0.1622987687587738,0.12232932448387146,0.7993889451026917,48.052818298339844,0.7006140947341919,0.000935738884247068
202,0.1339734084904194,0.11687225848436356,0.34202298521995544,20.55966281890869,0.6099576056003571,0.2594279944896698,1.4625499248504639,87.91670227050781,0.18630048632621765,0.18630048632621765,0.6833575963973999,0.1625802367925644,0.12264174968004227,0.7987698316574097,48.01559829711914,0.700485348701477,0.0009351128865382109
203,0.13334567099809647,0.11713732033967972,0.32416705787181854,19.486309051513672,0.6060328781604767,0.2608362138271332,1.4881454706192017,89.4552993774414,0.18642893433570862,0.18642893433570862,0.6802350878715515,0.16320805251598358,0.12267106026411057,0.8107397556304932,48.73513412475586,0.7006202340126038,0.0009344840779615496
204,0.1336878053843975,0.11645382642745972,0.3446796089410782,20.71935749053955,0.6071044504642487,0.25920403003692627,1.4318987131118774,86.07420349121094,0.18760907649993896,0.18760907649993896,0.6845811605453491,0.16076433658599854,0.12305313348770142,0.7542239427566528,45.33785629272461,0.7019334435462952,0.0009338524628268676
205,0.13267379626631737,0.11641824245452881,0.32511116564273834,19.543062210083008,0.6082756817340851,0.2587299048900604,1.4481844902038574,87.05316925048828,0.18632067739963531,0.18632067739963531,0.682907223701477,0.16059619188308716,0.12178196758031845,0.7762843370437622,46.66394805908203,0.6976810097694397,0.0009332180454631845
206,0.13401968404650688,0.11567308381199837,0.3669319450855255,22.05698871612549,0.6058866083621979,0.26092329621315,1.4892417192459106,89.52119445800781,0.1864612102508545,0.1864612102508545,0.6820716857910156,0.16267868876457214,0.12212575972080231,0.8110584616661072,48.75429153442383,0.6986744403839111,0.0009325808302187257
207,0.13253402709960938,0.11555085703730583,0.33966343104839325,20.41782569885254,0.6038421392440796,0.265716552734375,1.5664488077163696,94.16226959228516,0.1873941272497177,0.1873941272497177,0.6834577322006226,0.16577383875846863,0.12264227867126465,0.8626313209533691,51.854434967041016,0.7007341384887695,0.0009319408214608931
208,0.13608882576227188,0.1159568727016449,0.40263912081718445,24.203417778015137,0.607484757900238,0.26145559549331665,1.5011167526245117,90.23503112792969,0.18639974296092987,0.18639974296092987,0.682756781578064,0.16502413153648376,0.12229499220848083,0.8545829057693481,51.37063217163086,0.6998007297515869,0.0009312980235762353
209,0.13398422300815582,0.11640623956918716,0.3515596091747284,21.13292694091797,0.6075458526611328,0.2622431516647339,1.5337135791778564,92.19448852539062,0.18555745482444763,0.18555745482444763,0.6792963743209839,0.16094909608364105,0.12233421951532364,0.7722975611686707,46.42430114746094,0.6989909410476685,0.0009306524409704167
210,0.13380567356944084,0.11585277318954468,0.3590579926967621,21.583669662475586,0.6057324111461639,0.2611168324947357,1.496185064315796,89.9385757446289,0.18630757927894592,0.18630757927894592,0.6835158467292786,0.1598169505596161,0.122090183198452,0.754535436630249,45.35658645629883,0.6994177103042603,0.0009300040780681884
211,0.13337024301290512,0.11641820520162582,0.33904075622558594,20.380393981933594,0.6089232861995697,0.2611207067966461,1.5133274793624878,90.96903228759766,0.1854543387889862,0.1854543387889862,0.680264413356781,0.1643882542848587,0.1224755197763443,0.8382547497749329,50.38911819458008,0.7002239227294922,0.0009293529393133572
212,0.13434022665023804,0.11688744276762009,0.3490556478500366,20.98240852355957,0.6117807626724243,0.26067328453063965,1.5022906064987183,90.30560302734375,0.1855587661266327,0.1855587661266327,0.6816539764404297,0.16191692650318146,0.12108369916677475,0.8166645765304565,49.091285705566406,0.6963348388671875,0.000928699029168755
213,0.13453494012355804,0.11593810841441154,0.37193669378757477,22.357833862304688,0.6079673767089844,0.2610001564025879,1.520574688911438,91.4046859741211,0.184971421957016,0.184971421957016,0.6777874231338501,0.1600380688905716,0.12114782631397247,0.7778047323226929,46.75534439086914,0.6960189342498779,0.000928042352116209
214,0.13319943845272064,0.11629331484436989,0.33812251687049866,20.325200080871582,0.6083828508853912,0.2652606964111328,1.5541975498199463,93.42581176757812,0.18755081295967102,0.18755081295967102,0.6850007772445679,0.16055941581726074,0.12240252643823624,0.763137936592102,45.873695373535156,0.6999954581260681,0.00092738291265651
215,0.1322389841079712,0.11508743464946747,0.34303103387355804,20.620258331298828,0.604847252368927,0.26087936758995056,1.5007851123809814,90.21510314941406,0.18584010004997253,0.18584010004997253,0.6804342269897461,0.15955238044261932,0.12218446284532547,0.7473582625389099,44.925148010253906,0.6988170146942139,0.0009267207153093822
216,0.1327255517244339,0.11495473235845566,0.35541631281375885,21.36476230621338,0.6004475951194763,0.26156529784202576,1.5220931768417358,91.49595642089844,0.18546062707901,0.18546062707901,0.6800220608711243,0.16009613871574402,0.1218886449933052,0.7641499042510986,45.93452835083008,0.6984767913818359,0.0009260557646134519
217,0.13177017122507095,0.11509380117058754,0.3335273712873459,20.048975944519043,0.6022882461547852,0.26767560839653015,1.6265671253204346,97.77611541748047,0.18634724617004395,0.18634724617004395,0.6838270425796509,0.16236278414726257,0.1221032664179802,0.8051905035972595,48.40156173706055,0.6999039649963379,0.0009253880651262172
218,0.13396960124373436,0.11501229554414749,0.3791460543870926,22.79120445251465,0.6069254875183105,0.2639142870903015,1.571252703666687,94.45105743408203,0.1853516399860382,0.1853516399860382,0.6809877157211304,0.16173283755779266,0.12276371568441391,0.7793823480606079,46.850181579589844,0.7019747495651245,0.0009247176214240154
219,0.13372119516134262,0.11542517691850662,0.3659203499555588,21.996180057525635,0.6023017168045044,0.2594502568244934,1.4874050617218018,89.41079711914062,0.18508000671863556,0.18508000671863556,0.6777800917625427,0.16165822744369507,0.12288090586662292,0.7755464911460876,46.619598388671875,0.7018560171127319,0.0009240444381019922
220,0.13279622793197632,0.1149069145321846,0.3577863425016403,21.50722885131836,0.6013028025627136,0.26111483573913574,1.51386296749115,91.00122833251953,0.1854216754436493,0.1854216754436493,0.6806768774986267,0.15629346668720245,0.12210789322853088,0.6837113499641418,41.099212646484375,0.700471818447113,0.0009233685197740714
221,0.13276732712984085,0.11554066091775894,0.34453335404396057,20.710564613342285,0.6058772802352905,0.2624299228191376,1.5374369621276855,92.41830444335938,0.18555808067321777,0.18555808067321777,0.6825113296508789,0.16031986474990845,0.12183713912963867,0.7696545124053955,46.26542282104492,0.6991457939147949,0.0009226898710729209
222,0.13223481178283691,0.11530160903930664,0.3386639803647995,20.357747077941895,0.60780268907547,0.2636197805404663,1.5835140943527222,95.1880874633789,0.18444406986236572,0.18444406986236572,0.6802390813827515,0.16652993857860565,0.12180173397064209,0.894564151763916,53.773983001708984,0.6990518569946289,0.0009220084966499233
223,0.13471383601427078,0.11423403397202492,0.4095960855484009,24.62161159515381,0.6022044122219086,0.2590026259422302,1.4971436262130737,89.9961929321289,0.18414543569087982,0.18414543569087982,0.6769893169403076,0.16322316229343414,0.12205033749341965,0.8234565854072571,49.49956130981445,0.6994929313659668,0.0009213244011751424
224,0.13152994215488434,0.11405960842967033,0.3494066298007965,21.003506660461426,0.6006085574626923,0.26577070355415344,1.5960948467254639,95.9443588256836,0.18596595525741577,0.18596595525741577,0.6816108226776123,0.1599355787038803,0.12216827273368835,0.7553461194038391,45.40531539916992,0.7013256549835205,0.000920637589337292
225,0.13781990855932236,0.1173124648630619,0.4101487994194031,24.654837608337402,0.6139342784881592,0.25989413261413574,1.4983303546905518,90.06753540039062,0.18497762084007263,0.18497762084007263,0.6812266111373901,0.16166792809963226,0.12167724967002869,0.7998135089874268,48.07833480834961,0.6999576687812805,0.0009199480658437039
226,0.13393910229206085,0.11492467299103737,0.3802887350320816,22.85988998413086,0.6037817001342773,0.26145994663238525,1.5388792753219604,92.50501251220703,0.18451598286628723,0.18451598286628723,0.6755236387252808,0.16416721045970917,0.1223793476819992,0.8357571959495544,50.23897933959961,0.6996142268180847,0.0009192558354202945
227,0.13392044603824615,0.1149238646030426,0.37993165850639343,22.83842658996582,0.5970364809036255,0.27108034491539,1.683767318725586,101.21451568603516,0.18689198791980743,0.18689198791980743,0.6813809871673584,0.16001564264297485,0.12215004116296768,0.757311999797821,45.52348709106445,0.6992421746253967,0.0009185609028115337
228,0.13387876749038696,0.11405164003372192,0.3965425491333008,23.836938858032227,0.6003509759902954,0.2636709213256836,1.5249615907669067,91.66838836669922,0.18742284178733826,0.18742284178733826,0.6867672204971313,0.15592265129089355,0.12192857265472412,0.6798815131187439,40.868988037109375,0.6998552083969116,0.0009178632727804119
229,0.1323331668972969,0.11496949195861816,0.34727346897125244,20.875277519226074,0.6067469120025635,0.2552228569984436,1.427772045135498,85.82614135742188,0.1838342398405075,0.1838342398405075,0.6775990128517151,0.15489831566810608,0.12010850012302399,0.6957964301109314,41.82566833496094,0.6942175626754761,0.0009171629501084071
230,0.1323982998728752,0.11391035839915276,0.3697587847709656,22.226914405822754,0.600012481212616,0.2617377042770386,1.5491584539413452,93.12290954589844,0.18427976965904236,0.18427976965904236,0.6765131950378418,0.15629026293754578,0.1201096624135971,0.7236121296882629,43.49772644042969,0.694260835647583,0.0009164599395954524
231,0.1312810182571411,0.11378494277596474,0.3499215096235275,21.03445816040039,0.6010629683732986,0.26842471957206726,1.6603186130523682,99.8049545288086,0.1854087859392166,0.1854087859392166,0.6808283925056458,0.1599578559398651,0.1220630556344986,0.7578958868980408,45.558589935302734,0.7006790637969971,0.0009157542460599035
232,0.13164180889725685,0.11377406120300293,0.357354998588562,21.481300354003906,0.6021853983402252,0.26256221532821655,1.5344574451446533,92.23920440673828,0.18583932518959045,0.18583932518959045,0.6815241575241089,0.16214558482170105,0.12248246371746063,0.793262243270874,47.68452835083008,0.701033353805542,0.0009150458743385046
233,0.130364540964365,0.11338058859109879,0.3396790474653244,20.418766021728516,0.5986786484718323,0.2593584954738617,1.4958325624465942,89.9173812866211,0.18456687033176422,0.18456687033176422,0.6775016784667969,0.16289883852005005,0.1223338171839714,0.8113004565238953,48.76884078979492,0.6994456648826599,0.000914334829286356
234,0.13014015182852745,0.11334871128201485,0.33582884073257446,20.187321662902832,0.5988688468933105,0.2610431909561157,1.5425348281860352,92.72474670410156,0.18391643464565277,0.18391643464565277,0.6787008047103882,0.1578642576932907,0.12098348140716553,0.7376155257225037,44.33949661254883,0.6969083547592163,0.0009136211157768811
235,0.13011359423398972,0.11443601548671722,0.3135516047477722,18.848193168640137,0.6066108345985413,0.26524752378463745,1.6001408100128174,96.18756866455078,0.1852404773235321,0.1852404773235321,0.6816133260726929,0.15934376418590546,0.12146177887916565,0.7576395869255066,45.54317855834961,0.6983307600021362,0.0009129047387017925
236,0.12955697625875473,0.11364062875509262,0.31832699477672577,19.13525104522705,0.6045207381248474,0.2638954222202301,1.5818700790405273,95.08927154541016,0.18480190634727478,0.18480190634727478,0.677689790725708,0.16212937235832214,0.12165995687246323,0.8093883991241455,48.65390396118164,0.6976522207260132,0.0009121857029710581
237,0.1293935924768448,0.11292406171560287,0.329390749335289,19.80031394958496,0.596838504076004,0.2651410400867462,1.600341558456421,96.19962310791016,0.1851239651441574,0.1851239651441574,0.6796683669090271,0.16414368152618408,0.12253089994192123,0.8322556018829346,50.02848815917969,0.6996430158615112,0.0009114640135128688
238,0.12865379825234413,0.11289270967245102,0.3152216970920563,18.948586463928223,0.5986751616001129,0.2652931809425354,1.6027685403823853,96.34552001953125,0.1851547509431839,0.1851547509431839,0.6808046102523804,0.15977483987808228,0.12117809057235718,0.7719350457191467,46.40251159667969,0.6974084377288818,0.000910739675273603
239,0.1294855922460556,0.11341163143515587,0.32147926092147827,19.324739456176758,0.6021219491958618,0.26713716983795166,1.6448414325714111,98.87459564208984,0.1848950982093811,0.1848950982093811,0.6803637146949768,0.16071394085884094,0.12149681150913239,0.7843424081802368,47.14833450317383,0.6986532211303711,0.0009100126932177938
240,0.1310843490064144,0.11455783993005753,0.33053024113178253,19.868812561035156,0.6051632463932037,0.2686276137828827,1.6861752271652222,101.35924530029297,0.18431885540485382,0.18431885540485382,0.6758852005004883,0.16695283353328705,0.12362489104270935,0.8665587902069092,52.09052658081055,0.7033517360687256,0.000909283072328095
241,0.1279713585972786,0.11230151355266571,0.3133969306945801,18.838895797729492,0.5945224463939667,0.2672866880893707,1.6459717750549316,98.94255065917969,0.1849880963563919,0.1849880963563919,0.679506778717041,0.16386696696281433,0.12385314702987671,0.8002762198448181,48.10615158081055,0.7041344046592712,0.0009085508176052465
242,0.12897153198719025,0.11248665302991867,0.32969754934310913,19.81875705718994,0.5995463728904724,0.2648104131221771,1.6090290546417236,96.72184753417969,0.18435895442962646,0.18435895442962646,0.6799311637878418,0.1612267792224884,0.12265153229236603,0.7715049982070923,46.37665939331055,0.7005768418312073,0.00090781593406804
243,0.12796823680400848,0.11193176358938217,0.32072948664426804,19.279669761657715,0.597204864025116,0.2672457695007324,1.676616907119751,100.78468322753906,0.18341492116451263,0.18341492116451263,0.6761038899421692,0.16237545013427734,0.12140876054763794,0.8193338513374329,49.251739501953125,0.6959095597267151,0.000907078426753285
244,0.1281028501689434,0.11184877157211304,0.3250814825296402,19.541275024414062,0.596269965171814,0.26502060890197754,1.6148537397384644,97.07197570800781,0.18427793681621552,0.18427793681621552,0.678227961063385,0.1617431938648224,0.12163586914539337,0.8021465539932251,48.21858215332031,0.6967945098876953,0.0009063383007157744
245,0.1293296217918396,0.11294209212064743,0.3277505785226822,19.70172119140625,0.604679524898529,0.26941460371017456,1.6829729080200195,101.16675567626953,0.18526597321033478,0.18526597321033478,0.6810066103935242,0.16422632336616516,0.12302511185407639,0.8240240812301636,49.53368377685547,0.7013102769851685,0.0009055955610282487
246,0.12763472646474838,0.1116715520620346,0.3192635029554367,19.19154644012451,0.5972961783409119,0.2716509699821472,1.773309350013733,106.5970458984375,0.18298551440238953,0.18298551440238953,0.6744096279144287,0.1655399054288864,0.12218954414129257,0.8670071363449097,52.11747360229492,0.6987724304199219,0.000904850212781363
247,0.12822702899575233,0.11162061244249344,0.3321283161640167,19.964876174926758,0.5951004028320312,0.26562076807022095,1.634647250175476,98.26181030273438,0.18388840556144714,0.18388840556144714,0.6767701506614685,0.1631428599357605,0.1215558797121048,0.8317397236824036,49.99748229980469,0.6976751685142517,0.0009041022610836503
248,0.12787529453635216,0.11136646196246147,0.33017660677433014,19.84755516052246,0.5951232314109802,0.2675600051879883,1.6871448755264282,101.41754150390625,0.18320277333259583,0.18320277333259583,0.676971971988678,0.16221855580806732,0.12188325822353363,0.8067060112953186,48.49266052246094,0.698909342288971,0.0009033517110614881
249,0.12747535109519958,0.11157355830073357,0.31803593039512634,19.117753982543945,0.5964095592498779,0.2718150019645691,1.755077838897705,105.50112915039062,0.18406111001968384,0.18406111001968384,0.6770293712615967,0.1623898446559906,0.12240161001682281,0.7997645735740662,48.07539749145508,0.6993629932403564,0.0009025985678590621
250,0.12727049738168716,0.11104192212224007,0.3245714455842972,19.510618209838867,0.594346433877945,0.26967358589172363,1.7154959440231323,103.12178039550781,0.18389877676963806,0.18389877676963806,0.6763351559638977,0.16713067889213562,0.12257587909698486,0.8910961151123047,53.56550598144531,0.6986514925956726,0.0009018428366383317
251,0.1284581422805786,0.11138506233692169,0.3414616137742996,20.52591609954834,0.595317542552948,0.2723665237426758,1.7625380754470825,105.94956970214844,0.18423961102962494,0.18423961102962494,0.6785464882850647,0.16423170268535614,0.12183433026075363,0.8479475378990173,50.97176742553711,0.6976469159126282,0.0009010845225789934
252,0.12906967848539352,0.11158038303256035,0.3497859239578247,21.02630615234375,0.6002019643783569,0.2681744694709778,1.6740320920944214,100.62931060791016,0.18447287380695343,0.18447287380695343,0.6785612106323242,0.16363276541233063,0.12127874791622162,0.8470803499221802,50.91964340209961,0.6962990760803223,0.0009003236308784478
253,0.12899810448288918,0.11094163358211517,0.3611293435096741,21.708182334899902,0.5951753258705139,0.26946496963500977,1.7422254085540771,104.72853088378906,0.18235370516777039,0.18235370516777039,0.6733593940734863,0.16448968648910522,0.12165260314941406,0.8567415475845337,51.50038528442383,0.6976256370544434,0.0008995601667517607
254,0.12807350605726242,0.11093008890748024,0.3428683876991272,20.610482215881348,0.592933714389801,0.2767552137374878,1.8597315549850464,111.79206848144531,0.183768630027771,0.183768630027771,0.6771137118339539,0.1613057255744934,0.12169723212718964,0.7921698689460754,47.61886215209961,0.6992935538291931,0.0008987941354316301
255,0.12796767801046371,0.1110222116112709,0.3389093279838562,20.3724946975708,0.5949339866638184,0.2683973014354706,1.691433072090149,101.6753158569336,0.18382564187049866,0.18382564187049866,0.677810549736023,0.16253553330898285,0.12139415740966797,0.8228274583816528,49.46174621582031,0.6976737976074219,0.0008980255421683486
256,0.12775135412812233,0.11088378727436066,0.33735136687755585,20.27884292602539,0.5967178344726562,0.2706631124019623,1.763197898864746,105.98924255371094,0.18250322341918945,0.18250322341918945,0.6757185459136963,0.16368022561073303,0.12071706354618073,0.8592630624771118,51.6519660949707,0.6949812769889832,0.0008972543922297687
257,0.1269894726574421,0.11009234189987183,0.3379426747560501,20.314388275146484,0.593828022480011,0.2692517638206482,1.7232402563095093,103.58731842041016,0.1830897331237793,0.1830897331237793,0.6746357679367065,0.16479864716529846,0.12097180634737015,0.8765366673469543,52.690311431884766,0.6960399150848389,0.0008964806909012655
258,0.12679919227957726,0.11023957654833794,0.3311922550201416,19.908605575561523,0.5916808545589447,0.27063578367233276,1.7304673194885254,104.02173614501953,0.18411242961883545,0.18411242961883545,0.6772656440734863,0.16637761890888214,0.12206946313381195,0.8861629962921143,53.26897048950195,0.6994341611862183,0.0008957044434857014
259,0.12767361477017403,0.11038579419255257,0.34575648605823517,20.78409194946289,0.59438556432724,0.27643126249313354,1.8464161157608032,110.99163818359375,0.18411046266555786,0.18411046266555786,0.6770241260528564,0.16936279833316803,0.1221342384815216,0.9445711970329285,56.779998779296875,0.6983572840690613,0.0008949256553033892
260,0.12689240649342537,0.11031544208526611,0.33153919875621796,19.92946434020996,0.5946695804595947,0.2772431969642639,1.8792815208435059,112.96725463867188,0.1832791268825531,0.1832791268825531,0.6759920120239258,0.16640284657478333,0.12140034139156342,0.9000499248504639,54.10374450683594,0.6961991190910339,0.0008941443316920559
261,0.12849879637360573,0.1110038012266159,0.34989990293979645,21.033159255981445,0.5958693027496338,0.27328065037727356,1.8101274967193604,108.81025695800781,0.18277427554130554,0.18277427554130554,0.6744366884231567,0.16645699739456177,0.1216396689414978,0.8963466286659241,53.88113021850586,0.6969313025474548,0.0008933604780068062
262,0.12647047638893127,0.11008211970329285,0.32776711881160736,19.70271396636963,0.594571590423584,0.2737651765346527,1.7878128290176392,107.46888732910156,0.18437454104423523,0.18437454104423523,0.6794537901878357,0.16508133709430695,0.12189744412899017,0.8636777400970459,51.91734313964844,0.6995600461959839,0.0008925740996200851
263,0.12898922711610794,0.11097803711891174,0.3602237403392792,21.6537446975708,0.5984071493148804,0.2684781551361084,1.7066850662231445,102.59213256835938,0.18314389884471893,0.18314389884471893,0.6733531951904297,0.1648501306772232,0.12216946482658386,0.8536133766174316,51.31234359741211,0.6997132301330566,0.0008917852019216424
264,0.12645533680915833,0.10999219119548798,0.32926294207572937,19.792633056640625,0.590220034122467,0.2780720591545105,1.9226371049880981,115.57343292236328,0.1819402128458023,0.1819402128458023,0.672156572341919,0.16257277131080627,0.12085719406604767,0.8343116641044617,50.15208435058594,0.6950341463088989,0.0008909937903184945
265,0.12730466946959496,0.10949349775910378,0.356223464012146,21.413280487060547,0.5913008451461792,0.28004515171051025,1.8996586799621582,114.1921615600586,0.1850622296333313,0.1850622296333313,0.6802537441253662,0.16308467090129852,0.12124565243721008,0.836780309677124,50.30048370361328,0.6961328983306885,0.000890199870234888
266,0.1268780529499054,0.10976705700159073,0.34221991896629333,20.57150173187256,0.5940161347389221,0.27207624912261963,1.7599873542785645,105.79624938964844,0.18407687544822693,0.18407687544822693,0.6776454448699951,0.16909176111221313,0.12126712501049042,0.9564927220344543,57.49662399291992,0.6965663433074951,0.0008894034471122621
267,0.12770192325115204,0.10994761064648628,0.3550862967967987,21.344924926757812,0.5925744473934174,0.27443885803222656,1.8301968574523926,110.01667022705078,0.18292900919914246,0.18292900919914246,0.6738388538360596,0.1645440310239792,0.1204279363155365,0.882321834564209,53.03807067871094,0.693956196308136,0.0008886045264092117
268,0.12558842822909355,0.10940176621079445,0.32373329997062683,19.460233688354492,0.58956578373909,0.2808496057987213,1.9394415616989136,116.58358001708984,0.18387752771377563,0.18387752771377563,0.6766952872276306,0.15979647636413574,0.1208781972527504,0.7783655524253845,46.78905487060547,0.6957377195358276,0.0008878031136014499
269,0.12652180716395378,0.10990182310342789,0.33239972591400146,19.981191635131836,0.5947927236557007,0.2756165862083435,1.8248589038848877,109.69580078125,0.1843736469745636,0.1843736469745636,0.6787924766540527,0.1637171506881714,0.12107696384191513,0.8528035879135132,51.263671875,0.6954121589660645,0.0008869992141817703
270,0.1248805932700634,0.10896908491849899,0.31823018193244934,19.12943172454834,0.5914100408554077,0.27042558789253235,1.7472002506256104,105.02758026123047,0.18306556344032288,0.18306556344032288,0.6742833256721497,0.16818827390670776,0.12074998021125793,0.9487658739089966,57.03214645385742,0.694124698638916,0.0008861928336600095
271,0.12531021237373352,0.10857295989990234,0.3347451090812683,20.12217426300049,0.588374525308609,0.27405065298080444,1.8200788497924805,109.408447265625,0.18304671347141266,0.18304671347141266,0.6748969554901123,0.1649530977010727,0.12104898691177368,0.8780821561813354,52.7832145690918,0.69618821144104,0.0008853839775630094
272,0.12429140880703926,0.10877164453268051,0.310395210981369,18.658453941345215,0.5886816382408142,0.2827266454696655,2.000617027282715,120.2609634399414,0.18269577622413635,0.18269577622413635,0.6741324663162231,0.16550865769386292,0.12012333422899246,0.9077064990997314,54.56399154663086,0.6947181224822998,0.000884572651434579
273,0.12648338079452515,0.1092401035130024,0.3448655754327774,20.730536460876465,0.591673880815506,0.2785075306892395,1.9258437156677246,115.76619720458984,0.18221533298492432,0.18221533298492432,0.6731348037719727,0.16537728905677795,0.11983691155910492,0.9108073711395264,54.750396728515625,0.6938114762306213,0.0008837588608354571
274,0.12584241852164268,0.10861960053443909,0.34445641934871674,20.705941200256348,0.5867976546287537,0.2732959985733032,1.8189457654953003,109.34034729003906,0.18234869837760925,0.18234869837760925,0.6720353364944458,0.1699286848306656,0.12069723010063171,0.9846289753913879,59.18795394897461,0.6955662369728088,0.0008829426113432729
275,0.12461846694350243,0.10846522077918053,0.323064923286438,19.42005729675293,0.588742733001709,0.28089141845703125,1.9568073749542236,117.62747192382812,0.18305104970932007,0.18305104970932007,0.6761462092399597,0.1622229516506195,0.1208835020661354,0.8267890214920044,49.69988250732422,0.6960020065307617,0.0008821239085525091
276,0.1269538477063179,0.1092739962041378,0.35359716415405273,21.255409240722656,0.5930427014827728,0.2797290086746216,1.9507365226745605,117.26254272460938,0.18219217658042908,0.18219217658042908,0.6726832389831543,0.1647898107767105,0.12066101282835007,0.8825759291648865,53.0533447265625,0.6945854425430298,0.0008813027580744632
277,0.12711384147405624,0.10969895124435425,0.3482978641986847,20.93686008453369,0.5925625562667847,0.2786525785923004,1.908991813659668,114.7531967163086,0.18320298194885254,0.18320298194885254,0.6742943525314331,0.16804653406143188,0.12169764190912247,0.9269776940345764,55.72241973876953,0.6961279511451721,0.0008804791655372085
278,0.12441376224160194,0.10795249789953232,0.3292253613471985,19.790371894836426,0.585991621017456,0.28339868783950806,1.9978201389312744,120.09283447265625,0.18350768089294434,0.18350768089294434,0.6765843629837036,0.1666993498802185,0.12144018709659576,0.9051833152770996,54.41231918334961,0.6966394186019897,0.0008796531365855559
279,0.12685999274253845,0.10819684714078903,0.3732628673315048,22.437552452087402,0.5903739631175995,0.27567604184150696,1.8596975803375244,111.7900161743164,0.18269115686416626,0.18269115686416626,0.6747663617134094,0.16287672519683838,0.12067264318466187,0.8440817594528198,50.73938751220703,0.6962096691131592,0.0008788246768810155
280,0.12671203538775444,0.10872023925185204,0.3598359525203705,21.630435943603516,0.5906863808631897,0.2765581011772156,1.9053696393966675,114.53545379638672,0.18128962814807892,0.18128962814807892,0.6705349683761597,0.1653277724981308,0.12011303007602692,0.9042947292327881,54.35890197753906,0.6944139003753662,0.0008779937921017574
281,0.12546561658382416,0.10794807970523834,0.3503507077693939,21.060258865356445,0.5849036872386932,0.28088489174842834,1.9336127042770386,116.23321533203125,0.18420425057411194,0.18420425057411194,0.6778273582458496,0.1671362817287445,0.1202363520860672,0.9379984140396118,56.3848991394043,0.6937907338142395,0.0008771604879425725
282,0.12585745379328728,0.10829657688736916,0.35121749341487885,21.112363815307617,0.5897672474384308,0.2768649160861969,1.8875246047973633,113.46275329589844,0.18248867988586426,0.18248867988586426,0.6761667728424072,0.16506719589233398,0.11960887908935547,0.9091663956642151,54.65174865722656,0.6923350691795349,0.0008763247701148346
283,0.1254132278263569,0.10837987437844276,0.3406670391559601,20.4781551361084,0.5916212499141693,0.2764393389225006,1.8911436796188354,113.68031311035156,0.18188215792179108,0.18188215792179108,0.6731215715408325,0.16323138773441315,0.11939175426959991,0.8767926692962646,52.7056999206543,0.6920549869537354,0.00087548664434646
284,0.12600933760404587,0.10808682441711426,0.3584502935409546,21.54714012145996,0.5863589942455292,0.28354331851005554,2.024787425994873,121.7138900756836,0.18230393528938293,0.18230393528938293,0.6730768084526062,0.1671895980834961,0.12025950849056244,0.9386017918586731,56.42116165161133,0.6941025257110596,0.0008746461163818687
285,0.1251578889787197,0.10726319253444672,0.35789385437965393,21.51369285583496,0.5847436189651489,0.2856447696685791,2.052103281021118,123.35588836669922,0.1830396056175232,0.1830396056175232,0.6763949394226074,0.16796371340751648,0.12071386724710464,0.9449969530105591,56.80559539794922,0.6959693431854248,0.0008738031919819456
286,0.1270778588950634,0.10959379002451897,0.3496813625097275,21.02002239227295,0.5973008126020432,0.28358787298202515,2.0280613899230957,121.91068267822266,0.18218478560447693,0.18218478560447693,0.6737841963768005,0.1660962700843811,0.11890967190265656,0.9437319040298462,56.729549407958984,0.691982626914978,0.0008729578769239999
287,0.12650688365101814,0.10725095868110657,0.3851185590028763,23.150221824645996,0.5860472917556763,0.2795671224594116,1.9547878503799438,117.50607299804688,0.18182772397994995,0.18182772397994995,0.6704322695732117,0.16860775649547577,0.11920288950204849,0.9880974292755127,59.39645004272461,0.6902351379394531,0.0008721101770017265
288,0.12987112626433372,0.10863767936825752,0.42466893792152405,25.527671813964844,0.5869741141796112,0.2849559783935547,2.0324907302856445,122.17694091796875,0.1833314299583435,0.1833314299583435,0.6741517782211304,0.17214396595954895,0.12129969894886017,1.0168853998184204,61.12694549560547,0.6953896284103394,0.0008712600980251656
289,0.1252816952764988,0.10815982148051262,0.3424374461174011,20.58457851409912,0.5896161496639252,0.28975409269332886,2.1111955642700195,126.90804290771484,0.18419429659843445,0.18419429659843445,0.6782019138336182,0.17119364440441132,0.12081150710582733,1.0076426267623901,60.57133865356445,0.6954770684242249,0.0008704076458206632
290,0.13151434063911438,0.10826059430837631,0.46507498621940613,27.956557273864746,0.5914458632469177,0.27515724301338196,1.8719730377197266,112.52791595458984,0.18155857920646667,0.18155857920646667,0.6714885830879211,0.1771954596042633,0.11916064471006393,1.1606963872909546,69.77169799804688,0.6906290054321289,0.0008695528262308317
291,0.12737585976719856,0.1071825735270977,0.403865709900856,24.277148246765137,0.5822371542453766,0.2742263674736023,1.8447115421295166,110.88917541503906,0.18199080228805542,0.18199080228805542,0.6703514456748962,0.17471562325954437,0.11879852414131165,1.1183419227600098,67.2256851196289,0.6893348097801208,0.0008686956451145084
292,0.1263556182384491,0.10721152648329735,0.3828818202018738,23.015766143798828,0.5840957164764404,0.2826738953590393,1.9992773532867432,120.18042755126953,0.18271003663539886,0.18271003663539886,0.6751941442489624,0.16521917283535004,0.11931221187114716,0.9181391000747681,55.19112014770508,0.691294252872467,0.0008678361083467171
293,0.1278667151927948,0.1083165630698204,0.3910030871629715,23.50395107269287,0.5935264527797699,0.28288307785987854,2.0034728050231934,120.43262481689453,0.18270942568778992,0.18270942568778992,0.675055205821991,0.16544213891029358,0.11966690421104431,0.9155046939849854,55.03275680541992,0.6923007369041443,0.0008669742218186262
294,0.12496493011713028,0.10831058025360107,0.3330869674682617,20.022501945495605,0.5882484018802643,0.2768278419971466,1.9069569110870361,114.63086700439453,0.18147999048233032,0.18147999048233032,0.6698383092880249,0.17262977361679077,0.11940202116966248,1.0645549297332764,63.99245834350586,0.6912698745727539,0.0008661099914375098
295,0.1267285868525505,0.1075654849410057,0.3832620531320572,23.03862190246582,0.583753913640976,0.2739849388599396,1.8416802883148193,110.70697021484375,0.18190093338489532,0.18190093338489532,0.6723876595497131,0.17132648825645447,0.11935185641050339,1.0394924879074097,62.48590087890625,0.6912873983383179,0.0008652434231267059
296,0.12450865656137466,0.10720276087522507,0.3461179584264755,20.805819511413574,0.5852455198764801,0.27646854519844055,1.845650553703308,110.94561767578125,0.18418601155281067,0.18418601155281067,0.6780400276184082,0.17205879092216492,0.12048573791980743,1.0314611196517944,62.00312423706055,0.6952610015869141,0.0008643745228255767
297,0.1254589632153511,0.10799039527773857,0.34937140345573425,21.00139045715332,0.5877220034599304,0.27703970670700073,1.8825374841690063,113.16295623779297,0.18291284143924713,0.18291284143924713,0.6735126972198486,0.17390409111976624,0.12036401033401489,1.0708017349243164,64.36795806884766,0.6939817667007446,0.0008635032964894676
298,0.1250206008553505,0.10688820853829384,0.36264778673648834,21.799458980560303,0.5817753076553345,0.28027576208114624,1.9514340162277222,117.3044662475586,0.18270406126976013,0.18270406126976013,0.6730172038078308,0.17148298025131226,0.12035007774829865,1.0226579904556274,61.47395324707031,0.6951320171356201,0.0008626297500896666
299,0.12432868033647537,0.10748530179262161,0.3368676006793976,20.249762535095215,0.5855678617954254,0.28704261779785156,2.0724377632141113,124.57823944091797,0.18342071771621704,0.18342071771621704,0.6769170761108398,0.17139795422554016,0.12043647468090057,1.019229531288147,61.26785659790039,0.6962772607803345,0.0008617538896133625
300,0.12509872391819954,0.10749198496341705,0.35213470458984375,21.167497634887695,0.5882146656513214,0.2867928147315979,2.0689423084259033,124.36811828613281,0.18334569036960602,0.18334569036960602,0.6759886145591736,0.17279693484306335,0.121228888630867,1.0313608646392822,61.99709701538086,0.6969312429428101,0.0008608757210636052
301,0.12342692166566849,0.10684124007821083,0.3317137062549591,19.93995189666748,0.5849094092845917,0.27811741828918457,1.9149422645568848,115.11087799072266,0.18237029016017914,0.18237029016017914,0.673409104347229,0.17065609991550446,0.11913330852985382,1.0304558277130127,61.94269561767578,0.6905453205108643,0.0008599952504592636
302,0.12326733022928238,0.10695702582597733,0.3262060880661011,19.608878135681152,0.5848269462585449,0.27740564942359924,1.9013255834579468,114.2923583984375,0.1823393702507019,0.1823393702507019,0.6745530962944031,0.16992489993572235,0.11931808292865753,1.0121363401412964,60.84147644042969,0.6909564733505249,0.0008591124838349845
303,0.12405713647603989,0.10741332545876503,0.3328762501478195,20.00983428955078,0.5866717100143433,0.28622984886169434,2.0590615272521973,123.77417755126953,0.18327675759792328,0.18327675759792328,0.6755437850952148,0.170799121260643,0.11954939365386963,1.0249946117401123,61.614410400390625,0.6924368143081665,0.0008582274272411517
304,0.12377767264842987,0.10651489347219467,0.345255583524704,20.75398349761963,0.5841457843780518,0.2870190739631653,2.069918632507324,124.42682647705078,0.18352313339710236,0.18352313339710236,0.6769900321960449,0.1724662184715271,0.11929214000701904,1.0634814500808716,63.92792892456055,0.6919097900390625,0.0008573400867438438
305,0.12225127220153809,0.1063927635550499,0.3171702176332474,19.065714836120605,0.584527850151062,0.28639164566993713,2.0609617233276367,123.88839721679688,0.1833435595035553,0.1833435595035553,0.6744288206100464,0.17047491669654846,0.11859901249408722,1.0375181436538696,62.367225646972656,0.6893323659896851,0.0008564504684247932
306,0.1223442293703556,0.10605777055025101,0.3257291316986084,19.58020782470703,0.5817519128322601,0.283189982175827,2.0135064125061035,121.03575897216797,0.18251465260982513,0.18251465260982513,0.6748278141021729,0.17365562915802002,0.11930237710475922,1.0870648622512817,65.34556579589844,0.6912245154380798,0.0008555585783813443
307,0.12300953641533852,0.10703136771917343,0.3195634260773659,19.209574222564697,0.5867809653282166,0.2841971516609192,2.018650531768799,121.34497833251953,0.1832646131515503,0.1832646131515503,0.67753005027771,0.1717444807291031,0.1190338209271431,1.0542131662368774,63.37078857421875,0.6909796595573425,0.0008546644227264119
308,0.12170320004224777,0.10594389960169792,0.315186008810997,18.94644069671631,0.5851374268531799,0.28293848037719727,2.025284767150879,121.74378967285156,0.18167424201965332,0.18167424201965332,0.6720249652862549,0.17789936065673828,0.11881644278764725,1.1816582679748535,71.0317611694336,0.6898201704025269,0.0008537680075884382
309,0.12278462946414948,0.1065809428691864,0.32407377660274506,19.480701446533203,0.5841890573501587,0.28479182720184326,2.032456636428833,122.17489624023438,0.18316897749900818,0.18316897749900818,0.6760683655738831,0.17681515216827393,0.11960463225841522,1.1442104578018188,68.78070068359375,0.691923975944519,0.0008528693391113527
310,0.12328091263771057,0.1068098172545433,0.3294219374656677,19.802189826965332,0.5869022905826569,0.2933603823184967,2.2101826667785645,132.85836791992188,0.18285125494003296,0.18285125494003296,0.6752191781997681,0.17853325605392456,0.11986058950424194,1.1734532117843628,70.53854370117188,0.6925670504570007,0.0008519684234545282
311,0.12104454264044762,0.1050700694322586,0.3194894790649414,19.205129623413086,0.5814974904060364,0.2926011085510254,2.197023391723633,132.06732177734375,0.182749941945076,0.182749941945076,0.6737754344940186,0.17960233986377716,0.11979451775550842,1.1961565017700195,71.90328979492188,0.6930016875267029,0.0008510652667927398
312,0.12109031900763512,0.10531941428780556,0.3154181092977524,18.960391998291016,0.579919308423996,0.2850238084793091,2.0417747497558594,122.73503112792969,0.18293505907058716,0.18293505907058716,0.6743927597999573,0.18166641891002655,0.11997435986995697,1.233841061592102,74.16857147216797,0.6936262845993042,0.0008501598753161223
313,0.12319765612483025,0.10615546256303787,0.3408438041806221,20.48878002166748,0.5845991969108582,0.2834396958351135,2.019096612930298,121.3718032836914,0.18248486518859863,0.18248486518859863,0.6747256517410278,0.17651939392089844,0.11888795346021652,1.1526288986206055,69.28675842285156,0.6905639171600342,0.0008492522552301272
314,0.12088026851415634,0.10526882112026215,0.3122290074825287,18.768688201904297,0.5813598930835724,0.2956063449382782,2.2529170513153076,135.4272003173828,0.18296048045158386,0.18296048045158386,0.6743185520172119,0.17699576914310455,0.11887003481388092,1.162514567375183,69.8810043334961,0.6888177394866943,0.0008483424127554811
315,0.12135937809944153,0.10489629209041595,0.3292617201805115,19.792558670043945,0.5773921608924866,0.29192793369293213,2.1825807094573975,131.1991424560547,0.18279889225959778,0.18279889225959778,0.6741734743118286,0.18231476843357086,0.11975820362567902,1.251131296157837,75.20791625976562,0.6918959617614746,0.0008474303541281425
316,0.12098615244030952,0.10510790720582008,0.3175649344921112,19.08944320678711,0.5812586843967438,0.2892669141292572,2.116365909576416,127.21883392333984,0.18344861268997192,0.18344861268997192,0.6774967312812805,0.18197833001613617,0.12019228935241699,1.2357208728790283,74.28157043457031,0.6939504742622375,0.000846516085599259
317,0.12147586047649384,0.10520442575216293,0.325428768992424,19.562153816223145,0.581348717212677,0.2917981743812561,2.17699933052063,130.8636474609375,0.18294820189476013,0.18294820189476013,0.6742165088653564,0.1829657256603241,0.11961376667022705,1.2670392990112305,76.16419219970703,0.6912661790847778,0.0008455996134351248
318,0.12069213390350342,0.1046503372490406,0.32083597779273987,19.286070823669434,0.5781086683273315,0.28962811827659607,2.1344943046569824,128.30857849121094,0.18290340900421143,0.18290340900421143,0.6742209792137146,0.17910002171993256,0.11908817291259766,1.2002369165420532,72.14855194091797,0.6886157989501953,0.0008446809439171374
319,0.12028004601597786,0.10495878383517265,0.3064252436161041,18.41981315612793,0.5821318328380585,0.28800418972969055,2.0741255283355713,124.67969512939453,0.18429791927337646,0.18429791927337646,0.6787561774253845,0.17976517975330353,0.11955256015062332,1.2042524814605713,72.38995361328125,0.6895965337753296,0.0008437600833417549
320,0.12193339690566063,0.10496283695101738,0.3394112139940262,20.402664184570312,0.5849451720714569,0.2910483181476593,2.1542396545410156,129.49549865722656,0.18333633244037628,0.18333633244037628,0.6765699982643127,0.18567019701004028,0.11909184604883194,1.3315671682357788,80.0430679321289,0.6883174777030945,0.0008428370380204527
321,0.12112606316804886,0.10418437048792839,0.3388339430093765,20.36796283721924,0.5796702206134796,0.2949220836162567,2.253187417984009,135.44346618652344,0.18226271867752075,0.18226271867752075,0.6736099123954773,0.1827414631843567,0.11925837397575378,1.269661784172058,76.32180786132812,0.6907287836074829,0.0008419118142796799
322,0.12405702471733093,0.10583531484007835,0.36443421244621277,21.906846046447754,0.5846413373947144,0.28811997175216675,2.1335246562957764,128.2502899169922,0.1814437359571457,0.1814437359571457,0.6739726066589355,0.17584577202796936,0.11824265122413635,1.1520625352859497,69.25270080566406,0.689505398273468,0.0008409844184608164
323,0.12165717780590057,0.10525846481323242,0.32797420024871826,19.715161323547363,0.5814405083656311,0.29313263297080994,2.2060704231262207,132.61117553710938,0.1828291118144989,0.1828291118144989,0.6745997667312622,0.18837052583694458,0.11854937672615051,1.3964228630065918,83.94166564941406,0.6887556314468384,0.0008400548569201295
324,0.12154502794146538,0.10470807552337646,0.33673903346061707,20.24203395843506,0.5779299139976501,0.2968546152114868,2.2440085411071777,134.89169311523438,0.18465417623519897,0.18465417623519897,0.6785913109779358,0.18671341240406036,0.11976242810487747,1.3390196561813354,80.49105834960938,0.6913614273071289,0.0008391231360287296
325,0.12224190682172775,0.10489344224333763,0.34696927666664124,20.856993675231934,0.5809209942817688,0.2891150712966919,2.12736177444458,127.87982940673828,0.1827469766139984,0.1827469766139984,0.6766286492347717,0.17989176511764526,0.11892183125019073,1.2193987369537354,73.30042266845703,0.6900114417076111,0.0008381892621725278
326,0.12123001739382744,0.10451923310756683,0.3342156708240509,20.090349197387695,0.5790253281593323,0.2923518121242523,2.194230318069458,131.89942932128906,0.18264028429985046,0.18264028429985046,0.6733067035675049,0.18109863996505737,0.11817166209220886,1.2585393190383911,75.65323638916016,0.6879267692565918,0.0008372532417521906
327,0.12265542149543762,0.10410699248313904,0.37096862494945526,22.299641609191895,0.5776417255401611,0.29334115982055664,2.205348491668701,132.56776428222656,0.1830737441778183,0.1830737441778183,0.6764943599700928,0.19104400277137756,0.1192622259259224,1.4356355667114258,86.298828125,0.6899573802947998,0.0008363150811830972
328,0.12060992419719696,0.10412265732884407,0.329745277762413,19.821624755859375,0.5790216624736786,0.29735320806503296,2.282212257385254,137.1881866455078,0.1832425892353058,0.1832425892353058,0.6770166158676147,0.18643297255039215,0.11857961118221283,1.3570672273635864,81.57594299316406,0.6876871585845947,0.0008353747868952953
329,0.12178465723991394,0.10399080067873001,0.3558770567178726,21.392457962036133,0.5783545970916748,0.2942864000797272,2.238431453704834,134.5564422607422,0.1823648363351822,0.1823648363351822,0.6744400262832642,0.19143575429916382,0.11890949308872223,1.4505254030227661,87.19387817382812,0.6874303817749023,0.0008344323653334563
330,0.12377782538533211,0.10499753803014755,0.3756057173013687,22.578384399414062,0.5801622569561005,0.28936830163002014,2.1572036743164062,129.67369079589844,0.1815081238746643,0.1815081238746643,0.6725152730941772,0.18303841352462769,0.1186310201883316,1.2881478071212769,77.43305206298828,0.6882447004318237,0.0008334878229568325
331,0.12044212222099304,0.10423392057418823,0.3241640031337738,19.486124515533447,0.5798238217830658,0.2934817969799042,2.2121427059173584,132.9761962890625,0.1828746646642685,0.1828746646642685,0.6761274933815002,0.17364659905433655,0.11830008029937744,1.1069303750991821,66.53973388671875,0.6885688304901123,0.0008325411662392112
332,0.12139414250850677,0.10460091009736061,0.3358645886182785,20.18947124481201,0.5825553238391876,0.30236828327178955,2.3896520137786865,143.64662170410156,0.18288567662239075,0.18288567662239075,0.6757035851478577,0.18346631526947021,0.11834324151277542,1.3024612665176392,78.29346466064453,0.687891960144043,0.0008315924016688717
333,0.12289002165198326,0.1035485714673996,0.3868290185928345,23.253039360046387,0.5747694969177246,0.29876402020454407,2.3117730617523193,138.96514892578125,0.18317535519599915,0.18317535519599915,0.674639105796814,0.18716469407081604,0.11907915771007538,1.361710548400879,81.85504913330078,0.6908148527145386,0.0008306415357485403
334,0.1215810663998127,0.1033250018954277,0.3651212453842163,21.948145866394043,0.5750255882740021,0.28597912192344666,2.0686726570129395,124.3519058227539,0.1825454831123352,0.1825454831123352,0.6753257513046265,0.18192481994628906,0.118094801902771,1.2766002416610718,76.7389144897461,0.688123345375061,0.0008296885749953453
335,0.12078557163476944,0.10401148349046707,0.33548177778720856,20.16645908355713,0.5796260237693787,0.29669323563575745,2.2609663009643555,135.9110565185547,0.18364492058753967,0.18364492058753967,0.6772260069847107,0.1784619837999344,0.11792672425508499,1.2107051610946655,72.77782440185547,0.6865355968475342,0.000828733525940773
336,0.1225554570555687,0.1045103631913662,0.3609018921852112,21.694509506225586,0.5806867182254791,0.2974221706390381,2.265669822692871,136.19378662109375,0.184138685464859,0.184138685464859,0.6767417192459106,0.1893695890903473,0.11960969865322113,1.395197868347168,83.86803436279297,0.6903804540634155,0.0008277763951306229
337,0.12144994735717773,0.10421807318925858,0.3446374535560608,20.71682357788086,0.5803788006305695,0.2898145616054535,2.142909049987793,128.8144073486328,0.18266910314559937,0.18266910314559937,0.6749335527420044,0.18436521291732788,0.11790326237678528,1.3292388916015625,79.90311431884766,0.6858618259429932,0.0008268171891249622
338,0.12135282158851624,0.10365981981158257,0.35386012494564056,21.27121639251709,0.5792228877544403,0.29058870673179626,2.187323570251465,131.4842529296875,0.18122252821922302,0.18122252821922302,0.6714892983436584,0.1817730814218521,0.11650475114583969,1.3053666353225708,78.4681167602539,0.6814365386962891,0.0008258559144980815
339,0.12051229178905487,0.10313805192708969,0.34748469293117523,20.887977600097656,0.5750229358673096,0.2986563444137573,2.3276593685150146,139.9200897216797,0.18227337300777435,0.18227337300777435,0.6749639511108398,0.18166762590408325,0.11827033758163452,1.267945647239685,76.21866607666016,0.6871824264526367,0.0008248925778384496
340,0.12120580300688744,0.10333966091275215,0.3573227971792221,21.479366302490234,0.5773371160030365,0.3035883903503418,2.4222805500030518,145.6079864501953,0.18247434496879578,0.18247434496879578,0.6750552654266357,0.18726009130477905,0.11971713602542877,1.3508591651916504,81.20275115966797,0.6921482682228088,0.0008239271857486681
341,0.12076007947325706,0.1035551056265831,0.34409956634044647,20.684489250183105,0.5784493088722229,0.2936423122882843,2.2476987838745117,135.11354064941406,0.18125736713409424,0.18125736713409424,0.6712735295295715,0.17473840713500977,0.11765728890895844,1.1416221857070923,68.62511444091797,0.6868839859962463,0.0008229597448454262
342,0.12225017696619034,0.10343760251998901,0.3762514442205429,22.617201805114746,0.5776410698890686,0.2927573621273041,2.224497079849243,133.71881103515625,0.18153251707553864,0.18153251707553864,0.6722269654273987,0.17833387851715088,0.1182832270860672,1.2010129690170288,72.19520568847656,0.6877853274345398,0.0008219902617594552
343,0.11922074854373932,0.10324105620384216,0.3195938616991043,19.21140480041504,0.5787432491779327,0.30325084924697876,2.3699443340301514,142.46192932128906,0.1847536414861679,0.1847536414861679,0.6798555254936218,0.18237268924713135,0.11930274963378906,1.2613985538482666,75.82511138916016,0.6902865767478943,0.0008210187431354841
344,0.1205967329442501,0.10363390296697617,0.33925656974315643,20.3933687210083,0.5794649124145508,0.30586662888526917,2.4416134357452393,146.77012634277344,0.18378596007823944,0.18378596007823944,0.676480770111084,0.18586179614067078,0.11863104999065399,1.3446149826049805,80.82740020751953,0.6882013082504272,0.0008200451956321928
345,0.12118038162589073,0.10321693867444992,0.35926884412765503,21.59634494781494,0.5761981308460236,0.29859811067581177,2.3501293659210205,141.27084350585938,0.18109163641929626,0.18109163641929626,0.6716283559799194,0.18086707592010498,0.11810624599456787,1.2552167177200317,75.45350646972656,0.6871063113212585,0.0008190696259221665
346,0.1198897697031498,0.10276266187429428,0.3425421416759491,20.590869903564453,0.5752399861812592,0.2948175370693207,2.2526819705963135,135.41305541992188,0.1821834295988083,0.1821834295988083,0.6738539934158325,0.17639832198619843,0.11778956651687622,1.1721751689910889,70.46172332763672,0.686909019947052,0.000818092040691851
347,0.12136153876781464,0.10300393402576447,0.36715205013751984,22.07021999359131,0.5780432820320129,0.29880258440971375,2.3445019721984863,140.93252563476562,0.18157747387886047,0.18157747387886047,0.673416018486023,0.1832411289215088,0.11816240847110748,1.3015742301940918,78.24014282226562,0.6866470575332642,0.0008171124466415059
348,0.12253789603710175,0.10289949923753738,0.39276793599128723,23.61003875732422,0.5768265724182129,0.2995103597640991,2.334951400756836,140.35842895507812,0.18276280164718628,0.18276280164718628,0.6741197109222412,0.18273742496967316,0.11870565265417099,1.2806354761123657,76.9814682006836,0.6897202730178833,0.0008161308504851593
349,0.12435080111026764,0.10369877144694328,0.4130406230688095,24.8286714553833,0.5777561962604523,0.2975448966026306,2.2919716835021973,137.77484130859375,0.18294629454612732,0.18294629454612732,0.673843264579773,0.1780998408794403,0.1194194108247757,1.1736085414886475,70.54788208007812,0.6927950382232666,0.0008151472589505611
350,0.12098117172718048,0.10290489345788956,0.3615255057811737,21.7319974899292,0.574653297662735,0.2986803352832794,2.359579086303711,141.83885192871094,0.1807013899087906,0.1807013899087906,0.6725634932518005,0.17528171837329865,0.1198146641254425,1.1093411445617676,66.68464660644531,0.6927776336669922,0.0008141616787791377
351,0.11963425576686859,0.1025971807539463,0.34074145555496216,20.482627868652344,0.5753757357597351,0.30579692125320435,2.4317922592163086,146.17971801757812,0.18420729041099548,0.18420729041099548,0.6763858199119568,0.18173789978027344,0.11823832988739014,1.269991159439087,76.34162139892578,0.6877140998840332,0.0008131741167259453
352,0.12343334406614304,0.10284829884767532,0.41170091927051544,24.748138427734375,0.5739920139312744,0.3028527498245239,2.418680191040039,145.39154052734375,0.18191874027252197,0.18191874027252197,0.6738215684890747,0.18662762641906738,0.11889232695102692,1.354706048965454,81.43399810791016,0.6883668899536133,0.0008121845795596236
353,0.1213260367512703,0.10362935811281204,0.3539336621761322,21.275636672973633,0.5798102915287018,0.3027718663215637,2.409806966781616,144.85813903808594,0.1822815239429474,0.1822815239429474,0.6771054267883301,0.17972145974636078,0.11980117857456207,1.1984055042266846,72.0384750366211,0.691443920135498,0.0008111930740623492
354,0.12043386697769165,0.10310163348913193,0.34664463996887207,20.837480545043945,0.5783337652683258,0.32080402970314026,2.723869562149048,163.73709106445312,0.1846105456352234,0.1846105456352234,0.6775351762771606,0.18122132122516632,0.11839669197797775,1.2564924955368042,75.53018951416016,0.6877691745758057,0.0008101996070297903
355,0.12433788925409317,0.10200794413685799,0.4465989023447037,26.845922470092773,0.5732852816581726,0.31575438380241394,2.6570801734924316,159.72222900390625,0.18290036916732788,0.18290036916732788,0.6759794354438782,0.18215084075927734,0.11925464868545532,1.2579236030578613,75.61622619628906,0.6892443895339966,0.0008092041852710587
356,0.1219353899359703,0.1026194654405117,0.38631851971149445,23.222354888916016,0.5761381089687347,0.30513086915016174,2.4596612453460693,147.85499572753906,0.1821478009223938,0.1821478009223938,0.6759419441223145,0.18078932166099548,0.1193532943725586,1.2287204265594482,73.86075592041016,0.690335750579834,0.0008082068156086631
357,0.1207427978515625,0.10368117690086365,0.34123244881629944,20.512142181396484,0.5779213011264801,0.30710214376449585,2.4713919162750244,148.5601348876953,0.18353255093097687,0.18353255093097687,0.6743231415748596,0.1800718605518341,0.11799433827400208,1.2415505647659302,74.63200378417969,0.6865751147270203,0.0008072075048784639
358,0.12288783490657806,0.10319748520851135,0.39380694925785065,23.67249584197998,0.5758699476718903,0.30045750737190247,2.3687665462493896,142.39112854003906,0.1820191740989685,0.1820191740989685,0.6733237504959106,0.17874589562416077,0.11897889524698257,1.1953401565551758,71.85420227050781,0.6889052391052246,0.0008062062599296249
359,0.12182673439383507,0.10384301096200943,0.35967451333999634,21.620729446411133,0.5786556601524353,0.3054675757884979,2.4492321014404297,147.2280731201172,0.18300597369670868,0.18300597369670868,0.6775645017623901,0.17937719821929932,0.11994758248329163,1.1885924339294434,71.4485855102539,0.6917939186096191,0.0008052030876245668
360,0.12206217646598816,0.10342387482523918,0.37276606261730194,22.407690048217773,0.5795539915561676,0.31129541993141174,2.556947946548462,153.7030792236328,0.18344801664352417,0.18344801664352417,0.6768839359283447,0.17700248956680298,0.11742900311946869,1.1914697885513306,71.62155151367188,0.6856719255447388,0.0008041979948389203
361,0.12363947182893753,0.102524034678936,0.42230869829654694,25.38579273223877,0.5749355554580688,0.30137720704078674,2.394873857498169,143.96047973632812,0.18163351714611053,0.18163351714611053,0.6718005537986755,0.18149761855602264,0.11750593781471252,1.2798335552215576,76.93327331542969,0.6847816705703735,0.0008031909884614789
362,0.12087416648864746,0.10273082554340363,0.3628668040037155,21.81262493133545,0.5736905336380005,0.3125605285167694,2.572739839553833,154.65235900878906,0.18392352759838104,0.18392352759838104,0.6778973340988159,0.18158765137195587,0.11860581487417221,1.2596367597579956,75.71920776367188,0.6893426775932312,0.0008021820753941513
363,0.1220836378633976,0.10290604457259178,0.3835518807172775,23.05604648590088,0.5757627189159393,0.3214111328125,2.736180067062378,164.47706604003906,0.18460212647914886,0.18460212647914886,0.67924964427948,0.1893565058708191,0.11901108920574188,1.4069085121154785,84.57199096679688,0.690025806427002,0.000801171262551915
364,0.12029225751757622,0.1026826724410057,0.3521917015314102,21.170923233032227,0.575798362493515,0.31457677483558655,2.6046762466430664,156.57212829589844,0.18434296548366547,0.18434296548366547,0.6788432002067566,0.18703773617744446,0.11838795989751816,1.3729956150054932,82.5334243774414,0.6887938976287842,0.000800158556862768
365,0.11918780952692032,0.1024920828640461,0.33391451835632324,20.072248458862305,0.5758267939090729,0.30385124683380127,2.4360687732696533,146.4368133544922,0.18204781413078308,0.18204781413078308,0.674161434173584,0.17917975783348083,0.117055743932724,1.2424801588058472,74.6878890991211,0.6859039068222046,0.0007991439652676816
366,0.11971260607242584,0.10254509001970291,0.34335029125213623,20.639450073242188,0.5740164220333099,0.311115026473999,2.6067395210266113,156.69613647460938,0.18077804148197174,0.18077804148197174,0.6712613701820374,0.18147721886634827,0.11773853003978729,1.2747739553451538,76.62913513183594,0.6878232955932617,0.000798127494720553
367,0.11810711398720741,0.10257872939109802,0.3105676621198654,18.668822288513184,0.5744706988334656,0.3166537582874298,2.6526010036468506,159.45297241210938,0.18402370810508728,0.18402370810508728,0.6769974231719971,0.1834883689880371,0.11905772984027863,1.2886128425598145,77.46100616455078,0.6906585693359375,0.0007971091521881574
368,0.1200626976788044,0.10218054428696632,0.3576430231332779,21.498613834381104,0.5738084465265274,0.3157857060432434,2.631197214126587,158.16635131835938,0.18422585725784302,0.18422585725784302,0.6797353625297546,0.18129822611808777,0.11961735039949417,1.2336176633834839,74.15513610839844,0.6907788515090942,0.0007960889446501008
369,0.11788271367549896,0.10234613716602325,0.31073151528835297,18.678671836853027,0.5756725668907166,0.31549766659736633,2.649498462677002,159.26646423339844,0.18302273750305176,0.18302273750305176,0.6768490672111511,0.18603375554084778,0.11879098415374756,1.3448554277420044,80.84186553955078,0.6873136758804321,0.000795066879098771
370,0.12213199585676193,0.10190128535032272,0.4046141654253006,24.3221378326416,0.5727497637271881,0.31246688961982727,2.595905065536499,156.0448760986328,0.18267163634300232,0.18267163634300232,0.6744308471679688,0.18090683221817017,0.11712664365768433,1.2756038904190063,76.67901611328125,0.6829450726509094,0.0007940429625392913
371,0.11957645416259766,0.10150974243879318,0.36133426427841187,21.720500946044922,0.5725695192813873,0.30643367767333984,2.47399640083313,148.71669006347656,0.18273386359214783,0.18273386359214783,0.675581693649292,0.1807241588830948,0.11768141388893127,1.2608548402786255,75.79241943359375,0.6869796514511108,0.000793017201989471
372,0.12191150337457657,0.10263227671384811,0.3855845332145691,23.17823314666748,0.5770957767963409,0.31536996364593506,2.6527459621429443,159.46170043945312,0.18273264169692993,0.18273264169692993,0.6760531067848206,0.18198736011981964,0.11832915246486664,1.27316415309906,76.53236389160156,0.6895270943641663,0.0007919896044797579
373,0.1209210604429245,0.10251346230506897,0.36815187335014343,22.130322456359863,0.577736109495163,0.3248249590396881,2.8491458892822266,171.2676544189453,0.18236766755580902,0.18236766755580902,0.675533652305603,0.18135853111743927,0.11772185564041138,1.272733449935913,76.50647735595703,0.6873526573181152,0.0007909601770531903
374,0.11889989301562309,0.10242952778935432,0.3294072598218918,19.801305770874023,0.5767978727817535,0.32025086879730225,2.753528118133545,165.51988220214844,0.18257448077201843,0.18257448077201843,0.6750431060791016,0.18547552824020386,0.11749488115310669,1.359613060951233,81.72897338867188,0.6852367520332336,0.0007899289267653487
375,0.12277407571673393,0.10256830975413322,0.40411539375782013,24.292158126831055,0.5726951956748962,0.3125304877758026,2.5849878787994385,155.38864135742188,0.1832810938358307,0.1832810938358307,0.6753318309783936,0.18972371518611908,0.11914999783039093,1.411474347114563,84.84644317626953,0.6887460947036743,0.0007888958606843069
376,0.11978162825107574,0.10202521830797195,0.3551281541585922,21.347440719604492,0.5743525624275208,0.3108028769493103,2.54559063911438,153.02037048339844,0.18352334201335907,0.18352334201335907,0.6789682507514954,0.1838415563106537,0.11864984035491943,1.3038341999053955,78.37599182128906,0.6876524090766907,0.0007878609858905844
377,0.11897799000144005,0.10172205045819283,0.3451187014579773,20.745752334594727,0.5729327201843262,0.31159135699272156,2.551060199737549,153.3491668701172,0.18403834104537964,0.18403834104537964,0.6780396699905396,0.1857946664094925,0.1178688257932663,1.358516812324524,81.66307067871094,0.6865842342376709,0.0007868243094770969
378,0.1186273917555809,0.10119752585887909,0.34859737753868103,20.954862594604492,0.572116494178772,0.31146180629730225,2.5661816596984863,154.25814819335938,0.1831527203321457,0.1831527203321457,0.6762733459472656,0.18294915556907654,0.11837872862815857,1.2914084196090698,77.6290512084961,0.6882882714271545,0.0007857858385491085
379,0.11781065911054611,0.10220694169402122,0.3120742738246918,18.75938892364502,0.573873907327652,0.3225594758987427,2.7829606533050537,167.2891387939453,0.18341143429279327,0.18341143429279327,0.6760179400444031,0.19092324376106262,0.11953964829444885,1.4276716709136963,85.8200912475586,0.6907647848129272,0.0007847455802241828
380,0.12172360345721245,0.10133739933371544,0.4077240973711014,24.509082794189453,0.5713496506214142,0.31936055421829224,2.715895652770996,163.25772094726562,0.18356575071811676,0.18356575071811676,0.6766866445541382,0.18397760391235352,0.11849059164524078,1.3097403049468994,78.73102569580078,0.688531756401062,0.0007837035416321337
381,0.11778286099433899,0.10097156465053558,0.33622583746910095,20.2111873626709,0.5716344118118286,0.31375426054000854,2.6169049739837646,157.3072052001953,0.1829090118408203,0.1829090118408203,0.6760572791099548,0.17972664535045624,0.11800139397382736,1.2345049381256104,74.20848083496094,0.6866248846054077,0.0007826597299149774
382,0.12357242405414581,0.10138163715600967,0.4438156932592392,26.67862033843994,0.5728868842124939,0.30886006355285645,2.46258807182312,148.03094482421875,0.18573066592216492,0.18573066592216492,0.6818830966949463,0.18783071637153625,0.11826397478580475,1.3913347721099854,83.63582611083984,0.6856627464294434,0.0007816141522268821
383,0.12056140601634979,0.101831816136837,0.3745918869972229,22.517443656921387,0.5745506584644318,0.31706491112709045,2.6689257621765137,160.43429565429688,0.18361862003803253,0.18361862003803253,0.6781609058380127,0.19439664483070374,0.11991533637046814,1.489626169204712,89.54429626464844,0.6892123222351074,0.0007805668157341204
384,0.1249067410826683,0.10204670950770378,0.4572005420923233,27.483208656311035,0.5746182799339294,0.3148753046989441,2.6093404293060303,156.85250854492188,0.1844082772731781,0.1844082772731781,0.6798920631408691,0.18650268018245697,0.11835329979658127,1.3629875183105469,81.93181610107422,0.6860777735710144,0.0007795177276150193
385,0.11864074319601059,0.10119044035673141,0.3490060567855835,20.979427337646484,0.5740260779857635,0.3210240602493286,2.7784805297851562,167.01983642578125,0.18210004270076752,0.18210004270076752,0.6736576557159424,0.1842612624168396,0.11793121695518494,1.3266009092330933,79.74454498291016,0.6865031719207764,0.0007784668950599113
386,0.12009964510798454,0.10096412897109985,0.3827103227376938,23.005456924438477,0.571918398141861,0.32623863220214844,2.873748779296875,172.74659729003906,0.18255120515823364,0.18255120515823364,0.6749468445777893,0.1860569566488266,0.1187770888209343,1.3455973863601685,80.88646697998047,0.6889516711235046,0.0007774143252710853
387,0.11804013699293137,0.10088714212179184,0.34305986762046814,20.62199115753174,0.5714377760887146,0.3207879066467285,2.7476091384887695,165.16409301757812,0.18340745568275452,0.18340745568275452,0.677620530128479,0.18498465418815613,0.11886711418628693,1.3223509788513184,79.48907470703125,0.6891379356384277,0.0007763600254627364
388,0.11817055568099022,0.10125018656253815,0.33840741217136383,20.34232521057129,0.5735113024711609,0.3179289400577545,2.6856486797332764,161.4395294189453,0.18364650011062622,0.18364650011062622,0.6789079904556274,0.18910758197307587,0.11932405829429626,1.3956704139709473,83.89645385742188,0.6903131008148193,0.0007753040028609179
389,0.11933336406946182,0.10077929869294167,0.3710813522338867,22.30641746520996,0.572750598192215,0.3134545087814331,2.603167772293091,156.48147583007812,0.1832961142063141,0.1832961142063141,0.6769664287567139,0.1892947107553482,0.11835658550262451,1.418762445449829,85.28455352783203,0.6878520846366882,0.00077424626470349
390,0.11870034411549568,0.1011778712272644,0.35044942796230316,21.066192626953125,0.5727837979793549,0.3212461471557617,2.7935516834259033,167.92578125,0.18156856298446655,0.18156856298446655,0.6733483076095581,0.18369460105895996,0.1175539642572403,1.3228129148483276,79.51683807373047,0.6851272583007812,0.0007731868182400717
391,0.11820042878389359,0.10142297297716141,0.335548996925354,20.170496940612793,0.5720054507255554,0.3253420889377594,2.8431386947631836,170.9065704345703,0.1831851452589035,0.1831851452589035,0.6751234531402588,0.17608268558979034,0.11768324673175812,1.1679887771606445,70.2100601196289,0.6852983236312866,0.0007721256707319907
392,0.1191093772649765,0.10085457935929298,0.36509597301483154,21.946624755859375,0.5703563988208771,0.3214302659034729,2.7384183406829834,164.6116180419922,0.18450933694839478,0.18450933694839478,0.6795235872268677,0.17683744430541992,0.11878550052642822,1.161038875579834,69.79228973388672,0.6884368658065796,0.0007710628294522329
393,0.11848808079957962,0.10265202820301056,0.3167210519313812,19.03871440887451,0.5764563381671906,0.3249460458755493,2.812405824661255,169.0591278076172,0.18432576954364777,0.18432576954364777,0.677827775478363,0.18777629733085632,0.11964204907417297,1.362684726715088,81.91360473632812,0.6907399892807007,0.0007699983016853936
394,0.11785409227013588,0.1010165698826313,0.33675046265125275,20.242721557617188,0.5704360604286194,0.3288269639015198,2.8863210678100586,173.50233459472656,0.18451088666915894,0.18451088666915894,0.6784206032752991,0.1916288435459137,0.11875135451555252,1.457549810409546,87.61614227294922,0.6882296800613403,0.000768932094727627
395,0.11693627387285233,0.10128740966320038,0.3129773288965225,18.813672065734863,0.5707421004772186,0.32119375467300415,2.750469446182251,165.3360137939453,0.1836702972650528,0.1836702972650528,0.6781046986579895,0.184583380818367,0.11791425198316574,1.3333826065063477,80.15220642089844,0.6864622831344604,0.0007678642158865958
396,0.11644342914223671,0.10041273385286331,0.32061389088630676,19.272720336914062,0.5707382261753082,0.3210308253765106,2.745112180709839,165.01400756835938,0.18377521634101868,0.18377521634101868,0.6772494316101074,0.18007884919643402,0.11898086965084076,1.2219594717025757,73.45435333251953,0.6897631287574768,0.0007667946724814224
397,0.11563235893845558,0.10057830810546875,0.30108097195625305,18.098559379577637,0.5704679787158966,0.3337673544883728,3.0183334350585938,181.4378662109375,0.1828506886959076,0.1828506886959076,0.6754898428916931,0.18239536881446838,0.11922003328800201,1.2635068893432617,75.95184326171875,0.6911201477050781,0.0007657234718426375
398,0.11637614294886589,0.1006653904914856,0.3142150044441223,18.888070106506348,0.5710682570934296,0.3358970880508423,3.05755352973938,183.7954559326172,0.18301942944526672,0.18301942944526672,0.6758725643157959,0.18145883083343506,0.11871355772018433,1.2549054622650146,75.4347915649414,0.6889373064041138,0.0007646506213121302
399,0.11506357416510582,0.0999794751405716,0.30168192088603973,18.13468074798584,0.5675920844078064,0.32800233364105225,2.9134116172790527,175.1308135986328,0.18233175575733185,0.18233175575733185,0.6747772693634033,0.1799517273902893,0.11848564445972443,1.2293215990066528,73.89688873291016,0.687275767326355,0.0007635761282430981
400,0.11579495668411255,0.10022962465882301,0.31130655109882355,18.71324062347412,0.569196879863739,0.32133948802948,2.7818002700805664,167.21939086914062,0.18224948644638062,0.18224948644638062,0.6750437021255493,0.17960427701473236,0.11813807487487793,1.2293241024017334,73.89704895019531,0.6870570182800293,0.0007624999999999961
401,0.1150304302573204,0.10041380673646927,0.2923324406147003,17.57266902923584,0.5708194673061371,0.3294542133808136,2.9275624752044678,175.9814453125,0.18307608366012573,0.18307608366012573,0.6770067811012268,0.1854449212551117,0.11837990581989288,1.341300129890442,80.6281509399414,0.6876267194747925,0.000761422243958487
402,0.1155775859951973,0.10009535029530525,0.3096446692943573,18.613338470458984,0.5692574083805084,0.3340211510658264,2.992759943008423,179.9005889892578,0.18438313901424408,0.18438313901424408,0.6782407760620117,0.1883251667022705,0.11939195543527603,1.3786643743515015,82.87417602539062,0.6901121139526367,0.0007603428675053898
403,0.11459963768720627,0.09935063868761063,0.30497996509075165,18.332935333251953,0.5673447847366333,0.32844555377960205,2.9135897159576416,175.14151000976562,0.18276605010032654,0.18276605010032654,0.6769442558288574,0.18207119405269623,0.11959628760814667,1.2494980096817017,75.10974884033203,0.6909141540527344,0.0007592618780386299
404,0.11479261890053749,0.09998602420091629,0.296131856739521,17.801057815551758,0.5714892446994781,0.3250521421432495,2.842960834503174,170.8958740234375,0.18290407955646515,0.18290407955646515,0.6769606471061707,0.18060924112796783,0.1182706207036972,1.246772289276123,74.94589233398438,0.6864766478538513,0.0007581792829671881
405,0.11459415033459663,0.10002680867910385,0.29134681820869446,17.513420581817627,0.571639895439148,0.33429625630378723,3.030059337615967,182.14273071289062,0.1827932894229889,0.1827932894229889,0.6757073402404785,0.18885058164596558,0.1175321638584137,1.4263683557510376,85.74176788330078,0.6834132671356201,0.0007570950897110498
406,0.11477580294013023,0.099442008882761,0.30667583644390106,18.434877395629883,0.5682473480701447,0.3311194181442261,2.9390127658843994,176.66973876953125,0.18416878581047058,0.18416878581047058,0.6789759397506714,0.18968643248081207,0.11860980093479156,1.4215326309204102,85.4510726928711,0.6871289014816284,0.0007560093057011541
407,0.1142100989818573,0.09932070970535278,0.2977878600358963,17.900604248046875,0.5692056119441986,0.3295517563819885,2.9220738410949707,175.65151977539062,0.18344807624816895,0.18344807624816895,0.6778396964073181,0.18626876175403595,0.11985519528388977,1.3282712697982788,79.8449478149414,0.6911091804504395,0.0007549219383793432
408,0.1136607863008976,0.09906788170337677,0.29185811430215836,17.544155597686768,0.5677801370620728,0.33487948775291443,3.0483884811401367,183.2445068359375,0.18246005475521088,0.18246005475521088,0.6744553446769714,0.19079804420471191,0.11895018070936203,1.4369572401046753,86.37828063964844,0.6886580586433411,0.0007538329951983108
409,0.11388026177883148,0.09907382726669312,0.29612870514392853,17.800869941711426,0.5665934085845947,0.3316538333892822,2.98000168800354,179.1336669921875,0.1826537549495697,0.1826537549495697,0.6755616664886475,0.1894035041332245,0.1180666983127594,1.4267359972000122,85.76385498046875,0.686359167098999,0.0007527424836215516
410,0.1143077164888382,0.0994851104915142,0.2964521646499634,17.8203125,0.5708981156349182,0.33584535121917725,3.0590415000915527,183.88490295410156,0.1828932762145996,0.1828932762145996,0.6774483919143677,0.1913008689880371,0.11981610953807831,1.4296953678131104,85.94175720214844,0.6909917593002319,0.0007516504111233101
411,0.11375070735812187,0.09942881390452385,0.28643783926963806,17.218332290649414,0.5703330039978027,0.33862632513046265,3.092262029647827,185.8818359375,0.1840132176876068,0.1840132176876068,0.6775461435317993,0.19328010082244873,0.12009875476360321,1.463626742362976,87.98143005371094,0.6912815570831299,0.0007505567851885283
412,0.11378501355648041,0.09872940927743912,0.3011120706796646,18.100430011749268,0.5658960938453674,0.34211814403533936,3.190148115158081,191.76597595214844,0.18261072039604187,0.18261072039604187,0.6752838492393494,0.19455325603485107,0.11937502026557922,1.503564476966858,90.38216400146484,0.6896215081214905,0.0007494616133127967
413,0.11369885876774788,0.09936405345797539,0.28669609874486923,17.233855724334717,0.5689637660980225,0.3360139727592468,3.0526907444000244,183.5031280517578,0.18337944149971008,0.18337944149971008,0.6776812672615051,0.19310036301612854,0.11908706277608871,1.4802658557891846,88.98164367675781,0.6892589926719666,0.0007483649030023002
414,0.11298061907291412,0.09884142875671387,0.2827838212251663,16.998682022094727,0.5669092535972595,0.33887654542922974,3.1120083332061768,187.06884765625,0.18327611684799194,0.18327611684799194,0.6763534545898438,0.19977626204490662,0.11974135786294937,1.6006981134414673,96.22105407714844,0.6893481612205505,0.0007472666617737685
415,0.11396808549761772,0.09889884293079376,0.30138492584228516,18.11682891845703,0.5669928789138794,0.33417052030563354,3.0133919715881348,181.1408233642578,0.18350090086460114,0.18350090086460114,0.6781130433082581,0.1950003206729889,0.11916707456111908,1.5166651010513306,91.16967010498047,0.687857985496521,0.000746166897154424
416,0.11250776425004005,0.09844701737165451,0.28121498227119446,16.904375553131104,0.5664584934711456,0.33816224336624146,3.1031887531280518,186.5386962890625,0.1830027997493744,0.1830027997493744,0.6766305565834045,0.19650410115718842,0.11889644712209702,1.5521531105041504,93.30291748046875,0.6877738237380981,0.0007450656166819305
417,0.11277997121214867,0.09856127575039864,0.28437386453151703,17.094263553619385,0.5659170150756836,0.3386971354484558,3.1163840293884277,187.33189392089844,0.18287792801856995,0.18287792801856995,0.6755132079124451,0.19755250215530396,0.11890866607427597,1.5728768110275269,94.54866027832031,0.688289999961853,0.0007439628279043408
418,0.11279469728469849,0.09849215671420097,0.2860507667064667,17.19506549835205,0.5663303732872009,0.3400130867958069,3.125204563140869,187.86209106445312,0.1837528645992279,0.1837528645992279,0.6780911087989807,0.19803866744041443,0.11986972391605377,1.5633790493011475,93.97773742675781,0.6903634667396545,0.0007428585383800457
419,0.11255164444446564,0.09866976737976074,0.2776375412940979,16.689329147338867,0.5681102871894836,0.3433300852775574,3.1998226642608643,192.34751892089844,0.1833389550447464,0.1833389550447464,0.6775809526443481,0.19669340550899506,0.11944375932216644,1.5449929237365723,92.87250518798828,0.688438892364502,0.0007417527556777223
420,0.11280909553170204,0.09835804626345634,0.28902095556259155,17.373610973358154,0.5660312473773956,0.34539103507995605,3.250415086746216,195.38873291015625,0.1828702986240387,0.1828702986240387,0.6755690574645996,0.20067963004112244,0.11854874342679977,1.6426178216934204,98.74093627929688,0.6867771744728088,0.0007406454873762809
421,0.11235072463750839,0.09802969172596931,0.286420613527298,17.21729612350464,0.5642518103122711,0.3475639820098877,3.274468183517456,196.83462524414062,0.1838405728340149,0.1838405728340149,0.6790950298309326,0.20133429765701294,0.12009063363075256,1.624873399734497,97.67428588867188,0.6905522346496582,0.0007395367410648148
422,0.11231845989823341,0.09809308499097824,0.2845074534416199,17.102293968200684,0.5657288432121277,0.34888458251953125,3.300044536590576,198.37203979492188,0.18388234078884125,0.18388234078884125,0.6785901784896851,0.2022157907485962,0.12064658105373383,1.6313843727111816,98.06566619873047,0.6927859783172607,0.000738426524342547
423,0.11208614334464073,0.09815716743469238,0.2785795032978058,16.745954513549805,0.5661875307559967,0.3487081825733185,3.30690860748291,198.78468322753906,0.18336275219917297,0.18336275219917297,0.6766299605369568,0.19916480779647827,0.11943814158439636,1.5945334434509277,95.8504867553711,0.6898341178894043,0.0007373148448187787
424,0.1124098151922226,0.09790046885609627,0.29018688201904297,17.443695068359375,0.5648457705974579,0.34774264693260193,3.2967259883880615,198.17257690429688,0.1829063445329666,0.1829063445329666,0.6762280464172363,0.1985974907875061,0.1192360520362854,1.587228536605835,95.411376953125,0.6889939308166504,0.0007362017101128366
425,0.11187703534960747,0.09784302860498428,0.2806800901889801,16.87222146987915,0.5658017992973328,0.34055835008621216,3.1324329376220703,188.2965850830078,0.1839367151260376,0.1839367151260376,0.6787561178207397,0.1951424777507782,0.1192006766796112,1.5188359022140503,91.30016326904297,0.6884221434593201,0.0007350871278540218
426,0.11288664489984512,0.09824870526790619,0.29275868833065033,17.598291397094727,0.5659796595573425,0.3483390212059021,3.3112032413482666,199.04283142089844,0.18277883529663086,0.18277883529663086,0.6756517291069031,0.2014634907245636,0.11921421438455582,1.6449856758117676,98.8832778930664,0.6880388259887695,0.0007339711056815558
427,0.11172450333833694,0.0976533442735672,0.2814231961965561,16.91689395904541,0.5631622076034546,0.34640324115753174,3.248431444168091,195.26950073242188,0.18398165702819824,0.18398165702819824,0.6785287261009216,0.2018582820892334,0.1189759373664856,1.6576470136642456,99.64435577392578,0.6880613565444946,0.0007328536512445299
428,0.11177361384034157,0.09795086085796356,0.27645500749349594,16.618245601654053,0.5664280354976654,0.35203462839126587,3.3631651401519775,202.16635131835938,0.18387636542320251,0.18387636542320251,0.678950846195221,0.20596811175346375,0.1195812076330185,1.7277382612228394,103.85768127441406,0.6894842386245728,0.0007317347722018518
429,0.11182985454797745,0.09747423604130745,0.28711237013339996,17.25887966156006,0.5651096999645233,0.3509172201156616,3.352144479751587,201.50389099121094,0.18331000208854675,0.18331000208854675,0.6768990159034729,0.20289459824562073,0.11939854919910431,1.6699211597442627,100.38218688964844,0.6893029808998108,0.0007306144762221927
430,0.11144845187664032,0.09720934927463531,0.2847820520401001,17.118799209594727,0.5631088614463806,0.3499234914779663,3.34739351272583,201.21829223632812,0.18255379796028137,0.18255379796028137,0.6757620573043823,0.19824230670928955,0.11945464462041855,1.575753092765808,94.72157287597656,0.6898061037063599,0.0007294927709839364
431,0.11154737323522568,0.09759018570184708,0.2791437804698944,16.779870986938477,0.5643167793750763,0.35101860761642456,3.357635498046875,201.83395385742188,0.18313683569431305,0.18313683569431305,0.676966667175293,0.20343755185604095,0.11982398480176926,1.6722712516784668,100.52345275878906,0.6905146837234497,0.0007283696641751246
432,0.11260364204645157,0.09861350804567337,0.2798026502132416,16.819478034973145,0.5696269571781158,0.35887235403060913,3.490208864212036,209.80319213867188,0.18436191976070404,0.18436191976070404,0.6799671649932861,0.2079378217458725,0.11985552310943604,1.7616459131240845,105.89592742919922,0.6890687346458435,0.0007272451634934057
433,0.11234257370233536,0.09726818650960922,0.3014877885580063,18.123013496398926,0.5626533627510071,0.35050588846206665,3.3602688312530518,201.99224853515625,0.1824924349784851,0.1824924349784851,0.6745302081108093,0.20100384950637817,0.11890505999326706,1.6419758796691895,98.70234680175781,0.6878653764724731,0.0007261192766459815
434,0.11205266043543816,0.09751938655972481,0.29066556692123413,17.47246789932251,0.5641465187072754,0.3450345993041992,3.2598376274108887,195.95513916015625,0.18204273283481598,0.18204273283481598,0.6744570732116699,0.192357137799263,0.11892414093017578,1.4686598777770996,88.28397369384766,0.6889017224311829,0.0007249920113495545
435,0.11277488246560097,0.09821919351816177,0.2911137789487839,17.499412536621094,0.5660775303840637,0.36440977454185486,3.5957186222076416,216.14561462402344,0.1846238374710083,0.1846238374710083,0.6793047189712524,0.20746979117393494,0.12029457092285156,1.7435041666030884,104.80540466308594,0.6912060976028442,0.0007238633753302745
436,0.11242027953267097,0.09698420390486717,0.30872151255607605,18.557847023010254,0.5621449947357178,0.36132580041885376,3.5550642013549805,213.70181274414062,0.18357259035110474,0.18357259035110474,0.6783131957054138,0.20650550723075867,0.11989399790763855,1.7322300672531128,104.1277084350586,0.6904948353767395,0.0007227333763236868
437,0.11269142851233482,0.097453273832798,0.3047631084918976,18.319899559020996,0.5648894309997559,0.3530277609825134,3.4078047275543213,204.84974670410156,0.1826375275850296,0.1826375275850296,0.6757981181144714,0.20566284656524658,0.11949771642684937,1.7233023643493652,103.5910415649414,0.6897085309028625,0.0007216020220746778
438,0.11162347346544266,0.09729892015457153,0.2864910811185837,17.2215313911438,0.5643490850925446,0.35701698064804077,3.475429058074951,208.91476440429688,0.18324550986289978,0.18324550986289978,0.6769998073577881,0.20940956473350525,0.11949296295642853,1.7983320951461792,108.10122680664062,0.6890103816986084,0.0007204693203374228
439,0.11264139041304588,0.09736310318112373,0.30556581914424896,18.368151664733887,0.564494252204895,0.35173505544662476,3.3617987632751465,202.08421325683594,0.183645099401474,0.183645099401474,0.6777854561805725,0.2020302712917328,0.11857999861240387,1.6690055131912231,100.3271484375,0.6872026920318604,0.000719335278875333
440,0.1111815832555294,0.09713363647460938,0.28095892816782,16.88898468017578,0.564840629696846,0.35706955194473267,3.497556447982788,210.24488830566406,0.18219172954559326,0.18219172954559326,0.6751145124435425,0.206888347864151,0.11887620389461517,1.7602428197860718,105.81160736083984,0.6881060004234314,0.0007181999054610013
441,0.11145948991179466,0.09689929336309433,0.29120393097400665,17.504831314086914,0.5632146894931793,0.3606376647949219,3.5287222862243652,212.1183319091797,0.18420153856277466,0.18420153856277466,0.6787253618240356,0.20859384536743164,0.11910796165466309,1.7897175550460815,107.58338928222656,0.6887840032577515,0.0007170632078761502
442,0.1119328923523426,0.09720971435308456,0.29446354508399963,17.70077419281006,0.5642009675502777,0.36071059107780457,3.533055305480957,212.3787841796875,0.18405781686306,0.18405781686306,0.6794661283493042,0.20469242334365845,0.11983050405979156,1.697238564491272,102.02428436279297,0.6897882223129272,0.0007159251939115774
443,0.11148615181446075,0.09694590419530869,0.2908049076795578,17.48084545135498,0.563057541847229,0.35169002413749695,3.3739013671875,202.8117218017578,0.18299494683742523,0.18299494683742523,0.6753644347190857,0.19788958132266998,0.11893191188573837,1.5791534185409546,94.92596435546875,0.6887527704238892,0.0007147858713671033
444,0.1118466667830944,0.09691595286130905,0.2986142784357071,17.950281143188477,0.5625703036785126,0.35993409156799316,3.542407512664795,212.9409637451172,0.18281370401382446,0.18281370401382446,0.6752278804779053,0.2052539885044098,0.11973284929990768,1.7104226350784302,102.81681823730469,0.6908791065216064,0.000713645248051517
445,0.1121617928147316,0.09734177961945534,0.29640020430088043,17.81718921661377,0.5628129243850708,0.3694525361061096,3.702603578567505,222.5706787109375,0.18432237207889557,0.18432237207889557,0.6788718700408936,0.2057691216468811,0.12060359120368958,1.7033103704452515,102.38926696777344,0.692876935005188,0.0007125033317825232
446,0.11181065067648888,0.09658584743738174,0.30449603497982025,18.303845405578613,0.5616853535175323,0.3552791178226471,3.440110445022583,206.7917022705078,0.18327359855175018,0.18327359855175018,0.6776338219642639,0.20083436369895935,0.11915527284145355,1.6335817575454712,98.19775390625,0.6887629628181458,0.0007113601303866878
447,0.11202967539429665,0.09663070365786552,0.30797943472862244,18.513237953186035,0.5634936094284058,0.3583067059516907,3.4984471797943115,210.2984161376953,0.18338435888290405,0.18338435888290405,0.6767988801002502,0.20703473687171936,0.11884516477584839,1.7637913227081299,106.02490234375,0.6872658729553223,0.0007102156516993857
448,0.11183641105890274,0.09655280783772469,0.30567212402820587,18.37454319000244,0.5601942837238312,0.371055543422699,3.7586727142333984,225.94110107421875,0.183121919631958,0.183121919631958,0.6766059398651123,0.20883476734161377,0.12010858952999115,1.7745234966278076,106.67003631591797,0.6903250813484192,0.000709069903564745
449,0.11113079637289047,0.09668173268437386,0.28898122906684875,17.371220588684082,0.5611753165721893,0.3608447313308716,3.542288303375244,212.93380737304688,0.18373030424118042,0.18373030424118042,0.6783230304718018,0.20161035656929016,0.1197424829006195,1.637357234954834,98.42471313476562,0.6914154887199402,0.0007079228938355956
450,0.11257822811603546,0.09725646674633026,0.3064352124929428,18.42041301727295,0.5652528405189514,0.3658301830291748,3.640124559402466,218.81492614746094,0.18382397294044495,0.18382397294044495,0.6779415011405945,0.2146015465259552,0.12012062966823578,1.8896185159683228,113.588623046875,0.6918448209762573,0.0007067746303734138
451,0.11206995695829391,0.09661336988210678,0.30913177132606506,18.58250904083252,0.5610089898109436,0.36202526092529297,3.5880959033966064,215.68739318847656,0.18262046575546265,0.18262046575546265,0.6749958395957947,0.20643946528434753,0.1191413551568985,1.7459620237350464,104.95315551757812,0.6889774203300476,0.0007056251210482685
452,0.11064489558339119,0.09619230031967163,0.28905189037323,17.375465393066406,0.5615040063858032,0.35977721214294434,3.529914140701294,212.18995666503906,0.18328151106834412,0.18328151106834412,0.6779056191444397,0.19805015623569489,0.11897262185811996,1.5815505981445312,95.07006072998047,0.6882625818252563,0.0007044743737387681
453,0.11226477473974228,0.09717006608843803,0.3018942028284073,18.14744472503662,0.5664170682430267,0.36206698417663574,3.5763018131256104,214.97840881347656,0.18325188755989075,0.18325188755989075,0.6775417923927307,0.2094905972480774,0.11812647432088852,1.827282428741455,109.84147644042969,0.6852602958679199,0.0007033223963320057
454,0.11126885563135147,0.09600333496928215,0.3053104430437088,18.352800369262695,0.5598885118961334,0.36041003465652466,3.5486977100372314,213.31907653808594,0.1829751431941986,0.1829751431941986,0.6758922338485718,0.20828655362129211,0.11836796998977661,1.798371434211731,108.10358428955078,0.6865015029907227,0.0007021691967235054
455,0.1111317090690136,0.09653180465102196,0.29199807345867157,17.552568435668945,0.562565267086029,0.3589252233505249,3.517493963241577,211.443359375,0.18305052816867828,0.18305052816867828,0.6768932342529297,0.1971007138490677,0.11932104825973511,1.5555932521820068,93.50971984863281,0.689401388168335,0.0007010147828171683
456,0.11163565143942833,0.09737586230039597,0.2851957827806473,17.14366912841797,0.5647095739841461,0.372516393661499,3.772573232650757,226.77667236328125,0.18388772010803223,0.18388772010803223,0.6772981882095337,0.21615731716156006,0.1199365183711052,1.9244158267974854,115.68035888671875,0.6909726858139038,0.0006998591625252183
457,0.11218498274683952,0.09645882248878479,0.31452322006225586,18.90659809112549,0.5599046945571899,0.36217254400253296,3.5529465675354004,213.57449340820312,0.18452522158622742,0.18452522158622742,0.6787101626396179,0.20793943107128143,0.11960940062999725,1.7666006088256836,106.19377899169922,0.6899908185005188,0.0006987023437681469
458,0.11092009767889977,0.09605812281370163,0.2972394675016403,17.86763858795166,0.5595188140869141,0.3637501299381256,3.5997533798217773,216.3881378173828,0.18376246094703674,0.18376246094703674,0.6792508959770203,0.20435842871665955,0.11989821493625641,1.689204216003418,101.54133605957031,0.6900768280029297,0.0006975443344746609
459,0.11436628177762032,0.09746839851140976,0.3379576504230499,20.31528663635254,0.5649374127388,0.3615545630455017,3.53832745552063,212.69570922851562,0.18463820219039917,0.18463820219039917,0.6803391575813293,0.20430806279182434,0.11867693811655045,1.7126225233078003,102.94905090332031,0.6871216297149658,0.000696385142581626
460,0.11201213672757149,0.09611229598522186,0.3179967552423477,19.11539936065674,0.5618332624435425,0.368014931678772,3.7064595222473145,222.8024444580078,0.18269193172454834,0.18269193172454834,0.6753880977630615,0.21367964148521423,0.11928481608629227,1.8878962993621826,113.48509979248047,0.6886017918586731,0.0006952247760340137
461,0.11525783687829971,0.09616409242153168,0.38187481462955475,22.955232620239258,0.5607344508171082,0.3643924593925476,3.5971078872680664,216.22911071777344,0.18453708291053772,0.18453708291053772,0.678536593914032,0.20349019765853882,0.11991416662931442,1.6715205907821655,100.47833251953125,0.6909351348876953,0.0006940632427848466
462,0.11197743192315102,0.0961538664996624,0.3164713978767395,19.02370834350586,0.5616746842861176,0.3634607195854187,3.590010643005371,215.80245971679688,0.1839601695537567,0.1839601695537567,0.6784851551055908,0.20152908563613892,0.1195269227027893,1.6400433778762817,98.58617401123047,0.689486026763916,0.0006929005507951433
463,0.11744964495301247,0.09646906703710556,0.4196115732192993,25.223661422729492,0.5610380172729492,0.35918503999710083,3.530277729034424,212.21180725097656,0.18267115950584412,0.18267115950584412,0.6747144460678101,0.1974429190158844,0.11812463402748108,1.5863655805587769,95.35950469970703,0.6869775056838989,0.0006917367080338646
464,0.11566586419939995,0.09668497741222382,0.3796177804470062,22.81955909729004,0.5607066750526428,0.3787977695465088,3.917396306991577,235.4822540283203,0.1829279512166977,0.1829279512166977,0.6763343811035156,0.21595023572444916,0.12011385709047318,1.9167275428771973,115.21819305419922,0.6913701295852661,0.0006905717224778584
465,0.1157764233648777,0.09613027796149254,0.39292289316654205,23.61935520172119,0.5594661086797714,0.3665633797645569,3.6392974853515625,218.7652130126953,0.18459850549697876,0.18459850549697876,0.6778739094734192,0.21631485223770142,0.12011423707008362,1.924012303352356,115.65609741210938,0.6920982599258423,0.0006894056021118053
466,0.1157236136496067,0.0962463803589344,0.3895447254180908,23.416284561157227,0.5607610940933228,0.3628915548324585,3.6168668270111084,217.41685485839844,0.1820482313632965,0.1820482313632965,0.6742407083511353,0.21937376260757446,0.11970750242471695,1.9933253526687622,119.8226318359375,0.6905757784843445,0.0006882383549281639
467,0.1135648787021637,0.09628500789403915,0.34559744596481323,20.7745304107666,0.5607210695743561,0.3578854203224182,3.5018560886383057,210.50332641601562,0.18279263377189636,0.18279263377189636,0.6761540174484253,0.2042982280254364,0.11881466209888458,1.7096714973449707,102.77166748046875,0.6884317398071289,0.0006870699889271154
468,0.11874079331755638,0.09681431949138641,0.43852944672107697,26.36085319519043,0.5636706352233887,0.3612939119338989,3.5748136043548584,214.8889617919922,0.1825532466173172,0.1825532466173172,0.6764111518859863,0.203476220369339,0.11844055354595184,1.7007132768630981,102.23316955566406,0.6867431402206421,0.0006859005121165097
469,0.11502126604318619,0.09662636741995811,0.36789798736572266,22.115057945251465,0.5628751516342163,0.36634910106658936,3.6866447925567627,221.611328125,0.18201687932014465,0.18201687932014465,0.6749114990234375,0.2085837572813034,0.1182735487818718,1.8062041997909546,108.57441711425781,0.6863647103309631,0.0006847299325118098
470,0.11809631809592247,0.09623013436794281,0.4373236745595932,26.28837299346924,0.5613261461257935,0.35043662786483765,3.3334155082702637,200.37803649902344,0.18376582860946655,0.18376582860946655,0.6758776903152466,0.21382245421409607,0.11869697272777557,1.9025095701217651,114.36353302001953,0.6892678141593933,0.0006835582581360373
471,0.11696954071521759,0.0961432196199894,0.4165264070034027,25.0382080078125,0.5610948801040649,0.3539472222328186,3.4246623516082764,205.8630828857422,0.18271410465240479,0.18271410465240479,0.6750738024711609,0.211511492729187,0.11964720487594604,1.8372857570648193,110.44280242919922,0.6907769441604614,0.0006823854970197172
472,0.1156010739505291,0.09621663019061089,0.38768886029720306,23.304726600646973,0.5602831244468689,0.3557004928588867,3.426440477371216,205.96995544433594,0.1843784600496292,0.1843784600496292,0.6785861253738403,0.19066622853279114,0.11850747466087341,1.4431750774383545,86.75204467773438,0.687391996383667,0.0006812116572008231
473,0.11597695201635361,0.09727370738983154,0.3740649074316025,22.485764503479004,0.5650844871997833,0.3670782446861267,3.697514057159424,222.2646942138672,0.18220254778862,0.18220254778862,0.6751505136489868,0.18882182240486145,0.11712685227394104,1.433899164199829,86.19445037841797,0.683027982711792,0.0006800367467247214
474,0.116593386977911,0.09656989201903343,0.4004698246717453,24.073015213012695,0.5603652000427246,0.36439967155456543,3.625185251235962,217.91688537597656,0.18314039707183838,0.18314039707183838,0.6754695177078247,0.20931491255760193,0.11703775823116302,1.8455429077148438,110.93914031982422,0.6829165816307068,0.0006788607736441172
475,0.11409032344818115,0.0967288576066494,0.34722933173179626,20.872626304626465,0.561335414648056,0.3530735671520233,3.381655216217041,203.27784729003906,0.18399080634117126,0.18399080634117126,0.6789015531539917,0.21564388275146484,0.11809556186199188,1.950966477394104,117.2763671875,0.6862503290176392,0.0006776837460189979
476,0.11684606969356537,0.09693624451756477,0.3981965184211731,23.936363220214844,0.565091609954834,0.3494057357311249,3.344426155090332,201.03993225097656,0.18218442797660828,0.18218442797660828,0.6755731105804443,0.20338040590286255,0.11895950138568878,1.6884181499481201,101.49407196044922,0.6898232698440552,0.0006765056719165794
477,0.11368486657738686,0.09688588604331017,0.33597956597805023,20.19638156890869,0.5615764260292053,0.3573073744773865,3.5017929077148438,210.4995574951172,0.18221774697303772,0.18221774697303772,0.6723722815513611,0.20702603459358215,0.11867775022983551,1.766965627670288,106.21572875976562,0.6895154714584351,0.0006753265594112496
478,0.11367754638195038,0.09673602133989334,0.3388304263353348,20.36775302886963,0.5586827993392944,0.35826027393341064,3.529390573501587,212.1584930419922,0.18179072439670563,0.18179072439670563,0.6731238961219788,0.2128673791885376,0.11888004839420319,1.879746675491333,112.99520874023438,0.6884944438934326,0.0006741464165845136
479,0.11242365837097168,0.09664356708526611,0.31560178101062775,18.971434593200684,0.5600000619888306,0.34819692373275757,3.273591995239258,196.78192138671875,0.18451732397079468,0.18451732397079468,0.6792682409286499,0.20089860260486603,0.11845385283231735,1.648895025253296,99.1182632446289,0.6862291693687439,0.0006729652515249381
480,0.11289666220545769,0.09701861441135406,0.31756100058555603,19.089204788208008,0.5651679337024689,0.35273462533950806,3.397972822189331,204.25872802734375,0.18283599615097046,0.18283599615097046,0.6767061352729797,0.2003037929534912,0.11821542680263519,1.6417673826217651,98.68982696533203,0.6849357485771179,0.0006717830723280962
481,0.11259972676634789,0.09607250988483429,0.3305443525314331,19.869659423828125,0.5600122809410095,0.3597654700279236,3.527669906616211,212.05508422851562,0.18338195979595184,0.18338195979595184,0.6752041578292847,0.19935151934623718,0.11819075047969818,1.6232151985168457,97.5746078491211,0.6857743263244629,0.0006705998870965119
482,0.11183306574821472,0.096126738935709,0.31412649154663086,18.882749557495117,0.5599617958068848,0.359377384185791,3.5283172130584717,212.09397888183594,0.18296153843402863,0.18296153843402863,0.6764979362487793,0.20525071024894714,0.11958913505077362,1.7132314443588257,102.98565673828125,0.689378559589386,0.0006694157039396041
483,0.1135215125977993,0.09619762003421783,0.34647783637046814,20.827451705932617,0.5599662065505981,0.36243700981140137,3.557532548904419,213.8501434326172,0.1845603585243225,0.1845603585243225,0.6791561841964722,0.2095777988433838,0.11963633447885513,1.7988293170928955,108.13111114501953,0.6887649893760681,0.0006682305309736318
484,0.11265547573566437,0.09639985114336014,0.3251125067472458,19.543142318725586,0.5622887164354324,0.35388892889022827,3.4329447746276855,206.3609619140625,0.18224167823791504,0.18224167823791504,0.6753650903701782,0.20461523532867432,0.11826955527067184,1.7269134521484375,103.80810546875,0.6855252385139465,0.0006670443763216375
485,0.11105259135365486,0.09628542512655258,0.2953433692455292,17.753661155700684,0.5611816495656967,0.34688514471054077,3.318713426589966,199.49429321289062,0.18094944953918457,0.18094944953918457,0.671049177646637,0.1961280107498169,0.11649955809116364,1.5925692319869995,95.732421875,0.6819176077842712,0.0006658572481133926
486,0.11373775079846382,0.09644961729645729,0.3457626551389694,20.78446102142334,0.5614399015903473,0.35212773084640503,3.395221710205078,204.0933380126953,0.18236663937568665,0.18236663937568665,0.6735726594924927,0.19062590599060059,0.11678367853164673,1.476844310760498,88.77597045898438,0.6824169158935547,0.0006646691544853408
487,0.11103640496730804,0.09598181769251823,0.3010917156934738,18.099205017089844,0.5587862432003021,0.3606421947479248,3.5417957305908203,212.9041748046875,0.18355241417884827,0.18355241417884827,0.676734209060669,0.1989993155002594,0.11862319707870483,1.6075221300125122,96.63126373291016,0.686482846736908,0.0006634801035805428
488,0.11036297678947449,0.09601219370961189,0.2870156466960907,17.253066062927246,0.5602131485939026,0.35488468408584595,3.434889078140259,206.47781372070312,0.18314021825790405,0.18314021825790405,0.6760162115097046,0.20698873698711395,0.11880286782979965,1.7637174129486084,106.02046203613281,0.6874388456344604,0.0006622901035486204
489,0.11131833121180534,0.0968238040804863,0.28989051282405853,17.425880432128906,0.5621675252914429,0.3579897880554199,3.497637987136841,210.2498016357422,0.1831078827381134,0.1831078827381134,0.675757884979248,0.21111300587654114,0.11871017515659332,1.848056674003601,111.09026336669922,0.6871552467346191,0.0006610991625457006
490,0.11178657412528992,0.09635477140545845,0.3086360841989517,18.552712440490723,0.5615828037261963,0.3529086112976074,3.3732028007507324,202.76974487304688,0.1842484474182129,0.1842484474182129,0.6794703006744385,0.19916081428527832,0.11821849644184113,1.6188465356826782,97.31199645996094,0.6859143972396851,0.0006599072887343597
491,0.11056621000170708,0.09554972872138023,0.30032964050769806,18.053396224975586,0.55908203125,0.3564651906490326,3.451770305633545,207.49258422851562,0.18387667834758759,0.18387667834758759,0.6777545213699341,0.20269231498241425,0.11862877756357193,1.681270718574524,101.06443786621094,0.6863064765930176,0.0006587144902835672
492,0.10960141196846962,0.09554145485162735,0.28119905292987823,16.90341854095459,0.5588992834091187,0.3631187975406647,3.600886344909668,216.45623779296875,0.1830744743347168,0.1830744743347168,0.6750972270965576,0.20624282956123352,0.11819542199373245,1.7609479427337646,105.8539810180664,0.6846156120300293,0.0006575207753686304
493,0.11016127839684486,0.09571214020252228,0.28898273408412933,17.371312141418457,0.5587195456027985,0.36563271284103394,3.6403608322143555,218.82911682128906,0.18361468613147736,0.18361468613147736,0.6773524284362793,0.20114991068840027,0.11820980906486511,1.6588021516799927,99.71379852294922,0.6840687990188599,0.0006563261521711373
494,0.1099700964987278,0.09553278610110283,0.288746178150177,17.35708999633789,0.5598403215408325,0.35875415802001953,3.493525981903076,210.00262451171875,0.18407784402370453,0.18407784402370453,0.6792247295379639,0.2002810835838318,0.11849440634250641,1.635733723640442,98.3271255493164,0.6860254406929016,0.0006551306288789019
495,0.10910360142588615,0.09537284076213837,0.27461522817611694,16.507651805877686,0.5612000226974487,0.3560793399810791,3.455845594406128,207.73757934570312,0.18328705430030823,0.18328705430030823,0.6771921515464783,0.20771485567092896,0.11853045970201492,1.7836880683898926,107.22093963623047,0.6864736080169678,0.0006539342136859066
496,0.10907648131251335,0.09508047997951508,0.2799200266599655,16.826534271240234,0.558417022228241,0.3574008345603943,3.487211227416992,209.62301635742188,0.1830402910709381,0.1830402910709381,0.6750892996788025,0.20542903244495392,0.1180264800786972,1.7480510473251343,105.07872772216797,0.6855039596557617,0.0006527369147922476
497,0.10914609208703041,0.09547102451324463,0.27350136637687683,16.440697193145752,0.5580786466598511,0.36895784735679626,3.710716962814331,223.05838012695312,0.1834219992160797,0.1834219992160797,0.6768180131912231,0.20606082677841187,0.11921299248933792,1.7369565963745117,104.41181945800781,0.6878765225410461,0.0006515387404040772
498,0.10972299054265022,0.09548245742917061,0.2848105877637863,17.12051486968994,0.5607512295246124,0.3667612671852112,3.647869825363159,219.28050231933594,0.18436777591705322,0.18436777591705322,0.6793965101242065,0.20199328660964966,0.11878584325313568,1.6641488075256348,100.03520965576172,0.6866917610168457,0.0006503396987335486
499,0.10927281528711319,0.09548243507742882,0.27580761909484863,16.57932949066162,0.5578306019306183,0.3639046549797058,3.6292672157287598,218.16226196289062,0.18244129419326782,0.18244129419326782,0.6745003461837769,0.20889884233474731,0.11820226907730103,1.8139313459396362,109.0389175415039,0.6854626536369324,0.0006491397979987589
500,0.10895206034183502,0.0947454497218132,0.284132182598114,17.079737663269043,0.5559496283531189,0.35470882058143616,3.432218313217163,206.31727600097656,0.18309789896011353,0.18309789896011353,0.675909161567688,0.2020137906074524,0.11820745468139648,1.6761267185211182,100.75521850585938,0.6860531568527222,0.0006479390464236939
501,0.1097995825111866,0.09566820785403252,0.28262750804424286,16.98928689956665,0.5619520246982574,0.36631810665130615,3.675553321838379,220.9446258544922,0.18254044651985168,0.18254044651985168,0.6764025688171387,0.2011132836341858,0.1183309257030487,1.6556469202041626,99.52413940429688,0.6854152679443359,0.0006467374522381699
502,0.109140545129776,0.09475524723529816,0.2877059578895569,17.294560432434082,0.5586524903774261,0.36937233805656433,3.719712257385254,223.59910583496094,0.18338672816753387,0.18338672816753387,0.6758232116699219,0.20465382933616638,0.11788294464349747,1.7354178428649902,104.3193359375,0.6848047971725464,0.0006455350236777791
503,0.10917140915989876,0.0945025160908699,0.2933778613805771,17.635510444641113,0.5565737783908844,0.3707362413406372,3.7737157344818115,226.84535217285156,0.18205046653747559,0.18205046653747559,0.6750565767288208,0.2081471085548401,0.1189236268401146,1.7844696044921875,107.26791381835938,0.6876511573791504,0.0006443317689838323
504,0.10934384167194366,0.09501383453607559,0.28660017251968384,17.228090286254883,0.5588678121566772,0.3714574873447418,3.746731758117676,225.22329711914062,0.18412089347839355,0.18412089347839355,0.6779779195785522,0.20257583260536194,0.11927443742752075,1.6660276651382446,100.14814758300781,0.6884812712669373,0.0006431276964033024
505,0.11076847836375237,0.09486551582813263,0.3180592656135559,19.11915683746338,0.5583422482013702,0.37189358472824097,3.7918059825897217,227.93276977539062,0.1823032796382904,0.1823032796382904,0.6752991676330566,0.20646126568317413,0.11870064586400986,1.755212426185608,105.50921630859375,0.6859043836593628,0.0006419228141887682
506,0.11121740192174911,0.09424907341599464,0.3393666297197342,20.399982452392578,0.556111678481102,0.37005212903022766,3.7324085235595703,224.3623046875,0.1834316998720169,0.1834316998720169,0.6764087677001953,0.20181570947170258,0.1181279867887497,1.6737544536590576,100.61260986328125,0.6841753721237183,0.0006407171305983572
507,0.10986093804240227,0.09486807882785797,0.29985713958740234,18.02499294281006,0.5567963719367981,0.3715254068374634,3.7788286209106445,227.1527099609375,0.1825839728116989,0.1825839728116989,0.6754626631736755,0.2038436233997345,0.11938297748565674,1.6892130374908447,101.54186248779297,0.6875302791595459,0.0006395106538956899
508,0.1096777431666851,0.09485764428973198,0.2964020073413849,17.817296981811523,0.5583722591400146,0.3706549406051636,3.774540662765503,226.89492797851562,0.18192791938781738,0.18192791938781738,0.674331545829773,0.20507760345935822,0.11902867257595062,1.7209786176681519,103.45134735107422,0.6873272657394409,0.0006383033923498224
509,0.11054293438792229,0.09533721208572388,0.3041144907474518,18.280909538269043,0.561039000749588,0.3737144470214844,3.7981209754943848,228.31239318847656,0.18380838632583618,0.18380838632583618,0.6778193116188049,0.20888838171958923,0.11846508085727692,1.808465838432312,108.71038055419922,0.6859776377677917,0.0006370953542351904
510,0.11104826256632805,0.09452922642230988,0.33038075268268585,19.859824180603027,0.5578193068504333,0.37671706080436707,3.8955278396606445,234.16769409179688,0.18194065988063812,0.18194065988063812,0.6746401786804199,0.20884372293949127,0.11873801052570343,1.8021142482757568,108.32856750488281,0.6867704391479492,0.0006358865478315516
511,0.11116018891334534,0.0959898792207241,0.3034062087535858,18.23833179473877,0.5648856461048126,0.36145010590553284,3.5507712364196777,213.4437255859375,0.1839115470647812,0.1839115470647812,0.6788706183433533,0.19312432408332825,0.11842440068721771,1.493998408317566,89.80713653564453,0.6867165565490723,0.00063467698142393
512,0.1100732870399952,0.09502042084932327,0.3010573387145996,18.09713840484619,0.5604865252971649,0.38186386227607727,3.9909090995788574,239.90126037597656,0.18231840431690216,0.18231840431690216,0.6754746437072754,0.20710831880569458,0.11889903992414474,1.7641854286193848,106.04859161376953,0.6863017082214355,0.0006334666633025581
513,0.11017578840255737,0.09462248906493187,0.31106601655483246,18.69878101348877,0.5557899177074432,0.3736567497253418,3.8012821674346924,228.50242614746094,0.18359261751174927,0.18359261751174927,0.6767934560775757,0.2070096731185913,0.11911305785179138,1.7579320669174194,105.67269897460938,0.6880111694335938,0.0006322556017628209
514,0.10916158929467201,0.09450120851397514,0.29320764541625977,17.625277519226074,0.5579211115837097,0.37166109681129456,3.770883560180664,226.67510986328125,0.18311691284179688,0.18311691284179688,0.6778904795646667,0.2024744153022766,0.11932427436113358,1.6630029678344727,99.96631622314453,0.6885212659835815,0.0006310438051051985
515,0.10911041498184204,0.09433356672525406,0.29553698003292084,17.765299320220947,0.558608889579773,0.3775653839111328,3.9059526920318604,234.7943878173828,0.18226772546768188,0.18226772546768188,0.6745513081550598,0.2044222354888916,0.11786682158708572,1.7311081886291504,104.06025695800781,0.6831048130989075,0.0006298312816352096
516,0.10865901410579681,0.09415119886398315,0.290156289935112,17.44185447692871,0.5547224581241608,0.37813323736190796,3.917405843734741,235.48284912109375,0.18226295709609985,0.18226295709609985,0.6732900738716125,0.2060374617576599,0.1172516942024231,1.7757153511047363,106.74168395996094,0.6823650002479553,0.0006286180396633544
517,0.10930079594254494,0.09476277977228165,0.29076024889945984,17.478160858154297,0.5569035857915878,0.38010627031326294,3.9460954666137695,237.20741271972656,0.1828015148639679,0.1828015148639679,0.6775617003440857,0.20431457459926605,0.11875267326831818,1.7112380266189575,102.86582946777344,0.6864773035049438,0.0006274040875050573
518,0.10867449268698692,0.09453142434358597,0.2828614190220833,17.003346920013428,0.5586378872394562,0.38182345032691956,3.963799476623535,238.2716522216797,0.1836334764957428,0.1836334764957428,0.6773192286491394,0.20683373510837555,0.11802899837493896,1.776094675064087,106.76448059082031,0.6844225525856018,0.0006261894334806104
519,0.10859129950404167,0.09455160051584244,0.28079400956630707,16.87907123565674,0.5548822581768036,0.3778495192527771,3.911461353302002,235.12550354003906,0.1822764277458191,0.1822764277458191,0.6739493012428284,0.20796237885951996,0.1179136261343956,1.8009750843048096,108.26010131835938,0.683582603931427,0.0006249740859151167
520,0.1075834296643734,0.0941147655248642,0.2693733274936676,16.19255256652832,0.5551650524139404,0.3753160238265991,3.847846031188965,231.30145263671875,0.18292373418807983,0.18292373418807983,0.6768537163734436,0.20129284262657166,0.1180204376578331,1.6654481887817383,100.11329650878906,0.6833289861679077,0.0006237580531384323
521,0.10763224959373474,0.0942661315202713,0.2673224061727524,16.069267749786377,0.5575838983058929,0.37937623262405396,3.9058635234832764,234.78903198242188,0.18408304452896118,0.18408304452896118,0.678742527961731,0.20562058687210083,0.11798019707202911,1.7528076171875,105.36466217041016,0.6828209757804871,0.0006225413434851095
522,0.10783644765615463,0.0940222293138504,0.2762843519449234,16.60798740386963,0.5551780164241791,0.3853799104690552,4.049717426300049,243.4363555908203,0.1828940361738205,0.1828940361738205,0.6759040355682373,0.21318458020687103,0.11887417733669281,1.8862080574035645,113.38362121582031,0.6859275102615356,0.00062132396529434
523,0.10729687660932541,0.09369557350873947,0.27202607691287994,16.35201358795166,0.5545812845230103,0.3814536929130554,3.9682438373565674,238.53878784179688,0.1830414980649948,0.1830414980649948,0.6762634515762329,0.20216408371925354,0.11877071857452393,1.6678674221038818,100.25873565673828,0.687231183052063,0.0006201059269098977
524,0.10796865820884705,0.09416922926902771,0.27598854899406433,16.5902042388916,0.5567599833011627,0.38601434230804443,4.063127517700195,244.24246215820312,0.18285797536373138,0.18285797536373138,0.6764017343521118,0.2063208371400833,0.1183624267578125,1.7591681480407715,105.74700164794922,0.6852145195007324,0.0006188872366800814
525,0.10746599361300468,0.09349540993571281,0.2794116660952568,16.795976638793945,0.5547057390213013,0.381417840719223,3.9484403133392334,237.34835815429688,0.1839958280324936,0.1839958280324936,0.6776149868965149,0.2107422947883606,0.11847221106290817,1.8454017639160156,110.9306640625,0.6846692562103271,0.0006176679029576576
526,0.1076006181538105,0.09353657439351082,0.28128087520599365,16.908336639404297,0.5542251616716385,0.3771180510520935,3.897615432739258,234.29319763183594,0.18223729729652405,0.18223729729652405,0.6755390763282776,0.20993591845035553,0.11916353553533554,1.8154475688934326,109.13006591796875,0.6870714426040649,0.0006164479340998026
527,0.1079869270324707,0.09390439838171005,0.2816506028175354,16.930562019348145,0.5561157166957855,0.3845070004463196,4.017139434814453,241.47804260253906,0.18365001678466797,0.18365001678466797,0.6779108643531799,0.2044164538383484,0.1190507560968399,1.707313895225525,102.62995147705078,0.6872461438179016,0.0006152273384680468
528,0.10752769559621811,0.09344127774238586,0.2817282974720001,16.935232162475586,0.5557636916637421,0.38573116064071655,4.025848388671875,242.0015411376953,0.18443873524665833,0.18443873524665833,0.6787658333778381,0.21671032905578613,0.11934427171945572,1.9473211765289307,117.05724334716797,0.6869127154350281,0.0006140061244282158
529,0.10748884826898575,0.093423742800951,0.28130216896533966,16.90961742401123,0.5555390119552612,0.3847537040710449,4.026705265045166,242.05307006835938,0.18341843783855438,0.18341843783855438,0.6778978705406189,0.21452122926712036,0.11962515115737915,1.8979215621948242,114.08773803710938,0.6880972385406494,0.0006127843003503739
530,0.10670424625277519,0.09353946894407272,0.2632954716682434,15.827199459075928,0.5561643838882446,0.39017340540885925,4.1551408767700195,249.77357482910156,0.18241636455059052,0.18241636455059052,0.6752780675888062,0.20597438514232635,0.11855597794055939,1.7483681440353394,105.09779357910156,0.6858537197113037,0.0006115618746087666
531,0.10757848992943764,0.09361504018306732,0.2792690098285675,16.787400245666504,0.5543755888938904,0.39092332124710083,4.177316665649414,251.10658264160156,0.1820574849843979,0.1820574849843979,0.6742399334907532,0.21151873469352722,0.11807835102081299,1.8688077926635742,112.33765411376953,0.685034453868866,0.0006103388555817632
532,0.10682731866836548,0.0932718925178051,0.27110858261585236,16.29686164855957,0.553170919418335,0.3856184482574463,4.040928363800049,242.9080047607422,0.18357203900814056,0.18357203900814056,0.6774327754974365,0.21435990929603577,0.118940070271492,1.9083969593048096,114.7174301147461,0.6869615316390991,0.0006091152516517988
533,0.1070907674729824,0.09336382523179054,0.2745387926697731,16.50305700302124,0.5543252676725388,0.39167556166648865,4.173933982849121,250.90325927734375,0.18297885358333588,0.18297885358333588,0.6767441034317017,0.2139596939086914,0.11909741163253784,1.8972454071044922,114.0470962524414,0.6868395805358887,0.000607891071205318
534,0.10742618888616562,0.09349950030446053,0.27853378653526306,16.743205070495605,0.5536192953586578,0.3918830156326294,4.168166160583496,250.55653381347656,0.18347471952438354,0.18347471952438354,0.6764132976531982,0.2072376012802124,0.11852903664112091,1.7741714715957642,106.64887237548828,0.6853463053703308,0.0006066663226327162
535,0.10750279575586319,0.09333061799407005,0.28344353288412094,17.03833770751953,0.5532217919826508,0.38608622550964355,4.072453498840332,244.80307006835938,0.18246352672576904,0.18246352672576904,0.6759788990020752,0.21573805809020996,0.11920156329870224,1.930729866027832,116.05989837646484,0.6863831877708435,0.0006054410143282833
536,0.10800931975245476,0.09386399760842323,0.2829064726829529,17.006053924560547,0.5579788088798523,0.38481998443603516,4.0208845138549805,241.70315551757812,0.18377576768398285,0.18377576768398285,0.6781207919120789,0.21151234209537506,0.11829504370689392,1.864345908164978,112.06944274902344,0.6833792924880981,0.0006042151546901453
537,0.10995486751198769,0.09423992037773132,0.31429895758628845,18.89311695098877,0.5559692978858948,0.392996609210968,4.200240612030029,252.48460388183594,0.1829845905303955,0.1829845905303955,0.6751238703727722,0.215321347117424,0.11811508983373642,1.9441250562667847,116.8651123046875,0.683462381362915,0.0006029887521202067
538,0.1078273244202137,0.09297607466578484,0.29702499508857727,17.854748725891113,0.552680253982544,0.38980811834335327,4.156009197235107,249.8257598876953,0.18200765550136566,0.18200765550136566,0.6748911142349243,0.20996052026748657,0.11877892911434174,1.823631763458252,109.62202453613281,0.6864343881607056,0.0006017618150240934
539,0.10952675715088844,0.09396875277161598,0.311160072684288,18.704432487487793,0.5573969483375549,0.3882127106189728,4.102230072021484,246.5929718017578,0.18310120701789856,0.18310120701789856,0.6764415502548218,0.20389801263809204,0.11805976927280426,1.7167649269104004,103.19805908203125,0.6849924921989441,0.0006005343518110949
540,0.10862504318356514,0.0931902676820755,0.3086954802274704,18.556282997131348,0.5537681579589844,0.3989006280899048,4.323867321014404,259.9160461425781,0.182707279920578,0.182707279920578,0.6760485172271729,0.21685390174388885,0.11869431287050247,1.9631917476654053,118.0112533569336,0.6856738328933716,0.0005993063708941065
541,0.1080249547958374,0.0930420383810997,0.2996583580970764,18.013042449951172,0.5528979897499084,0.3838302195072174,4.002304553985596,240.58627319335938,0.18371498584747314,0.18371498584747314,0.6773093938827515,0.20931774377822876,0.11887426674365997,1.80886971950531,108.73464965820312,0.6864211559295654,0.0005980778806895721
542,0.10836149379611015,0.09320548176765442,0.3031202405691147,18.22114372253418,0.5548166930675507,0.39316898584365845,4.224307537078857,253.9312744140625,0.18195360898971558,0.18195360898971558,0.6748658418655396,0.21397560834884644,0.11897186189889908,1.90007483959198,114.2171630859375,0.6863195300102234,0.000596848889617426
543,0.10773252695798874,0.09299325197935104,0.2947855442762375,17.720131397247314,0.5535324811935425,0.3931407332420349,4.199527263641357,252.44171142578125,0.18316435813903809,0.18316435813903809,0.6758670210838318,0.20943135023117065,0.1178886666893959,1.8308537006378174,110.05615234375,0.6832209825515747,0.0005956194061010353
544,0.11182927340269089,0.09367720037698746,0.3630414605140686,21.823123931884766,0.5523362755775452,0.3894631862640381,4.155895709991455,249.81890869140625,0.18166838586330414,0.18166838586330414,0.6723121404647827,0.20996463298797607,0.11799541115760803,1.8393845558166504,110.56896209716797,0.6844600439071655,0.0005943894385671424
545,0.10882991924881935,0.09302917495369911,0.31601482629776,18.996261596679688,0.5527939796447754,0.38479477167129517,4.043955326080322,243.08998107910156,0.18259699642658234,0.18259699642658234,0.6756448745727539,0.20812000334262848,0.11855119466781616,1.7913761138916016,107.68309020996094,0.6859918236732483,0.0005931589954458069
546,0.10896986350417137,0.09347282350063324,0.30994075536727905,18.631138801574707,0.554880827665329,0.39184075593948364,4.167435169219971,250.51255798339844,0.1834690123796463,0.1834690123796463,0.6761855483055115,0.21416842937469482,0.11844939738512039,1.9143805503845215,115.07711791992188,0.6837399005889893,0.0005919280851703486
547,0.10971638560295105,0.0930858813226223,0.3326100558042526,19.993833541870117,0.5527247488498688,0.38426297903060913,4.027774810791016,242.11732482910156,0.18287421762943268,0.18287421762943268,0.6750624179840088,0.22178572416305542,0.11772781610488892,2.081157922744751,125.1024169921875,0.6810621619224548,0.0005906967161772884
548,0.10878924652934074,0.09324073418974876,0.3109702467918396,18.69302463531494,0.552953913807869,0.3836650252342224,4.005167484283447,240.7583465576172,0.18340663611888885,0.18340663611888885,0.6767351031303406,0.20618925988674164,0.11839859932661057,1.7558132410049438,105.54532623291016,0.6841425895690918,0.0005894648969062915
549,0.1081114187836647,0.09299575909972191,0.3023131936788559,18.17263126373291,0.5531224012374878,0.394977331161499,4.236606121063232,254.67056274414062,0.18314702808856964,0.18314702808856964,0.6774028539657593,0.20792648196220398,0.11874312162399292,1.7836670875549316,107.21966552734375,0.6855966448783875,0.0005882326358001093
550,0.1082528568804264,0.09362184628844261,0.29262015223503113,17.589964866638184,0.5523378998041153,0.3910793960094452,4.149457931518555,249.43194580078125,0.18360649049282074,0.18360649049282074,0.6764631271362305,0.2262602150440216,0.11883442103862762,2.1485157012939453,129.15142822265625,0.6864483952522278,0.0005869999413045214
551,0.10783232748508453,0.09279653802514076,0.30071577429771423,18.076605796813965,0.5512048900127411,0.3823264241218567,3.9905452728271484,239.87940979003906,0.18279916048049927,0.18279916048049927,0.676192581653595,0.21919162571430206,0.11929915845394135,1.9978493452072144,120.09457397460938,0.6879218816757202,0.0005857668218682779
552,0.10913361981511116,0.09320836514234543,0.31850501894950867,19.145952224731445,0.5555185377597809,0.3888113498687744,4.124769687652588,247.9478759765625,0.1825728416442871,0.1825728416442871,0.6764286756515503,0.2160208821296692,0.11858052015304565,1.9488071203231812,117.14656066894531,0.6850662231445312,0.0005845332859430413
553,0.10752502828836441,0.09273230284452438,0.29585449397563934,17.784384727478027,0.5534241199493408,0.3928754925727844,4.207577705383301,252.92564392089844,0.18249660730361938,0.18249660730361938,0.674431324005127,0.21496544778347015,0.1172671765089035,1.953965425491333,117.4566421508789,0.6816454529762268,0.0005832993419833289
554,0.11037032306194305,0.09288181737065315,0.34977009147405624,21.02535629272461,0.5524409711360931,0.38154077529907227,4.020015239715576,241.65086364746094,0.1805400252342224,0.1805400252342224,0.671645998954773,0.2113538384437561,0.11711549758911133,1.884766936302185,113.29698944091797,0.6821877360343933,0.0005820649984464542
555,0.10863187164068222,0.09320513531565666,0.30853472650051117,18.546619415283203,0.5548029541969299,0.38085633516311646,3.9786529541015625,239.16452026367188,0.18192370235919952,0.18192370235919952,0.6738054752349854,0.21026970446109772,0.11811947822570801,1.8430044651031494,110.78655242919922,0.684447705745697,0.0005808302637924698
556,0.10741763561964035,0.09288373589515686,0.2906779870390892,17.473214626312256,0.5534280240535736,0.39210397005081177,4.166591644287109,250.46188354492188,0.18377439677715302,0.18377439677715302,0.6769898533821106,0.2170376181602478,0.11878515779972076,1.9650492668151855,118.12290954589844,0.6847976446151733,0.0005795951464841086
557,0.10763964802026749,0.09285847097635269,0.2956234961748123,17.770501136779785,0.5527694821357727,0.39585036039352417,4.248178005218506,255.36619567871094,0.18344147503376007,0.18344147503376007,0.6768907308578491,0.21990996599197388,0.11887109279632568,2.0207772254943848,121.47282409667969,0.6851731538772583,0.0005783596549867263
558,0.10638399049639702,0.09256523475050926,0.27637510001659393,16.613441944122314,0.5518534779548645,0.38612404465675354,4.06010627746582,244.0608367919922,0.18311873078346252,0.18311873078346252,0.6765322685241699,0.20852574706077576,0.11809251457452774,1.8086646795272827,108.72232055664062,0.6846848726272583,0.0005771237977682435
559,0.10782381519675255,0.09278236702084541,0.3008289486169815,18.083409309387207,0.5533349812030792,0.3910239338874817,4.156586170196533,249.86045837402344,0.1831946074962616,0.1831946074962616,0.6769254207611084,0.21276110410690308,0.11825692653656006,1.89008367061615,113.6165771484375,0.6844699382781982,0.000575887583299087
560,0.10654615238308907,0.09251599758863449,0.2806031405925751,16.86759662628174,0.5513264536857605,0.3908073902130127,4.148525714874268,249.3759307861328,0.1833810806274414,0.1833810806274414,0.6767374277114868,0.22276455163955688,0.11856789886951447,2.083932876586914,125.26921844482422,0.6851323246955872,0.0005746510200521325
561,0.10623806342482567,0.09254450723528862,0.2738710641860962,16.462918281555176,0.5519804954528809,0.38909512758255005,4.131390571594238,248.3458709716797,0.1825256049633026,0.1825256049633026,0.6752144694328308,0.2259829044342041,0.11926673352718353,2.1343233585357666,128.2982940673828,0.6873682737350464,0.0005734141165026458
562,0.10795121267437935,0.09253168478608131,0.3083905726671219,18.537954330444336,0.5528171062469482,0.39498716592788696,4.234717845916748,254.5570831298828,0.1832512766122818,0.1832512766122818,0.6763779520988464,0.21742099523544312,0.11845328658819199,1.9793540239334106,118.9827880859375,0.6848096251487732,0.0005721768811282256
563,0.10613995045423508,0.09246208891272545,0.27355726808309555,16.44405746459961,0.5516331493854523,0.4043087661266327,4.442159652709961,267.02679443359375,0.18220077455043793,0.18220077455043793,0.6745200157165527,0.21162043511867523,0.11751559376716614,1.882096767425537,113.13648223876953,0.6820984482765198,0.0005709393224087445
564,0.1090116947889328,0.09270952269434929,0.32604342699050903,19.59910011291504,0.5521222054958344,0.38630181550979614,4.0979766845703125,246.33731079101562,0.1814029961824417,0.1814029961824417,0.6725482940673828,0.20522752404212952,0.11764949560165405,1.7515603303909302,105.28968811035156,0.6843103170394897,0.0005697014488262915
565,0.10776463150978088,0.09305787086486816,0.2941352128982544,17.681036949157715,0.5559253841638565,0.39119502902030945,4.168413162231445,250.57139587402344,0.1827743649482727,0.1827743649482727,0.6752939820289612,0.2204814851284027,0.11903378367424011,2.028953790664673,121.9643325805664,0.6868249773979187,0.0005684632688651133
566,0.10925153270363808,0.0926419161260128,0.3321923315525055,19.968725204467773,0.5512184798717499,0.4033793807029724,4.390105724334717,263.89776611328125,0.18387407064437866,0.18387407064437866,0.6768008470535278,0.2210732400417328,0.11921203136444092,2.037224292755127,122.46149444580078,0.6853797435760498,0.0005672247910115569
567,0.10946477949619293,0.0924440249800682,0.3404151201248169,20.463013648986816,0.5510149896144867,0.39242684841156006,4.207724094390869,252.93443298339844,0.18204063177108765,0.18204063177108765,0.674431562423706,0.2140631377696991,0.11829769611358643,1.9153087139129639,115.13290405273438,0.6842671036720276,0.0005659860237540107
568,0.10733219236135483,0.09291594102978706,0.2883249968290329,17.331771850585938,0.5546249747276306,0.3816533386707306,4.003834247589111,240.67822265625,0.1814616173505783,0.1814616173505783,0.6728696227073669,0.21109680831432343,0.11728571355342865,1.8762218952178955,112.78331756591797,0.6832250356674194,0.0005647469755828469
569,0.1080574318766594,0.09257873147726059,0.3095739632844925,18.609088897705078,0.5529676973819733,0.39400362968444824,4.20985746383667,253.0626678466797,0.18351075053215027,0.18351075053215027,0.6774859428405762,0.22435526549816132,0.1187039315700531,2.1130266189575195,127.01812744140625,0.6847872138023376,0.000563507654990363
570,0.1071159765124321,0.09275291860103607,0.28726111352443695,17.267821788787842,0.553130254149437,0.3957633376121521,4.221733570098877,253.7765655517578,0.18467667698860168,0.18467667698860168,0.6795492172241211,0.21816059947013855,0.11875376850366592,1.9881365299224854,119.5107421875,0.6847788095474243,0.0005622680704707234
571,0.10736576840281487,0.09272820502519608,0.2927512899041176,17.59784507751465,0.5538305938243866,0.39548635482788086,4.270415782928467,256.7029724121094,0.18196557462215424,0.18196557462215424,0.6730756163597107,0.22063671052455902,0.11846421658992767,2.043449878692627,122.8357162475586,0.6854971647262573,0.0005610282305199017
572,0.10689802840352058,0.09235179424285889,0.29092466831207275,17.4880428314209,0.5505664497613907,0.38916343450546265,4.128495216369629,248.1718292236328,0.18273869156837463,0.18273869156837463,0.6742266416549683,0.21794837713241577,0.11840014159679413,1.9909648895263672,119.68074798583984,0.6860705018043518,0.0005597881436356221
573,0.10595573484897614,0.09208633005619049,0.2773880735039711,16.67433261871338,0.5501749813556671,0.39623647928237915,4.253720283508301,255.69937133789062,0.18355047702789307,0.18355047702789307,0.6782451868057251,0.21885260939598083,0.1184908077120781,2.0072360038757324,120.65884399414062,0.6850488185882568,0.0005585478183173013
574,0.10696741193532944,0.09241665154695511,0.2910151332616806,17.493481636047363,0.5521806180477142,0.39576956629753113,4.237732410430908,254.73828125,0.183882936835289,0.183882936835289,0.6787818670272827,0.2163599729537964,0.11786624044179916,1.969874620437622,118.4129867553711,0.6825922727584839,0.00055730726306599
575,0.10562768951058388,0.0922372154891491,0.26780954003334045,16.098549842834473,0.5517615675926208,0.3920939862728119,4.202911853790283,252.64517211914062,0.18194839358329773,0.18194839358329773,0.6738190054893494,0.22322377562522888,0.11813569813966751,2.10176157951355,126.34095764160156,0.6835007667541504,0.0005560664863843152
576,0.10749079659581184,0.0923331044614315,0.3031538426876068,18.223164558410645,0.5512409210205078,0.3985867500305176,4.321946620941162,259.8005676269531,0.18248939514160156,0.18248939514160156,0.6739761829376221,0.21838906407356262,0.11881078779697418,1.9915653467178345,119.71682739257812,0.6855878829956055,0.0005548254967764211
577,0.10664406418800354,0.09232156723737717,0.28644993901252747,17.219061374664307,0.552236020565033,0.4097108244895935,4.517245769500732,271.54034423828125,0.1838485449552536,0.1838485449552536,0.6783960461616516,0.2128680944442749,0.11930310726165771,1.8712997436523438,112.48744201660156,0.6872885227203369,0.0005535843027479116
578,0.1078978069126606,0.0920981802046299,0.31599248945713043,18.994919300079346,0.5513624846935272,0.39348113536834717,4.216789722442627,253.4793701171875,0.1826416552066803,0.1826416552066803,0.6757998466491699,0.21973291039466858,0.11854197084903717,2.0238189697265625,121.6556625366211,0.686314582824707,0.0005523429128057918
579,0.10821747034788132,0.09282268583774567,0.3078956753015518,18.508203506469727,0.553461343050003,0.3811567723751068,3.965327739715576,238.36351013183594,0.182890385389328,0.182890385389328,0.6752108335494995,0.22643864154815674,0.11809955537319183,2.1667819023132324,130.24945068359375,0.6843469738960266,0.000551101335458409
580,0.10841835662722588,0.0918920487165451,0.3305261880159378,19.86856746673584,0.5499482154846191,0.39903634786605835,4.328691005706787,260.2059631347656,0.18260180950164795,0.18260180950164795,0.6752692461013794,0.22878025472164154,0.11858189851045609,2.2039670944213867,132.48472595214844,0.6831926703453064,0.0005498595792153957
581,0.10801825299859047,0.09227348119020462,0.3148954212665558,18.92897129058838,0.550966888666153,0.4037787914276123,4.422256946563721,265.8304138183594,0.18266594409942627,0.18266594409942627,0.6753461360931396,0.21850523352622986,0.11830652505159378,2.003974199295044,120.46275329589844,0.6835307478904724,0.0005486176525876099
582,0.10708169639110565,0.09231557324528694,0.2953225076198578,17.75240707397461,0.5523068308830261,0.39500927925109863,4.260086536407471,256.08203125,0.18200495839118958,0.18200495839118958,0.6744663715362549,0.21405145525932312,0.11825677752494812,1.9158936738967896,115.1680679321289,0.6854681968688965,0.0005473755640870776
583,0.10717207938432693,0.0923522487282753,0.2963965833187103,17.816970825195312,0.5529241561889648,0.3931717872619629,4.217839241027832,253.54246520996094,0.1822798252105713,0.1822798252105713,0.6741641759872437,0.2203313708305359,0.11795420199632645,2.047543525695801,123.08179473876953,0.6847561597824097,0.0005461333222269346
584,0.10860954225063324,0.092682134360075,0.3185480833053589,19.148540496826172,0.5532111078500748,0.39930182695388794,4.324937343597412,259.9803466796875,0.18305495381355286,0.18305495381355286,0.6751301288604736,0.22759965062141418,0.11875686794519424,2.1768555641174316,130.85499572753906,0.6852707862854004,0.0005448909355213672
585,0.10652980208396912,0.09216707944869995,0.2872544229030609,17.267417907714844,0.5494110882282257,0.3985012471675873,4.305751323699951,258.8270568847656,0.18321368098258972,0.18321368098258972,0.6767289042472839,0.2186966836452484,0.11846442520618439,2.004645347595215,120.50310516357422,0.6845724582672119,0.0005436484124855549
586,0.10774493217468262,0.09263113513588905,0.3022759407758713,18.17039203643799,0.5517117977142334,0.4061512351036072,4.465206146240234,268.41217041015625,0.1828909069299698,0.1828909069299698,0.6753648519515991,0.22097204625606537,0.11881445348262787,2.04315185546875,122.81781768798828,0.6859109401702881,0.0005424057616356117
587,0.10638094693422318,0.09199953451752663,0.28762827813625336,17.289891719818115,0.5499668419361115,0.39645111560821533,4.262357711791992,256.2185363769531,0.18333323299884796,0.18333323299884796,0.6758613586425781,0.2273094654083252,0.11814668774604797,2.183255434036255,131.2397003173828,0.6847159266471863,0.000541162991488527
588,0.10652432590723038,0.09171435981988907,0.296199306845665,17.805112838745117,0.5492978394031525,0.396442711353302,4.269646167755127,256.65667724609375,0.1829604208469391,0.1829604208469391,0.675979733467102,0.2250191867351532,0.11824627220630646,2.135458469390869,128.36654663085938,0.6847122311592102,0.0005399201105621082
589,0.10611977428197861,0.09221634268760681,0.27806857228279114,16.715238571166992,0.5510125756263733,0.398242324590683,4.291629791259766,257.9781799316406,0.1836608350276947,0.1836608350276947,0.6774803996086121,0.21899917721748352,0.11868921667337418,2.0061991214752197,120.59651184082031,0.6851177215576172,0.0005386771273749226
590,0.10562855005264282,0.09203372895717621,0.2718964293599129,16.34421968460083,0.5512785613536835,0.39797747135162354,4.2953290939331055,258.2005615234375,0.18321099877357483,0.18321099877357483,0.6763802766799927,0.2201429307460785,0.11831919848918915,2.0364747047424316,122.41643524169922,0.6838148832321167,0.0005374340504462371
591,0.10543764010071754,0.09171229600906372,0.2745068669319153,16.501139640808105,0.5500176846981049,0.39872056245803833,4.33211612701416,260.411865234375,0.18211475014686584,0.18211475014686584,0.6739310026168823,0.21986328065395355,0.11779078096151352,2.041450023651123,122.71550750732422,0.6826958656311035,0.0005361908882959623
592,0.10510331019759178,0.09173214808106422,0.26742324233055115,16.075325965881348,0.5495844781398773,0.39917027950286865,4.337930202484131,260.7613525390625,0.1822737455368042,0.1822737455368042,0.6747684478759766,0.2190694510936737,0.11808887869119644,2.0196115970611572,121.40275573730469,0.6847719550132751,0.0005349476494445919
593,0.10465677082538605,0.09171569719910622,0.2588214948773384,15.558259963989258,0.5499745905399323,0.4028206467628479,4.40770959854126,264.9559631347656,0.18243518471717834,0.18243518471717834,0.6755656003952026,0.22397607564926147,0.11846012622117996,2.110318899154663,126.85533905029297,0.685589075088501,0.0005337043424131462
594,0.10540629550814629,0.09173237532377243,0.27347832918167114,16.439310550689697,0.5505002737045288,0.4029279351234436,4.397597789764404,264.34808349609375,0.1830480545759201,0.1830480545759201,0.6765784621238708,0.22065109014511108,0.11845937371253967,2.0438344478607178,122.85884094238281,0.6844590306282043,0.0005324609757231121
595,0.10465065389871597,0.09173163026571274,0.2583804205060005,15.531747817993164,0.5503305643796921,0.40235835313796997,4.4002814292907715,264.5094299316406,0.1823442578315735,0.1823442578315735,0.6753063201904297,0.22228382527828217,0.1178387701511383,2.0889010429382324,125.56787872314453,0.6823397874832153,0.0005312175578963859
596,0.10540693625807762,0.09195283427834511,0.26908203214406967,16.175042152404785,0.550247073173523,0.403136283159256,4.411187171936035,265.16497802734375,0.18257692456245422,0.18257692456245422,0.6745967864990234,0.21923646330833435,0.11760304868221283,2.032668113708496,122.1875991821289,0.6827802062034607,0.000529974097455214
597,0.1049756146967411,0.0920398011803627,0.25871625542640686,15.551934719085693,0.5522622317075729,0.40876877307891846,4.519712448120117,271.6885986328125,0.1827831268310547,0.1827831268310547,0.6764187812805176,0.22299575805664062,0.11835513263940811,2.0928122997283936,125.8030014038086,0.6848300695419312,0.0005287306029221352
598,0.10550796985626221,0.09176846966147423,0.27479004859924316,16.518159866333008,0.551036924123764,0.4102482199668884,4.549917221069336,273.50433349609375,0.1827523410320282,0.1827523410320282,0.675862193107605,0.22735100984573364,0.11774991452693939,2.1920218467712402,131.7666778564453,0.6825563907623291,0.0005274870828199215
599,0.10465948283672333,0.09124638140201569,0.2682620584964752,16.125751972198486,0.5489774644374847,0.4036571979522705,4.417618274688721,265.55157470703125,0.18277627229690552,0.18277627229690552,0.6754574775695801,0.22701165080070496,0.11814720928668976,2.1772890090942383,130.8810577392578,0.6833059787750244,0.0005262435456715208
600,0.10494005307555199,0.09177487343549728,0.26330356299877167,15.827685832977295,0.5508203506469727,0.4047887325286865,4.424112319946289,265.94195556640625,0.1835831105709076,0.1835831105709076,0.6776347160339355,0.21738505363464355,0.11861755698919296,1.9753497838974,118.74210357666016,0.6849404573440552,0.0005249999999999973
601,0.10482431948184967,0.09154070541262627,0.2656722813844681,15.970075130462646,0.5498412847518921,0.4072537422180176,4.475080966949463,269.0057678222656,0.18349969387054443,0.18349969387054443,0.6769704818725586,0.22517210245132446,0.11880367994308472,2.127368211746216,127.88021087646484,0.6853148937225342,0.0005237564543284737
602,0.10453164577484131,0.0912017822265625,0.26659727096557617,16.02567768096924,0.5475476086139679,0.40921032428741455,4.517743110656738,271.5702819824219,0.18332314491271973,0.18332314491271973,0.6763360500335693,0.22269517183303833,0.11842906475067139,2.0853219032287598,125.35272216796875,0.6846233606338501,0.000522512917180073
603,0.10402641072869301,0.09118864685297012,0.2567552551627159,15.434053897857666,0.5480432510375977,0.40805649757385254,4.504169940948486,270.7543640136719,0.1828480064868927,0.1828480064868927,0.6765115857124329,0.2225363403558731,0.11855621635913849,2.0796024799346924,125.00892639160156,0.6850793361663818,0.0005212693970778594
604,0.1048681028187275,0.09205961227416992,0.25616981089115143,15.3988618850708,0.5511906892061234,0.41164398193359375,4.578000068664551,275.19244384765625,0.18274396657943726,0.18274396657943726,0.675127387046814,0.2256924957036972,0.118472620844841,2.144397497177124,128.9038848876953,0.6852222681045532,0.0005200259025447805
605,0.10406512022018433,0.0911702997982502,0.257896363735199,15.502649784088135,0.5481676459312439,0.4107234477996826,4.554152011871338,273.75885009765625,0.1830158531665802,0.1830158531665802,0.676235020160675,0.2255610078573227,0.11850618571043015,2.141096353530884,128.7054443359375,0.6849728226661682,0.0005187824421036086
606,0.10424847528338432,0.09150617569684982,0.2548460066318512,15.319286823272705,0.5507441461086273,0.41152074933052063,4.563830852508545,274.3406982421875,0.18332920968532562,0.18332920968532562,0.676815927028656,0.22379028797149658,0.11838875710964203,2.1080307960510254,126.71781158447266,0.6839064359664917,0.0005175390242768824
607,0.10409338772296906,0.09120592474937439,0.25774919986724854,15.493803024291992,0.5488892495632172,0.4145547151565552,4.642273902893066,279.0560607910156,0.18244099617004395,0.18244099617004395,0.6746629476547241,0.22540417313575745,0.11822988837957382,2.1434857845306396,128.84909057617188,0.6835951805114746,0.0005162956575868483
608,0.10396739095449448,0.09099041298031807,0.25953954458236694,15.601423740386963,0.5478312373161316,0.41068845987319946,4.547414779663086,273.3539123535156,0.18331772089004517,0.18331772089004517,0.6767287850379944,0.2207929790019989,0.11852028965950012,2.0454535484313965,122.95616912841797,0.6846795082092285,0.0005150523505554026
609,0.1039641983807087,0.09109824150800705,0.2573190927505493,15.46794843673706,0.5487632155418396,0.4134855270385742,4.607985973358154,276.99493408203125,0.18308621644973755,0.18308621644973755,0.6770200133323669,0.22432780265808105,0.11848577857017517,2.1168406009674072,127.24737548828125,0.684312105178833,0.0005138091117040321
610,0.10380029305815697,0.09088734537363052,0.2582589313387871,15.524443626403809,0.5476312935352325,0.41556525230407715,4.646926403045654,279.335693359375,0.18321892619132996,0.18321892619132996,0.6765128374099731,0.22419902682304382,0.11788252741098404,2.1263298988342285,127.81780242919922,0.6826050281524658,0.0005125659495537572
611,0.10382385179400444,0.09087780863046646,0.25892091542482376,15.564235210418701,0.5476166307926178,0.4175063967704773,4.711307525634766,283.205810546875,0.18194100260734558,0.18194100260734558,0.674655556678772,0.2255256175994873,0.11801131069660187,2.1502859592437744,129.25784301757812,0.6831430196762085,0.0005113228726250718
612,0.10421566292643547,0.09123611822724342,0.2595909535884857,15.604513168334961,0.5497270077466965,0.4175823926925659,4.68878698348999,281.8520202636719,0.18314304947853088,0.18314304947853088,0.676899790763855,0.22354502975940704,0.11823040246963501,2.106292486190796,126.61331176757812,0.6839737892150879,0.0005100798894378861
613,0.10398915782570839,0.09090209379792213,0.2617413252592087,15.733776569366455,0.5479637682437897,0.4181622266769409,4.714179039001465,283.3784484863281,0.18245327472686768,0.18245327472686768,0.675426721572876,0.22938625514507294,0.11836664378643036,2.2203922271728516,133.47206115722656,0.6841346025466919,0.0005088370085114675
614,0.10411838442087173,0.09075840935111046,0.2671995013952255,16.06187915802002,0.5473195612430573,0.4131581485271454,4.593472480773926,276.1225280761719,0.1834845244884491,0.1834845244884491,0.6768478751182556,0.22185373306274414,0.11868415772914886,2.06339168548584,124.03446197509766,0.6851373910903931,0.0005075942383643828
615,0.10447240620851517,0.09099161624908447,0.2696157991886139,16.207125663757324,0.5490949600934982,0.42238929867744446,4.7943878173828125,288.1999206542969,0.18266990780830383,0.18266990780830383,0.6765047907829285,0.22399723529815674,0.11895859241485596,2.1007726192474365,126.28150177001953,0.6850475072860718,0.0005063515875144395
616,0.10489869862794876,0.09083206206560135,0.28133273124694824,16.911455154418945,0.5481913387775421,0.4165864884853363,4.665648937225342,280.461181640625,0.1833040416240692,0.1833040416240692,0.6760996580123901,0.22512489557266235,0.1182730495929718,2.1370368003845215,128.46141052246094,0.6840822696685791,0.0005051090644786272
617,0.10457824170589447,0.09063171222805977,0.27893053740262985,16.76705265045166,0.5470536947250366,0.4180446267127991,4.706773281097412,282.9332580566406,0.18270596861839294,0.18270596861839294,0.6765842437744141,0.23002848029136658,0.11901681870222092,2.220233201980591,133.46250915527344,0.6862268447875977,0.00050386667777306
618,0.10466956347227097,0.09078266844153404,0.27773791551589966,16.69536304473877,0.5487567484378815,0.4201871454715729,4.7426652908325195,285.0908203125,0.1830538809299469,0.1830538809299469,0.6765830516815186,0.22304941713809967,0.11855904012918472,2.0898075103759766,125.62236785888672,0.6851150393486023,0.0005026244359129168
619,0.10464444011449814,0.09105773270130157,0.2717341333627701,16.334464073181152,0.5487239956855774,0.4190124273300171,4.7289018630981445,284.2634582519531,0.18256734311580658,0.18256734311580658,0.6747652888298035,0.22508575022220612,0.11813795566558838,2.13895583152771,128.57676696777344,0.6841711401939392,0.0005013823474123845
620,0.1041877493262291,0.09061027690768242,0.27154941856861115,16.323359966278076,0.5468055009841919,0.4200899004936218,4.745508670806885,285.26171875,0.18281447887420654,0.18281447887420654,0.6762614250183105,0.22461293637752533,0.11881458014249802,2.115967035293579,127.19486236572266,0.685304582118988,0.0005001404207845987
621,0.10478635877370834,0.09080082550644875,0.27971071004867554,16.813952445983887,0.5479613840579987,0.4227537512779236,4.797399044036865,288.3808898925781,0.18288378417491913,0.18288378417491913,0.6758778095245361,0.22268050909042358,0.11825386434793472,2.0885326862335205,125.54573822021484,0.6841399669647217,0.0004988986645415853
622,0.10433133691549301,0.09044510871171951,0.27772458642721176,16.694561004638672,0.5468489229679108,0.4183924198150635,4.7250075340271,284.0293273925781,0.18214203417301178,0.18214203417301178,0.6742660999298096,0.22592100501060486,0.11760056763887405,2.1664087772369385,130.22702026367188,0.6825161576271057,0.0004976570871942026
623,0.10400876775383949,0.09068997576832771,0.26637589931488037,16.012370586395264,0.5471455454826355,0.4139408469200134,4.628514766693115,278.22900390625,0.18251508474349976,0.18251508474349976,0.6748671531677246,0.2243674397468567,0.1181270107626915,2.1248085498809814,127.72634887695312,0.6832854747772217,0.0004964156972520826
624,0.10493872687220573,0.09127096459269524,0.27335526794195175,16.431914806365967,0.5513252019882202,0.42327529191970825,4.818357467651367,289.6407470703125,0.18235741555690765,0.18235741555690765,0.6756232380867004,0.22492974996566772,0.11814428120851517,2.135709524154663,128.3816375732422,0.6828069686889648,0.0004951745032235732
625,0.10399886965751648,0.09056484326720238,0.26868052035570145,16.150906085968018,0.5474086403846741,0.42218077182769775,4.780940532684326,287.3915710449219,0.18313375115394592,0.18313375115394592,0.6760210990905762,0.22303462028503418,0.11758281290531158,2.1090359687805176,126.77823638916016,0.6821083426475525,0.000493933513615679
626,0.10441464930772781,0.09033039212226868,0.28168515861034393,16.93264102935791,0.5458173155784607,0.41969770193099976,4.74048376083374,284.9596252441406,0.18267349898815155,0.18267349898815155,0.6761038303375244,0.22794988751411438,0.11827416718006134,2.193514347076416,131.85638427734375,0.6838721036911011,0.0004926927369340041
627,0.10425364971160889,0.0906645804643631,0.27178142219781876,16.3373064994812,0.5483965426683426,0.41822385787963867,4.700898170471191,282.580078125,0.18317893147468567,0.18317893147468567,0.6764228940010071,0.22297106683254242,0.11824261397123337,2.094568967819214,125.9085922241211,0.6837258338928223,0.0004914521816826927
628,0.10469461604952812,0.09086380153894424,0.27661630511283875,16.627941131591797,0.5487649738788605,0.42393743991851807,4.830700874328613,290.3827819824219,0.18240240216255188,0.18240240216255188,0.6741317510604858,0.22449594736099243,0.11783220618963242,2.133274793624878,128.2352752685547,0.6832373142242432,0.0004902118563643719
629,0.10515213385224342,0.09073180332779884,0.2884066253900528,17.336679458618164,0.5479077994823456,0.4246889352798462,4.842395782470703,291.08575439453125,0.18256916105747223,0.18256916105747223,0.6758499145507812,0.22904850542545319,0.1190720945596695,2.199528217315674,132.2178955078125,0.68626469373703,0.0004889717694800922
630,0.10450854524970055,0.09059582650661469,0.2782543897628784,16.726409435272217,0.5476027727127075,0.415996789932251,4.647826194763184,279.3898010253906,0.18360546231269836,0.18360546231269836,0.6772921085357666,0.22219420969486237,0.11889572441577911,2.065969705581665,124.18943786621094,0.6862826347351074,0.0004877319295292706
631,0.1039734035730362,0.09061947464942932,0.26707857847213745,16.05461025238037,0.5475344657897949,0.4233994483947754,4.828573226928711,290.2548828125,0.18197080492973328,0.18197080492973328,0.674534022808075,0.2279912382364273,0.11855228245258331,2.18877911567688,131.57174682617188,0.6845365166664124,0.000486492345009631
632,0.10399830713868141,0.090310238301754,0.2737613767385483,16.456326484680176,0.5457316040992737,0.42287808656692505,4.796352863311768,288.3180236816406,0.1830604374408722,0.1830604374408722,0.6757591962814331,0.2246294915676117,0.11779334396123886,2.1367228031158447,128.44253540039062,0.6826586723327637,0.000485253024417147
633,0.10404620319604874,0.09037674218416214,0.27338919043540955,16.433953285217285,0.5463710725307465,0.4235774278640747,4.826055526733398,290.1035461425781,0.18227463960647583,0.18227463960647583,0.6754617691040039,0.23245298862457275,0.11856476962566376,2.2777645587921143,136.92083740234375,0.6844408512115479,0.00048401397624598335
634,0.10448434576392174,0.09076650068163872,0.2743569165468216,16.492125511169434,0.5485404133796692,0.42582663893699646,4.854100227355957,291.7893371582031,0.18312162160873413,0.18312162160873413,0.6765866875648499,0.22401730716228485,0.11816076934337616,2.117130756378174,127.26481628417969,0.6832579970359802,0.0004827752089884372
635,0.104184590280056,0.09065958112478256,0.27050018310546875,16.260287761688232,0.547088086605072,0.43140745162963867,4.980884075164795,299.4105529785156,0.18236325681209564,0.18236325681209564,0.6745380163192749,0.22396355867385864,0.11824434995651245,2.1143839359283447,127.0997085571289,0.6837076544761658,0.00048153673113488085
636,0.10404366254806519,0.09049181267619133,0.2710369825363159,16.292555809020996,0.5457645952701569,0.4203090965747833,4.7740888595581055,286.979736328125,0.18160465359687805,0.18160465359687805,0.6736685633659363,0.2265850305557251,0.11845411360263824,2.1626181602478027,129.99916076660156,0.6845834255218506,0.00048029855117370253
637,0.1044183261692524,0.0906260497868061,0.2758454978466034,16.581605911254883,0.5484386384487152,0.41865527629852295,4.705541133880615,282.8591613769531,0.18337823450565338,0.18337823450565338,0.6764737367630005,0.2249140739440918,0.11822642385959625,2.1337530612945557,128.26402282714844,0.6837809085845947,0.0004790606775912495
638,0.10406087338924408,0.09011523425579071,0.2789127677679062,16.76598596572876,0.5466074496507645,0.42888763546943665,4.930079936981201,296.3566589355469,0.18238364160060883,0.18238364160060883,0.675037682056427,0.22606857120990753,0.11845099180936813,2.1523516178131104,129.38201904296875,0.6840686798095703,0.0004778231188717684
639,0.10439282283186913,0.09022927284240723,0.28327102959156036,17.027968406677246,0.5470039546489716,0.4218308925628662,4.777825355529785,287.2043151855469,0.18293961882591248,0.18293961882591248,0.676267683506012,0.2212289422750473,0.1184500902891159,2.055577039718628,123.5647201538086,0.6846005916595459,0.00047658588349734827
640,0.10424092039465904,0.0905526876449585,0.2737646847963333,16.456523418426514,0.548277884721756,0.4196206331253052,4.752782821655273,285.6990051269531,0.18198150396347046,0.18198150396347046,0.6740488409996033,0.23522807657718658,0.11767806112766266,2.3510003089904785,141.32315063476562,0.6820728778839111,0.00047534897994786163
641,0.10573310032486916,0.09016646072268486,0.3113327622413635,18.71481418609619,0.546612024307251,0.43344396352767944,5.004797458648682,300.84808349609375,0.18320409953594208,0.18320409953594208,0.6772040128707886,0.23582178354263306,0.11815719306468964,2.3532917499542236,141.46090698242188,0.6820693016052246,0.000474112416700907
642,0.105257548391819,0.09035906940698624,0.2979695647954941,17.911527633666992,0.5458635687828064,0.4277980327606201,4.896574020385742,294.342529296875,0.182969331741333,0.182969331741333,0.676734447479248,0.21927668154239655,0.11813731491565704,2.02278733253479,121.59366607666016,0.6842029094696045,0.0004728762022317505
643,0.10592873767018318,0.09062841534614563,0.3060064911842346,18.39464235305786,0.5474327802658081,0.4174148440361023,4.728809356689453,284.25787353515625,0.18097436428070068,0.18097436428070068,0.6723929643630981,0.2268105447292328,0.11779773235321045,2.1802563667297363,131.05941772460938,0.6843594312667847,0.00047164034501326763
644,0.10696592181921005,0.09028986841440201,0.3335210829973221,20.04859733581543,0.5470595061779022,0.4175545573234558,4.718481540679932,283.63702392578125,0.18163049221038818,0.18163049221038818,0.6717244386672974,0.22501280903816223,0.11734843999147415,2.153287410736084,129.4382781982422,0.6823489665985107,0.00047040485351588547
645,0.1056797243654728,0.09025586023926735,0.3084772676229477,18.543163299560547,0.5468036830425262,0.43344739079475403,5.016693115234375,301.5631103515625,0.18261271715164185,0.18261271715164185,0.6763289570808411,0.22736358642578125,0.11842085421085358,2.178854465484619,130.9751434326172,0.6830681562423706,0.0004691697362075242
646,0.10671397671103477,0.09078147634863853,0.3186500519514084,19.15467071533203,0.5489439368247986,0.4217909872531891,4.771760940551758,286.8397521972656,0.18320293724536896,0.18320293724536896,0.6774949431419373,0.2247709333896637,0.1178780049085617,2.1378583908081055,128.51080322265625,0.6824349164962769,0.0004679350015535398
647,0.10510075464844704,0.09027574211359024,0.29650020599365234,17.823200225830078,0.546763151884079,0.4205728769302368,4.760548114776611,286.1657409667969,0.18254545331001282,0.18254545331001282,0.6741116046905518,0.22531428933143616,0.11780058592557907,2.1502740383148193,129.2571258544922,0.6830604672431946,0.000466700658016665
648,0.10427161678671837,0.09021798521280289,0.28107257187366486,16.8958158493042,0.545043408870697,0.43130773305892944,4.973479747772217,298.96551513671875,0.18263375759124756,0.18263375759124756,0.6750238537788391,0.2295575737953186,0.11894417554140091,2.2122678756713867,132.98370361328125,0.6862268447875977,0.0004654667140569526
649,0.10465244203805923,0.09038583934307098,0.2853320389986038,17.151859760284424,0.546715646982193,0.42965611815452576,4.905765056610107,294.8949890136719,0.18436786532402039,0.18436786532402039,0.6791285276412964,0.22425152361392975,0.11899592727422714,2.105111837387085,126.54232788085938,0.6865147948265076,0.00046423317813171607
650,0.10463618487119675,0.090499397367239,0.28273577988147736,16.995793342590332,0.5467466413974762,0.4250125288963318,4.825562000274658,290.0738830566406,0.1837344467639923,0.1837344467639923,0.6776195168495178,0.22962534427642822,0.11872109770774841,2.2180848121643066,133.3333740234375,0.68598872423172,0.0004630000586954727
651,0.10367126390337944,0.09020771086215973,0.2692710906267166,16.1864070892334,0.5456210076808929,0.42516106367111206,4.85516357421875,291.8532409667969,0.18240289390087128,0.18240289390087128,0.6750045418739319,0.22890469431877136,0.11800850182771683,2.217923641204834,133.3236846923828,0.6836708784103394,0.00046176736419988485
652,0.10437991470098495,0.09017833694815636,0.28403156995773315,17.07368803024292,0.5461807250976562,0.4235153794288635,4.825379848480225,290.06292724609375,0.1822463870048523,0.1822463870048523,0.674105167388916,0.2300160825252533,0.11767390370368958,2.2468435764312744,135.06210327148438,0.6825348138809204,0.0004605351030937026
653,0.10397173464298248,0.09012740477919579,0.27688658237457275,16.644188404083252,0.5461209267377853,0.4297766089439392,4.940060138702393,296.9566345214844,0.18277359008789062,0.18277359008789062,0.6757514476776123,0.2299099564552307,0.11817789077758789,2.2346410751342773,134.32859802246094,0.6839607954025269,0.00045930328382270556
654,0.10322671756148338,0.09031176567077637,0.2582990676164627,15.526855945587158,0.5466605126857758,0.43434208631515503,5.0256242752075195,302.0999755859375,0.18306085467338562,0.18306085467338562,0.6763159036636353,0.22963592410087585,0.1184195876121521,2.2243268489837646,133.7085723876953,0.6846357583999634,0.0004580719148296454
655,0.10303251445293427,0.09001129120588303,0.2604243978857994,15.654613018035889,0.5445672273635864,0.4273681044578552,4.883331298828125,293.5465087890625,0.18320155143737793,0.18320155143737793,0.6764662265777588,0.2303900569677353,0.11815421283245087,2.2447168827056885,134.93426513671875,0.6837531328201294,0.0004568410045541871
656,0.10295902192592621,0.08995065838098526,0.26016727089881897,15.639158248901367,0.5450907349586487,0.42601636052131653,4.8684468269348145,292.6517333984375,0.18259401619434357,0.18259401619434357,0.6753127574920654,0.23187659680843353,0.1177881583571434,2.281768798828125,137.1615447998047,0.6824843883514404,0.0004556105614328519
657,0.10262834653258324,0.09001545235514641,0.2522578686475754,15.163707256317139,0.545029878616333,0.4303903579711914,4.962942600250244,298.33209228515625,0.1822432279586792,0.1822432279586792,0.6752239465713501,0.23123493790626526,0.11773496121168137,2.2699995040893555,136.4540557861328,0.6821004748344421,0.00045438059389895887
658,0.10266875103116035,0.08994033560156822,0.25456827878952026,15.302591323852539,0.5448850691318512,0.43000006675720215,4.9380669593811035,296.8367919921875,0.1830967366695404,0.1830967366695404,0.6768722534179688,0.22937428951263428,0.1179673969745636,2.228137731552124,133.93768310546875,0.6827758550643921,0.00045315111038256816
659,0.10266942530870438,0.09005334973335266,0.2523215636610985,15.167536735534668,0.5455310642719269,0.42978349328041077,4.931515216827393,296.4429626464844,0.18320773541927338,0.18320773541927338,0.6771145462989807,0.23282390832901,0.11840744316577911,2.2883291244506836,137.55587768554688,0.6840296983718872,0.0004519221193104221
660,0.10275844857096672,0.09003102034330368,0.2545485347509384,15.301405906677246,0.5458610951900482,0.43149057030677795,4.961683750152588,298.25640869140625,0.18340638279914856,0.18340638279914856,0.6769598722457886,0.230663001537323,0.11832937598228455,2.2466726303100586,135.05181884765625,0.6837916970252991,0.0004506936291058878
661,0.10266365483403206,0.08993355929851532,0.25460196286439896,15.30461597442627,0.5452399700880051,0.4338532090187073,5.018653392791748,301.68096923828125,0.18292054533958435,0.18292054533958435,0.6766979694366455,0.23246395587921143,0.11772763729095459,2.2947261333465576,137.9404296875,0.6818767786026001,0.00044946564818889933
662,0.10253135487437248,0.08976498246192932,0.2553274631500244,15.348226547241211,0.5452618598937988,0.4341495633125305,5.019105911254883,301.7081298828125,0.18319424986839294,0.18319424986839294,0.6771692037582397,0.23273003101348877,0.1176946684718132,2.3007073402404785,138.29995727539062,0.6816552877426147,0.00044823818497590086
663,0.10349169000983238,0.09077433869242668,0.2543470039963722,15.289290428161621,0.5501398742198944,0.43667924404144287,5.073730945587158,304.9917907714844,0.18299268186092377,0.18299268186092377,0.6769675016403198,0.23141321539878845,0.11778189986944199,2.2726261615753174,136.61195373535156,0.6817746162414551,0.0004470112478797875
664,0.10322700440883636,0.0901382751762867,0.26177459955215454,15.735776424407959,0.5450835525989532,0.43794357776641846,5.105289459228516,306.8887939453125,0.18267907202243805,0.18267907202243805,0.6751502752304077,0.2302643358707428,0.11793111264705658,2.246664524078369,135.05136108398438,0.6828255653381348,0.0004457848453098487
665,0.1030094288289547,0.09018297865986824,0.2565290331840515,15.420456886291504,0.5459213852882385,0.42819100618362427,4.903270721435547,294.7450866699219,0.1830274760723114,0.1830274760723114,0.6769996881484985,0.23391741514205933,0.11816771328449249,2.3149940967559814,139.15875244140625,0.6834558248519897,0.0004445589856717107
666,0.10298441722989082,0.09020743146538734,0.25553973764181137,15.360987186431885,0.5472790449857712,0.4357057809829712,5.058878421783447,304.09893798828125,0.18276184797286987,0.18276184797286987,0.6758269667625427,0.23496046662330627,0.11818797886371613,2.335449695587158,140.38839721679688,0.6831342577934265,0.0004433336773672779
667,0.10281617939472198,0.08989270776510239,0.258469395339489,15.537095546722412,0.5442897975444794,0.4346923232078552,5.041836738586426,303.0745544433594,0.1826004534959793,0.1826004534959793,0.6752298474311829,0.23313361406326294,0.11822418123483658,2.2981884479522705,138.1485595703125,0.6837430000305176,0.00044210892879467634
668,0.10239121690392494,0.0895908735692501,0.2560068741440773,15.389068126678467,0.5435318052768707,0.42986929416656494,4.936984539031982,296.7716979980469,0.18302008509635925,0.18302008509635925,0.6763839721679688,0.2300579994916916,0.11840296536684036,2.233100652694702,134.23599243164062,0.6843509674072266,0.00044088474834819537
669,0.10251907259225845,0.08997135981917381,0.2509542778134346,15.085346221923828,0.5461744219064713,0.4338655173778534,5.015837669372559,301.5116882324219,0.18307363986968994,0.18307363986968994,0.6767903566360474,0.23390021920204163,0.11850152909755707,2.307973861694336,138.7367706298828,0.6839418411254883,0.0004396611444182309
670,0.10240336135029793,0.08983078971505165,0.2514514625072479,15.115233898162842,0.545089989900589,0.4316825866699219,4.976290225982666,299.1344299316406,0.182868093252182,0.182868093252182,0.6758010983467102,0.23287633061408997,0.11775565147399902,2.3024134635925293,138.40249633789062,0.6820274591445923,0.0004384381253912274
671,0.10202684625983238,0.0894736722111702,0.2510634735226631,15.091911792755127,0.5435022711753845,0.43515369296073914,5.036663055419922,302.7635803222656,0.1833205223083496,0.1833205223083496,0.6772735714912415,0.2291618287563324,0.11813344061374664,2.2205679416656494,133.4826202392578,0.6829049587249756,0.00043721569964962016
672,0.10250383242964745,0.08988848701119423,0.25230689346790314,15.166656494140625,0.5462490320205688,0.43607062101364136,5.054900169372559,303.85980224609375,0.1833256334066391,0.1833256334066391,0.6775611639022827,0.23044812679290771,0.11818115413188934,2.2453396320343018,134.97169494628906,0.6828007102012634,0.0004359938755717782
673,0.10298513993620872,0.09023388847708702,0.2550250142812729,15.3300461769104,0.5459418296813965,0.437477171421051,5.099742889404297,306.55535888671875,0.1824900060892105,0.1824900060892105,0.6746610403060913,0.23266389966011047,0.11784006655216217,2.2964766025543213,138.04566955566406,0.6826928853988647,0.00043477266153194727
674,0.10214987024664879,0.08926837891340256,0.2576298117637634,15.486626148223877,0.5427686274051666,0.43596896529197693,5.055751323699951,303.9110107421875,0.18318140506744385,0.18318140506744385,0.6771662831306458,0.23126208782196045,0.11817507445812225,2.261740207672119,135.9575958251953,0.6832295060157776,0.0004335520659001914
675,0.10217693820595741,0.08958994224667549,0.251739963889122,15.132575511932373,0.5449798703193665,0.4361034035682678,5.0556559562683105,303.9052734375,0.18332061171531677,0.18332061171531677,0.6778573989868164,0.23427124321460724,0.11822988092899323,2.3208272457122803,139.50941467285156,0.6829929947853088,0.0004323320970423364
676,0.10222753509879112,0.08973314613103867,0.24988782405853271,15.021240711212158,0.545060858130455,0.4375251233577728,5.094036102294922,306.21234130859375,0.1828233003616333,0.1828233003616333,0.6759756803512573,0.23392850160598755,0.1177801787853241,2.3229665756225586,139.63800048828125,0.6818413734436035,0.0004311127633199125
677,0.10208092629909515,0.08950677514076233,0.2514830306172371,15.11713171005249,0.5446466505527496,0.43874141573905945,5.121933460235596,307.8893127441406,0.18264472484588623,0.18264472484588623,0.6760900020599365,0.23265954852104187,0.11791588366031647,2.2948734760284424,137.9492645263672,0.6821928024291992,0.0004298940730900963
678,0.102118369191885,0.08950552344322205,0.25225691497325897,15.16365098953247,0.5450754463672638,0.43765681982040405,5.095954418182373,306.3276672363281,0.18285909295082092,0.18285909295082092,0.6762288808822632,0.23262065649032593,0.11828504502773285,2.286712169647217,137.45867919921875,0.6834521293640137,0.00042867603470565405
679,0.1021283008158207,0.08954425528645515,0.251680925488472,15.129027843475342,0.5450185686349869,0.4361802339553833,5.071447849273682,304.8545227050781,0.18260782957077026,0.18260782957077026,0.675822377204895,0.23367992043495178,0.11770163476467133,2.319565534591675,139.43357849121094,0.6822378635406494,0.00042745865651488453
680,0.10249000042676926,0.08929025754332542,0.26399487257003784,15.869242191314697,0.5442337095737457,0.4394402503967285,5.140555381774902,309.0087585449219,0.18241247534751892,0.18241247534751892,0.6755200028419495,0.2360188513994217,0.11779887974262238,2.3643994331359863,142.12860107421875,0.6824414730072021,0.0004262419468615617
681,0.10222792625427246,0.08937612920999527,0.2570359408855438,15.450928211212158,0.5439853519201279,0.4362533688545227,5.064399242401123,304.4308166503906,0.18303342163562775,0.18303342163562775,0.6767937541007996,0.2369224727153778,0.11849910020828247,2.368467330932617,142.37315368652344,0.6840088367462158,0.00042502591408487733
682,0.10272140800952911,0.08961140364408493,0.2622000351548195,15.761351108551025,0.5446973741054535,0.4320148527622223,4.987225532531738,299.7917785644531,0.18265357613563538,0.18265357613563538,0.6754230260848999,0.23731225728988647,0.11806382238864899,2.3849685192108154,143.3650665283203,0.6833504438400269,0.0004238105665193837
683,0.10361062735319138,0.08921454101800919,0.287921741604805,17.30753231048584,0.5436157584190369,0.44453588128089905,5.225678443908691,314.1256408691406,0.18325194716453552,0.18325194716453552,0.676902174949646,0.22847053408622742,0.11798687279224396,2.2096731662750244,132.82772827148438,0.6824249029159546,0.00042259591249493687
684,0.10321371629834175,0.08936028927564621,0.27706851065158844,16.655124187469482,0.5448999255895615,0.4430178999900818,5.218876361846924,313.71673583984375,0.18207406997680664,0.18207406997680664,0.675597071647644,0.24149492383003235,0.11832047253847122,2.463488817214966,148.08509826660156,0.6829290390014648,0.00042138196033663977
685,0.10276046395301819,0.08942044898867607,0.26680026203393936,16.037879943847656,0.5453484654426575,0.43290451169013977,5.00842809677124,301.0663146972656,0.18248310685157776,0.18248310685157776,0.6746021509170532,0.23753580451011658,0.11787242442369461,2.3932673931121826,143.86392211914062,0.6829413175582886,0.00042016871836478455
686,0.10312070325016975,0.08913262188434601,0.2797616422176361,16.81701374053955,0.5435739755630493,0.44558459520339966,5.258670330047607,316.10882568359375,0.1826510727405548,0.1826510727405548,0.6758899092674255,0.2326411008834839,0.1184409111738205,2.284003734588623,137.29588317871094,0.6840800046920776,0.00041895619489479557
687,0.10333411395549774,0.08914665132761002,0.2837492674589157,17.05671787261963,0.5440734028816223,0.43902119994163513,5.117709636688232,307.6353759765625,0.1831357181072235,0.1831357181072235,0.6769406199455261,0.23224687576293945,0.11853291094303131,2.2742793560028076,136.71133422851562,0.6841660737991333,0.00041774439823717333
688,0.10244820639491081,0.0893564224243164,0.26183561235666275,15.739444732666016,0.5454241931438446,0.43353262543678284,5.004082679748535,300.8050842285156,0.18332847952842712,0.18332847952842712,0.6768333315849304,0.23609626293182373,0.11835336685180664,2.354857921600342,141.5550537109375,0.6838828325271606,0.0004165333366974361
689,0.10322700440883636,0.08928702026605606,0.2787996381521225,16.75918483734131,0.5441440641880035,0.44733819365501404,5.295344829559326,318.3134460449219,0.1825709342956543,0.1825709342956543,0.6755207180976868,0.2330804020166397,0.11820971965789795,2.2974135875701904,138.10195922851562,0.6832123398780823,0.0004153230185760642
690,0.10287776961922646,0.08937044069170952,0.27014661580324173,16.239035606384277,0.5441793203353882,0.4433106780052185,5.212020397186279,313.30462646484375,0.1827096790075302,0.1827096790075302,0.676546037197113,0.22900056838989258,0.11799958348274231,2.220019578933716,133.4496612548828,0.6828840970993042,0.0004141134521684424
691,0.10207649320363998,0.08927798271179199,0.2559702470898628,15.386866092681885,0.5440340340137482,0.437542587518692,5.0935282707214355,306.1818542480469,0.1828661561012268,0.1828661561012268,0.676311194896698,0.24125775694847107,0.11811909079551697,2.462773323059082,148.04205322265625,0.6830785274505615,0.00041290464576480373
692,0.1025787852704525,0.08888625353574753,0.27385062724351883,16.461689949035645,0.5421977639198303,0.4432067275047302,5.196455478668213,312.36895751953125,0.18338392674922943,0.18338392674922943,0.6767916679382324,0.2367831915616989,0.11837359517812729,2.368191957473755,142.35658264160156,0.6838104128837585,0.00041169660765017174
693,0.10244135558605194,0.0893593579530716,0.2616399824619293,15.727685451507568,0.5434935688972473,0.4473048448562622,5.30458402633667,318.8688049316406,0.18207566440105438,0.18207566440105438,0.6749742031097412,0.23560313880443573,0.11846538633108139,2.342755079269409,140.82752990722656,0.6843416690826416,0.0004104893461043044
694,0.10210920497775078,0.08924110606312752,0.25736190378665924,15.470522403717041,0.5437516868114471,0.4410834014415741,5.168806552886963,310.70697021484375,0.18264305591583252,0.18264305591583252,0.6752780675888062,0.23014116287231445,0.11803524196147919,2.2421185970306396,134.77809143066406,0.6833471059799194,0.0004092828694016369
695,0.1019514799118042,0.0892171859741211,0.2546858936548233,15.309662342071533,0.5439665913581848,0.4414484202861786,5.170206069946289,310.79107666015625,0.1829380989074707,0.1829380989074707,0.6763010621070862,0.23527932167053223,0.11806032806634903,2.3443799018859863,140.92520141601562,0.6823140382766724,0.0004080771858112259
696,0.10222946479916573,0.08914455771446228,0.2616981565952301,15.731181144714355,0.5431461334228516,0.4452221393585205,5.253216743469238,315.7810363769531,0.18256130814552307,0.18256130814552307,0.6755028367042542,0.23524905741214752,0.11793935298919678,2.34619402885437,141.03424072265625,0.6822078824043274,0.0004068723035966917
697,0.10201483592391014,0.08945892751216888,0.25111814588308334,15.095197200775146,0.54468834400177,0.44279056787490845,5.2012810707092285,312.6590576171875,0.18272650241851807,0.18272650241851807,0.6759592294692993,0.22887273132801056,0.11740268766880035,2.229400873184204,134.01361083984375,0.6812395453453064,0.00040566823101616164
698,0.10166989639401436,0.08917391672730446,0.2499196082353592,15.023151874542236,0.544628769159317,0.4467414617538452,5.286406517028809,317.776123046875,0.18242110311985016,0.18242110311985016,0.6754953861236572,0.2384798228740692,0.11761355400085449,2.417325496673584,145.3101043701172,0.6810134649276733,0.00040446497632221496
699,0.1019139252603054,0.08924996480345726,0.2532791718840599,15.225099563598633,0.5438554286956787,0.44629669189453125,5.269477367401123,316.75848388671875,0.1828228235244751,0.1828228235244751,0.6762800812721252,0.23766474425792694,0.11784297972917557,2.396435260772705,144.05435180664062,0.6821144819259644,0.00040326254776182433
700,0.10150681808590889,0.08901891484856606,0.2497580721974373,15.013440132141113,0.5439128875732422,0.4450494050979614,5.256573677062988,315.9828186035156,0.18222074210643768,0.18222074210643768,0.6753095388412476,0.23765872418880463,0.11798946559429169,2.393385171890259,143.87100219726562,0.6833562850952148,0.00040206095357630037
701,0.10156340524554253,0.08901584893465042,0.2509511709213257,15.085160255432129,0.5441138744354248,0.4470432996749878,5.287760257720947,317.85748291015625,0.18265528976917267,0.18265528976917267,0.6752222180366516,0.23326140642166138,0.11790882050991058,2.30705189704895,138.68133544921875,0.6832411289215088,0.0004008602020012351
702,0.10150892287492752,0.0888555683195591,0.25306713581085205,15.212355136871338,0.5429662466049194,0.4500003457069397,5.3446855545043945,321.27935791015625,0.18276605010032654,0.18276605010032654,0.6756224632263184,0.23885872960090637,0.11801700294017792,2.4168343544006348,145.28057861328125,0.6824153661727905,0.0003996603012664456
703,0.10177359730005264,0.0889560729265213,0.2563505247235298,15.409725189208984,0.5422342717647552,0.447701096534729,5.296281337738037,318.3697204589844,0.1828870326280594,0.1828870326280594,0.6760024428367615,0.24012145400047302,0.11848387122154236,2.432751417160034,146.23736572265625,0.6836859583854675,0.000398461259595917
704,0.10142988711595535,0.08900550380349159,0.2484877109527588,14.937077045440674,0.5425194799900055,0.4490513801574707,5.326130390167236,320.16400146484375,0.1827448606491089,0.1827448606491089,0.6756742596626282,0.23543593287467957,0.11821213364601135,2.3444759845733643,140.93096923828125,0.6835047006607056,0.00039726308520774664
705,0.10151912644505501,0.08888381719589233,0.25270622223615646,15.190659046173096,0.5427271127700806,0.44997087121009827,5.349524974822998,321.5703125,0.1824946105480194,0.1824946105480194,0.6755203604698181,0.23899807035923004,0.11791770905256271,2.421607255935669,145.56748962402344,0.6823781728744507,0.00039606578631408743
706,0.10191353783011436,0.08915843814611435,0.2551019415259361,15.334670066833496,0.5425050556659698,0.44870707392692566,5.321415424346924,319.8805847167969,0.1826362907886505,0.1826362907886505,0.6752555966377258,0.24168995022773743,0.11795760691165924,2.474647045135498,148.7558135986328,0.6821171045303345,0.00039486937112109225
707,0.10149874910712242,0.08890942484140396,0.2517864853143692,15.135372638702393,0.5424419045448303,0.44816136360168457,5.302923679351807,318.76898193359375,0.1830151528120041,0.1830151528120041,0.6768068671226501,0.23621809482574463,0.11789385974407196,2.3664846420288086,142.25396728515625,0.6820241808891296,0.00039367384782885685
708,0.10168744996190071,0.08914364129304886,0.25087618082761765,15.080651760101318,0.543896496295929,0.4549141526222229,5.440533638000488,327.041015625,0.1828874796628952,0.1828874796628952,0.675888180732727,0.23328998684883118,0.11803510040044785,2.305097818374634,138.56390380859375,0.6830365061759949,0.0003924792246313637
709,0.10156844183802605,0.08873798325657845,0.25660914927721024,15.425271987915039,0.5418180823326111,0.44925254583358765,5.337763786315918,320.86328125,0.1823643445968628,0.1823643445968628,0.6748478412628174,0.23867103457450867,0.1182158887386322,2.4091029167175293,144.81582641601562,0.684063196182251,0.00039128550971642684
710,0.10148092359304428,0.08895376324653625,0.2505432367324829,15.060638427734375,0.5438487231731415,0.4440678358078003,5.227538108825684,314.2373962402344,0.18269093334674835,0.18269093334674835,0.6757468581199646,0.24213063716888428,0.11790197342634201,2.4845733642578125,149.35252380371094,0.6826107501983643,0.0003900927112656345
711,0.10135482624173164,0.08871360123157501,0.2528245449066162,15.19777250289917,0.5427831709384918,0.4554910659790039,5.460748672485352,328.2561950683594,0.18245363235473633,0.18245363235473633,0.6753932237625122,0.24149402976036072,0.11783531308174133,2.4731740951538086,148.66726684570312,0.6818889379501343,0.0003889008374542935
712,0.10209470987319946,0.08907720074057579,0.26035016775131226,15.650151252746582,0.5434906482696533,0.45130452513694763,5.372373580932617,322.9437255859375,0.18268585205078125,0.18268585205078125,0.675227701663971,0.23732729256153107,0.11814278364181519,2.383690118789673,143.28823852539062,0.6831983327865601,0.00038770989645137355
713,0.10114721953868866,0.08867848291993141,0.24937476217746735,14.990399360656738,0.5418033003807068,0.4435911178588867,5.22619104385376,314.1564025878906,0.18228155374526978,0.18228155374526978,0.6749192476272583,0.24149659276008606,0.11819811910390854,2.4659693241119385,148.2341766357422,0.6834865212440491,0.0003865198964194513
714,0.10189149901270866,0.08896250277757645,0.25857993215322495,15.543739795684814,0.5439298152923584,0.4492122530937195,5.327486515045166,320.2455139160156,0.18283791840076447,0.18283791840076447,0.6762010455131531,0.23917600512504578,0.1178404912352562,2.426710367202759,145.87423706054688,0.6818152666091919,0.0003853308455146533
715,0.10128460451960564,0.08854497224092484,0.25479264557361603,15.316078186035156,0.5413517653942108,0.4566504955291748,5.47772216796875,329.2764587402344,0.18276436626911163,0.18276436626911163,0.6755257248878479,0.24175530672073364,0.11785787343978882,2.4779486656188965,148.95428466796875,0.6818006038665771,0.0003841427518866014
716,0.10127102211117744,0.08840378373861313,0.2573448047041893,15.46949291229248,0.5410454869270325,0.4505147337913513,5.366332054138184,322.5805969238281,0.18219813704490662,0.18219813704490662,0.6743345260620117,0.24113498628139496,0.11807244271039963,2.4612507820129395,147.95054626464844,0.6832760572433472,0.00038295562367835655
717,0.10166778042912483,0.08880843967199326,0.2571868598461151,15.459999561309814,0.5433351993560791,0.45292866230010986,5.418900012969971,325.74053955078125,0.18198364973068237,0.18198364973068237,0.6741299629211426,0.239736869931221,0.1182255744934082,2.4302258491516113,146.0855712890625,0.6838175654411316,0.00038176946902636225
718,0.10141763091087341,0.08880186825990677,0.2523152530193329,15.167157173156738,0.5431746244430542,0.4529048204421997,5.414148330688477,325.45489501953125,0.18219739198684692,0.18219739198684692,0.6746068000793457,0.24153423309326172,0.11833156645298004,2.464053153991699,148.11900329589844,0.6839159727096558,0.00038058429606038985
719,0.10110056027770042,0.08851542323827744,0.2517027035355568,15.130334854125977,0.5416302680969238,0.44571465253829956,5.256012439727783,315.9490966796875,0.18291400372982025,0.18291400372982025,0.6762265563011169,0.24117082357406616,0.1183079332113266,2.4572579860687256,147.7105255126953,0.6838443875312805,0.000379400112903482
720,0.10117095708847046,0.08855322748422623,0.25235458463430405,15.169521808624268,0.5426457524299622,0.4545074701309204,5.439752578735352,326.9940490722656,0.1825198084115982,0.1825198084115982,0.675481915473938,0.24290384352207184,0.1182110458612442,2.4938559532165527,149.91049194335938,0.6830568909645081,0.0003782169276718977
721,0.10131704434752464,0.08860459178686142,0.25424910336732864,15.28340482711792,0.5428865849971771,0.4603435695171356,5.5564985275268555,334.0118408203125,0.1825186312198639,0.1825186312198639,0.6747668385505676,0.2396492063999176,0.11781787872314453,2.436626672744751,146.4703369140625,0.6822832822799683,0.00037703474847505596
722,0.10096757113933563,0.08829351514577866,0.2534811198711395,15.237237930297852,0.5415828227996826,0.4544227421283722,5.447878360748291,327.48248291015625,0.18202883005142212,0.18202883005142212,0.6743994951248169,0.24165913462638855,0.11798727512359619,2.4734370708465576,148.68309020996094,0.683269739151001,0.0003758535834154804
723,0.10120239481329918,0.0885816179215908,0.2524155527353287,15.173187732696533,0.5427237153053284,0.4502333402633667,5.350663661956787,321.63873291015625,0.18270017206668854,0.18270017206668854,0.6757370233535767,0.2379671037197113,0.11814184486865997,2.396505117416382,144.05856323242188,0.6834458112716675,0.00037467344058874426
724,0.10108278319239616,0.08861973509192467,0.24926097691059113,14.983560562133789,0.542620986700058,0.4572540819644928,5.501183986663818,330.686767578125,0.18219488859176636,0.18219488859176636,0.6746755242347717,0.24464045464992523,0.11824172735214233,2.5279746055603027,151.96144104003906,0.6831706166267395,0.0003734943280834145
725,0.10100916400551796,0.08837719261646271,0.25263940542936325,15.186641693115234,0.5411654412746429,0.45184147357940674,5.392422199249268,324.1489562988281,0.18222036957740784,0.18222036957740784,0.6741924285888672,0.24041998386383057,0.11771218478679657,2.4541561603546143,147.52407836914062,0.6821631193161011,0.00037231625398099604
726,0.1008986048400402,0.0883740670979023,0.250490702688694,15.057480335235596,0.5413699150085449,0.4547392725944519,5.451775550842285,327.7167663574219,0.18215049803256989,0.18215049803256989,0.6747535467147827,0.24623292684555054,0.11816492676734924,2.5613598823547363,153.96829223632812,0.6831618547439575,0.00037113922635587674
727,0.1007370688021183,0.08833548426628113,0.2480316311120987,14.909661293029785,0.541677713394165,0.4572224020957947,5.4879865646362305,329.8935241699219,0.1828230619430542,0.1828230619430542,0.675926923751831,0.24268019199371338,0.11840157210826874,2.485572576522827,149.41258239746094,0.6836212873458862,0.00036996325327527245
728,0.10086202621459961,0.08852304890751839,0.24677959084510803,14.834397792816162,0.5419535636901855,0.4579623341560364,5.510544300079346,331.24945068359375,0.18243512511253357,0.18243512511253357,0.675106406211853,0.24228817224502563,0.11810857057571411,2.4835920333862305,149.29351806640625,0.6830117106437683,0.0003687883427991707
729,0.10057635232806206,0.0882318876683712,0.24688929319381714,14.840993404388428,0.5412500202655792,0.4597212076187134,5.55130672454834,333.6998291015625,0.18215587735176086,0.18215587735176086,0.6743184328079224,0.2455776035785675,0.11822448670864105,2.547062397003174,153.1088409423828,0.683539628982544,0.0003676145029802766
730,0.10091185569763184,0.08846241235733032,0.24898890405893326,14.967204570770264,0.5417133867740631,0.45806750655174255,5.5102105140686035,331.22943115234375,0.18255698680877686,0.18255698680877686,0.6751759648323059,0.24357855319976807,0.11841567605733871,2.5032572746276855,150.4756317138672,0.6841548681259155,0.0003664417418639565
731,0.10042870044708252,0.0882231704890728,0.2441105917096138,14.673959732055664,0.5407626628875732,0.4561680555343628,5.4714226722717285,328.8977966308594,0.18259692192077637,0.18259692192077637,0.6758081912994385,0.24544858932495117,0.11839205771684647,2.541130781173706,152.75228881835938,0.6839591264724731,0.00036527006748818426
732,0.10105352848768234,0.08863790333271027,0.2483125403523445,14.926547527313232,0.5426556468009949,0.4567711651325226,5.477372169494629,329.2554016113281,0.18290254473686218,0.18290254473686218,0.6756308078765869,0.2438746690750122,0.11848770081996918,2.507739305496216,150.74505615234375,0.6840479373931885,0.0003640994878834844
733,0.10048434138298035,0.08816011250019073,0.24648457765579224,14.816664218902588,0.5406795740127563,0.4592319130897522,5.532744407653809,332.58392333984375,0.18259470164775848,0.18259470164775848,0.6756811738014221,0.24714183807373047,0.11866524070501328,2.5695321559906006,154.4595489501953,0.6839765310287476,0.00036293001107287875
734,0.10053928196430206,0.08826075121760368,0.24557065218687057,14.76172685623169,0.5415131747722626,0.46013250946998596,5.555450439453125,333.9488830566406,0.1823599934577942,0.1823599934577942,0.6748422384262085,0.24454419314861298,0.11798030138015747,2.531277894973755,152.1599884033203,0.682214617729187,0.0003617616450718302
735,0.10055555030703545,0.0882212296128273,0.2466864436864853,14.8287992477417,0.5411953628063202,0.463553786277771,5.61810827255249,337.7153625488281,0.18264836072921753,0.18264836072921753,0.675477147102356,0.24774964153766632,0.11845873296260834,2.58581805229187,155.43850708007812,0.6832990646362305,0.0003605943978881887
736,0.10042911022901535,0.08806244656443596,0.24733327329158783,14.867681980133057,0.5410547852516174,0.45827993750572205,5.5096635818481445,331.196533203125,0.18279674649238586,0.18279674649238586,0.6762304902076721,0.2464427649974823,0.11870156228542328,2.554823875427246,153.5753936767578,0.6845570802688599,0.0003594282775221357
737,0.1005178838968277,0.08826084062457085,0.24514082819223404,14.735889434814453,0.5420632213354111,0.46068689227104187,5.567482948303223,334.67218017578125,0.1823127269744873,0.1823127269744873,0.6749239563941956,0.24581226706504822,0.11812565475702286,2.553731918334961,153.509765625,0.6835223436355591,0.00035826329196612944
738,0.10052201524376869,0.08808790519833565,0.2486821860074997,14.948768138885498,0.5410663783550262,0.4629293382167816,5.614941596984863,337.5249938964844,0.18218225240707397,0.18218225240707397,0.6745819449424744,0.24720948934555054,0.11782452464103699,2.5876991748809814,155.5515899658203,0.6823426485061646,0.0003570994492048507
739,0.10026822611689568,0.08793852478265762,0.24659401923418045,14.823243141174316,0.5403818190097809,0.46336591243743896,5.616812705993652,337.637451171875,0.18252527713775635,0.18252527713775635,0.6754516363143921,0.2481963038444519,0.11802472174167633,2.603431463241577,156.49729919433594,0.6823991537094116,0.00035593675721514747
740,0.10032527521252632,0.08802442997694016,0.2460169494152069,14.788554191589355,0.5410942435264587,0.4616626501083374,5.58465051651001,335.7041015625,0.18243011832237244,0.18243011832237244,0.6753968596458435,0.24885784089565277,0.11830514669418335,2.611053943634033,156.95550537109375,0.6833716630935669,0.00035477522396598035
741,0.10036388412117958,0.08809715509414673,0.24533457309007645,14.747535705566406,0.5414619743824005,0.4593687355518341,5.547505855560303,333.4713134765625,0.18199342489242554,0.18199342489242554,0.674024224281311,0.2476414144039154,0.11792786419391632,2.594270944595337,155.94662475585938,0.6826140880584717,0.000353614857418368
742,0.10026413947343826,0.08803381398320198,0.24460654705762863,14.70377254486084,0.5409824699163437,0.46404513716697693,5.642740249633789,339.19598388671875,0.18190813064575195,0.18190813064575195,0.6738876700401306,0.25093838572502136,0.11804869025945663,2.6577939987182617,159.76513671875,0.682526171207428,0.0003524556655253332
743,0.10050492733716965,0.08806517720222473,0.24879498779773712,14.955546855926514,0.5407073795795441,0.463055282831192,5.607458591461182,337.0751647949219,0.1826823353767395,0.1826823353767395,0.6752933263778687,0.24926519393920898,0.11843331158161163,2.616637706756592,157.29115295410156,0.6836307048797607,0.00035129765623184706
744,0.10014014691114426,0.08799498155713081,0.24290329217910767,14.601387023925781,0.5408353507518768,0.4611210823059082,5.565169811248779,334.53314208984375,0.18286259472370148,0.18286259472370148,0.6758285164833069,0.24773630499839783,0.11849197745323181,2.5848865509033203,155.38250732421875,0.6840599775314331,0.000350140837474776
745,0.10031389445066452,0.08800098299980164,0.24625816941261292,14.80305528640747,0.5411475002765656,0.4658401608467102,5.661133766174316,340.30169677734375,0.18278345465660095,0.18278345465660095,0.6757895350456238,0.24763616919517517,0.11825878918170929,2.587547540664673,155.54246520996094,0.683061957359314,0.00034898521718282566
746,0.10023516044020653,0.08797695487737656,0.24516408890485764,14.737287998199463,0.5409030616283417,0.4682914614677429,5.712347030639648,343.3802185058594,0.1826740950345993,0.1826740950345993,0.6756225228309631,0.25125735998153687,0.11801770329475403,2.664792776107788,160.18585205078125,0.6820684671401978,0.0003478308032764887
747,0.10061346739530563,0.0879574567079544,0.25312015414237976,15.215541362762451,0.5401663482189178,0.4656359553337097,5.667181491851807,340.6652526855469,0.1822768747806549,0.1822768747806549,0.6746859550476074,0.2514842450618744,0.11815827339887619,2.6665196418762207,160.28965759277344,0.6831665635108948,0.0003466776036679885
748,0.10022138059139252,0.08794767409563065,0.24547412246465683,14.755922317504883,0.5409100949764252,0.46202629804611206,5.584299087524414,335.68304443359375,0.18281134963035583,0.18281134963035583,0.676140308380127,0.2472335696220398,0.11854858696460724,2.573699712753296,154.71006774902344,0.6844722032546997,0.000345525626261226
749,0.10051150247454643,0.08823515847325325,0.24552685767412186,14.759094715118408,0.5422738790512085,0.46678659319877625,5.680306434631348,341.45416259765625,0.18277126550674438,0.18277126550674438,0.6754993200302124,0.24830974638462067,0.11857357621192932,2.5947232246398926,155.9738311767578,0.6839945316314697,0.0003443748789517256
750,0.10031479597091675,0.08790047094225883,0.24828653037548065,14.924983501434326,0.5409933030605316,0.46549248695373535,5.665200233459473,340.546142578125,0.18223246932029724,0.18223246932029724,0.674700140953064,0.25109031796455383,0.11822603642940521,2.657285690307617,159.7345733642578,0.6826538443565369,0.00034322536962658033
751,0.10015666857361794,0.08778946101665497,0.24734412133693695,14.86833381652832,0.5403496623039246,0.461329847574234,5.586520671844482,335.8165283203125,0.18200379610061646,0.18200379610061646,0.6737775206565857,0.24847155809402466,0.11784014105796814,2.612628221511841,157.05014038085938,0.6818623542785645,0.0003420771061643985
752,0.10019416362047195,0.08786188066005707,0.24664562940597534,14.826345920562744,0.540176510810852,0.46989914774894714,5.749230861663818,345.5973815917969,0.18243759870529175,0.18243759870529175,0.674892783164978,0.24784332513809204,0.11838479340076447,2.5891706943511963,155.64004516601562,0.6831942796707153,0.0003409300964352491
753,0.10057540610432625,0.08805060014128685,0.25049617141485214,15.05780839920044,0.5422671884298325,0.4679294228553772,5.695859909057617,342.3891296386719,0.18313643336296082,0.18313643336296082,0.676749587059021,0.2509766221046448,0.11851315200328827,2.6492691040039062,159.25270080566406,0.6834012269973755,0.00033978434830060866
754,0.10034674778580666,0.08791124820709229,0.2487100139260292,14.950440406799316,0.540951281785965,0.4695475697517395,5.735326766967773,344.7615966796875,0.18278123438358307,0.18278123438358307,0.6758500337600708,0.25466254353523254,0.1184149831533432,2.7249512672424316,163.80209350585938,0.6832014918327332,0.00033863986961330634
755,0.10020488873124123,0.08781090378761292,0.24787969142198563,14.900527477264404,0.5402449369430542,0.4678246080875397,5.714315891265869,343.4986267089844,0.1821088194847107,0.1821088194847107,0.6743985414505005,0.2524520754814148,0.11809408664703369,2.687159538269043,161.53038024902344,0.682809591293335,0.0003374966682174711
756,0.09998587891459465,0.0877348929643631,0.24501971900463104,14.728608131408691,0.5397723913192749,0.4674835503101349,5.697292804718018,342.4753112792969,0.1826189160346985,0.1826189160346985,0.6747369766235352,0.24745477735996246,0.11812332272529602,2.5866289138793945,155.4872589111328,0.6830813884735107,0.00033635475194847714
757,0.1002543568611145,0.08780570328235626,0.2489730417728424,14.966251373291016,0.5408694744110107,0.46969711780548096,5.7436418533325195,345.26141357421875,0.18251504004001617,0.18251504004001617,0.675570011138916,0.2528134882450104,0.1185760423541069,2.684749126434326,161.38546752929688,0.6838962435722351,0.00033521412863289103
758,0.1001754105091095,0.0878397636115551,0.24671294540166855,14.830392360687256,0.5412162691354752,0.4677773714065552,5.700468063354492,342.6661376953125,0.18275395035743713,0.18275395035743713,0.6754928827285767,0.253225713968277,0.11837455630302429,2.6970231533050537,162.12327575683594,0.6835535764694214,0.000334074806088417
759,0.09984806552529335,0.08767512068152428,0.24345888197422028,14.63478422164917,0.5398847460746765,0.4684816598892212,5.7248640060424805,344.1326904296875,0.18223845958709717,0.18223845958709717,0.6747351884841919,0.2548811435699463,0.11813213676214218,2.734980344772339,164.40496826171875,0.6827737092971802,0.0003329367921238441
760,0.09994249418377876,0.08775448799133301,0.2437600940465927,14.6528902053833,0.5400190055370331,0.4710460603237152,5.769898414611816,346.8397521972656,0.18255114555358887,0.18255114555358887,0.675082802772522,0.2521032691001892,0.1179669052362442,2.682727575302124,161.26394653320312,0.6822081804275513,0.00033180009453899283
761,0.10000503063201904,0.08772392943501472,0.24562200158834457,14.764813423156738,0.5400824695825577,0.4713069200515747,5.773102760314941,347.0323486328125,0.1826518028974533,0.1826518028974533,0.6753597855567932,0.2548970878124237,0.11831271648406982,2.731687307357788,164.20701599121094,0.6832551956176758,0.0003306647211246612
762,0.0999179556965828,0.08776366710662842,0.24308574944734573,14.612354278564453,0.5410813093185425,0.4699785113334656,5.750362873077393,345.66546630859375,0.18246035277843475,0.18246035277843475,0.6749616861343384,0.25275593996047974,0.1179981678724289,2.695155143737793,162.01097106933594,0.6824721097946167,0.0003295306796625715
763,0.1002766415476799,0.08808832243084908,0.24376634508371353,14.653266429901123,0.5424720346927643,0.47224435210227966,5.798447132110596,348.5558776855469,0.18232199549674988,0.18232199549674988,0.6748097538948059,0.2524411082267761,0.11782695353031158,2.6922831535339355,161.83834838867188,0.6819378137588501,0.00032839797792531654
764,0.09982912614941597,0.0875658467411995,0.2452656254172325,14.743391036987305,0.5395083427429199,0.4728752672672272,5.814706802368164,349.53326416015625,0.18213993310928345,0.18213993310928345,0.6742185354232788,0.2580726742744446,0.11810663342475891,2.799321174621582,168.27259826660156,0.6824982762336731,0.0003272666236763076
765,0.09977180883288383,0.08759157359600067,0.24360468238592148,14.643547534942627,0.5395504534244537,0.4705677926540375,5.757065296173096,346.068359375,0.1827145218849182,0.1827145218849182,0.6755974292755127,0.25816190242767334,0.11852318048477173,2.7927746772766113,167.8790740966797,0.6835711002349854,0.0003261366246697199
766,0.09995480254292488,0.0877060666680336,0.24497465044260025,14.725900650024414,0.539911538362503,0.47208401560783386,5.792256832122803,348.1837158203125,0.1824711561203003,0.1824711561203003,0.6747379302978516,0.25615203380584717,0.11849591135978699,2.753122329711914,165.4954833984375,0.6839476227760315,0.00032500798865044015
767,0.0997621901333332,0.08757809922099113,0.24368178844451904,14.648184299468994,0.5394433438777924,0.4749729037284851,5.85101842880249,351.7160339355469,0.1824219673871994,0.1824219673871994,0.6748108267784119,0.25344228744506836,0.11838111281394958,2.701223373413086,162.37574768066406,0.683573305606842,0.00032388072335401294
768,0.10012735426425934,0.08757472783327103,0.25105250626802444,15.091251373291016,0.5395141243934631,0.4713872969150543,5.782029151916504,347.5689697265625,0.1822858452796936,0.1822858452796936,0.6743577718734741,0.25728940963745117,0.1183881014585495,2.7780263423919678,166.99253845214844,0.6837074756622314,0.00032275483650658863
769,0.10005083680152893,0.08764593303203583,0.24809806793928146,14.913654804229736,0.539162814617157,0.47022950649261475,5.750457763671875,345.671142578125,0.18270662426948547,0.18270662426948547,0.6752398014068604,0.2583774924278259,0.11853700876235962,2.796809673309326,168.12164306640625,0.6838287115097046,0.0003216303358248698
770,0.09984205663204193,0.08754480257630348,0.2459450662136078,14.784233093261719,0.5394801497459412,0.4759773015975952,5.86245059967041,352.4032287597656,0.1828547716140747,0.1828547716140747,0.67613685131073,0.2524881362915039,0.11835947632789612,2.682573080062866,161.25465393066406,0.6828626990318298,0.0003205072290160579
771,0.10045429691672325,0.08785054087638855,0.25207510590553284,15.152720928192139,0.5414080321788788,0.4751982092857361,5.842560768127441,351.2076416015625,0.18307015299797058,0.18307015299797058,0.6765061616897583,0.25448107719421387,0.11816602200269699,2.7263009548187256,163.88323974609375,0.6825268268585205,0.00031938552377780156
772,0.09961263835430145,0.08740418031811714,0.24416914582252502,14.67747974395752,0.5394494831562042,0.47844937443733215,5.929558277130127,356.43719482421875,0.1819714605808258,0.1819714605808258,0.673888623714447,0.2622387409210205,0.11789709329605103,2.8868327140808105,173.53309631347656,0.6819802522659302,0.0003182652277981427
773,0.09997464716434479,0.0874515101313591,0.2504627928137779,15.055802345275879,0.5391082167625427,0.4759824573993683,5.869566440582275,352.8309631347656,0.18250411748886108,0.18250411748886108,0.6745568513870239,0.2561303973197937,0.11827388405799866,2.7571301460266113,165.73638916015625,0.6832066774368286,0.00031714634875546453
774,0.09974689036607742,0.08753203973174095,0.24429698288440704,14.68516492843628,0.5396136939525604,0.47548142075538635,5.862483501434326,352.40521240234375,0.18235725164413452,0.18235725164413452,0.6751314997673035,0.2545771300792694,0.11846082657575607,2.7223258018493652,163.64430236816406,0.6837854385375977,0.0003160288943184385
775,0.09989837929606438,0.08747875690460205,0.2483924925327301,14.93135404586792,0.5397540628910065,0.47123056650161743,5.776458740234375,347.2341003417969,0.18240760266780853,0.18240760266780853,0.6745408773422241,0.2530995011329651,0.11826404929161072,2.696709394454956,162.10443115234375,0.6834635138511658,0.0003149128721459727
776,0.09982763603329659,0.08742538094520569,0.24804510921239853,14.91047191619873,0.5393748879432678,0.47560858726501465,5.873031139373779,353.0392761230469,0.18195705115795135,0.18195705115795135,0.6740138530731201,0.2606889009475708,0.11802959442138672,2.8531861305236816,171.5105438232422,0.6819792985916138,0.0003137982898871578
777,0.09994607418775558,0.08749402686953545,0.24904093146324158,14.970332145690918,0.5396821796894073,0.4762542247772217,5.869021892547607,352.7982177734375,0.18280313909053802,0.18280313909053802,0.6757762432098389,0.25953441858291626,0.11822213977575302,2.8262455463409424,169.89109802246094,0.6819939613342285,0.00031268515518121574
778,0.10041768848896027,0.08790150284767151,0.25032374262809753,15.047443389892578,0.5412585139274597,0.4783746600151062,5.909999370574951,355.261474609375,0.1828746646642685,0.1828746646642685,0.6755179166793823,0.25732851028442383,0.1185353547334671,2.7758631706237793,166.8625030517578,0.6835508942604065,0.00031157347565744745
779,0.09971459582448006,0.087467510253191,0.24494173377752304,14.723920822143555,0.5387586653232574,0.4756886661052704,5.860302925109863,352.274169921875,0.18267351388931274,0.18267351388931274,0.675446629524231,0.25829607248306274,0.11868198215961456,2.7922821044921875,167.84947204589844,0.6840600967407227,0.00031046325893517953
780,0.10003577545285225,0.08761102333664894,0.24849502742290497,14.937516212463379,0.5400934815406799,0.47272971272468567,5.800955772399902,348.7066955566406,0.18268191814422607,0.18268191814422607,0.6749410033226013,0.25644171237945557,0.11812771111726761,2.766279697418213,166.28643798828125,0.6828669905662537,0.0003093545126237135
781,0.09954270720481873,0.08732906356453896,0.2442728355526924,14.683711528778076,0.5386300683021545,0.4814935326576233,5.990176677703857,360.0810852050781,0.18198470771312714,0.18198470771312714,0.6740716695785522,0.26250535249710083,0.11814151704311371,2.8872768878936768,173.55982971191406,0.6826475858688354,0.0003082472443222721
782,0.09977196902036667,0.08725958317518234,0.2502477318048477,15.042873859405518,0.5382139980792999,0.4766384959220886,5.8817009925842285,353.5604248046875,0.18255342543125153,0.18255342543125153,0.6747136116027832,0.2570111155509949,0.11826080828905106,2.77500581741333,166.81094360351562,0.6832322478294373,0.0003071414616199486
783,0.0998145341873169,0.08744609355926514,0.24736880511045456,14.869817733764648,0.5394975244998932,0.4774852395057678,5.90553617477417,354.9931945800781,0.18220840394496918,0.18220840394496918,0.6747111082077026,0.2587592601776123,0.11825592815876007,2.8100666999816895,168.9185333251953,0.6831017732620239,0.0003060371720956537
784,0.1000664085149765,0.08753306046128273,0.2506670132279396,15.068078994750977,0.5397990047931671,0.478657603263855,5.919773578643799,355.8489990234375,0.18266892433166504,0.18266892433166504,0.6754546165466309,0.2584301829338074,0.11840301752090454,2.8005433082580566,168.34608459472656,0.6829341053962708,0.000304934383318064
785,0.09966005012392998,0.08729088306427002,0.24738332629203796,14.870689868927002,0.5385521650314331,0.47620338201522827,5.867868423461914,352.7289123535156,0.1828099489212036,0.1828099489212036,0.6752647161483765,0.2568536102771759,0.1182643249630928,2.7717854976654053,166.6173858642578,0.6826690435409546,0.0003038331028455703
786,0.0994834303855896,0.08725964650511742,0.24447572976350784,14.695909023284912,0.5387915670871735,0.47873103618621826,5.93615198135376,356.8335876464844,0.18192340433597565,0.18192340433597565,0.6740515828132629,0.2607504725456238,0.11809515953063965,2.8531062602996826,171.50572204589844,0.6824215650558472,0.00030273333822622596
787,0.09956315904855728,0.08729202300310135,0.24542269110679626,14.752832889556885,0.5387894213199615,0.4753323793411255,5.851096153259277,351.7207336425781,0.1827775537967682,0.1827775537967682,0.6750320196151733,0.25651732087135315,0.11798875778913498,2.77057147026062,166.54441833496094,0.682253360748291,0.0003016350969976943
788,0.09971106052398682,0.08738220483064651,0.24657713621854782,14.822227954864502,0.5392824113368988,0.4815002679824829,5.982816696166992,359.6387023925781,0.18235941231250763,0.18235941231250763,0.6748535633087158,0.2634972333908081,0.11834217607975006,2.9031012058258057,174.5110321044922,0.6828766465187073,0.0003005383866871976
789,0.09978647157549858,0.08730067312717438,0.2497159019112587,15.010905265808105,0.5391330122947693,0.47764915227890015,5.911763668060303,355.3675231933594,0.18206095695495605,0.18206095695495605,0.674028754234314,0.25997281074523926,0.11788118630647659,2.8418326377868652,170.82806396484375,0.6820465922355652,0.00029944321481146564
790,0.09994535893201828,0.08764250576496124,0.24605704843997955,14.790964603424072,0.5414582639932632,0.4767407178878784,5.88897180557251,353.99749755859375,0.1822921484708786,0.1822921484708786,0.6746467351913452,0.25760936737060547,0.11787128448486328,2.794761896133423,167.99853515625,0.681909441947937,0.0002983495888766842
791,0.09938247874379158,0.08725462481379509,0.2425570711493492,14.58057451248169,0.5394942164421082,0.4846980571746826,6.056044101715088,364.04046630859375,0.18189585208892822,0.18189585208892822,0.674172580242157,0.2631109952926636,0.1180492714047432,2.9012346267700195,174.3988037109375,0.6818300485610962,0.0002972575163784426
792,0.09965414181351662,0.08723833039402962,0.24831622838974,14.926768779754639,0.5383347868919373,0.4770112931728363,5.889672756195068,354.03961181640625,0.18252766132354736,0.18252766132354736,0.6744124889373779,0.25792229175567627,0.11808274686336517,2.796790838241577,168.1204833984375,0.6824518442153931,0.00029616700480168337
793,0.10000606998801231,0.08763627335429192,0.24739591032266617,14.87144660949707,0.5405817627906799,0.4774981737136841,5.905424118041992,354.98638916015625,0.18222694098949432,0.18222694098949432,0.6748027205467224,0.2603102922439575,0.118187814950943,2.842449903488159,170.86517333984375,0.6825108528137207,0.0002950780616206511
794,0.09986338764429092,0.08738384023308754,0.2495909184217453,15.003393650054932,0.5390680134296417,0.4804387092590332,5.959371089935303,358.22930908203125,0.1824701428413391,0.1824701428413391,0.67445969581604,0.2599570155143738,0.1180557906627655,2.838024854660034,170.59913635253906,0.6820474863052368,0.0002939906942988402
795,0.09964113682508469,0.0871969647705555,0.24888352304697037,14.960869789123535,0.5382204055786133,0.4788030683994293,5.924718379974365,356.1462707519531,0.18256714940071106,0.18256714940071106,0.6749305129051208,0.26317542791366577,0.11830170452594757,2.8974740505218506,174.17276000976562,0.6829231977462769,0.0002929049102889447
796,0.09928404167294502,0.08711262419819832,0.24342834204435349,14.632946968078613,0.5381393879652023,0.48178279399871826,5.992123126983643,360.1981506347656,0.1821766048669815,0.1821766048669815,0.674446165561676,0.2656397223472595,0.11828209459781647,2.947152853012085,177.15904235839844,0.682907223701477,0.0002918207170328063
797,0.09971311688423157,0.08731431514024734,0.24797603487968445,14.906319618225098,0.5387430787086487,0.47968557476997375,5.936716556549072,356.8675231933594,0.1828497350215912,0.1828497350215912,0.6748627424240112,0.2576711177825928,0.11825430393218994,2.7883358001708984,167.6122589111328,0.6830509901046753,0.00029073812196136464
798,0.0995400920510292,0.08717004954814911,0.2474008947610855,14.87174654006958,0.5381500422954559,0.48004287481307983,5.948389053344727,357.5692138671875,0.18262341618537903,0.18262341618537903,0.6752445101737976,0.25950196385383606,0.11854821443557739,2.819074869155884,169.4600372314453,0.6836434006690979,0.0002896571324946049
799,0.09938526153564453,0.08716798201203346,0.24434558302164078,14.688086032867432,0.5386154055595398,0.4788546562194824,5.929708957672119,356.4462890625,0.18236921727657318,0.18236921727657318,0.6746838092803955,0.26195284724235535,0.1181173101067543,2.8767106533050537,172.9246368408203,0.6823550462722778,0.00028857775604150754
800,0.0993405170738697,0.08714917302131653,0.24382691830396652,14.656906604766846,0.5385837554931641,0.4788227677345276,5.922188758850098,355.99420166015625,0.1827133297920227,0.1827133297920227,0.6747486591339111,0.2607651352882385,0.11796176433563232,2.856067419052124,171.68373107910156,0.6820188164710999,0.0002874999999999982
801,0.09934345632791519,0.08708508685231209,0.24516738206148148,14.737485408782959,0.5378597676753998,0.4850221872329712,6.05652379989624,364.0693664550781,0.1821959912776947,0.1821959912776947,0.6744991540908813,0.2636690139770508,0.11819170415401459,2.909546375274658,174.89846801757812,0.6823011636734009,0.0002864238717568964
802,0.09968455880880356,0.08730362728238106,0.2476186528801918,14.884836673736572,0.5396383255720139,0.4812433123588562,5.974847793579102,359.1596374511719,0.1825009286403656,0.1825009286403656,0.6748999357223511,0.25976234674453735,0.11796741187572479,2.8358988761901855,170.4713592529297,0.6817697286605835,0.0002853493786878643
803,0.09944957122206688,0.087189681828022,0.24519775062799454,14.739311218261719,0.5392376184463501,0.47911345958709717,5.934287071228027,356.7214660644531,0.18239910900592804,0.18239910900592804,0.6741974353790283,0.2591974139213562,0.11795985698699951,2.824751138687134,169.80126953125,0.6819736957550049,0.0002842765281573569
804,0.09925125539302826,0.08708197250962257,0.2433856651186943,14.630383014678955,0.5386688411235809,0.4821532964706421,5.998536586761475,360.5836486816406,0.18222643435001373,0.18222643435001373,0.6745248436927795,0.2629778981208801,0.11831843852996826,2.8931894302368164,173.9152069091797,0.6827878355979919,0.0002832053275185721
805,0.09943026304244995,0.08730747550725937,0.24245569854974747,14.574481964111328,0.539384126663208,0.4794023036956787,5.930069923400879,356.468017578125,0.18289880454540253,0.18289880454540253,0.675356388092041,0.2599377930164337,0.1184149831533432,2.830456018447876,170.14418029785156,0.6830946207046509,0.0002821357841133988
806,0.09941616654396057,0.08714517205953598,0.24541988223791122,14.752663612365723,0.538227915763855,0.4813263416290283,5.9775896072387695,359.3244934082031,0.18244686722755432,0.18244686722755432,0.6749013662338257,0.2632254958152771,0.11828640103340149,2.8987817764282227,174.25137329101562,0.6827908754348755,0.00028106790527236784
807,0.09943242371082306,0.08710023760795593,0.24664369225502014,14.826229572296143,0.5384710431098938,0.4804985523223877,5.971016883850098,358.9293518066406,0.1819477081298828,0.1819477081298828,0.6737973093986511,0.2629689872264862,0.11799697577953339,2.899440288543701,174.29098510742188,0.6821348667144775,0.000280001698314601
808,0.09913527965545654,0.08698857203125954,0.24293415248394012,14.603240013122559,0.5381486415863037,0.479653537273407,5.948574542999268,357.5803527832031,0.1822248101234436,0.1822248101234436,0.6737996935844421,0.2620258927345276,0.11769849061965942,2.886547803878784,173.51596069335938,0.6810866594314575,0.0002789371705477618
809,0.09927729144692421,0.08700559288263321,0.24543393403291702,14.753508567810059,0.5378539562225342,0.48477864265441895,6.054126739501953,363.9252624511719,0.18207231163978577,0.18207231163978577,0.6740514039993286,0.26746314764022827,0.11806364357471466,2.987989664077759,179.6138458251953,0.6818308234214783,0.00027787432926800414
810,0.09921998530626297,0.08704069629311562,0.24358581751585007,14.64241361618042,0.5383295714855194,0.4825274646282196,5.994272232055664,360.3273010253906,0.1828138530254364,0.1828138530254364,0.6752504110336304,0.26273733377456665,0.11834979057312012,2.8877506256103516,173.5882568359375,0.6826760768890381,0.0002768131817599229
811,0.09927808120846748,0.08712387457489967,0.24308409541845322,14.612254619598389,0.5384792387485504,0.4826151132583618,5.999901294708252,360.6656188964844,0.18262004852294922,0.18262004852294922,0.67485111951828,0.2616637051105499,0.11808827519416809,2.8715085983276367,172.61195373535156,0.6822165250778198,0.0002757537352965046
812,0.09910540655255318,0.08694995567202568,0.24310903251171112,14.613753318786621,0.537881925702095,0.4823622703552246,6.006896018981934,361.0861511230469,0.1820174753665924,0.1820174753665924,0.6737524271011353,0.26344072818756104,0.11781881749629974,2.912438154220581,175.07229614257812,0.6815392971038818,0.0002746959971390768
813,0.09905291721224785,0.08694081380963326,0.2422420009970665,14.561635971069336,0.5379044711589813,0.4806223213672638,5.96620512008667,358.6401062011719,0.18231207132339478,0.18231207132339478,0.6742016673088074,0.2620239853858948,0.1179313063621521,2.8818535804748535,173.23377990722656,0.6818522810935974,0.00027363997453725824
814,0.0992170013487339,0.08694540336728096,0.24543195962905884,14.753390312194824,0.5376285314559937,0.4854302704334259,6.064477443695068,364.5474548339844,0.182206392288208,0.182206392288208,0.6743444800376892,0.26744896173477173,0.11843286454677582,2.9803218841552734,179.1529083251953,0.6831324100494385,0.0002725856747289093
815,0.09930425137281418,0.08715170249342918,0.24305101484060287,14.610267162322998,0.5390124917030334,0.48363518714904785,6.0195183753967285,361.8448791503906,0.18265926837921143,0.18265926837921143,0.6754536628723145,0.265341579914093,0.11825129389762878,2.9418060779571533,176.83766174316406,0.6820984482765198,0.0002715331049400833
816,0.09910349920392036,0.08711181208491325,0.2398337945342064,14.416874408721924,0.5391354411840439,0.4835626482963562,6.018714427947998,361.7965393066406,0.18262694776058197,0.18262694776058197,0.6748747229576111,0.2633666694164276,0.1178184300661087,2.9109647274017334,174.98370361328125,0.6810762286186218,0.00027048227238497547
817,0.09907912835478783,0.08695670962333679,0.24244838953018188,14.57404088973999,0.5380021184682846,0.48681265115737915,6.091724872589111,366.1853332519531,0.18222638964653015,0.18222638964653015,0.6742790937423706,0.26671236753463745,0.11793270707130432,2.975592851638794,178.86863708496094,0.681347131729126,0.0002694331842658745
818,0.09908174723386765,0.08685676380991936,0.24449967592954636,14.697348594665527,0.5373292565345764,0.481222540140152,5.981884002685547,359.5826110839844,0.18212834000587463,0.18212834000587463,0.673788845539093,0.26505979895591736,0.11822383105754852,2.9367191791534424,176.5318603515625,0.6828008890151978,0.0002683858477731127
819,0.09931300953030586,0.08699823915958405,0.24629542231559753,14.805294513702393,0.5380575358867645,0.4818671941757202,5.989418983459473,360.0355529785156,0.18239624798297882,0.18239624798297882,0.6744816303253174,0.2642737627029419,0.1183328703045845,2.9188175201416016,175.4557647705078,0.6832296252250671,0.00026734027008501753
820,0.09903129190206528,0.08684632182121277,0.24369938671588898,14.649241924285889,0.5378416776657104,0.4888728857040405,6.129303932189941,368.4443054199219,0.1824076920747757,0.1824076920747757,0.6748211979866028,0.26596757769584656,0.11814339458942413,2.9564836025238037,177.71994018554688,0.6820508241653442,0.00026629645836786115
821,0.09920650720596313,0.08691588044166565,0.2458125799894333,14.776270389556885,0.5378154814243317,0.48483920097351074,6.044811725616455,363.3653564453125,0.18259862065315247,0.18259862065315247,0.6750394701957703,0.2647656798362732,0.11786412447690964,2.938030958175659,176.61070251464844,0.6813324093818665,0.00026525441977581207
822,0.0991695374250412,0.08707308769226074,0.24192901700735092,14.542821407318115,0.5387140810489655,0.48478084802627563,6.056412220001221,364.0626525878906,0.18196024000644684,0.18196024000644684,0.6738848686218262,0.2678999602794647,0.11787281930446625,3.0005428791046143,180.36843872070312,0.6814693808555603,0.0002642141614508862
823,0.09897657856345177,0.08684416487812996,0.24264827370643616,14.586057186126709,0.5377087891101837,0.4872623085975647,6.097756385803223,366.54791259765625,0.1823744773864746,0.1823744773864746,0.6741844415664673,0.2640724778175354,0.11805924773216248,2.920264720916748,175.54275512695312,0.6822903156280518,0.00026317569052289796
824,0.09893425181508064,0.08679433166980743,0.24279840290546417,14.59508228302002,0.5371181964874268,0.485895574092865,6.064993858337402,364.5785217285156,0.18264588713645935,0.18264588713645935,0.6749355792999268,0.26362764835357666,0.11840619146823883,2.9044289588928223,174.59083557128906,0.6832137703895569,0.0002621390141094105
825,0.09898367151618004,0.0869235172867775,0.24120312184095383,14.499185562133789,0.5378229320049286,0.4839087128639221,6.028192043304443,362.36627197265625,0.18249912559986115,0.18249912559986115,0.6748987436294556,0.26495468616485596,0.11835020780563354,2.932089328765869,176.25357055664062,0.6828478574752808,0.00026110413931568785
826,0.09898911416530609,0.08687371015548706,0.24230808019638062,14.565607070922852,0.538117915391922,0.4824061989784241,6.003171920776367,360.86224365234375,0.1822476089000702,0.1822476089000702,0.6738051176071167,0.26398393511772156,0.11774007230997086,2.924877405166626,175.8200225830078,0.6810318231582642,0.00026007107323464617
827,0.09889428690075874,0.08676929771900177,0.24249979853630066,14.577131748199463,0.5371783375740051,0.48795557022094727,6.117894649505615,367.75848388671875,0.1820608377456665,0.1820608377456665,0.6737790107727051,0.26788532733917236,0.11803358048200607,2.997035026550293,180.15756225585938,0.6817606091499329,0.0002590398229468046
828,0.09909316152334213,0.08697765320539474,0.24231012165546417,14.56572961807251,0.5376957058906555,0.4834231734275818,6.019253730773926,361.8290100097656,0.1824604719877243,0.1824604719877243,0.6746262907981873,0.26584818959236145,0.1180928647518158,2.955106496810913,177.63717651367188,0.6822308301925659,0.0002580103955202371
829,0.09904684498906136,0.08697745576500893,0.24138778448104858,14.510286331176758,0.5382256656885147,0.48668336868286133,6.081618785858154,365.5778503417969,0.1826024353504181,0.1826024353504181,0.6747065782546997,0.2677396237850189,0.11837869882583618,2.9872183799743652,179.5674591064453,0.6830554008483887,0.00025698279801052387
830,0.09885741025209427,0.0868021696805954,0.24110476672649384,14.493274211883545,0.5372679531574249,0.4887056350708008,6.122254371643066,368.0205383300781,0.18259289860725403,0.18259289860725403,0.675169825553894,0.2674439251422882,0.1183074340224266,2.98272967338562,179.2976531982422,0.682237446308136,0.00025595703746070355
831,0.09884769842028618,0.08682074397802353,0.24053912609815598,14.459271430969238,0.5376359820365906,0.48637157678604126,6.070340156555176,364.8999328613281,0.182854562997818,0.182854562997818,0.6754357814788818,0.2658134400844574,0.11826036125421524,2.951061487197876,177.3939971923828,0.6821153163909912,0.00025493312090122365
832,0.09875630214810371,0.08677683770656586,0.23958925902843475,14.402173519134521,0.5377169251441956,0.4869631230831146,6.0935235023498535,366.29351806640625,0.18228694796562195,0.18228694796562195,0.6742597818374634,0.26866960525512695,0.11803409457206726,3.0127100944519043,181.0998077392578,0.681549072265625,0.00025391105534989405
833,0.09902578964829445,0.08697529882192612,0.24100983887910843,14.487566947937012,0.5383195281028748,0.4850565195083618,6.0553789138793945,364.00054931640625,0.1822875738143921,0.1822875738143921,0.6741958856582642,0.26755794882774353,0.11792915314435959,2.9925761222839355,179.8895263671875,0.6813065409660339,0.00025289084781183725
834,0.098745446652174,0.08667445555329323,0.24141985923051834,14.512214183807373,0.5373388230800629,0.4890563488006592,6.138003826141357,368.9672546386719,0.18215614557266235,0.18215614557266235,0.6740313768386841,0.26777637004852295,0.11790269613265991,2.9974732398986816,180.1839141845703,0.6813559532165527,0.0002518725052794418
835,0.09878082945942879,0.08665486425161362,0.2425193041563034,14.5783052444458,0.5369946956634521,0.48632538318634033,6.083293437957764,365.67852783203125,0.18216072022914886,0.18216072022914886,0.6741601824760437,0.26805365085601807,0.11800867319107056,3.000899314880371,180.38986206054688,0.6819033622741699,0.0002508560347323132
836,0.09886659309267998,0.08689349517226219,0.23946194350719452,14.394521236419678,0.5382980108261108,0.48254555463790894,6.002439498901367,360.8182373046875,0.18242356181144714,0.18242356181144714,0.6745696067810059,0.2677227854728699,0.11816126108169556,2.9912307262420654,179.80865478515625,0.6821502447128296,0.00024984144313722667
837,0.09899687394499779,0.08687112852931023,0.24251487106084824,14.578038215637207,0.5381938964128494,0.48832765221595764,6.12246036529541,368.0329284667969,0.18220463395118713,0.18220463395118713,0.6739746332168579,0.2697168290615082,0.1180926188826561,3.032484292984009,182.28848266601562,0.6818654537200928,0.0002488287374480797
838,0.09932929649949074,0.08676992356777191,0.25118744373321533,15.099362850189209,0.5370242893695831,0.4914844036102295,6.179323196411133,371.45111083984375,0.18251824378967285,0.18251824378967285,0.6746165752410889,0.26943930983543396,0.11827520281076431,3.0232818126678467,181.7353057861328,0.682593822479248,0.0002478179246058435
839,0.09873657673597336,0.08661353774368763,0.24246083945035934,14.574789047241211,0.5363514721393585,0.4840713143348694,6.022523880004883,362.0256042480469,0.1829451024532318,0.1829451024532318,0.675727903842926,0.2685820758342743,0.11837904155254364,3.0040605068206787,180.57989501953125,0.6827472448348999,0.00024680901153851614
840,0.09914829581975937,0.08682219311594963,0.24652207642793655,14.81891918182373,0.5380868315696716,0.4888222813606262,6.128668308258057,368.4061279296875,0.18238888680934906,0.18238888680934906,0.6747567653656006,0.27380186319351196,0.11820077896118164,3.1120216846466064,187.0696563720703,0.6820568442344666,0.00024580200516107463
841,0.0989600233733654,0.08665162324905396,0.24616798758506775,14.797634601593018,0.5369725525379181,0.49174216389656067,6.183094024658203,371.677734375,0.18258744478225708,0.18258744478225708,0.674325704574585,0.2709156274795532,0.1180076003074646,3.0581605434417725,183.83193969726562,0.6818163394927979,0.0002447969123754282
842,0.09908294305205345,0.0866200365126133,0.24925807118415833,14.98338508605957,0.5365303456783295,0.4885564148426056,6.115197658538818,367.5963439941406,0.18279653787612915,0.18279653787612915,0.6754804849624634,0.2679281234741211,0.11833310127258301,2.9919002056121826,179.84890747070312,0.6825999617576599,0.00024379374007037007
843,0.09878286346793175,0.08673792332410812,0.2408987656235695,14.48089075088501,0.5377481579780579,0.48561424016952515,6.067483901977539,364.7281799316406,0.18224003911018372,0.18224003911018372,0.6745397448539734,0.2690922021865845,0.11817465722560883,3.018350601196289,181.43890380859375,0.6823153495788574,0.0002427924951215309
844,0.09901886060833931,0.08690642565488815,0.2422487512230873,14.562040328979492,0.5379887521266937,0.48848557472229004,6.123348712921143,368.0863342285156,0.18231812119483948,0.18231812119483948,0.6739405393600464,0.26818615198135376,0.11813197284936905,3.0010833740234375,180.4009246826172,0.6821157932281494,0.00024179318439133176
845,0.0988641120493412,0.08661392331123352,0.24500375241041183,14.727649211883545,0.5362979769706726,0.49075835943222046,6.167644023895264,370.7490234375,0.18237614631652832,0.18237614631652832,0.6741271018981934,0.2685982584953308,0.11810392886400223,3.0098867416381836,180.93008422851562,0.6818864941596985,0.00024079581472893628
846,0.09888311102986336,0.08669845387339592,0.24369314312934875,14.648865699768066,0.5371615439653397,0.48654380440711975,6.085480213165283,365.80999755859375,0.18226978182792664,0.18226978182792664,0.6744140982627869,0.26784026622772217,0.11790020018815994,2.9988014698028564,180.26373291015625,0.6812928318977356,0.00023980039297020447
847,0.09898459538817406,0.08679373189806938,0.24381722509860992,14.656325817108154,0.5379610061645508,0.48608076572418213,6.0745768547058105,365.1545715332031,0.18235190212726593,0.18235190212726593,0.6741068363189697,0.26748791337013245,0.11778558790683746,2.994046449661255,179.97792053222656,0.6812028884887695,0.00023880692593764542
848,0.09863375127315521,0.0865483433008194,0.2417082041501999,14.529547691345215,0.5368613749742508,0.4930347800254822,6.220074653625488,373.9007263183594,0.1820310354232788,0.1820310354232788,0.6735649108886719,0.2726031243801117,0.11773435026407242,3.0973756313323975,186.18922424316406,0.680668830871582,0.0002378154204403713
849,0.0990026704967022,0.08655265718698502,0.24900023639202118,14.967885494232178,0.53638955950737,0.4877043068408966,6.103381633758545,366.8860778808594,0.18253523111343384,0.18253523111343384,0.6745808124542236,0.2691439688205719,0.11780734360218048,3.0267324447631836,181.94273376464844,0.6810973882675171,0.00023682588327404957
850,0.09865933656692505,0.0866129994392395,0.24092674255371094,14.48257303237915,0.5372592508792877,0.4853285551071167,6.057631969451904,364.135986328125,0.1824469417333603,0.1824469417333603,0.6747244596481323,0.26895806193351746,0.1182415559887886,3.0143301486968994,181.19723510742188,0.6823647022247314,0.0002358383212208572
851,0.09909497201442719,0.0869046188890934,0.24380701780319214,14.655712604522705,0.5385965555906296,0.48762139678001404,6.106238842010498,367.057861328125,0.18230944871902466,0.18230944871902466,0.6742227077484131,0.2713091969490051,0.11820004880428314,3.062182664871216,184.07371520996094,0.6823058128356934,0.00023485274104943372
852,0.0992366299033165,0.08703722059726715,0.24398821592330933,14.666603565216064,0.5373081117868423,0.4883919954299927,6.110738754272461,367.3283386230469,0.182855024933815,0.182855024933815,0.6747081279754639,0.27102184295654297,0.11812204867601395,3.0579960346221924,183.82205200195312,0.6820094585418701,0.00023386914951483565
853,0.09860889613628387,0.08652754873037338,0.24162692576646805,14.524660587310791,0.5361195802688599,0.4888944923877716,6.131863117218018,368.59820556640625,0.1823013424873352,0.1823013424873352,0.6744378805160522,0.27218714356422424,0.11814434826374054,3.0808558464050293,185.19622802734375,0.6819488406181335,0.00023288755335848884
854,0.09884984418749809,0.08666755259037018,0.2436458021402359,14.64601993560791,0.5370891094207764,0.48625895380973816,6.0771894454956055,365.3116149902344,0.18239948153495789,0.18239948153495789,0.6744168996810913,0.2702215909957886,0.11792923510074615,3.045847177505493,183.09176635742188,0.6815330386161804,0.00023190795930814366
855,0.09870241582393646,0.08667483925819397,0.24055153876543045,14.460018634796143,0.5370550751686096,0.49064868688583374,6.167924880981445,370.7658996582031,0.182252436876297,0.182252436876297,0.6736521124839783,0.2724733352661133,0.11776562035083771,3.0941545963287354,185.99560546875,0.6811920404434204,0.0002309303740778282
856,0.09868171811103821,0.08651265501976013,0.24338125437498093,14.630117416381836,0.5363920629024506,0.4902340769767761,6.162326812744141,370.4293518066406,0.1821177452802658,0.1821177452802658,0.6738163232803345,0.2729426920413971,0.11794322729110718,3.099989175796509,186.34634399414062,0.681686282157898,0.00022995480436780198
857,0.09852810949087143,0.08650859445333481,0.24039029330015182,14.450325012207031,0.5368369221687317,0.4869535565376282,6.089695453643799,366.0633850097656,0.18246878683567047,0.18246878683567047,0.674598217010498,0.26988843083381653,0.1181207075715065,3.0353546142578125,182.4610137939453,0.6820645332336426,0.00022898125686451055
858,0.09870379790663719,0.08663621917366982,0.24135155975818634,14.508108139038086,0.5374882221221924,0.4891704022884369,6.133517742156982,368.6976013183594,0.18249452114105225,0.18249452114105225,0.6745710372924805,0.2694155275821686,0.11797033995389938,3.0289037227630615,182.07327270507812,0.6812831163406372,0.0002280097382405394
859,0.09845303744077682,0.08649316430091858,0.23919741809368134,14.378619194030762,0.5369404405355453,0.4922904074192047,6.198065280914307,372.5777282714844,0.18238714337348938,0.18238714337348938,0.6745672225952148,0.27232351899147034,0.11788052320480347,3.088859796524048,185.6773223876953,0.6806617975234985,0.00022704025515456867
860,0.09879305958747864,0.08669921010732651,0.24187704175710678,14.53969669342041,0.5373998880386353,0.48883506655693054,6.1290974617004395,368.4319152832031,0.18238019943237305,0.18238019943237305,0.674254298210144,0.27011656761169434,0.11769995093345642,3.0483322143554688,183.24114990234375,0.6807445287704468,0.00022607281425132667
861,0.09858481213450432,0.08654765784740448,0.24074308574199677,14.471532344818115,0.5374588668346405,0.49178043007850647,6.192414283752441,372.2380065917969,0.18215972185134888,0.18215972185134888,0.6739270091056824,0.27312952280044556,0.1180092841386795,3.102404832839966,186.49156188964844,0.6816522479057312,0.0002251074221615451
862,0.09838338196277618,0.08640290424227715,0.23960953950881958,14.403393745422363,0.5365118980407715,0.48953700065612793,6.140615940093994,369.12432861328125,0.18250620365142822,0.18250620365142822,0.6744866371154785,0.2722269296646118,0.11803567409515381,3.083824872970581,185.37469482421875,0.6818232536315918,0.0002241440855019131
863,0.09850212559103966,0.08651551976799965,0.2397320792078972,14.410759449005127,0.5368289053440094,0.49120044708251953,6.174627780914307,371.1688537597656,0.18246905505657196,0.18246905505657196,0.674504280090332,0.27250152826309204,0.11789798736572266,3.0920705795288086,185.8703155517578,0.6813250184059143,0.00022318281087503253
864,0.09847553074359894,0.08650873601436615,0.23933589458465576,14.386943340301514,0.5368335247039795,0.49526506662368774,6.260667324066162,376.3408508300781,0.18223169445991516,0.18223169445991516,0.6742218732833862,0.27356600761413574,0.11779077351093292,3.115504264831543,187.27899169921875,0.6805515885353088,0.00022222360486937176
865,0.0986139103770256,0.08652009069919586,0.24187643080949783,14.539659023284912,0.5364367365837097,0.4904692471027374,6.1616315841674805,370.3875732421875,0.18238765001296997,0.18238765001296997,0.6742514967918396,0.2723419666290283,0.11767126619815826,3.093414306640625,185.95114135742188,0.6805151700973511,0.00022126647405922153
866,0.09848245233297348,0.0865570455789566,0.2385081648826599,14.337186813354492,0.5371312201023102,0.49018269777297974,6.162175178527832,370.4202575683594,0.1820739209651947,0.1820739209651947,0.6738457679748535,0.2741510570049286,0.11802945286035538,3.122431755065918,187.69541931152344,0.6816442012786865,0.00022031142500464942
867,0.09857690334320068,0.08656955137848854,0.24014702439308167,14.43570327758789,0.5372116565704346,0.4901255965232849,6.15558385848999,370.0240478515625,0.1823463886976242,0.1823463886976242,0.6738934516906738,0.2706693112850189,0.11805157363414764,3.052354574203491,183.48292541503906,0.6817361116409302,0.00021935846425145445
868,0.09850061312317848,0.08638074994087219,0.24239730834960938,14.570971488952637,0.5360319763422012,0.4923306405544281,6.194669723510742,372.37359619140625,0.18259716033935547,0.18259716033935547,0.6746899485588074,0.2718035578727722,0.11813262104988098,3.0734188556671143,184.74916076660156,0.6814454793930054,0.000218407598331123
869,0.09841706603765488,0.08638931810855865,0.24055494368076324,14.460222244262695,0.5362989604473114,0.4926222264766693,6.203625202178955,372.9118957519531,0.18244096636772156,0.18244096636772156,0.6747799515724182,0.27557438611984253,0.11807656288146973,3.149956464767456,189.3499755859375,0.6811096668243408,0.00021745883376078344
870,0.09843135252594948,0.08641478791832924,0.2403312772512436,14.446777820587158,0.5368067920207977,0.4893513023853302,6.1386895179748535,369.008544921875,0.18241682648658752,0.18241682648658752,0.6741381883621216,0.27216553688049316,0.11781176924705505,3.0870749950408936,185.57008361816406,0.6808409690856934,0.00021651217704316225
871,0.09873517602682114,0.08660398423671722,0.24262383580207825,14.584589004516602,0.5362098515033722,0.49410271644592285,6.236495494842529,374.8877868652344,0.18227796256542206,0.18227796256542206,0.6739571690559387,0.27352577447891235,0.11814014613628387,3.107712507247925,186.81060791015625,0.6820136308670044,0.00021556763466653835
872,0.09835657849907875,0.0863414779305458,0.24030198901891708,14.445016860961914,0.5363678932189941,0.49310851097106934,6.208990097045898,373.2344055175781,0.18265898525714874,0.18265898525714874,0.6750917434692383,0.2738417387008667,0.11834734678268433,3.1098873615264893,186.9413604736328,0.6823984384536743,0.0002146252131046995
873,0.09837592020630836,0.0864471085369587,0.2385762333869934,14.341278553009033,0.536982536315918,0.4910545349121094,6.166173934936523,370.6606750488281,0.18274584412574768,0.18274584412574768,0.6749500632286072,0.2724872827529907,0.1179458498954773,3.0908288955688477,185.79571533203125,0.6811956167221069,0.00021368491881689739
874,0.09831490740180016,0.08637640625238419,0.2387700304389,14.352927207946777,0.5364768952131271,0.4943019151687622,6.243052959442139,375.281982421875,0.1821492612361908,0.1821492612361908,0.6740397214889526,0.27640166878700256,0.11776115745306015,3.1728103160858154,190.7237548828125,0.680435061454773,0.00021274675824780405
875,0.09833387285470963,0.08629275485873222,0.2408224269747734,14.476302146911621,0.5360274910926819,0.4937383532524109,6.233891010284424,374.7312316894531,0.18204379081726074,0.18204379081726074,0.6736106276512146,0.2748124897480011,0.11770379543304443,3.1421737670898438,188.88214111328125,0.6806900501251221,0.00021181073782746673
876,0.09840991348028183,0.08649848774075508,0.2382284626364708,14.320374011993408,0.5368063449859619,0.4924108386039734,6.19744873046875,372.5406188964844,0.18253840506076813,0.18253840506076813,0.6743954420089722,0.2720057964324951,0.11815890669822693,3.076937675476074,184.96066284179688,0.6821396350860596,0.0002108768639712647
877,0.09832689166069031,0.08641307428479195,0.23827631771564484,14.323251724243164,0.5366648733615875,0.4929248094558716,6.206254482269287,373.0699768066406,0.1826120764017105,0.1826120764017105,0.6749229431152344,0.2742488384246826,0.11823761463165283,3.1202239990234375,187.5626983642578,0.6821202039718628,0.00020994514307986494
878,0.09834110364317894,0.08640150353312492,0.23879197239875793,14.354247093200684,0.5366573929786682,0.49334314465522766,6.215814113616943,373.64459228515625,0.18255242705345154,0.18255242705345154,0.674500048160553,0.27444222569465637,0.11796700209379196,3.129504680633545,188.12059020996094,0.6812109351158142,0.00020901558153917806
879,0.0982116274535656,0.08627566322684288,0.23871924728155136,14.34987497329712,0.5359352231025696,0.4923969507217407,6.20266580581665,372.854248046875,0.18226364254951477,0.18226364254951477,0.6741239428520203,0.2754898965358734,0.11789499223232269,3.151898145675659,189.4666748046875,0.6809658408164978,0.00020808818572031463
880,0.09836777299642563,0.08643728494644165,0.23860973864793777,14.3432936668396,0.536661684513092,0.49239876866340637,6.198812484741211,372.62261962890625,0.18245813250541687,0.18245813250541687,0.6747400760650635,0.2752988338470459,0.11786225438117981,3.1487314701080322,189.27633666992188,0.6805967092514038,0.00020716296197954175
881,0.0984375923871994,0.08645403012633324,0.23967128992080688,14.4071044921875,0.5370825529098511,0.49715280532836914,6.292126655578613,378.2319030761719,0.182546466588974,0.182546466588974,0.6747857332229614,0.27547985315322876,0.1177549809217453,3.1544973850250244,189.62294006347656,0.6802521347999573,0.00020623991665823956
882,0.09829135984182358,0.08630651980638504,0.23969676345586777,14.40863561630249,0.5364255905151367,0.4968968331813812,6.292724609375,378.2678527832031,0.18226060271263123,0.18226060271263123,0.6743866801261902,0.2761242687702179,0.11773962527513504,3.1676926612854004,190.41615295410156,0.6804044842720032,0.0002053190560828572
883,0.09829863160848618,0.08633597940206528,0.23925311118364334,14.381967544555664,0.5368607640266418,0.4937167763710022,6.221446990966797,373.9831848144531,0.18264441192150116,0.18264441192150116,0.6748741269111633,0.27542656660079956,0.11810988187789917,3.1463334560394287,189.1322021484375,0.6817678213119507,0.0002044003865648699
884,0.09844984486699104,0.0864172987639904,0.240650936961174,14.46599292755127,0.536660373210907,0.4947475492954254,6.249021530151367,375.6407470703125,0.18229645490646362,0.18229645490646362,0.6738864779472351,0.27627140283584595,0.11799395084381104,3.165548801422119,190.2872772216797,0.6816737055778503,0.00020348391440073562
885,0.09847002848982811,0.08629108220338821,0.2435789480805397,14.642000675201416,0.5361062586307526,0.49659252166748047,6.287635326385498,377.9619445800781,0.1822107583284378,0.1822107583284378,0.6740720272064209,0.27536851167678833,0.11787636578083038,3.1498429775238037,189.3431396484375,0.680995523929596,0.000202569645871852
886,0.09832201153039932,0.08636060357093811,0.23922809958457947,14.380463123321533,0.5366584956645966,0.4947054982185364,6.239454746246338,375.0657043457031,0.18273276090621948,0.18273276090621948,0.675153911113739,0.2744269073009491,0.11807885766029358,3.1269609928131104,187.96766662597656,0.6812513470649719,0.00020165758724451346
887,0.09844500571489334,0.08632014319300652,0.2424972504377365,14.576977729797363,0.5363765060901642,0.4972350597381592,6.3001322746276855,378.7131652832031,0.1822284311056137,0.1822284311056137,0.6741515398025513,0.27929380536079407,0.11798378825187683,3.2262003421783447,193.93313598632812,0.6812241673469543,0.00020074774476986729
888,0.09836528077721596,0.08623135834932327,0.2426784634590149,14.587871074676514,0.536200761795044,0.4958536624908447,6.265711307525635,376.6440734863281,0.18256810307502747,0.18256810307502747,0.6748189926147461,0.27869099378585815,0.11801494657993317,3.2135205268859863,193.17092895507812,0.6811531782150269,0.0001998401246838723
889,0.09837938845157623,0.08636583387851715,0.24027112126350403,14.443161487579346,0.5366344153881073,0.4963119924068451,6.269101142883301,376.8477783203125,0.18285691738128662,0.18285691738128662,0.675356924533844,0.27455833554267883,0.1180841475725174,3.129483699798584,188.1193084716797,0.6812201738357544,0.0001989347332072547
890,0.09831265360116959,0.08630574494600296,0.24013817310333252,14.435169219970703,0.5362430065870285,0.4979649782180786,6.312371730804443,379.4488830566406,0.182346373796463,0.182346373796463,0.6745004653930664,0.2782666087150574,0.11819037050008774,3.201524496078491,192.44984436035156,0.6815134286880493,0.0001980315765454664
891,0.09834234043955803,0.08631110191345215,0.24062476307153702,14.4644193649292,0.5362733006477356,0.49374595284461975,6.224471569061279,374.1650390625,0.18252235651016235,0.18252235651016235,0.6742882132530212,0.27558091282844543,0.11776348203420639,3.156348705291748,189.7342071533203,0.6808475852012634,0.0001971306608886418
892,0.09820059314370155,0.08620750159025192,0.23986181616783142,14.418557167053223,0.5360885858535767,0.4959706664085388,6.270675182342529,376.9423828125,0.18243689835071564,0.18243689835071564,0.6743390560150146,0.27559348940849304,0.11787933856248856,3.154282808303833,189.61004638671875,0.6809060573577881,0.00019623199241155628
893,0.09821042791008949,0.08623047545552254,0.23959904164075851,14.402762413024902,0.536037489771843,0.4969163239002228,6.288590908050537,378.0194091796875,0.18248677253723145,0.18248677253723145,0.6748155355453491,0.27726125717163086,0.11808350682258606,3.1835553646087646,191.36965942382812,0.6811831593513489,0.00019533557727358282
894,0.09809957444667816,0.08622056618332863,0.23758012801408768,14.281399726867676,0.5361976325511932,0.49584096670150757,6.264565467834473,376.5751037597656,0.18261268734931946,0.18261268734931946,0.6746768355369568,0.2780882716178894,0.11791986227035522,3.2033684253692627,192.56068420410156,0.6808171272277832,0.00019444142161865034
895,0.09815466776490211,0.08618177473545074,0.2394578978419304,14.39427661895752,0.5359687805175781,0.4966021776199341,6.285365581512451,377.82550048828125,0.18233387172222137,0.18233387172222137,0.6742674112319946,0.2795109748840332,0.1177617609500885,3.2349843978881836,194.46116638183594,0.6803774833679199,0.0001935495315752015
896,0.09810614585876465,0.08623112365603447,0.23750042170286179,14.276609420776367,0.5360852032899857,0.49706244468688965,6.291476726531982,378.19281005859375,0.1824885904788971,0.1824885904788971,0.6746147274971008,0.27739036083221436,0.11800126731395721,3.187781572341919,191.62371826171875,0.681009829044342,0.0001926599132561509
897,0.09810390323400497,0.08623601123690605,0.23735780268907547,14.268036842346191,0.5363141298294067,0.4955669939517975,6.260123252868652,376.3081359863281,0.18256083130836487,0.18256083130836487,0.6747048497200012,0.2766694128513336,0.1179458349943161,3.174471378326416,190.8236083984375,0.6810278296470642,0.00019177257275884303
898,0.09801457449793816,0.08616980537772179,0.2368953824043274,14.240240573883057,0.5362340211868286,0.49665817618370056,6.283426284790039,377.7088928222656,0.1824868619441986,0.1824868619441986,0.6746695041656494,0.2794528305530548,0.11796798557043076,3.229696750640869,194.14334106445312,0.6811271905899048,0.00019088751616501006
899,0.09813157841563225,0.08614286780357361,0.23977424204349518,14.413293838500977,0.5359969139099121,0.4980633854866028,6.305797576904297,379.0537109375,0.18277348577976227,0.18277348577976227,0.6750271320343018,0.27891165018081665,0.11818501353263855,3.2145326137542725,193.23175048828125,0.6816775798797607,0.00019000474954073107
900,0.09827457368373871,0.0862656943500042,0.24017763137817383,14.437541961669922,0.5361414551734924,0.49875038862228394,6.317947864532471,379.7840881347656,0.18285298347473145,0.18285298347473145,0.6753458380699158,0.2786758542060852,0.118300661444664,3.2075040340423584,192.80926513671875,0.681738018989563,0.00018912427893638946
901,0.09826635196805,0.08631059899926186,0.23911504447460175,14.37366771697998,0.5362371802330017,0.49579232931137085,6.2678093910217285,376.7701721191406,0.1824018508195877,0.1824018508195877,0.6745710372924805,0.2791067063808441,0.11797703802585602,3.222593307495117,193.71632385253906,0.6809532642364502,0.0001882461103866322
902,0.09827683493494987,0.08630014210939407,0.23953384160995483,14.398842334747314,0.5367172062397003,0.4957503080368042,6.263253211975098,376.4962158203125,0.1825876533985138,0.1825876533985138,0.6743009090423584,0.27805405855178833,0.11776570975780487,3.2057671546936035,192.70486450195312,0.6806193590164185,0.0001873702499103281
903,0.09821420907974243,0.08620959892868996,0.2400921881198883,14.432405471801758,0.5358547568321228,0.4985698461532593,6.32067346572876,379.9479064941406,0.18253614008426666,0.18253614008426666,0.6748216152191162,0.2792978882789612,0.11796838045120239,3.226590394973755,193.95655822753906,0.6809309720993042,0.00018649670351052704
904,0.09800195693969727,0.08608473092317581,0.2383444756269455,14.327347755432129,0.5359832644462585,0.49839872121810913,6.317721843719482,379.7704772949219,0.18251261115074158,0.18251261115074158,0.6747463941574097,0.27758878469467163,0.11792485415935516,3.1932787895202637,191.95416259765625,0.6809017062187195,0.00018562547717441803
905,0.09795947000384331,0.08612104877829552,0.23676838725805283,14.232605934143066,0.5361871272325516,0.4978470802307129,6.3035173416137695,378.9166259765625,0.1826712191104889,0.1826712191104889,0.6748776435852051,0.2781946361064911,0.11800650507211685,3.2037627696990967,192.58438110351562,0.6811766624450684,0.00018475657687328892
906,0.09806786477565765,0.08620087429881096,0.2373398318886757,14.266956806182861,0.5360575914382935,0.5000045299530029,6.349501609802246,381.6808166503906,0.182529479265213,0.182529479265213,0.6745203733444214,0.2796589434146881,0.11808018386363983,3.2315750122070312,194.25621032714844,0.681330680847168,0.0001838900085624849
907,0.09812270477414131,0.08620037510991096,0.23844662308692932,14.33348560333252,0.5358566641807556,0.4993159770965576,6.331070423126221,380.5728759765625,0.18276244401931763,0.18276244401931763,0.675095796585083,0.27871596813201904,0.11818473786115646,3.2106244564056396,192.99684143066406,0.6816681623458862,0.0001830257781813683
908,0.0979856513440609,0.08612064644694328,0.2373000979423523,14.264567375183105,0.5357371121644974,0.49731457233428955,6.292230606079102,378.2381591796875,0.18270304799079895,0.18270304799079895,0.6751710176467896,0.2802380919456482,0.11814919114112854,3.2417776584625244,194.8695068359375,0.6814589500427246,0.00018216389165327752
909,0.09810834750533104,0.08624640852212906,0.2372388020157814,14.260884284973145,0.5365272462368011,0.49774807691574097,6.302555561065674,378.8587646484375,0.18262030184268951,0.18262030184268951,0.6749969124794006,0.28045326471328735,0.1177116334438324,3.2548322677612305,195.65426635742188,0.6800782680511475,0.000181304354885486
910,0.09802721813321114,0.08604530617594719,0.23963820189237595,14.405116558074951,0.5357923209667206,0.49941694736480713,6.338321685791016,381.0087585449219,0.18250085413455963,0.18250085413455963,0.6744798421859741,0.2797073721885681,0.11755271255970001,3.243093490600586,194.94862365722656,0.6797901391983032,0.00018044717376916293
911,0.09792161732912064,0.08598008751869202,0.2388305515050888,14.356565952301025,0.535455733537674,0.4998796880245209,6.35125207901001,381.7860412597656,0.1823170781135559,0.1823170781135559,0.6741787195205688,0.2793999910354614,0.11769676208496094,3.2340645790100098,194.4058837890625,0.6802524328231812,0.00017959235417933138
912,0.09807608276605606,0.0861620157957077,0.23828130215406418,14.3235502243042,0.5357738435268402,0.4979262053966522,6.308313369750977,379.20489501953125,0.18251052498817444,0.18251052498817444,0.6744327545166016,0.2791609764099121,0.11796130239963531,3.2239933013916016,193.80047607421875,0.6811510324478149,0.0001787399019748292
913,0.09805486723780632,0.0861792117357254,0.23751311004161835,14.277372360229492,0.5363691449165344,0.49776652455329895,6.3015546798706055,378.7986145019531,0.18268877267837524,0.18268877267837524,0.6752406358718872,0.2798747420310974,0.11818590760231018,3.233776330947876,194.38851928710938,0.6814959645271301,0.00017788982299826814
914,0.09795423224568367,0.08611509203910828,0.23678284138441086,14.233474731445312,0.5360276401042938,0.4998283088207245,6.340915203094482,381.1646728515625,0.18278253078460693,0.18278253078460693,0.6753138303756714,0.27940428256988525,0.11816868185997009,3.2247121334075928,193.84368896484375,0.6814070343971252,0.0001770421230759947
915,0.09792176634073257,0.08605392649769783,0.2373567447066307,14.267971515655518,0.5356183350086212,0.5000675916671753,6.3514323234558105,381.796875,0.18249598145484924,0.18249598145484924,0.6747791767120361,0.2815237045288086,0.11805050075054169,3.2694642543792725,196.5338134765625,0.6811939477920532,0.00017619680801804905
916,0.09796124324202538,0.0860917828977108,0.2373892441391945,14.26992654800415,0.5360458791255951,0.4973751902580261,6.298816680908203,378.634033203125,0.18243436515331268,0.18243436515331268,0.6744896173477173,0.2810552716255188,0.11779779195785522,3.2651498317718506,196.2744598388672,0.6806562542915344,0.00017535388361812596
917,0.09786441549658775,0.08603106066584587,0.23666705191135406,14.226513862609863,0.5358332693576813,0.4993848204612732,6.334133148193359,380.7569885253906,0.18267814815044403,0.18267814815044403,0.6747674942016602,0.28046914935112,0.11781111359596252,3.2531607151031494,195.55377197265625,0.6804377436637878,0.0001745133556535347
918,0.09788716584444046,0.08605891838669777,0.23656494915485382,14.22037649154663,0.5360564291477203,0.5017216205596924,6.380420684814453,383.5393981933594,0.18270054459571838,0.18270054459571838,0.6751021146774292,0.28106772899627686,0.11788991093635559,3.263556718826294,196.1787109375,0.6804274320602417,0.00017367522988516001
919,0.09782302379608154,0.08598087355494499,0.23684300482273102,14.23708963394165,0.535584881901741,0.5011241436004639,6.3663129806518555,382.69140625,0.18280845880508423,0.18280845880508423,0.6750552654266357,0.2799915075302124,0.11789603531360626,3.2419097423553467,194.87745666503906,0.6805855631828308,0.00017283951205742212
920,0.09782707318663597,0.08602111786603928,0.2361190915107727,14.19357442855835,0.5356367826461792,0.49900108575820923,6.331094264984131,380.5743408203125,0.18244636058807373,0.18244636058807373,0.6744795441627502,0.28099560737609863,0.11785125732421875,3.2628865242004395,196.13841247558594,0.6805710792541504,0.0001720062078982373
921,0.09787362441420555,0.0860988199710846,0.23549606651067734,14.156123161315918,0.5360500365495682,0.4987201690673828,6.326580047607422,380.302978515625,0.18239115178585052,0.18239115178585052,0.6745327711105347,0.2816116213798523,0.11780822277069092,3.2760677337646484,196.93077087402344,0.6804587841033936,0.0001711753231189792
922,0.0978490561246872,0.08604032918810844,0.23617450147867203,14.196905136108398,0.535765677690506,0.5005612373352051,6.355997085571289,382.0712585449219,0.18276134133338928,0.18276134133338928,0.6750502586364746,0.28088897466659546,0.11808959394693375,3.2559876441955566,195.7237091064453,0.6812126636505127,0.00017034686341443875
923,0.09785565361380577,0.08597271889448166,0.23765867948532104,14.286122798919678,0.5352332592010498,0.5012917518615723,6.371225357055664,382.9866638183594,0.18273043632507324,0.18273043632507324,0.6749362945556641,0.280903160572052,0.11815544962882996,3.2549538612365723,195.6615753173828,0.6815003156661987,0.00016952083446278627
924,0.0978105366230011,0.0859680138528347,0.23685050010681152,14.237542152404785,0.5354023277759552,0.4997985363006592,6.345107555389404,381.41668701171875,0.18254315853118896,0.18254315853118896,0.6746498942375183,0.2815241813659668,0.1181231141090393,3.2680211067199707,196.44708251953125,0.6816426515579224,0.0001686972419255314
925,0.09779174998402596,0.08596860244870186,0.23646296560764313,14.21424674987793,0.5355517864227295,0.4990153908729553,6.325203895568848,380.2202453613281,0.18275520205497742,0.18275520205497742,0.6749046444892883,0.28100502490997314,0.11795766651630402,3.2609472274780273,196.02183532714844,0.6810727119445801,0.00016787609144748545
926,0.09800272434949875,0.08615754917263985,0.23690345138311386,14.240724563598633,0.5362043976783752,0.5016012191772461,6.374732494354248,383.1974792480469,0.18286456167697906,0.18286456167697906,0.6756409406661987,0.2840004563331604,0.11791831254959106,3.3216426372528076,199.6703643798828,0.6803956627845764,0.00016705738865672182
927,0.09782655537128448,0.08594630844891071,0.23760487884283066,14.282888412475586,0.5355227589607239,0.5016078948974609,6.380397319793701,383.5380554199219,0.18258802592754364,0.18258802592754364,0.6748785376548767,0.28378912806510925,0.11789899319410324,3.317802667617798,199.43955993652344,0.680555522441864,0.0001662411391645376
928,0.0978325679898262,0.08600901439785957,0.2364710569381714,14.214731693267822,0.5358176231384277,0.5000019669532776,6.349915504455566,381.70574951171875,0.18250618875026703,0.18250618875026703,0.6743804812431335,0.28127172589302063,0.11785326898097992,3.26836895942688,196.4679718017578,0.6808274984359741,0.00016542734856541546
929,0.09771664440631866,0.08593473210930824,0.23563825339078903,14.164671897888184,0.5355118811130524,0.5021093487739563,6.391388893127441,384.1987609863281,0.1825399100780487,0.1825399100780487,0.6747961044311523,0.28271451592445374,0.11811185628175735,3.29205322265625,197.89170837402344,0.681258499622345,0.0001646160224369851
930,0.09773992747068405,0.08596202731132507,0.23555800318717957,14.159846782684326,0.5355953872203827,0.5018086433410645,6.378570556640625,383.4281921386719,0.18288010358810425,0.18288010358810425,0.6753580570220947,0.2820909321308136,0.11815394461154938,3.2787396907806396,197.0913848876953,0.6812413930892944,0.00016380716633998502
931,0.09783507883548737,0.0860610119998455,0.23548129200935364,14.15523624420166,0.5362626612186432,0.5022085905075073,6.387890338897705,383.9884338378906,0.18281404674053192,0.18281404674053192,0.6753339171409607,0.2834680676460266,0.11801944673061371,3.308972120285034,198.90870666503906,0.6808813810348511,0.00016300078581822424
932,0.09767753258347511,0.08588377013802528,0.23587524890899658,14.178916931152344,0.5351223349571228,0.5040793418884277,6.429121017456055,386.46685791015625,0.18262328207492828,0.18262328207492828,0.6747903823852539,0.28374147415161133,0.11794908344745636,3.315847873687744,199.3220672607422,0.6808948516845703,0.0001621968863985447
933,0.09783369675278664,0.08600477874279022,0.2365783005952835,14.221179485321045,0.5359297096729279,0.5020639896392822,6.38596248626709,383.8725891113281,0.1827659010887146,0.1827659010887146,0.6750221848487854,0.28196021914482117,0.11784319579601288,3.2823405265808105,197.30784606933594,0.6807082891464233,0.00016139547359078288
934,0.09771259874105453,0.08593221753835678,0.23560763895511627,14.162830829620361,0.5355672538280487,0.5020865201950073,6.389065265655518,384.0590515136719,0.18263328075408936,0.18263328075408936,0.674856424331665,0.28288236260414124,0.11787987500429153,3.3000495433807373,198.3723602294922,0.680748462677002,0.00016059655288773252
935,0.09772364050149918,0.08590690046548843,0.23633477091789246,14.206541061401367,0.5356279015541077,0.5031669735908508,6.408960342407227,385.2549743652344,0.18271894752979279,0.18271894752979279,0.6750566959381104,0.2841903567314148,0.11800797283649445,3.3236474990844727,199.7908935546875,0.6808900833129883,0.00015980012976510652
936,0.09787675365805626,0.08604355156421661,0.23666410148143768,14.22633695602417,0.5359698534011841,0.5025600790977478,6.392110824584961,384.2421569824219,0.18295453488826752,0.18295453488826752,0.6755974292755127,0.28395891189575195,0.11792903393507004,3.3205974102020264,199.60755920410156,0.6806267499923706,0.00015900620968149992
937,0.0977519080042839,0.08594955131411552,0.2360471487045288,14.189249992370605,0.5355801433324814,0.503315269947052,6.416579246520996,385.7129821777344,0.18248629570007324,0.18248629570007324,0.6746981739997864,0.284964919090271,0.11795799434185028,3.3401384353637695,200.78219604492188,0.6808620691299438,0.00015821479807835208
938,0.09776806831359863,0.08596128225326538,0.23613571375608444,14.194573879241943,0.5357415676116943,0.5006810426712036,6.360543251037598,382.3445129394531,0.18265384435653687,0.18265384435653687,0.675034761428833,0.28340229392051697,0.11800292879343033,3.3079869747161865,198.84950256347656,0.6809422969818115,0.00015742590037990937
939,0.09772659838199615,0.08595158904790878,0.2355002462863922,14.15637493133545,0.5357343554496765,0.5021071434020996,6.38546085357666,383.8423767089844,0.18283405900001526,0.18283405900001526,0.6750921010971069,0.2825075685977936,0.11798611283302307,3.29042911529541,197.79405212402344,0.6810851097106934,0.00015663952199318837
940,0.09766160696744919,0.08585057407617569,0.23622064292430878,14.199679374694824,0.5350700914859772,0.505759596824646,6.4599609375,388.3207092285156,0.1827615201473236,0.1827615201473236,0.6751625537872314,0.2853626608848572,0.11810803413391113,3.3450927734375,201.07998657226562,0.6812077760696411,0.00015585566830793863
941,0.09767312183976173,0.08578499779105186,0.2377624586224556,14.292361736297607,0.5349279493093491,0.5033504962921143,6.407619953155518,385.1744689941406,0.18296945095062256,0.18296945095062256,0.6755703687667847,0.2850831151008606,0.11816225945949554,3.338416814804077,200.67869567871094,0.6814496517181396,0.00015507434469660543
942,0.09764497354626656,0.08588093891739845,0.23528065532445908,14.143176078796387,0.5355197489261627,0.5017948746681213,6.378564357757568,383.42779541015625,0.1828666627407074,0.1828666627407074,0.6754274964332581,0.2847899794578552,0.11810096353292465,3.333780288696289,200.3999786376953,0.6812373399734497,0.00015429555651429316
943,0.09764887765049934,0.08589563891291618,0.23506473749876022,14.130195617675781,0.5355354845523834,0.5043080449104309,6.431900978088379,386.6340026855469,0.18271301686763763,0.18271301686763763,0.6749969720840454,0.28493204712867737,0.11804039031267166,3.3378329277038574,200.64358520507812,0.6809585094451904,0.0001535193090987291
944,0.09762368723750114,0.08583834022283554,0.23570694029331207,14.16879940032959,0.5352504700422287,0.5049046277999878,6.443996906280518,387.3611145019531,0.18270477652549744,0.18270477652549744,0.6748661994934082,0.28353238105773926,0.11784860491752625,3.313675880432129,199.19146728515625,0.6804162263870239,0.00015274560777022597
945,0.09760497882962227,0.08581673353910446,0.23576490581035614,14.172284603118896,0.5349527299404144,0.503467321395874,6.418679237365723,385.8392028808594,0.1825333833694458,0.1825333833694458,0.6745648980140686,0.2843133211135864,0.11792682111263275,3.327730178833008,200.03627014160156,0.6807619333267212,0.0001519744578316461
946,0.09761133044958115,0.08589132502675056,0.23440015316009521,14.090246677398682,0.5355407893657684,0.5024499893188477,6.393512725830078,384.326416015625,0.18277430534362793,0.18277430534362793,0.6751560568809509,0.284733384847641,0.11809102445840836,3.3328468799591064,200.34385681152344,0.6812787055969238,0.00015120586456836467
947,0.09769584983587265,0.08596604689955711,0.23459606617689133,14.102022171020508,0.5360560417175293,0.5046162009239197,6.432856559753418,386.69140625,0.18297334015369415,0.18297334015369415,0.6756675243377686,0.2843848764896393,0.11799318343400955,3.327833652496338,200.0425262451172,0.6808230876922607,0.00015043983324823402
948,0.09765814989805222,0.08585311844944954,0.23610060662031174,14.192464828491211,0.5351208448410034,0.5078191757202148,6.498051166534424,390.6104431152344,0.18291662633419037,0.18291662633419037,0.6754200458526611,0.2858232855796814,0.11811146885156631,3.354236364364624,201.62965393066406,0.6812205910682678,0.00014967636912154703
949,0.09762067347764969,0.08577487990260124,0.23691587150096893,14.24147081375122,0.5345053970813751,0.505648136138916,6.459776878356934,388.3096618652344,0.18265926837921143,0.18265926837921143,0.6748265027999878,0.2859612703323364,0.11800487339496613,3.35912823677063,201.92367553710938,0.6810284852981567,0.0001489154774210012
950,0.09761448204517365,0.08586114272475243,0.23506680876016617,14.130321025848389,0.5348749160766602,0.5038369297981262,6.419801712036133,385.9067077636719,0.18284684419631958,0.18284684419631958,0.6752480268478394,0.2859094440937042,0.1180264875292778,3.357659101486206,201.83538818359375,0.6810116171836853,0.00014815716336166314
951,0.09780065342783928,0.08603357896208763,0.23534150421619415,14.146833896636963,0.5360333025455475,0.5032863616943359,6.405394077301025,385.0406188964844,0.18301668763160706,0.18301668763160706,0.6758962869644165,0.2864092290401459,0.11808931082487106,3.366398572921753,202.3607177734375,0.6811761856079102,0.00014740143214093265
952,0.09755612909793854,0.08580989390611649,0.23492468893527985,14.121777534484863,0.5351863205432892,0.5069348812103271,6.480332851409912,389.5453796386719,0.18291819095611572,0.18291819095611572,0.6755727529525757,0.28597989678382874,0.11800282448530197,3.359541177749634,201.94851684570312,0.6808702349662781,0.00014664828893850676
953,0.0976298600435257,0.08577185124158859,0.23716018348932266,14.256156921386719,0.5350231826305389,0.5066611170768738,6.4779767990112305,389.4036865234375,0.1827622652053833,0.1827622652053833,0.6750385761260986,0.28552135825157166,0.11790350824594498,3.3523571491241455,201.5166778564453,0.6805530786514282,0.00014589773891634448
954,0.09763988479971886,0.08586541935801506,0.23548930138349533,14.155717372894287,0.5355034172534943,0.503053605556488,6.407536506652832,385.1694030761719,0.182676762342453,0.182676762342453,0.6749943494796753,0.28632688522338867,0.11787068843841553,3.369123697280884,202.5245361328125,0.6805191040039062,0.00014514978721863196
955,0.097580686211586,0.08585213869810104,0.2345709279179573,14.10051155090332,0.5355048179626465,0.5034565925598145,6.416382789611816,385.701171875,0.18263745307922363,0.18263745307922363,0.675057053565979,0.28735047578811646,0.11790284514427185,3.3889522552490234,203.71649169921875,0.6805177927017212,0.00014440443897174618
956,0.09756492078304291,0.08581770583987236,0.23494432866573334,14.122958183288574,0.5351551473140717,0.5071669816970825,6.485142230987549,389.8344421386719,0.18290986120700836,0.18290986120700836,0.6753612756729126,0.2857479453086853,0.11799625307321548,3.3550336360931396,201.6775665283203,0.6809294819831848,0.00014366169928422062
957,0.09753096476197243,0.0857740081846714,0.23513909429311752,14.134664535522461,0.5350876450538635,0.5077102184295654,6.493486404418945,390.3360290527344,0.18303591012954712,0.18303591012954712,0.6758220791816711,0.2864745557308197,0.11811215430498123,3.367248058319092,202.41180419921875,0.6811509132385254,0.00014292157324670982
958,0.09757280722260475,0.08582421392202377,0.23497183620929718,14.124611377716064,0.5352772772312164,0.5059376955032349,6.461705684661865,388.4256591796875,0.18285241723060608,0.18285241723060608,0.6754715442657471,0.2869601249694824,0.11800582706928253,3.3790862560272217,203.1234130859375,0.6809313893318176,0.00014218406593195502
959,0.09765629470348358,0.0859019123017788,0.23508762568235397,14.13157320022583,0.5352027118206024,0.5064189434051514,6.472951412200928,389.10162353515625,0.18277135491371155,0.18277135491371155,0.6749991178512573,0.287771612405777,0.1179094910621643,3.397242307662964,204.21481323242188,0.6807724237442017,0.0001414491823947486
960,0.09758297726511955,0.08581451699137688,0.2353692129254341,14.148499011993408,0.535037636756897,0.5057582855224609,6.460318565368652,388.34222412109375,0.1827423870563507,0.1827423870563507,0.675321102142334,0.2885717749595642,0.11793231964111328,3.4127888679504395,205.14935302734375,0.6805602312088013,0.00014071692767189998
961,0.09775826707482338,0.086028553545475,0.23459427058696747,14.101914882659912,0.5357156991958618,0.5060877799987793,6.462121486663818,388.4505920410156,0.1829816848039627,0.1829816848039627,0.6758096814155579,0.2868121266365051,0.11791518330574036,3.3779385089874268,203.05441284179688,0.6804380416870117,0.0001399873067822011
962,0.0975046306848526,0.0857703872025013,0.23468489199876785,14.107362747192383,0.5352809727191925,0.5088932514190674,6.518301963806152,391.8277893066406,0.18297816812992096,0.18297816812992096,0.6756206154823303,0.2869093418121338,0.11787432432174683,3.3807003498077393,203.22042846679688,0.6803405284881592,0.00013926032472639198
963,0.09748705849051476,0.08567791804671288,0.236182801425457,14.197405338287354,0.5346684902906418,0.5089508295059204,6.523189067840576,392.12152099609375,0.18279138207435608,0.18279138207435608,0.6752633452415466,0.2888762354850769,0.11795062571763992,3.4185123443603516,205.49337768554688,0.680591344833374,0.00013853598648712619
964,0.09749970957636833,0.08571793884038925,0.2356354519724846,14.16450309753418,0.5347804725170135,0.5060433149337769,6.462738037109375,388.4876708984375,0.1829063892364502,0.1829063892364502,0.6754438877105713,0.28875720500946045,0.11808030307292938,3.4135379791259766,205.19436645507812,0.681084394454956,0.00013781429702893668
965,0.09751347824931145,0.08581447973847389,0.2339799553155899,14.064987182617188,0.5351288914680481,0.505738377571106,6.456796646118164,388.1305236816406,0.18289852142333984,0.18289852142333984,0.6753284931182861,0.2874748110771179,0.11812542378902435,3.3869874477386475,203.59835815429688,0.681505560874939,0.0001370952612982025
966,0.09744831174612045,0.08572821691632271,0.23440192639827728,14.090352535247803,0.5347979366779327,0.5084835886955261,6.510888576507568,391.38214111328125,0.18293914198875427,0.18293914198875427,0.6754534244537354,0.28700071573257446,0.1181146502494812,3.3777213096618652,203.04136657714844,0.6814249753952026,0.00013637888422311393
967,0.09743126481771469,0.08567820116877556,0.23506125062704086,14.12998628616333,0.5345635414123535,0.5094282627105713,6.529183387756348,392.4818115234375,0.1829691231250763,0.1829691231250763,0.675581693649292,0.28803032636642456,0.11804298311471939,3.3997466564178467,204.36534118652344,0.6809799671173096,0.0001356651707136392
968,0.09753257408738136,0.08575902506709099,0.2354709357023239,14.154613018035889,0.5347731113433838,0.5078585147857666,6.4993696212768555,390.6896667480469,0.18289004266262054,0.18289004266262054,0.675426721572876,0.2893054485321045,0.11805526912212372,3.4250035285949707,205.8835906982422,0.6808565855026245,0.0001349541256614906
969,0.09748367965221405,0.08573925495147705,0.2348884791135788,14.119600296020508,0.5348357856273651,0.5055961608886719,6.452686309814453,387.8834533691406,0.1829618364572525,0.1829618364572525,0.6756109595298767,0.28832730650901794,0.11793588101863861,3.4078285694122314,204.8511505126953,0.6806254386901855,0.00013424575394009169
970,0.09763984754681587,0.08584796637296677,0.2358376756310463,14.17665958404541,0.5354235619306564,0.5082046389579773,6.506248950958252,391.10321044921875,0.18289215862751007,0.18289215862751007,0.6752857565879822,0.2880401015281677,0.11792927980422974,3.4022164344787598,204.51382446289062,0.6807635426521301,0.0001335400604045427
971,0.09746364876627922,0.08567976951599121,0.23567762225866318,14.167037963867188,0.5345724523067474,0.5101950168609619,6.545864582061768,393.4845886230469,0.1829017698764801,0.1829017698764801,0.6755480170249939,0.2891240417957306,0.11818023771047592,3.4188759326934814,205.5152130126953,0.6814221143722534,0.00013283704989158803
972,0.09751632809638977,0.08574248850345612,0.2354767695069313,14.154964923858643,0.5350583493709564,0.507580578327179,6.486850261688232,389.9371032714844,0.18323805928230286,0.18323805928230286,0.6761190295219421,0.28877872228622437,0.11813947558403015,3.412785053253174,205.1490936279297,0.6813207864761353,0.00013213672721958315
973,0.09745578840374947,0.0857696495950222,0.23372278362512589,14.0495285987854,0.5352032482624054,0.508995532989502,6.519192695617676,391.88128662109375,0.18303588032722473,0.18303588032722473,0.6756694316864014,0.29008248448371887,0.11805199086666107,3.4406096935272217,206.82168579101562,0.6809552311897278,0.00013143909718846137
974,0.0974029079079628,0.085698451846838,0.23408911377191544,14.071549892425537,0.5347758829593658,0.5103012323379517,6.547208786010742,393.56536865234375,0.18294081091880798,0.18294081091880798,0.6755515933036804,0.2894378900527954,0.11801135540008545,3.42853045463562,206.09559631347656,0.6808236241340637,0.00013074416457970058
975,0.09740830212831497,0.08568056300282478,0.23455475270748138,14.099539756774902,0.5347059965133667,0.5108984112739563,6.5561628341674805,394.1036376953125,0.18309026956558228,0.18309026956558228,0.6757882833480835,0.28768521547317505,0.11804716289043427,3.39276123046875,203.94544982910156,0.680910050868988,0.00013005193415629106
976,0.09776484221220016,0.08603565394878387,0.2345837652683258,14.101284503936768,0.5358668267726898,0.5079106092453003,6.499980926513672,390.7264404296875,0.18291151523590088,0.18291151523590088,0.6757636070251465,0.2882102429866791,0.1179153099656105,3.4058985710144043,204.7351531982422,0.6804680228233337,0.00012936241066270287
977,0.09749817475676537,0.08577778935432434,0.2344077005982399,14.090699672698975,0.5356111824512482,0.508330225944519,6.511208534240723,391.4013366699219,0.18276983499526978,0.18276983499526978,0.6752878427505493,0.2892608642578125,0.11773641407489777,3.4304885864257812,206.21328735351562,0.6800982356071472,0.00012867559882485266
978,0.0974990501999855,0.08575263246893883,0.23492836952209473,14.121997833251953,0.5350001752376556,0.5108642578125,6.5611252784729,394.4019470214844,0.18280796706676483,0.18280796706676483,0.6750400066375732,0.2903011739253998,0.11785227805376053,3.4489779472351074,207.32472229003906,0.6805188059806824,0.00012799150335007184
979,0.09749379754066467,0.0856318287551403,0.23723936080932617,14.26091718673706,0.5342562198638916,0.5108631253242493,6.559056758880615,394.2776184082031,0.18291030824184418,0.18291030824184418,0.6753298044204712,0.28914526104927063,0.1180073618888855,3.422757863998413,205.7485809326172,0.6810645461082458,0.00012731012892707418
980,0.09761033952236176,0.08596828579902649,0.23284108936786652,13.996528148651123,0.5362146496772766,0.5078932046890259,6.498381614685059,390.6302490234375,0.18297410011291504,0.18297410011291504,0.6758701205253601,0.2894582748413086,0.11802729964256287,3.428619384765625,206.10092163085938,0.6810837984085083,0.00012663148022592377
981,0.09759582579135895,0.08584856241941452,0.23494525253772736,14.123014450073242,0.5359451472759247,0.5085998773574829,6.512876987457275,391.5016174316406,0.18295598030090332,0.18295598030090332,0.6758402585983276,0.2901993989944458,0.11795007437467575,3.444986343383789,207.0847930908203,0.6808359026908875,0.00012595556189800284
982,0.09732068330049515,0.08565743640065193,0.23326491564512253,14.022003650665283,0.5350142121315002,0.5108526945114136,6.562713623046875,394.4974060058594,0.182716965675354,0.182716965675354,0.6750167608261108,0.29055091738700867,0.11771086603403091,3.456800699234009,207.7949676513672,0.6801173686981201,0.00012528237857597978
983,0.09745005145668983,0.08557339012622833,0.23753324896097183,14.27858304977417,0.5343526601791382,0.5117312669754028,6.581803798675537,395.64495849609375,0.18264102935791016,0.18264102935791016,0.6749159693717957,0.2911316156387329,0.11777622997760773,3.4671072959899902,208.41453552246094,0.6801013350486755,0.00012461193487377773
984,0.09747573360800743,0.08570249378681183,0.23546479642391205,14.154244422912598,0.5348365008831024,0.5087249279022217,6.518287181854248,391.82684326171875,0.18281055986881256,0.18281055986881256,0.6753638386726379,0.28974854946136475,0.11783291399478912,3.4383130073547363,206.68362426757812,0.6803499460220337,0.00012394423538654298
985,0.09733337536454201,0.08567595854401588,0.23314838111400604,14.015000820159912,0.5350669920444489,0.5096173882484436,6.531221389770508,392.6044006347656,0.1830563098192215,0.1830563098192215,0.6758072376251221,0.2894841134548187,0.11808394640684128,3.4280033111572266,206.06390380859375,0.6812232732772827,0.0001232792846906129
986,0.0974164828658104,0.08573655039072037,0.23359865695238113,14.042068004608154,0.5354214012622833,0.5113058090209961,6.563844680786133,394.5654296875,0.18311356008052826,0.18311356008052826,0.675944983959198,0.29036745429039,0.11813631653785706,3.444622755050659,207.0629425048828,0.681219220161438,0.000122617087343485
987,0.09730058535933495,0.0855882503092289,0.23424673825502396,14.081024646759033,0.534564197063446,0.5125231146812439,6.590433120727539,396.1636657714844,0.18300145864486694,0.18300145864486694,0.6754336357116699,0.2913973331451416,0.117958664894104,3.468773126602173,208.51466369628906,0.6806719303131104,0.00012195764788378597
988,0.09740757942199707,0.08559039607644081,0.23634370416402817,14.20707654953003,0.534184455871582,0.5117290616035461,6.576905727386475,395.3505554199219,0.18288375437259674,0.18288375437259674,0.6751192808151245,0.2918054759502411,0.11791100353002548,3.4778895378112793,209.0626678466797,0.6805927157402039,0.00012130097083123988
989,0.09748563915491104,0.0857904925942421,0.2339029312133789,14.060357570648193,0.5349174290895462,0.5100585222244263,6.544340133666992,393.3929138183594,0.18284152448177338,0.18284152448177338,0.6755050420761108,0.29106220602989197,0.11795758455991745,3.462092399597168,208.1130828857422,0.6807560920715332,0.00012064706068663775
990,0.0973208025097847,0.0856543704867363,0.23332859575748444,14.025832653045654,0.5349099040031433,0.5118066072463989,6.576552867889404,395.3293151855469,0.18297898769378662,0.18297898769378662,0.6756882071495056,0.29034626483917236,0.11806031316518784,3.4457192420959473,207.12884521484375,0.6810628175735474,0.00011999592193180642
991,0.09739019721746445,0.0856892392039299,0.23401915282011032,14.067343711853027,0.5348422229290009,0.5123420357704163,6.584611415863037,395.8137512207031,0.18311145901679993,0.18311145901679993,0.6759049296379089,0.29121673107147217,0.1181618720293045,3.461097002029419,208.05323791503906,0.6811654567718506,0.0001193475590295782
992,0.09731175377964973,0.08559095114469528,0.23441601544618607,14.09119987487793,0.5343185663223267,0.5112036466598511,6.56041955947876,394.3595275878906,0.18318268656730652,0.18318268656730652,0.6758357882499695,0.29196619987487793,0.11808167397975922,3.4776906967163086,209.05067443847656,0.6809170246124268,0.00011870197642375958
993,0.09733230620622635,0.08560845255851746,0.23447712510824203,14.094873428344727,0.5345632880926132,0.5107207894325256,6.55538272857666,394.05670166015625,0.1829516738653183,0.1829516738653183,0.6755642890930176,0.2920888066291809,0.11805486679077148,3.4806790351867676,209.23033142089844,0.6808508634567261,0.00011805917853910158
994,0.09729674831032753,0.08560217544436455,0.23389147967100143,14.059668064117432,0.5346092581748962,0.5108542442321777,6.560423851013184,394.3597412109375,0.18283303081989288,0.18283303081989288,0.6753750443458557,0.29135048389434814,0.11795030534267426,3.468003273010254,208.46839904785156,0.6805837154388428,0.00011741916978126905
995,0.09727741777896881,0.08560080081224442,0.23353228718042374,14.038077354431152,0.5345833897590637,0.5113207101821899,6.565150260925293,394.6438903808594,0.18306317925453186,0.18306317925453186,0.6756944060325623,0.2907842695713043,0.11795735359191895,3.456538200378418,207.77919006347656,0.6806553602218628,0.00011678195453681021
996,0.0974857248365879,0.08577417954802513,0.23423085361719131,14.08007001876831,0.5351470410823822,0.5119138956069946,6.578473091125488,395.4447021484375,0.18299023807048798,0.18299023807048798,0.6755070686340332,0.29271963238716125,0.1180579736828804,3.4932332038879395,209.98501586914062,0.681014358997345,0.00011614753717312706
997,0.09732971712946892,0.08563443273305893,0.23390572518110275,14.060525894165039,0.5343390107154846,0.5106878280639648,6.553008079528809,393.91400146484375,0.18303745985031128,0.18303745985031128,0.6759228706359863,0.293567955493927,0.11813714355230331,3.5086164474487305,210.9097137451172,0.6812596917152405,0.00011551592203844503
998,0.09725869074463844,0.0855952799320221,0.23326820880174637,14.022202968597412,0.5348537266254425,0.5114564895629883,6.568579196929932,394.8500061035156,0.1830275058746338,0.1830275058746338,0.6758319735527039,0.29210740327835083,0.11808055639266968,3.480536699295044,209.2218017578125,0.6811605095863342,0.00011488711346178371
999,0.09724275022745132,0.08558769896626472,0.2331010103225708,14.012151718139648,0.534630611538887,0.5136309266090393,6.612824440002441,397.5096435546875,0.1829896718263626,0.1829896718263626,0.6756001710891724,0.2922770380973816,0.1179271787405014,3.48699688911438,209.61012268066406,0.6806209683418274,0.00011426111575292664
1000,0.09724472463130951,0.08554089069366455,0.23407665640115738,14.070799350738525,0.5342960357666016,0.5136433839797974,6.616678237915039,397.7413024902344,0.1828095018863678,0.1828095018863678,0.6752278804779053,0.292726069688797,0.11783747375011444,3.497771978378296,210.2578582763672,0.6802991032600403,0.00011363793320239197
1001,0.09725350886583328,0.08552205190062523,0.23462913930416107,14.104010581970215,0.5341158807277679,0.5121719241142273,6.5868940353393555,395.9509582519531,0.1828271895647049,0.1828271895647049,0.6752403974533081,0.2924366295337677,0.1178632378578186,3.4914677143096924,209.87887573242188,0.6803845167160034,0.00011301757008140304
1002,0.09720883890986443,0.0855681486427784,0.23281383514404297,13.994889259338379,0.5344676077365875,0.5115322470664978,6.571117401123047,395.0025634765625,0.1829763501882553,0.1829763501882553,0.6755268573760986,0.2915959358215332,0.11796028912067413,3.472712993621826,208.7515106201172,0.680720865726471,0.00011240003064185949
1003,0.09721758216619492,0.08559942618012428,0.23236310482025146,13.967795372009277,0.5347751080989838,0.5125007629394531,6.5894951820373535,396.1073303222656,0.1830260008573532,0.1830260008573532,0.675844669342041,0.292834997177124,0.11808721721172333,3.494955539703369,210.08853149414062,0.6810453534126282,0.00011178531911630718
1004,0.09723280370235443,0.08558028191328049,0.23305048793554306,14.009115219116211,0.5346208214759827,0.5128093361854553,6.597135543823242,396.5665283203125,0.18295255303382874,0.18295255303382874,0.675559937953949,0.29344621300697327,0.11799578368663788,3.5090084075927734,210.93328857421875,0.6808511018753052,0.0001111734397179102
1005,0.09720098972320557,0.08556433767080307,0.23273300379514694,13.990030288696289,0.5344707369804382,0.5128055810928345,6.59729528427124,396.5762023925781,0.18294081091880798,0.18294081091880798,0.6753038763999939,0.2928713262081146,0.11786963790655136,3.5000336170196533,210.39378356933594,0.6804785132408142,0.00011056439664042159
1006,0.09728773310780525,0.08557963371276855,0.23416199535131454,14.07593059539795,0.5342800915241241,0.5133459568023682,6.608839988708496,397.2701416015625,0.18290391564369202,0.18290391564369202,0.6752519011497498,0.29301851987838745,0.11791695654392242,3.5020313262939453,210.5138702392578,0.6806224584579468,0.00010995819405815428
1007,0.09717811644077301,0.08551305532455444,0.23330126702785492,14.024189472198486,0.5340613722801208,0.5130369067192078,6.6046037673950195,397.0155029296875,0.18280668556690216,0.18280668556690216,0.6753412485122681,0.29335322976112366,0.11800646036863327,3.5069353580474854,210.80865478515625,0.6807929277420044,0.00010935483612595288
1008,0.09723732620477676,0.08554797619581223,0.23378697782754898,14.05338716506958,0.5344820916652679,0.5120419859886169,6.580852031707764,395.5877685546875,0.1829993575811386,0.1829993575811386,0.6756352186203003,0.2919137477874756,0.11794841289520264,3.479306936264038,209.14785766601562,0.6806802749633789,0.00010875432697916504
1009,0.0972377173602581,0.08555934578180313,0.2335674911737442,14.040193557739258,0.5345023274421692,0.5123791098594666,6.585083484649658,395.8421325683594,0.18312491476535797,0.18312491476535797,0.6758146286010742,0.29224449396133423,0.11790601909160614,3.486769676208496,209.59645080566406,0.6805111169815063,0.00010815667073361336
1010,0.09722628444433212,0.08555279299616814,0.2334698662161827,14.034324645996094,0.5346073508262634,0.5125216245651245,6.5935282707214355,396.3497314453125,0.18284517526626587,0.18284517526626587,0.67546546459198,0.29436320066452026,0.11786462366580963,3.5299718379974365,212.19346618652344,0.6803120970726013,0.00010756187148556673
1011,0.09722677618265152,0.08551221340894699,0.23429127782583237,14.083701610565186,0.5345067381858826,0.5132500529289246,6.609108924865723,397.2862854003906,0.18279460072517395,0.18279460072517395,0.6753071546554565,0.29432353377342224,0.11783523857593536,3.5297658443450928,212.18106079101562,0.6801962852478027,0.00010696993331171266
1012,0.0972546935081482,0.08558394014835358,0.23341505974531174,14.031030178070068,0.534772127866745,0.5134494304656982,6.60961389541626,397.3166809082031,0.18296875059604645,0.18296875059604645,0.6755133867263794,0.2930910587310791,0.11791165173053741,3.5035879611968994,210.60745239257812,0.6804792284965515,0.00010638086026912896
1013,0.09724130481481552,0.08557096123695374,0.2334069088101387,14.030541896820068,0.5346012711524963,0.5143601894378662,6.63055419921875,398.575439453125,0.1828324794769287,0.1828324794769287,0.6753451824188232,0.29435616731643677,0.11799415200948715,3.527240514755249,212.0292510986328,0.6807584166526794,0.0001057946563952565
1014,0.09721359238028526,0.08551565185189247,0.23395881056785583,14.063715934753418,0.534352257847786,0.5139561295509338,6.6204833984375,397.97003173828125,0.18293195962905884,0.18293195962905884,0.6756864190101624,0.2940167784690857,0.11803361773490906,3.519662857055664,211.57374572753906,0.6807918548583984,0.00010521132570787084
1015,0.09720063954591751,0.08553658425807953,0.23328116536140442,14.022982597351074,0.5345654189586639,0.5142275094985962,6.623937129974365,398.17767333984375,0.1830306351184845,0.1830306351184845,0.6756930351257324,0.2922915816307068,0.11798623204231262,3.4861066341400146,209.55661010742188,0.6808518171310425,0.00010463087220505528
1016,0.09716784581542015,0.08550895750522614,0.2331777662038803,14.016767024993896,0.534328356385231,0.5143184661865234,6.626977443695068,398.3603820800781,0.1829695701599121,0.1829695701599121,0.6755961775779724,0.2933746576309204,0.11799754202365875,3.507542133331299,210.84515380859375,0.6807559728622437,0.00010405329986517322
1017,0.0972057580947876,0.08555398881435394,0.2330353781580925,14.008206367492676,0.5346707403659821,0.5131732225418091,6.606520652770996,397.1307373046875,0.18284714221954346,0.18284714221954346,0.6754557490348816,0.29553425312042236,0.11794359982013702,3.5518131256103516,213.50636291503906,0.6805402040481567,0.00010347861264684072
1018,0.09726149216294289,0.08560691401362419,0.23309161514043808,14.011588096618652,0.5349376797676086,0.5129988193511963,6.601561546325684,396.8326416015625,0.1829206943511963,0.1829206943511963,0.6753667593002319,0.2954540252685547,0.11779633164405823,3.553154230117798,213.58697509765625,0.6802875399589539,0.00010290681448889955
1019,0.09720038622617722,0.0855359435081482,0.23328889161348343,14.023446559906006,0.5345260202884674,0.5151309967041016,6.644433498382568,399.40972900390625,0.1829092800617218,0.1829092800617218,0.6752889156341553,0.29541078209877014,0.11791251599788666,3.5499651432037354,213.395263671875,0.6805275678634644,0.00010233790931039032
1020,0.09720981493592262,0.08549855649471283,0.23422517627477646,14.07972764968872,0.5340251922607422,0.5160089731216431,6.6610822677612305,400.4104919433594,0.18295487761497498,0.18295487761497498,0.675463080406189,0.2948046326637268,0.11806496977806091,3.534792900085449,212.4832305908203,0.680939793586731,0.0001017719010105255
1021,0.09728595241904259,0.08562568202614784,0.2332053706049919,14.018426418304443,0.5345320105552673,0.5147865414619446,6.6342620849609375,398.7983703613281,0.18307343125343323,0.18307343125343323,0.6757872104644775,0.29497361183166504,0.11823534220457077,3.5347652435302734,212.48158264160156,0.6813526153564453,0.00010120879346866256
1022,0.0972580686211586,0.08563660830259323,0.23242917656898499,13.97176742553711,0.5350605100393295,0.5122487545013428,6.5818071365356445,395.6451416015625,0.18315839767456055,0.18315839767456055,0.6760302782058716,0.2947935163974762,0.11811403930187225,3.5335893630981445,212.410888671875,0.6810715794563293,0.00010064859054427746
1023,0.09718278795480728,0.0855349488556385,0.23295680433511734,14.00348424911499,0.5344164371490479,0.5131567120552063,6.603568077087402,396.9532470703125,0.1829783022403717,0.1829783022403717,0.675560712814331,0.29519104957580566,0.11796265840530396,3.544567823410034,213.07083129882812,0.6805936694145203,0.00010009129607693832
1024,0.0971432477235794,0.08546248450875282,0.23361527919769287,14.04306697845459,0.5341950356960297,0.5146892666816711,6.639346599578857,399.10394287109375,0.18272195756435394,0.18272195756435394,0.6750277876853943,0.2947925329208374,0.11779899895191193,3.539870262145996,212.78842163085938,0.6800919771194458,9.953691388627918e-05
1025,0.09714911505579948,0.08544228598475456,0.23413657397031784,14.074402332305908,0.5340270102024078,0.5153984427452087,6.65083122253418,399.7942810058594,0.18285688757896423,0.18285688757896423,0.6752516031265259,0.29439255595207214,0.1179109513759613,3.529632091522217,212.1730194091797,0.6804774403572083,9.898544777197328e-05
1026,0.09711597114801407,0.08546757698059082,0.23296787589788437,14.004149436950684,0.5342027246952057,0.5142781734466553,6.62653112411499,398.3336486816406,0.18295162916183472,0.18295162916183472,0.6755425930023193,0.2944682836532593,0.11794331669807434,3.5304996967315674,212.2251434326172,0.6805921792984009,9.843690151370771e-05
1027,0.09711116179823875,0.08549787104129791,0.23226580023765564,13.961946487426758,0.5344200432300568,0.5141249895095825,6.623945236206055,398.1781311035156,0.18292772769927979,0.18292772769927979,0.6755977869033813,0.2957879304885864,0.11801420152187347,3.555474281311035,213.72645568847656,0.6807280778884888,9.789127887115725e-05
1028,0.0971456952393055,0.08551584929227829,0.23259693384170532,13.981852054595947,0.5346091985702515,0.514319896697998,6.625875949859619,398.294189453125,0.18302609026432037,0.18302609026432037,0.6757597923278809,0.29546505212783813,0.1180785596370697,3.5477302074432373,213.2609405517578,0.6809574365615845,9.734858358395826e-05
1029,0.09707403928041458,0.08548101037740707,0.23186061531305313,13.9375901222229,0.5344293713569641,0.5152288675308228,6.644238471984863,399.3980407714844,0.18301695585250854,0.18301695585250854,0.6755853891372681,0.2950311005115509,0.11800263822078705,3.5405690670013428,212.8304443359375,0.6807085275650024,9.680881937168352e-05
1030,0.09709422290325165,0.08545598015189171,0.2327648550271988,13.991945743560791,0.5341997146606445,0.5154319405555725,6.652045726776123,399.8674011230469,0.18282966315746307,0.18282966315746307,0.6751774549484253,0.29544389247894287,0.11789681762456894,3.5509414672851562,213.45394897460938,0.6804131865501404,9.627198993381637e-05
1031,0.09707503765821457,0.08544084429740906,0.23268385231494904,13.98707628250122,0.5341037511825562,0.5152442455291748,6.648646831512451,399.6629943847656,0.18281185626983643,0.18281185626983643,0.6751821637153625,0.2963252067565918,0.11793115735054016,3.567880630493164,214.47219848632812,0.6804832816123962,9.573809894972587e-05
1032,0.09708205983042717,0.08545788377523422,0.23248351365327835,13.9750337600708,0.5342616736888885,0.5151253938674927,6.64585542678833,399.4952087402344,0.18283259868621826,0.18283259868621826,0.6751824617385864,0.2958785891532898,0.11790043860673904,3.559562921524048,213.9722137451172,0.6805286407470703,9.520715007864097e-05
1033,0.09706379845738411,0.08545985072851181,0.2320788949728012,13.950710773468018,0.5342209041118622,0.5156578421592712,6.653204441070557,399.93695068359375,0.18299761414527893,0.18299761414527893,0.6756795644760132,0.2955683469772339,0.11797881126403809,3.551790714263916,213.5050048828125,0.680632472038269,9.46791469596257e-05
1034,0.09704418107867241,0.08544942736625671,0.23189504444599152,13.939658641815186,0.5342640280723572,0.5162180662155151,6.664390563964844,400.60943603515625,0.18299850821495056,0.18299850821495056,0.6757200956344604,0.29605236649513245,0.11801601201295853,3.5607268810272217,214.04217529296875,0.6807317733764648,9.415409321155435e-05
1035,0.09707809239625931,0.08547240495681763,0.23211375623941422,13.952807426452637,0.5344158411026001,0.5155760049819946,6.649618625640869,399.721435546875,0.18309509754180908,0.18309509754180908,0.6758767366409302,0.29657500982284546,0.1179606169462204,3.5722875595092773,214.73712158203125,0.6805099844932556,9.363199243308662e-05
1036,0.09707404673099518,0.08546586334705353,0.232163704931736,13.955808639526367,0.534186601638794,0.5152256488800049,6.644994735717773,399.4434814453125,0.1829759031534195,0.1829759031534195,0.6754852533340454,0.297093003988266,0.11794552952051163,3.58294939994812,215.3780059814453,0.680489718914032,9.31128482026426e-05
1037,0.09706147015094757,0.08540521934628487,0.23312504589557648,14.013597011566162,0.5339820981025696,0.51493239402771,6.640799522399902,399.1913146972656,0.18289239704608917,0.18289239704608917,0.6752354502677917,0.2966468334197998,0.1179238110780716,3.57446026802063,214.8677215576172,0.6805339455604553,9.259666407837888e-05
1038,0.09703725948929787,0.08542030304670334,0.23233912885189056,13.96635389328003,0.5340947657823563,0.5156280398368835,6.656172275543213,400.1153564453125,0.1828194409608841,0.1828194409608841,0.6752207279205322,0.29600659012794495,0.11796808242797852,3.560770034790039,214.04476928710938,0.6806679964065552,9.208344359816365e-05
1039,0.09706570208072662,0.08543931692838669,0.2325277179479599,13.977690696716309,0.5341668277978897,0.51667720079422,6.6760430335998535,401.30987548828125,0.18287503719329834,0.18287503719329834,0.6753817200660706,0.2961359918117523,0.11802394688129425,3.5622408390045166,214.1331787109375,0.6807569265365601,9.157319027955257e-05
1040,0.09712261706590652,0.08549674600362778,0.23251744359731674,13.977073192596436,0.5342272073030472,0.516342282295227,6.666788101196289,400.7535400390625,0.18300284445285797,0.18300284445285797,0.6755142211914062,0.2965547740459442,0.11804883927106857,3.5701189041137695,214.60675048828125,0.6808009147644043,9.106590761976478e-05
1041,0.09702564775943756,0.08541548252105713,0.23220331221818924,13.958190441131592,0.5339586734771729,0.5148534774780273,6.636232376098633,398.916748046875,0.18304181098937988,0.18304181098937988,0.6756571531295776,0.2978253960609436,0.11804038286209106,3.5957000255584717,216.14450073242188,0.6807405948638916,9.056159909565868e-05
1042,0.09711149334907532,0.08545541018247604,0.23312167823314667,14.013394832611084,0.5343140065670013,0.5156153440475464,6.65255069732666,399.8976745605469,0.182987779378891,0.182987779378891,0.6756417155265808,0.2975659668445587,0.11808358877897263,3.5896477699279785,215.78065490722656,0.680869460105896,9.006026816370866e-05
1043,0.09699872508645058,0.0854014977812767,0.23194459080696106,13.942638397216797,0.5339857637882233,0.5159299373626709,6.6582441329956055,400.2398986816406,0.18301771581172943,0.18301771581172943,0.6756287813186646,0.2961508631706238,0.11798955500125885,3.563225746154785,214.19239807128906,0.6806868314743042,8.956191825998066e-05
1044,0.09703673794865608,0.08542832732200623,0.23216820508241653,13.956079959869385,0.5340888500213623,0.516747236251831,6.675073146820068,401.2515869140625,0.1829935610294342,0.1829935610294342,0.6756075024604797,0.2963137924671173,0.11800814419984818,3.566112995147705,214.36593627929688,0.6807214021682739,8.90665528001092e-05
1045,0.09700198099017143,0.08541810512542725,0.23167752474546432,13.926584720611572,0.5341267883777618,0.5168553590774536,6.679628849029541,401.52545166015625,0.18287393450737,0.18287393450737,0.6754724979400635,0.2970413267612457,0.11794410645961761,3.581944465637207,215.31761169433594,0.6805408000946045,8.85741751792735e-05
1046,0.09703050181269646,0.0854140967130661,0.23232809454202652,13.965691566467285,0.5341031402349472,0.5172847509384155,6.6865715980529785,401.9427490234375,0.18295618891716003,0.18295618891716003,0.6755037307739258,0.29715484380722046,0.11795926094055176,3.583911657333374,215.4358673095703,0.6805763244628906,8.808478877217474e-05
1047,0.0969926305115223,0.08539324253797531,0.23198776692152023,13.94523286819458,0.5340403616428375,0.5167521834373474,6.676468849182129,401.3354797363281,0.18292875587940216,0.18292875587940216,0.6753631830215454,0.29699432849884033,0.11789044737815857,3.5820775032043457,215.32559204101562,0.6804572343826294,8.75983969330127e-05
1048,0.09700698032975197,0.08541031554341316,0.23193328827619553,13.9419584274292,0.5340466797351837,0.516548752784729,6.670933723449707,401.0027160644531,0.1830020248889923,0.1830020248889923,0.6755281686782837,0.2974434196949005,0.11797372251749039,3.5893936157226562,215.765380859375,0.6806485056877136,8.711500299546234e-05
1049,0.09698246791958809,0.08540361747145653,0.23157694935798645,13.920537948608398,0.5340692102909088,0.5163592100143433,6.668285369873047,400.843505859375,0.18294495344161987,0.18294495344161987,0.6755753755569458,0.29796352982521057,0.11793538928031921,3.600562810897827,216.436767578125,0.6804865002632141,8.663461027265183e-05
1050,0.09705280140042305,0.08546227961778641,0.23181048035621643,13.934576511383057,0.5343897044658661,0.5164955854415894,6.672476291656494,401.0954284667969,0.18287178874015808,0.18287178874015808,0.6754624247550964,0.2978261709213257,0.11786128580570221,3.5992977619171143,216.36074829101562,0.6801282167434692,8.615722205713893e-05
1051,0.09708938375115395,0.08548445999622345,0.2320985049009323,13.951890468597412,0.5342933386564255,0.5175825357437134,6.692729949951172,402.3129577636719,0.18294602632522583,0.18294602632522583,0.6753296852111816,0.2969783544540405,0.11790050566196442,3.581556558609009,215.29428100585938,0.6803209185600281,8.568284162088912e-05
1052,0.09698450192809105,0.0853600800037384,0.23248843848705292,13.975330352783203,0.5338380038738251,0.5175474286079407,6.693263053894043,402.344970703125,0.18288427591323853,0.18288427591323853,0.675273597240448,0.29716846346855164,0.11793826520442963,3.584604024887085,215.47747802734375,0.6804913878440857,8.521147221525264e-05
1053,0.09695731103420258,0.08536073938012123,0.2319313883781433,13.941844463348389,0.5339254587888718,0.5170927047729492,6.6842041015625,401.8004150390625,0.18288250267505646,0.18288250267505646,0.6753942966461182,0.2977893054485321,0.11798939108848572,3.5959982872009277,216.16241455078125,0.6806886196136475,8.474311707094275e-05
1054,0.09699789807200432,0.08539997041225433,0.23195859044790268,13.943479537963867,0.534100204706192,0.5169862508773804,6.680159091949463,401.5572509765625,0.1829783171415329,0.1829783171415329,0.6755516529083252,0.2981491684913635,0.11804892867803574,3.6020047664642334,216.52346801757812,0.6808558702468872,8.427777939801318e-05
1055,0.09719937667250633,0.08559766411781311,0.23203420639038086,13.948024272918701,0.5351713597774506,0.5162805318832397,6.663145065307617,400.53448486328125,0.18312329053878784,0.18312329053878784,0.6759304404258728,0.2983008325099945,0.11799508333206177,3.6061148643493652,216.77053833007812,0.6805734038352966,8.381546238583621e-05
1056,0.09699549525976181,0.08539704605937004,0.23196899145841599,13.944104671478271,0.5343719720840454,0.5172477960586548,6.685894012451172,401.90203857421875,0.18295305967330933,0.18295305967330933,0.6755282878875732,0.29882538318634033,0.11783844232559204,3.619738817214966,217.58950805664062,0.6800635457038879,8.335616920308072e-05
1057,0.0969657152891159,0.08534083142876625,0.2324976772069931,13.975883960723877,0.5339357852935791,0.5186229944229126,6.717578887939453,403.806640625,0.1827440708875656,0.1827440708875656,0.6751264333724976,0.2989449203014374,0.11777876317501068,3.6233232021331787,217.80496215820312,0.6798774600028992,8.289990299769094e-05
1058,0.09704370051622391,0.08534547686576843,0.2339644357562065,14.064054489135742,0.5338249802589417,0.5189120173454285,6.721355438232422,404.0336608886719,0.18284423649311066,0.18284423649311066,0.675152063369751,0.2982138991355896,0.11789776384830475,3.6063225269317627,216.7830047607422,0.6803418397903442,8.244666689686438e-05
1059,0.09700770303606987,0.08537173271179199,0.23271942883729935,13.989213943481445,0.5338616371154785,0.517102837562561,6.682437419891357,401.6942443847656,0.1829809695482254,0.1829809695482254,0.6754938364028931,0.2978602647781372,0.11800229549407959,3.5971596240997314,216.2322235107422,0.6806890368461609,8.199646400703035e-05
1060,0.0970376469194889,0.08542972803115845,0.23215840756893158,13.955490589141846,0.5342846214771271,0.5164966583251953,6.672542095184326,401.0993957519531,0.1828695833683014,0.1828695833683014,0.6755431294441223,0.29908475279808044,0.11805376410484314,3.620619773864746,217.64244079589844,0.6807794570922852,8.154929741382928e-05
1061,0.0969921126961708,0.0853922925889492,0.23199637979269028,13.945751667022705,0.5343040525913239,0.517074465751648,6.682432651519775,401.6939392089844,0.1829528510570526,0.1829528510570526,0.6756156086921692,0.2983000874519348,0.11800214648246765,3.605959177017212,216.76119995117188,0.6805728673934937,8.110517018209074e-05
1062,0.09699008986353874,0.0853818841278553,0.2321641594171524,13.955836772918701,0.5342497825622559,0.51826411485672,6.704800128936768,403.03851318359375,0.1830240935087204,0.1830240935087204,0.6755108833312988,0.297665536403656,0.11799368262290955,3.5934371948242188,216.00845336914062,0.6806926727294922,8.066408535581314e-05
1063,0.0969645269215107,0.08533971384167671,0.23249629884958267,13.975802421569824,0.5338350832462311,0.5180509090423584,6.7031097412109375,402.9368896484375,0.18289542198181152,0.18289542198181152,0.675318717956543,0.2984846830368042,0.1179799810051918,3.610093832015991,217.0097198486328,0.6805827021598816,8.022604595814239e-05
1064,0.09694096073508263,0.08534159883856773,0.23198721557855606,13.945200443267822,0.5339067578315735,0.5177319049835205,6.698886394500732,402.6830139160156,0.18278753757476807,0.18278753757476807,0.6751184463500977,0.29909172654151917,0.11794639378786087,3.622906446456909,217.7799072265625,0.6805976033210754,7.979105499135165e-05
1065,0.09694301337003708,0.08535153046250343,0.2318296954035759,13.935732364654541,0.5340264737606049,0.517551064491272,6.693091869354248,402.3346862792969,0.1828964352607727,0.1828964352607727,0.6752841472625732,0.2992211580276489,0.11801354587078094,3.624152421951294,217.85479736328125,0.6808661222457886,7.935911543682016e-05
1066,0.09695326164364815,0.08537773787975311,0.2315104976296425,13.916543006896973,0.5340396463871002,0.5184693932533264,6.7070722579956055,403.17510986328125,0.18311578035354614,0.18311578035354614,0.6757804155349731,0.2996397912502289,0.11818763613700867,3.6290431022644043,218.1488037109375,0.6812160611152649,7.893023025501332e-05
1067,0.09691217541694641,0.08533459529280663,0.2315516099333763,13.91901445388794,0.5339512526988983,0.518539309501648,6.70745325088501,403.1979675292969,0.18316668272018433,0.18316668272018433,0.6759561896324158,0.2998848557472229,0.118197500705719,3.633746862411499,218.43154907226562,0.6811801791191101,7.850440238546205e-05
1068,0.09690669924020767,0.08530948124825954,0.23194433003664017,13.942623138427734,0.5338431000709534,0.5186769366264343,6.711602687835693,403.4473876953125,0.183096781373024,0.183096781373024,0.6757895350456238,0.29968637228012085,0.11815300583839417,3.6306676864624023,218.2464599609375,0.6810134053230286,7.808163474674299e-05
1069,0.09690436348319054,0.085292749106884,0.23223226517438889,13.95993185043335,0.5337452292442322,0.518423318862915,6.70905065536499,403.2939758300781,0.18297079205513,0.18297079205513,0.6754577159881592,0.2992960512638092,0.11806738376617432,3.624573230743408,217.8800811767578,0.680781900882721,7.766193023645818e-05
1070,0.09692108631134033,0.0853140838444233,0.23214004188776016,13.954387664794922,0.5338166058063507,0.5183242559432983,6.707767009735107,403.2168273925781,0.182935893535614,0.182935893535614,0.6753038167953491,0.29863691329956055,0.11795192956924438,3.613699436187744,217.2264404296875,0.6804789900779724,7.724529173121533e-05
1071,0.09690577909350395,0.08532515540719032,0.23161247372627258,13.92267370223999,0.5338426828384399,0.5185149908065796,6.712087631225586,403.4765625,0.18291062116622925,0.18291062116622925,0.6753827333450317,0.2992202937602997,0.11802166700363159,3.6239724159240723,217.84397888183594,0.6806168556213379,7.683172208660811e-05
1072,0.09694122523069382,0.08536788821220398,0.23146672546863556,13.913911819458008,0.5340493321418762,0.5180524587631226,6.700888633728027,402.8033752441406,0.18300804495811462,0.18300804495811462,0.6756551265716553,0.2992904782295227,0.11800883710384369,3.6256330013275146,217.94381713867188,0.6805398464202881,7.64212241371966e-05
1073,0.09690284729003906,0.08533062785863876,0.23144438862800598,13.912570476531982,0.5339938998222351,0.5184760093688965,6.708455562591553,403.2582092285156,0.18305319547653198,0.18305319547653198,0.6756693124771118,0.2992517054080963,0.11801883578300476,3.624657392501831,217.88516235351562,0.6805846691131592,7.601380069648772e-05
1074,0.09690598770976067,0.08531161770224571,0.23188746720552444,13.939204216003418,0.5338863730430603,0.5186007618904114,6.713004112243652,403.5316467285156,0.18295055627822876,0.18295055627822876,0.6753721237182617,0.2994937300682068,0.11801014840602875,3.629671812057495,218.18658447265625,0.6806741952896118,7.560945455691606e-05
1075,0.09688962250947952,0.08531185239553452,0.23155543208122253,13.919244766235352,0.5337592661380768,0.5186548829078674,6.714917182922363,403.6466979980469,0.1829090118408203,0.1829090118408203,0.6753326058387756,0.30017703771591187,0.11809344589710236,3.6416714191436768,218.90792846679688,0.6809177398681641,7.520818848982493e-05
1076,0.09691520035266876,0.08532677590847015,0.2317684292793274,13.932048320770264,0.5338946580886841,0.5188820362091064,6.71815824508667,403.84149169921875,0.18297411501407623,0.18297411501407623,0.67540442943573,0.2997078597545624,0.11810728162527084,3.632011651992798,218.32728576660156,0.6810197830200195,7.481000524544694e-05
1077,0.09692005068063736,0.08532877266407013,0.2318255677819252,13.935482501983643,0.5337487757205963,0.5188729763031006,6.717590808868408,403.807373046875,0.18299347162246704,0.18299347162246704,0.6753508448600769,0.2989709973335266,0.11800859868526459,3.619248151779175,217.5600128173828,0.6807926893234253,7.441490755288545e-05
1078,0.0968840941786766,0.0853004977107048,0.23167196661233902,13.926249504089355,0.5338094383478165,0.5185295939445496,6.711269855499268,403.4273986816406,0.18296608328819275,0.18296608328819275,0.6754640340805054,0.29993149638175964,0.11798781156539917,3.63887357711792,218.73973083496094,0.6806528568267822,7.40228981200958e-05
1079,0.09687557816505432,0.08528478443622589,0.2318158969283104,13.934902667999268,0.533783346414566,0.5187544226646423,6.716623306274414,403.7491760253906,0.18292324244976044,0.18292324244976044,0.6754288077354431,0.30043673515319824,0.1179545596241951,3.6496431827545166,219.38711547851562,0.6805359125137329,7.363397963386676e-05
1080,0.09688996151089668,0.08529247343540192,0.23194978386163712,13.942948818206787,0.5338183641433716,0.5189411044120789,6.718485355377197,403.8611145019531,0.1830168515443802,0.1830168515443802,0.6755919456481934,0.3003677725791931,0.11797119677066803,3.6479315757751465,219.28421020507812,0.6804819107055664,7.324815475980216e-05
1081,0.09686586260795593,0.0852993056178093,0.23133113980293274,13.905763626098633,0.533909261226654,0.519108772277832,6.720809459686279,404.0008850097656,0.18306830525398254,0.18306830525398254,0.6756255626678467,0.29989203810691833,0.11796222627162933,3.638596296310425,218.72305297851562,0.6804553270339966,7.286542614230237e-05
1082,0.09690483286976814,0.08532160520553589,0.23166455328464508,13.925803184509277,0.5340119302272797,0.5200001001358032,6.741029262542725,405.2162780761719,0.18294858932495117,0.18294858932495117,0.6754873394966125,0.3007936179637909,0.11800950020551682,3.6556825637817383,219.75013732910156,0.6805585622787476,7.248579640454658e-05
1083,0.09688542410731316,0.08527839183807373,0.23214062303304672,13.954421997070312,0.5338255167007446,0.5198193788528442,6.738819599151611,405.08343505859375,0.18287840485572815,0.18287840485572815,0.6754220724105835,0.3012566566467285,0.11802363395690918,3.6646602153778076,220.289794921875,0.680622398853302,7.21092681484745e-05
1084,0.09690707549452782,0.08531685546040535,0.23180436342954636,13.934207916259766,0.5339966714382172,0.5195046663284302,6.729135036468506,404.5013122558594,0.18304790556430817,0.18304790556430817,0.6755545139312744,0.3001320958137512,0.11805273592472076,3.641587018966675,218.90281677246094,0.6808109283447266,7.173584395476858e-05
1085,0.09693412482738495,0.08536748588085175,0.23133281618356705,13.905863285064697,0.5342902392148972,0.5192608833312988,6.724209308624268,404.2052307128906,0.18305039405822754,0.18305039405822754,0.6757334470748901,0.30032071471214294,0.1180560290813446,3.645293712615967,219.12564086914062,0.6806554794311523,7.136552638283643e-05
1086,0.09684386104345322,0.08529376238584518,0.23100193589925766,13.88597297668457,0.5340362787246704,0.5194336771965027,6.729541778564453,404.5257263183594,0.18295659124851227,0.18295659124851227,0.6755405068397522,0.30040377378463745,0.11800096184015274,3.6480562686920166,219.2917022705078,0.680465817451477,7.099831797079326e-05
1087,0.09689260274171829,0.08531905338168144,0.2314709797501564,13.914168357849121,0.534153401851654,0.5193934440612793,6.729386806488037,404.5164794921875,0.18292412161827087,0.18292412161827087,0.6754062175750732,0.300231397151947,0.11791542172431946,3.64631986618042,219.1873321533203,0.6802748441696167,7.063422123544448e-05
1088,0.09689051285386086,0.0852733701467514,0.23234280943870544,13.966574668884277,0.5338127911090851,0.5197746157646179,6.737748622894287,405.0191345214844,0.18288716673851013,0.18288716673851013,0.6751604676246643,0.3000471889972687,0.11788416653871536,3.6432604789733887,219.00343322753906,0.6803017854690552,7.027323867226813e-05
1089,0.09687086567282677,0.08527075499296188,0.2320021688938141,13.946098327636719,0.5337685346603394,0.5202093124389648,6.746223449707031,405.528564453125,0.18289810419082642,0.18289810419082642,0.6752932667732239,0.3009544909000397,0.11805206537246704,3.658048391342163,219.89236450195312,0.6807137727737427,6.99153727553985e-05
1090,0.09684547781944275,0.08528624102473259,0.2311847060918808,13.896960735321045,0.5338616073131561,0.5198006629943848,6.736562252044678,404.94781494140625,0.1829725205898285,0.1829725205898285,0.6754510402679443,0.3008272051811218,0.1180635541677475,3.6552727222442627,219.72552490234375,0.6808328628540039,6.956062593760838e-05
1091,0.09690354764461517,0.08535001426935196,0.23107066005468369,13.890105247497559,0.5341341346502304,0.5201853513717651,6.743453502655029,405.36199951171875,0.18301263451576233,0.18301263451576233,0.6754403710365295,0.3008752465248108,0.118057981133461,3.6563451290130615,219.78997802734375,0.6808563470840454,6.920900065029282e-05
1092,0.09695683419704437,0.08538459986448288,0.23144464939832687,13.912584781646729,0.5340419411659241,0.5199677348136902,6.73849630355835,405.0640563964844,0.18304292857646942,0.18304292857646942,0.6757024526596069,0.3013407588005066,0.11803676187992096,3.6660802364349365,220.37518310546875,0.6806506514549255,6.886049930345211e-05
1093,0.09685904160141945,0.08527818694710732,0.23161709308624268,13.922951698303223,0.533802330493927,0.5205602645874023,6.750418663024902,405.7807922363281,0.1830393671989441,0.1830393671989441,0.6756115555763245,0.3014141023159027,0.11806225031614304,3.667037010192871,220.43267822265625,0.6807066798210144,6.851512428567553e-05
1094,0.09688811749219894,0.08529700711369514,0.2318221777677536,13.935279369354248,0.5338558405637741,0.520168662071228,6.742775917053223,405.3212890625,0.1830298900604248,0.1830298900604248,0.6755697131156921,0.3014976382255554,0.11800968647003174,3.6697592735290527,220.59634399414062,0.6806104183197021,6.817287796412468e-05
1095,0.09685677289962769,0.08528245612978935,0.23148637264966965,13.915092945098877,0.5340036749839783,0.520143449306488,6.744513988494873,405.42578125,0.1829177439212799,0.1829177439212799,0.6753920912742615,0.30169808864593506,0.11799284815788269,3.674105167388916,220.85757446289062,0.6805776357650757,6.783376268451766e-05
1096,0.09682689607143402,0.08524652943015099,0.2316073477268219,13.922365665435791,0.5337705314159393,0.5206031203269958,6.754578590393066,406.0307922363281,0.1828741729259491,0.1828741729259491,0.6752877831459045,0.3015410304069519,0.11795929074287415,3.6716344356536865,220.70904541015625,0.6804220676422119,6.749778077111247e-05
1097,0.0968066155910492,0.08522506058216095,0.2316310778260231,13.923791885375977,0.533603236079216,0.5207287073135376,6.755565643310547,406.090087890625,0.1829504370689392,0.1829504370689392,0.6753642559051514,0.300839364528656,0.1179778203368187,3.657231092453003,219.84323120117188,0.680432140827179,6.716493452669165e-05
1098,0.09684315323829651,0.08525184914469719,0.23182612657546997,13.935516834259033,0.5337284505367279,0.5207025408744812,6.752791404724121,405.9233093261719,0.18306297063827515,0.18306297063827515,0.6755783557891846,0.3008425831794739,0.11802235245704651,3.6564042568206787,219.79351806640625,0.6805965304374695,6.683522623254604e-05
1099,0.09684625640511513,0.0852767676115036,0.23138974606990814,13.909285545349121,0.533664882183075,0.5209425687789917,6.759888172149658,406.3499450683594,0.18294817209243774,0.18294817209243774,0.6753957271575928,0.3015976548194885,0.11807779967784882,3.6703970432281494,220.63465881347656,0.680781364440918,6.650865814845932e-05
1100,0.09680666774511337,0.08523493260145187,0.23143471032381058,13.911987781524658,0.5335920751094818,0.5205470323562622,6.751598358154297,405.85162353515625,0.18296709656715393,0.18296709656715393,0.6754493713378906,0.301932692527771,0.11808813363313675,3.676891326904297,221.02505493164062,0.6808260083198547,6.618523251269263e-05
1101,0.09682492539286613,0.08525557816028595,0.2313869148492813,13.909114360809326,0.5336978286504745,0.52017742395401,6.74246883392334,405.3028564453125,0.18305397033691406,0.18305397033691406,0.6755425333976746,0.3014381229877472,0.11806116253137589,3.66753888130188,220.46286010742188,0.6807604432106018,6.586495154196912e-05
1102,0.09680062532424927,0.08525115251541138,0.23098941892385483,13.885220527648926,0.5336908400058746,0.5204272270202637,6.747778415679932,405.6220397949219,0.18303830921649933,0.18303830921649933,0.6755800247192383,0.3016819953918457,0.11808086186647415,3.672022819519043,220.73239135742188,0.6807700991630554,6.554781743145862e-05
1103,0.09681488573551178,0.08526439964771271,0.23100972920656204,13.886441230773926,0.533798336982727,0.5207180380821228,6.753783702850342,405.9830322265625,0.18302883207798004,0.18302883207798004,0.6755980849266052,0.30154451727867126,0.11804553121328354,3.6699798107147217,220.6095733642578,0.6806548833847046,6.523383235476278e-05
1104,0.09681292623281479,0.08524727821350098,0.23131301999092102,13.904673099517822,0.533679872751236,0.52112877368927,6.763810157775879,406.5857238769531,0.18293827772140503,0.18293827772140503,0.6753402948379517,0.30179068446159363,0.11804284155368805,3.674956798553467,220.9087677001953,0.6806841492652893,6.49229984639003e-05
1105,0.09686838090419769,0.08530860394239426,0.23119548708200455,13.897607803344727,0.5338286608457565,0.5205510854721069,6.752593994140625,405.9114685058594,0.18292136490345,0.18292136490345,0.6753808259963989,0.30151426792144775,0.11798593401908875,3.6705663204193115,220.6448516845703,0.680495023727417,6.461531788929177e-05
1106,0.09687817096710205,0.08531028032302856,0.23135781288146973,13.907365798950195,0.5340246260166168,0.5201981067657471,6.744824409484863,405.4444274902344,0.18295687437057495,0.18295687437057495,0.6754692792892456,0.3016027808189392,0.11796621978282928,3.6727311611175537,220.7749481201172,0.6804591417312622,6.431079273974535e-05
1107,0.09679032862186432,0.08523640781641006,0.2310783863067627,13.890568256378174,0.5338473618030548,0.5209723711013794,6.760009765625,406.35723876953125,0.18297185003757477,0.18297185003757477,0.67549729347229,0.3019067049026489,0.11800707876682281,3.677992820739746,221.0912628173828,0.6805641055107117,6.400942510244239e-05
1108,0.09680765867233276,0.08521289750933647,0.23189516365528107,13.939666748046875,0.5337194204330444,0.5217843055725098,6.776081085205078,407.3233337402344,0.1829802691936493,0.1829802691936493,0.6754992008209229,0.3021906018257141,0.1180759072303772,3.6822941303253174,221.3498077392578,0.6807621717453003,6.371121704292297e-05
1109,0.09681642428040504,0.08522381633520126,0.23185215890407562,13.937082290649414,0.5336174368858337,0.5217264890670776,6.77223014831543,407.0918273925781,0.18311496078968048,0.18311496078968048,0.6756868958473206,0.3017989993095398,0.11815370619297028,3.672905683517456,220.78546142578125,0.6809343099594116,6.341617060507163e-05
1110,0.09679781273007393,0.08522608876228333,0.23143447190523148,13.911974430084229,0.5336601883172989,0.5211572647094727,6.761425018310547,406.4423522949219,0.18308603763580322,0.18308603763580322,0.6755865216255188,0.3018088936805725,0.1181531697511673,3.673114776611328,220.7980499267578,0.6809574961662292,6.312428781110369e-05
1111,0.09681513160467148,0.08525990322232246,0.23110462725162506,13.892146110534668,0.5336346626281738,0.5211217403411865,6.761514663696289,406.4477233886719,0.18304601311683655,0.18304601311683655,0.6755251884460449,0.30246126651763916,0.11818410456180573,3.6855430603027344,221.54513549804688,0.6810449361801147,6.283557066155111e-05
1112,0.09679430350661278,0.08523859083652496,0.2311142385005951,13.892724514007568,0.5336693823337555,0.5212054252624512,6.763220310211182,406.5502624511719,0.18304437398910522,0.18304437398910522,0.6756253242492676,0.302572101354599,0.118162602186203,3.68818998336792,221.70423889160156,0.6809568405151367,6.255002113524892e-05
1113,0.09681697189807892,0.08524689450860023,0.23140158504247665,13.909997463226318,0.533682256937027,0.5215703845024109,6.771218776702881,407.0310363769531,0.18300944566726685,0.18300944566726685,0.6755275726318359,0.3017427921295166,0.11801718175411224,3.6745119094848633,220.8820343017578,0.6806238889694214,6.226764118932163e-05
1114,0.09680193290114403,0.08521241694688797,0.23179034143686295,13.933366775512695,0.5336486399173737,0.5220619440078735,6.781681537628174,407.65997314453125,0.1829778552055359,0.1829778552055359,0.6754083633422852,0.3018479645252228,0.11798610538244247,3.677237033843994,221.04583740234375,0.6804938316345215,6.198843275916973e-05
1115,0.09678047150373459,0.08517983928322792,0.23201265186071396,13.946730136871338,0.5334818959236145,0.5217795372009277,6.775859355926514,407.30999755859375,0.1829865574836731,0.1829865574836731,0.6754189729690552,0.30266129970550537,0.11802977323532104,3.6926302909851074,221.9711456298828,0.6806399822235107,6.171239775845655e-05
1116,0.09685206040740013,0.08524716645479202,0.2320978119969368,13.95184850692749,0.5336258411407471,0.5215499401092529,6.772013187408447,407.07879638671875,0.1829492598772049,0.1829492598772049,0.6753045916557312,0.3033979535102844,0.11809186637401581,3.7061214447021484,222.78211975097656,0.6808242201805115,6.143953807909508e-05
1117,0.0967918187379837,0.08521431684494019,0.23155003786087036,13.918920516967773,0.533638060092926,0.5208272933959961,6.755460739135742,406.08380126953125,0.18305426836013794,0.18305426836013794,0.6755451560020447,0.30315104126930237,0.11810607463121414,3.700899124145508,222.46820068359375,0.680908203125,6.116985559123498e-05
1118,0.09677404910326004,0.08522040024399757,0.23107293993234634,13.890241622924805,0.5337087512016296,0.5216217041015625,6.770854949951172,407.0091857910156,0.18307895958423615,0.18307895958423615,0.675613522529602,0.30284327268600464,0.11812245845794678,3.694415807723999,222.07847595214844,0.6809089183807373,6.090335214324984e-05
1119,0.0967477485537529,0.08520213887095451,0.2309122160077095,13.880579471588135,0.533602774143219,0.5221043825149536,6.780942916870117,407.6155700683594,0.18305720388889313,0.18305720388889313,0.6756161451339722,0.3024541735649109,0.11810950934886932,3.6868929862976074,221.62625122070312,0.680846095085144,6.064002956172453e-05
1120,0.09682893380522728,0.08528457581996918,0.23088713735342026,13.879072666168213,0.5340028256177902,0.5218725204467773,6.776296615600586,407.3363037109375,0.18305769562721252,0.18305769562721252,0.675674557685852,0.3023800253868103,0.11805972456932068,3.686405658721924,221.59698486328125,0.6806591153144836,6.037988965144241e-05
1121,0.09678036347031593,0.08522337675094604,0.23113972693681717,13.894255638122559,0.5337935388088226,0.5219523310661316,6.777736186981201,407.4228210449219,0.1830655038356781,0.1830655038356781,0.6755829453468323,0.3025902509689331,0.11799206584692001,3.6919639110565186,221.93109130859375,0.6804998517036438,6.012293419537334e-05
1122,0.09676076099276543,0.08518850430846214,0.23144512623548508,13.91261339187622,0.5336342453956604,0.5216253995895386,6.77412223815918,407.2055969238281,0.18291929364204407,0.18291929364204407,0.6753616333007812,0.3033255934715271,0.11797825992107391,3.70694637298584,222.83169555664062,0.680457592010498,5.986916495466128e-05
1123,0.09677723422646523,0.08520158007740974,0.23151306807994843,13.91669750213623,0.5337265282869339,0.5215272903442383,6.772474765777588,407.1065368652344,0.18290355801582336,0.18290355801582336,0.6752886772155762,0.30301299691200256,0.11798278987407684,3.700604200363159,222.45046997070312,0.6804957985877991,5.961858366861222e-05
1124,0.09676939994096756,0.08521018177270889,0.23118438571691513,13.8969407081604,0.5336898118257523,0.5220687985420227,6.78165340423584,407.6583251953125,0.18298611044883728,0.18298611044883728,0.6753332018852234,0.30264297127723694,0.11802063137292862,3.6924469470977783,221.9601287841797,0.6807013750076294,5.937119205468223e-05
1125,0.09677507355809212,0.08521782606840134,0.2311449497938156,13.894569396972656,0.5336984694004059,0.5223407745361328,6.786239147186279,407.9339294433594,0.18302878737449646,0.18302878737449646,0.6755572557449341,0.30283358693122864,0.11808149516582489,3.6950416564941406,222.11610412597656,0.6807823181152344,5.91269918084656e-05
1126,0.09686340764164925,0.08529927581548691,0.23128259927034378,13.902843952178955,0.5339574962854385,0.5229703187942505,6.7982940673828125,408.6585998535156,0.18305563926696777,0.18305563926696777,0.6755081415176392,0.3028813898563385,0.11813485622406006,3.6949305534362793,222.1094207763672,0.6808940172195435,5.8885984603683615e-05
1127,0.0967567041516304,0.08519897237420082,0.23115462064743042,13.895151138305664,0.5334928929805756,0.5220769643783569,6.78016471862793,407.5687561035156,0.18306873738765717,0.18306873738765717,0.6755735874176025,0.3026467561721802,0.11807011067867279,3.691532611846924,221.90513610839844,0.6807159185409546,5.864817209217264e-05
1128,0.09675538912415504,0.08520814776420593,0.23094483464956284,13.882540225982666,0.5337244868278503,0.5217915773391724,6.775366306304932,407.2803649902344,0.18302324414253235,0.18302324414253235,0.6754565238952637,0.30307140946388245,0.11808499693870544,3.69972825050354,222.3978271484375,0.6807441711425781,5.8413555903872954e-05
1129,0.09676237776875496,0.08521115779876709,0.231024369597435,13.887321472167969,0.5335925221443176,0.5215370655059814,6.771543502807617,407.0505676269531,0.1829598844051361,0.1829598844051361,0.6753261685371399,0.3034517765045166,0.11803339421749115,3.7083675861358643,222.9171600341797,0.6807006001472473,5.818213764681764e-05
1130,0.09674008563160896,0.0851893424987793,0.23101480305194855,13.886746883392334,0.5334755778312683,0.5222675800323486,6.786343097686768,407.9402160644531,0.18295040726661682,0.18295040726661682,0.6753536462783813,0.30365198850631714,0.11805705726146698,3.7118983268737793,223.12937927246094,0.6807364821434021,5.795391890712165e-05
1131,0.09675205126404762,0.08518406748771667,0.23135967552661896,13.907477378845215,0.5334635674953461,0.5228193998336792,6.797577381134033,408.6155700683594,0.1829404979944229,0.1829404979944229,0.6752607822418213,0.30311721563339233,0.11803320795297623,3.7016801834106445,222.51515197753906,0.6807308197021484,5.772890124897052e-05
1132,0.09675450623035431,0.08518262952566147,0.2314375340938568,13.91215705871582,0.5334631651639938,0.5227250456809998,6.79290771484375,408.33477783203125,0.18307965993881226,0.18307965993881226,0.6755803823471069,0.303657203912735,0.11813522130250931,3.710439443588257,223.04168701171875,0.6809811592102051,5.750708621461015e-05
1133,0.09675726667046547,0.0852094367146492,0.2309565767645836,13.883245944976807,0.5337455868721008,0.5219515562057495,6.776881217956543,407.3714294433594,0.18310752511024475,0.18310752511024475,0.6756554245948792,0.3034467399120331,0.11807966977357864,3.707341194152832,222.85546875,0.6807924509048462,5.7288475324335926e-05
1134,0.09678001701831818,0.08523835986852646,0.23083315789699554,13.87582778930664,0.5339099764823914,0.5218988060951233,6.777479648590088,407.4074401855469,0.1830248385667801,0.1830248385667801,0.6755819320678711,0.30379313230514526,0.1180112361907959,3.715637445449829,223.35414123535156,0.6805132627487183,5.707307007648245e-05
1135,0.09672697260975838,0.08517435193061829,0.23105241358280182,13.889007091522217,0.5337026417255402,0.5226420164108276,6.793177127838135,408.35101318359375,0.1829831749200821,0.1829831749200821,0.6754344701766968,0.3037952184677124,0.11799129843711853,3.716078042984009,223.3806610107422,0.6804570555686951,5.686087194741311e-05
1136,0.09674001857638359,0.08517218008637428,0.23135673999786377,13.90730094909668,0.533598393201828,0.5232106447219849,6.803808689117432,408.9901123046875,0.1830202043056488,0.1830202043056488,0.6754970550537109,0.3032960295677185,0.11801183223724365,3.705684185028076,222.75584411621094,0.680493950843811,5.665188239151017e-05
1137,0.0967457927763462,0.08517501503229141,0.23141556978225708,13.91083812713623,0.5335332751274109,0.5232452154159546,6.805828094482422,409.1114501953125,0.18295377492904663,0.18295377492904663,0.6753082871437073,0.30322349071502686,0.11803807318210602,3.7037081718444824,222.63705444335938,0.680648922920227,5.64461028411647e-05
1138,0.09670783579349518,0.08515353128314018,0.2310860976576805,13.891033172607422,0.5334393978118896,0.5226057171821594,6.792339324951172,408.3006591796875,0.1829887479543686,0.1829887479543686,0.6754294633865356,0.30356505513191223,0.11810491979122162,3.709202527999878,222.9673309326172,0.6808117628097534,5.624353470676659e-05
1139,0.09676468372344971,0.08522071316838264,0.23087941855192184,13.878608703613281,0.5338663011789322,0.5221333503723145,6.781445503234863,407.64581298828125,0.18306107819080353,0.18306107819080353,0.6756205558776855,0.303546279668808,0.118133544921875,3.70825457572937,222.9103546142578,0.6808456182479858,5.604417937669519e-05
1140,0.0967131219804287,0.08517357334494591,0.230790913105011,13.87328815460205,0.5337474644184113,0.5228241086006165,6.795074939727783,408.465087890625,0.1830703616142273,0.1830703616142273,0.6756062507629395,0.3037154972553253,0.11811075359582901,3.712095022201538,223.14122009277344,0.6807505488395691,5.5848038217309645e-05
1141,0.09675565734505653,0.08519728481769562,0.23116742074489594,13.895920276641846,0.5334569215774536,0.5237578749656677,6.81248140335083,409.5114440917969,0.1831338107585907,0.1831338107585907,0.6756595373153687,0.30413395166397095,0.11818273365497589,3.719024419784546,223.55775451660156,0.6809275150299072,5.565511257293943e-05
1142,0.09671081975102425,0.08512870222330093,0.23164237290620804,13.924469947814941,0.5333280265331268,0.5234419703483582,6.806435585021973,409.1479797363281,0.18312019109725952,0.18312019109725952,0.6756385564804077,0.30415546894073486,0.11814840883016586,3.7201411724090576,223.62486267089844,0.6808626651763916,5.546540376587535e-05
1143,0.0967157892882824,0.08515510708093643,0.23121365904808044,13.898700714111328,0.533555269241333,0.522835373878479,6.796153545379639,408.5299377441406,0.18302768468856812,0.18302768468856812,0.6755191087722778,0.30445176362991333,0.11811347305774689,3.7267658710479736,224.02310180664062,0.6808081865310669,5.5278913096360385e-05
1144,0.09676825627684593,0.0852121040225029,0.23112307488918304,13.893255233764648,0.5337365567684174,0.5223565101623535,6.787193298339844,407.9913330078125,0.18299686908721924,0.18299686908721924,0.675420343875885,0.3037646412849426,0.1179928332567215,3.7154362201690674,223.342041015625,0.680520236492157,5.509564184258057e-05
1145,0.09670165926218033,0.08513221889734268,0.23138878494501114,13.909226417541504,0.5335727334022522,0.5230302810668945,6.801187515258789,408.8324890136719,0.18297088146209717,0.18297088146209717,0.675372838973999,0.3035721480846405,0.11797208338975906,3.712001323699951,223.13558959960938,0.6804054975509644,5.491559126065666e-05
1146,0.09669608622789383,0.0851292535662651,0.23133666068315506,13.906093120574951,0.5335019528865814,0.5239793658256531,6.819032669067383,409.9052734375,0.1830277293920517,0.1830277293920517,0.6755098104476929,0.3041154146194458,0.11804945021867752,3.7213191986083984,223.6956787109375,0.6805487275123596,5.473876258463519e-05
1147,0.09672507271170616,0.08514735475182533,0.23155436664819717,13.919180870056152,0.533450722694397,0.5241644978523254,6.821570873260498,410.0578308105469,0.18308594822883606,0.18308594822883606,0.6755725145339966,0.3044752776622772,0.11811775714159012,3.7271502017974854,224.0462188720703,0.6807898283004761,5.4565157026480045e-05
1148,0.09669217839837074,0.08512985706329346,0.23124642670154572,13.900669574737549,0.533307671546936,0.5235446691513062,6.80914831161499,409.3110046386719,0.1830872893333435,0.1830872893333435,0.6755679845809937,0.30456241965293884,0.11812897026538849,3.7286689281463623,224.1374969482422,0.6809188723564148,5.4394775776064313e-05
1149,0.09668247029185295,0.08514225110411644,0.2308044135570526,13.87410020828247,0.5334847569465637,0.5227152109146118,6.793279647827148,408.3571472167969,0.18305125832557678,0.18305125832557678,0.6755586862564087,0.3047550618648529,0.11814016848802567,3.732297897338867,224.3556671142578,0.6809639930725098,5.4227620001162025e-05
1150,0.09668809548020363,0.08514908328652382,0.2307802066206932,13.872644901275635,0.5335635840892792,0.5230631232261658,6.800053119659424,408.7643127441406,0.18306048214435577,0.18306048214435577,0.6755696535110474,0.3046647012233734,0.11814156919717789,3.7304627895355225,224.24533081054688,0.680946409702301,5.406369084744009e-05
1151,0.09667482227087021,0.08513099327683449,0.2308766022324562,13.878438472747803,0.5334576368331909,0.5238252282142639,6.814682483673096,409.6437072753906,0.18309110403060913,0.18309110403060913,0.6756175756454468,0.303955078125,0.11809240281581879,3.7172536849975586,223.45130920410156,0.6807681918144226,5.3902989438450625e-05
1152,0.09668758139014244,0.085139911621809,0.23095344007015228,13.883057594299316,0.5334815382957458,0.5241833329200745,6.822587490081787,410.1189270019531,0.18305394053459167,0.18305394053459167,0.6755266785621643,0.30378368496894836,0.1180860698223114,3.7139523029327393,223.25286865234375,0.6806836128234863,5.374551687562308e-05
1153,0.096676055341959,0.08512631803750992,0.23099473863840103,13.885540008544922,0.5334784984588623,0.5241506099700928,6.823116779327393,410.1507263183594,0.18299472332000732,0.18299472332000732,0.6754140853881836,0.3043476939201355,0.11808882653713226,3.725177526473999,223.92762756347656,0.6806735396385193,5.359127423825671e-05
1154,0.09666888788342476,0.08511842042207718,0.23100931197404861,13.886416912078857,0.5334066599607468,0.5238661170005798,6.8185906410217285,409.8786926269531,0.18293659389019012,0.18293659389019012,0.6752344369888306,0.30452966690063477,0.11803881824016571,3.7298169136047363,224.2064971923828,0.6806458234786987,5.344026258351339e-05
1155,0.09667845070362091,0.08513140305876732,0.23094090819358826,13.882305145263672,0.5335000157356262,0.523294985294342,6.807521343231201,409.2132873535156,0.18291889131069183,0.18291889131069183,0.6752339601516724,0.3045784831047058,0.11799022555351257,3.731765031814575,224.3236083984375,0.6804872751235962,5.3292482946410026e-05
1156,0.09666907787322998,0.08512779697775841,0.23082559555768967,13.875373363494873,0.5335332155227661,0.523675799369812,6.813929557800293,409.5985107421875,0.18297934532165527,0.18297934532165527,0.6753888726234436,0.30455222725868225,0.11801672726869583,3.730710029602051,224.2602081298828,0.6805385947227478,5.31479363398117e-05
1157,0.09668397158384323,0.08514279499650002,0.23082353174686432,13.875248432159424,0.5335231423377991,0.5242426991462708,6.823023319244385,410.1451110839844,0.18309150636196136,0.18309150636196136,0.6756041646003723,0.30473703145980835,0.11810889840126038,3.732562303543091,224.37156677246094,0.6806893944740295,5.3006623754424726e-05
1158,0.09667731821537018,0.08514009416103363,0.23074452579021454,13.87049913406372,0.5335427820682526,0.5239945650100708,6.818208694458008,409.855712890625,0.18308410048484802,0.18308410048484802,0.6756079196929932,0.3046515882015228,0.11811225116252899,3.7307865619659424,224.26478576660156,0.6806921362876892,5.2868546158789644e-05
1159,0.09669283032417297,0.08515668660402298,0.23072288185358047,13.869198322296143,0.533593475818634,0.5240229368209839,6.81941032409668,409.9279479980469,0.1830524206161499,0.1830524206161499,0.6754714250564575,0.3048282861709595,0.11809451878070831,3.734675407409668,224.49855041503906,0.680680513381958,5.2733704499274955e-05
1160,0.09665624424815178,0.08511568233370781,0.2308112382888794,13.874510288238525,0.5333094894886017,0.523894190788269,6.818397045135498,409.8670654296875,0.18297430872917175,0.18297430872917175,0.6753139495849609,0.3050924241542816,0.11809001863002777,3.7400481700897217,224.82150268554688,0.6807257533073425,5.260209970007019e-05
1161,0.09668730199337006,0.08515254408121109,0.23069514334201813,13.867531299591064,0.5334374904632568,0.5237723588943481,6.816010475158691,409.7236022949219,0.18297183513641357,0.18297183513641357,0.6753683090209961,0.30495405197143555,0.11808054149150848,3.7374699115753174,224.66653442382812,0.6807206869125366,5.2473732663179926e-05
1162,0.096666619181633,0.08513889461755753,0.23055443167686462,13.859073638916016,0.5335724055767059,0.5240717530250549,6.821600914001465,410.0596008300781,0.18299172818660736,0.18299172818660736,0.6754398345947266,0.3045617938041687,0.11808829754590988,3.7294700145721436,224.18565368652344,0.6807465553283691,5.234860426841754e-05
1163,0.09664152190089226,0.08510931581258774,0.2306441366672516,13.86446475982666,0.5335020124912262,0.524933934211731,6.837923526763916,411.0408020019531,0.18303775787353516,0.18303775787353516,0.675488293170929,0.30454492568969727,0.1180780678987503,3.729337215423584,224.17767333984375,0.6807368397712708,5.2226715373398944e-05
1164,0.0966646783053875,0.08510022982954979,0.23128902167081833,13.903229713439941,0.5333820730447769,0.5251849889755249,6.8423357009887695,411.3060302734375,0.18306821584701538,0.18306821584701538,0.6755462884902954,0.3050144910812378,0.1181226298213005,3.737837076187134,224.68862915039062,0.6808070540428162,5.2108066813537e-05
1165,0.09665646776556969,0.08508488535881042,0.23143169283866882,13.9118070602417,0.5332342386245728,0.524582028388977,6.830458164215088,410.5920715332031,0.18305912613868713,0.18305912613868713,0.6755009889602661,0.3049950897693634,0.11807934939861298,3.7383148670196533,224.7173309326172,0.6807142496109009,5.199265940203566e-05
1166,0.09664247184991837,0.08510389924049377,0.23077146708965302,13.872119426727295,0.533401757478714,0.5241274833679199,6.8218793869018555,410.0763854980469,0.18303349614143372,0.18303349614143372,0.6754423379898071,0.3052307963371277,0.11811579763889313,3.7422995567321777,224.95687866210938,0.6808809638023376,5.188049392988447e-05
1167,0.09664527699351311,0.08510271087288857,0.23085134476423264,13.876920700073242,0.5334360897541046,0.5240902304649353,6.822795391082764,410.1314392089844,0.1829504817724228,0.1829504817724228,0.6752833724021912,0.3052428364753723,0.11806362867355347,3.743584156036377,225.03407287597656,0.6807177066802979,5.1771571165852905e-05
1168,0.09667057916522026,0.08513274416327477,0.2307567223906517,13.871232986450195,0.5335066467523575,0.5247577428817749,6.835159778594971,410.87469482421875,0.18299978971481323,0.18299978971481323,0.6753687858581543,0.30532777309417725,0.11811383813619614,3.744278907775879,225.07583618164062,0.6807922720909119,5.1665891856485427e-05
1169,0.09663338586688042,0.08507737889885902,0.23112014681100845,13.893078804016113,0.5332080721855164,0.5249649286270142,6.8376874923706055,411.026611328125,0.18308056890964508,0.18308056890964508,0.6755341291427612,0.30541354417800903,0.11815157532691956,3.745239734649658,225.1336212158203,0.6808875799179077,5.156345672609624e-05
1170,0.09665273502469063,0.08511083573102951,0.23083795607089996,13.876115322113037,0.5333658754825592,0.5244889259338379,6.827875137329102,410.4367980957031,0.18309512734413147,0.18309512734413147,0.6756141185760498,0.3054969608783722,0.11811809986829758,3.747577428817749,225.27413940429688,0.6807639598846436,5.146426647676422e-05
1171,0.09666412696242332,0.08512889221310616,0.2307046577334404,13.86810302734375,0.5335226655006409,0.5244055986404419,6.826001167297363,410.32415771484375,0.18310552835464478,0.18310552835464478,0.6756766438484192,0.3055824339389801,0.11810903251171112,3.7494678497314453,225.38775634765625,0.6807038187980652,5.1368321788328216e-05
1172,0.0966513492166996,0.08511554449796677,0.23071616142988205,13.868794918060303,0.533510148525238,0.5247570276260376,6.833798408508301,410.7928466796875,0.18306711316108704,0.18306711316108704,0.6755266189575195,0.3054053783416748,0.11807656288146973,3.7465763092041016,225.21392822265625,0.6805968284606934,5.127562331838241e-05
1173,0.09663008525967598,0.08508478850126266,0.2309059202671051,13.880201816558838,0.533301055431366,0.5250704884529114,6.840427875518799,411.19134521484375,0.18304908275604248,0.18304908275604248,0.675428569316864,0.3048912286758423,0.1180797666311264,3.7362289428710938,224.59193420410156,0.6806679964065552,5.118617170227173e-05
1174,0.09663621708750725,0.08508546277880669,0.23101509362459183,13.88676404953003,0.5332688093185425,0.5254490971565247,6.848791122436523,411.6940612792969,0.183009535074234,0.183009535074234,0.6753906011581421,0.30525684356689453,0.11813679337501526,3.742401123046875,224.96295166015625,0.6808210611343384,5.109996755308749e-05
1175,0.0966741181910038,0.08511663973331451,0.2311495989561081,13.894848823547363,0.5333754122257233,0.5254577398300171,6.8475751876831055,411.6209716796875,0.18307897448539734,0.18307897448539734,0.6754881143569946,0.3053654730319977,0.11818718165159225,3.7435660362243652,225.0330047607422,0.6809737682342529,5.101701146166335e-05
1176,0.0966169685125351,0.08507802337408066,0.23077887296676636,13.872565269470215,0.5331847965717316,0.5246016979217529,6.829802989959717,410.55267333984375,0.18311157822608948,0.18311157822608948,0.6756008863449097,0.30547744035720825,0.11814893782138824,3.7465696334838867,225.2135467529297,0.680881679058075,5.093730399657101e-05
1177,0.09663333743810654,0.08509791642427444,0.23070835322141647,13.868325233459473,0.5333912372589111,0.5242810249328613,6.823231220245361,410.1575927734375,0.18311941623687744,0.18311941623687744,0.6756719350814819,0.3059077858924866,0.11814196407794952,3.7553162574768066,225.73931884765625,0.6808769702911377,5.086084570411652e-05
1178,0.0966612957417965,0.08512607961893082,0.23070435225963593,13.868083953857422,0.5334855318069458,0.5248024463653564,6.834407329559326,410.8294372558594,0.18308210372924805,0.18308210372924805,0.6755380630493164,0.3060482144355774,0.11810338497161865,3.758896827697754,225.9545440673828,0.6807640790939331,5.0787637108336547e-05
1179,0.09662933647632599,0.08507037907838821,0.2311791479587555,13.89662504196167,0.5331907421350479,0.5254186987876892,6.846580505371094,411.5611877441406,0.18308967351913452,0.18308967351913452,0.675524115562439,0.30569571256637573,0.11811621487140656,3.7515900135040283,225.51531982421875,0.6807981729507446,5.071767871099448e-05
1180,0.09663073718547821,0.08506214246153831,0.2313719466328621,13.908214569091797,0.5331602692604065,0.5254873633384705,6.849387168884277,411.72991943359375,0.18301798403263092,0.18301798403263092,0.6753873825073242,0.30552661418914795,0.11809477210044861,3.7486367225646973,225.33778381347656,0.6808018684387207,5.0650970991577424e-05
1181,0.09663410112261772,0.0850939080119133,0.23080387711524963,13.874067306518555,0.5333284139633179,0.5248854756355286,6.837284088134766,411.0023498535156,0.18302127718925476,0.18302127718925476,0.6754614114761353,0.3056098222732544,0.1180819422006607,3.7505574226379395,225.45326232910156,0.6807222366333008,5.058751440729254e-05
1182,0.09663911536335945,0.08510579541325569,0.2306663766503334,13.86580228805542,0.5334882438182831,0.5249019265174866,6.838159084320068,411.0549621582031,0.18299396336078644,0.18299396336078644,0.6753671169281006,0.3056105375289917,0.11801040172576904,3.752002716064453,225.5401153564453,0.6805273294448853,5.0527309393064295e-05
1183,0.09665046259760857,0.0851123183965683,0.23076288402080536,13.87160348892212,0.5335097908973694,0.5255249738693237,6.85020637512207,411.7791748046875,0.1830146610736847,0.1830146610736847,0.6754152774810791,0.3062724471092224,0.11806541681289673,3.7641408443450928,226.26980590820312,0.6805973052978516,5.047035636153093e-05
1184,0.09664520993828773,0.08508031070232391,0.23129798471927643,13.903769969940186,0.5332310497760773,0.5255627632141113,6.848609447479248,411.6831970214844,0.18313226103782654,0.18313226103782654,0.6755861639976501,0.305873841047287,0.11807984113693237,3.7558798789978027,225.77316284179688,0.6805927157402039,5.0416655703042264e-05
1185,0.0966341532766819,0.08507681265473366,0.23114685714244843,13.894683837890625,0.5333625674247742,0.5251465439796448,6.840325832366943,411.1852111816406,0.18313021957874298,0.18313021957874298,0.6756671071052551,0.30587828159332275,0.11809395253658295,3.7556867599487305,225.76158142089844,0.6806706190109253,5.036620778565662e-05
1186,0.09660134464502335,0.0850612185895443,0.23080246895551682,13.873981475830078,0.5333061218261719,0.5253493785858154,6.845715045928955,411.5091552734375,0.18306362628936768,0.18306362628936768,0.6755220890045166,0.30590516328811646,0.1180923581123352,3.756256103515625,225.79583740234375,0.6807803511619568,5.031901295513829e-05
1187,0.09662861004471779,0.08509322628378868,0.23070767521858215,13.868285655975342,0.533470556139946,0.5257171392440796,6.854427814483643,412.0329284667969,0.18299570679664612,0.18299570679664612,0.6754885911941528,0.3062739968299866,0.11809377372264862,3.7636044025421143,226.23753356933594,0.6807672381401062,5.027507153495538e-05
1188,0.09660163521766663,0.08506369963288307,0.23075874894857407,13.871354579925537,0.5333849787712097,0.5260636806488037,6.861296653747559,412.4457702636719,0.18299880623817444,0.18299880623817444,0.6754146814346313,0.30623459815979004,0.11805938929319382,3.7635040283203125,226.23150634765625,0.6806896924972534,5.023438382627749e-05
1189,0.09661392122507095,0.08507192507386208,0.23083990812301636,13.876233577728271,0.5333041250705719,0.5263100862503052,6.866238117218018,412.74285888671875,0.18299821019172668,0.18299821019172668,0.6752570867538452,0.30609098076820374,0.11803080141544342,3.7612035274505615,226.0932159423828,0.6806510090827942,5.019695010797366e-05
1190,0.09660901129245758,0.08504394069314003,0.2313014641404152,13.903979778289795,0.5331389904022217,0.525964617729187,6.859668731689453,412.3479309082031,0.1829811930656433,0.1829811930656433,0.6752963066101074,0.30616649985313416,0.1180201843380928,3.7629263401031494,226.19679260253906,0.680566132068634,5.01627706366103e-05
1191,0.09662707895040512,0.08508874103426933,0.23076675832271576,13.87183666229248,0.5334158539772034,0.525952935218811,6.858370304107666,412.2699279785156,0.18303444981575012,0.18303444981575012,0.6755112409591675,0.3063552677631378,0.11808006465435028,3.7655038833618164,226.3517303466797,0.6806612014770508,5.0131845646449734e-05
1192,0.09660037606954575,0.08506831899285316,0.23064106702804565,13.864281177520752,0.5334162414073944,0.5260093212127686,6.857741832733154,412.2321472167969,0.18312224745750427,0.18312224745750427,0.6756796836853027,0.30624306201934814,0.11810427904129028,3.7627758979797363,226.18771362304688,0.6807096600532532,5.010417534944839e-05
1193,0.0966009572148323,0.08506820350885391,0.23065505921840668,13.865121841430664,0.5333847403526306,0.5260294675827026,6.858862400054932,412.2995300292969,0.1830863505601883,0.1830863505601883,0.6755589842796326,0.30622875690460205,0.11810728162527084,3.7624294757843018,226.16693115234375,0.6807296276092529,5.0079759935255375e-05
1194,0.0965915359556675,0.08504940941929817,0.23084256798028946,13.876392841339111,0.5333403646945953,0.5260577201843262,6.859980583190918,412.3666687011719,0.18305864930152893,0.18305864930152893,0.6755130887031555,0.3064587712287903,0.11811675131320953,3.7668399810791016,226.43202209472656,0.68079674243927,5.005859957121122e-05
1195,0.09659219160676003,0.0850447565317154,0.23094869405031204,13.88277292251587,0.5332563519477844,0.5256586074829102,6.852563381195068,411.92083740234375,0.18303042650222778,0.18303042650222778,0.6753820180892944,0.30625295639038086,0.11809113621711731,3.7632362842559814,226.2153778076172,0.680793046951294,5.0040694402346674e-05
1196,0.09660932794213295,0.08505161479115486,0.23115429282188416,13.89513111114502,0.5332545340061188,0.5257173776626587,6.854809284210205,412.0558166503906,0.1829768866300583,0.1829768866300583,0.67519211769104,0.30607014894485474,0.11803927272558212,3.760617256164551,226.05796813964844,0.6806454658508301,5.0026044551381734e-05
1197,0.09661994874477386,0.08508068323135376,0.2307853177189827,13.87295150756836,0.5332651734352112,0.5256114602088928,6.853003978729248,411.94732666015625,0.18296125531196594,0.18296125531196594,0.6753314733505249,0.3065604269504547,0.11806785315275192,3.7698516845703125,226.613037109375,0.6806164979934692,5.001465011872491e-05
1198,0.09662836417555809,0.0850963145494461,0.23064099997282028,13.864275455474854,0.5333473980426788,0.5261523127555847,6.861814975738525,412.4769592285156,0.18306156992912292,0.18306156992912292,0.6754797101020813,0.306657612323761,0.11812715977430344,3.770608901977539,226.6585693359375,0.6807132959365845,5.0006511182472296e-05
1199,0.09661243110895157,0.08506771549582481,0.2308942675590515,13.87950086593628,0.5331635475158691,0.5260348916053772,6.858215808868408,412.2606506347656,0.1831240952014923,0.1831240952014923,0.6755452156066895,0.30643782019615173,0.11813347786664963,3.7660865783691406,226.38674926757812,0.6807780265808105,5.000162779840723e-05
1200,0.09659212455153465,0.08504540473222733,0.23093436658382416,13.881910800933838,0.5331249386072159,0.5259432196617126,6.856879711151123,412.1803283691406,0.18309924006462097,0.18309924006462097,0.6755444407463074,0.3069983720779419,0.11816158890724182,3.77673602104187,227.0269012451172,0.6808778643608093,5e-05
