epoch,train_pde_mse,train_pde_mse_absolute,train_state_rel_l2,val_pde_mse,val_pde_mse_absolute,val_state_mse,val_state_rel_l2,lr
1,3026.2325439453125,3026.2325439453125,1.7105152606964111,2950.76904296875,2950.76904296875,0.2857661247253418,1.7718478441238403,0.0009999983722015927
2,3026.0130615234375,3026.0130615234375,1.7108112573623657,2950.62060546875,2950.62060546875,0.28524214029312134,1.7701427936553955,0.0009999934888175275
3,3025.726318359375,3025.726318359375,1.709364116191864,2950.465087890625,2950.465087890625,0.2848082184791565,1.76872718334198,0.0009999853498812749
4,3025.474609375,3025.474609375,1.7091104388237,2950.330322265625,2950.330322265625,0.2842591404914856,1.766930103302002,0.000999973955448618
5,3025.212646484375,3025.212646484375,1.7082121968269348,2950.191162109375,2950.191162109375,0.28379639983177185,1.7654104232788086,0.000999959305597653
6,3024.7529296875,3024.7529296875,1.7071711421012878,2950.01904296875,2950.01904296875,0.2834416627883911,1.764241337776184,0.0009999414004287885
7,3024.23828125,3024.23828125,1.7065517902374268,2949.8193359375,2949.8193359375,0.28305619955062866,1.7629663944244385,0.0009999202400647444
8,3023.440185546875,3023.440185546875,1.706480622291565,2949.60400390625,2949.60400390625,0.282748281955719,1.7619426250457764,0.0009998958246505512
9,3022.4794921875,3022.4794921875,1.705890715122223,2949.409423828125,2949.409423828125,0.2824259400367737,1.7608654499053955,0.0009998681543535498
10,3020.9820556640625,3020.9820556640625,1.7057022452354431,2949.080078125,2949.080078125,0.28217506408691406,1.7600197792053223,0.0009998372293633891
11,3018.8994140625,3018.8994140625,1.705574870109558,2948.854736328125,2948.854736328125,0.2819121479988098,1.759124755859375,0.000999803049892026
12,3016.3551025390625,3016.3551025390625,1.705124020576477,2948.5322265625,2948.5322265625,0.28167301416397095,1.758298635482788,0.000999765616173722
13,3012.37890625,3012.37890625,1.70526921749115,2948.287841796875,2948.287841796875,0.2814255952835083,1.757429838180542,0.000999724928465044
14,3006.403076171875,3006.403076171875,1.7046868801116943,2947.968505859375,2947.968505859375,0.2812115550041199,1.7566540241241455,0.000999680987044861
15,2999.7767333984375,2999.7767333984375,1.7045356035232544,2947.77294921875,2947.77294921875,0.28101620078086853,1.7559123039245605,0.0009996337922143427
16,2990.4388427734375,2990.4388427734375,1.7043613195419312,2947.63134765625,2947.63134765625,0.28088122606277466,1.7553365230560303,0.000999583344296957
17,2978.322021484375,2978.322021484375,1.7050085067749023,2947.787841796875,2947.787841796875,0.2808254659175873,1.7549786567687988,0.0009995296436384681
18,2964.121826171875,2964.121826171875,1.705005168914795,2948.299560546875,2948.299560546875,0.28089845180511475,1.7549978494644165,0.0009994726906069349
19,2944.4368896484375,2944.4368896484375,1.705282747745514,2948.06005859375,2948.06005859375,0.2811676859855652,1.7556135654449463,0.0009994124855927063
20,2921.6854248046875,2921.6854248046875,1.71113920211792,2946.816650390625,2946.816650390625,0.28170067071914673,1.7570507526397705,0.0009993490290084214
21,2888.91162109375,2888.91162109375,1.7143399119377136,2941.9638671875,2941.9638671875,0.2824007272720337,1.7590422630310059,0.0009992823212890045
22,2852.6849365234375,2852.6849365234375,1.7202874422073364,2935.352783203125,2935.352783203125,0.28343021869659424,1.7620972394943237,0.0009992123628916624
23,2806.948974609375,2806.948974609375,1.7244617938995361,2923.7373046875,2923.7373046875,0.28459957242012024,1.7656913995742798,0.0009991391542958825
24,2763.7539672851562,2763.7539672851562,1.731421947479248,2904.69677734375,2904.69677734375,0.2856457829475403,1.7690365314483643,0.000999062696003428
25,2691.4352416992188,2691.4352416992188,1.7346630096435547,2874.2568359375,2874.2568359375,0.2861495614051819,1.770877718925476,0.0009989829885383356
26,2631.5524291992188,2631.5524291992188,1.7390216588974,2828.6767578125,2828.6767578125,0.285500168800354,1.7693607807159424,0.0009989000324469113
27,2554.7611083984375,2554.7611083984375,1.7304081320762634,2763.83251953125,2763.83251953125,0.28326424956321716,1.7631325721740723,0.000998813828297727
28,2471.34130859375,2471.34130859375,1.7164982557296753,2678.676513671875,2678.676513671875,0.27923595905303955,1.7513469457626343,0.0009987243766816161
29,2386.828125,2386.828125,1.6907697916030884,2580.201171875,2580.201171875,0.2734595835208893,1.733968734741211,0.0009986316782116702
30,2298.9725341796875,2298.9725341796875,1.6571540236473083,2465.87890625,2465.87890625,0.2667907476425171,1.7132680416107178,0.0009985357335232344
31,2221.2017822265625,2221.2017822265625,1.6220498085021973,2341.06640625,2341.06640625,0.2604967951774597,1.6928575038909912,0.0009984365432739021
32,2143.0335693359375,2143.0335693359375,1.5851855874061584,2221.221435546875,2221.221435546875,0.25587189197540283,1.677067518234253,0.0009983341081435128
33,2077.5569458007812,2077.5569458007812,1.5667341947555542,2108.6416015625,2108.6416015625,0.2540476322174072,1.6698973178863525,0.0009982284288341454
34,2004.1384887695312,2004.1384887695312,1.5640175938606262,2013.00146484375,2013.00146484375,0.25321871042251587,1.6662014722824097,0.0009981195060701138
35,1926.812255859375,1926.812255859375,1.560398280620575,1944.9383544921875,1944.9383544921875,0.25292283296585083,1.6645464897155762,0.0009980073405979624
36,1865.716064453125,1865.716064453125,1.5655798316001892,1893.8525390625,1893.8525390625,0.25302648544311523,1.6643235683441162,0.000997891933186461
37,1814.9993286132812,1814.9993286132812,1.5700647830963135,1853.4720458984375,1853.4720458984375,0.25251322984695435,1.6621077060699463,0.000997773284626599
38,1756.2247924804688,1756.2247924804688,1.5710574984550476,1826.60888671875,1826.60888671875,0.2514804005622864,1.6582688093185425,0.0009976513957315803
39,1692.6490478515625,1692.6490478515625,1.5724220275878906,1806.0509033203125,1806.0509033203125,0.2506319582462311,1.65471613407135,0.0009975262673368177
40,1652.9235229492188,1652.9235229492188,1.5759422779083252,1795.602783203125,1795.602783203125,0.24948075413703918,1.6500160694122314,0.0009973979002999274
41,1607.8260498046875,1607.8260498046875,1.5744855403900146,1778.4202880859375,1778.4202880859375,0.24849247932434082,1.6455483436584473,0.0009972662955007225
42,1574.6309814453125,1574.6309814453125,1.5758171677589417,1764.2843017578125,1764.2843017578125,0.24894651770591736,1.6459356546401978,0.000997131453841208
43,1547.4572143554688,1547.4572143554688,1.5872315168380737,1748.9381103515625,1748.9381103515625,0.25147655606269836,1.6535166501998901,0.0009969933762455727
44,1512.0095825195312,1512.0095825195312,1.6004179120063782,1715.890625,1715.890625,0.25445306301116943,1.6624284982681274,0.0009968520636601855
45,1482.379150390625,1482.379150390625,1.6234526634216309,1705.81494140625,1705.81494140625,0.25721582770347595,1.670882225036621,0.0009967075170535873
46,1461.2356567382812,1461.2356567382812,1.6403863430023193,1663.44140625,1663.44140625,0.26126629114151,1.6830326318740845,0.000996559737416484
47,1445.597412109375,1445.597412109375,1.6613905429840088,1650.807861328125,1650.807861328125,0.26548296213150024,1.6957955360412598,0.0009964087257617405
48,1419.1090087890625,1419.1090087890625,1.6869689226150513,1623.0885009765625,1623.0885009765625,0.26665008068084717,1.6985373497009277,0.0009962544831243743
49,1393.282470703125,1393.282470703125,1.6854931116104126,1634.4886474609375,1634.4886474609375,0.26303520798683167,1.6856776475906372,0.0009960970105615467
50,1373.3027954101562,1373.3027954101562,1.6730581521987915,1658.1627197265625,1658.1627197265625,0.26065483689308167,1.6770343780517578,0.0009959363091525573
51,1359.3521118164062,1359.3521118164062,1.6621730327606201,1661.7603759765625,1661.7603759765625,0.25778037309646606,1.6673990488052368,0.0009957723799988354
52,1340.5604858398438,1340.5604858398438,1.6536448001861572,1638.2978515625,1638.2978515625,0.2567048668861389,1.6635409593582153,0.000995605224223933
53,1323.5258178710938,1323.5258178710938,1.6500412225723267,1602.529541015625,1602.529541015625,0.2537464499473572,1.6536986827850342,0.0009954348429735173
54,1305.8079223632812,1305.8079223632812,1.6299982070922852,1581.2000732421875,1581.2000732421875,0.249004065990448,1.638549566268921,0.000995261237415362
55,1289.6408081054688,1289.6408081054688,1.6067349910736084,1554.0623779296875,1554.0623779296875,0.2448917180299759,1.6253814697265625,0.0009950844087393406
56,1274.1370849609375,1274.1370849609375,1.5918055772781372,1542.393310546875,1542.393310546875,0.24152904748916626,1.6143913269042969,0.0009949043581574167
57,1263.4478149414062,1263.4478149414062,1.577852487564087,1536.8642578125,1536.8642578125,0.2374943047761917,1.6011751890182495,0.000994721086903637
58,1249.05419921875,1249.05419921875,1.5590981245040894,1521.0069580078125,1521.0069580078125,0.23262453079223633,1.5843017101287842,0.0009945345962341218
59,1242.2981567382812,1242.2981567382812,1.5335655212402344,1549.870361328125,1549.870361328125,0.22976577281951904,1.5744764804840088,0.0009943448874270577
60,1223.4015502929688,1223.4015502929688,1.521648347377777,1519.713134765625,1519.713134765625,0.2271493375301361,1.5651485919952393,0.0009941519617826875
61,1214.7236938476562,1214.7236938476562,1.5114020705223083,1502.48388671875,1502.48388671875,0.22656947374343872,1.5626561641693115,0.0009939558206233019
62,1201.0008544921875,1201.0008544921875,1.5067036747932434,1516.8287353515625,1516.8287353515625,0.22580331563949585,1.5597692728042603,0.0009937564652932305
63,1190.1755981445312,1190.1755981445312,1.500547707080841,1504.7464599609375,1504.7464599609375,0.2237050086259842,1.5527253150939941,0.0009935538971588324
64,1182.6659545898438,1182.6659545898438,1.4915048480033875,1492.507080078125,1492.507080078125,0.22208508849143982,1.5470592975616455,0.0009933481176084868
65,1171.2549133300781,1171.2549133300781,1.4844945669174194,1499.649169921875,1499.649169921875,0.22051718831062317,1.5412273406982422,0.0009931391280525838
66,1162.0605163574219,1162.0605163574219,1.479371428489685,1503.5260009765625,1503.5260009765625,0.21914879977703094,1.5360682010650635,0.0009929269299235144
67,1149.4027099609375,1149.4027099609375,1.4736023545265198,1485.8306884765625,1485.8306884765625,0.2170325219631195,1.5285941362380981,0.0009927115246756608
68,1140.6954956054688,1140.6954956054688,1.4611071348190308,1464.9354248046875,1464.9354248046875,0.21631589531898499,1.525519609451294,0.0009924929137853865
69,1128.9951782226562,1128.9951782226562,1.4559199213981628,1462.836181640625,1462.836181640625,0.2157604992389679,1.5238347053527832,0.0009922710987510263
70,1119.4365234375,1119.4365234375,1.4535661935806274,1450.6644287109375,1450.6644287109375,0.21524648368358612,1.5216751098632812,0.0009920460810928752
71,1110.8384399414062,1110.8384399414062,1.4552099108695984,1448.4769287109375,1448.4769287109375,0.2155095338821411,1.523079514503479,0.000991817862353179
72,1098.1046447753906,1098.1046447753906,1.4596340656280518,1452.285888671875,1452.285888671875,0.2158930003643036,1.5249361991882324,0.0009915864440961236
73,1089.906982421875,1089.906982421875,1.4594813585281372,1433.81201171875,1433.81201171875,0.2149156928062439,1.5214834213256836,0.0009913518279078238
74,1082.20361328125,1082.20361328125,1.450727105140686,1429.8961181640625,1429.8961181640625,0.2143249809741974,1.5192030668258667,0.0009911140153963127
75,1074.4091796875,1074.4091796875,1.4459729194641113,1424.74267578125,1424.74267578125,0.21320554614067078,1.5149636268615723,0.0009908730081915308
76,1063.6924438476562,1063.6924438476562,1.4379040598869324,1417.3580322265625,1417.3580322265625,0.21173205971717834,1.5099822282791138,0.000990628807945314
77,1054.9474792480469,1054.9474792480469,1.4331212043762207,1411.1483154296875,1411.1483154296875,0.21172934770584106,1.5099148750305176,0.000990381416331384
78,1050.2735595703125,1050.2735595703125,1.4410601258277893,1447.95556640625,1447.95556640625,0.2126653492450714,1.5138556957244873,0.0009901308350453348
79,1043.119140625,1043.119140625,1.4435964226722717,1438.5999755859375,1438.5999755859375,0.2131311148405075,1.515133023262024,0.0009898770658046227
80,1032.4999084472656,1032.4999084472656,1.4437105655670166,1410.6690673828125,1410.6690673828125,0.21315166354179382,1.5146844387054443,0.0009896201103485537
81,1025.7721862792969,1025.7721862792969,1.4395208954811096,1391.560302734375,1391.560302734375,0.2127138376235962,1.5128135681152344,0.0009893599704382716
82,1021.6622009277344,1021.6622009277344,1.4345566034317017,1386.8558349609375,1386.8558349609375,0.21260115504264832,1.5129039287567139,0.0009890966478567462
83,1014.9031677246094,1014.9031677246094,1.4307746887207031,1355.1097412109375,1355.1097412109375,0.21338871121406555,1.5149128437042236,0.000988830144408761
84,1007.97705078125,1007.97705078125,1.4327131509780884,1363.910888671875,1363.910888671875,0.21551063656806946,1.5232163667678833,0.0009885604619209007
85,995.7440490722656,995.7440490722656,1.447438657283783,1388.070556640625,1388.070556640625,0.21593575179576874,1.5258691310882568,0.0009882876022415392
86,989.8726196289062,989.8726196289062,1.4547978639602661,1376.5999755859375,1376.5999755859375,0.21662531793117523,1.5273370742797852,0.0009880115672408262
87,984.0227966308594,984.0227966308594,1.4573784470558167,1371.6309814453125,1371.6309814453125,0.2158016413450241,1.5243122577667236,0.0009877323588106742
88,976.6960144042969,976.6960144042969,1.4481574892997742,1341.236328125,1341.236328125,0.21522818505764008,1.5211390256881714,0.0009874499788647467
89,970.4914855957031,970.4914855957031,1.4403566718101501,1331.4749755859375,1331.4749755859375,0.21564346551895142,1.5223239660263062,0.0009871644293384444
90,963.4273376464844,963.4273376464844,1.440003752708435,1330.36083984375,1330.36083984375,0.21460843086242676,1.5199565887451172,0.0009868757121888917
91,956.4945373535156,956.4945373535156,1.4420703053474426,1342.2742919921875,1342.2742919921875,0.21731069684028625,1.5303919315338135,0.0009865838293949237
92,950.7509460449219,950.7509460449219,1.459284484386444,1333.648193359375,1333.648193359375,0.21809637546539307,1.533789873123169,0.0009862887829570723
93,939.7734680175781,939.7734680175781,1.46562659740448,1333.6126708984375,1333.6126708984375,0.21853193640708923,1.5353037118911743,0.000985990574897553
94,933.8054809570312,933.8054809570312,1.467999517917633,1313.9866943359375,1313.9866943359375,0.218560129404068,1.5340540409088135,0.00098568920726025
95,928.4966125488281,928.4966125488281,1.4664578437805176,1299.6097412109375,1299.6097412109375,0.21773841977119446,1.5301614999771118,0.0009853846821107036
96,920.92919921875,920.92919921875,1.4576115012168884,1286.4127197265625,1286.4127197265625,0.21559710800647736,1.5232772827148438,0.000985077001536095
97,913.0982360839844,913.0982360839844,1.459692656993866,1309.7120361328125,1309.7120361328125,0.21746739745140076,1.5309126377105713,0.0009847661676452323
98,902.2629089355469,902.2629089355469,1.4626802206039429,1273.744384765625,1273.744384765625,0.21621137857437134,1.526304006576538,0.0009844521825685365
99,897.8993225097656,897.8993225097656,1.4547592401504517,1257.2733154296875,1257.2733154296875,0.21610906720161438,1.5250072479248047,0.000984135048458026
100,889.1781311035156,889.1781311035156,1.4514692425727844,1272.9383544921875,1272.9383544921875,0.2173880934715271,1.530050277709961,0.0009838147674873024
101,883.5791015625,883.5791015625,1.4612430334091187,1283.5205078125,1283.5205078125,0.21926432847976685,1.5379054546356201,0.0009834913418515358
102,874.0695495605469,874.0695495605469,1.4733525514602661,1255.6563720703125,1255.6563720703125,0.21954524517059326,1.5395283699035645,0.000983164773767449
103,871.3116149902344,871.3116149902344,1.4812177419662476,1255.13720703125,1255.13720703125,0.22181648015975952,1.5475794076919556,0.0009828350654733033
104,860.8699645996094,860.8699645996094,1.4915170669555664,1251.5238037109375,1251.5238037109375,0.22212493419647217,1.5481534004211426,0.0009825022192288823
105,859.6845703125,859.6845703125,1.4926477074623108,1253.5714111328125,1253.5714111328125,0.2243935763835907,1.5553514957427979,0.000982166237315477
106,855.3333129882812,855.3333129882812,1.50026136636734,1221.0963134765625,1221.0963134765625,0.22565233707427979,1.5592467784881592,0.00098182712203587
107,842.9315185546875,842.9315185546875,1.5016015768051147,1204.0771484375,1204.0771484375,0.2249542772769928,1.5579249858856201,0.000981484875714319
108,842.7881164550781,842.7881164550781,1.5054110884666443,1206.92138671875,1206.92138671875,0.2264665961265564,1.564068078994751,0.0009811395006965424
109,829.6987915039062,829.6987915039062,1.513292670249939,1209.1064453125,1209.1064453125,0.22567036747932434,1.5613404512405396,0.0009807909993497016
110,828.8582458496094,828.8582458496094,1.5138543248176575,1205.9298095703125,1205.9298095703125,0.22710084915161133,1.5662970542907715,0.000980439374062386
111,821.5392456054688,821.5392456054688,1.520214855670929,1184.72802734375,1184.72802734375,0.22651779651641846,1.5649008750915527,0.0009800846272445959
112,816.2455749511719,816.2455749511719,1.5192973017692566,1185.5230712890625,1185.5230712890625,0.22725553810596466,1.5674841403961182,0.0009797267613277261
113,807.1415100097656,807.1415100097656,1.5237551927566528,1184.3536376953125,1184.3536376953125,0.22675655782222748,1.565883994102478,0.0009793657787645499
114,810.0367431640625,810.0367431640625,1.5263029336929321,1208.8466796875,1208.8466796875,0.22889649868011475,1.5741157531738281,0.0009790016820292009
115,805.464111328125,805.464111328125,1.5361170768737793,1178.3145751953125,1178.3145751953125,0.22951146960258484,1.5754458904266357,0.0009786344736171578
116,792.90966796875,792.90966796875,1.535547912120819,1153.0941162109375,1153.0941162109375,0.22826606035232544,1.5715593099594116,0.0009782641560452255
117,789.4790954589844,789.4790954589844,1.535865843296051,1153.061279296875,1153.061279296875,0.22785302996635437,1.5707072019577026,0.0009778907318515194
118,780.6575317382812,780.6575317382812,1.5351799726486206,1150.6014404296875,1150.6014404296875,0.22549016773700714,1.5626723766326904,0.0009775142035954472
119,776.1858520507812,776.1858520507812,1.5317164659500122,1131.0653076171875,1131.0653076171875,0.22699259221553802,1.5675842761993408,0.0009771345738576913
120,768.13232421875,768.13232421875,1.540170669555664,1107.832763671875,1107.832763671875,0.22807297110557556,1.570855736732483,0.0009767518452401915
121,760.1366882324219,760.1366882324219,1.5453837513923645,1104.724609375,1104.724609375,0.22855311632156372,1.572450876235962,0.0009763660203661267
122,753.00146484375,753.00146484375,1.5408051013946533,1099.7913818359375,1099.7913818359375,0.22695055603981018,1.5656002759933472,0.0009759771018798979
123,747.4203796386719,747.4203796386719,1.5295300483703613,1088.2255859375,1088.2255859375,0.22509635984897614,1.5589940547943115,0.0009755850924471081
124,740.4532165527344,740.4532165527344,1.5148658752441406,1074.23974609375,1074.23974609375,0.22352680563926697,1.553593397140503,0.0009751899947545466
125,736.0820617675781,736.0820617675781,1.517699122428894,1067.5504150390625,1067.5504150390625,0.2250509113073349,1.5596837997436523,0.0009747918115101687
126,727.8722229003906,727.8722229003906,1.526261031627655,1064.314453125,1064.314453125,0.22676995396614075,1.5658161640167236,0.0009743905454430774
127,720.8806457519531,720.8806457519531,1.5289243459701538,1051.6317138671875,1051.6317138671875,0.2263263463973999,1.5633559226989746,0.0009739861993035058
128,715.1594848632812,715.1594848632812,1.5346211791038513,1039.4249267578125,1039.4249267578125,0.22864794731140137,1.5721185207366943,0.0009735787758627971
129,707.3880920410156,707.3880920410156,1.5565233826637268,1034.3359375,1034.3359375,0.22946543991565704,1.5752971172332764,0.0009731682779133855
130,699.1346130371094,699.1346130371094,1.5557786226272583,1022.6599731445312,1022.6599731445312,0.22774673998355865,1.56878662109375,0.0009727547082687784
131,690.5370788574219,690.5370788574219,1.5470362901687622,1010.5733642578125,1010.5733642578125,0.22530575096607208,1.5605615377426147,0.0009723380697635356
132,686.1348571777344,686.1348571777344,1.5423529148101807,990.916259765625,990.916259765625,0.22612610459327698,1.564042568206787,0.0009719183652532508
133,678.6159057617188,678.6159057617188,1.5450516939163208,978.6900024414062,978.6900024414062,0.22628998756408691,1.564852237701416,0.0009714955976145317
134,671.9495239257812,671.9495239257812,1.554047405719757,974.7681884765625,974.7681884765625,0.22783052921295166,1.5701556205749512,0.0009710697697449805
135,667.0339660644531,667.0339660644531,1.554662048816681,963.6168212890625,963.6168212890625,0.2260192334651947,1.5633307695388794,0.0009706408845631738
136,660.1945190429688,660.1945190429688,1.5510156750679016,954.461669921875,954.461669921875,0.224759042263031,1.5579643249511719,0.0009702089450086423
137,653.8872985839844,653.8872985839844,1.5395947098731995,949.2394409179688,949.2394409179688,0.2211604118347168,1.5441298484802246,0.0009697739540418514
138,646.4239501953125,646.4239501953125,1.5242225527763367,932.7010498046875,932.7010498046875,0.2203989028930664,1.540776252746582,0.0009693359146441808
139,643.8116455078125,643.8116455078125,1.5212237238883972,944.3857421875,944.3857421875,0.2195323407649994,1.5392570495605469,0.0009688948298179032
140,638.4607543945312,638.4607543945312,1.528718113899231,930.0662841796875,930.0662841796875,0.22156967222690582,1.546958327293396,0.0009684507025861646
141,632.5341186523438,632.5341186523438,1.5357912182807922,916.7599487304688,916.7599487304688,0.2206813097000122,1.5440069437026978,0.0009680035359929635
142,628.1677551269531,628.1677551269531,1.5343550443649292,908.0814208984375,908.0814208984375,0.2231006622314453,1.5516510009765625,0.0009675533331031295
143,623.021484375,623.021484375,1.5434435606002808,910.3953247070312,910.3953247070312,0.2212548553943634,1.5454118251800537,0.0009671000970023028
144,614.1871337890625,614.1871337890625,1.5364608764648438,887.775390625,887.775390625,0.2203666716814041,1.5412951707839966,0.000966643830796913
145,609.3246765136719,609.3246765136719,1.5327640175819397,875.9618530273438,875.9618530273438,0.21773654222488403,1.5306915044784546,0.0009661845376141577
146,605.9811401367188,605.9811401367188,1.5140340924263,877.9428100585938,877.9428100585938,0.2158832848072052,1.5226681232452393,0.0009657222206019806
147,599.9943237304688,599.9943237304688,1.5012441873550415,853.6453247070312,853.6453247070312,0.2163606435060501,1.5242726802825928,0.000965256882929051
148,598.5050964355469,598.5050964355469,1.5010372996330261,833.5567626953125,833.5567626953125,0.21422189474105835,1.5154746770858765,0.0009647885277847412
149,591.8807373046875,591.8807373046875,1.4932700395584106,836.2632446289062,836.2632446289062,0.21215176582336426,1.5083017349243164,0.0009643171583791048
150,584.5707092285156,584.5707092285156,1.4904758930206299,837.5175170898438,837.5175170898438,0.21268299221992493,1.5094513893127441,0.0009638427779428549
151,579.5353393554688,579.5353393554688,1.4882570505142212,824.0933837890625,824.0933837890625,0.21154937148094177,1.5044810771942139,0.000963365389727342
152,571.0729827880859,571.0729827880859,1.4859238266944885,809.934326171875,809.934326171875,0.21118436753749847,1.5033321380615234,0.0009628849970045315
153,565.1294250488281,565.1294250488281,1.4881231188774109,805.6134033203125,805.6134033203125,0.20841002464294434,1.492485761642456,0.0009624016030669813
154,560.7415466308594,560.7415466308594,1.4803383350372314,791.412109375,791.412109375,0.2071656733751297,1.4881072044372559,0.0009619152112278192
155,555.8578948974609,555.8578948974609,1.4693549275398254,787.421875,787.421875,0.20643912255764008,1.4840953350067139,0.0009614258248207205
156,549.3722839355469,549.3722839355469,1.4694217443466187,780.8233642578125,780.8233642578125,0.20751196146011353,1.4877632856369019,0.0009609334471998847
157,543.3959350585938,543.3959350585938,1.4743708372116089,770.2564086914062,770.2564086914062,0.20666129887104034,1.483405590057373,0.0009604380817400133
158,536.3355407714844,536.3355407714844,1.4733166694641113,767.810302734375,767.810302734375,0.20516036450862885,1.4775493144989014,0.0009599397318362853
159,533.5399169921875,533.5399169921875,1.4659374356269836,754.468505859375,754.468505859375,0.2058219462633133,1.4782685041427612,0.0009594384009043353
160,534.5301513671875,534.5301513671875,1.4708369970321655,744.2283325195312,744.2283325195312,0.20453372597694397,1.4734416007995605,0.0009589340923802293
161,526.9846038818359,526.9846038818359,1.4569488763809204,731.9111938476562,731.9111938476562,0.20463545620441437,1.4721674919128418,0.0009584268097204415
162,519.9560241699219,519.9560241699219,1.4603546261787415,732.78125,732.78125,0.20384660363197327,1.46845543384552,0.0009579165564018304
163,512.6920776367188,512.6920776367188,1.4544352889060974,721.5594482421875,721.5594482421875,0.2025263011455536,1.4628270864486694,0.0009574033359216153
164,507.69989013671875,507.69989013671875,1.4479441046714783,717.3856201171875,717.3856201171875,0.20227110385894775,1.4617843627929688,0.0009568871517973516
165,501.52601623535156,501.52601623535156,1.4524492025375366,703.2918090820312,703.2918090820312,0.20206227898597717,1.460143804550171,0.0009563680075669077
166,499.5210723876953,499.5210723876953,1.4445461630821228,710.0328369140625,710.0328369140625,0.19751757383346558,1.4410028457641602,0.0009558459067884399
167,493.58934020996094,493.58934020996094,1.424671471118927,696.897705078125,696.897705078125,0.1974450647830963,1.4383870363235474,0.0009553208530403685
168,489.1356658935547,489.1356658935547,1.417889952659607,684.0822143554688,684.0822143554688,0.19697150588035583,1.4365861415863037,0.0009547928499213533
169,485.6909637451172,485.6909637451172,1.4260717034339905,684.8995361328125,684.8995361328125,0.1983862668275833,1.44143807888031,0.0009542619010502682
170,484.94065856933594,484.94065856933594,1.4294982552528381,685.2762451171875,685.2762451171875,0.19540336728096008,1.430088996887207,0.0009537280100661779
171,481.4219207763672,481.4219207763672,1.4218754172325134,674.3447265625,674.3447265625,0.19548295438289642,1.4284241199493408,0.0009531911806283107
172,475.7956848144531,475.7956848144531,1.4231957793235779,669.4821166992188,669.4821166992188,0.19384554028511047,1.4222192764282227,0.0009526514164160361
173,467.43800354003906,467.43800354003906,1.4133127927780151,664.1689453125,664.1689453125,0.19364315271377563,1.418618083000183,0.000952108721128837
174,464.03179931640625,464.03179931640625,1.4021447896957397,666.1290283203125,666.1290283203125,0.19115126132965088,1.407361388206482,0.0009515630984862864
175,460.8798828125,460.8798828125,1.3857227563858032,648.0427856445312,648.0427856445312,0.19072175025939941,1.402024507522583,0.0009510145522280209
176,455.57025146484375,455.57025146484375,1.3781036734580994,651.7930908203125,651.7930908203125,0.19213435053825378,1.4084136486053467,0.0009504630861137151
177,453.21287536621094,453.21287536621094,1.396914005279541,649.7573852539062,649.7573852539062,0.19534185528755188,1.4205479621887207,0.0009499087039230559
178,450.57489013671875,450.57489013671875,1.408519208431244,644.8742065429688,644.8742065429688,0.19352534413337708,1.41343355178833,0.0009493514094557168
179,444.1444549560547,444.1444549560547,1.4007060527801514,641.2091064453125,641.2091064453125,0.19355934858322144,1.4105143547058105,0.0009487912065313317
180,440.05735778808594,440.05735778808594,1.386469841003418,640.2476806640625,640.2476806640625,0.19171661138534546,1.4026293754577637,0.0009482280989894687
181,435.02662658691406,435.02662658691406,1.3828250765800476,633.16552734375,633.16552734375,0.19307838380336761,1.4053940773010254,0.0009476620906896039
182,431.59532165527344,431.59532165527344,1.379171073436737,629.216796875,629.216796875,0.19123265147209167,1.395667552947998,0.0009470931855110946
183,427.75286865234375,427.75286865234375,1.3774423003196716,625.3275756835938,625.3275756835938,0.19195488095283508,1.3996994495391846,0.0009465213873531535
184,428.01727294921875,428.01727294921875,1.3782880306243896,638.9130859375,638.9130859375,0.18982765078544617,1.3876588344573975,0.0009459467001348209
185,423.7437286376953,423.7437286376953,1.3551812171936035,617.5956420898438,617.5956420898438,0.18815447390079498,1.3772735595703125,0.0009453691277949389
186,418.07640075683594,418.07640075683594,1.348466694355011,616.8705444335938,616.8705444335938,0.18954753875732422,1.3837809562683105,0.0009447886742921233
187,413.9984893798828,413.9984893798828,1.364952027797699,613.4773559570312,613.4773559570312,0.19109860062599182,1.389427661895752,0.0009442053436047377
188,409.8466796875,409.8466796875,1.3671879172325134,609.286865234375,609.286865234375,0.19035141170024872,1.3849108219146729,0.0009436191397308651
189,406.5599822998047,406.5599822998047,1.3581326007843018,612.4344482421875,612.4344482421875,0.18666523694992065,1.369255542755127,0.0009430300666882817
190,401.7290344238281,401.7290344238281,1.3371134996414185,595.3170166015625,595.3170166015625,0.185395285487175,1.3619707822799683,0.0009424381285144275
191,398.17372131347656,398.17372131347656,1.3279487490653992,596.28125,596.28125,0.18559107184410095,1.3617383241653442,0.0009418433292663809
192,394.107177734375,394.107177734375,1.326222538948059,598.6422119140625,598.6422119140625,0.18470853567123413,1.3566218614578247,0.0009412456730208292
193,391.6054229736328,391.6054229736328,1.3235000371932983,588.9613037109375,588.9613037109375,0.1869966983795166,1.364977478981018,0.0009406451638740416
194,388.26011657714844,388.26011657714844,1.3259995579719543,592.5462036132812,592.5462036132812,0.18476110696792603,1.3555266857147217,0.0009400418059418403
195,385.16741943359375,385.16741943359375,1.3187799453735352,586.9266967773438,586.9266967773438,0.18523260951042175,1.3544433116912842,0.0009394356033595729
196,381.48716735839844,381.48716735839844,1.309408724308014,587.4073486328125,587.4073486328125,0.18537166714668274,1.3544158935546875,0.0009388265602820842
197,379.19114685058594,379.19114685058594,1.3120980858802795,588.2322387695312,588.2322387695312,0.18546420335769653,1.3540167808532715,0.0009382146808836873
198,377.44549560546875,377.44549560546875,1.322299063205719,580.9215087890625,580.9215087890625,0.18647411465644836,1.3564674854278564,0.0009375999693581351
199,374.81256103515625,374.81256103515625,1.3111547231674194,574.8551025390625,574.8551025390625,0.18225368857383728,1.3392406702041626,0.0009369824299185914
200,372.4639892578125,372.4639892578125,1.2981053590774536,583.4187622070312,583.4187622070312,0.18287396430969238,1.3427526950836182,0.0009363620667976027
201,370.189697265625,370.189697265625,1.296457827091217,565.9109497070312,565.9109497070312,0.18203386664390564,1.3366416692733765,0.000935738884247068
202,366.79649353027344,366.79649353027344,1.2891016006469727,570.4752807617188,570.4752807617188,0.18127691745758057,1.3326706886291504,0.0009351128865382109
203,363.49623107910156,363.49623107910156,1.2912312746047974,573.1802368164062,573.1802368164062,0.18301010131835938,1.341881513595581,0.0009344840779615496
204,359.9973602294922,359.9973602294922,1.299971103668213,555.0310668945312,555.0310668945312,0.1808689385652542,1.3315194845199585,0.0009338524628268676
205,359.47215270996094,359.47215270996094,1.2821998000144958,558.3952026367188,558.3952026367188,0.1816580891609192,1.3325860500335693,0.0009332180454631845
206,358.02687072753906,358.02687072753906,1.2852004170417786,585.8465576171875,585.8465576171875,0.1815514713525772,1.333511233329773,0.0009325808302187257
207,356.3362579345703,356.3362579345703,1.280844271183014,550.8838500976562,550.8838500976562,0.1800924837589264,1.3259629011154175,0.0009319408214608931
208,353.9853515625,353.9853515625,1.2726717591285706,550.3206787109375,550.3206787109375,0.18177127838134766,1.331864833831787,0.0009312980235762353
209,350.498779296875,350.498779296875,1.2825381755828857,557.6326904296875,557.6326904296875,0.1817636936903,1.3330285549163818,0.0009306524409704167
210,350.0338134765625,350.0338134765625,1.281594455242157,562.193603515625,562.193603515625,0.18101772665977478,1.3306114673614502,0.0009300040780681884
211,348.24794006347656,348.24794006347656,1.2820401191711426,551.7720947265625,551.7720947265625,0.18126368522644043,1.3278999328613281,0.0009293529393133572
212,349.0022888183594,349.0022888183594,1.2718045711517334,554.2407836914062,554.2407836914062,0.17888441681861877,1.319144606590271,0.000928699029168755
213,344.3498229980469,344.3498229980469,1.263252079486847,549.1968994140625,549.1968994140625,0.1792394518852234,1.3198729753494263,0.000928042352116209
214,340.9774627685547,340.9774627685547,1.2649224400520325,551.8814697265625,551.8814697265625,0.17778903245925903,1.3130284547805786,0.00092738291265651
215,339.1421661376953,339.1421661376953,1.2621772289276123,542.2487182617188,542.2487182617188,0.17971831560134888,1.3205304145812988,0.0009267207153093822
216,339.39588928222656,339.39588928222656,1.2643299102783203,548.7432250976562,548.7432250976562,0.1774185597896576,1.3124371767044067,0.0009260557646134519
217,336.9447937011719,336.9447937011719,1.2629452347755432,558.2822265625,558.2822265625,0.17875486612319946,1.316378116607666,0.0009253880651262172
218,336.7950134277344,336.7950134277344,1.2591224908828735,547.6966552734375,547.6966552734375,0.17653876543045044,1.3089015483856201,0.0009247176214240154
219,333.2387390136719,333.2387390136719,1.2508496046066284,527.8102416992188,527.8102416992188,0.17674484848976135,1.3071461915969849,0.0009240444381019922
220,330.2308044433594,330.2308044433594,1.2449193000793457,541.27392578125,541.27392578125,0.175682932138443,1.3032333850860596,0.0009233685197740714
221,329.8385925292969,329.8385925292969,1.2435131669044495,542.4159545898438,542.4159545898438,0.1755867302417755,1.3000473976135254,0.0009226898710729209
222,328.06170654296875,328.06170654296875,1.238877773284912,534.1525268554688,534.1525268554688,0.1753297746181488,1.2980680465698242,0.0009220084966499233
223,325.91102600097656,325.91102600097656,1.2367918491363525,533.1727294921875,533.1727294921875,0.17499983310699463,1.2961723804473877,0.0009213244011751424
224,324.69923400878906,324.69923400878906,1.2357179522514343,534.192138671875,534.192138671875,0.17603808641433716,1.2986671924591064,0.000920637589337292
225,322.97271728515625,322.97271728515625,1.239581823348999,535.3098754882812,535.3098754882812,0.17514267563819885,1.297646403312683,0.0009199480658437039
226,322.7205047607422,322.7205047607422,1.2409778833389282,539.755615234375,539.755615234375,0.176304891705513,1.302579641342163,0.0009192558354202945
227,321.0447082519531,321.0447082519531,1.2416108846664429,517.662109375,517.662109375,0.17553433775901794,1.2966231107711792,0.0009185609028115337
228,320.49468994140625,320.49468994140625,1.234721601009369,534.4207153320312,534.4207153320312,0.17334288358688354,1.2891737222671509,0.0009178632727804119
229,317.96380615234375,317.96380615234375,1.227129876613617,534.2786865234375,534.2786865234375,0.17463189363479614,1.2915213108062744,0.0009171629501084071
230,316.89845275878906,316.89845275878906,1.2254363894462585,525.739501953125,525.739501953125,0.1729402244091034,1.286573886871338,0.0009164599395954524
231,313.658935546875,313.658935546875,1.2234413623809814,525.6351928710938,525.6351928710938,0.17412570118904114,1.289751410484314,0.0009157542460599035
232,312.5164489746094,312.5164489746094,1.2205416560173035,526.8590087890625,526.8590087890625,0.17271703481674194,1.2832132577896118,0.0009150458743385046
233,310.70664978027344,310.70664978027344,1.2216823101043701,523.6924438476562,523.6924438476562,0.17404313385486603,1.2877551317214966,0.000914334829286356
234,308.6091003417969,308.6091003417969,1.2192016243934631,526.7391357421875,526.7391357421875,0.17303048074245453,1.2838650941848755,0.0009136211157768811
235,307.4188995361328,307.4188995361328,1.224661946296692,515.8330688476562,515.8330688476562,0.1761174499988556,1.297394037246704,0.0009129047387017925
236,309.8015899658203,309.8015899658203,1.2326483726501465,523.1780395507812,523.1780395507812,0.17526061832904816,1.2942410707473755,0.0009121857029710581
237,307.2066116333008,307.2066116333008,1.233848512172699,520.6098022460938,520.6098022460938,0.17551007866859436,1.2934530973434448,0.0009114640135128688
238,302.2287902832031,302.2287902832031,1.2269898653030396,520.1687622070312,520.1687622070312,0.172221377491951,1.279242992401123,0.000910739675273603
239,302.2740173339844,302.2740173339844,1.2103553414344788,507.3641662597656,507.3641662597656,0.17097914218902588,1.273335337638855,0.0009100126932177938
240,301.57096099853516,301.57096099853516,1.20108962059021,517.069580078125,517.069580078125,0.16891711950302124,1.2644332647323608,0.000909283072328095
241,302.0867233276367,302.0867233276367,1.1980850100517273,521.4599609375,521.4599609375,0.17121702432632446,1.2697322368621826,0.0009085508176052465
242,298.6234436035156,298.6234436035156,1.1978540420532227,507.4830017089844,507.4830017089844,0.16960595548152924,1.2640092372894287,0.00090781593406804
243,298.00628662109375,298.00628662109375,1.200882375240326,516.208740234375,516.208740234375,0.17111970484256744,1.2702524662017822,0.000907078426753285
244,297.4855194091797,297.4855194091797,1.1989209651947021,505.71142578125,505.71142578125,0.1700652539730072,1.2681368589401245,0.0009063383007157744
245,295.71868896484375,295.71868896484375,1.2011080980300903,496.0877990722656,496.0877990722656,0.1715286821126938,1.2722193002700806,0.0009055955610282487
246,293.35418701171875,293.35418701171875,1.2018829584121704,511.62542724609375,511.62542724609375,0.17009402811527252,1.2659674882888794,0.000904850212781363
247,291.18731689453125,291.18731689453125,1.1967178583145142,497.4306640625,497.4306640625,0.17044836282730103,1.2666008472442627,0.0009041022610836503
248,290.2840881347656,290.2840881347656,1.194084644317627,505.6558532714844,505.6558532714844,0.1686047613620758,1.2599353790283203,0.0009033517110614881
249,289.14508056640625,289.14508056640625,1.192466914653778,501.34979248046875,501.34979248046875,0.1699293553829193,1.2657904624938965,0.0009025985678590621
250,288.5166931152344,288.5166931152344,1.1919293999671936,502.6390686035156,502.6390686035156,0.1690852791070938,1.260798692703247,0.0009018428366383317
251,288.25372314453125,288.25372314453125,1.1923097372055054,505.9990539550781,505.9990539550781,0.1700444370508194,1.2631480693817139,0.0009010845225789934
252,284.96324157714844,284.96324157714844,1.19082510471344,502.59234619140625,502.59234619140625,0.16817545890808105,1.2574961185455322,0.0009003236308784478
253,282.9424362182617,282.9424362182617,1.1873182654380798,492.6655578613281,492.6655578613281,0.1690795123577118,1.260427474975586,0.0008995601667517607
254,283.9931640625,283.9931640625,1.1846100091934204,496.6803283691406,496.6803283691406,0.16783909499645233,1.2560441493988037,0.0008987941354316301
255,283.6032028198242,283.6032028198242,1.1830653548240662,491.84271240234375,491.84271240234375,0.16871902346611023,1.2565587759017944,0.0008980255421683486
256,281.499755859375,281.499755859375,1.182199478149414,495.35528564453125,495.35528564453125,0.16751302778720856,1.2534654140472412,0.0008972543922297687
257,281.7486572265625,281.7486572265625,1.1801210641860962,486.4365539550781,486.4365539550781,0.16757699847221375,1.2522547245025635,0.0008964806909012655
258,278.85694122314453,278.85694122314453,1.1791463494300842,488.146484375,488.146484375,0.16668902337551117,1.248916506767273,0.0008957044434857014
259,278.9541015625,278.9541015625,1.1777079105377197,482.9046325683594,482.9046325683594,0.16734734177589417,1.250274658203125,0.0008949256553033892
260,275.97544860839844,275.97544860839844,1.1794298887252808,489.73785400390625,489.73785400390625,0.1669796109199524,1.2497045993804932,0.0008941443316920559
261,274.76593017578125,274.76593017578125,1.182530701160431,490.8106994628906,490.8106994628906,0.16811180114746094,1.251991868019104,0.0008933604780068062
262,273.8615264892578,273.8615264892578,1.1787158846855164,486.9508056640625,486.9508056640625,0.16658473014831543,1.2471638917922974,0.0008925740996200851
263,271.6097717285156,271.6097717285156,1.1773000955581665,475.4217529296875,475.4217529296875,0.1674996018409729,1.2499253749847412,0.0008917852019216424
264,271.2610168457031,271.2610168457031,1.1749860644340515,488.278564453125,488.278564453125,0.16648602485656738,1.2448818683624268,0.0008909937903184945
265,270.3632278442383,270.3632278442383,1.1747301816940308,490.06866455078125,490.06866455078125,0.16631260514259338,1.2434666156768799,0.000890199870234888
266,268.5722122192383,268.5722122192383,1.166749894618988,475.9792785644531,475.9792785644531,0.16418468952178955,1.237520456314087,0.0008894034471122621
267,268.83972930908203,268.83972930908203,1.1659748554229736,473.2270202636719,473.2270202636719,0.16638202965259552,1.2464743852615356,0.0008886045264092117
268,267.5973587036133,267.5973587036133,1.1698309779167175,484.1531982421875,484.1531982421875,0.16519203782081604,1.2405648231506348,0.0008878031136014499
269,267.6380310058594,267.6380310058594,1.1645510792732239,480.59356689453125,480.59356689453125,0.1662086844444275,1.2423324584960938,0.0008869992141817703
270,264.6120910644531,264.6120910644531,1.165649652481079,479.6994934082031,479.6994934082031,0.16556763648986816,1.2411832809448242,0.0008861928336600095
271,262.806884765625,262.806884765625,1.1679359674453735,465.729248046875,465.729248046875,0.16677996516227722,1.2449359893798828,0.0008853839775630094
272,265.1472473144531,265.1472473144531,1.1688652038574219,476.8965148925781,476.8965148925781,0.16461944580078125,1.2364747524261475,0.000884572651434579
273,263.45796966552734,263.45796966552734,1.1627563834190369,475.838134765625,475.838134765625,0.1653534471988678,1.238504409790039,0.0008837588608354571
274,260.8196105957031,260.8196105957031,1.16269850730896,467.6934814453125,467.6934814453125,0.16581487655639648,1.2391760349273682,0.0008829426113432729
275,259.9784851074219,259.9784851074219,1.1636648178100586,469.12109375,469.12109375,0.16548317670822144,1.237452745437622,0.0008821239085525091
276,258.62591552734375,258.62591552734375,1.160436749458313,470.22955322265625,470.22955322265625,0.16429990530014038,1.233003854751587,0.0008813027580744632
277,257.99098205566406,257.99098205566406,1.1591206789016724,467.8194580078125,467.8194580078125,0.16540250182151794,1.2382230758666992,0.0008804791655372085
278,256.2333984375,256.2333984375,1.1626905798912048,467.5482177734375,467.5482177734375,0.16505098342895508,1.2365050315856934,0.0008796531365855559
279,255.8037872314453,255.8037872314453,1.1618174314498901,481.3584289550781,481.3584289550781,0.16402427852153778,1.232641339302063,0.0008788246768810155
280,255.9117889404297,255.9117889404297,1.1540951132774353,464.4003601074219,464.4003601074219,0.16303607821464539,1.228171706199646,0.0008779937921017574
281,255.85669708251953,255.85669708251953,1.1511793732643127,458.3399963378906,458.3399963378906,0.16268277168273926,1.2265002727508545,0.0008771604879425725
282,252.90866088867188,252.90866088867188,1.152130365371704,478.0444641113281,478.0444641113281,0.162433922290802,1.2263083457946777,0.0008763247701148346
283,253.8424530029297,253.8424530029297,1.1486605405807495,447.82733154296875,447.82733154296875,0.1620483249425888,1.2234939336776733,0.00087548664434646
284,251.345458984375,251.345458984375,1.1527621150016785,467.5823669433594,467.5823669433594,0.16232694685459137,1.226029872894287,0.0008746461163818687
285,249.513916015625,249.513916015625,1.1484183073043823,453.7168273925781,453.7168273925781,0.1625603437423706,1.2258027791976929,0.0008738031919819456
286,248.66470336914062,248.66470336914062,1.1493238806724548,463.7114562988281,463.7114562988281,0.16194161772727966,1.2213363647460938,0.0008729578769239999
287,246.6251678466797,246.6251678466797,1.1447359919548035,457.5016784667969,457.5016784667969,0.1608404666185379,1.2187154293060303,0.0008721101770017265
288,246.75724029541016,246.75724029541016,1.1429965496063232,451.0113220214844,451.0113220214844,0.16109412908554077,1.21854567527771,0.0008712600980251656
289,245.0341796875,245.0341796875,1.1451776027679443,458.1246643066406,458.1246643066406,0.16150376200675964,1.220553994178772,0.0008704076458206632
290,245.36105346679688,245.36105346679688,1.1422293186187744,456.0831604003906,456.0831604003906,0.16004130244255066,1.2125141620635986,0.0008695528262308317
291,244.5355987548828,244.5355987548828,1.138300895690918,460.7001647949219,460.7001647949219,0.15993669629096985,1.2133128643035889,0.0008686956451145084
292,243.0961456298828,243.0961456298828,1.1371853351593018,446.5947265625,446.5947265625,0.15990394353866577,1.2136406898498535,0.0008678361083467171
293,241.0844268798828,241.0844268798828,1.1406540870666504,462.8975830078125,462.8975830078125,0.1603538691997528,1.2156305313110352,0.0008669742218186262
294,241.66477966308594,241.66477966308594,1.1369441747665405,450.94622802734375,450.94622802734375,0.1596018224954605,1.2117183208465576,0.0008661099914375098
295,240.42723846435547,240.42723846435547,1.1397123336791992,448.1921691894531,448.1921691894531,0.15982964634895325,1.2131547927856445,0.0008652434231267059
296,238.92301177978516,238.92301177978516,1.1376248598098755,445.0733642578125,445.0733642578125,0.1599355936050415,1.2131106853485107,0.0008643745228255767
297,239.896728515625,239.896728515625,1.1364257335662842,459.7159118652344,459.7159118652344,0.158891499042511,1.207959532737732,0.0008635032964894676
298,238.01734924316406,238.01734924316406,1.1336091756820679,445.559326171875,445.559326171875,0.15906588733196259,1.208604335784912,0.0008626297500896666
299,237.0667953491211,237.0667953491211,1.1323686838150024,446.6529846191406,446.6529846191406,0.15821775794029236,1.2063663005828857,0.0008617538896133625
300,235.74838256835938,235.74838256835938,1.1321618556976318,444.9258728027344,444.9258728027344,0.1589716672897339,1.2077276706695557,0.0008608757210636052
301,237.0304946899414,237.0304946899414,1.131904661655426,450.10101318359375,450.10101318359375,0.1580023467540741,1.20310378074646,0.0008599952504592636
302,235.20127868652344,235.20127868652344,1.1305387616157532,450.28265380859375,450.28265380859375,0.15910711884498596,1.2091209888458252,0.0008591124838349845
303,233.5980224609375,233.5980224609375,1.1320966482162476,436.2218017578125,436.2218017578125,0.158321350812912,1.2045421600341797,0.0008582274272411517
304,231.56097412109375,231.56097412109375,1.1289022564888,438.2237548828125,438.2237548828125,0.1587751805782318,1.2073040008544922,0.0008573400867438438
305,233.65605926513672,233.65605926513672,1.1333948373794556,437.7098693847656,437.7098693847656,0.15900762379169464,1.208167552947998,0.0008564504684247932
306,231.536376953125,231.536376953125,1.1306689381599426,453.8031921386719,453.8031921386719,0.15800610184669495,1.2029190063476562,0.0008555585783813443
307,231.23485565185547,231.23485565185547,1.1254223585128784,441.241943359375,441.241943359375,0.15631753206253052,1.1965303421020508,0.0008546644227264119
308,230.44374084472656,230.44374084472656,1.1225382685661316,443.829833984375,443.829833984375,0.1562817394733429,1.1967617273330688,0.0008537680075884382
309,229.389892578125,229.389892578125,1.1217132210731506,441.4752197265625,441.4752197265625,0.15640667080879211,1.1989072561264038,0.0008528693391113527
310,226.99968719482422,226.99968719482422,1.123434066772461,434.5138854980469,434.5138854980469,0.15714752674102783,1.1981873512268066,0.0008519684234545282
311,227.65911865234375,227.65911865234375,1.1251894235610962,436.6357727050781,436.6357727050781,0.15568415820598602,1.1936765909194946,0.0008510652667927398
312,226.00533294677734,226.00533294677734,1.1221874952316284,434.5495910644531,434.5495910644531,0.15683916211128235,1.196035623550415,0.0008501598753161223
313,225.47695922851562,225.47695922851562,1.1222445964813232,431.2851867675781,431.2851867675781,0.1556599736213684,1.1932203769683838,0.0008492522552301272
314,226.48626708984375,226.48626708984375,1.1214966773986816,431.19842529296875,431.19842529296875,0.15625964105129242,1.195275068283081,0.0008483424127554811
315,224.93802642822266,224.93802642822266,1.120984137058258,420.4100341796875,420.4100341796875,0.15587854385375977,1.193548321723938,0.0008474303541281425
316,222.09823608398438,222.09823608398438,1.1202043890953064,435.3027038574219,435.3027038574219,0.15692700445652008,1.1966428756713867,0.000846516085599259
317,227.7305145263672,227.7305145263672,1.1279130578041077,426.3041076660156,426.3041076660156,0.1566825658082962,1.1959432363510132,0.0008455996134351248
318,223.8943099975586,223.8943099975586,1.1233090162277222,446.66448974609375,446.66448974609375,0.15573260188102722,1.1955238580703735,0.0008446809439171374
319,222.71629333496094,222.71629333496094,1.116430401802063,427.6623840332031,427.6623840332031,0.1565014123916626,1.19390869140625,0.0008437600833417549
320,232.9998550415039,232.9998550415039,1.1260370016098022,429.9820251464844,429.9820251464844,0.1550663709640503,1.1884855031967163,0.0008428370380204527
321,226.1463165283203,226.1463165283203,1.1133759021759033,449.2776794433594,449.2776794433594,0.15436328947544098,1.1885466575622559,0.0008419118142796799
322,229.4304428100586,229.4304428100586,1.1136410236358643,432.16632080078125,432.16632080078125,0.15503406524658203,1.1882667541503906,0.0008409844184608164
323,220.620849609375,220.620849609375,1.1187158226966858,423.4144592285156,423.4144592285156,0.1554405391216278,1.188886284828186,0.0008400548569201295
324,220.95862579345703,220.95862579345703,1.1205140352249146,426.296875,426.296875,0.1547597348690033,1.1888399124145508,0.0008391231360287296
325,217.4626922607422,217.4626922607422,1.1140565872192383,425.2149353027344,425.2149353027344,0.15463721752166748,1.1871678829193115,0.0008381892621725278
326,218.35107421875,218.35107421875,1.1166581511497498,423.4844970703125,423.4844970703125,0.15510056912899017,1.18874990940094,0.0008372532417521906
327,215.14928436279297,215.14928436279297,1.1153645515441895,426.0697326660156,426.0697326660156,0.15482795238494873,1.1890296936035156,0.0008363150811830972
328,215.6286392211914,215.6286392211914,1.1180498003959656,418.88897705078125,418.88897705078125,0.15512041747570038,1.1889911890029907,0.0008353747868952953
329,214.64319610595703,214.64319610595703,1.114980936050415,420.5000915527344,420.5000915527344,0.1538791060447693,1.1849555969238281,0.0008344323653334563
330,213.41452026367188,213.41452026367188,1.1116195321083069,419.6541748046875,419.6541748046875,0.15316830575466156,1.1800748109817505,0.0008334878229568325
331,214.3633270263672,214.3633270263672,1.1075688600540161,412.4166564941406,412.4166564941406,0.15265029668807983,1.1787109375,0.0008325411662392112
332,212.2161102294922,212.2161102294922,1.1066118478775024,427.64007568359375,427.64007568359375,0.15344762802124023,1.1849443912506104,0.0008315924016688717
333,213.4003143310547,213.4003143310547,1.1077737212181091,407.16571044921875,407.16571044921875,0.15368695557117462,1.1841702461242676,0.0008306415357485403
334,211.21131134033203,211.21131134033203,1.110934555530548,416.3073425292969,416.3073425292969,0.15318414568901062,1.1809589862823486,0.0008296885749953453
335,210.16316986083984,210.16316986083984,1.1083230376243591,419.254638671875,419.254638671875,0.152342289686203,1.1777722835540771,0.000828733525940773
336,209.94265747070312,209.94265747070312,1.1049150228500366,409.23944091796875,409.23944091796875,0.15245431661605835,1.1778333187103271,0.0008277763951306229
337,208.80794525146484,208.80794525146484,1.1071394681930542,410.8459167480469,410.8459167480469,0.1530141979455948,1.1802040338516235,0.0008268171891249622
338,208.53070068359375,208.53070068359375,1.1055320501327515,414.5564270019531,414.5564270019531,0.15213780105113983,1.1758006811141968,0.0008258559144980815
339,208.14603424072266,208.14603424072266,1.1052619218826294,409.9024353027344,409.9024353027344,0.15304970741271973,1.1789255142211914,0.0008248925778384496
340,206.591064453125,206.591064453125,1.1067503094673157,413.0574645996094,413.0574645996094,0.15195229649543762,1.175328016281128,0.0008239271857486681
341,205.4774169921875,205.4774169921875,1.1025586128234863,408.05126953125,408.05126953125,0.15231195092201233,1.1758406162261963,0.0008229597448454262
342,205.32675170898438,205.32675170898438,1.103445291519165,417.4228515625,417.4228515625,0.15165606141090393,1.1738300323486328,0.0008219902617594552
343,205.96749877929688,205.96749877929688,1.105710506439209,401.98321533203125,401.98321533203125,0.15277227759361267,1.1772170066833496,0.0008210187431354841
344,204.29203033447266,204.29203033447266,1.1049554347991943,411.3232116699219,411.3232116699219,0.15221405029296875,1.1766067743301392,0.0008200451956321928
345,204.455078125,204.455078125,1.1049783825874329,401.24951171875,401.24951171875,0.1526605188846588,1.1776881217956543,0.0008190696259221665
346,204.1410903930664,204.1410903930664,1.103925347328186,410.7691650390625,410.7691650390625,0.15104353427886963,1.1718122959136963,0.000818092040691851
347,202.78827667236328,202.78827667236328,1.1022316217422485,407.025146484375,407.025146484375,0.15166765451431274,1.1735845804214478,0.0008171124466415059
348,202.1833267211914,202.1833267211914,1.1011466979980469,405.3569641113281,405.3569641113281,0.15134041011333466,1.172559142112732,0.0008161308504851593
349,201.84857940673828,201.84857940673828,1.1021596789360046,400.7391052246094,400.7391052246094,0.15193215012550354,1.1742794513702393,0.0008151472589505611
350,201.27233123779297,201.27233123779297,1.1006898283958435,414.9880676269531,414.9880676269531,0.15073636174201965,1.1700315475463867,0.0008141616787791377
351,201.74227905273438,201.74227905273438,1.1002514958381653,395.8882141113281,395.8882141113281,0.15096184611320496,1.169618010520935,0.0008131741167259453
352,200.75103759765625,200.75103759765625,1.0990922451019287,405.30621337890625,405.30621337890625,0.15028971433639526,1.1682671308517456,0.0008121845795596236
353,200.7421646118164,200.7421646118164,1.0981481671333313,396.7384033203125,396.7384033203125,0.15080133080482483,1.171235203742981,0.0008111930740623492
354,200.47048950195312,200.47048950195312,1.100670874118805,400.3740234375,400.3740234375,0.15097713470458984,1.1709109544754028,0.0008101996070297903
355,200.5036392211914,200.5036392211914,1.1021113395690918,396.6972961425781,396.6972961425781,0.15161389112472534,1.1728618144989014,0.0008092041852710587
356,200.05852508544922,200.05852508544922,1.100937843322754,409.3340759277344,409.3340759277344,0.1496117115020752,1.1637663841247559,0.0008082068156086631
357,200.44684600830078,200.44684600830078,1.0950577855110168,393.84112548828125,393.84112548828125,0.15130546689033508,1.1681954860687256,0.0008072075048784639
358,199.41488647460938,199.41488647460938,1.0977471768856049,397.2896728515625,397.2896728515625,0.15001969039440155,1.1675209999084473,0.0008062062599296249
359,198.29804229736328,198.29804229736328,1.0967872142791748,391.9496154785156,391.9496154785156,0.15068411827087402,1.1686692237854004,0.0008052030876245668
360,198.75894165039062,198.75894165039062,1.0973448753356934,392.64013671875,392.64013671875,0.15060599148273468,1.1683135032653809,0.0008041979948389203
361,197.5062713623047,197.5062713623047,1.1003374457359314,394.1860656738281,394.1860656738281,0.15060193836688995,1.1691452264785767,0.0008031909884614789
362,196.44153594970703,196.44153594970703,1.0985875725746155,397.174072265625,397.174072265625,0.1500241756439209,1.1650227308273315,0.0008021820753941513
363,195.72991943359375,195.72991943359375,1.0973504781723022,383.1068420410156,383.1068420410156,0.14949201047420502,1.1637200117111206,0.000801171262551915
364,194.57791137695312,194.57791137695312,1.0945872068405151,396.87396240234375,396.87396240234375,0.14951646327972412,1.1648198366165161,0.000800158556862768
365,194.72979736328125,194.72979736328125,1.091982364654541,388.173583984375,388.173583984375,0.1508161574602127,1.1693165302276611,0.0007991439652676816
366,194.8832550048828,194.8832550048828,1.097023844718933,400.885009765625,400.885009765625,0.14961545169353485,1.1656367778778076,0.000798127494720553
367,193.86184692382812,193.86184692382812,1.0933369398117065,384.7815246582031,384.7815246582031,0.15011608600616455,1.1663023233413696,0.0007971091521881574
368,194.26187896728516,194.26187896728516,1.096894085407257,392.400634765625,392.400634765625,0.14855492115020752,1.1586381196975708,0.0007960889446501008
369,193.7518539428711,193.7518539428711,1.0902228951454163,389.52362060546875,389.52362060546875,0.14964093267917633,1.1624209880828857,0.000795066879098771
370,192.8761749267578,192.8761749267578,1.0916278958320618,388.0859375,388.0859375,0.14886650443077087,1.1601543426513672,0.0007940429625392913
371,193.17364501953125,193.17364501953125,1.0903931260108948,375.7018737792969,375.7018737792969,0.1494200974702835,1.1604657173156738,0.000793017201989471
372,191.2796859741211,191.2796859741211,1.090019166469574,386.079345703125,386.079345703125,0.1489088237285614,1.1613503694534302,0.0007919896044797579
373,190.15762329101562,190.15762329101562,1.0928963422775269,379.7611999511719,379.7611999511719,0.1489977240562439,1.1604394912719727,0.0007909601770531903
374,191.6230239868164,191.6230239868164,1.0911944508552551,403.1883544921875,403.1883544921875,0.14859268069267273,1.1600834131240845,0.0007899289267653487
375,190.64051818847656,190.64051818847656,1.0890780091285706,374.86566162109375,374.86566162109375,0.1490667760372162,1.1615103483200073,0.0007888958606843069
376,189.55655670166016,189.55655670166016,1.0913825035095215,384.2920227050781,384.2920227050781,0.1487746238708496,1.1595163345336914,0.0007878609858905844
377,188.9112091064453,188.9112091064453,1.09048330783844,379.2286071777344,379.2286071777344,0.1489149034023285,1.1608800888061523,0.0007868243094770969
378,188.08929443359375,188.08929443359375,1.0900216102600098,386.3802795410156,386.3802795410156,0.14841163158416748,1.158349871635437,0.0007857858385491085
379,188.77439880371094,188.77439880371094,1.0908569693565369,384.48272705078125,384.48272705078125,0.14924514293670654,1.1632736921310425,0.0007847455802241828
380,188.56778717041016,188.56778717041016,1.0904759168624878,385.3780212402344,385.3780212402344,0.14792707562446594,1.1580090522766113,0.0007837035416321337
381,188.7209014892578,188.7209014892578,1.0899330973625183,376.95111083984375,376.95111083984375,0.14889706671237946,1.1597100496292114,0.0007826597299149774
382,186.1676025390625,186.1676025390625,1.090961515903473,386.07952880859375,386.07952880859375,0.1479797065258026,1.1588871479034424,0.0007816141522268821
383,187.0938949584961,187.0938949584961,1.0895313024520874,375.074951171875,375.074951171875,0.14870212972164154,1.159530520439148,0.0007805668157341204
384,185.83274841308594,185.83274841308594,1.0911588072776794,384.20562744140625,384.20562744140625,0.1479560136795044,1.1584757566452026,0.0007795177276150193
385,185.69603729248047,185.69603729248047,1.0877175331115723,373.1141052246094,373.1141052246094,0.14818967878818512,1.1573877334594727,0.0007784668950599113
386,185.02404022216797,185.02404022216797,1.0883305668830872,379.341064453125,379.341064453125,0.14847081899642944,1.158437728881836,0.0007774143252710853
387,185.1183624267578,185.1183624267578,1.088088870048523,373.89227294921875,373.89227294921875,0.1481744945049286,1.1578459739685059,0.0007763600254627364
388,183.73827362060547,183.73827362060547,1.0880174040794373,376.7184143066406,376.7184143066406,0.14783504605293274,1.1567792892456055,0.0007753040028609179
389,183.61361694335938,183.61361694335938,1.0882404446601868,376.4170837402344,376.4170837402344,0.14750003814697266,1.1546834707260132,0.00077424626470349
390,183.62425994873047,183.62425994873047,1.0855618119239807,372.8074951171875,372.8074951171875,0.14673393964767456,1.1502498388290405,0.0007731868182400717
391,183.5833740234375,183.5833740234375,1.0846583247184753,375.26904296875,375.26904296875,0.14716476202011108,1.1535707712173462,0.0007721256707319907
392,183.71134185791016,183.71134185791016,1.085348904132843,369.37603759765625,369.37603759765625,0.1473124623298645,1.1543245315551758,0.0007710628294522329
393,181.8288116455078,181.8288116455078,1.0861077308654785,374.67266845703125,374.67266845703125,0.14741039276123047,1.1544888019561768,0.0007699983016853936
394,182.7646713256836,182.7646713256836,1.08684504032135,382.01202392578125,382.01202392578125,0.14728690683841705,1.1537754535675049,0.000768932094727627
395,180.55587768554688,180.55587768554688,1.0839499235153198,368.9181213378906,368.9181213378906,0.14663991332054138,1.1502435207366943,0.0007678642158865958
396,180.41852569580078,180.41852569580078,1.0833351016044617,369.6388854980469,369.6388854980469,0.147208571434021,1.1532835960388184,0.0007667946724814224
397,179.8256072998047,179.8256072998047,1.087234079837799,368.0964660644531,368.0964660644531,0.14773863554000854,1.155400276184082,0.0007657234718426375
398,181.47681427001953,181.47681427001953,1.0863034129142761,369.3825988769531,369.3825988769531,0.14701233804225922,1.1518888473510742,0.0007646506213121302
399,180.31241607666016,180.31241607666016,1.0849621891975403,366.0261535644531,366.0261535644531,0.14669600129127502,1.1515371799468994,0.0007635761282430981
400,179.7914810180664,179.7914810180664,1.0812210440635681,373.1438903808594,373.1438903808594,0.14668013155460358,1.1499767303466797,0.0007624999999999961
401,180.4126968383789,180.4126968383789,1.0852797031402588,364.3772277832031,364.3772277832031,0.1476963758468628,1.154587984085083,0.000761422243958487
402,179.26805114746094,179.26805114746094,1.0856571197509766,372.5962219238281,372.5962219238281,0.14705747365951538,1.1531996726989746,0.0007603428675053898
403,177.5962905883789,177.5962905883789,1.084826409816742,363.4447937011719,363.4447937011719,0.1474800854921341,1.1535851955413818,0.0007592618780386299
404,177.406982421875,177.406982421875,1.0837737917900085,370.352294921875,370.352294921875,0.14630985260009766,1.1496808528900146,0.0007581792829671881
405,176.33246612548828,176.33246612548828,1.0819404125213623,358.7172546386719,358.7172546386719,0.1470540314912796,1.1529207229614258,0.0007570950897110498
406,177.5189666748047,177.5189666748047,1.0837212800979614,372.91632080078125,372.91632080078125,0.1464022397994995,1.1512980461120605,0.0007560093057011541
407,177.113037109375,177.113037109375,1.0831761360168457,360.6945495605469,360.6945495605469,0.14693549275398254,1.151352882385254,0.0007549219383793432
408,176.42496490478516,176.42496490478516,1.0818171501159668,366.0879821777344,366.0879821777344,0.14599919319152832,1.1498091220855713,0.0007538329951983108
409,177.01559448242188,177.01559448242188,1.08245187997818,360.88153076171875,360.88153076171875,0.14693671464920044,1.1525206565856934,0.0007527424836215516
410,175.18775939941406,175.18775939941406,1.0830501914024353,367.8621520996094,367.8621520996094,0.14519339799880981,1.1460950374603271,0.0007516504111233101
411,175.61721801757812,175.61721801757812,1.078335165977478,365.08453369140625,365.08453369140625,0.1454543173313141,1.1457231044769287,0.0007505567851885283
412,174.67736053466797,174.67736053466797,1.0789507627487183,364.96929931640625,364.96929931640625,0.1450384557247162,1.1441137790679932,0.0007494616133127967
413,173.29766082763672,173.29766082763672,1.07674640417099,355.179931640625,355.179931640625,0.14522719383239746,1.1460018157958984,0.0007483649030023002
414,172.7710952758789,172.7710952758789,1.077532410621643,360.1600646972656,360.1600646972656,0.1451493501663208,1.1448386907577515,0.0007472666617737685
415,172.2345199584961,172.2345199584961,1.0773820877075195,364.7796630859375,364.7796630859375,0.14519216120243073,1.1454797983169556,0.000746166897154424
416,171.9563751220703,171.9563751220703,1.0781684517860413,355.9595947265625,355.9595947265625,0.1459469199180603,1.1484295129776,0.0007450656166819305
417,172.25568389892578,172.25568389892578,1.080136001110077,359.539794921875,359.539794921875,0.14513328671455383,1.1466829776763916,0.0007439628279043408
418,172.18190002441406,172.18190002441406,1.0768308639526367,352.27264404296875,352.27264404296875,0.14544397592544556,1.1448063850402832,0.0007428585383800457
419,171.2297821044922,171.2297821044922,1.0782393217086792,365.6794128417969,365.6794128417969,0.1449173390865326,1.1428889036178589,0.0007417527556777223
420,170.8924560546875,170.8924560546875,1.0763864517211914,351.09326171875,351.09326171875,0.14578978717327118,1.1465073823928833,0.0007406454873762809
421,169.10548400878906,169.10548400878906,1.076482355594635,355.4313049316406,355.4313049316406,0.1452755331993103,1.143949270248413,0.0007395367410648148
422,169.19952392578125,169.19952392578125,1.0780151784420013,356.949951171875,356.949951171875,0.14529848098754883,1.1459077596664429,0.000738426524342547
423,169.51690673828125,169.51690673828125,1.0814014673233032,350.7324523925781,350.7324523925781,0.14594495296478271,1.1478474140167236,0.0007373148448187787
424,170.34229278564453,170.34229278564453,1.0804599523544312,365.6852722167969,365.6852722167969,0.14494231343269348,1.1431641578674316,0.0007362017101128366
425,170.13235473632812,170.13235473632812,1.0782748460769653,346.1744384765625,346.1744384765625,0.1449914574623108,1.1423978805541992,0.0007350871278540218
426,170.31851959228516,170.31851959228516,1.0776851773262024,357.4945373535156,357.4945373535156,0.14435356855392456,1.1422936916351318,0.0007339711056815558
427,168.67742156982422,168.67742156982422,1.072843611240387,345.5428771972656,345.5428771972656,0.14501631259918213,1.1435558795928955,0.0007328536512445299
428,168.48358917236328,168.48358917236328,1.0775325894355774,363.0205078125,363.0205078125,0.1445685774087906,1.1441298723220825,0.0007317347722018518
429,167.85985565185547,167.85985565185547,1.0743876695632935,350.6002197265625,350.6002197265625,0.1448071300983429,1.142852544784546,0.0007306144762221927
430,168.57330322265625,168.57330322265625,1.077648401260376,346.1236267089844,346.1236267089844,0.14358365535736084,1.1408894062042236,0.0007294927709839364
431,167.3823013305664,167.3823013305664,1.0737445950508118,352.7633361816406,352.7633361816406,0.1443411409854889,1.1430730819702148,0.0007283696641751246
432,166.48497009277344,166.48497009277344,1.074244201183319,352.1272277832031,352.1272277832031,0.1439599096775055,1.1406707763671875,0.0007272451634934057
433,165.7397918701172,165.7397918701172,1.0743391513824463,351.9966735839844,351.9966735839844,0.1438741832971573,1.139405608177185,0.0007261192766459815
434,164.85743713378906,164.85743713378906,1.0724589228630066,345.49029541015625,345.49029541015625,0.14357852935791016,1.1384594440460205,0.0007249920113495545
435,164.1942367553711,164.1942367553711,1.071905255317688,345.95550537109375,345.95550537109375,0.1433960497379303,1.1369855403900146,0.0007238633753302745
436,164.62863159179688,164.62863159179688,1.070149302482605,353.90423583984375,353.90423583984375,0.14311367273330688,1.1366677284240723,0.0007227333763236868
437,162.78487396240234,162.78487396240234,1.0719723105430603,341.4439697265625,341.4439697265625,0.1432073414325714,1.1371748447418213,0.0007216020220746778
438,163.33602142333984,163.33602142333984,1.0710585713386536,345.4865417480469,345.4865417480469,0.1437281221151352,1.139817476272583,0.0007204693203374228
439,163.117431640625,163.117431640625,1.0733208060264587,346.6612243652344,346.6612243652344,0.14351925253868103,1.1369996070861816,0.000719335278875333
440,163.34224319458008,163.34224319458008,1.0709585547447205,348.11279296875,348.11279296875,0.14244243502616882,1.1316807270050049,0.0007181999054610013
441,163.55841064453125,163.55841064453125,1.0686939656734467,339.0392761230469,339.0392761230469,0.1430400013923645,1.1359195709228516,0.0007170632078761502
442,163.09132385253906,163.09132385253906,1.070124328136444,344.36962890625,344.36962890625,0.1432597041130066,1.1367576122283936,0.0007159251939115774
443,163.50094604492188,163.50094604492188,1.069416880607605,343.9585266113281,343.9585266113281,0.1428234875202179,1.1351697444915771,0.0007147858713671033
444,163.29306030273438,163.29306030273438,1.0686386227607727,341.27978515625,341.27978515625,0.1421944797039032,1.1317269802093506,0.000713645248051517
445,161.89208984375,161.89208984375,1.0683096051216125,340.1688537597656,340.1688537597656,0.14232280850410461,1.1340160369873047,0.0007125033317825232
446,161.21920776367188,161.21920776367188,1.0671334266662598,346.2508544921875,346.2508544921875,0.1429261863231659,1.1370264291763306,0.0007113601303866878
447,161.66670608520508,161.66670608520508,1.0680688619613647,348.5133361816406,348.5133361816406,0.14181968569755554,1.133659839630127,0.0007102156516993857
448,160.97527313232422,160.97527313232422,1.0657318830490112,336.637451171875,336.637451171875,0.14176663756370544,1.1321216821670532,0.000709069903564745
449,159.06562042236328,159.06562042236328,1.0660061240196228,342.7081298828125,342.7081298828125,0.1413152813911438,1.132193684577942,0.0007079228938355956
450,158.61839294433594,158.61839294433594,1.0635343790054321,340.3445129394531,340.3445129394531,0.14199426770210266,1.1316993236541748,0.0007067746303734138
451,163.2467041015625,163.2467041015625,1.0676606893539429,333.3560485839844,333.3560485839844,0.1418192982673645,1.132739543914795,0.0007056251210482685
452,161.20497131347656,161.20497131347656,1.065734088420868,358.3259582519531,358.3259582519531,0.14199289679527283,1.1340900659561157,0.0007044743737387681
453,162.16121673583984,162.16121673583984,1.0657843351364136,330.265625,330.265625,0.14192306995391846,1.1291435956954956,0.0007033223963320057
454,168.79271697998047,168.79271697998047,1.0697040557861328,326.1565246582031,326.1565246582031,0.14105451107025146,1.1265640258789062,0.0007021691967235054
455,161.56080627441406,161.56080627441406,1.0665733814239502,356.2492370605469,356.2492370605469,0.1411483883857727,1.1295596361160278,0.0007010147828171683
456,165.11556243896484,165.11556243896484,1.0637670755386353,337.3279724121094,337.3279724121094,0.141752228140831,1.1295194625854492,0.0006998591625252183
457,158.58190155029297,158.58190155029297,1.063225656747818,340.20782470703125,340.20782470703125,0.14163273572921753,1.1319267749786377,0.0006987023437681469
458,160.01858520507812,160.01858520507812,1.0635898411273956,332.7424011230469,332.7424011230469,0.14212316274642944,1.1329524517059326,0.0006975443344746609
459,158.14620971679688,158.14620971679688,1.0640118718147278,338.9992370605469,338.9992370605469,0.14122846722602844,1.1305180788040161,0.000696385142581626
460,157.79824829101562,157.79824829101562,1.0652292370796204,335.9161682128906,335.9161682128906,0.14167630672454834,1.1311631202697754,0.0006952247760340137
461,156.87518310546875,156.87518310546875,1.0639556050300598,340.70953369140625,340.70953369140625,0.14089152216911316,1.1277214288711548,0.0006940632427848466
462,155.53983306884766,155.53983306884766,1.062492311000824,334.7713317871094,334.7713317871094,0.14099057018756866,1.128852128982544,0.0006929005507951433
463,155.3988037109375,155.3988037109375,1.062126338481903,333.5431213378906,333.5431213378906,0.1408156156539917,1.1262707710266113,0.0006917367080338646
464,155.32256317138672,155.32256317138672,1.0628658831119537,332.7773132324219,332.7773132324219,0.14157696068286896,1.132346510887146,0.0006905717224778584
465,155.68719482421875,155.68719482421875,1.0627439320087433,335.2592468261719,335.2592468261719,0.14087185263633728,1.1288678646087646,0.0006894056021118053
466,154.96019744873047,154.96019744873047,1.0606471300125122,333.5352478027344,333.5352478027344,0.14067384600639343,1.1263859272003174,0.0006882383549281639
467,154.49707794189453,154.49707794189453,1.0609094500541687,335.4732666015625,335.4732666015625,0.14070655405521393,1.1268452405929565,0.0006870699889271154
468,154.1465606689453,154.1465606689453,1.0623606443405151,325.6763916015625,325.6763916015625,0.1401788294315338,1.1227288246154785,0.0006859005121165097
469,152.13247680664062,152.13247680664062,1.0605350136756897,341.6533508300781,341.6533508300781,0.14006119966506958,1.1250059604644775,0.0006847299325118098
470,152.87171173095703,152.87171173095703,1.056971251964569,321.5130920410156,321.5130920410156,0.14079320430755615,1.1258459091186523,0.0006835582581360373
471,153.51695251464844,153.51695251464844,1.061051070690155,334.97174072265625,334.97174072265625,0.14038792252540588,1.125931978225708,0.0006823854970197172
472,152.03925323486328,152.03925323486328,1.0585819482803345,329.15447998046875,329.15447998046875,0.14060479402542114,1.1264128684997559,0.0006812116572008231
473,151.85464477539062,151.85464477539062,1.0584821105003357,325.0177307128906,325.0177307128906,0.13996228575706482,1.1232281923294067,0.0006800367467247214
474,151.60208129882812,151.60208129882812,1.0620180368423462,337.0998840332031,337.0998840332031,0.1407594382762909,1.1275120973587036,0.0006788607736441172
475,151.3358917236328,151.3358917236328,1.0583564639091492,320.75848388671875,320.75848388671875,0.1400625854730606,1.1230437755584717,0.0006776837460189979
476,150.68441772460938,150.68441772460938,1.0592796802520752,332.43231201171875,332.43231201171875,0.14004077017307281,1.124509572982788,0.0006765056719165794
477,150.4190216064453,150.4190216064453,1.0589460134506226,325.98931884765625,325.98931884765625,0.13962291181087494,1.1235750913619995,0.0006753265594112496
478,150.80795288085938,150.80795288085938,1.0586064755916595,326.7818908691406,326.7818908691406,0.14001640677452087,1.1255812644958496,0.0006741464165845136
479,151.54957580566406,151.54957580566406,1.0580327808856964,330.79742431640625,330.79742431640625,0.13945803046226501,1.1228200197219849,0.0006729652515249381
480,150.44878387451172,150.44878387451172,1.0571858882904053,330.9860534667969,330.9860534667969,0.1391255408525467,1.1210805177688599,0.0006717830723280962
481,149.19619750976562,149.19619750976562,1.0569199919700623,331.8868408203125,331.8868408203125,0.13905543088912964,1.1216685771942139,0.0006705998870965119
482,151.76294326782227,151.76294326782227,1.0551461577415466,322.57672119140625,322.57672119140625,0.13959500193595886,1.1232991218566895,0.0006694157039396041
483,149.8247299194336,149.8247299194336,1.0575791597366333,326.153564453125,326.153564453125,0.13964185118675232,1.1218454837799072,0.0006682305309736318
484,149.50638580322266,149.50638580322266,1.0573521852493286,325.23583984375,325.23583984375,0.13950839638710022,1.1219143867492676,0.0006670443763216375
485,148.75220489501953,148.75220489501953,1.0538948774337769,319.1207275390625,319.1207275390625,0.13950170576572418,1.1210031509399414,0.0006658572481133926
486,147.5098419189453,147.5098419189453,1.0563744902610779,329.6434020996094,329.6434020996094,0.1393248736858368,1.1221857070922852,0.0006646691544853408
487,147.6160659790039,147.6160659790039,1.0536971688270569,323.18182373046875,323.18182373046875,0.13930758833885193,1.1212151050567627,0.0006634801035805428
488,147.77157592773438,147.77157592773438,1.056803584098816,316.045654296875,316.045654296875,0.13863599300384521,1.1188472509384155,0.0006622901035486204
489,147.04457092285156,147.04457092285156,1.054168462753296,323.75909423828125,323.75909423828125,0.13888400793075562,1.118701457977295,0.0006610991625457006
490,147.7723388671875,147.7723388671875,1.0554022789001465,335.69842529296875,335.69842529296875,0.13813462853431702,1.1173722743988037,0.0006599072887343597
491,148.50665283203125,148.50665283203125,1.0528508424758911,320.3935852050781,320.3935852050781,0.1390564739704132,1.120348334312439,0.0006587144902835672
492,146.0423126220703,146.0423126220703,1.0539997816085815,326.4465637207031,326.4465637207031,0.13819201290607452,1.1189253330230713,0.0006575207753686304
493,146.3726921081543,146.3726921081543,1.051062285900116,317.0874328613281,317.0874328613281,0.13876794278621674,1.1193925142288208,0.0006563261521711373
494,144.83240509033203,144.83240509033203,1.0520171523094177,325.7287902832031,325.7287902832031,0.13861322402954102,1.1211504936218262,0.0006551306288789019
495,144.9954605102539,144.9954605102539,1.051988661289215,318.7734375,318.7734375,0.13848774135112762,1.1179025173187256,0.0006539342136859066
496,145.7553596496582,145.7553596496582,1.054411619901657,325.16717529296875,325.16717529296875,0.13802486658096313,1.1166269779205322,0.0006527369147922476
497,143.42147064208984,143.42147064208984,1.0502041578292847,313.50897216796875,313.50897216796875,0.13817305862903595,1.1170216798782349,0.0006515387404040772
498,143.72494506835938,143.72494506835938,1.0519720315933228,317.2818908691406,317.2818908691406,0.13826648890972137,1.1185808181762695,0.0006503396987335486
499,143.85803985595703,143.85803985595703,1.0518304109573364,320.4866638183594,320.4866638183594,0.13806670904159546,1.1172850131988525,0.0006491397979987589
500,142.65583038330078,142.65583038330078,1.0513995289802551,317.8555603027344,317.8555603027344,0.13758908212184906,1.1157734394073486,0.0006479390464236939
501,142.28514099121094,142.28514099121094,1.0507130026817322,315.0249328613281,315.0249328613281,0.13802215456962585,1.1167930364608765,0.0006467374522381699
502,141.79835510253906,141.79835510253906,1.051212728023529,313.9901428222656,313.9901428222656,0.13778874278068542,1.117197036743164,0.0006455350236777791
503,141.65272521972656,141.65272521972656,1.050536572933197,321.2107849121094,321.2107849121094,0.13788676261901855,1.1167651414871216,0.0006443317689838323
504,141.3065414428711,141.3065414428711,1.0493986010551453,308.9102478027344,308.9102478027344,0.13749447464942932,1.1141811609268188,0.0006431276964033024
505,142.25607299804688,142.25607299804688,1.0493260622024536,319.1480712890625,319.1480712890625,0.13751159608364105,1.1151108741760254,0.0006419228141887682
506,141.7276840209961,141.7276840209961,1.0493550598621368,310.92022705078125,310.92022705078125,0.1379256546497345,1.1164650917053223,0.0006407171305983572
507,140.55876922607422,140.55876922607422,1.0486663579940796,315.7029113769531,315.7029113769531,0.13767635822296143,1.114997148513794,0.0006395106538956899
508,141.0157470703125,141.0157470703125,1.0488970875740051,314.2511291503906,314.2511291503906,0.1371663361787796,1.1133389472961426,0.0006383033923498224
509,140.3234977722168,140.3234977722168,1.0458877682685852,312.6419982910156,312.6419982910156,0.1371822953224182,1.113743543624878,0.0006370953542351904
510,140.37047576904297,140.37047576904297,1.0468671917915344,317.2572326660156,317.2572326660156,0.13697406649589539,1.1140587329864502,0.0006358865478315516
511,140.56533432006836,140.56533432006836,1.04771089553833,310.35223388671875,310.35223388671875,0.13702154159545898,1.1134073734283447,0.00063467698142393
512,139.3816375732422,139.3816375732422,1.0467517971992493,312.23724365234375,312.23724365234375,0.13713198900222778,1.114041805267334,0.0006334666633025581
513,140.20487213134766,140.20487213134766,1.0466744005680084,306.32598876953125,306.32598876953125,0.13652923703193665,1.1110484600067139,0.0006322556017628209
514,139.72717666625977,139.72717666625977,1.045969009399414,309.9533386230469,309.9533386230469,0.13673391938209534,1.1110539436340332,0.0006310438051051985
515,139.02152633666992,139.02152633666992,1.0453131794929504,306.14715576171875,306.14715576171875,0.13657020032405853,1.1125574111938477,0.0006298312816352096
516,139.5356788635254,139.5356788635254,1.0454213619232178,309.6755065917969,309.6755065917969,0.1366470754146576,1.111236810684204,0.0006286180396633544
517,140.36833953857422,140.36833953857422,1.0481241345405579,311.3650207519531,311.3650207519531,0.13677182793617249,1.1129295825958252,0.0006274040875050573
518,138.63622283935547,138.63622283935547,1.0443101525306702,305.5914611816406,305.5914611816406,0.13628055155277252,1.110358715057373,0.0006261894334806104
519,138.0295524597168,138.0295524597168,1.044451892375946,307.6760559082031,307.6760559082031,0.13642491400241852,1.1096000671386719,0.0006249740859151167
520,138.84601211547852,138.84601211547852,1.0468242168426514,313.65740966796875,313.65740966796875,0.1359638273715973,1.1094818115234375,0.0006237580531384323
521,138.21868133544922,138.21868133544922,1.0411236882209778,301.9361572265625,301.9361572265625,0.13638509809970856,1.1096001863479614,0.0006225413434851095
522,137.20672225952148,137.20672225952148,1.0438631772994995,313.2004699707031,313.2004699707031,0.13618430495262146,1.1102077960968018,0.00062132396529434
523,137.89593887329102,137.89593887329102,1.04224693775177,303.6449279785156,303.6449279785156,0.13653570413589478,1.1102242469787598,0.0006201059269098977
524,137.5433578491211,137.5433578491211,1.0452836751937866,311.44561767578125,311.44561767578125,0.13608397543430328,1.10906982421875,0.0006188872366800814
525,136.71173095703125,136.71173095703125,1.0429449677467346,301.7353515625,301.7353515625,0.1366027593612671,1.1112369298934937,0.0006176679029576576
526,137.72997665405273,137.72997665405273,1.043769359588623,303.8109130859375,303.8109130859375,0.1361686885356903,1.1111056804656982,0.0006164479340998026
527,137.77719497680664,137.77719497680664,1.0457153916358948,304.1791687011719,304.1791687011719,0.13645197451114655,1.1107759475708008,0.0006152273384680468
528,136.86933135986328,136.86933135986328,1.0430107712745667,307.5780029296875,307.5780029296875,0.13550224900245667,1.106857180595398,0.0006140061244282158
529,136.6163101196289,136.6163101196289,1.0406681895256042,304.94244384765625,304.94244384765625,0.13562461733818054,1.1065365076065063,0.0006127843003503739
530,135.78219985961914,135.78219985961914,1.040903776884079,310.7381286621094,310.7381286621094,0.1355653703212738,1.1071703433990479,0.0006115618746087666
531,135.98526000976562,135.98526000976562,1.0418126583099365,305.73358154296875,305.73358154296875,0.13561494648456573,1.10748291015625,0.0006103388555817632
532,135.62307739257812,135.62307739257812,1.041389286518097,310.52020263671875,310.52020263671875,0.13548344373703003,1.1070432662963867,0.0006091152516517988
533,135.85906600952148,135.85906600952148,1.040525197982788,306.3040466308594,306.3040466308594,0.13546088337898254,1.1065151691436768,0.000607891071205318
534,136.49029541015625,136.49029541015625,1.0415246486663818,304.15478515625,304.15478515625,0.13549357652664185,1.1081304550170898,0.0006066663226327162
535,135.5930633544922,135.5930633544922,1.0408311486244202,308.9088134765625,308.9088134765625,0.13565030694007874,1.1100695133209229,0.0006054410143282833
536,136.31719207763672,136.31719207763672,1.0397509932518005,299.4411926269531,299.4411926269531,0.13531020283699036,1.1071641445159912,0.0006042151546901453
537,135.77935409545898,135.77935409545898,1.040983110666275,304.1975402832031,304.1975402832031,0.13555800914764404,1.108884334564209,0.0006029887521202067
538,134.37036895751953,134.37036895751953,1.0399963855743408,295.51080322265625,295.51080322265625,0.1356741189956665,1.1088383197784424,0.0006017618150240934
539,134.10273361206055,134.10273361206055,1.0418171286582947,301.7764587402344,301.7764587402344,0.13496315479278564,1.105515480041504,0.0006005343518110949
540,133.4362907409668,133.4362907409668,1.0401867628097534,300.5185852050781,300.5185852050781,0.13511523604393005,1.105820894241333,0.0005993063708941065
541,133.05891036987305,133.05891036987305,1.0386431217193604,304.897216796875,304.897216796875,0.13436350226402283,1.1025440692901611,0.0005980778806895721
542,135.21045684814453,135.21045684814453,1.0385238826274872,300.8059387207031,300.8059387207031,0.13496056199073792,1.1042258739471436,0.000596848889617426
543,133.67970657348633,133.67970657348633,1.0381596088409424,305.24090576171875,305.24090576171875,0.13452520966529846,1.1042776107788086,0.0005956194061010353
544,134.2005844116211,134.2005844116211,1.0375257730484009,295.7645568847656,295.7645568847656,0.13510695099830627,1.105926752090454,0.0005943894385671424
545,132.71857070922852,132.71857070922852,1.0391288995742798,304.43597412109375,304.43597412109375,0.1348726749420166,1.1056896448135376,0.0005931589954458069
546,131.52251434326172,131.52251434326172,1.0378459990024567,298.6489562988281,298.6489562988281,0.1349501609802246,1.1053013801574707,0.0005919280851703486
547,135.3770866394043,135.3770866394043,1.0369848608970642,294.6473693847656,294.6473693847656,0.13452106714248657,1.1036231517791748,0.0005906967161772884
548,132.77339935302734,132.77339935302734,1.0386794805526733,303.1356201171875,303.1356201171875,0.13493712246418,1.1055912971496582,0.0005894648969062915
549,133.09373474121094,133.09373474121094,1.036324679851532,300.33160400390625,300.33160400390625,0.13446196913719177,1.1037962436676025,0.0005882326358001093
550,132.02381134033203,132.02381134033203,1.0361366868019104,303.4764099121094,303.4764099121094,0.13406077027320862,1.1006734371185303,0.0005869999413045214
551,131.7333526611328,131.7333526611328,1.0384942293167114,296.77978515625,296.77978515625,0.13380314409732819,1.1005017757415771,0.0005857668218682779
552,131.78108978271484,131.78108978271484,1.0382131338119507,299.81298828125,299.81298828125,0.13439780473709106,1.1038143634796143,0.0005845332859430413
553,132.0921630859375,132.0921630859375,1.0383420586585999,296.38812255859375,296.38812255859375,0.1341341733932495,1.1044948101043701,0.0005832993419833289
554,131.70574951171875,131.70574951171875,1.0358691811561584,299.67816162109375,299.67816162109375,0.1339518427848816,1.1007936000823975,0.0005820649984464542
555,130.78268432617188,130.78268432617188,1.0372087955474854,301.8023986816406,301.8023986816406,0.1331317126750946,1.098399043083191,0.0005808302637924698
556,130.67784118652344,130.67784118652344,1.0343562960624695,294.7563171386719,294.7563171386719,0.13324353098869324,1.0979862213134766,0.0005795951464841086
557,129.96401596069336,129.96401596069336,1.0363727807998657,296.8477783203125,296.8477783203125,0.13409605622291565,1.1038811206817627,0.0005783596549867263
558,129.25225067138672,129.25225067138672,1.0362080931663513,298.2076416015625,298.2076416015625,0.1335747241973877,1.1000640392303467,0.0005771237977682435
559,129.8646011352539,129.8646011352539,1.0338640809059143,296.41259765625,296.41259765625,0.13370350003242493,1.100531816482544,0.000575887583299087
560,130.9084243774414,130.9084243774414,1.033150315284729,296.3048095703125,296.3048095703125,0.1337352693080902,1.101567268371582,0.0005746510200521325
561,132.02703857421875,132.02703857421875,1.0369048714637756,295.1553649902344,295.1553649902344,0.13420552015304565,1.1033180952072144,0.0005734141165026458
562,129.45737838745117,129.45737838745117,1.035209834575653,298.6114807128906,298.6114807128906,0.13393019139766693,1.1022588014602661,0.0005721768811282256
563,129.99413299560547,129.99413299560547,1.033936321735382,297.15118408203125,297.15118408203125,0.13429352641105652,1.1022742986679077,0.0005709393224087445
564,129.2574119567871,129.2574119567871,1.0366997718811035,298.1620788574219,298.1620788574219,0.13380184769630432,1.1018760204315186,0.0005697014488262915
565,128.73733520507812,128.73733520507812,1.033283293247223,298.0531005859375,298.0531005859375,0.13377350568771362,1.1004672050476074,0.0005684632688651133
566,130.11479949951172,130.11479949951172,1.0318116545677185,298.0055847167969,298.0055847167969,0.13311488926410675,1.09808349609375,0.0005672247910115569
567,128.7471466064453,128.7471466064453,1.0311507880687714,294.6890563964844,294.6890563964844,0.13379231095314026,1.1000771522521973,0.0005659860237540107
568,128.65046310424805,128.65046310424805,1.0329578816890717,298.4350891113281,298.4350891113281,0.1334642469882965,1.0993316173553467,0.0005647469755828469
569,130.49880599975586,130.49880599975586,1.0326623022556305,288.97625732421875,288.97625732421875,0.1334521770477295,1.099259376525879,0.000563507654990363
570,127.5804443359375,127.5804443359375,1.0331146121025085,296.4064025878906,296.4064025878906,0.13362859189510345,1.1008942127227783,0.0005622680704707234
571,127.34150695800781,127.34150695800781,1.0327545404434204,290.6548767089844,290.6548767089844,0.1334676295518875,1.0979139804840088,0.0005610282305199017
572,128.54975128173828,128.54975128173828,1.0315777361392975,303.839111328125,303.839111328125,0.13335275650024414,1.0994882583618164,0.0005597881436356221
573,127.81992721557617,127.81992721557617,1.0301405191421509,292.34625244140625,292.34625244140625,0.13347628712654114,1.0993050336837769,0.0005585478183173013
574,126.54218673706055,126.54218673706055,1.0317401885986328,293.05950927734375,293.05950927734375,0.1327877938747406,1.0982377529144287,0.00055730726306599
575,126.78255081176758,126.78255081176758,1.0300372838974,291.2105407714844,291.2105407714844,0.13314464688301086,1.0976927280426025,0.0005560664863843152
576,126.62284088134766,126.62284088134766,1.0314899682998657,297.712890625,297.712890625,0.13256195187568665,1.09665846824646,0.0005548254967764211
577,126.88740158081055,126.88740158081055,1.0298959612846375,288.772216796875,288.772216796875,0.1328265368938446,1.097220778465271,0.0005535843027479116
578,126.01681137084961,126.01681137084961,1.0307326316833496,293.9424133300781,293.9424133300781,0.13194555044174194,1.0946468114852905,0.0005523429128057918
579,126.12722778320312,126.12722778320312,1.0275332927703857,290.6953430175781,290.6953430175781,0.13267214596271515,1.0975971221923828,0.000551101335458409
580,126.92936325073242,126.92936325073242,1.0297877788543701,296.0480041503906,296.0480041503906,0.1324898600578308,1.0978519916534424,0.0005498595792153957
581,126.04729080200195,126.04729080200195,1.0313711762428284,293.5722351074219,293.5722351074219,0.1326962411403656,1.0977050065994263,0.0005486176525876099
582,125.26213836669922,125.26213836669922,1.0279008746147156,287.6123962402344,287.6123962402344,0.13231568038463593,1.0963032245635986,0.0005473755640870776
583,124.656494140625,124.656494140625,1.0292502045631409,286.4060974121094,286.4060974121094,0.13213896751403809,1.0948933362960815,0.0005461333222269346
584,125.25689315795898,125.25689315795898,1.0279025435447693,295.1064453125,295.1064453125,0.13168445229530334,1.0919203758239746,0.0005448909355213672
585,125.4323501586914,125.4323501586914,1.0268123149871826,284.16290283203125,284.16290283203125,0.13162189722061157,1.0927252769470215,0.0005436484124855549
586,126.1306037902832,126.1306037902832,1.0293866395950317,289.2496643066406,289.2496643066406,0.1326163113117218,1.0960841178894043,0.0005424057616356117
587,125.14469146728516,125.14469146728516,1.0290227830410004,290.6899719238281,290.6899719238281,0.13198786973953247,1.0941678285598755,0.000541162991488527
588,124.24877548217773,124.24877548217773,1.0275440216064453,286.37530517578125,286.37530517578125,0.13192927837371826,1.0927976369857788,0.0005399201105621082
589,124.60674667358398,124.60674667358398,1.030251920223236,286.1283874511719,286.1283874511719,0.1330171376466751,1.0993887186050415,0.0005386771273749226
590,124.76116180419922,124.76116180419922,1.028904914855957,282.46685791015625,282.46685791015625,0.13252006471157074,1.0972236394882202,0.0005374340504462371
591,124.2491340637207,124.2491340637207,1.030324935913086,289.9152526855469,289.9152526855469,0.13237208127975464,1.095529556274414,0.0005361908882959623
592,123.98809051513672,123.98809051513672,1.0257447957992554,289.6085205078125,289.6085205078125,0.13261497020721436,1.097865104675293,0.0005349476494445919
593,125.22132873535156,125.22132873535156,1.0273081362247467,282.76422119140625,282.76422119140625,0.1329394280910492,1.0983917713165283,0.0005337043424131462
594,123.24417495727539,123.24417495727539,1.0288749933242798,288.002685546875,288.002685546875,0.1322132647037506,1.0948649644851685,0.0005324609757231121
595,123.09081268310547,123.09081268310547,1.0266430974006653,287.62359619140625,287.62359619140625,0.13239839673042297,1.0959632396697998,0.0005312175578963859
596,122.03459548950195,122.03459548950195,1.0254313349723816,283.6628112792969,283.6628112792969,0.13237786293029785,1.0952486991882324,0.000529974097455214
597,122.05229949951172,122.05229949951172,1.027455747127533,288.1766357421875,288.1766357421875,0.1316942274570465,1.0923635959625244,0.0005287306029221352
598,121.70968246459961,121.70968246459961,1.0261058807373047,280.5719909667969,280.5719909667969,0.13189303874969482,1.0924681425094604,0.0005274870828199215
599,122.042724609375,122.042724609375,1.0302992463111877,282.0962829589844,282.0962829589844,0.13186796009540558,1.0950305461883545,0.0005262435456715208
600,121.98851776123047,121.98851776123047,1.0271036028862,285.8822937011719,285.8822937011719,0.13196644186973572,1.094369888305664,0.0005249999999999973
601,121.4763412475586,121.4763412475586,1.0259469747543335,290.0730285644531,290.0730285644531,0.1315961629152298,1.09152090549469,0.0005237564543284737
602,123.03704452514648,123.03704452514648,1.025941014289856,286.4034729003906,286.4034729003906,0.1316603124141693,1.0917623043060303,0.000522512917180073
603,120.97184753417969,120.97184753417969,1.0240254402160645,280.1589050292969,280.1589050292969,0.1316317617893219,1.0929838418960571,0.0005212693970778594
604,121.27635192871094,121.27635192871094,1.023970752954483,282.994384765625,282.994384765625,0.1314755082130432,1.0933088064193726,0.0005200259025447805
605,120.9356575012207,120.9356575012207,1.0239688158035278,283.8132019042969,283.8132019042969,0.13159647583961487,1.092452049255371,0.0005187824421036086
606,121.16588973999023,121.16588973999023,1.0240581035614014,286.10650634765625,286.10650634765625,0.13098236918449402,1.0910181999206543,0.0005175390242768824
607,120.73714065551758,120.73714065551758,1.023491770029068,281.3821105957031,281.3821105957031,0.13113483786582947,1.0905036926269531,0.0005162956575868483
608,120.02444076538086,120.02444076538086,1.0235481262207031,287.6626892089844,287.6626892089844,0.1307893991470337,1.0904802083969116,0.0005150523505554026
609,121.51630020141602,121.51630020141602,1.0225052535533905,279.32568359375,279.32568359375,0.1311793327331543,1.0903061628341675,0.0005138091117040321
610,119.89191436767578,119.89191436767578,1.0234501361846924,284.9139099121094,284.9139099121094,0.13093972206115723,1.090712547302246,0.0005125659495537572
611,119.49724960327148,119.49724960327148,1.0216752290725708,275.6499328613281,275.6499328613281,0.13107293844223022,1.090503454208374,0.0005113228726250718
612,119.24192428588867,119.24192428588867,1.022803246974945,286.85699462890625,286.85699462890625,0.13106697797775269,1.090576410293579,0.0005100798894378861
613,120.1258773803711,120.1258773803711,1.0229799449443817,276.97235107421875,276.97235107421875,0.1308339685201645,1.0894025564193726,0.0005088370085114675
614,119.75970077514648,119.75970077514648,1.0226583182811737,284.4964904785156,284.4964904785156,0.1303379237651825,1.0878762006759644,0.0005075942383643828
615,119.70957565307617,119.70957565307617,1.0220324993133545,275.60797119140625,275.60797119140625,0.13070456683635712,1.089086651802063,0.0005063515875144395
616,119.38994598388672,119.38994598388672,1.0218545496463776,279.8839416503906,279.8839416503906,0.13043808937072754,1.0890851020812988,0.0005051090644786272
617,118.83774948120117,118.83774948120117,1.020364373922348,275.9759216308594,275.9759216308594,0.1310068964958191,1.0904102325439453,0.00050386667777306
618,118.47648239135742,118.47648239135742,1.0217960178852081,277.249267578125,277.249267578125,0.1306290328502655,1.0890452861785889,0.0005026244359129168
619,118.91799545288086,118.91799545288086,1.0228564143180847,276.751220703125,276.751220703125,0.13100427389144897,1.0912007093429565,0.0005013823474123845
620,118.82744598388672,118.82744598388672,1.0208940207958221,271.97552490234375,271.97552490234375,0.13054731488227844,1.0885869264602661,0.0005001404207845987
621,119.21682739257812,119.21682739257812,1.020382285118103,279.5809326171875,279.5809326171875,0.13035869598388672,1.0873067378997803,0.0004988986645415853
622,117.7659683227539,117.7659683227539,1.0179602205753326,271.86773681640625,271.86773681640625,0.13028603792190552,1.0877878665924072,0.0004976570871942026
623,118.2093734741211,118.2093734741211,1.0208193063735962,273.4288024902344,273.4288024902344,0.13096512854099274,1.0910826921463013,0.0004964156972520826
624,118.4450912475586,118.4450912475586,1.0208320617675781,277.50823974609375,277.50823974609375,0.13087481260299683,1.090863585472107,0.0004951745032235732
625,118.04276657104492,118.04276657104492,1.0213414430618286,273.54144287109375,273.54144287109375,0.1307540386915207,1.0894320011138916,0.000493933513615679
626,117.48425674438477,117.48425674438477,1.0213409662246704,278.153076171875,278.153076171875,0.13024559617042542,1.0872104167938232,0.0004926927369340041
627,117.03996276855469,117.03996276855469,1.0184911489486694,273.99151611328125,273.99151611328125,0.13016441464424133,1.0872228145599365,0.0004914521816826927
628,117.03332901000977,117.03332901000977,1.018186330795288,274.5325622558594,274.5325622558594,0.12982118129730225,1.0855733156204224,0.0004902118563643719
629,116.9491081237793,116.9491081237793,1.0183967351913452,277.2275390625,277.2275390625,0.13003158569335938,1.086983323097229,0.0004889717694800922
630,116.6234130859375,116.6234130859375,1.0175792574882507,270.98126220703125,270.98126220703125,0.12959077954292297,1.0850632190704346,0.0004877319295292706
631,116.43441390991211,116.43441390991211,1.0172661542892456,275.2877502441406,275.2877502441406,0.12943874299526215,1.0841712951660156,0.000486492345009631
632,116.48517608642578,116.48517608642578,1.016919493675232,274.2076721191406,274.2076721191406,0.12944769859313965,1.084262490272522,0.000485253024417147
633,116.25355911254883,116.25355911254883,1.0172277688980103,271.87567138671875,271.87567138671875,0.12963204085826874,1.0858535766601562,0.00048401397624598335
634,116.13389205932617,116.13389205932617,1.0175394415855408,272.1027526855469,272.1027526855469,0.12976017594337463,1.0863049030303955,0.0004827752089884372
635,115.95883560180664,115.95883560180664,1.0193680226802826,274.0461120605469,274.0461120605469,0.12970465421676636,1.0855306386947632,0.00048153673113488085
636,115.57205963134766,115.57205963134766,1.0171419978141785,273.0347900390625,273.0347900390625,0.12934088706970215,1.0843456983566284,0.00048029855117370253
637,115.44679641723633,115.44679641723633,1.0158796906471252,271.795654296875,271.795654296875,0.12944455444812775,1.0843466520309448,0.0004790606775912495
638,115.61732482910156,115.61732482910156,1.0156315565109253,274.844482421875,274.844482421875,0.12933114171028137,1.0845657587051392,0.0004778231188717684
639,115.63586044311523,115.63586044311523,1.0170034170150757,273.1833190917969,273.1833190917969,0.12972325086593628,1.0854911804199219,0.00047658588349734827
640,115.14989471435547,115.14989471435547,1.016508936882019,270.39739990234375,270.39739990234375,0.1291748583316803,1.0830144882202148,0.00047534897994786163
641,114.87464141845703,114.87464141845703,1.0162988007068634,270.299072265625,270.299072265625,0.12924069166183472,1.0842305421829224,0.000474112416700907
642,115.74697494506836,115.74697494506836,1.015349954366684,279.2736511230469,279.2736511230469,0.12948471307754517,1.0856540203094482,0.0004728762022317505
643,116.68458557128906,116.68458557128906,1.0166133642196655,271.76007080078125,271.76007080078125,0.1291794776916504,1.0852569341659546,0.00047164034501326763
644,115.88626480102539,115.88626480102539,1.015586107969284,268.53826904296875,268.53826904296875,0.12896385788917542,1.0826365947723389,0.00047040485351588547
645,115.78814315795898,115.78814315795898,1.0148654878139496,271.852294921875,271.852294921875,0.12872657179832458,1.0818629264831543,0.0004691697362075242
646,114.5299072265625,114.5299072265625,1.01384836435318,271.2650146484375,271.2650146484375,0.12862995266914368,1.081632137298584,0.0004679350015535398
647,114.50548553466797,114.50548553466797,1.0156084299087524,276.22528076171875,276.22528076171875,0.12923896312713623,1.085519790649414,0.000466700658016665
648,115.09065628051758,115.09065628051758,1.0154455304145813,265.6748046875,265.6748046875,0.12859198451042175,1.0819224119186401,0.0004654667140569526
649,113.38644027709961,113.38644027709961,1.0143577456474304,277.5448303222656,277.5448303222656,0.12847599387168884,1.0809437036514282,0.00046423317813171607
650,114.53321838378906,114.53321838378906,1.0112985372543335,269.45404052734375,269.45404052734375,0.12839622795581818,1.080338478088379,0.0004630000586954727
651,114.30458450317383,114.30458450317383,1.0135735869407654,271.1341247558594,271.1341247558594,0.12871506810188293,1.0837243795394897,0.00046176736419988485
652,113.84774398803711,113.84774398803711,1.0125225186347961,265.8865051269531,265.8865051269531,0.12891775369644165,1.0828523635864258,0.0004605351030937026
653,113.47086715698242,113.47086715698242,1.0143486261367798,274.57977294921875,274.57977294921875,0.1285790652036667,1.0821231603622437,0.00045930328382270556
654,113.39572525024414,113.39572525024414,1.0132270455360413,267.1031799316406,267.1031799316406,0.12862065434455872,1.0804812908172607,0.0004580719148296454
655,113.40164947509766,113.40164947509766,1.0134223103523254,269.3291931152344,269.3291931152344,0.12869788706302643,1.0820069313049316,0.0004568410045541871
656,113.54333114624023,113.54333114624023,1.0140013694763184,266.1861267089844,266.1861267089844,0.1291569471359253,1.0838510990142822,0.0004556105614328519
657,114.57886123657227,114.57886123657227,1.0148023962974548,269.8938293457031,269.8938293457031,0.12886106967926025,1.0843584537506104,0.00045438059389895887
658,114.16394424438477,114.16394424438477,1.0153200030326843,264.14886474609375,264.14886474609375,0.1286938190460205,1.0819249153137207,0.00045315111038256816
659,112.60659408569336,112.60659408569336,1.0147632360458374,269.5215759277344,269.5215759277344,0.12795493006706238,1.079214096069336,0.0004519221193104221
660,112.54961776733398,112.54961776733398,1.0134263932704926,266.00848388671875,266.00848388671875,0.128269761800766,1.0800563097000122,0.0004506936291058878
661,113.96051025390625,113.96051025390625,1.0134870409965515,267.52166748046875,267.52166748046875,0.12831473350524902,1.0821561813354492,0.00044946564818889933
662,113.02598190307617,113.02598190307617,1.010539174079895,267.08056640625,267.08056640625,0.1282898336648941,1.080693006515503,0.00044823818497590086
663,113.34014892578125,113.34014892578125,1.0120404958724976,271.7342224121094,271.7342224121094,0.12792617082595825,1.0790657997131348,0.0004470112478797875
664,111.78557205200195,111.78557205200195,1.0098004341125488,268.29046630859375,268.29046630859375,0.12766842544078827,1.0777922868728638,0.0004457848453098487
665,113.14299774169922,113.14299774169922,1.0090378522872925,266.8136901855469,266.8136901855469,0.12703672051429749,1.0753757953643799,0.0004445589856717107
666,111.9730339050293,111.9730339050293,1.0079452991485596,270.64886474609375,270.64886474609375,0.12765692174434662,1.0786241292953491,0.0004433336773672779
667,111.98037338256836,111.98037338256836,1.0097808241844177,266.60382080078125,266.60382080078125,0.12750402092933655,1.0776779651641846,0.00044210892879467634
668,112.47911071777344,112.47911071777344,1.0106411576271057,263.19989013671875,263.19989013671875,0.12781645357608795,1.0795583724975586,0.00044088474834819537
669,110.99729919433594,110.99729919433594,1.0107772648334503,266.3976745605469,266.3976745605469,0.12781652808189392,1.0795965194702148,0.0004396611444182309
670,110.89039611816406,110.89039611816406,1.011090725660324,263.8779296875,263.8779296875,0.12734751403331757,1.0764281749725342,0.0004384381253912274
671,111.09000396728516,111.09000396728516,1.0084587931632996,270.05718994140625,270.05718994140625,0.12722596526145935,1.0763367414474487,0.00043721569964962016
672,110.55778121948242,110.55778121948242,1.0086268186569214,262.555419921875,262.555419921875,0.12720826268196106,1.075858473777771,0.0004359938755717782
673,110.20985794067383,110.20985794067383,1.0076008439064026,262.11541748046875,262.11541748046875,0.12714433670043945,1.0756679773330688,0.00043477266153194727
674,110.58935165405273,110.58935165405273,1.0091272592544556,267.92413330078125,267.92413330078125,0.1276792287826538,1.078609585762024,0.0004335520659001914
675,110.82981872558594,110.82981872558594,1.0087259411811829,263.0731201171875,263.0731201171875,0.12725193798542023,1.076250672340393,0.0004323320970423364
676,109.97698593139648,109.97698593139648,1.0088470876216888,265.5272216796875,265.5272216796875,0.1273823082447052,1.077191948890686,0.0004311127633199125
677,109.76133346557617,109.76133346557617,1.007457822561264,258.7834777832031,258.7834777832031,0.12726140022277832,1.0761523246765137,0.0004298940730900963
678,109.15426635742188,109.15426635742188,1.00806725025177,268.72845458984375,268.72845458984375,0.1274200975894928,1.07792067527771,0.00042867603470565405
679,109.90080642700195,109.90080642700195,1.0078085660934448,261.2010192871094,261.2010192871094,0.12739412486553192,1.0769380331039429,0.00042745865651488453
680,109.83990097045898,109.83990097045898,1.00867560505867,264.96673583984375,264.96673583984375,0.12693949043750763,1.0752114057540894,0.0004262419468615617
681,109.06013107299805,109.06013107299805,1.007333517074585,261.04583740234375,261.04583740234375,0.1270902007818222,1.075615406036377,0.00042502591408487733
682,109.04850769042969,109.04850769042969,1.0073030889034271,264.50830078125,264.50830078125,0.12708863615989685,1.0762890577316284,0.0004238105665193837
683,109.52846908569336,109.52846908569336,1.0083113312721252,262.0143127441406,262.0143127441406,0.1275346428155899,1.077478051185608,0.00042259591249493687
684,109.18902587890625,109.18902587890625,1.0081478357315063,265.08673095703125,265.08673095703125,0.1271856129169464,1.0777194499969482,0.00042138196033663977
685,108.76322174072266,108.76322174072266,1.0061665177345276,261.445068359375,261.445068359375,0.1272830367088318,1.0763945579528809,0.00042016871836478455
686,109.91767501831055,109.91767501831055,1.0065129101276398,264.82574462890625,264.82574462890625,0.1266748458147049,1.0743043422698975,0.00041895619489479557
687,108.61316299438477,108.61316299438477,1.0048821568489075,258.5022277832031,258.5022277832031,0.12698426842689514,1.075322151184082,0.00041774439823717333
688,109.01114654541016,109.01114654541016,1.0056693255901337,262.84326171875,262.84326171875,0.1266181766986847,1.0740212202072144,0.0004165333366974361
689,108.4706802368164,108.4706802368164,1.0049353241920471,256.7490234375,256.7490234375,0.12708958983421326,1.0764542818069458,0.0004153230185760642
690,109.1671142578125,109.1671142578125,1.006157398223877,259.99462890625,259.99462890625,0.12694904208183289,1.075480580329895,0.0004141134521684424
691,108.47403717041016,108.47403717041016,1.0056158900260925,262.0435791015625,262.0435791015625,0.12695494294166565,1.0749956369400024,0.00041290464576480373
692,108.6015625,108.6015625,1.0054998695850372,258.6855163574219,258.6855163574219,0.12643972039222717,1.072813868522644,0.00041169660765017174
693,107.24524307250977,107.24524307250977,1.0043048858642578,259.55145263671875,259.55145263671875,0.1269015371799469,1.0746835470199585,0.0004104893461043044
694,107.97315216064453,107.97315216064453,1.0046504735946655,261.0303649902344,261.0303649902344,0.12655645608901978,1.0733588933944702,0.0004092828694016369
695,107.43838119506836,107.43838119506836,1.0041760206222534,260.93927001953125,260.93927001953125,0.12662474811077118,1.0733983516693115,0.0004080771858112259
696,108.54865646362305,108.54865646362305,1.0043877363204956,259.2690124511719,259.2690124511719,0.12622493505477905,1.0726827383041382,0.0004068723035966917
697,107.46002960205078,107.46002960205078,1.0048586428165436,256.17449951171875,256.17449951171875,0.1263349950313568,1.0728375911712646,0.00040566823101616164
698,107.13651657104492,107.13651657104492,1.004050374031067,262.82415771484375,262.82415771484375,0.12630462646484375,1.0728740692138672,0.00040446497632221496
699,107.23043441772461,107.23043441772461,1.0044331550598145,258.4413146972656,258.4413146972656,0.1262575387954712,1.0730233192443848,0.00040326254776182433
700,107.32537841796875,107.32537841796875,1.00368133187294,257.6028137207031,257.6028137207031,0.12602968513965607,1.0716736316680908,0.00040206095357630037
701,106.94025039672852,106.94025039672852,1.00315523147583,255.838134765625,255.838134765625,0.1261051595211029,1.072240948677063,0.0004008602020012351
702,106.90324783325195,106.90324783325195,1.0036982595920563,260.5037536621094,260.5037536621094,0.12624774873256683,1.0728362798690796,0.0003996603012664456
703,106.94816589355469,106.94816589355469,1.0049881339073181,257.9195556640625,257.9195556640625,0.12597396969795227,1.0708286762237549,0.000398461259595917
704,107.0580940246582,107.0580940246582,1.0014739036560059,259.4866027832031,259.4866027832031,0.1258794069290161,1.071403980255127,0.00039726308520774664
705,106.63055419921875,106.63055419921875,1.0029946565628052,254.8423309326172,254.8423309326172,0.12620291113853455,1.0720934867858887,0.00039606578631408743
706,106.2245864868164,106.2245864868164,1.0021759271621704,259.38897705078125,259.38897705078125,0.12605240941047668,1.072859287261963,0.00039486937112109225
707,105.930419921875,105.930419921875,1.0020475685596466,256.1865539550781,256.1865539550781,0.12635034322738647,1.0731279850006104,0.00039367384782885685
708,105.82354736328125,105.82354736328125,1.0030927956104279,259.2832946777344,259.2832946777344,0.12605497241020203,1.072967767715454,0.0003924792246313637
709,106.28971862792969,106.28971862792969,1.002733051776886,255.38145446777344,255.38145446777344,0.12590038776397705,1.0707927942276,0.00039128550971642684
710,106.16757583618164,106.16757583618164,1.0009173154830933,259.47430419921875,259.47430419921875,0.12553036212921143,1.0701464414596558,0.0003900927112656345
711,105.7972526550293,105.7972526550293,0.9994345903396606,255.31576538085938,255.31576538085938,0.12584438920021057,1.0708645582199097,0.0003889008374542935
712,105.951416015625,105.951416015625,1.0017043352127075,254.24420166015625,254.24420166015625,0.12575599551200867,1.0718072652816772,0.00038770989645137355
713,105.05098724365234,105.05098724365234,1.0007957816123962,254.0504913330078,254.0504913330078,0.12588605284690857,1.072120189666748,0.0003865198964194513
714,105.3093490600586,105.3093490600586,1.001003235578537,258.849609375,258.849609375,0.12570135295391083,1.0715038776397705,0.0003853308455146533
715,105.88395690917969,105.88395690917969,0.9996552169322968,254.11019897460938,254.11019897460938,0.12565302848815918,1.0707497596740723,0.0003841427518866014
716,105.67065811157227,105.67065811157227,0.9980325698852539,259.43768310546875,259.43768310546875,0.12539154291152954,1.0707556009292603,0.00038295562367835655
717,105.57506942749023,105.57506942749023,0.9984240531921387,253.63427734375,253.63427734375,0.1252470761537552,1.0684609413146973,0.00038176946902636225
718,105.10040283203125,105.10040283203125,0.999411016702652,256.2317199707031,256.2317199707031,0.12502823770046234,1.0686368942260742,0.00038058429606038985
719,104.5356559753418,104.5356559753418,0.9988656640052795,254.4738311767578,254.4738311767578,0.12517425417900085,1.068791151046753,0.000379400112903482
720,104.29729080200195,104.29729080200195,1.0000776052474976,253.68458557128906,253.68458557128906,0.12507227063179016,1.0689113140106201,0.0003782169276718977
721,104.56360626220703,104.56360626220703,0.9985469877719879,254.8779296875,254.8779296875,0.12527096271514893,1.068718433380127,0.00037703474847505596
722,104.23067092895508,104.23067092895508,0.9991134107112885,256.0636291503906,256.0636291503906,0.1250801533460617,1.068716287612915,0.0003758535834154804
723,103.93748092651367,103.93748092651367,0.9990867972373962,250.17132568359375,250.17132568359375,0.12531012296676636,1.0692923069000244,0.00037467344058874426
724,103.74028778076172,103.74028778076172,0.9993053376674652,257.0368347167969,257.0368347167969,0.12503743171691895,1.0688652992248535,0.0003734943280834145
725,103.77057647705078,103.77057647705078,0.9979298710823059,249.767333984375,249.767333984375,0.12488818913698196,1.0666217803955078,0.00037231625398099604
726,103.87028884887695,103.87028884887695,0.9988267421722412,253.76719665527344,253.76719665527344,0.12491680681705475,1.068530559539795,0.00037113922635587674
727,103.28796005249023,103.28796005249023,0.998523622751236,249.5862579345703,249.5862579345703,0.12504294514656067,1.067952275276184,0.00036996325327527245
728,103.88318252563477,103.88318252563477,0.9987641274929047,255.18414306640625,255.18414306640625,0.12486279010772705,1.0676958560943604,0.0003687883427991707
729,103.2302017211914,103.2302017211914,0.9969519674777985,252.3435821533203,252.3435821533203,0.12480361759662628,1.0665440559387207,0.0003676145029802766
730,102.99924850463867,102.99924850463867,0.9966797232627869,250.5185089111328,250.5185089111328,0.12460506707429886,1.0669362545013428,0.0003664417418639565
731,103.22815322875977,103.22815322875977,0.9979854822158813,249.30645751953125,249.30645751953125,0.12484373897314072,1.0669987201690674,0.00036527006748818426
732,103.10576248168945,103.10576248168945,0.9996249377727509,250.9105682373047,250.9105682373047,0.1244669258594513,1.0664336681365967,0.0003640994878834844
733,102.53731536865234,102.53731536865234,0.9979239106178284,250.41650390625,250.41650390625,0.1245858371257782,1.0661377906799316,0.00036293001107287875
734,102.6374397277832,102.6374397277832,0.9973319172859192,249.84246826171875,249.84246826171875,0.12456594407558441,1.0664165019989014,0.0003617616450718302
735,102.67838668823242,102.67838668823242,0.9960232079029083,249.44073486328125,249.44073486328125,0.12442271411418915,1.0658775568008423,0.0003605943978881887
736,102.71291732788086,102.71291732788086,0.9961302876472473,250.23008728027344,250.23008728027344,0.12487082183361053,1.0682728290557861,0.0003594282775221357
737,102.46303176879883,102.46303176879883,0.9965598881244659,251.4191436767578,251.4191436767578,0.12437298893928528,1.0657134056091309,0.00035826329196612944
738,102.29437255859375,102.29437255859375,0.9952998161315918,249.73806762695312,249.73806762695312,0.12408439815044403,1.0646934509277344,0.0003570994492048507
739,102.23249816894531,102.23249816894531,0.9954600036144257,250.1051483154297,250.1051483154297,0.12445926666259766,1.0663498640060425,0.00035593675721514747
740,102.45515823364258,102.45515823364258,0.9949251115322113,250.7153778076172,250.7153778076172,0.12421664595603943,1.0654780864715576,0.00035477522396598035
741,101.8062858581543,101.8062858581543,0.9951741099357605,250.6389617919922,250.6389617919922,0.12455996870994568,1.066279649734497,0.000353614857418368
742,101.9135971069336,101.9135971069336,0.9956759810447693,247.7752685546875,247.7752685546875,0.12431610375642776,1.06563401222229,0.0003524556655253332
743,101.65907669067383,101.65907669067383,0.9952416121959686,246.4273223876953,246.4273223876953,0.12432815134525299,1.0655860900878906,0.00035129765623184706
744,101.5523796081543,101.5523796081543,0.9949611723423004,249.64126586914062,249.64126586914062,0.12414319813251495,1.0651347637176514,0.000350140837474776
745,100.93718719482422,100.93718719482422,0.9946425259113312,246.42015075683594,246.42015075683594,0.12420196831226349,1.0647454261779785,0.00034898521718282566
746,101.54675674438477,101.54675674438477,0.9938468337059021,250.6220703125,250.6220703125,0.12383228540420532,1.062936544418335,0.0003478308032764887
747,101.58170318603516,101.58170318603516,0.9928919076919556,249.776123046875,249.776123046875,0.12401984632015228,1.0642751455307007,0.0003466776036679885
748,101.1588249206543,101.1588249206543,0.9937809109687805,242.1904296875,242.1904296875,0.12395741045475006,1.063984751701355,0.000345525626261226
749,100.9031753540039,100.9031753540039,0.9924237728118896,254.59539794921875,254.59539794921875,0.1242026686668396,1.0663177967071533,0.0003443748789517256
750,101.14315414428711,101.14315414428711,0.992975115776062,241.5941162109375,241.5941162109375,0.12409686297178268,1.0645052194595337,0.00034322536962658033
751,100.94478225708008,100.94478225708008,0.9934162497520447,248.4593505859375,248.4593505859375,0.12396156787872314,1.0644023418426514,0.0003420771061643985
752,101.03890228271484,101.03890228271484,0.9930407106876373,247.43829345703125,247.43829345703125,0.12351714074611664,1.0612187385559082,0.0003409300964352491
753,100.43572998046875,100.43572998046875,0.993504524230957,247.0730438232422,247.0730438232422,0.12392027676105499,1.0645140409469604,0.00033978434830060866
754,101.0218620300293,101.0218620300293,0.993166595697403,245.2180938720703,245.2180938720703,0.12374342978000641,1.0632781982421875,0.00033863986961330634
755,100.36767959594727,100.36767959594727,0.9928990602493286,245.79806518554688,245.79806518554688,0.12359853088855743,1.0620567798614502,0.0003374966682174711
756,100.04344940185547,100.04344940185547,0.9919047951698303,246.00653076171875,246.00653076171875,0.12374589592218399,1.063622236251831,0.00033635475194847714
757,100.34473037719727,100.34473037719727,0.9929073750972748,242.43548583984375,242.43548583984375,0.12384777516126633,1.0639973878860474,0.00033521412863289103
758,100.5582275390625,100.5582275390625,0.9920249581336975,243.8683319091797,243.8683319091797,0.12364783883094788,1.0629441738128662,0.000334074806088417
759,100.39760208129883,100.39760208129883,0.9919791221618652,245.1417694091797,245.1417694091797,0.12373829632997513,1.0636630058288574,0.0003329367921238441
760,101.0383529663086,101.0383529663086,0.9908975064754486,247.2834014892578,247.2834014892578,0.12353532016277313,1.0634409189224243,0.00033180009453899283
761,100.13938522338867,100.13938522338867,0.9908483326435089,241.18785095214844,241.18785095214844,0.12368690967559814,1.0623211860656738,0.0003306647211246612
762,101.05743026733398,101.05743026733398,0.9932049512863159,243.7105255126953,243.7105255126953,0.12368224561214447,1.0633447170257568,0.0003295306796625715
763,100.147705078125,100.147705078125,0.9909586608409882,245.80471801757812,245.80471801757812,0.12316927313804626,1.061397910118103,0.00032839797792531654
764,100.00259780883789,100.00259780883789,0.9913496673107147,242.56283569335938,242.56283569335938,0.12343774735927582,1.0609686374664307,0.0003272666236763076
765,100.08634567260742,100.08634567260742,0.9923862814903259,244.4458465576172,244.4458465576172,0.12304534018039703,1.0609571933746338,0.0003261366246697199
766,99.5206298828125,99.5206298828125,0.9896851181983948,242.13052368164062,242.13052368164062,0.1228104829788208,1.0595446825027466,0.00032500798865044015
767,99.06320190429688,99.06320190429688,0.9902772903442383,245.4149932861328,245.4149932861328,0.12303559482097626,1.0605263710021973,0.00032388072335401294
768,98.90098190307617,98.90098190307617,0.9919827580451965,243.0111846923828,243.0111846923828,0.12321796268224716,1.0616769790649414,0.00032275483650658863
769,99.31414794921875,99.31414794921875,0.9891010522842407,244.28529357910156,244.28529357910156,0.12312231957912445,1.0606993436813354,0.0003216303358248698
770,98.73864364624023,98.73864364624023,0.989946186542511,241.2259063720703,241.2259063720703,0.12309558689594269,1.0600652694702148,0.0003205072290160579
771,98.83306884765625,98.83306884765625,0.9893669486045837,243.12570190429688,243.12570190429688,0.12316872179508209,1.0623493194580078,0.00031938552377780156
772,98.94831085205078,98.94831085205078,0.9899397790431976,241.7639617919922,241.7639617919922,0.12345016002655029,1.0628573894500732,0.0003182652277981427
773,98.40174102783203,98.40174102783203,0.9895851910114288,244.37673950195312,244.37673950195312,0.12336450815200806,1.062705636024475,0.00031714634875546453
774,98.14797973632812,98.14797973632812,0.9896671175956726,241.3753662109375,241.3753662109375,0.12329229712486267,1.061430811882019,0.0003160288943184385
775,98.85029983520508,98.85029983520508,0.9897540807723999,241.0973663330078,241.0973663330078,0.12297558784484863,1.060210943222046,0.0003149128721459727
776,98.07554626464844,98.07554626464844,0.9895108938217163,242.321044921875,242.321044921875,0.12272866070270538,1.0585007667541504,0.0003137982898871578
777,97.71769332885742,97.71769332885742,0.9890109896659851,242.88262939453125,242.88262939453125,0.12292718887329102,1.0605628490447998,0.00031268515518121574
778,97.51454544067383,97.51454544067383,0.9886708557605743,238.8151397705078,238.8151397705078,0.12277363240718842,1.059227466583252,0.00031157347565744745
779,98.52350997924805,98.52350997924805,0.9895923733711243,239.81271362304688,239.81271362304688,0.12280003726482391,1.0600686073303223,0.00031046325893517953
780,97.71176147460938,97.71176147460938,0.9877942204475403,241.95001220703125,241.95001220703125,0.12262959778308868,1.0589350461959839,0.0003093545126237135
781,98.29777908325195,98.29777908325195,0.9878461956977844,240.4086456298828,240.4086456298828,0.12249170243740082,1.0580698251724243,0.0003082472443222721
782,97.76496887207031,97.76496887207031,0.9868815541267395,242.94610595703125,242.94610595703125,0.1227889135479927,1.0604407787322998,0.0003071414616199486
783,97.87690734863281,97.87690734863281,0.9877925515174866,238.8208465576172,238.8208465576172,0.12260077893733978,1.0593082904815674,0.0003060371720956537
784,97.68819046020508,97.68819046020508,0.9874639511108398,240.10557556152344,240.10557556152344,0.12238198518753052,1.0582945346832275,0.000304934383318064
785,97.54108810424805,97.54108810424805,0.9869051277637482,244.73472595214844,244.73472595214844,0.1224445179104805,1.0588855743408203,0.0003038331028455703
786,97.920166015625,97.920166015625,0.9861142039299011,238.3650360107422,238.3650360107422,0.12190872430801392,1.0560171604156494,0.00030273333822622596
787,97.61405563354492,97.61405563354492,0.9868474006652832,244.499755859375,244.499755859375,0.12229891121387482,1.058074951171875,0.0003016350969976943
788,97.42399978637695,97.42399978637695,0.9873886406421661,241.49295043945312,241.49295043945312,0.12221294641494751,1.0583269596099854,0.0003005383866871976
789,96.87125778198242,96.87125778198242,0.9869826138019562,240.41494750976562,240.41494750976562,0.12209704518318176,1.057032823562622,0.00029944321481146564
790,96.90441131591797,96.90441131591797,0.9865321516990662,239.94642639160156,239.94642639160156,0.12207408249378204,1.0568910837173462,0.0002983495888766842
791,96.42687606811523,96.42687606811523,0.9855872690677643,237.87612915039062,237.87612915039062,0.12218087911605835,1.0577032566070557,0.0002972575163784426
792,96.56668853759766,96.56668853759766,0.9863020479679108,239.0859375,239.0859375,0.12233948707580566,1.0583516359329224,0.00029616700480168337
793,96.48308563232422,96.48308563232422,0.9862445294857025,239.63650512695312,239.63650512695312,0.12224601209163666,1.0579814910888672,0.0002950780616206511
794,96.55464172363281,96.55464172363281,0.9850754141807556,238.38491821289062,238.38491821289062,0.12223386019468307,1.0579990148544312,0.0002939906942988402
795,96.89205551147461,96.89205551147461,0.9866529107093811,237.34617614746094,237.34617614746094,0.12176202237606049,1.0555410385131836,0.0002929049102889447
796,96.5161361694336,96.5161361694336,0.9855169951915741,238.59230041503906,238.59230041503906,0.12202481925487518,1.0569168329238892,0.0002918207170328063
797,95.8143424987793,95.8143424987793,0.9848859310150146,237.3778076171875,237.3778076171875,0.12174609303474426,1.0551550388336182,0.00029073812196136464
798,95.8056869506836,95.8056869506836,0.9849790036678314,238.38070678710938,238.38070678710938,0.12187667191028595,1.0560367107391357,0.0002896571324946049
799,95.8390884399414,95.8390884399414,0.9847103953361511,237.8646240234375,237.8646240234375,0.12186707556247711,1.0564059019088745,0.00028857775604150754
800,95.79313659667969,95.79313659667969,0.9842135608196259,234.11119079589844,234.11119079589844,0.1217859536409378,1.0562946796417236,0.0002874999999999982
801,95.97802352905273,95.97802352905273,0.9849771857261658,237.75201416015625,237.75201416015625,0.12208543717861176,1.0571088790893555,0.0002864238717568964
802,95.51244354248047,95.51244354248047,0.98416668176651,237.1515350341797,237.1515350341797,0.12170412391424179,1.0561363697052002,0.0002853493786878643
803,95.91873550415039,95.91873550415039,0.9836716055870056,231.9152374267578,231.9152374267578,0.12202401459217072,1.056654453277588,0.0002842765281573569
804,95.72269058227539,95.72269058227539,0.9851357340812683,236.3516387939453,236.3516387939453,0.12197501957416534,1.0573012828826904,0.0002832053275185721
805,95.30923843383789,95.30923843383789,0.9831382036209106,234.28414916992188,234.28414916992188,0.12142921984195709,1.0539159774780273,0.0002821357841133988
806,96.0776252746582,96.0776252746582,0.9827657043933868,235.59226989746094,235.59226989746094,0.1215912252664566,1.0539615154266357,0.00028106790527236784
807,95.692138671875,95.692138671875,0.9830635190010071,240.44544982910156,240.44544982910156,0.12157861143350601,1.0554492473602295,0.000280001698314601
808,96.26425170898438,96.26425170898438,0.9820197224617004,235.9572296142578,235.9572296142578,0.12122426927089691,1.0530744791030884,0.0002789371705477618
809,95.50501251220703,95.50501251220703,0.9850977659225464,236.0458984375,236.0458984375,0.12168481945991516,1.0538346767425537,0.00027787432926800414
810,96.05772399902344,96.05772399902344,0.9839681684970856,237.4359130859375,237.4359130859375,0.12169358134269714,1.055363416671753,0.0002768131817599229
811,94.8421401977539,94.8421401977539,0.982611745595932,230.9488067626953,230.9488067626953,0.12137919664382935,1.0539422035217285,0.0002757537352965046
812,94.82526016235352,94.82526016235352,0.9832859337329865,235.16864013671875,235.16864013671875,0.12138570845127106,1.053954839706421,0.0002746959971390768
813,94.39714813232422,94.39714813232422,0.9822061061859131,234.44715881347656,234.44715881347656,0.12134786695241928,1.053638219833374,0.00027363997453725824
814,94.33845138549805,94.33845138549805,0.9826892018318176,232.5843048095703,232.5843048095703,0.1216924637556076,1.0550401210784912,0.0002725856747289093
815,94.48379135131836,94.48379135131836,0.9824386239051819,233.20689392089844,233.20689392089844,0.12149255722761154,1.0542230606079102,0.0002715331049400833
816,94.44751358032227,94.44751358032227,0.9823411107063293,232.94851684570312,232.94851684570312,0.12152467668056488,1.054155945777893,0.00027048227238497547
817,94.30385208129883,94.30385208129883,0.9824578762054443,234.21466064453125,234.21466064453125,0.1211865097284317,1.052666187286377,0.0002694331842658745
818,94.19579315185547,94.19579315185547,0.9817009568214417,232.32041931152344,232.32041931152344,0.12149542570114136,1.0536763668060303,0.0002683858477731127
819,94.29628372192383,94.29628372192383,0.9827189147472382,233.28378295898438,233.28378295898438,0.12147624045610428,1.0541247129440308,0.00026734027008501753
820,94.28118133544922,94.28118133544922,0.9810853600502014,231.98556518554688,231.98556518554688,0.12101726233959198,1.0520997047424316,0.00026629645836786115
821,94.05178451538086,94.05178451538086,0.9815824031829834,234.6595916748047,234.6595916748047,0.12148360908031464,1.0536006689071655,0.00026525441977581207
822,94.16225814819336,94.16225814819336,0.9808353185653687,234.49783325195312,234.49783325195312,0.12104673683643341,1.0524682998657227,0.0002642141614508862
823,93.71588897705078,93.71588897705078,0.9802878499031067,230.83108520507812,230.83108520507812,0.12102679908275604,1.0524005889892578,0.00026317569052289796
824,93.57430648803711,93.57430648803711,0.9804883003234863,234.0511932373047,234.0511932373047,0.12102337181568146,1.0534499883651733,0.0002621390141094105
825,93.43374633789062,93.43374633789062,0.9810555875301361,232.7921600341797,232.7921600341797,0.12122830748558044,1.0540268421173096,0.00026110413931568785
826,93.63664627075195,93.63664627075195,0.9804481863975525,233.47430419921875,233.47430419921875,0.1209859699010849,1.0526835918426514,0.00026007107323464617
827,93.3964614868164,93.3964614868164,0.9803603291511536,233.54281616210938,233.54281616210938,0.12094226479530334,1.052958607673645,0.0002590398229468046
828,93.07873916625977,93.07873916625977,0.9797767400741577,232.26358032226562,232.26358032226562,0.12069971859455109,1.0518321990966797,0.0002580103955202371
829,93.00414276123047,93.00414276123047,0.9798283576965332,231.57681274414062,231.57681274414062,0.12059944868087769,1.0514816045761108,0.00025698279801052387
830,92.86260604858398,92.86260604858398,0.9793489277362823,232.69081115722656,232.69081115722656,0.12061583995819092,1.051330327987671,0.00025595703746070355
831,93.12176132202148,93.12176132202148,0.9806045889854431,230.14646911621094,230.14646911621094,0.12091384828090668,1.0527827739715576,0.00025493312090122365
832,92.97138595581055,92.97138595581055,0.979007363319397,232.3609619140625,232.3609619140625,0.1206921935081482,1.0520915985107422,0.00025391105534989405
833,93.0535888671875,93.0535888671875,0.9790906012058258,231.04673767089844,231.04673767089844,0.12069924175739288,1.0517040491104126,0.00025289084781183725
834,92.80772018432617,92.80772018432617,0.9794467687606812,233.12677001953125,233.12677001953125,0.12048427015542984,1.0516865253448486,0.0002518725052794418
835,92.57670211791992,92.57670211791992,0.9790856838226318,231.22874450683594,231.22874450683594,0.12054212391376495,1.0514328479766846,0.0002508560347323132
836,92.5197525024414,92.5197525024414,0.979356586933136,232.2288055419922,232.2288055419922,0.12039995193481445,1.0508856773376465,0.00024984144313722667
837,92.32279968261719,92.32279968261719,0.978431224822998,231.0996551513672,231.0996551513672,0.1204085499048233,1.050323724746704,0.0002488287374480797
838,92.19602584838867,92.19602584838867,0.9784540832042694,230.77108764648438,230.77108764648438,0.1203688383102417,1.050072193145752,0.0002478179246058435
839,92.31323623657227,92.31323623657227,0.9784479141235352,228.3634796142578,228.3634796142578,0.12059631943702698,1.0514709949493408,0.00024680901153851614
840,92.20507049560547,92.20507049560547,0.9781730771064758,231.2669219970703,231.2669219970703,0.12066579610109329,1.05233895778656,0.00024580200516107463
841,91.94562911987305,91.94562911987305,0.9766772985458374,228.49664306640625,228.49664306640625,0.12053316831588745,1.0505609512329102,0.0002447969123754282
842,91.99760055541992,91.99760055541992,0.9779365062713623,229.75987243652344,229.75987243652344,0.12036050856113434,1.0506696701049805,0.00024379374007037007
843,91.961669921875,91.961669921875,0.9785979092121124,227.33819580078125,227.33819580078125,0.12044765055179596,1.050713062286377,0.0002427924951215309
844,91.82085800170898,91.82085800170898,0.9784215688705444,231.01809692382812,231.01809692382812,0.12048652023077011,1.0512374639511108,0.00024179318439133176
845,91.70487594604492,91.70487594604492,0.9795980751514435,229.693603515625,229.693603515625,0.12055250257253647,1.051116704940796,0.00024079581472893628
846,91.97979354858398,91.97979354858398,0.9759548306465149,229.4595489501953,229.4595489501953,0.12021593749523163,1.049117088317871,0.00023980039297020447
847,91.70244598388672,91.70244598388672,0.9763238430023193,226.55650329589844,226.55650329589844,0.1203128769993782,1.0489977598190308,0.00023880692593764542
848,91.78126525878906,91.78126525878906,0.9775740504264832,228.83468627929688,228.83468627929688,0.12018756568431854,1.0491892099380493,0.0002378154204403713
849,91.31394577026367,91.31394577026367,0.9768434166908264,227.12623596191406,227.12623596191406,0.12033480405807495,1.0499458312988281,0.00023682588327404957
850,91.1303596496582,91.1303596496582,0.9777725040912628,228.0832061767578,228.0832061767578,0.12025821208953857,1.0495171546936035,0.0002358383212208572
851,91.37423324584961,91.37423324584961,0.9761524796485901,230.0980682373047,230.0980682373047,0.11981130391359329,1.0467045307159424,0.00023485274104943372
852,91.16326904296875,91.16326904296875,0.9759390950202942,226.1416778564453,226.1416778564453,0.11982201039791107,1.0472174882888794,0.00023386914951483565
853,91.47795486450195,91.47795486450195,0.9753216505050659,227.23358154296875,227.23358154296875,0.12018174678087234,1.048949956893921,0.00023288755335848884
854,91.39609146118164,91.39609146118164,0.9759610891342163,226.2098388671875,226.2098388671875,0.12016074359416962,1.0491440296173096,0.00023190795930814366
855,91.34847259521484,91.34847259521484,0.9756007790565491,227.20167541503906,227.20167541503906,0.12017945200204849,1.0496432781219482,0.0002309303740778282
856,91.18558502197266,91.18558502197266,0.9755774736404419,226.60153198242188,226.60153198242188,0.11985282599925995,1.0479289293289185,0.00022995480436780198
857,91.09392166137695,91.09392166137695,0.9751868546009064,229.82774353027344,229.82774353027344,0.11976900696754456,1.0478801727294922,0.00022898125686451055
858,91.23763656616211,91.23763656616211,0.9753055572509766,225.7913055419922,225.7913055419922,0.11979588121175766,1.0478401184082031,0.0002280097382405394
859,91.30850982666016,91.30850982666016,0.9747195839881897,229.09486389160156,229.09486389160156,0.1198769360780716,1.0491936206817627,0.00022704025515456867
860,91.1345443725586,91.1345443725586,0.9755641520023346,227.376953125,227.376953125,0.11967524886131287,1.0476410388946533,0.00022607281425132667
861,90.89230728149414,90.89230728149414,0.9744978845119476,227.5384063720703,227.5384063720703,0.11944616585969925,1.0458564758300781,0.0002251074221615451
862,90.51012420654297,90.51012420654297,0.9735495448112488,225.53260803222656,225.53260803222656,0.11919626593589783,1.0450159311294556,0.0002241440855019131
863,90.5529899597168,90.5529899597168,0.972969114780426,228.6409149169922,228.6409149169922,0.11929440498352051,1.046088695526123,0.00022318281087503253
864,90.28973770141602,90.28973770141602,0.9736693501472473,225.12425231933594,225.12425231933594,0.11947433650493622,1.046229362487793,0.00022222360486937176
865,90.23068618774414,90.23068618774414,0.9746969938278198,227.84556579589844,227.84556579589844,0.11961150169372559,1.048094391822815,0.00022126647405922153
866,90.70137023925781,90.70137023925781,0.9732830226421356,226.35321044921875,226.35321044921875,0.11953014135360718,1.0469493865966797,0.00022031142500464942
867,90.27105331420898,90.27105331420898,0.9742947518825531,226.8750762939453,226.8750762939453,0.11944472789764404,1.0452667474746704,0.00021935846425145445
868,90.6811752319336,90.6811752319336,0.9734194278717041,227.60606384277344,227.60606384277344,0.11919188499450684,1.0455961227416992,0.000218407598331123
869,89.96594619750977,89.96594619750977,0.973618358373642,224.83998107910156,224.83998107910156,0.11932337284088135,1.0459744930267334,0.00021745883376078344
870,90.60894393920898,90.60894393920898,0.974017322063446,226.2412109375,226.2412109375,0.11929859966039658,1.0462729930877686,0.00021651217704316225
871,90.02111434936523,90.02111434936523,0.9730840921401978,231.61627197265625,231.61627197265625,0.11911457777023315,1.0457475185394287,0.00021556763466653835
872,90.20547103881836,90.20547103881836,0.9721556901931763,223.59324645996094,223.59324645996094,0.11932000517845154,1.045759677886963,0.0002146252131046995
873,91.04098892211914,91.04098892211914,0.9744127094745636,221.4217987060547,221.4217987060547,0.11956770718097687,1.0477403402328491,0.00021368491881689739
874,90.23613739013672,90.23613739013672,0.9742226004600525,227.91688537597656,227.91688537597656,0.11947698891162872,1.0477752685546875,0.00021274675824780405
875,90.26959228515625,90.26959228515625,0.9728814959526062,224.2721405029297,224.2721405029297,0.1194753646850586,1.0466053485870361,0.00021181073782746673
876,90.14056777954102,90.14056777954102,0.9736627042293549,223.9584503173828,223.9584503173828,0.11938663572072983,1.0464099645614624,0.0002108768639712647
877,89.69326782226562,89.69326782226562,0.9729301929473877,226.3627471923828,226.3627471923828,0.11946307867765427,1.0472427606582642,0.00020994514307986494
878,90.00717544555664,90.00717544555664,0.972847580909729,224.2134552001953,224.2134552001953,0.11926794797182083,1.0455212593078613,0.00020901558153917806
879,89.4751968383789,89.4751968383789,0.9730009138584137,224.65994262695312,224.65994262695312,0.11913195252418518,1.0454494953155518,0.00020808818572031463
880,89.4754867553711,89.4754867553711,0.9720710813999176,225.22019958496094,225.22019958496094,0.11925719678401947,1.0457016229629517,0.00020716296197954175
881,89.31173706054688,89.31173706054688,0.9731463193893433,224.04042053222656,224.04042053222656,0.1193663477897644,1.0457499027252197,0.00020623991665823956
882,89.14785385131836,89.14785385131836,0.9725581109523773,223.48497009277344,223.48497009277344,0.11940842866897583,1.0468409061431885,0.0002053190560828572
883,89.15865707397461,89.15865707397461,0.9730983674526215,223.32809448242188,223.32809448242188,0.11947688460350037,1.0472195148468018,0.0002044003865648699
884,89.10425567626953,89.10425567626953,0.9730640351772308,225.03192138671875,225.03192138671875,0.1191786602139473,1.0460917949676514,0.00020348391440073562
885,89.056884765625,89.056884765625,0.971818208694458,224.21670532226562,224.21670532226562,0.11910320818424225,1.0448436737060547,0.000202569645871852
886,89.11193466186523,89.11193466186523,0.9715586304664612,223.06341552734375,223.06341552734375,0.11880095303058624,1.0434850454330444,0.00020165758724451346
887,88.61331558227539,88.61331558227539,0.9713068604469299,223.7679443359375,223.7679443359375,0.11882349848747253,1.0441310405731201,0.00020074774476986729
888,88.66596603393555,88.66596603393555,0.9708903431892395,222.35324096679688,222.35324096679688,0.1187991350889206,1.0442235469818115,0.0001998401246838723
889,88.39515686035156,88.39515686035156,0.9712312817573547,223.4476776123047,223.4476776123047,0.11896255612373352,1.044923186302185,0.0001989347332072547
890,88.7657585144043,88.7657585144043,0.9715792536735535,222.14541625976562,222.14541625976562,0.11881230026483536,1.0441272258758545,0.0001980315765454664
891,88.30757141113281,88.30757141113281,0.9712826609611511,223.87722778320312,223.87722778320312,0.11870625615119934,1.0437326431274414,0.0001971306608886418
892,88.8128890991211,88.8128890991211,0.97025465965271,222.2863311767578,222.2863311767578,0.11846454441547394,1.0423742532730103,0.00019623199241155628
893,88.27973556518555,88.27973556518555,0.9709604382514954,221.6859893798828,221.6859893798828,0.11876833438873291,1.043989896774292,0.00019533557727358282
894,88.1519889831543,88.1519889831543,0.971799224615097,220.96347045898438,220.96347045898438,0.11857226490974426,1.0435154438018799,0.00019444142161865034
895,88.17823791503906,88.17823791503906,0.9702081680297852,224.26097106933594,224.26097106933594,0.11846408247947693,1.0428621768951416,0.0001935495315752015
896,87.9432601928711,87.9432601928711,0.9701886475086212,223.10719299316406,223.10719299316406,0.11850690841674805,1.0426616668701172,0.0001926599132561509
897,88.07566452026367,88.07566452026367,0.9692963659763336,221.9307861328125,221.9307861328125,0.11834210902452469,1.0424959659576416,0.00019177257275884303
898,88.18624496459961,88.18624496459961,0.9688397347927094,221.69969177246094,221.69969177246094,0.11848412454128265,1.0430327653884888,0.00019088751616501006
899,87.82509231567383,87.82509231567383,0.9689285755157471,222.34719848632812,222.34719848632812,0.11830604076385498,1.0420314073562622,0.00019000474954073107
900,88.07048034667969,88.07048034667969,0.969206839799881,221.830322265625,221.830322265625,0.11845649778842926,1.0430517196655273,0.00018912427893638946
901,88.04270553588867,88.04270553588867,0.9688052535057068,221.22979736328125,221.22979736328125,0.11832720041275024,1.0431134700775146,0.0001882461103866322
902,87.95042419433594,87.95042419433594,0.9693222641944885,220.5078887939453,220.5078887939453,0.11815312504768372,1.04145348072052,0.0001873702499103281
903,87.61605072021484,87.61605072021484,0.9698292315006256,222.71786499023438,222.71786499023438,0.11830808222293854,1.0423853397369385,0.00018649670351052704
904,87.50371170043945,87.50371170043945,0.9693290591239929,219.204833984375,219.204833984375,0.11813183128833771,1.041555404663086,0.00018562547717441803
905,87.45760345458984,87.45760345458984,0.968620777130127,220.46458435058594,220.46458435058594,0.11826160550117493,1.0418140888214111,0.00018475657687328892
906,87.37203216552734,87.37203216552734,0.9687207043170929,219.68167114257812,219.68167114257812,0.11816509813070297,1.0415453910827637,0.0001838900085624849
907,87.39612579345703,87.39612579345703,0.9690560102462769,219.459716796875,219.459716796875,0.11843901872634888,1.0425277948379517,0.0001830257781813683
908,87.35237121582031,87.35237121582031,0.9690991640090942,221.10794067382812,221.10794067382812,0.11831563711166382,1.0421388149261475,0.00018216389165327752
909,87.3492660522461,87.3492660522461,0.9690652787685394,218.57577514648438,218.57577514648438,0.11813748627901077,1.0414680242538452,0.000181304354885486
910,87.1766586303711,87.1766586303711,0.9681788980960846,219.3456268310547,219.3456268310547,0.11800841987133026,1.0409281253814697,0.00018044717376916293
911,87.34678649902344,87.34678649902344,0.9682561159133911,220.76058959960938,220.76058959960938,0.1179700642824173,1.0407710075378418,0.00017959235417933138
912,87.17829132080078,87.17829132080078,0.9672670364379883,222.13250732421875,222.13250732421875,0.11770983785390854,1.0396922826766968,0.0001787399019748292
913,86.95998764038086,86.95998764038086,0.967287003993988,219.79440307617188,219.79440307617188,0.1179102212190628,1.040191650390625,0.00017788982299826814
914,87.24786758422852,87.24786758422852,0.9677636623382568,219.90040588378906,219.90040588378906,0.11777709424495697,1.0405910015106201,0.0001770421230759947
915,86.9220199584961,86.9220199584961,0.967315673828125,219.4130401611328,219.4130401611328,0.11768429726362228,1.0395559072494507,0.00017619680801804905
916,86.74060821533203,86.74060821533203,0.9671820998191833,220.15798950195312,220.15798950195312,0.11783505976200104,1.0398309230804443,0.00017535388361812596
917,86.73637390136719,86.73637390136719,0.9669515490531921,219.65972900390625,219.65972900390625,0.11782223731279373,1.0405994653701782,0.0001745133556535347
918,86.6183090209961,86.6183090209961,0.966576099395752,218.08143615722656,218.08143615722656,0.1179237961769104,1.0406043529510498,0.00017367522988516001
919,86.51313400268555,86.51313400268555,0.967089056968689,218.8883514404297,218.8883514404297,0.11798252165317535,1.0414150953292847,0.00017283951205742212
920,86.55527877807617,86.55527877807617,0.967349499464035,217.6508331298828,217.6508331298828,0.1180984228849411,1.0416443347930908,0.0001720062078982373
921,86.34825325012207,86.34825325012207,0.9679438471794128,219.24855041503906,219.24855041503906,0.11798150837421417,1.0409910678863525,0.0001711753231189792
922,86.42508697509766,86.42508697509766,0.9672210514545441,218.02638244628906,218.02638244628906,0.11803103983402252,1.041938304901123,0.00017034686341443875
923,86.31230163574219,86.31230163574219,0.9669835269451141,218.5951690673828,218.5951690673828,0.117876335978508,1.0411958694458008,0.00016952083446278627
924,86.18298721313477,86.18298721313477,0.9663874506950378,219.99066162109375,219.99066162109375,0.11782243102788925,1.0406990051269531,0.0001686972419255314
925,86.06338119506836,86.06338119506836,0.9656240344047546,218.28004455566406,218.28004455566406,0.11754381656646729,1.0393407344818115,0.00016787609144748545
926,86.08102035522461,86.08102035522461,0.9657763540744781,218.5817413330078,218.5817413330078,0.11744093149900436,1.0391968488693237,0.00016705738865672182
927,86.05286026000977,86.05286026000977,0.9659120440483093,217.54591369628906,217.54591369628906,0.11745381355285645,1.0390005111694336,0.0001662411391645376
928,85.83953475952148,85.83953475952148,0.965363085269928,220.67359924316406,220.67359924316406,0.11753948032855988,1.0396459102630615,0.00016542734856541546
929,86.15509414672852,86.15509414672852,0.9650633931159973,218.87913513183594,218.87913513183594,0.11764932423830032,1.039785385131836,0.0001646160224369851
930,85.8980827331543,85.8980827331543,0.9653871953487396,216.57803344726562,216.57803344726562,0.11744388937950134,1.0388809442520142,0.00016380716633998502
931,85.84540176391602,85.84540176391602,0.9651053845882416,217.60989379882812,217.60989379882812,0.11758984625339508,1.0396534204483032,0.00016300078581822424
932,85.82763290405273,85.82763290405273,0.9651665091514587,218.9393768310547,218.9393768310547,0.1177259087562561,1.040184497833252,0.0001621968863985447
933,85.75983428955078,85.75983428955078,0.9657740890979767,216.5996551513672,216.5996551513672,0.11756241321563721,1.0394320487976074,0.00016139547359078288
934,85.7696590423584,85.7696590423584,0.9657293856143951,216.9349822998047,216.9349822998047,0.11737650632858276,1.0385229587554932,0.00016059655288773252
935,85.63774871826172,85.63774871826172,0.9650087356567383,216.66024780273438,216.66024780273438,0.11760684102773666,1.0397725105285645,0.00015980012976510652
936,85.60101699829102,85.60101699829102,0.9649923741817474,216.36358642578125,216.36358642578125,0.11748950183391571,1.0397210121154785,0.00015900620968149992
937,85.43967819213867,85.43967819213867,0.9644756317138672,216.21694946289062,216.21694946289062,0.11733629554510117,1.0380027294158936,0.00015821479807835208
938,85.48989868164062,85.48989868164062,0.9647634029388428,217.52890014648438,217.52890014648438,0.11738879978656769,1.0382719039916992,0.00015742590037990937
939,85.45080947875977,85.45080947875977,0.9639352560043335,216.18580627441406,216.18580627441406,0.11739443242549896,1.0390348434448242,0.00015663952199318837
940,85.48160934448242,85.48160934448242,0.9643459916114807,216.617919921875,216.617919921875,0.11743003129959106,1.03823721408844,0.00015585566830793863
941,85.4162826538086,85.4162826538086,0.9646080136299133,218.3409423828125,218.3409423828125,0.11728087067604065,1.037351369857788,0.00015507434469660543
942,85.34029388427734,85.34029388427734,0.9634068310260773,215.71969604492188,215.71969604492188,0.11724435538053513,1.0378514528274536,0.00015429555651429316
943,85.2314281463623,85.2314281463623,0.9642451405525208,215.78863525390625,215.78863525390625,0.11753994226455688,1.0392093658447266,0.0001535193090987291
944,85.01976013183594,85.01976013183594,0.9641278386116028,216.00936889648438,216.00936889648438,0.11729759722948074,1.0381238460540771,0.00015274560777022597
945,85.13052749633789,85.13052749633789,0.9634586572647095,216.95826721191406,216.95826721191406,0.11739163845777512,1.0383800268173218,0.0001519744578316461
946,84.9586181640625,84.9586181640625,0.9635288715362549,217.27772521972656,217.27772521972656,0.11744256317615509,1.0392210483551025,0.00015120586456836467
947,85.01031112670898,85.01031112670898,0.963075578212738,214.34693908691406,214.34693908691406,0.1173107847571373,1.0382543802261353,0.00015043983324823402
948,84.98307418823242,84.98307418823242,0.9632998406887054,218.61549377441406,218.61549377441406,0.1174757331609726,1.0393390655517578,0.00014967636912154703
949,85.0655288696289,85.0655288696289,0.9632280468940735,216.4615020751953,216.4615020751953,0.11747750639915466,1.0392106771469116,0.0001489154774210012
950,84.9532699584961,84.9532699584961,0.9636102020740509,214.67904663085938,214.67904663085938,0.11744183301925659,1.0391958951950073,0.00014815716336166314
951,84.8871955871582,84.8871955871582,0.963782548904419,217.17588806152344,217.17588806152344,0.1173190250992775,1.039110541343689,0.00014740143214093265
952,84.57474517822266,84.57474517822266,0.9629963040351868,215.41778564453125,215.41778564453125,0.11718130111694336,1.037423849105835,0.00014664828893850676
953,84.88527488708496,84.88527488708496,0.962863564491272,216.09359741210938,216.09359741210938,0.11697609722614288,1.0361583232879639,0.00014589773891634448
954,84.5772933959961,84.5772933959961,0.9621036648750305,216.38101196289062,216.38101196289062,0.11694321781396866,1.0365264415740967,0.00014514978721863196
955,84.40528106689453,84.40528106689453,0.9617268443107605,215.204833984375,215.204833984375,0.11694304645061493,1.0363750457763672,0.00014440443897174618
956,84.31325912475586,84.31325912475586,0.9619543254375458,215.25106811523438,215.25106811523438,0.11683806777000427,1.0355929136276245,0.00014366169928422062
957,84.3515625,84.3515625,0.9613973200321198,214.02487182617188,214.02487182617188,0.11707314103841782,1.0368233919143677,0.00014292157324670982
958,84.33950424194336,84.33950424194336,0.9624239206314087,213.2200469970703,213.2200469970703,0.11702527105808258,1.0365443229675293,0.00014218406593195502
959,84.18587112426758,84.18587112426758,0.9624988734722137,215.0578155517578,215.0578155517578,0.11706738919019699,1.037034273147583,0.0001414491823947486
960,84.1727294921875,84.1727294921875,0.9620983600616455,214.9726104736328,214.9726104736328,0.11695176362991333,1.0365338325500488,0.00014071692767189998
961,84.09377670288086,84.09377670288086,0.9616079926490784,214.1817626953125,214.1817626953125,0.11688436567783356,1.0360150337219238,0.0001399873067822011
962,84.05101013183594,84.05101013183594,0.9611583054065704,212.84521484375,212.84521484375,0.11661512404680252,1.0346572399139404,0.00013926032472639198
963,83.9655647277832,83.9655647277832,0.96119624376297,214.62709045410156,214.62709045410156,0.11679624766111374,1.0357866287231445,0.00013853598648712619
964,83.97784805297852,83.97784805297852,0.9610949754714966,213.574951171875,213.574951171875,0.11678104102611542,1.0358750820159912,0.00013781429702893668
965,83.81949996948242,83.81949996948242,0.9611819386482239,212.88116455078125,212.88116455078125,0.11651229858398438,1.0346938371658325,0.0001370952612982025
966,83.83621215820312,83.83621215820312,0.9611717760562897,214.33169555664062,214.33169555664062,0.11670821905136108,1.0351836681365967,0.00013637888422311393
967,83.76043319702148,83.76043319702148,0.9610973000526428,214.25656127929688,214.25656127929688,0.11651906371116638,1.0347659587860107,0.0001356651707136392
968,83.78007125854492,83.78007125854492,0.9606077671051025,212.53851318359375,212.53851318359375,0.11650946736335754,1.0344862937927246,0.0001349541256614906
969,83.62034606933594,83.62034606933594,0.9609731733798981,214.75328063964844,214.75328063964844,0.11656516790390015,1.0349483489990234,0.00013424575394009169
970,83.47317123413086,83.47317123413086,0.960241436958313,212.79568481445312,212.79568481445312,0.11642971634864807,1.0340571403503418,0.0001335400604045427
971,83.70582580566406,83.70582580566406,0.9600741565227509,211.11827087402344,211.11827087402344,0.11620592325925827,1.0328707695007324,0.00013283704989158803
972,83.7042007446289,83.7042007446289,0.9594380855560303,214.5313262939453,214.5313262939453,0.11634775996208191,1.0338165760040283,0.00013213672721958315
973,83.41559982299805,83.41559982299805,0.9592824280261993,212.86993408203125,212.86993408203125,0.11627282202243805,1.033761978149414,0.00013143909718846137
974,83.48876190185547,83.48876190185547,0.9595550894737244,211.3965606689453,211.3965606689453,0.11633892357349396,1.0342724323272705,0.00013074416457970058
975,83.443359375,83.443359375,0.9600925147533417,213.77047729492188,213.77047729492188,0.11646682769060135,1.0345420837402344,0.00013005193415629106
976,83.24810791015625,83.24810791015625,0.9608811140060425,212.24615478515625,212.24615478515625,0.11619238555431366,1.033173680305481,0.00012936241066270287
977,83.15274810791016,83.15274810791016,0.9597967565059662,212.43264770507812,212.43264770507812,0.11605844646692276,1.0326347351074219,0.00012867559882485266
978,83.12278366088867,83.12278366088867,0.9594073295593262,212.87625122070312,212.87625122070312,0.11619701981544495,1.0333025455474854,0.00012799150335007184
979,83.13483428955078,83.13483428955078,0.9589609205722809,212.88612365722656,212.88612365722656,0.11621531844139099,1.0340641736984253,0.00012731012892707418
980,83.06252670288086,83.06252670288086,0.9588231444358826,212.3858184814453,212.3858184814453,0.11632028222084045,1.0343384742736816,0.00012663148022592377
981,83.01012802124023,83.01012802124023,0.9591883718967438,212.7471466064453,212.7471466064453,0.1163325160741806,1.034407138824463,0.00012595556189800284
982,83.03995513916016,83.03995513916016,0.9592019021511078,212.2656707763672,212.2656707763672,0.1162649393081665,1.0339409112930298,0.00012528237857597978
983,82.91251373291016,82.91251373291016,0.9587252140045166,211.79774475097656,211.79774475097656,0.11616931855678558,1.0336406230926514,0.00012461193487377773
984,82.85220718383789,82.85220718383789,0.959356039762497,210.51531982421875,210.51531982421875,0.11612886190414429,1.033922791481018,0.00012394423538654298
985,82.91064453125,82.91064453125,0.9595307409763336,212.15260314941406,212.15260314941406,0.11622115969657898,1.0339348316192627,0.0001232792846906129
986,82.85614013671875,82.85614013671875,0.9579353034496307,213.6793670654297,213.6793670654297,0.11602121591567993,1.0326344966888428,0.000122617087343485
987,82.79690551757812,82.79690551757812,0.957538902759552,211.8040008544922,211.8040008544922,0.11609499901533127,1.0325922966003418,0.00012195764788378597
988,82.66616439819336,82.66616439819336,0.9581964015960693,210.4948272705078,210.4948272705078,0.1160818487405777,1.0329862833023071,0.00012130097083123988
989,82.5963363647461,82.5963363647461,0.9582292437553406,210.38238525390625,210.38238525390625,0.1160784363746643,1.0330615043640137,0.00012064706068663775
990,82.65155410766602,82.65155410766602,0.9585241377353668,210.90989685058594,210.90989685058594,0.1160103976726532,1.0327658653259277,0.00011999592193180642
991,82.48741912841797,82.48741912841797,0.9581480920314789,211.17019653320312,211.17019653320312,0.11594562232494354,1.03242826461792,0.0001193475590295782
992,82.53467178344727,82.53467178344727,0.9577969908714294,210.84072875976562,210.84072875976562,0.1159934252500534,1.032468318939209,0.00011870197642375958
993,82.42049217224121,82.42049217224121,0.9578564763069153,210.95916748046875,210.95916748046875,0.11589512228965759,1.0322511196136475,0.00011805917853910158
994,82.29696273803711,82.29696273803711,0.9572428464889526,210.55587768554688,210.55587768554688,0.11594579368829727,1.0322258472442627,0.00011741916978126905
995,82.28301620483398,82.28301620483398,0.9576291739940643,209.82444763183594,209.82444763183594,0.11597311496734619,1.0327930450439453,0.00011678195453681021
996,82.19184494018555,82.19184494018555,0.9576553404331207,210.37037658691406,210.37037658691406,0.11588889360427856,1.0325425863265991,0.00011614753717312706
997,82.13166046142578,82.13166046142578,0.9580643773078918,211.29483032226562,211.29483032226562,0.11580326408147812,1.0320193767547607,0.00011551592203844503
998,82.15074920654297,82.15074920654297,0.9569142460823059,211.33021545410156,211.33021545410156,0.11583442240953445,1.0318641662597656,0.00011488711346178371
999,82.19111251831055,82.19111251831055,0.957527756690979,210.46157836914062,210.46157836914062,0.11568602919578552,1.0316828489303589,0.00011426111575292664
1000,82.20196533203125,82.20196533203125,0.9567413330078125,209.0538787841797,209.0538787841797,0.1156032532453537,1.030994176864624,0.00011363793320239197
1001,81.97719192504883,81.97719192504883,0.9567583799362183,210.49253845214844,210.49253845214844,0.11571542918682098,1.0313522815704346,0.00011301757008140304
1002,81.9905014038086,81.9905014038086,0.9569178223609924,210.97032165527344,210.97032165527344,0.11567555367946625,1.0308698415756226,0.00011240003064185949
1003,82.1828384399414,82.1828384399414,0.9579272270202637,209.04721069335938,209.04721069335938,0.11586977541446686,1.0316274166107178,0.00011178531911630718
1004,82.02709579467773,82.02709579467773,0.9581319093704224,210.12396240234375,210.12396240234375,0.11592385172843933,1.0322331190109253,0.0001111734397179102
1005,81.97360229492188,81.97360229492188,0.9576757848262787,210.10755920410156,210.10755920410156,0.11587698012590408,1.0318920612335205,0.00011056439664042159
1006,81.82575607299805,81.82575607299805,0.9585325717926025,209.30674743652344,209.30674743652344,0.1159435510635376,1.0318678617477417,0.00010995819405815428
1007,81.87967300415039,81.87967300415039,0.9576519131660461,210.01353454589844,210.01353454589844,0.11588640511035919,1.0320062637329102,0.00010935483612595288
1008,81.7640380859375,81.7640380859375,0.9578520655632019,209.53660583496094,209.53660583496094,0.11596284061670303,1.0323389768600464,0.00010875432697916504
1009,81.77460861206055,81.77460861206055,0.9573120474815369,210.20167541503906,210.20167541503906,0.11586230993270874,1.0322662591934204,0.00010815667073361336
1010,81.76441192626953,81.76441192626953,0.9572851061820984,208.14222717285156,208.14222717285156,0.11585716903209686,1.032522439956665,0.00010756187148556673
1011,81.62864685058594,81.62864685058594,0.9570560455322266,210.7123260498047,210.7123260498047,0.11589505523443222,1.0328478813171387,0.00010696993331171266
1012,81.90415954589844,81.90415954589844,0.9568530321121216,211.8763427734375,211.8763427734375,0.11590830981731415,1.0328737497329712,0.00010638086026912896
1013,81.70608139038086,81.70608139038086,0.9565151929855347,209.74563598632812,209.74563598632812,0.11572489142417908,1.0321298837661743,0.0001057946563952565
1014,81.69544219970703,81.69544219970703,0.9559130966663361,210.33665466308594,210.33665466308594,0.11573584377765656,1.0321893692016602,0.00010521132570787084
1015,81.62006378173828,81.62006378173828,0.955736517906189,209.57179260253906,209.57179260253906,0.11576436460018158,1.0318918228149414,0.00010463087220505528
1016,81.5628433227539,81.5628433227539,0.9563222825527191,211.1807403564453,211.1807403564453,0.11559738218784332,1.031836748123169,0.00010405329986517322
1017,81.53487014770508,81.53487014770508,0.9549798667430878,210.17091369628906,210.17091369628906,0.11557991057634354,1.031716227531433,0.00010347861264684072
1018,81.39417266845703,81.39417266845703,0.955226480960846,209.13211059570312,209.13211059570312,0.11554751545190811,1.0313462018966675,0.00010290681448889955
1019,81.36631393432617,81.36631393432617,0.9551287889480591,209.9836883544922,209.9836883544922,0.11559433490037918,1.0318896770477295,0.00010233790931039032
1020,81.28265380859375,81.28265380859375,0.9554626941680908,209.85919189453125,209.85919189453125,0.11556507647037506,1.0313607454299927,0.0001017719010105255
1021,81.23294448852539,81.23294448852539,0.9551645815372467,209.3398895263672,209.3398895263672,0.1155896782875061,1.0316637754440308,0.00010120879346866256
1022,81.09788131713867,81.09788131713867,0.9552885890007019,209.45468139648438,209.45468139648438,0.11555729061365128,1.0317432880401611,0.00010064859054427746
1023,81.11627960205078,81.11627960205078,0.9553667604923248,208.91696166992188,208.91696166992188,0.11556078493595123,1.0317485332489014,0.00010009129607693832
1024,81.08540725708008,81.08540725708008,0.9554142951965332,210.09475708007812,210.09475708007812,0.11563004553318024,1.0318119525909424,9.953691388627918e-05
1025,80.95452117919922,80.95452117919922,0.955129086971283,207.99160766601562,207.99160766601562,0.11542104929685593,1.030472993850708,9.898544777197328e-05
1026,81.0678596496582,81.0678596496582,0.9556257426738739,208.01014709472656,208.01014709472656,0.11535000801086426,1.0304356813430786,9.843690151370771e-05
1027,80.92588806152344,80.92588806152344,0.9554769396781921,209.107177734375,209.107177734375,0.11539246886968613,1.0307495594024658,9.789127887115725e-05
1028,81.04057693481445,81.04057693481445,0.9550589621067047,208.43544006347656,208.43544006347656,0.11533471941947937,1.0304405689239502,9.734858358395826e-05
1029,80.95901107788086,80.95901107788086,0.9555584192276001,208.10653686523438,208.10653686523438,0.11518128216266632,1.0301001071929932,9.680881937168352e-05
1030,80.90466690063477,80.90466690063477,0.954789936542511,208.6707000732422,208.6707000732422,0.11523927748203278,1.0301166772842407,9.627198993381637e-05
1031,80.78984069824219,80.78984069824219,0.9542205631732941,209.46368408203125,209.46368408203125,0.11519993841648102,1.0298677682876587,9.573809894972587e-05
1032,80.74650955200195,80.74650955200195,0.9540563523769379,207.87916564941406,207.87916564941406,0.11508100479841232,1.0295082330703735,9.520715007864097e-05
1033,80.74508666992188,80.74508666992188,0.9536393880844116,207.48284912109375,207.48284912109375,0.11520154029130936,1.0300745964050293,9.46791469596257e-05
1034,80.74186325073242,80.74186325073242,0.9540925025939941,208.2382354736328,208.2382354736328,0.11536938697099686,1.0309194326400757,9.415409321155435e-05
1035,80.64285659790039,80.64285659790039,0.9542514979839325,208.41041564941406,208.41041564941406,0.11521893739700317,1.030411720275879,9.363199243308662e-05
1036,80.58718490600586,80.58718490600586,0.9536844491958618,207.7482452392578,207.7482452392578,0.11518754065036774,1.0301154851913452,9.31128482026426e-05
1037,80.5743179321289,80.5743179321289,0.9538545906543732,207.32467651367188,207.32467651367188,0.11508308351039886,1.0294795036315918,9.259666407837888e-05
1038,80.47551727294922,80.47551727294922,0.9541842937469482,207.4943389892578,207.4943389892578,0.11508828401565552,1.0295686721801758,9.208344359816365e-05
1039,80.46852493286133,80.46852493286133,0.9538861215114594,208.23973083496094,208.23973083496094,0.11498425900936127,1.0293452739715576,9.157319027955257e-05
1040,80.42327117919922,80.42327117919922,0.9537660181522369,207.21160888671875,207.21160888671875,0.1149783581495285,1.0289860963821411,9.106590761976478e-05
1041,80.55358123779297,80.55358123779297,0.9540883600711823,206.96563720703125,206.96563720703125,0.11516676843166351,1.029970645904541,9.056159909565868e-05
1042,80.47477722167969,80.47477722167969,0.9543367624282837,206.47808837890625,206.47808837890625,0.11517135053873062,1.029966115951538,9.006026816370866e-05
1043,80.29058837890625,80.29058837890625,0.9544007480144501,207.10369873046875,207.10369873046875,0.1151692122220993,1.0297037363052368,8.956191825998066e-05
1044,80.31634902954102,80.31634902954102,0.9540835022926331,207.4454345703125,207.4454345703125,0.11505797505378723,1.0292611122131348,8.90665528001092e-05
1045,80.25350952148438,80.25350952148438,0.953910231590271,205.9081268310547,205.9081268310547,0.11512823402881622,1.0294981002807617,8.85741751792735e-05
1046,80.29216384887695,80.29216384887695,0.9541914165019989,205.86898803710938,205.86898803710938,0.11518420279026031,1.0298184156417847,8.808478877217474e-05
1047,80.2817611694336,80.2817611694336,0.9546775817871094,208.0197296142578,208.0197296142578,0.11523639410734177,1.0306146144866943,8.75983969330127e-05
1048,80.14070129394531,80.14070129394531,0.9534403681755066,206.0703582763672,206.0703582763672,0.11502298712730408,1.0291798114776611,8.711500299546234e-05
1049,80.23947525024414,80.23947525024414,0.9534603953361511,206.3204345703125,206.3204345703125,0.11501849442720413,1.0291764736175537,8.663461027265183e-05
1050,80.09885787963867,80.09885787963867,0.9534953534603119,207.6551513671875,207.6551513671875,0.11495572328567505,1.0291147232055664,8.615722205713893e-05
1051,80.08119201660156,80.08119201660156,0.9523885250091553,206.3885498046875,206.3885498046875,0.11489102244377136,1.0283725261688232,8.568284162088912e-05
1052,79.9548110961914,79.9548110961914,0.9525650441646576,206.479248046875,206.479248046875,0.1149398535490036,1.028518795967102,8.521147221525264e-05
1053,80.06420516967773,80.06420516967773,0.9527693390846252,205.35289001464844,205.35289001464844,0.11488918960094452,1.028867483139038,8.474311707094275e-05
1054,79.98895645141602,79.98895645141602,0.9527459442615509,206.5854949951172,206.5854949951172,0.11488956212997437,1.0288314819335938,8.427777939801318e-05
1055,80.0026741027832,80.0026741027832,0.9529305696487427,207.3423614501953,207.3423614501953,0.11484929174184799,1.0286083221435547,8.381546238583621e-05
1056,79.91621780395508,79.91621780395508,0.9527077674865723,205.8699493408203,205.8699493408203,0.1147698163986206,1.0282173156738281,8.335616920308072e-05
1057,79.91968727111816,79.91968727111816,0.9524170458316803,205.53982543945312,205.53982543945312,0.11489857733249664,1.028623104095459,8.289990299769094e-05
1058,79.92290115356445,79.92290115356445,0.9527365565299988,206.78335571289062,206.78335571289062,0.11489933729171753,1.0288093090057373,8.244666689686438e-05
1059,79.82558822631836,79.82558822631836,0.9530041217803955,205.48065185546875,205.48065185546875,0.1148168295621872,1.0285673141479492,8.199646400703035e-05
1060,79.75365447998047,79.75365447998047,0.952821671962738,205.45947265625,205.45947265625,0.11481550335884094,1.0286188125610352,8.154929741382928e-05
1061,79.68684387207031,79.68684387207031,0.9530155658721924,205.7425537109375,205.7425537109375,0.11498885601758957,1.0293514728546143,8.110517018209074e-05
1062,79.773681640625,79.773681640625,0.9526177942752838,206.3979034423828,206.3979034423828,0.11498280614614487,1.0289571285247803,8.066408535581314e-05
1063,79.6893310546875,79.6893310546875,0.9522025883197784,205.00253295898438,205.00253295898438,0.11474484205245972,1.027618646621704,8.022604595814239e-05
1064,79.58841705322266,79.58841705322266,0.951894998550415,205.2562713623047,205.2562713623047,0.11479447782039642,1.0280749797821045,7.979105499135165e-05
1065,79.52253341674805,79.52253341674805,0.952501505613327,205.478515625,205.478515625,0.11491721868515015,1.0288934707641602,7.935911543682016e-05
1066,79.54924011230469,79.54924011230469,0.9521949887275696,205.48370361328125,205.48370361328125,0.11479184776544571,1.0283455848693848,7.893023025501332e-05
1067,79.54446601867676,79.54446601867676,0.9525052309036255,205.29531860351562,205.29531860351562,0.1147068589925766,1.0275154113769531,7.850440238546205e-05
1068,79.55523681640625,79.55523681640625,0.9520232975482941,206.28958129882812,206.28958129882812,0.11464287340641022,1.0271188020706177,7.808163474674299e-05
1069,79.51273727416992,79.51273727416992,0.951765239238739,205.9380645751953,205.9380645751953,0.11447134613990784,1.0263750553131104,7.766193023645818e-05
1070,79.39649963378906,79.39649963378906,0.9512682259082794,205.65830993652344,205.65830993652344,0.11435209214687347,1.026039481163025,7.724529173121533e-05
1071,79.34024047851562,79.34024047851562,0.9508825540542603,205.22523498535156,205.22523498535156,0.11435026675462723,1.0261478424072266,7.683172208660811e-05
1072,79.31529998779297,79.31529998779297,0.9510949850082397,205.6251678466797,205.6251678466797,0.11443617194890976,1.0267757177352905,7.64212241371966e-05
1073,79.29940223693848,79.29940223693848,0.9510198831558228,204.99176025390625,204.99176025390625,0.11446663737297058,1.0270740985870361,7.601380069648772e-05
1074,79.25116729736328,79.25116729736328,0.9516033828258514,204.6757049560547,204.6757049560547,0.11447595059871674,1.0270187854766846,7.560945455691606e-05
1075,79.17100143432617,79.17100143432617,0.9512244462966919,204.9882354736328,204.9882354736328,0.1145423948764801,1.0274255275726318,7.520818848982493e-05
1076,79.16434478759766,79.16434478759766,0.9507310390472412,203.9119110107422,203.9119110107422,0.11454221606254578,1.027599573135376,7.481000524544694e-05
1077,79.24124908447266,79.24124908447266,0.9505570828914642,204.04014587402344,204.04014587402344,0.11459189653396606,1.028075933456421,7.441490755288545e-05
1078,79.14871597290039,79.14871597290039,0.9506777822971344,204.5303497314453,204.5303497314453,0.11452504992485046,1.0275979042053223,7.40228981200958e-05
1079,79.06355857849121,79.06355857849121,0.9507750272750854,204.97288513183594,204.97288513183594,0.11444281786680222,1.0270367860794067,7.363397963386676e-05
1080,79.04640197753906,79.04640197753906,0.9509979486465454,204.36924743652344,204.36924743652344,0.1143738329410553,1.0270030498504639,7.324815475980216e-05
1081,79.02075576782227,79.02075576782227,0.9503599107265472,203.97479248046875,203.97479248046875,0.11438106000423431,1.0268871784210205,7.286542614230237e-05
1082,79.02417373657227,79.02417373657227,0.9503364562988281,205.226318359375,205.226318359375,0.1143476590514183,1.026677131652832,7.248579640454658e-05
1083,78.91598892211914,78.91598892211914,0.9501070976257324,203.71653747558594,203.71653747558594,0.1142045333981514,1.0261329412460327,7.21092681484745e-05
1084,78.88681411743164,78.88681411743164,0.9501349627971649,204.49212646484375,204.49212646484375,0.11425217986106873,1.0264010429382324,7.173584395476858e-05
1085,78.97774505615234,78.97774505615234,0.9501995742321014,206.37440490722656,206.37440490722656,0.11432528495788574,1.0268604755401611,7.136552638283643e-05
1086,79.00255966186523,79.00255966186523,0.9501185417175293,204.7372283935547,204.7372283935547,0.11416503041982651,1.0257723331451416,7.099831797079326e-05
1087,78.85074615478516,78.85074615478516,0.9498201012611389,203.81057739257812,203.81057739257812,0.11415821313858032,1.0254278182983398,7.063422123544448e-05
1088,79.01230239868164,79.01230239868164,0.9501069784164429,203.11004638671875,203.11004638671875,0.11415331065654755,1.0251362323760986,7.027323867226813e-05
1089,78.8072395324707,78.8072395324707,0.9494207799434662,204.49847412109375,204.49847412109375,0.11414804309606552,1.0252938270568848,6.99153727553985e-05
1090,78.76945495605469,78.76945495605469,0.9493661224842072,203.84031677246094,203.84031677246094,0.11416050046682358,1.0252177715301514,6.956062593760838e-05
1091,78.7415657043457,78.7415657043457,0.949688047170639,202.53634643554688,202.53634643554688,0.11417592316865921,1.0253639221191406,6.920900065029282e-05
1092,78.68915557861328,78.68915557861328,0.9495095312595367,203.58078002929688,203.58078002929688,0.11425849795341492,1.0261051654815674,6.886049930345211e-05
1093,78.62060165405273,78.62060165405273,0.9493791460990906,203.39532470703125,203.39532470703125,0.11431758105754852,1.0262987613677979,6.851512428567553e-05
1094,78.7206802368164,78.7206802368164,0.9497850239276886,203.6223602294922,203.6223602294922,0.11439047008752823,1.0265989303588867,6.817287796412468e-05
1095,78.70248413085938,78.70248413085938,0.9497867822647095,204.42750549316406,204.42750549316406,0.1143854632973671,1.0264884233474731,6.783376268451766e-05
1096,78.66344833374023,78.66344833374023,0.9492840468883514,204.72540283203125,204.72540283203125,0.11428022384643555,1.025748610496521,6.749778077111247e-05
1097,78.62479782104492,78.62479782104492,0.9487802088260651,203.37744140625,203.37744140625,0.11410433053970337,1.025193214416504,6.716493452669165e-05
1098,78.5742416381836,78.5742416381836,0.948454737663269,203.80650329589844,203.80650329589844,0.11403971910476685,1.0251299142837524,6.683522623254604e-05
1099,78.63867950439453,78.63867950439453,0.9484342932701111,203.92510986328125,203.92510986328125,0.11405065655708313,1.0250146389007568,6.650865814845932e-05
1100,78.52906608581543,78.52906608581543,0.9485605359077454,203.97042846679688,203.97042846679688,0.1140255481004715,1.024479866027832,6.618523251269263e-05
1101,78.546875,78.546875,0.9485567212104797,204.1946563720703,204.1946563720703,0.11417754739522934,1.02524995803833,6.586495154196912e-05
1102,78.52253913879395,78.52253913879395,0.9490145742893219,203.73599243164062,203.73599243164062,0.11435049772262573,1.0259381532669067,6.554781743145862e-05
1103,78.49238204956055,78.49238204956055,0.9495302140712738,202.47308349609375,202.47308349609375,0.11424848437309265,1.0255608558654785,6.523383235476278e-05
1104,78.45075225830078,78.45075225830078,0.9495414197444916,202.54562377929688,202.54562377929688,0.11421585083007812,1.0251678228378296,6.49229984639003e-05
1105,78.39880561828613,78.39880561828613,0.9493749141693115,203.3626251220703,203.3626251220703,0.11424437910318375,1.0253087282180786,6.461531788929177e-05
1106,78.36387252807617,78.36387252807617,0.9492929577827454,202.98681640625,202.98681640625,0.11417389661073685,1.0250139236450195,6.431079273974535e-05
1107,78.29147338867188,78.29147338867188,0.9493406116962433,202.3407745361328,202.3407745361328,0.11420044302940369,1.025048017501831,6.400942510244239e-05
1108,78.23496627807617,78.23496627807617,0.9487102627754211,203.00732421875,203.00732421875,0.11415725946426392,1.0250698328018188,6.371121704292297e-05
1109,78.20810508728027,78.20810508728027,0.9491091668605804,202.7863311767578,202.7863311767578,0.11415314674377441,1.024890661239624,6.341617060507163e-05
1110,78.156494140625,78.156494140625,0.9491133093833923,203.1321258544922,203.1321258544922,0.11397706717252731,1.0244371891021729,6.312428781110369e-05
1111,78.12100219726562,78.12100219726562,0.9487411975860596,203.2091522216797,203.2091522216797,0.11392182856798172,1.0242490768432617,6.283557066155111e-05
1112,78.15605163574219,78.15605163574219,0.9484474956989288,202.78070068359375,202.78070068359375,0.11382979154586792,1.0237140655517578,6.255002113524892e-05
1113,78.14820861816406,78.14820861816406,0.9484092593193054,202.6213836669922,202.6213836669922,0.11376616358757019,1.0235340595245361,6.226764118932163e-05
1114,78.11386108398438,78.11386108398438,0.948354035615921,203.28775024414062,203.28775024414062,0.11382025480270386,1.023701548576355,6.198843275916973e-05
1115,78.09579849243164,78.09579849243164,0.9478844702243805,203.30355834960938,203.30355834960938,0.11385052651166916,1.0240583419799805,6.171239775845655e-05
1116,78.06429672241211,78.06429672241211,0.9481388926506042,202.4386749267578,202.4386749267578,0.11394903808832169,1.0242687463760376,6.143953807909508e-05
1117,78.0215072631836,78.0215072631836,0.9481880962848663,202.0603485107422,202.0603485107422,0.11401861160993576,1.024672508239746,6.116985559123498e-05
1118,77.96729278564453,77.96729278564453,0.948622077703476,201.9669952392578,201.9669952392578,0.11391767859458923,1.0245800018310547,6.090335214324984e-05
1119,77.91559219360352,77.91559219360352,0.9483374655246735,202.37469482421875,202.37469482421875,0.11394663155078888,1.0248113870620728,6.064002956172453e-05
1120,77.9308967590332,77.9308967590332,0.9484415352344513,202.33006286621094,202.33006286621094,0.11395452916622162,1.024953007698059,6.037988965144241e-05
1121,77.85813903808594,77.85813903808594,0.948551207780838,201.94400024414062,201.94400024414062,0.11387865245342255,1.024595856666565,6.012293419537334e-05
1122,77.87374496459961,77.87374496459961,0.9480365514755249,201.89939880371094,201.89939880371094,0.1138928234577179,1.0243885517120361,5.986916495466128e-05
1123,77.81011581420898,77.81011581420898,0.9480973184108734,202.02212524414062,202.02212524414062,0.11390765011310577,1.0243502855300903,5.961858366861222e-05
1124,77.74210739135742,77.74210739135742,0.947640061378479,201.9047088623047,201.9047088623047,0.11375169456005096,1.0236728191375732,5.937119205468223e-05
1125,77.70976638793945,77.70976638793945,0.9473039209842682,201.8758544921875,201.8758544921875,0.1137838065624237,1.023792028427124,5.91269918084656e-05
1126,77.68114852905273,77.68114852905273,0.9471152722835541,201.7211456298828,201.7211456298828,0.11378683149814606,1.0239520072937012,5.8885984603683615e-05
1127,77.67235946655273,77.67235946655273,0.9472575187683105,201.9643096923828,201.9643096923828,0.1137157529592514,1.0236313343048096,5.864817209217264e-05
1128,77.78352546691895,77.78352546691895,0.9468298554420471,202.78839111328125,202.78839111328125,0.11364008486270905,1.0234732627868652,5.8413555903872954e-05
1129,77.67541122436523,77.67541122436523,0.946615993976593,202.194091796875,202.194091796875,0.11357323825359344,1.0230714082717896,5.818213764681764e-05
1130,77.59675979614258,77.59675979614258,0.946707546710968,202.71275329589844,202.71275329589844,0.11355732381343842,1.0230138301849365,5.795391890712165e-05
1131,77.66437149047852,77.66437149047852,0.9467483162879944,201.73806762695312,201.73806762695312,0.11355514824390411,1.0230708122253418,5.772890124897052e-05
1132,77.5709342956543,77.5709342956543,0.9470826387405396,202.33914184570312,202.33914184570312,0.11357921361923218,1.0233449935913086,5.750708621461015e-05
1133,77.53667449951172,77.53667449951172,0.9469527006149292,201.76449584960938,201.76449584960938,0.11360874772071838,1.0232524871826172,5.7288475324335926e-05
1134,77.57013320922852,77.57013320922852,0.9466901123523712,201.6723175048828,201.6723175048828,0.11356295645236969,1.0230287313461304,5.707307007648245e-05
1135,77.5313606262207,77.5313606262207,0.946683794260025,200.70574951171875,200.70574951171875,0.11349734663963318,1.0227274894714355,5.686087194741311e-05
1136,77.45397186279297,77.45397186279297,0.9466039836406708,201.40411376953125,201.40411376953125,0.11350612342357635,1.0227820873260498,5.665188239151017e-05
1137,77.41255187988281,77.41255187988281,0.9463813304901123,201.29945373535156,201.29945373535156,0.1134856790304184,1.0226635932922363,5.64461028411647e-05
1138,77.41386032104492,77.41386032104492,0.946415901184082,201.34759521484375,201.34759521484375,0.1134738102555275,1.0228745937347412,5.624353470676659e-05
1139,77.35977935791016,77.35977935791016,0.9465906620025635,201.0675811767578,201.0675811767578,0.11346621066331863,1.0229017734527588,5.604417937669519e-05
1140,77.38360214233398,77.38360214233398,0.946772575378418,200.70614624023438,200.70614624023438,0.11349844932556152,1.023037075996399,5.5848038217309645e-05
1141,77.39016723632812,77.39016723632812,0.9468437433242798,201.16368103027344,201.16368103027344,0.1134803295135498,1.0229997634887695,5.565511257293943e-05
1142,77.3308334350586,77.3308334350586,0.946679562330246,201.92529296875,201.92529296875,0.11349545419216156,1.023216724395752,5.546540376587535e-05
1143,77.32209014892578,77.32209014892578,0.9458446800708771,201.3952178955078,201.3952178955078,0.11344235390424728,1.0228883028030396,5.5278913096360385e-05
1144,77.33488845825195,77.33488845825195,0.9458778500556946,200.21514892578125,200.21514892578125,0.11344200372695923,1.0226765871047974,5.509564184258057e-05
1145,77.29867935180664,77.29867935180664,0.9463081657886505,200.56753540039062,200.56753540039062,0.11337161809206009,1.0226080417633057,5.491559126065666e-05
1146,77.23347473144531,77.23347473144531,0.9461556375026703,200.90423583984375,200.90423583984375,0.11335386335849762,1.0227289199829102,5.473876258463519e-05
1147,77.23335647583008,77.23335647583008,0.9459718763828278,201.21270751953125,201.21270751953125,0.11328265070915222,1.022236943244934,5.4565157026480045e-05
1148,77.242431640625,77.242431640625,0.9458278715610504,200.97312927246094,200.97312927246094,0.11322635412216187,1.0218358039855957,5.4394775776064313e-05
1149,77.15677642822266,77.15677642822266,0.9460569620132446,200.72740173339844,200.72740173339844,0.11325210332870483,1.0221368074417114,5.4227620001162025e-05
1150,77.14067459106445,77.14067459106445,0.946113795042038,200.6364288330078,200.6364288330078,0.11320149898529053,1.0218998193740845,5.406369084744009e-05
1151,77.12578964233398,77.12578964233398,0.945908784866333,200.46786499023438,200.46786499023438,0.11308075487613678,1.0211052894592285,5.3902989438450625e-05
1152,77.10500717163086,77.10500717163086,0.9457565546035767,200.11451721191406,200.11451721191406,0.11311468482017517,1.0211323499679565,5.374551687562308e-05
1153,77.06953430175781,77.06953430175781,0.9457398056983948,200.696044921875,200.696044921875,0.11312991380691528,1.0214176177978516,5.359127423825671e-05
1154,77.11297988891602,77.11297988891602,0.9454219341278076,201.1352996826172,201.1352996826172,0.1130823940038681,1.021430492401123,5.344026258351339e-05
1155,77.0317153930664,77.0317153930664,0.9455548524856567,199.9269561767578,199.9269561767578,0.11312304437160492,1.0215027332305908,5.3292482946410026e-05
1156,77.01673126220703,77.01673126220703,0.9457198977470398,200.22862243652344,200.22862243652344,0.11311542987823486,1.0215637683868408,5.31479363398117e-05
1157,76.98221778869629,76.98221778869629,0.9455702900886536,200.8614959716797,200.8614959716797,0.11312048137187958,1.0217342376708984,5.3006623754424726e-05
1158,76.96090316772461,76.96090316772461,0.9453832805156708,200.41944885253906,200.41944885253906,0.11313266307115555,1.0216615200042725,5.2868546158789644e-05
1159,76.96377944946289,76.96377944946289,0.9456223845481873,200.1566162109375,200.1566162109375,0.11312021315097809,1.0216970443725586,5.2733704499274955e-05
1160,76.91589546203613,76.91589546203613,0.9457108080387115,200.07778930664062,200.07778930664062,0.11306191980838776,1.0213489532470703,5.260209970007019e-05
1161,76.95550155639648,76.95550155639648,0.9452382326126099,200.50035095214844,200.50035095214844,0.11304327100515366,1.0214412212371826,5.2473732663179926e-05
1162,76.94511795043945,76.94511795043945,0.9452678561210632,199.90708923339844,199.90708923339844,0.11305895447731018,1.0213689804077148,5.234860426841754e-05
1163,76.86393356323242,76.86393356323242,0.9454421997070312,200.2965545654297,200.2965545654297,0.11308307945728302,1.021610140800476,5.2226715373398944e-05
1164,76.86848449707031,76.86848449707031,0.9454431533813477,199.87423706054688,199.87423706054688,0.11303383857011795,1.021319031715393,5.2108066813537e-05
1165,76.80179977416992,76.80179977416992,0.9453105032444,199.52210998535156,199.52210998535156,0.11295287311077118,1.0206407308578491,5.199265940203566e-05
1166,76.82641220092773,76.82641220092773,0.9452957212924957,199.78927612304688,199.78927612304688,0.11296315491199493,1.0207220315933228,5.188049392988447e-05
1167,76.80280685424805,76.80280685424805,0.9449954926967621,200.14476013183594,200.14476013183594,0.1129537895321846,1.020866870880127,5.1771571165852905e-05
1168,76.84708023071289,76.84708023071289,0.9447669386863708,200.2450714111328,200.2450714111328,0.1129826009273529,1.0209062099456787,5.1665891856485427e-05
1169,76.79882049560547,76.79882049560547,0.9446125030517578,199.5247039794922,199.5247039794922,0.11300072073936462,1.0208770036697388,5.156345672609624e-05
1170,76.73136520385742,76.73136520385742,0.9450279772281647,200.11788940429688,200.11788940429688,0.11314985156059265,1.021576166152954,5.146426647676422e-05
1171,76.78419494628906,76.78419494628906,0.9453383386135101,199.8591766357422,199.8591766357422,0.11325419694185257,1.0219507217407227,5.1368321788328216e-05
1172,76.68269729614258,76.68269729614258,0.9455494284629822,199.04812622070312,199.04812622070312,0.11327140033245087,1.022316575050354,5.127562331838241e-05
1173,76.65556335449219,76.65556335449219,0.9454314410686493,199.05101013183594,199.05101013183594,0.11327555030584335,1.0224313735961914,5.118617170227173e-05
1174,76.65434265136719,76.65434265136719,0.9454935789108276,198.7866668701172,198.7866668701172,0.11329075694084167,1.0224026441574097,5.109996755308749e-05
1175,76.66908264160156,76.66908264160156,0.9457350373268127,199.5395050048828,199.5395050048828,0.11329050362110138,1.022071123123169,5.101701146166335e-05
1176,76.62874984741211,76.62874984741211,0.9452701210975647,199.39910888671875,199.39910888671875,0.11316918581724167,1.0213491916656494,5.093730399657101e-05
1177,76.60457611083984,76.60457611083984,0.9452811479568481,199.23953247070312,199.23953247070312,0.11321216821670532,1.0214442014694214,5.086084570411652e-05
1178,76.58218002319336,76.58218002319336,0.9450608491897583,199.2979736328125,199.2979736328125,0.11322704702615738,1.0215572118759155,5.0787637108336547e-05
1179,76.54737854003906,76.54737854003906,0.9453394711017609,198.60084533691406,198.60084533691406,0.11321942508220673,1.0216325521469116,5.071767871099448e-05
1180,76.53147888183594,76.53147888183594,0.9454486966133118,198.52291870117188,198.52291870117188,0.11328567564487457,1.0218558311462402,5.0650970991577424e-05
1181,76.50707626342773,76.50707626342773,0.9450681507587433,199.447509765625,199.447509765625,0.11326399445533752,1.021748661994934,5.058751440729254e-05
1182,76.45136642456055,76.45136642456055,0.9446963369846344,199.07107543945312,199.07107543945312,0.11319509148597717,1.0214459896087646,5.0527309393064295e-05
1183,76.42891311645508,76.42891311645508,0.9448317885398865,198.46160888671875,198.46160888671875,0.11319778114557266,1.021333932876587,5.047035636153093e-05
1184,76.41388702392578,76.41388702392578,0.9446243047714233,199.05670166015625,199.05670166015625,0.11320217698812485,1.0215425491333008,5.0416655703042264e-05
1185,76.39995574951172,76.39995574951172,0.9441542327404022,198.50816345214844,198.50816345214844,0.1131168007850647,1.0211741924285889,5.036620778565662e-05
1186,76.34778213500977,76.34778213500977,0.944181352853775,198.77267456054688,198.77267456054688,0.11310917139053345,1.02093505859375,5.031901295513829e-05
1187,76.37043380737305,76.37043380737305,0.9444652199745178,198.91175842285156,198.91175842285156,0.1131151020526886,1.0209436416625977,5.027507153495538e-05
1188,76.35509872436523,76.35509872436523,0.9440873265266418,199.20018005371094,199.20018005371094,0.11305594444274902,1.0209325551986694,5.023438382627749e-05
1189,76.38640213012695,76.38640213012695,0.9439407587051392,198.96202087402344,198.96202087402344,0.11306659132242203,1.0210685729980469,5.019695010797366e-05
1190,76.29329490661621,76.29329490661621,0.9440488219261169,198.91566467285156,198.91566467285156,0.11304570734500885,1.0207598209381104,5.01627706366103e-05
1191,76.23711395263672,76.23711395263672,0.9438084959983826,199.15782165527344,199.15782165527344,0.11296814680099487,1.020525336265564,5.0131845646449734e-05
1192,76.23109436035156,76.23109436035156,0.9437630474567413,199.57823181152344,199.57823181152344,0.11300501972436905,1.0207090377807617,5.010417534944839e-05
1193,76.26313209533691,76.26313209533691,0.9440312385559082,198.95379638671875,198.95379638671875,0.11305300146341324,1.0208449363708496,5.0079759935255375e-05
1194,76.22881698608398,76.22881698608398,0.9442056715488434,198.70596313476562,198.70596313476562,0.11300362646579742,1.0207895040512085,5.005859957121122e-05
1195,76.13931655883789,76.13931655883789,0.9444753527641296,198.64549255371094,198.64549255371094,0.11298896372318268,1.0207524299621582,5.0040694402346674e-05
1196,76.14364624023438,76.14364624023438,0.9445526003837585,198.78134155273438,198.78134155273438,0.11293492466211319,1.0204734802246094,5.0026044551381734e-05
1197,76.20001602172852,76.20001602172852,0.944506049156189,199.2788543701172,199.2788543701172,0.11284632235765457,1.0199334621429443,5.001465011872491e-05
1198,76.21422576904297,76.21422576904297,0.9440843462944031,199.18170166015625,199.18170166015625,0.112881138920784,1.0202174186706543,5.0006511182472296e-05
1199,76.14370727539062,76.14370727539062,0.9442576169967651,198.6117706298828,198.6117706298828,0.11290939152240753,1.0204870700836182,5.000162779840723e-05
1200,76.13331985473633,76.13331985473633,0.9443836510181427,198.33351135253906,198.33351135253906,0.11288648098707199,1.0206303596496582,5e-05
