epoch,train_pde_mse,train_pde_mse_absolute,train_state_rel_l2,val_pde_mse,val_pde_mse_absolute,val_state_mse,val_state_rel_l2,lr
1,1.0665443539619446,12202.0537109375,1.0404993295669556,1.3469024896621704,15409.5595703125,0.2998160421848297,0.9915904998779297,0.0009999983722015927
2,0.9813065528869629,11226.8720703125,1.0212872624397278,1.2322683334350586,14098.05859375,0.2854672074317932,0.9687053561210632,0.0009999934888175275
3,0.8904742300510406,10187.683349609375,1.003217339515686,1.0940823554992676,12517.109375,0.26862120628356934,0.9401605129241943,0.0009999853498812749
4,0.75946444272995,8688.834228515625,0.9784303903579712,0.9348176717758179,10695.0048828125,0.2503984570503235,0.9082552194595337,0.000999973955448618
5,0.626322478055954,7165.59228515625,0.9574753642082214,0.7866413593292236,8999.7578125,0.23652350902557373,0.8830209374427795,0.000999959305597653
6,0.5279835015535355,6040.5211181640625,0.961813360452652,0.690549910068512,7900.400390625,0.24161386489868164,0.8944742679595947,0.0009999414004287885
7,0.4518425464630127,5169.412353515625,1.0105699002742767,0.5935531854629517,6790.68798828125,0.2829647660255432,0.9786508679389954,0.0009999202400647444
8,0.38579773902893066,4413.8115234375,1.1371278762817383,0.4892232120037079,5597.07470703125,0.3680514097213745,1.1375396251678467,0.0009998958246505512
9,0.33942656219005585,3883.2901611328125,1.3241528868675232,0.4225338101387024,4834.09814453125,0.49542954564094543,1.3435673713684082,0.0009998681543535498
10,0.30927594006061554,3538.3450927734375,1.5479387640953064,0.3957310914993286,4527.4560546875,0.6547319889068604,1.5638210773468018,0.0009998372293633891
11,0.29729732125997543,3401.300537109375,1.786117672920227,0.3743149936199188,4282.43994140625,0.856619656085968,1.8055789470672607,0.000999803049892026
12,0.2861967906355858,3274.302734375,2.034371316432953,0.3590920865535736,4108.27880859375,1.0884718894958496,2.047893524169922,0.000999765616173722
13,0.27796587347984314,3180.135009765625,2.275567650794983,0.3539634943008423,4049.603271484375,1.3136119842529297,2.2572808265686035,0.000999724928465044
14,0.2769303321838379,3168.287353515625,2.481293201446533,0.3532949686050415,4041.955322265625,1.4892879724502563,2.4071600437164307,0.000999680987044861
15,0.275943398475647,3156.996337890625,2.6191227436065674,0.34746938943862915,3975.305908203125,1.569859504699707,2.4718337059020996,0.0009996337922143427
16,0.27219851315021515,3114.152099609375,2.6709996461868286,0.34163063764572144,3908.507080078125,1.5751935243606567,2.4738006591796875,0.000999583344296957
17,0.26739098131656647,3059.150146484375,2.6681783199310303,0.33541637659072876,3837.41064453125,1.5452924966812134,2.4456992149353027,0.0009995296436384681
18,0.26067788898944855,2982.34765625,2.643566608428955,0.3315087854862213,3792.705078125,1.4997459650039673,2.4023678302764893,0.0009994726906069349
19,0.25468041002750397,2913.731689453125,2.601192831993103,0.32961300015449524,3771.015869140625,1.4367060661315918,2.341700315475464,0.0009994124855927063
20,0.250855416059494,2869.9710693359375,2.542481303215027,0.32841113209724426,3757.265869140625,1.3633546829223633,2.2698426246643066,0.0009993490290084214
21,0.24782736599445343,2835.3280029296875,2.4792654514312744,0.3263416290283203,3733.58935546875,1.2916572093963623,2.196847915649414,0.0009992823212890045
22,0.24645807594060898,2819.662353515625,2.4099504947662354,0.3266375660896301,3736.974853515625,1.2449965476989746,2.1451196670532227,0.0009992123628916624
23,0.24474424123764038,2800.0548095703125,2.3734936714172363,0.32411065697669983,3708.065185546875,1.2437665462493896,2.1369283199310303,0.0009991391542958825
24,0.2429463416337967,2779.485595703125,2.3781707286834717,0.322689414024353,3691.80517578125,1.2639203071594238,2.1490979194641113,0.000999062696003428
25,0.24089555442333221,2756.0230712890625,2.3963801860809326,0.3203769326210022,3665.348876953125,1.2781096696853638,2.1588706970214844,0.0009989829885383356
26,0.2383044883608818,2726.37939453125,2.399653911590576,0.31538790464401245,3608.2705078125,1.2643907070159912,2.1461234092712402,0.0009989000324469113
27,0.23614297807216644,2701.6502685546875,2.3917617797851562,0.3095467984676361,3541.44384765625,1.2566629648208618,2.141458034515381,0.000998813828297727
28,0.23429258912801743,2680.480224609375,2.3851970434188843,0.3050009310245514,3489.435546875,1.2521185874938965,2.1387627124786377,0.0009987243766816161
29,0.23171775043010712,2651.0220947265625,2.382497549057007,0.30589568614959717,3499.672607421875,1.2495579719543457,2.1355361938476562,0.0009986316782116702
30,0.22998622059822083,2631.2120361328125,2.3742809295654297,0.3040374219417572,3478.412353515625,1.2265796661376953,2.1146740913391113,0.0009985357335232344
31,0.227718748152256,2605.2708740234375,2.343761682510376,0.30243223905563354,3460.048095703125,1.1810462474822998,2.0741803646087646,0.0009984365432739021
32,0.22516681253910065,2576.074462890625,2.306300401687622,0.2998405694961548,3430.3974609375,1.15289306640625,2.0484747886657715,0.0009983341081435128
33,0.22371897101402283,2559.5101318359375,2.2846211194992065,0.29802206158638,3409.592529296875,1.133685827255249,2.0299928188323975,0.0009982284288341454
34,0.22067027539014816,2524.6309814453125,2.2616034746170044,0.2946954369544983,3371.533447265625,1.1065253019332886,2.0040736198425293,0.0009981195060701138
35,0.21859726309776306,2500.914306640625,2.233482599258423,0.29193904995918274,3339.998046875,1.080538272857666,1.9795997142791748,0.0009980073405979624
36,0.21601071953773499,2471.322021484375,2.2095688581466675,0.2878934442996979,3293.71337890625,1.0613298416137695,1.9616098403930664,0.000997891933186461
37,0.21324606984853745,2439.6923828125,2.195105791091919,0.28478655219078064,3258.168701171875,1.0601056814193726,1.9620821475982666,0.000997773284626599
38,0.2114984467625618,2419.6983642578125,2.1985026597976685,0.2849249541759491,3259.751708984375,1.0570441484451294,1.9595705270767212,0.0009976513957315803
39,0.20895076543092728,2390.5509033203125,2.1929744482040405,0.27724453806877136,3171.882568359375,1.0330939292907715,1.9367754459381104,0.0009975262673368177
40,0.20610646903514862,2358.0103759765625,2.1554397344589233,0.2658192217350006,3041.168212890625,0.983608603477478,1.8882462978363037,0.0009973979002999274
41,0.2031766176223755,2324.4906005859375,2.108081579208374,0.26397407054901123,3020.05859375,0.9525478482246399,1.8577604293823242,0.0009972662955007225
42,0.19995255023241043,2287.6049194335938,2.082163393497467,0.2688259780406952,3075.567626953125,0.9317278861999512,1.8361713886260986,0.000997131453841208
43,0.19765189290046692,2261.2833251953125,2.052129089832306,0.2613111138343811,2989.592041015625,0.8933206796646118,1.7961077690124512,0.0009969933762455727
44,0.19339103251695633,2212.5360717773438,2.0162962675094604,0.25158461928367615,2878.313720703125,0.8673742413520813,1.7707810401916504,0.0009968520636601855
45,0.19306158274412155,2208.7669677734375,1.9796059131622314,0.24858860671520233,2844.036865234375,0.8382213115692139,1.740209937095642,0.0009967075170535873
46,0.1890585795044899,2162.9697265625,1.959202229976654,0.24876926839351654,2846.10400390625,0.8407413959503174,1.7459741830825806,0.000996559737416484
47,0.18550851941108704,2122.3546142578125,1.9528166055679321,0.2470526248216629,2826.464111328125,0.8085665702819824,1.7116930484771729,0.0009964087257617405
48,0.18287739157676697,2092.252197265625,1.9156809449195862,0.24284671247005463,2778.345703125,0.779924750328064,1.6808362007141113,0.0009962544831243743
49,0.17990132421255112,2058.2041015625,1.8788360953330994,0.2378220111131668,2720.859375,0.7448537945747375,1.639227271080017,0.0009960970105615467
50,0.17774159461259842,2033.4951171875,1.8405523300170898,0.2340553104877472,2677.765869140625,0.716576099395752,1.6041078567504883,0.0009959363091525573
51,0.17563103139400482,2009.3486938476562,1.8054821491241455,0.2306436002254486,2638.733154296875,0.7028292417526245,1.587428092956543,0.0009957723799988354
52,0.17086676508188248,1954.842041015625,1.8010149002075195,0.23294231295585632,2665.031982421875,0.7058039307594299,1.5918362140655518,0.000995605224223933
53,0.16828636080026627,1925.3203735351562,1.7947370409965515,0.2321266233921051,2655.7001953125,0.6687835454940796,1.5431153774261475,0.0009954348429735173
54,0.16562782227993011,1894.9047241210938,1.7450230717658997,0.22867123782634735,2616.167724609375,0.6330212354660034,1.4949442148208618,0.000995261237415362
55,0.16210070252418518,1854.5518188476562,1.69517183303833,0.22442838549613953,2567.62646484375,0.6005001068115234,1.4508631229400635,0.0009950844087393406
56,0.16023971140384674,1833.2606811523438,1.659001111984253,0.22315478324890137,2553.0556640625,0.5985875129699707,1.4473936557769775,0.0009949043581574167
57,0.15836235135793686,1811.7822875976562,1.6548981666564941,0.22071924805641174,2525.191162109375,0.5885798335075378,1.4315317869186401,0.000994721086903637
58,0.15490180253982544,1772.1911010742188,1.6448591947555542,0.21479804813861847,2457.447998046875,0.5792876482009888,1.414434552192688,0.0009945345962341218
59,0.1538519486784935,1760.1798706054688,1.6255506873130798,0.21517515182495117,2461.7626953125,0.5596942901611328,1.3825128078460693,0.0009943448874270577
60,0.15248994529247284,1744.5977172851562,1.5938246250152588,0.21142953634262085,2418.909912109375,0.5404131412506104,1.3500559329986572,0.0009941519617826875
61,0.15074455738067627,1724.6290283203125,1.5695677995681763,0.2110837996006012,2414.954833984375,0.5403736233711243,1.348830223083496,0.0009939558206233019
62,0.1485268846154213,1699.2571411132812,1.5672643184661865,0.20609638094902039,2357.89501953125,0.5294631719589233,1.3300344944000244,0.0009937564652932305
63,0.14619138091802597,1672.5374755859375,1.5414813160896301,0.20444348454475403,2338.984375,0.5045620203018188,1.2888948917388916,0.0009935538971588324
64,0.1443239524960518,1651.172607421875,1.5071083903312683,0.20365700125694275,2329.986572265625,0.48805612325668335,1.2599090337753296,0.0009933481176084868
65,0.14228332787752151,1627.8263549804688,1.483213186264038,0.2008889615535736,2298.31787109375,0.4760604798793793,1.2360272407531738,0.0009931391280525838
66,0.13814879208803177,1580.5242309570312,1.4597703218460083,0.19944077730178833,2281.749755859375,0.45626747608184814,1.198575735092163,0.0009929269299235144
67,0.1366140879690647,1562.9661254882812,1.4193058609962463,0.20095689594745636,2299.095458984375,0.43414783477783203,1.1594321727752686,0.0009927115246756608
68,0.13571267575025558,1552.6531982421875,1.3899022936820984,0.192682683467865,2204.43212890625,0.42505478858947754,1.1420774459838867,0.0009924929137853865
69,0.13087022304534912,1497.2518920898438,1.3775097131729126,0.1935209333896637,2214.0224609375,0.42603009939193726,1.1393349170684814,0.0009922710987510263
70,0.1286756843328476,1472.1449584960938,1.3729748725891113,0.19012020528316498,2175.115478515625,0.40721428394317627,1.1073427200317383,0.0009920460810928752
71,0.12481117248535156,1427.931884765625,1.3367934226989746,0.19174589216709137,2193.71435546875,0.38790950179100037,1.0738086700439453,0.000991817862353179
72,0.1235216073691845,1413.1784057617188,1.2983442544937134,0.1894475668668747,2167.419921875,0.3742501735687256,1.0455628633499146,0.0009915864440961236
73,0.12094643712043762,1383.7164306640625,1.287628173828125,0.18635442852973938,2132.0322265625,0.38143420219421387,1.0576773881912231,0.0009913518279078238
74,0.11915461346507072,1363.2166748046875,1.2928481101989746,0.18361639976501465,2100.70703125,0.3702906370162964,1.0341118574142456,0.0009911140153963127
75,0.11668313667178154,1334.941162109375,1.265064299106598,0.18400295078754425,2105.129638671875,0.3501054644584656,0.9919112324714661,0.0009908730081915308
76,0.1148637905716896,1314.1266479492188,1.2218936085700989,0.18398517370224,2104.92626953125,0.3310532569885254,0.9554771184921265,0.000990628807945314
77,0.11199993640184402,1281.3619995117188,1.1943107843399048,0.18436697125434875,2109.294189453125,0.325930118560791,0.9475387334823608,0.000990381416331384
78,0.11124977469444275,1272.7794799804688,1.1762461066246033,0.18842023611068726,2155.666748046875,0.302318274974823,0.9029362797737122,0.0009901308350453348
79,0.10975869372487068,1255.7205200195312,1.1335093975067139,0.18296562135219574,2093.26171875,0.28809428215026855,0.8772425055503845,0.0009898770658046227
80,0.1070890724658966,1225.1780700683594,1.108842134475708,0.17542533576488495,2006.9952392578125,0.2810091972351074,0.8614862561225891,0.0009896201103485537
81,0.1048784963786602,1199.887451171875,1.09737166762352,0.17667526006698608,2021.29541015625,0.2844700515270233,0.8687455654144287,0.0009893599704382716
82,0.1050928458571434,1202.3396606445312,1.1088483333587646,0.17173603177070618,1964.787109375,0.2844756841659546,0.8675116300582886,0.0009890966478567462
83,0.1022365540266037,1169.66162109375,1.0933741927146912,0.1751948595046997,2004.3583984375,0.26818764209747314,0.8347666263580322,0.000988830144408761
84,0.10299403965473175,1178.327880859375,1.060427486896515,0.17030608654022217,1948.427490234375,0.25239473581314087,0.8005191087722778,0.0009885604619209007
85,0.10125451534986496,1158.4263916015625,1.0187788605690002,0.17409484088420868,1991.7735595703125,0.2256535291671753,0.7413530945777893,0.0009882876022415392
86,0.10000364109873772,1144.1155395507812,0.9613241851329803,0.17346890270709991,1984.612060546875,0.21514713764190674,0.7165477275848389,0.0009880115672408262
87,0.09845967963337898,1126.4514770507812,0.9424555003643036,0.17619910836219788,2015.8480224609375,0.21450096368789673,0.7145912051200867,0.0009877323588106742
88,0.0992392748594284,1135.37060546875,0.9306986331939697,0.174184650182724,1992.8009033203125,0.19661441445350647,0.6767371296882629,0.0009874499788647467
89,0.09736942127346992,1113.9780578613281,0.8908111155033112,0.17547903954982758,2007.6099853515625,0.18561115860939026,0.6485649943351746,0.0009871644293384444
90,0.09659457206726074,1105.1131896972656,0.8656949400901794,0.16933070123195648,1937.268310546875,0.18271952867507935,0.6411412358283997,0.0009868757121888917
91,0.09250882267951965,1058.3692016601562,0.8579927682876587,0.18035343289375305,2063.376220703125,0.17714336514472961,0.6268426179885864,0.0009865838293949237
92,0.09317569062113762,1065.9986267089844,0.8390206396579742,0.17146724462509155,1961.7117919921875,0.17057371139526367,0.6089174747467041,0.0009862887829570723
93,0.09061972051858902,1036.7564697265625,0.8167033195495605,0.16589511930942535,1897.962890625,0.1625872701406479,0.5949256420135498,0.000985990574897553
94,0.08974302187561989,1026.7264404296875,0.8007093667984009,0.16345278918743134,1870.0206298828125,0.1631903350353241,0.5986806750297546,0.00098568920726025
95,0.08717255294322968,997.3184204101562,0.7976361513137817,0.1636997014284134,1872.845703125,0.1569739580154419,0.5827559232711792,0.0009853846821107036
96,0.08430984243750572,964.5668334960938,0.77760249376297,0.16117796301841736,1843.9949951171875,0.14958959817886353,0.5664072632789612,0.000985077001536095
97,0.08296902105212212,949.2269287109375,0.754177063703537,0.16002662479877472,1830.8228759765625,0.1431598663330078,0.5541521310806274,0.0009847661676452323
98,0.08181731775403023,936.0505065917969,0.7401358783245087,0.16581301391124725,1897.0234375,0.14546990394592285,0.5604907274246216,0.0009844521825685365
99,0.08049463108181953,920.9180297851562,0.7418347895145416,0.1746806800365448,1998.475830078125,0.14131104946136475,0.5542432069778442,0.000984135048458026
100,0.07859280332922935,899.1597290039062,0.7135380804538727,0.18377698957920074,2102.54443359375,0.128993421792984,0.5400963425636292,0.0009838147674873024
101,0.07851006090641022,898.2130126953125,0.6839715838432312,0.18108084797859192,2071.698486328125,0.12586286664009094,0.5348262786865234,0.0009834913418515358
102,0.07857651636004448,898.9733276367188,0.675059586763382,0.1729225367307663,1978.361572265625,0.12212623655796051,0.5294210910797119,0.000983164773767449
103,0.07808555662631989,893.3564147949219,0.6610274016857147,0.177641823887825,2032.3536376953125,0.11857982724905014,0.5233193635940552,0.0009828350654733033
104,0.07479074597358704,855.661376953125,0.6455128192901611,0.18504483997821808,2117.049560546875,0.11404220014810562,0.5195960402488708,0.0009825022192288823
105,0.07529164850711823,861.3920593261719,0.6359352171421051,0.18379870057106018,2102.79296875,0.11386879533529282,0.524074912071228,0.000982166237315477
106,0.07291842252016068,834.2405395507812,0.6253065764904022,0.17330236732959747,1982.7071533203125,0.109357088804245,0.524398684501648,0.00098182712203587
107,0.07327716052532196,838.3448486328125,0.6060706377029419,0.17125937342643738,1959.3336181640625,0.10177426785230637,0.5213185548782349,0.000981484875714319
108,0.07147718593478203,817.7518005371094,0.5876216292381287,0.1762857586145401,2016.839111328125,0.10077355802059174,0.5166323184967041,0.0009811395006965424
109,0.07141487300395966,817.0388793945312,0.585783451795578,0.18000899255275726,2059.435546875,0.0998794436454773,0.5265012979507446,0.0009807909993497016
110,0.06912922114133835,790.8893432617188,0.5832566022872925,0.17796844244003296,2036.090576171875,0.10040169954299927,0.5297904014587402,0.000980439374062386
111,0.06797653809189796,777.7018127441406,0.5776556432247162,0.18302050232887268,2093.8896484375,0.09683535248041153,0.5326932668685913,0.0009800846272445959
112,0.0676642544567585,774.1290588378906,0.5609064996242523,0.1754300594329834,2007.0494384765625,0.09326016902923584,0.5276508331298828,0.0009797267613277261
113,0.06652193516492844,761.0601196289062,0.5524349510669708,0.18484967947006226,2114.81689453125,0.0930725634098053,0.5361243486404419,0.0009793657787645499
114,0.0672293808311224,769.1536865234375,0.5424621105194092,0.17808863520622253,2037.4656982421875,0.09291981160640717,0.5445481538772583,0.0009790016820292009
115,0.06690916605293751,765.4902954101562,0.5433869361877441,0.17902126908302307,2048.1357421875,0.09331730008125305,0.5433473587036133,0.0009786344736171578
116,0.06465170532464981,739.6632690429688,0.5431409776210785,0.17763447761535645,2032.2694091796875,0.09183267503976822,0.5505048036575317,0.0009782641560452255
117,0.06410035863518715,733.35546875,0.5313156992197037,0.17706716060638428,2025.779296875,0.09155090153217316,0.5564925074577332,0.0009778907318515194
118,0.06228823773562908,712.6233825683594,0.5323694050312042,0.1716238111257553,1963.503173828125,0.09070281684398651,0.5495059490203857,0.0009775142035954472
119,0.06406688503921032,732.9724731445312,0.5270921289920807,0.17318466305732727,1981.3604736328125,0.08831726014614105,0.559116005897522,0.0009771345738576913
120,0.06246625632047653,714.6601257324219,0.5236660093069077,0.1838550567626953,2103.4375,0.09044185280799866,0.5735264420509338,0.0009767518452401915
121,0.06294582411646843,720.1467590332031,0.5236617922782898,0.1663816273212433,1903.5286865234375,0.09063276648521423,0.5660816431045532,0.0009763660203661267
122,0.061604686081409454,704.8031005859375,0.5243190973997116,0.17563265562057495,2009.3673095703125,0.09158159792423248,0.5710828900337219,0.0009759771018798979
123,0.06204459257423878,709.8359985351562,0.5239907503128052,0.17443658411502838,1995.683349609375,0.09070497751235962,0.5727261304855347,0.0009755850924471081
124,0.06036140024662018,690.5789489746094,0.5237399935722351,0.170619934797287,1952.0181884765625,0.08894526213407516,0.5733782052993774,0.0009751899947545466
125,0.05911409482359886,676.3088684082031,0.5191687494516373,0.18105903267860413,2071.448974609375,0.08987551927566528,0.5741783380508423,0.0009747918115101687
126,0.0583138782531023,667.1537780761719,0.5217951536178589,0.16978302597999573,1942.4432373046875,0.08979514241218567,0.5800000429153442,0.0009743905454430774
127,0.05781804956495762,661.4811401367188,0.5207786560058594,0.18154598772525787,2077.020263671875,0.08988705277442932,0.5774751305580139,0.0009739861993035058
128,0.05797855369746685,663.3174743652344,0.5195833444595337,0.15969879925251007,1827.072021484375,0.08937858045101166,0.5809873342514038,0.0009735787758627971
129,0.058124201372265816,664.9837951660156,0.519811362028122,0.1738365739583969,1988.81884765625,0.08999961614608765,0.5862454175949097,0.0009731682779133855
130,0.05817164480686188,665.5265502929688,0.5223386883735657,0.16010600328445435,1831.7308349609375,0.0890917032957077,0.5825862288475037,0.0009727547082687784
131,0.05942290090024471,679.8418273925781,0.5218169689178467,0.19029287993907928,2177.0908203125,0.09228985756635666,0.5951685309410095,0.0009723380697635356
132,0.05933624319732189,678.8503723144531,0.5220640599727631,0.16168349981307983,1849.778564453125,0.09232215583324432,0.5998820066452026,0.0009719183652532508
133,0.0585051067173481,669.3416442871094,0.5203478634357452,0.1598036140203476,1828.271484375,0.09024518728256226,0.5875446796417236,0.0009714955976145317
134,0.056637225672602654,647.9717102050781,0.516993522644043,0.1779935508966446,2036.37744140625,0.09006506204605103,0.585810661315918,0.0009710697697449805
135,0.06056787818670273,692.9412231445312,0.5173579752445221,0.15836328268051147,1811.7928466796875,0.0896054357290268,0.5893772840499878,0.0009706408845631738
136,0.059862568974494934,684.8720092773438,0.515471875667572,0.16220173239707947,1855.7076416015625,0.08939588069915771,0.589820384979248,0.0009702089450086423
137,0.05645063892006874,645.8370056152344,0.515819787979126,0.17772962152957916,2033.3580322265625,0.08915470540523529,0.5843673944473267,0.0009697739540418514
138,0.05630652233958244,644.1881713867188,0.5165867358446121,0.15688644349575043,1794.8966064453125,0.09013719856739044,0.5895868539810181,0.0009693359146441808
139,0.056137939915061,642.2595520019531,0.5259770452976227,0.16927963495254517,1936.6839599609375,0.09435884654521942,0.6090967059135437,0.0009688948298179032
140,0.057117760181427,653.4692993164062,0.5214727818965912,0.1799851506948471,2059.162841796875,0.09316269308328629,0.6013702154159546,0.0009684507025861646
141,0.05424787662923336,620.6357727050781,0.5218566656112671,0.17616060376167297,2015.4072265625,0.09275476634502411,0.6016585826873779,0.0009680035359929635
142,0.053267037495970726,609.4142456054688,0.5232605934143066,0.17160648107528687,1963.3050537109375,0.09572779387235641,0.6125744581222534,0.0009675533331031295
143,0.05291066877543926,605.3370971679688,0.5250196158885956,0.17743416130542755,2029.97802734375,0.09517638385295868,0.6097011566162109,0.0009671000970023028
144,0.05454825796186924,624.0723876953125,0.5247915089130402,0.16407683491706848,1877.16015625,0.09352925419807434,0.6003236174583435,0.000966643830796913
145,0.05187661200761795,593.5067443847656,0.5198728293180466,0.16594330966472626,1898.5140380859375,0.09472686052322388,0.6043912172317505,0.0009661845376141577
146,0.05103487893939018,583.8766479492188,0.517962634563446,0.16510051488876343,1888.8717041015625,0.09594561159610748,0.6102603673934937,0.0009657222206019806
147,0.05073452740907669,580.4404296875,0.5202586054801941,0.18110431730747223,2071.96728515625,0.09946909546852112,0.6215843558311462,0.000965256882929051
148,0.05029601976275444,575.4235687255859,0.5264813601970673,0.17116837203502655,1958.2926025390625,0.10174193978309631,0.6317439079284668,0.0009647885277847412
149,0.04853510297834873,555.2774200439453,0.5293182134628296,0.17081788182258606,1954.282470703125,0.09838134795427322,0.6200509071350098,0.0009643171583791048
150,0.04972737841308117,568.9179077148438,0.525298222899437,0.17160187661647797,1963.2523193359375,0.09929859638214111,0.6220373511314392,0.0009638427779428549
151,0.04906793124973774,561.3733825683594,0.5260829329490662,0.17892654240131378,2047.0516357421875,0.10052525252103806,0.6273583173751831,0.000963365389727342
152,0.048763345927000046,557.8887023925781,0.5289949923753738,0.18144591152668,2075.875,0.09910141676664352,0.6232497692108154,0.0009628849970045315
153,0.049491142854094505,566.2152404785156,0.5272807776927948,0.17650264501571655,2019.3206787109375,0.09973397850990295,0.6234122514724731,0.0009624016030669813
154,0.04938678257167339,565.0212707519531,0.5263160020112991,0.19100923836231232,2185.28662109375,0.10189179331064224,0.6309419870376587,0.0009619152112278192
155,0.049534035846590996,566.7059326171875,0.5321349799633026,0.16977465152740479,1942.3475341796875,0.1022767573595047,0.6354572772979736,0.0009614258248207205
156,0.05090540461242199,582.3954162597656,0.5356451123952866,0.21524326503276825,2462.5419921875,0.10206842422485352,0.6325134038925171,0.0009609334471998847
157,0.05249258317053318,600.5538940429688,0.5335119366645813,0.17076988518238068,1953.733642578125,0.10119251161813736,0.6292731761932373,0.0009604380817400133
158,0.05457495339214802,624.3777770996094,0.5313889682292938,0.1838836669921875,2103.764892578125,0.0999872013926506,0.6242831945419312,0.0009599397318362853
159,0.05366785265505314,613.9998168945312,0.5295106470584869,0.183391273021698,2098.131591796875,0.10147839784622192,0.6300620436668396,0.0009594384009043353
160,0.058523066341876984,669.5470886230469,0.5353361368179321,0.16220955550670624,1855.7969970703125,0.10233712941408157,0.6357775330543518,0.0009589340923802293
161,0.05153912119567394,589.6455993652344,0.5337264537811279,0.19394032657146454,2218.82080078125,0.09703266620635986,0.6169524788856506,0.0009584268097204415
162,0.0596020482480526,681.8914184570312,0.5226744413375854,0.18092957139015198,2069.968017578125,0.09375788271427155,0.6046204566955566,0.0009579165564018304
163,0.053836431354284286,615.9285278320312,0.5211022794246674,0.15733499825000763,1800.028564453125,0.09450341016054153,0.6093645095825195,0.0009574033359216153
164,0.05480162985622883,626.9711303710938,0.5247160792350769,0.16205209493637085,1853.9957275390625,0.09776386618614197,0.6190875768661499,0.0009568871517973516
165,0.06367248669266701,728.4602661132812,0.5237616300582886,0.16198883950710297,1853.27197265625,0.09711380302906036,0.612500786781311,0.0009563680075669077
166,0.056693993508815765,648.6211547851562,0.5207869112491608,0.1508389413356781,1725.708984375,0.0934990644454956,0.5999662280082703,0.0009558459067884399
167,0.05917445383965969,676.9994506835938,0.5220659375190735,0.1580381542444229,1808.0732421875,0.09696157276630402,0.6136901378631592,0.0009553208530403685
168,0.059800270944833755,684.1592712402344,0.5260729491710663,0.15681056678295135,1794.0284423828125,0.0969131663441658,0.613314688205719,0.0009547928499213533
169,0.058103952556848526,664.7521362304688,0.5245549380779266,0.14125800132751465,1616.0960693359375,0.09570066630840302,0.6084074974060059,0.0009542619010502682
170,0.056004270911216736,640.7301940917969,0.5198623389005661,0.1511247456073761,1728.978759765625,0.09647193551063538,0.611356258392334,0.0009537280100661779
171,0.05696575343608856,651.7303161621094,0.5222516059875488,0.15239033102989197,1743.4578857421875,0.09777019917964935,0.6190112829208374,0.0009531911806283107
172,0.05282830819487572,604.3948669433594,0.5247412621974945,0.1667509824037552,1907.7542724609375,0.09683770686388016,0.6128708124160767,0.0009526514164160361
173,0.05322902835905552,608.9794311523438,0.5237926840782166,0.1913990080356598,2189.745849609375,0.09696273505687714,0.6095749139785767,0.000952108721128837
174,0.05404683202505112,618.3356323242188,0.5199001580476761,0.15272119641304016,1747.2430419921875,0.09579478204250336,0.6083093285560608,0.0009515630984862864
175,0.05557891167700291,635.86376953125,0.5158407688140869,0.1394384503364563,1595.2786865234375,0.09488679468631744,0.6058071851730347,0.0009510145522280209
176,0.05413566157221794,619.3519592285156,0.5145210027694702,0.14825408160686493,1696.135986328125,0.09525445103645325,0.603423535823822,0.0009504630861137151
177,0.05034349672496319,575.9667663574219,0.5134090483188629,0.14713890850543976,1683.377685546875,0.09475980699062347,0.5995019674301147,0.0009499087039230559
178,0.0495540089905262,566.9344482421875,0.5167243778705597,0.15741929411888123,1800.992919921875,0.09644773602485657,0.6049858331680298,0.0009493514094557168
179,0.04957761615514755,567.2045593261719,0.5172133445739746,0.16209359467029572,1854.470458984375,0.09645746648311615,0.6068480014801025,0.0009487912065313317
180,0.04804506339132786,549.6710510253906,0.5162502527236938,0.1628498136997223,1863.1219482421875,0.09492773562669754,0.5971055030822754,0.0009482280989894687
181,0.046370936557650566,530.5177307128906,0.5096650272607803,0.1594826579093933,1824.5994873046875,0.09551666676998138,0.5958011746406555,0.0009476620906896039
182,0.04568704590201378,522.6935577392578,0.5142221450805664,0.16130203008651733,1845.4144287109375,0.09778724610805511,0.6088368892669678,0.0009470931855110946
183,0.04597383178770542,525.974609375,0.5166885107755661,0.15891210734844208,1818.072021484375,0.09735516458749771,0.6091549396514893,0.0009465213873531535
184,0.04411494731903076,504.7075500488281,0.5176677107810974,0.16523829102516174,1890.4481201171875,0.09700176119804382,0.6063250303268433,0.0009459467001348209
185,0.04315947741270065,493.7763214111328,0.5158312618732452,0.164835587143898,1885.8409423828125,0.09595628827810287,0.6018851399421692,0.0009453691277949389
186,0.04306076094508171,492.6468811035156,0.5136753916740417,0.1695110946893692,1939.3321533203125,0.09578225016593933,0.6011189818382263,0.0009447886742921233
187,0.043258555233478546,494.9097900390625,0.512339174747467,0.1715652495622635,1962.8331298828125,0.0968862995505333,0.6083364486694336,0.0009442053436047377
188,0.04246128723025322,485.78846740722656,0.5148079544305801,0.167650043964386,1918.0404052734375,0.09658262133598328,0.6049090623855591,0.0009436191397308651
189,0.04338356480002403,496.34002685546875,0.5144545286893845,0.16677959263324738,1908.0814208984375,0.09471471607685089,0.5976599454879761,0.0009430300666882817
190,0.0429546944797039,491.43341064453125,0.5117173194885254,0.17296826839447021,1978.8846435546875,0.09593337029218674,0.6049665212631226,0.0009424381285144275
191,0.04169017635285854,476.9664306640625,0.515525758266449,0.1720709204673767,1968.6182861328125,0.09817570447921753,0.6121906042098999,0.0009418433292663809
192,0.0421073529869318,481.73924255371094,0.5172968506813049,0.1637745052576065,1873.701416015625,0.09709473699331284,0.6100497245788574,0.0009412456730208292
193,0.04215782321989536,482.31663513183594,0.5182027369737625,0.17349393665790558,1984.8988037109375,0.09792844951152802,0.6099051237106323,0.0009406451638740416
194,0.04320019297301769,494.2421112060547,0.5172460973262787,0.17098426818847656,1956.186279296875,0.09807336330413818,0.6117515563964844,0.0009400418059418403
195,0.04318513162434101,494.06982421875,0.5151634067296982,0.17289334535598755,1978.0274658203125,0.09488436579704285,0.6002589464187622,0.0009394356033595729
196,0.0415818877518177,475.7275390625,0.5072876513004303,0.19420455396175385,2221.84326171875,0.09580671787261963,0.5984855890274048,0.0009388265602820842
197,0.04334424436092377,495.89015197753906,0.5118776559829712,0.16316767036914825,1866.7587890625,0.09775356948375702,0.6132572889328003,0.0009382146808836873
198,0.04457804188132286,510.0056915283203,0.5177403092384338,0.17502427101135254,2002.4068603515625,0.09830265492200851,0.6148544549942017,0.0009375999693581351
199,0.04377949237823486,500.8697052001953,0.514144629240036,0.18521906435489655,2119.042724609375,0.09571924805641174,0.603441596031189,0.0009369824299185914
200,0.04079688526690006,466.74647521972656,0.5167051553726196,0.16302573680877686,1865.134765625,0.0978982001543045,0.6163291335105896,0.0009363620667976027
201,0.04452343471348286,509.3809356689453,0.5165026187896729,0.17742697894573212,2029.8956298828125,0.09608548134565353,0.6035869121551514,0.000935738884247068
202,0.044292207807302475,506.7355651855469,0.5127793252468109,0.1744040548801422,1995.311279296875,0.094521664083004,0.5987296104431152,0.0009351128865382109
203,0.04315746948122978,493.7533264160156,0.5128836631774902,0.17660388350486755,2020.478759765625,0.09471908211708069,0.60209721326828,0.0009344840779615496
204,0.041161756962537766,470.9208984375,0.5090871453285217,0.18039840459823608,2063.89111328125,0.09616842865943909,0.6015985012054443,0.0009338524628268676
205,0.0419683363288641,480.14874267578125,0.5119262784719467,0.16896608471870422,1933.0966796875,0.0954679325222969,0.6003195643424988,0.0009332180454631845
206,0.04243432357907295,485.4800262451172,0.5138115286827087,0.18075516819953918,2067.97265625,0.09661799669265747,0.6054372787475586,0.0009325808302187257
207,0.044705186039209366,511.4603576660156,0.512383222579956,0.17809297144412994,2037.51513671875,0.09766366332769394,0.6056556701660156,0.0009319408214608931
208,0.04257810302078724,487.1249237060547,0.5090082585811615,0.1623021513223648,1856.8563232421875,0.09740031510591507,0.6097637414932251,0.0009312980235762353
209,0.04414116032421589,505.0074920654297,0.5121486186981201,0.17434798181056976,1994.6697998046875,0.09943830966949463,0.61850506067276,0.0009306524409704167
210,0.042509760707616806,486.3430633544922,0.516700267791748,0.18100236356258392,2070.800537109375,0.10016074776649475,0.6191825270652771,0.0009300040780681884
211,0.043807586655020714,501.19114685058594,0.5148466676473618,0.16539780795574188,1892.2733154296875,0.09660914540290833,0.6061913967132568,0.0009293529393133572
212,0.04280402697622776,489.7096710205078,0.5101503431797028,0.17210234701633453,1968.977783203125,0.09501564502716064,0.59967440366745,0.000928699029168755
213,0.04116978496313095,471.0127410888672,0.5076104700565338,0.1707305610179901,1953.28369140625,0.09627176821231842,0.6056159734725952,0.000928042352116209
214,0.04024258628487587,460.4049072265625,0.5105398595333099,0.1800285428762436,2059.659423828125,0.09726816415786743,0.6079961061477661,0.00092738291265651
215,0.038610102608799934,441.7280731201172,0.5125938951969147,0.18256449699401855,2088.672607421875,0.09785565733909607,0.6090046167373657,0.0009267207153093822
216,0.04031199403107166,461.1989440917969,0.512582540512085,0.1758289933204651,2011.6134033203125,0.09894707798957825,0.6142066717147827,0.0009260557646134519
217,0.03835510276257992,438.81068420410156,0.5138808339834213,0.1749138981103897,2001.1441650390625,0.09718713164329529,0.6082902550697327,0.0009253880651262172
218,0.039729880169034004,454.5392150878906,0.5119397342205048,0.1784592866897583,2041.7059326171875,0.0958045944571495,0.6009049415588379,0.0009247176214240154
219,0.03939557820558548,450.7145080566406,0.5105683207511902,0.17370915412902832,1987.361083984375,0.09693364799022675,0.6070960760116577,0.0009240444381019922
220,0.03768005780875683,431.08766174316406,0.5110533237457275,0.19141921401023865,2189.977294921875,0.09681157767772675,0.6035326719284058,0.0009233685197740714
221,0.03681623376905918,421.2048797607422,0.5101750791072845,0.18529556691646576,2119.918212890625,0.09642569720745087,0.6045061349868774,0.0009226898710729209
222,0.037380361929535866,427.6589813232422,0.5118990838527679,0.1903308629989624,2177.525634765625,0.09819608181715012,0.6109579205513,0.0009220084966499233
223,0.03613978810608387,413.4658508300781,0.5107497274875641,0.18211518228054047,2083.5322265625,0.09766186028718948,0.6083053350448608,0.0009213244011751424
224,0.03709033876657486,424.34088134765625,0.5139515399932861,0.17881910502910614,2045.8223876953125,0.09966674447059631,0.6175138354301453,0.000920637589337292
225,0.034994885325431824,400.3673400878906,0.5144191980361938,0.1867569237947464,2136.63720703125,0.09903848171234131,0.6133885383605957,0.0009199480658437039
226,0.03840579837560654,439.39068603515625,0.5109395533800125,0.18654018640518188,2134.1572265625,0.09811706095933914,0.6086102724075317,0.0009192558354202945
227,0.03560981899499893,407.4026336669922,0.5127863883972168,0.1844354122877121,2110.077392578125,0.0997064858675003,0.6161954402923584,0.0009185609028115337
228,0.03785196878015995,433.054443359375,0.512890100479126,0.17816764116287231,2038.369384765625,0.09851203858852386,0.6098372936248779,0.0009178632727804119
229,0.037117572501301765,424.6524658203125,0.5100478380918503,0.1791548877954483,2049.6640625,0.09785860776901245,0.6072453856468201,0.0009171629501084071
230,0.03592134267091751,410.9667053222656,0.5114132016897202,0.1874154508113861,2144.171142578125,0.09937362372875214,0.6125963926315308,0.0009164599395954524
231,0.03658023662865162,418.5049285888672,0.5127253532409668,0.1839342564344406,2104.343505859375,0.09943211078643799,0.6131774187088013,0.0009157542460599035
232,0.03781384229660034,432.6182556152344,0.5130270719528198,0.18818795680999756,2153.009033203125,0.10074378550052643,0.6199853420257568,0.0009150458743385046
233,0.039402954280376434,450.7988739013672,0.5144668072462082,0.19219672679901123,2198.87255859375,0.10063760727643967,0.6179170608520508,0.000914334829286356
234,0.035762375220656395,409.14796447753906,0.512703001499176,0.18071503937244415,2067.513427734375,0.09809897840023041,0.6071337461471558,0.0009136211157768811
235,0.03784008510410786,432.9184875488281,0.5107649266719818,0.18211016058921814,2083.474853515625,0.09801456332206726,0.6092934608459473,0.0009129047387017925
236,0.03811666928231716,436.0828399658203,0.5118310302495956,0.18000032007694244,2059.336669921875,0.09747116267681122,0.6043068766593933,0.0009121857029710581
237,0.03563590534031391,407.70111083984375,0.5105416476726532,0.1913074553012848,2188.698486328125,0.09757077693939209,0.6002371311187744,0.0009114640135128688
238,0.03544897958636284,405.56251525878906,0.5108318775892258,0.17567168176174164,2009.8135986328125,0.09739671647548676,0.6048133373260498,0.000910739675273603
239,0.03607647866010666,412.7415771484375,0.509955108165741,0.18552570044994354,2122.551025390625,0.09736642241477966,0.6020001769065857,0.0009100126932177938
240,0.036317070946097374,415.494140625,0.5097917020320892,0.19264057278633118,2203.9501953125,0.09888610988855362,0.6085444688796997,0.000909283072328095
241,0.03494631499052048,399.8116455078125,0.5135743916034698,0.17874442040920258,2044.968017578125,0.09874064475297928,0.6129746437072754,0.0009085508176052465
242,0.037050824612379074,423.88880920410156,0.5124455392360687,0.1914018988609314,2189.779052734375,0.09932596236467361,0.6096072196960449,0.00090781593406804
243,0.0368406567722559,421.4842987060547,0.5111678838729858,0.17231613397598267,1971.423828125,0.09704802930355072,0.6015406847000122,0.000907078426753285
244,0.03660864382982254,418.82994079589844,0.5085617899894714,0.18768031895160675,2147.201416015625,0.09701749682426453,0.6037687063217163,0.0009063383007157744
245,0.03907843306660652,447.0861053466797,0.5085263848304749,0.1844346523284912,2110.068603515625,0.0984426885843277,0.6090817451477051,0.0009055955610282487
246,0.03876149095594883,443.46006774902344,0.5100608617067337,0.17362871766090393,1986.440673828125,0.09865429997444153,0.6068993806838989,0.000904850212781363
247,0.03606933541595936,412.6598205566406,0.5086161494255066,0.1968650221824646,2252.28125,0.09796839952468872,0.6022619009017944,0.0009041022610836503
248,0.03878267481923103,443.7024383544922,0.5083471834659576,0.16427630186080933,1879.442138671875,0.09902560710906982,0.6138008236885071,0.0009033517110614881
249,0.03941132314503193,450.8946838378906,0.5120026767253876,0.15832936763763428,1811.40478515625,0.10067030042409897,0.6168389916419983,0.0009025985678590621
250,0.0386394951492548,442.0643768310547,0.5085536241531372,0.21286754310131073,2435.361572265625,0.10026520490646362,0.6093637943267822,0.0009018428366383317
251,0.04454312287271023,509.60618591308594,0.5123608112335205,0.1861039102077484,2129.166259765625,0.09836641699075699,0.6109793186187744,0.0009010845225789934
252,0.03917009383440018,448.13478088378906,0.5116688311100006,0.1488713026046753,1703.197509765625,0.09704573452472687,0.6036549210548401,0.0009003236308784478
253,0.04151506721973419,474.9630126953125,0.5054790079593658,0.19258354604244232,2203.2978515625,0.09811951220035553,0.6022924184799194,0.0008995601667517607
254,0.0395340621471405,452.29884338378906,0.5070015341043472,0.1764591634273529,2018.8232421875,0.09542383998632431,0.593563437461853,0.0008987941354316301
255,0.03984943963587284,455.90699768066406,0.5067517012357712,0.17171545326709747,1964.551513671875,0.09399288892745972,0.5830225944519043,0.0008980255421683486
256,0.03930867649614811,449.7202453613281,0.5071902275085449,0.20221272110939026,2313.463134765625,0.09624321758747101,0.5938996076583862,0.0008972543922297687
257,0.04006640985608101,458.38929748535156,0.5090287029743195,0.17928576469421387,2051.161376953125,0.0996735617518425,0.6191949844360352,0.0008964806909012655
258,0.03853255324065685,440.8408660888672,0.5145324766635895,0.17373628914356232,1987.6715087890625,0.09528718143701553,0.6015316247940063,0.0008957044434857014
259,0.03697454556822777,423.0160827636719,0.5143838673830032,0.1811920553445816,2072.970703125,0.09576445817947388,0.5967342853546143,0.0008949256553033892
260,0.03502564877271652,400.7193298339844,0.5069167166948318,0.17140108346939087,1960.954833984375,0.09778842329978943,0.6074381470680237,0.0008941443316920559
261,0.035226644948124886,403.01885986328125,0.5101454257965088,0.1835048794746399,2099.431396484375,0.09682899713516235,0.5989611148834229,0.0008933604780068062
262,0.036884158849716187,421.9820098876953,0.5112220048904419,0.1830807328224182,2094.578857421875,0.0972302034497261,0.5935949087142944,0.0008925740996200851
263,0.03518560063093901,402.54925537109375,0.5103929340839386,0.1702333688735962,1947.595458984375,0.09808845818042755,0.602457582950592,0.0008917852019216424
264,0.03406671620905399,389.74839782714844,0.5080998539924622,0.18540167808532715,2121.132080078125,0.09832763671875,0.6006239652633667,0.0008909937903184945
265,0.035268752835690975,403.5006103515625,0.5078915357589722,0.16566495597362518,1895.3294677734375,0.09743475914001465,0.5966898202896118,0.000890199870234888
266,0.03322412818670273,380.10858154296875,0.5093647837638855,0.1790035516023636,2047.9327392578125,0.09807003289461136,0.5955860614776611,0.0008894034471122621
267,0.03289622347801924,376.3571014404297,0.5088308602571487,0.1857892870903015,2125.56689453125,0.09903764724731445,0.6007881164550781,0.0008886045264092117
268,0.032774096354842186,374.9598693847656,0.511105090379715,0.16833211481571198,1925.8438720703125,0.09937207400798798,0.6067863702774048,0.0008878031136014499
269,0.03187304735183716,364.6511993408203,0.5108643621206284,0.18652379512786865,2133.97021484375,0.0988444909453392,0.6034577488899231,0.0008869992141817703
270,0.03194354008883238,365.4576873779297,0.5091891884803772,0.1828106939792633,2091.489501953125,0.0985771119594574,0.6034397482872009,0.0008861928336600095
271,0.0308589618653059,353.04930114746094,0.5104247331619263,0.1884865164756775,2156.4248046875,0.10044476389884949,0.6098330020904541,0.0008853839775630094
272,0.0307944156229496,352.31085205078125,0.5109669268131256,0.17876866459846497,2045.245361328125,0.10049211978912354,0.6106950044631958,0.000884572651434579
273,0.0312999552115798,358.09461975097656,0.5104655623435974,0.18148471415042877,2076.319091796875,0.10015895962715149,0.6069456934928894,0.0008837588608354571
274,0.030714706517755985,351.39891052246094,0.50946344435215,0.1836681216955185,2101.298828125,0.10098415613174438,0.6073415875434875,0.0008829426113432729
275,0.031014643609523773,354.8304138183594,0.5118585228919983,0.17835189402103424,2040.4771728515625,0.10113736987113953,0.612370491027832,0.0008821239085525091
276,0.030070947483181953,344.0338439941406,0.5111801326274872,0.18457607924938202,2111.6865234375,0.1012258231639862,0.6134363412857056,0.0008813027580744632
277,0.03054233267903328,349.4268341064453,0.51052525639534,0.1845792531967163,2111.72265625,0.10203631222248077,0.6171648502349854,0.0008804791655372085
278,0.029981269501149654,343.00787353515625,0.5118938386440277,0.19541817903518677,2235.728271484375,0.10299725085496902,0.6212117671966553,0.0008796531365855559
279,0.030682073906064034,351.0255889892578,0.5146857053041458,0.17923444509506226,2050.57470703125,0.10134653747081757,0.6147096157073975,0.0008788246768810155
280,0.03131930623203516,358.3159637451172,0.5109302699565887,0.1809655874967575,2070.380126953125,0.10098309069871902,0.6118761897087097,0.0008779937921017574
281,0.032049951143562794,366.67510986328125,0.510115385055542,0.18291471898555756,2092.679443359375,0.10176374018192291,0.6136329770088196,0.0008771604879425725
282,0.029814831912517548,341.10369873046875,0.5099617838859558,0.17145228385925293,1961.540771484375,0.10098423063755035,0.6128575801849365,0.0008763247701148346
283,0.030980709940195084,354.4421844482422,0.5104703009128571,0.18495871126651764,2116.064453125,0.10097986459732056,0.611200213432312,0.00087548664434646
284,0.029891478829085827,341.98057556152344,0.5087215006351471,0.17865562438964844,2043.9521484375,0.10139381885528564,0.6145747900009155,0.0008746461163818687
285,0.030936953611671925,353.94158935546875,0.5102289617061615,0.18517333269119263,2118.51953125,0.10129015147686005,0.6149140000343323,0.0008738031919819456
286,0.029758773744106293,340.4623718261719,0.5099826753139496,0.17653198540210724,2019.6563720703125,0.10128715634346008,0.6140260696411133,0.0008729578769239999
287,0.030350560322403908,347.2328338623047,0.5113585591316223,0.1793096512556076,2051.434814453125,0.1028314083814621,0.6185723543167114,0.0008721101770017265
288,0.029471974819898605,337.18116760253906,0.5121476054191589,0.19033057987689972,2177.5224609375,0.1040751039981842,0.6223293542861938,0.0008712600980251656
289,0.029150700196623802,333.5055236816406,0.5141951739788055,0.1817680150270462,2079.560302734375,0.10304062068462372,0.6166341304779053,0.0008704076458206632
290,0.030301778577268124,346.6747283935547,0.5106885433197021,0.18820305168628693,2153.181884765625,0.10433626174926758,0.6223196983337402,0.0008695528262308317
291,0.029561907052993774,338.2100372314453,0.510869026184082,0.17610014975070953,2014.7159423828125,0.10451176017522812,0.626929759979248,0.0008686956451145084
292,0.02848393004387617,325.87718200683594,0.5145862698554993,0.17813068628311157,2037.9464111328125,0.10334265232086182,0.6211243867874146,0.0008678361083467171
293,0.029057009145617485,332.4336242675781,0.5111922323703766,0.19053764641284943,2179.8916015625,0.10320907086133957,0.6181855201721191,0.0008669742218186262
294,0.029345973394811153,335.7396240234375,0.5101752877235413,0.17500440776348114,2002.1798095703125,0.10355731844902039,0.6222090125083923,0.0008661099914375098
295,0.02941275294870138,336.50360107421875,0.5124936103820801,0.1959928274154663,2242.302490234375,0.10406071692705154,0.6235384941101074,0.0008652434231267059
296,0.03180592507123947,363.8832702636719,0.511807918548584,0.18684299290180206,2137.6220703125,0.10383248329162598,0.6247931718826294,0.0008643745228255767
297,0.03098441567271948,354.4845886230469,0.5127196609973907,0.1808011531829834,2068.498291015625,0.10296487808227539,0.6194249987602234,0.0008635032964894676
298,0.0300666568800807,343.98472595214844,0.5074402242898941,0.19811514019966125,2266.58349609375,0.1043255478143692,0.618218183517456,0.0008626297500896666
299,0.03134026285260916,358.5557556152344,0.5087150931358337,0.15983693301677704,1828.6527099609375,0.1033606082201004,0.6216076612472534,0.0008617538896133625
300,0.032790941186249256,375.15257263183594,0.5138896107673645,0.17544306814670563,2007.1982421875,0.1028590053319931,0.6211515665054321,0.0008608757210636052
301,0.0301696565002203,345.1631622314453,0.5118833482265472,0.1967085897922516,2250.491455078125,0.10293503105640411,0.6157112121582031,0.0008599952504592636
302,0.03049330972135067,348.86595153808594,0.5096074044704437,0.17686724662780762,2023.491943359375,0.10277488827705383,0.6163735389709473,0.0008591124838349845
303,0.0331631051376462,379.410400390625,0.5107899904251099,0.18998992443084717,2173.625244140625,0.10284948348999023,0.6131566762924194,0.0008582274272411517
304,0.0313950264826417,359.1822814941406,0.509548082947731,0.19195643067359924,2196.12353515625,0.10334911197423935,0.6203499436378479,0.0008573400867438438
305,0.031491562724113464,360.28675842285156,0.5128791779279709,0.17388379573822021,1989.3590087890625,0.1040721982717514,0.6265805959701538,0.0008564504684247932
306,0.03349210228770971,383.17437744140625,0.515726774930954,0.19248273968696594,2202.14501953125,0.10309192538261414,0.6169658303260803,0.0008555585783813443
307,0.031479958444833755,360.1539611816406,0.5095972120761871,0.1777954250574112,2034.1109619140625,0.10172878950834274,0.6162667870521545,0.0008546644227264119
308,0.03221187088638544,368.527587890625,0.5113815814256668,0.16801467537879944,1922.2119140625,0.10228819400072098,0.6198986768722534,0.0008537680075884382
309,0.031037754379212856,355.0948181152344,0.5157091319561005,0.1855260580778122,2122.55517578125,0.10127503424882889,0.608919620513916,0.0008528693391113527
310,0.03138282895088196,359.0427551269531,0.5086696743965149,0.17126087844371796,1959.35107421875,0.09931676089763641,0.5990859270095825,0.0008519684234545282
311,0.030180481262505054,345.28700256347656,0.5042761564254761,0.17422375082969666,1993.248291015625,0.10010281205177307,0.6051908135414124,0.0008510652667927398
312,0.02948937937617302,337.38031005859375,0.5072612166404724,0.17938007414340973,2052.240478515625,0.10139572620391846,0.6101263165473938,0.0008501598753161223
313,0.029460002668201923,337.044189453125,0.5089386403560638,0.16344410181045532,1869.921142578125,0.10152752697467804,0.6127045154571533,0.0008492522552301272
314,0.028783664107322693,329.3063659667969,0.5079095512628555,0.17297907173633575,1979.0084228515625,0.10064789652824402,0.6092585921287537,0.0008483424127554811
315,0.02930917590856552,335.31861877441406,0.5070318877696991,0.1770402044057846,2025.470703125,0.10184092819690704,0.6115554571151733,0.0008474303541281425
316,0.028250097297132015,323.2019958496094,0.5099750757217407,0.16797009110450745,1921.7020263671875,0.10213647782802582,0.6156211495399475,0.000846516085599259
317,0.028478335589170456,325.8131866455078,0.5099113285541534,0.17573130130767822,2010.4959716796875,0.101063072681427,0.6097095608711243,0.0008455996134351248
318,0.028720704838633537,328.5860595703125,0.5073812156915665,0.165779247879982,1896.6370849609375,0.1008283942937851,0.6084758043289185,0.0008446809439171374
319,0.02873731590807438,328.776123046875,0.5085772275924683,0.17432847619056702,1994.446533203125,0.10127227008342743,0.6067768931388855,0.0008437600833417549
320,0.02766880765557289,316.55157470703125,0.5067166984081268,0.17805881798267365,2037.12451171875,0.10129018872976303,0.6087202429771423,0.0008428370380204527
321,0.02799647767096758,320.3003692626953,0.506719321012497,0.17287907004356384,1977.8642578125,0.10135673731565475,0.6106215119361877,0.0008419118142796799
322,0.02698955126106739,308.78038024902344,0.5072328150272369,0.1798626035451889,2057.760986328125,0.10141699761152267,0.6094583868980408,0.0008409844184608164
323,0.027483630925416946,314.4330291748047,0.5068739950656891,0.17074811458587646,1953.484619140625,0.10187654197216034,0.6139686107635498,0.0008400548569201295
324,0.02706875093281269,309.6864929199219,0.5084584802389145,0.17872563004493713,2044.7530517578125,0.10299104452133179,0.6186015009880066,0.0008391231360287296
325,0.02671845629811287,305.67884826660156,0.5078246295452118,0.17341600358486176,1984.007080078125,0.10208368301391602,0.6125775575637817,0.0008381892621725278
326,0.026304039172828197,300.93760681152344,0.5078903138637543,0.17555390298366547,2008.46630859375,0.10300585627555847,0.6154133081436157,0.0008372532417521906
327,0.02695355750620365,308.36859130859375,0.5088086575269699,0.1744169443845749,1995.4586181640625,0.10304798185825348,0.6148511171340942,0.0008363150811830972
328,0.027079262770712376,309.80674743652344,0.5096777975559235,0.1816060096025467,2077.70703125,0.10264153778553009,0.6122455596923828,0.0008353747868952953
329,0.027055767364799976,309.53794860839844,0.5069583356380463,0.1778779923915863,2035.0555419921875,0.1028008759021759,0.6157543659210205,0.0008344323653334563
330,0.02672167867422104,305.7157440185547,0.5073938369750977,0.17569147050380707,2010.0401611328125,0.1026075929403305,0.616224467754364,0.0008334878229568325
331,0.026791516691446304,306.51470947265625,0.5092775225639343,0.18605853617191315,2128.647216796875,0.10266570746898651,0.6151412725448608,0.0008325411662392112
332,0.02691832836717367,307.9655456542969,0.5080014169216156,0.17189522087574005,1966.608154296875,0.10282185673713684,0.6176475882530212,0.0008315924016688717
333,0.02786474023014307,318.79319763183594,0.5094841420650482,0.18548138439655304,2122.044189453125,0.10270904004573822,0.6131103038787842,0.0008306415357485403
334,0.028318223543465137,323.9813995361328,0.5076971501111984,0.17521531879901886,2004.592529296875,0.10305197536945343,0.6182742118835449,0.0008296885749953453
335,0.028070532716810703,321.14759826660156,0.5115404725074768,0.1897871494293213,2171.30517578125,0.10298934578895569,0.6176722049713135,0.000828733525940773
336,0.0281328484416008,321.8605499267578,0.5088862627744675,0.18071693181991577,2067.53515625,0.10209235548973083,0.6099908351898193,0.0008277763951306229
337,0.027015474624931812,309.0769958496094,0.5070141106843948,0.1666073501110077,1906.111328125,0.1023096963763237,0.6133019328117371,0.0008268171891249622
338,0.028180651366710663,322.4074401855469,0.5082719326019287,0.1859569400548935,2127.48486328125,0.1027272492647171,0.6135538816452026,0.0008258559144980815
339,0.02847458701580763,325.7702941894531,0.5061733722686768,0.1767299473285675,2021.9208984375,0.10114793479442596,0.6085707545280457,0.0008248925778384496
340,0.027477621100842953,314.36427307128906,0.5091331899166107,0.18610796332359314,2129.21240234375,0.10273797810077667,0.6148263216018677,0.0008239271857486681
341,0.027871645987033844,318.8722229003906,0.508426234126091,0.17944394052028656,2052.971435546875,0.10258105397224426,0.610641598701477,0.0008229597448454262
342,0.027353987097740173,312.94981384277344,0.5069984197616577,0.1671864241361618,1912.7362060546875,0.10227347910404205,0.6110121607780457,0.0008219902617594552
343,0.027063780464231968,309.629638671875,0.5081013888120651,0.17594371736049652,2012.9261474609375,0.10292069613933563,0.6150150299072266,0.0008210187431354841
344,0.02655765973031521,303.8392333984375,0.5081970691680908,0.17033492028713226,1948.7572021484375,0.10237651318311691,0.6127185821533203,0.0008200451956321928
345,0.026618776842951775,304.53846740722656,0.5074600577354431,0.16943123936653137,1938.41845703125,0.10373076796531677,0.61957186460495,0.0008190696259221665
346,0.025691961869597435,293.9350280761719,0.5088638961315155,0.1735096424818039,1985.0784912109375,0.10287423431873322,0.6154811978340149,0.000818092040691851
347,0.0265338234603405,303.56651306152344,0.5084055066108704,0.17558689415454865,2008.84375,0.10246257483959198,0.6109504103660583,0.0008171124466415059
348,0.02524498663842678,288.82130432128906,0.507241353392601,0.1719958335161209,1967.759521484375,0.10248087346553802,0.6125856637954712,0.0008161308504851593
349,0.026631856337189674,304.68809509277344,0.5080650746822357,0.18384107947349548,2103.27783203125,0.102498859167099,0.6112252473831177,0.0008151472589505611
350,0.025669687427580357,293.68017578125,0.506431981921196,0.1727541983127594,1976.4356689453125,0.10282562673091888,0.6133838891983032,0.0008141616787791377
351,0.025403736159205437,290.6375274658203,0.5095082521438599,0.17572267353534698,2010.397216796875,0.10322801023721695,0.6168897151947021,0.0008131741167259453
352,0.02521017473191023,288.4230194091797,0.5095634758472443,0.1802096664905548,2061.731689453125,0.10314041376113892,0.613044261932373,0.0008121845795596236
353,0.02531538810580969,289.6267395019531,0.507179394364357,0.17014256119728088,1946.5565185546875,0.10380958020687103,0.6175373196601868,0.0008111930740623492
354,0.02551574446260929,291.91896057128906,0.5085205882787704,0.18642836809158325,2132.8779296875,0.104173444211483,0.6142367124557495,0.0008101996070297903
355,0.026019427925348282,297.6814727783203,0.5077243745326996,0.17600691318511963,2013.6490478515625,0.1035313755273819,0.6135987639427185,0.0008092041852710587
356,0.02498629316687584,285.86163330078125,0.5079183280467987,0.18244268000125885,2087.27880859375,0.103203184902668,0.6134254336357117,0.0008082068156086631
357,0.025154393166303635,287.78485107421875,0.5078160464763641,0.1662347912788391,1901.8487548828125,0.1033342108130455,0.614991307258606,0.0008072075048784639
358,0.025207539089024067,288.3928680419922,0.5091977566480637,0.17521774768829346,2004.62060546875,0.10337382555007935,0.6172198057174683,0.0008062062599296249
359,0.02511959057301283,287.3866729736328,0.5074651837348938,0.18047326803207397,2064.74755859375,0.10281150788068771,0.613240659236908,0.0008052030876245668
360,0.026061500422656536,298.16282653808594,0.5082234591245651,0.17477786540985107,1999.587890625,0.1033366397023201,0.6127479076385498,0.0008041979948389203
361,0.02646874450147152,302.82196044921875,0.507055401802063,0.1853986531496048,2121.097412109375,0.10410689562559128,0.6149600148200989,0.0008031909884614789
362,0.02575875073671341,294.6991424560547,0.5072851628065109,0.16401039063930511,1876.400146484375,0.10268639028072357,0.6127332448959351,0.0008021820753941513
363,0.02529982291162014,289.44866943359375,0.5076671093702316,0.1807274967432022,2067.65576171875,0.10492786765098572,0.6196264028549194,0.000801171262551915
364,0.0255085788667202,291.8369903564453,0.5097834914922714,0.16562867164611816,1894.9144287109375,0.10356681048870087,0.6144027709960938,0.000800158556862768
365,0.024915946647524834,285.0568389892578,0.5085071921348572,0.1710929572582245,1957.4298095703125,0.10317026078701019,0.6141935586929321,0.0007991439652676816
366,0.025383890606462955,290.4104461669922,0.5071061253547668,0.17966319620609283,2055.4794921875,0.1038225069642067,0.6150597333908081,0.000798127494720553
367,0.025246864184737206,288.8427734375,0.5082400143146515,0.18853095173835754,2156.93310546875,0.10447576642036438,0.6171184182167053,0.0007971091521881574
368,0.024267325177788734,277.6361083984375,0.5085677355527878,0.1833108365535736,2097.211669921875,0.10474824160337448,0.6201472282409668,0.0007960889446501008
369,0.02441362664103508,279.30992126464844,0.5073045492172241,0.16424450278282166,1879.0784912109375,0.10258655250072479,0.6116483807563782,0.000795066879098771
370,0.026040783151984215,297.9258117675781,0.5070400089025497,0.18425814807415009,2108.04931640625,0.1028188169002533,0.6126930713653564,0.0007940429625392913
371,0.026866932399570942,307.37754821777344,0.508398711681366,0.16229479014873505,1856.7720947265625,0.10309705138206482,0.6167349815368652,0.000793017201989471
372,0.028685346245765686,328.18153381347656,0.5090844333171844,0.17823514342308044,2039.1416015625,0.10356185585260391,0.615314245223999,0.0007919896044797579
373,0.026782416738569736,306.4106140136719,0.5079659223556519,0.18155591189861298,2077.1337890625,0.10427221655845642,0.6150572896003723,0.0007909601770531903
374,0.026298528537154198,300.8746032714844,0.5068502277135849,0.15887810289859772,1817.6827392578125,0.10335780680179596,0.6150977611541748,0.0007899289267653487
375,0.026425962336361408,302.33251953125,0.5092318952083588,0.1928451508283615,2206.290771484375,0.10401161015033722,0.6155088543891907,0.0007888958606843069
376,0.02600317168980837,297.4954528808594,0.5086849331855774,0.170916348695755,1955.4090576171875,0.10393032431602478,0.6175023317337036,0.0007878609858905844
377,0.02519969269633293,288.3031005859375,0.5085216760635376,0.16438879072666168,1880.72900390625,0.10344809293746948,0.614771842956543,0.0007868243094770969
378,0.02396269701421261,274.1509246826172,0.5078743398189545,0.1887236088514328,2159.137451171875,0.10404948890209198,0.6137599349021912,0.0007857858385491085
379,0.02595200389623642,296.9101104736328,0.5063075572252274,0.16804437339305878,1922.5516357421875,0.10335663706064224,0.6156725287437439,0.0007847455802241828
380,0.02561939787119627,293.10487365722656,0.5072165727615356,0.16714662313461304,1912.2808837890625,0.10416913032531738,0.6198374032974243,0.0007837035416321337
381,0.025047972798347473,286.5672912597656,0.5085158795118332,0.18804897367954254,2151.4189453125,0.1040104478597641,0.614754319190979,0.0007826597299149774
382,0.025070331059396267,286.82310485839844,0.5047981590032578,0.16271454095840454,1861.5743408203125,0.1025993674993515,0.6108293533325195,0.0007816141522268821
383,0.02571967802941799,294.2521209716797,0.5079527199268341,0.1740347445011139,1991.0859375,0.10470684617757797,0.6206753253936768,0.0007805668157341204
384,0.024648787453770638,282.0003204345703,0.5077904760837555,0.17627733945846558,2016.742919921875,0.10469590127468109,0.617858350276947,0.0007795177276150193
385,0.024700437672436237,282.5912322998047,0.5078774094581604,0.17255443334579468,1974.150146484375,0.10432391613721848,0.617779016494751,0.0007784668950599113
386,0.02403798419982195,275.01226806640625,0.5084577202796936,0.17225149273872375,1970.684326171875,0.10392226278781891,0.6172959804534912,0.0007774143252710853
387,0.02378593385219574,272.12864685058594,0.508267730474472,0.171304389834404,1959.848876953125,0.10451788455247879,0.6172423362731934,0.0007763600254627364
388,0.023930298164486885,273.7803039550781,0.5082102715969086,0.17590442299842834,2012.4766845703125,0.10538367927074432,0.6203839182853699,0.0007753040028609179
389,0.02358951047062874,269.8814392089844,0.5095914304256439,0.17691409587860107,2024.0279541015625,0.10507321357727051,0.6216335296630859,0.00077424626470349
390,0.02396280411630869,274.1521453857422,0.5092401802539825,0.17383357882499695,1988.784423828125,0.10491572320461273,0.6168604493141174,0.0007731868182400717
391,0.02359125204384327,269.9013366699219,0.5078120529651642,0.16950225830078125,1939.2308349609375,0.10508903861045837,0.6200863122940063,0.0007721256707319907
392,0.023574190214276314,269.7061462402344,0.5079971700906754,0.16766509413719177,1918.2122802734375,0.1035894826054573,0.6152840256690979,0.0007710628294522329
393,0.02311121951788664,264.40943145751953,0.5073296874761581,0.17060844600200653,1951.8868408203125,0.10397037118673325,0.6158938407897949,0.0007699983016853936
394,0.02318497560918331,265.2532196044922,0.5074646025896072,0.17318713665008545,1981.3887939453125,0.10431534051895142,0.617088794708252,0.000768932094727627
395,0.022893328219652176,261.91656494140625,0.5069506764411926,0.17297688126564026,1978.9832763671875,0.1027388945221901,0.6115207672119141,0.0007678642158865958
396,0.022921171970665455,262.2351608276367,0.506604790687561,0.1772683560848236,2028.080810546875,0.10369838774204254,0.6147850751876831,0.0007667946724814224
397,0.02328956499695778,266.4498291015625,0.5079909414052963,0.1760779321193695,2014.4615478515625,0.10445839166641235,0.6189736127853394,0.0007657234718426375
398,0.022986993193626404,262.9881591796875,0.5076270699501038,0.1690848022699356,1934.454833984375,0.10328269004821777,0.6130481958389282,0.0007646506213121302
399,0.02300839312374592,263.2329788208008,0.5045620054006577,0.17248012125492096,1973.2998046875,0.10344892740249634,0.6114212870597839,0.0007635761282430981
400,0.022550678811967373,257.9964294433594,0.5062186270952225,0.17778781056404114,2034.0238037109375,0.10486479848623276,0.6182547807693481,0.0007624999999999961
401,0.022955856285989285,262.63197326660156,0.5075473189353943,0.16688913106918335,1909.3349609375,0.1041322574019432,0.6170426607131958,0.000761422243958487
402,0.023789919912815094,272.17425537109375,0.5071496069431305,0.17242169380187988,1972.63134765625,0.10379384458065033,0.613921582698822,0.0007603428675053898
403,0.02403446566313505,274.97205352783203,0.5060707628726959,0.18086929619312286,2069.2783203125,0.10479284077882767,0.618128776550293,0.0007592618780386299
404,0.02327027916908264,266.22918701171875,0.5075448453426361,0.1736801564693451,1987.029296875,0.10316728055477142,0.6131700277328491,0.0007581792829671881
405,0.02286401577293873,261.5812225341797,0.5076635181903839,0.17939765751361847,2052.44140625,0.10254277288913727,0.6098188161849976,0.0007570950897110498
406,0.023536328226327896,269.27296447753906,0.5053690671920776,0.16894902288913727,1932.901611328125,0.10384075343608856,0.6182141304016113,0.0007560093057011541
407,0.023773382417857647,271.9850769042969,0.5082285404205322,0.1781952679157257,2038.6854248046875,0.10406623035669327,0.6152852773666382,0.0007549219383793432
408,0.02498030662536621,285.79315185546875,0.5071926116943359,0.18292702734470367,2092.8203125,0.10391862690448761,0.6141180992126465,0.0007538329951983108
409,0.025447123683989048,291.13389587402344,0.504695862531662,0.16806252300739288,1922.7593994140625,0.10414256900548935,0.6187184453010559,0.0007527424836215516
410,0.02627107221633196,300.5604553222656,0.5073449909687042,0.17941907048225403,2052.6865234375,0.10418851673603058,0.6108306646347046,0.0007516504111233101
411,0.024474874138832092,280.01063537597656,0.5046258866786957,0.18257616460323334,2088.80615234375,0.10358399152755737,0.6090059280395508,0.0007505567851885283
412,0.023358306847512722,267.23626708984375,0.5030253827571869,0.17131750285625458,1959.99853515625,0.10434190928936005,0.6211329698562622,0.0007494616133127967
413,0.024951737374067307,285.4662780761719,0.5079807937145233,0.18150146305561066,2076.5107421875,0.10315527021884918,0.6105018258094788,0.0007483649030023002
414,0.02559413481503725,292.81581115722656,0.5040619075298309,0.17037570476531982,1949.223876953125,0.1022213026881218,0.6064959764480591,0.0007472666617737685
415,0.023922248743474483,273.6881866455078,0.5064433813095093,0.17239612340927124,1972.3388671875,0.10290500521659851,0.6124776601791382,0.000746166897154424
416,0.02356251236051321,269.57251739501953,0.506170779466629,0.1808706820011139,2069.294189453125,0.1023840606212616,0.6073065996170044,0.0007450656166819305
417,0.02433101460337639,278.3647766113281,0.5046268105506897,0.17436183989048004,1994.8280029296875,0.10298343747854233,0.6138112545013428,0.0007439628279043408
418,0.024076294153928757,275.4505920410156,0.5075694918632507,0.1709914207458496,1956.26806640625,0.10270453244447708,0.6120445132255554,0.0007428585383800457
419,0.023406903259456158,267.79225158691406,0.508071780204773,0.17693765461444855,2024.29736328125,0.10219325125217438,0.606145977973938,0.0007417527556777223
420,0.022896706126630306,261.9552001953125,0.5043557733297348,0.1719299703836441,1967.005859375,0.10299350321292877,0.6111437678337097,0.0007406454873762809
421,0.023484508506953716,268.6801300048828,0.5053915679454803,0.1757984310388565,2011.2637939453125,0.10281938314437866,0.6088404655456543,0.0007395367410648148
422,0.02363584376871586,270.41150665283203,0.5044805854558945,0.17338082194328308,1983.60498046875,0.10231885313987732,0.6069700717926025,0.000738426524342547
423,0.023191647604107857,265.3295669555664,0.50470070540905,0.17477189004421234,1999.51953125,0.10363796353340149,0.609935998916626,0.0007373148448187787
424,0.02430790103971958,278.100341796875,0.5059764683246613,0.18162015080451965,2077.868408203125,0.10350263118743896,0.6090461611747742,0.0007362017101128366
425,0.02379964478313923,272.28553771972656,0.5040291547775269,0.17770449817180634,2033.0706787109375,0.10319406539201736,0.6140577793121338,0.0007350871278540218
426,0.023970204405486584,274.2368469238281,0.506806269288063,0.1837882548570633,2102.67333984375,0.10371598601341248,0.6133897304534912,0.0007339711056815558
427,0.023496060632169247,268.8122863769531,0.5068355351686478,0.18304498493671417,2094.169921875,0.10307006537914276,0.6066117286682129,0.0007328536512445299
428,0.023898888379335403,273.4209289550781,0.5058600008487701,0.1628248244524002,1862.8363037109375,0.10289187729358673,0.6139732599258423,0.0007317347722018518
429,0.023861064575612545,272.9882049560547,0.5059252679347992,0.17555952072143555,2008.5302734375,0.10285049676895142,0.609472393989563,0.0007306144762221927
430,0.023029462434351444,263.4740753173828,0.5044416636228561,0.17596681416034698,2013.1900634765625,0.10283960402011871,0.6106159090995789,0.0007294927709839364
431,0.02227066084742546,254.79281616210938,0.5037311613559723,0.17406626045703888,1991.4468994140625,0.10377223789691925,0.6176477074623108,0.0007283696641751246
432,0.022368229925632477,255.90904235839844,0.5058927237987518,0.18561042845249176,2123.5205078125,0.10308089852333069,0.6089096069335938,0.0007272451634934057
433,0.023614536970853806,270.1677551269531,0.5055099278688431,0.17751923203468323,2030.9510498046875,0.10342280566692352,0.6125397682189941,0.0007261192766459815
434,0.022366764955222607,255.89228057861328,0.5050338804721832,0.1732209026813507,1981.7750244140625,0.10252708196640015,0.6095442175865173,0.0007249920113495545
435,0.022993089631199837,263.0579299926758,0.5044754147529602,0.1755404770374298,2008.3126220703125,0.10226722806692123,0.607995867729187,0.0007238633753302745
436,0.022755504585802555,260.33975982666016,0.5040300935506821,0.17604103684425354,2014.03955078125,0.10294656455516815,0.6082295179367065,0.0007227333763236868
437,0.023388446308672428,267.58109283447266,0.5035567581653595,0.18247351050376892,2087.631591796875,0.10359443724155426,0.6107531785964966,0.0007216020220746778
438,0.023513897322118282,269.01636505126953,0.507236897945404,0.17802530527114868,2036.740966796875,0.10361848771572113,0.6167395114898682,0.0007204693203374228
439,0.02345538418740034,268.346923828125,0.5035024881362915,0.17961128056049347,2054.8857421875,0.10277850925922394,0.6079075336456299,0.000719335278875333
440,0.022711182944476604,259.8327102661133,0.5030261129140854,0.17623364925384521,2016.2430419921875,0.10274026542901993,0.6094604730606079,0.0007181999054610013
441,0.02258126623928547,258.3463821411133,0.5032882690429688,0.17296051979064941,1978.7960205078125,0.10293823480606079,0.6132656335830688,0.0007170632078761502
442,0.02215171605348587,253.43199920654297,0.5046017318964005,0.17835885286331177,2040.5570068359375,0.10294950008392334,0.6095548868179321,0.0007159251939115774
443,0.02208450436592102,252.6630401611328,0.5044884830713272,0.1770922690629959,2026.06640625,0.10313034057617188,0.6102948188781738,0.0007147858713671033
444,0.021775033324956894,249.12245178222656,0.5046672523021698,0.1694212704896927,1938.3045654296875,0.10194984078407288,0.608347475528717,0.000713645248051517
445,0.021874682046473026,250.26251220703125,0.5020542144775391,0.18113486468791962,2072.316650390625,0.10169059783220291,0.6048630475997925,0.0007125033317825232
446,0.021868309006094933,250.1895980834961,0.5032227337360382,0.17102184891700745,1956.6162109375,0.10231943428516388,0.6091090440750122,0.0007113601303866878
447,0.02284334134310484,261.3446807861328,0.5045261383056641,0.1789916455745697,2047.7965087890625,0.10227274149656296,0.6112949848175049,0.0007102156516993857
448,0.023504572920501232,268.90966033935547,0.5029114186763763,0.17274625599384308,1976.3447265625,0.1008651927113533,0.6060602068901062,0.000709069903564745
449,0.022527401335537434,257.7301254272461,0.5024296343326569,0.17308074235916138,1980.17138671875,0.1019660085439682,0.6105196475982666,0.0007079228938355956
450,0.02190631628036499,250.62444305419922,0.5042122453451157,0.18480432033538818,2114.298095703125,0.10286667943000793,0.6115232110023499,0.0007067746303734138
451,0.022324667312204838,255.41068267822266,0.5039943754673004,0.16803163290023804,1922.4058837890625,0.10166367888450623,0.6079998016357422,0.0007056251210482685
452,0.02264796383678913,259.10943603515625,0.5037219822406769,0.17272040247917175,1976.049072265625,0.10252676159143448,0.6107128262519836,0.0007044743737387681
453,0.021993258967995644,251.61911010742188,0.5037466883659363,0.17588502168655396,2012.2545166015625,0.10248897969722748,0.6095081567764282,0.0007033223963320057
454,0.022233215160667896,254.36439514160156,0.5025804042816162,0.1739954650402069,1990.63671875,0.10219474136829376,0.6112775802612305,0.0007021691967235054
455,0.022135118022561073,253.2421112060547,0.5037982761859894,0.17983967065811157,2057.49853515625,0.10112252831459045,0.6044960618019104,0.0007010147828171683
456,0.021524855867028236,246.26023864746094,0.501492828130722,0.17344896495342255,1984.38427734375,0.10152775049209595,0.6045233011245728,0.0006998591625252183
457,0.02158202789723873,246.9143295288086,0.504281610250473,0.17520476877689362,2004.471923828125,0.10259169340133667,0.6120824813842773,0.0006987023437681469
458,0.02159011270850897,247.0068359375,0.5040009766817093,0.17291781306266785,1978.3074951171875,0.1015295684337616,0.6088240146636963,0.0006975443344746609
459,0.02138677518814802,244.68050384521484,0.5034914612770081,0.182672917842865,2089.913330078125,0.10209178179502487,0.6089767217636108,0.000696385142581626
460,0.021237637847661972,242.9742660522461,0.5027986168861389,0.1790015697479248,2047.9102783203125,0.10191734880208969,0.6077513694763184,0.0006952247760340137
461,0.021132814697921276,241.77500915527344,0.5032605826854706,0.17825308442115784,2039.3466796875,0.10190151631832123,0.6079193353652954,0.0006940632427848466
462,0.02126908302307129,243.33402252197266,0.5027073174715042,0.1756960153579712,2010.09228515625,0.10199694335460663,0.6092926263809204,0.0006929005507951433
463,0.020898844115436077,239.0981903076172,0.5032903999090195,0.18214555084705353,2083.8798828125,0.10168316215276718,0.6077189445495605,0.0006917367080338646
464,0.021310927346348763,243.812744140625,0.5034471154212952,0.1754138022661209,2006.863525390625,0.10159136354923248,0.6076049208641052,0.0006905717224778584
465,0.021036500111222267,240.673095703125,0.5022955536842346,0.1760527342557907,2014.17333984375,0.10193885862827301,0.609134316444397,0.0006894056021118053
466,0.0207106601446867,236.9452362060547,0.5022118985652924,0.1805606335401535,2065.7470703125,0.1020936369895935,0.608039915561676,0.0006882383549281639
467,0.020948536694049835,239.6667251586914,0.5031161904335022,0.17376156151294708,1987.960693359375,0.10259241610765457,0.6120235919952393,0.0006870699889271154
468,0.020902911201119423,239.14473724365234,0.5036009252071381,0.17561642825603485,2009.181640625,0.10225147753953934,0.6114771366119385,0.0006859005121165097
469,0.020965522155165672,239.86105346679688,0.5033803880214691,0.1755553036928177,2008.482421875,0.10207980871200562,0.610532283782959,0.0006847299325118098
470,0.020971921272575855,239.93425750732422,0.5035855770111084,0.17720836400985718,2027.39453125,0.10265456140041351,0.6113259196281433,0.0006835582581360373
471,0.020633824169635773,236.0661849975586,0.503803551197052,0.17818014323711395,2038.512451171875,0.10176487267017365,0.608767032623291,0.0006823854970197172
472,0.021373111754655838,244.52417755126953,0.5029856860637665,0.1764616221189499,2018.851318359375,0.10200360417366028,0.6098517179489136,0.0006812116572008231
473,0.021625484339892864,247.4114990234375,0.5030516386032104,0.18409349024295807,2106.16552734375,0.10199481248855591,0.6082444190979004,0.0006800367467247214
474,0.02149002719670534,245.8617706298828,0.5021181106567383,0.17105011641979218,1956.939453125,0.10099606215953827,0.6074416637420654,0.0006788607736441172
475,0.02139858715236187,244.8156280517578,0.5033462792634964,0.1766703724861145,2021.239501953125,0.10253487527370453,0.61213219165802,0.0006776837460189979
476,0.021342042833566666,244.16870880126953,0.5031283348798752,0.17601452767848969,2013.7362060546875,0.10147765278816223,0.6051110029220581,0.0006765056719165794
477,0.02120029926300049,242.54708099365234,0.5034403651952744,0.17549598217010498,2007.8035888671875,0.10167576372623444,0.6102395057678223,0.0006753265594112496
478,0.020717641338706017,237.02510833740234,0.5035262703895569,0.17711354792118073,2026.309814453125,0.10237929970026016,0.6117134690284729,0.0006741464165845136
479,0.02080206386744976,237.99097442626953,0.5025091469287872,0.17609968781471252,2014.71044921875,0.10182800889015198,0.6073569059371948,0.0006729652515249381
480,0.020836024545133114,238.3794937133789,0.5022942870855331,0.17896683514118195,2047.5126953125,0.10176482796669006,0.6097607612609863,0.0006717830723280962
481,0.02087031677365303,238.7718505859375,0.5025248676538467,0.17289817333221436,1978.0828857421875,0.10198131948709488,0.6097927689552307,0.0006705998870965119
482,0.020657744258642197,236.33985137939453,0.5031788945198059,0.17898157238960266,2047.6812744140625,0.10284560173749924,0.6123245358467102,0.0006694157039396041
483,0.02064555510878563,236.20038604736328,0.5041270554065704,0.1750677227973938,2002.904052734375,0.1016126200556755,0.608820378780365,0.0006682305309736318
484,0.020461115054786205,234.09026336669922,0.5018142908811569,0.18049722909927368,2065.021484375,0.10181818157434464,0.6085883378982544,0.0006670443763216375
485,0.02062046155333519,235.9133071899414,0.5021372139453888,0.177832692861557,2034.5372314453125,0.10243083536624908,0.611434817314148,0.0006658572481133926
486,0.02031604666262865,232.43058013916016,0.5036472678184509,0.17569074034690857,2010.0318603515625,0.10218123346567154,0.6099919676780701,0.0006646691544853408
487,0.020426728762686253,233.69684600830078,0.5034430027008057,0.18097808957099915,2070.522705078125,0.10204759240150452,0.6106903553009033,0.0006634801035805428
488,0.020586266182363033,235.5220947265625,0.5029171407222748,0.17618428170681,2015.678466796875,0.10219550877809525,0.610374927520752,0.0006622901035486204
489,0.020368236117064953,233.0276641845703,0.5027764588594437,0.17575280368328094,2010.741943359375,0.1016240268945694,0.6093682050704956,0.0006610991625457006
490,0.020464062690734863,234.12399291992188,0.5023045241832733,0.17921797931194305,2050.38623046875,0.10135625302791595,0.6073960065841675,0.0006599072887343597
491,0.020326310768723488,232.54800415039062,0.5021618902683258,0.1810344010591507,2071.167236328125,0.10216037184000015,0.6112644672393799,0.0006587144902835672
492,0.020166074857115746,230.71480560302734,0.5030259042978287,0.17862044274806976,2043.5498046875,0.10258138179779053,0.6135042905807495,0.0006575207753686304
493,0.020129562355577946,230.29705047607422,0.5018332749605179,0.1782296895980835,2039.0792236328125,0.1013476625084877,0.6071212887763977,0.0006563261521711373
494,0.02000305149704218,228.84970092773438,0.5018842816352844,0.18057090044021606,2065.864501953125,0.10203549265861511,0.6098131537437439,0.0006551306288789019
495,0.020095844753086567,229.9113006591797,0.501281201839447,0.17668549716472626,2021.41259765625,0.10223206877708435,0.611657977104187,0.0006539342136859066
496,0.020017477683722973,229.01471710205078,0.5023926347494125,0.17725910246372223,2027.9749755859375,0.10176269710063934,0.6086252927780151,0.0006527369147922476
497,0.020438218489289284,233.8282928466797,0.501491591334343,0.17599259316921234,2013.4853515625,0.10185575485229492,0.6095377206802368,0.0006515387404040772
498,0.020243613980710506,231.60189819335938,0.5017389208078384,0.18104027211666107,2071.234130859375,0.1022036150097847,0.6118506193161011,0.0006503396987335486
499,0.020022722892463207,229.07473754882812,0.5030932575464249,0.1784222573041916,2041.2821044921875,0.10103665292263031,0.6058793067932129,0.0006491397979987589
500,0.020221631973981857,231.3504180908203,0.5019902884960175,0.17811544239521027,2037.77197265625,0.1018579825758934,0.6099233031272888,0.0006479390464236939
501,0.020104299299418926,230.00804138183594,0.5030685365200043,0.18100732564926147,2070.857666015625,0.10158512741327286,0.6089879274368286,0.0006467374522381699
502,0.020006168633699417,228.88533782958984,0.5018976330757141,0.17975442111492157,2056.523193359375,0.10202713310718536,0.6102055907249451,0.0006455350236777791
503,0.020247227512300014,231.6432342529297,0.5029430240392685,0.17943783104419708,2052.9013671875,0.10232740640640259,0.6122973561286926,0.0006443317689838323
504,0.02001872006803751,229.02893829345703,0.5031556338071823,0.18032614886760712,2063.064208984375,0.10159413516521454,0.6074767112731934,0.0006431276964033024
505,0.020039070397615433,229.26175689697266,0.5010478496551514,0.1765509694814682,2019.8734130859375,0.10224519670009613,0.6117721199989319,0.0006419228141887682
506,0.020020483061671257,229.04910278320312,0.5027596056461334,0.17936809360980988,2052.103271484375,0.10167849063873291,0.6088082790374756,0.0006407171305983572
507,0.01988454908132553,227.4939193725586,0.5027929544448853,0.17963510751724243,2055.158203125,0.10158617049455643,0.6076329946517944,0.0006395106538956899
508,0.02010958641767502,230.06853485107422,0.5031559318304062,0.17682576179504395,2023.017333984375,0.10245217382907867,0.6124434471130371,0.0006383033923498224
509,0.01982272043824196,226.78655242919922,0.5028119087219238,0.1812550574541092,2073.69189453125,0.10127988457679749,0.6071500778198242,0.0006370953542351904
510,0.01983452867716551,226.92166137695312,0.5011049062013626,0.18063850700855255,2066.63818359375,0.10180876404047012,0.6099603176116943,0.0006358865478315516
511,0.019771140068769455,226.19644927978516,0.501589372754097,0.1782294362783432,2039.0762939453125,0.10165229439735413,0.6088946461677551,0.00063467698142393
512,0.019852476194500923,227.12698364257812,0.5036358535289764,0.18123595416545868,2073.473388671875,0.10233084857463837,0.611941933631897,0.0006334666633025581
513,0.01990261022001505,227.70053100585938,0.5024247616529465,0.1798461675643921,2057.5732421875,0.10166294872760773,0.6088711619377136,0.0006322556017628209
514,0.019671844318509102,225.06040954589844,0.5019063651561737,0.1842309981584549,2107.73876953125,0.1017366349697113,0.6082621812820435,0.0006310438051051985
515,0.019845484755933285,227.0469970703125,0.5026876926422119,0.17950884997844696,2053.7138671875,0.10185135900974274,0.6095907688140869,0.0006298312816352096
516,0.01978396810591221,226.3432159423828,0.5016034096479416,0.18484580516815186,2114.7724609375,0.10202564299106598,0.6097040772438049,0.0006286180396633544
517,0.01994338631629944,228.16704559326172,0.5019851177930832,0.17958569526672363,2054.5927734375,0.10167445242404938,0.6085642576217651,0.0006274040875050573
518,0.01980807352811098,226.61898040771484,0.502056211233139,0.18048095703125,2064.83544921875,0.10154066979885101,0.6087654829025269,0.0006261894334806104
519,0.019899490289390087,227.66485595703125,0.5026396363973618,0.180485799908638,2064.890869140625,0.10196320712566376,0.6105448007583618,0.0006249740859151167
520,0.020158655010163784,230.62989044189453,0.5014028400182724,0.18108472228050232,2071.742919921875,0.10152274370193481,0.6085271239280701,0.0006237580531384323
521,0.020489499904215336,234.41500854492188,0.5012370645999908,0.181184321641922,2072.88232421875,0.10167119652032852,0.6102890968322754,0.0006225413434851095
522,0.020991402678191662,240.15715789794922,0.502691462635994,0.18607448041439056,2128.829345703125,0.10171683132648468,0.6085803508758545,0.00062132396529434
523,0.020591117441654205,235.57759857177734,0.49968090653419495,0.17939209938049316,2052.3779296875,0.10090409964323044,0.6065576672554016,0.0006201059269098977
524,0.020572025328874588,235.3591766357422,0.5026339590549469,0.18360109627246857,2100.5322265625,0.10271084308624268,0.6148356199264526,0.0006188872366800814
525,0.02229329664260149,255.0517807006836,0.502717137336731,0.18510830402374268,2117.775634765625,0.10180404782295227,0.6080511808395386,0.0006176679029576576
526,0.023458885960280895,268.38697814941406,0.5007563233375549,0.17381957173347473,1988.6241455078125,0.1001361683011055,0.60252845287323,0.0006164479340998026
527,0.021864943206310272,250.1510772705078,0.4992641806602478,0.18108327686786652,2071.726318359375,0.10106242448091507,0.6065660715103149,0.0006152273384680468
528,0.021536768414080143,246.3965301513672,0.5020015239715576,0.1778995245695114,2035.3018798828125,0.10082338750362396,0.6031532287597656,0.0006140061244282158
529,0.021308627910912037,243.78643798828125,0.5001424551010132,0.174952432513237,2001.5849609375,0.10019400715827942,0.6057021021842957,0.0006127843003503739
530,0.021249323152005672,243.10794830322266,0.5004966557025909,0.18055029213428497,2065.62841796875,0.10065393149852753,0.605711817741394,0.0006115618746087666
531,0.020606020465493202,235.74808502197266,0.5004245042800903,0.17588259279727936,2012.2266845703125,0.10093853622674942,0.603499174118042,0.0006103388555817632
532,0.021336141973733902,244.10123443603516,0.4998859465122223,0.17646440863609314,2018.88330078125,0.1010080873966217,0.6089402437210083,0.0006091152516517988
533,0.021415121853351593,245.0048065185547,0.5019036680459976,0.17293959856033325,1978.5567626953125,0.0998280718922615,0.6036964058876038,0.000607891071205318
534,0.0208001509308815,237.96907806396484,0.49890895187854767,0.1831529438495636,2095.405029296875,0.10076984018087387,0.6026687622070312,0.0006066663226327162
535,0.020984958857297897,240.08342742919922,0.5011035352945328,0.1761295348405838,2015.0518798828125,0.10143374651670456,0.6091320514678955,0.0006054410143282833
536,0.02097860909998417,240.01078033447266,0.5016449242830276,0.17620161175727844,2015.8765869140625,0.10019414871931076,0.603469967842102,0.0006042151546901453
537,0.021908843889832497,250.6533660888672,0.49957939982414246,0.17604491114616394,2014.0838623046875,0.10026641935110092,0.6035268902778625,0.0006029887521202067
538,0.021487446501851082,245.83223724365234,0.503026932477951,0.17690137028694153,2023.88232421875,0.10126905888319016,0.6085936427116394,0.0006017618150240934
539,0.0223875530064106,256.13011932373047,0.5015749782323837,0.18627721071243286,2131.14892578125,0.10068142414093018,0.6029788851737976,0.0006005343518110949
540,0.024388447403907776,279.02186584472656,0.49917861819267273,0.1672012209892273,1912.905517578125,0.09811930358409882,0.5981127023696899,0.0005993063708941065
541,0.024503124877810478,280.3338165283203,0.5014914870262146,0.17663127183914185,2020.7921142578125,0.0993550717830658,0.6033652424812317,0.0005980778806895721
542,0.02324873022735119,265.9826354980469,0.49801792204380035,0.18102027475833893,2071.005615234375,0.09999687969684601,0.5967279672622681,0.000596848889617426
543,0.022988654673099518,263.00718688964844,0.4979550838470459,0.16847673058509827,1927.498291015625,0.09910212457180023,0.5997228622436523,0.0005956194061010353
544,0.022533876821398735,257.8041687011719,0.5054230391979218,0.18372686207294464,2101.970703125,0.10119332373142242,0.611334502696991,0.0005943894385671424
545,0.02291226852685213,262.1332550048828,0.5028889924287796,0.17268671095371246,1975.6636962890625,0.10030165314674377,0.6015244722366333,0.0005931589954458069
546,0.023304487578570843,266.6205368041992,0.5000259578227997,0.16502465307712555,1888.00390625,0.1001855805516243,0.6019926071166992,0.0005919280851703486
547,0.0231621153652668,264.99171447753906,0.5042610168457031,0.17401893436908722,1990.9051513671875,0.1014687567949295,0.6111720204353333,0.0005906967161772884
548,0.022684209048748016,259.5241012573242,0.50382199883461,0.16796964406967163,1921.6968994140625,0.09955894947052002,0.5997394323348999,0.0005894648969062915
549,0.022040436044335365,252.15887451171875,0.4997001141309738,0.17917689681053162,2049.916015625,0.10005898773670197,0.5991406440734863,0.0005882326358001093
550,0.021899210289120674,250.54314422607422,0.5007993578910828,0.169369637966156,1937.71337890625,0.10074999183416367,0.6089150905609131,0.0005869999413045214
551,0.02173877228051424,248.70762634277344,0.5017251074314117,0.1630384474992752,1865.2802734375,0.09931281954050064,0.6026610136032104,0.0005857668218682779
552,0.02128644846379757,243.53268432617188,0.49957507848739624,0.18689347803592682,2138.19921875,0.09967310726642609,0.5993012189865112,0.0005845332859430413
553,0.021901856176555157,250.5734100341797,0.4989364892244339,0.17099358141422272,1956.2928466796875,0.09985283017158508,0.6037524938583374,0.0005832993419833289
554,0.02139973361045122,244.82877349853516,0.5010839700698853,0.1717560887336731,1965.016357421875,0.09984332323074341,0.6020885705947876,0.0005820649984464542
555,0.02043536026030779,233.79561614990234,0.5013768523931503,0.18089883029460907,2069.6162109375,0.10007122159004211,0.6000435948371887,0.0005808302637924698
556,0.020353063009679317,232.85406494140625,0.500662311911583,0.16801583766937256,1922.225341796875,0.09974709898233414,0.6015391945838928,0.0005795951464841086
557,0.02095632255077362,239.7558135986328,0.4999005049467087,0.17698873579502106,2024.8817138671875,0.10066616535186768,0.6054418087005615,0.0005783596549867263
558,0.020754387602210045,237.4455108642578,0.5014766156673431,0.17358970642089844,1985.994384765625,0.10122156888246536,0.6073662042617798,0.0005771237977682435
559,0.020114118233323097,230.12036895751953,0.5018421858549118,0.16935594379901886,1937.556884765625,0.10036420077085495,0.6046127080917358,0.000575887583299087
560,0.020086340606212616,229.8025665283203,0.5015309602022171,0.1805853247642517,2066.02978515625,0.10060752928256989,0.6034162044525146,0.0005746510200521325
561,0.02010351326316595,229.99903869628906,0.5004211962223053,0.17003130912780762,1945.28369140625,0.10046930611133575,0.6046395897865295,0.0005734141165026458
562,0.019912857562303543,227.8177947998047,0.5010276883840561,0.1764778196811676,2019.036865234375,0.10080254077911377,0.6049880981445312,0.0005721768811282256
563,0.01967706624418497,225.1201629638672,0.5005210489034653,0.17658202350139618,2020.228759765625,0.10047196596860886,0.604102373123169,0.0005709393224087445
564,0.019498600624501705,223.07839965820312,0.5006510615348816,0.17174072563648224,1964.8406982421875,0.10071071237325668,0.6056662797927856,0.0005697014488262915
565,0.01961841993033886,224.44921875,0.5015771985054016,0.17792148888111115,2035.553466796875,0.10095532238483429,0.6058720946311951,0.0005684632688651133
566,0.01975696999579668,226.0343246459961,0.5012060403823853,0.1732109785079956,1981.66162109375,0.10067181289196014,0.6051799058914185,0.0005672247910115569
567,0.019395794719457626,221.90222930908203,0.5003993958234787,0.17617124319076538,2015.529296875,0.10113757103681564,0.6086819171905518,0.0005659860237540107
568,0.019363353960216045,221.53106689453125,0.5016087293624878,0.17810669541358948,2037.672119140625,0.10055772960186005,0.6043424606323242,0.0005647469755828469
569,0.01919563300907612,219.61221313476562,0.5007676184177399,0.17726106941699982,2027.9976806640625,0.10088174045085907,0.6055505275726318,0.000563507654990363
570,0.01927693746984005,220.54239654541016,0.501130148768425,0.1770278662443161,2025.32958984375,0.10129344463348389,0.6071993112564087,0.0005622680704707234
571,0.0191957987844944,219.6140899658203,0.5019432306289673,0.17481403052806854,2000.0015869140625,0.10091875493526459,0.6068789958953857,0.0005610282305199017
572,0.019153273664414883,219.12759399414062,0.5011548399925232,0.1788090020418167,2045.70703125,0.1013016626238823,0.6077274084091187,0.0005597881436356221
573,0.01923193968832493,220.02758026123047,0.5012944936752319,0.1771739423274994,2027.0006103515625,0.10121800005435944,0.6074832081794739,0.0005585478183173013
574,0.019152588210999966,219.1197509765625,0.5010122209787369,0.1790386289358139,2048.334228515625,0.10070496052503586,0.6061299443244934,0.00055730726306599
575,0.01931627932935953,220.99248504638672,0.5006995350122452,0.17901189625263214,2048.0283203125,0.10113619267940521,0.608012318611145,0.0005560664863843152
576,0.019221631810069084,219.9096450805664,0.5016563236713409,0.17780396342277527,2034.208740234375,0.10133270919322968,0.6071491241455078,0.0005548254967764211
577,0.019145610742270947,219.03992462158203,0.5008687376976013,0.17749673128128052,2030.693603515625,0.10087408870458603,0.6068623661994934,0.0005535843027479116
578,0.019308009184896946,220.89788055419922,0.5016705095767975,0.17897143959999084,2047.5654296875,0.10130127519369125,0.6084620952606201,0.0005523429128057918
579,0.01913589332252741,218.9287338256836,0.5019939839839935,0.1794087439775467,2052.56884765625,0.10084890574216843,0.6047718524932861,0.000551101335458409
580,0.019195254892110825,219.60789489746094,0.5003772079944611,0.17782706022262573,2034.47314453125,0.10132378339767456,0.6079533100128174,0.0005498595792153957
581,0.01915642898529768,219.1636962890625,0.5015880167484283,0.1751338690519333,2003.660888671875,0.10136616230010986,0.6089919805526733,0.0005486176525876099
582,0.019154922105371952,219.14645385742188,0.501993864774704,0.18036338686943054,2063.490478515625,0.10108976066112518,0.6067074537277222,0.0005473755640870776
583,0.019197599962353706,219.6347198486328,0.5011873692274094,0.1798110157251358,2057.1708984375,0.10162180662155151,0.6093834638595581,0.0005461333222269346
584,0.019105167128145695,218.5772247314453,0.5012382566928864,0.17917460203170776,2049.889892578125,0.10115551203489304,0.6064964532852173,0.0005448909355213672
585,0.01915451232343912,219.1417694091797,0.500543937087059,0.17838533222675323,2040.8597412109375,0.10102996230125427,0.6068903207778931,0.0005436484124855549
586,0.019279558211565018,220.57238006591797,0.5011128485202789,0.18179191648960114,2079.833740234375,0.10110443830490112,0.6079366207122803,0.0005424057616356117
587,0.01938528846949339,221.78201293945312,0.5010727643966675,0.17646057903766632,2018.839111328125,0.1004839688539505,0.6051298379898071,0.000541162991488527
588,0.019229138270020485,219.99553680419922,0.5006864964962006,0.17935754358768463,2051.98291015625,0.10053031146526337,0.6051099300384521,0.0005399201105621082
589,0.019109079614281654,218.62198638916016,0.5008782148361206,0.18224740028381348,2085.044921875,0.10149166733026505,0.6072720885276794,0.0005386771273749226
590,0.019141800701618195,218.99635314941406,0.5009800046682358,0.1772398054599762,2027.75439453125,0.10135126113891602,0.606758177280426,0.0005374340504462371
591,0.019137981347739697,218.95263671875,0.5009385645389557,0.18187959492206573,2080.8369140625,0.10152983665466309,0.6086309552192688,0.0005361908882959623
592,0.019131424836814404,218.87763214111328,0.5016319751739502,0.17635829746723175,2017.6690673828125,0.10137343406677246,0.6086007356643677,0.0005349476494445919
593,0.0190859604626894,218.35749053955078,0.5015586614608765,0.1790558248758316,2048.53076171875,0.101313516497612,0.6068999767303467,0.0005337043424131462
594,0.01890582963824272,216.29666137695312,0.500766396522522,0.1799997091293335,2059.32958984375,0.1010892242193222,0.6063608527183533,0.0005324609757231121
595,0.019062376581132412,218.08763885498047,0.5015456974506378,0.1767033040523529,2021.6162109375,0.101107656955719,0.60712069272995,0.0005312175578963859
596,0.018976756371557713,217.10808563232422,0.5008719563484192,0.18228155374526978,2085.435302734375,0.10117699205875397,0.6068707704544067,0.000529974097455214
597,0.01885528862476349,215.71841430664062,0.5009886920452118,0.17832385003566742,2040.156494140625,0.10088127851486206,0.6057844161987305,0.0005287306029221352
598,0.018911008723080158,216.35589599609375,0.5009976178407669,0.17901557683944702,2048.07080078125,0.10092943161725998,0.6073052883148193,0.0005274870828199215
599,0.019000863656401634,217.3839111328125,0.5012298226356506,0.17965586483478546,2055.395751953125,0.10092756152153015,0.6061691045761108,0.0005262435456715208
600,0.018797199241816998,215.05382537841797,0.5001632273197174,0.17881420254707336,2045.7664794921875,0.10090255737304688,0.6052697896957397,0.0005249999999999973
601,0.0187815735116601,214.8750762939453,0.5010298639535904,0.18065157532691956,2066.787841796875,0.10115943104028702,0.6074385046958923,0.0005237564543284737
602,0.018840517848730087,215.54943084716797,0.5007336288690567,0.17845410108566284,2041.6466064453125,0.10128153860569,0.607583224773407,0.000522512917180073
603,0.018766208551824093,214.69927978515625,0.5011944025754929,0.18203474581241608,2082.612060546875,0.1016673892736435,0.6083677411079407,0.0005212693970778594
604,0.018919982947409153,216.45858764648438,0.5012008845806122,0.17859980463981628,2043.3135986328125,0.10145947337150574,0.6079764366149902,0.0005200259025447805
605,0.019014760851860046,217.54291534423828,0.5008531510829926,0.17846263945102692,2041.7445068359375,0.10089720785617828,0.6069047451019287,0.0005187824421036086
606,0.01885674148797989,215.73504638671875,0.5005340874195099,0.18486441671848297,2114.985595703125,0.10144531726837158,0.6066471338272095,0.0005175390242768824
607,0.019013140350580215,217.5243682861328,0.5003366470336914,0.17780624330043793,2034.2347412109375,0.10107824951410294,0.6059003472328186,0.0005162956575868483
608,0.018840214237570763,215.54596710205078,0.5007980912923813,0.1798522174358368,2057.64208984375,0.10126395523548126,0.6084778308868408,0.0005150523505554026
609,0.01906950119882822,218.169189453125,0.5008053034543991,0.17929404973983765,2051.256591796875,0.10116399824619293,0.6065635681152344,0.0005138091117040321
610,0.018802860751748085,215.1186065673828,0.5004013478755951,0.1829306036233902,2092.861328125,0.10141719877719879,0.6067503690719604,0.0005125659495537572
611,0.018717768602073193,214.14508056640625,0.5010896474123001,0.17947235703468323,2053.296142578125,0.10102832317352295,0.6065893173217773,0.0005113228726250718
612,0.01887477934360504,215.94142150878906,0.5005225986242294,0.18116198480129242,2072.626953125,0.10081906616687775,0.6054264307022095,0.0005100798894378861
613,0.01884316001087427,215.5796661376953,0.49995607137680054,0.18185283243656158,2080.530517578125,0.10125897824764252,0.6060348749160767,0.0005088370085114675
614,0.01900444831699133,217.42491912841797,0.5005120187997818,0.1807045042514801,2067.39306640625,0.10129974782466888,0.6083123683929443,0.0005075942383643828
615,0.01902252435684204,217.63172149658203,0.5004483759403229,0.17916497588157654,2049.779541015625,0.10094104707241058,0.6081540584564209,0.0005063515875144395
616,0.019118732772767544,218.73241424560547,0.5028411000967026,0.18139103055000305,2075.247314453125,0.10071852803230286,0.6039671897888184,0.0005051090644786272
617,0.019072527065873146,218.20378875732422,0.5001917779445648,0.18501164019107819,2116.669677734375,0.10169662535190582,0.6079174876213074,0.00050386667777306
618,0.01882133260369301,215.32994079589844,0.5005615949630737,0.1773626059293747,2029.1591796875,0.1006142646074295,0.605495810508728,0.0005026244359129168
619,0.019077269360423088,218.25804138183594,0.5002055764198303,0.18028301000595093,2062.571044921875,0.10079566389322281,0.6061205863952637,0.0005013823474123845
620,0.018938408233225346,216.66936492919922,0.5005989968776703,0.18258018791675568,2088.8525390625,0.10135045647621155,0.6063281893730164,0.0005001404207845987
621,0.018824702128767967,215.3685073852539,0.5006273686885834,0.17943145334720612,2052.828125,0.10097967833280563,0.605628490447998,0.0004988986645415853
622,0.01869332045316696,213.86538696289062,0.5003804564476013,0.17895641922950745,2047.3934326171875,0.10130040347576141,0.6088600158691406,0.0004976570871942026
623,0.018699122592806816,213.93177795410156,0.5001751184463501,0.1802404224872589,2062.08349609375,0.10106344521045685,0.6065405011177063,0.0004964156972520826
624,0.018662307411432266,213.51058197021484,0.5006438791751862,0.18350781500339508,2099.46484375,0.10092020034790039,0.6055648326873779,0.0004951745032235732
625,0.01870446465909481,213.9928970336914,0.5009779632091522,0.1790957748889923,2048.98779296875,0.10103672742843628,0.6077030301094055,0.000493933513615679
626,0.018695802427828312,213.8937759399414,0.500838115811348,0.1809796392917633,2070.540771484375,0.10112503916025162,0.606981635093689,0.0004926927369340041
627,0.018544787541031837,212.16604614257812,0.5004568845033646,0.18267768621444702,2089.967529296875,0.10096747428178787,0.6064958572387695,0.0004914521816826927
628,0.01867525465786457,213.65869903564453,0.5003374367952347,0.1804594099521637,2064.5888671875,0.10080536454916,0.606542706489563,0.0004902118563643719
629,0.018575466237962246,212.51703643798828,0.5004077851772308,0.18187566101551056,2080.7919921875,0.10137974470853806,0.6078634262084961,0.0004889717694800922
630,0.018617363646626472,212.99637603759766,0.500558614730835,0.1803467869758606,2063.30029296875,0.10073152184486389,0.6045016050338745,0.0004877319295292706
631,0.01848736498504877,211.50910186767578,0.4998246133327484,0.18171197175979614,2078.9189453125,0.10115019977092743,0.6077130436897278,0.000486492345009631
632,0.01855175569653511,212.24578857421875,0.5008029937744141,0.18236084282398224,2086.343017578125,0.10128326714038849,0.6071348190307617,0.000485253024417147
633,0.01860387623310089,212.8420867919922,0.49985912442207336,0.18084992468357086,2069.056884765625,0.10120774805545807,0.6058584451675415,0.00048401397624598335
634,0.018619258888065815,213.01807403564453,0.5012901425361633,0.1807127743959427,2067.487548828125,0.10114961117506027,0.6074488162994385,0.0004827752089884372
635,0.01858703140169382,212.64937591552734,0.5005480796098709,0.18225957453250885,2085.183837890625,0.10088662803173065,0.6060429215431213,0.00048153673113488085
636,0.018575591035187244,212.51848602294922,0.5001202970743179,0.18254554271697998,2088.455810546875,0.10119889676570892,0.6065049767494202,0.00048029855117370253
637,0.018457300029695034,211.16514587402344,0.5001331269741058,0.18152469396591187,2076.77685546875,0.10097342729568481,0.6064194440841675,0.0004790606775912495
638,0.018449412658810616,211.0749053955078,0.5002047717571259,0.18240123987197876,2086.804931640625,0.10085240751504898,0.6057344675064087,0.0004778231188717684
639,0.018561528995633125,212.3575897216797,0.5003288090229034,0.1827300637960434,2090.567138671875,0.10113771259784698,0.6066086292266846,0.00047658588349734827
640,0.018437747843563557,210.9414520263672,0.5003158748149872,0.18171438574790955,2078.94677734375,0.10113099217414856,0.6066330671310425,0.00047534897994786163
641,0.01854310091584921,212.1467514038086,0.5003091394901276,0.181153804063797,2072.533203125,0.10100064426660538,0.6069529056549072,0.000474112416700907
642,0.018562911078333855,212.37339782714844,0.5002138018608093,0.18157576024532318,2077.360595703125,0.10085975378751755,0.6060274839401245,0.0004728762022317505
643,0.018449165858328342,211.0720977783203,0.49955010414123535,0.1831771731376648,2095.68212890625,0.10092734545469284,0.6053982377052307,0.00047164034501326763
644,0.018630914390087128,213.1514129638672,0.5004243850708008,0.18165723979473114,2078.29296875,0.10115519165992737,0.607609748840332,0.00047040485351588547
645,0.018606116995215416,212.86772918701172,0.5005607008934021,0.1850542426109314,2117.1572265625,0.10092136263847351,0.6061195135116577,0.0004691697362075242
646,0.018652526661753654,213.39867401123047,0.4996732622385025,0.18467086553573608,2112.77099609375,0.10072627663612366,0.6038815975189209,0.0004679350015535398
647,0.01857681106775999,212.5324478149414,0.4998888075351715,0.18321479856967926,2096.11279296875,0.10136294364929199,0.6084154844284058,0.000466700658016665
648,0.018568968400359154,212.4427032470703,0.5013160407543182,0.18318136036396027,2095.72998046875,0.10133234411478043,0.6084235310554504,0.0004654667140569526
649,0.018502221442759037,211.6790771484375,0.5000700354576111,0.18143711984157562,2075.77490234375,0.10048256814479828,0.6040506362915039,0.00046423317813171607
650,0.01851345505565405,211.80758666992188,0.49984388053417206,0.1847579926252365,2113.767578125,0.10117223858833313,0.6069586873054504,0.0004630000586954727
651,0.018456431105732918,211.15520477294922,0.5003407597541809,0.1835252195596695,2099.6640625,0.1012454479932785,0.6071780920028687,0.00046176736419988485
652,0.018442852422595024,210.99984741210938,0.5000106543302536,0.18470776081085205,2113.193115234375,0.1008213609457016,0.605360746383667,0.0004605351030937026
653,0.018546602688729763,212.18682098388672,0.4999386966228485,0.18380409479141235,2102.8544921875,0.10109150409698486,0.6065582036972046,0.00045930328382270556
654,0.01865851879119873,213.4672088623047,0.4999159425497055,0.18367846310138702,2101.417236328125,0.10100214183330536,0.6055812835693359,0.0004580719148296454
655,0.01848565600812435,211.48956298828125,0.4999631941318512,0.18346057832241058,2098.924560546875,0.10123239457607269,0.6074121594429016,0.0004568410045541871
656,0.01842427346855402,210.7872772216797,0.5015516132116318,0.18111684918403625,2072.1103515625,0.10116668045520782,0.6079749464988708,0.0004556105614328519
657,0.018284409306943417,209.18714141845703,0.5005569756031036,0.18704260885715485,2139.90576171875,0.10109148174524307,0.6062619686126709,0.00045438059389895887
658,0.018536395393311977,212.07003784179688,0.4996701776981354,0.1836027204990387,2100.55078125,0.10099093616008759,0.605554461479187,0.00045315111038256816
659,0.0183874424546957,210.36592864990234,0.5003671944141388,0.18295343220233917,2093.122314453125,0.10117879509925842,0.6078777313232422,0.0004519221193104221
660,0.01844962127506733,211.0772933959961,0.5001993477344513,0.18351811170578003,2099.582763671875,0.1009911522269249,0.606292724609375,0.0004506936291058878
661,0.018489662557840347,211.535400390625,0.5003384500741959,0.1874745786190033,2144.847900390625,0.10083156824111938,0.6050596237182617,0.00044946564818889933
662,0.01848352886736393,211.46522521972656,0.49972526729106903,0.1842757612466812,2108.250732421875,0.1010563001036644,0.6061065793037415,0.00044823818497590086
663,0.01848588790744543,211.49220275878906,0.4997215121984482,0.18339291214942932,2098.150390625,0.10065415501594543,0.6049700975418091,0.0004470112478797875
664,0.01850153971463442,211.67127227783203,0.49947282671928406,0.1862098127603531,2130.377685546875,0.10086722671985626,0.6056162714958191,0.0004457848453098487
665,0.018388579599559307,210.37893676757812,0.5001561045646667,0.18474605679512024,2113.631103515625,0.10128891468048096,0.6072220802307129,0.0004445589856717107
666,0.018373955972492695,210.21160888671875,0.5000454634428024,0.18536444008350372,2120.706298828125,0.10096832364797592,0.60596764087677,0.0004433336773672779
667,0.018357967026531696,210.02869415283203,0.4995766878128052,0.18261519074440002,2089.252685546875,0.10061153769493103,0.6043694019317627,0.00044210892879467634
668,0.018435267731547356,210.91307067871094,0.4992566704750061,0.18437489867210388,2109.385009765625,0.10113905370235443,0.6066775321960449,0.00044088474834819537
669,0.01826268434524536,208.9385757446289,0.5011169016361237,0.18660730123519897,2134.92529296875,0.10137933492660522,0.6081284880638123,0.0004396611444182309
670,0.018251175060868263,208.8069076538086,0.5004813820123672,0.18385787308216095,2103.469970703125,0.10072922706604004,0.6054660677909851,0.0004384381253912274
671,0.018416009843349457,210.69275665283203,0.49988532066345215,0.1844864934682846,2110.66162109375,0.10095010697841644,0.6066265106201172,0.00043721569964962016
672,0.018429609946906567,210.8483657836914,0.49970874190330505,0.18412292003631592,2106.502197265625,0.10103572905063629,0.606532871723175,0.0004359938755717782
673,0.01823296956717968,208.5986328125,0.4992474913597107,0.18386445939540863,2103.545166015625,0.10060502588748932,0.6046355962753296,0.00043477266153194727
674,0.018292286433279514,209.27725982666016,0.4996505379676819,0.18663181364536285,2135.2060546875,0.10078223794698715,0.6050454378128052,0.0004335520659001914
675,0.018288832157850266,209.23773956298828,0.4989520311355591,0.18298709392547607,2093.50732421875,0.10073159635066986,0.6042851209640503,0.0004323320970423364
676,0.018495243974030018,211.59925079345703,0.4986884444952011,0.18639056384563446,2132.446044921875,0.10129993408918381,0.6077636480331421,0.0004311127633199125
677,0.018353964202106,209.98291015625,0.4997748136520386,0.1867941915988922,2137.0634765625,0.10084506869316101,0.6049453020095825,0.0004298940730900963
678,0.018298590555787086,209.34938049316406,0.4990699589252472,0.18548576533794403,2122.09423828125,0.10059861838817596,0.6041991710662842,0.00042867603470565405
679,0.018385632894933224,210.34520721435547,0.4995713531970978,0.1890079826116562,2162.390869140625,0.1009795069694519,0.6056973338127136,0.00042745865651488453
680,0.018285617232322693,209.20095825195312,0.4994489252567291,0.18322905898094177,2096.27587890625,0.1006954163312912,0.6043683886528015,0.0004262419468615617
681,0.018347016535699368,209.90342712402344,0.49942079186439514,0.18800662457942963,2150.9345703125,0.10109449923038483,0.6065859794616699,0.00042502591408487733
682,0.018339592963457108,209.81849670410156,0.4999321401119232,0.18531058728694916,2120.08984375,0.10112595558166504,0.6066412925720215,0.0004238105665193837
683,0.018178679049015045,207.97750091552734,0.4998824894428253,0.18555928766727448,2122.93505859375,0.1008588895201683,0.604637086391449,0.00042259591249493687
684,0.018233277834951878,208.6021499633789,0.499310165643692,0.1875244528055191,2145.41845703125,0.10108204931020737,0.6059821248054504,0.00042138196033663977
685,0.018419804982841015,210.73617553710938,0.4998597204685211,0.18650096654891968,2133.708740234375,0.10111583769321442,0.6060407757759094,0.00042016871836478455
686,0.018233253620564938,208.6018829345703,0.500175952911377,0.18718118965625763,2141.490966796875,0.10070907324552536,0.6048880815505981,0.00041895619489479557
687,0.018185552209615707,208.05614471435547,0.4987186789512634,0.18578960001468658,2125.570068359375,0.10087323933839798,0.6063752770423889,0.00041774439823717333
688,0.018216490745544434,208.41009521484375,0.49972276389598846,0.1874786615371704,2144.89453125,0.10076040774583817,0.6049168705940247,0.0004165333366974361
689,0.01814852189272642,207.63248443603516,0.4997641295194626,0.18916261196136475,2164.159912109375,0.1008715033531189,0.6050432920455933,0.0004153230185760642
690,0.01815216615796089,207.67417907714844,0.49950897693634033,0.18685977160930634,2137.813720703125,0.10110607743263245,0.6063767671585083,0.0004141134521684424
691,0.018038077279925346,206.36892700195312,0.49982839822769165,0.18639981746673584,2132.551513671875,0.10102031379938126,0.6059839725494385,0.00041290464576480373
692,0.018085558898746967,206.9121551513672,0.49976059794425964,0.18910275399684906,2163.47509765625,0.10109449923038483,0.6062650680541992,0.00041169660765017174
693,0.01803129632025957,206.2913589477539,0.4992344528436661,0.18808241188526154,2151.8017578125,0.10102111846208572,0.6057374477386475,0.0004104893461043044
694,0.018010026775300503,206.04798889160156,0.49969981610774994,0.18653889000415802,2134.142822265625,0.10093900561332703,0.6060888767242432,0.0004092828694016369
695,0.018030699342489243,206.28451538085938,0.49942418932914734,0.18730130791664124,2142.865234375,0.10096348077058792,0.6059579849243164,0.0004080771858112259
696,0.017993890680372715,205.8634033203125,0.49941031634807587,0.1888275295495987,2160.326416015625,0.10083165019750595,0.6050775647163391,0.0004068723035966917
697,0.01799253188073635,205.84784698486328,0.49946220219135284,0.18835195899009705,2154.885498046875,0.1009463518857956,0.6058012843132019,0.00040566823101616164
698,0.017988678067922592,205.80374908447266,0.49961674213409424,0.18734002113342285,2143.30810546875,0.1008780300617218,0.6056389808654785,0.00040446497632221496
699,0.018110031262040138,207.19212341308594,0.4995022416114807,0.18931320309638977,2165.8828125,0.10106154531240463,0.606218159198761,0.00040326254776182433
700,0.01812680810689926,207.38406372070312,0.4991665482521057,0.18667708337306976,2135.7236328125,0.10075023770332336,0.6050788760185242,0.00040206095357630037
701,0.018212774768471718,208.36758422851562,0.5000285804271698,0.1867285668849945,2136.3125,0.10112062096595764,0.6073856353759766,0.0004008602020012351
702,0.01811574213206768,207.2574462890625,0.4995783269405365,0.18909944593906403,2163.437255859375,0.10098744928836823,0.6061590909957886,0.0003996603012664456
703,0.018198140896856785,208.2001724243164,0.498797208070755,0.1862649917602539,2131.009033203125,0.1007271558046341,0.6048844456672668,0.000398461259595917
704,0.018327652476727962,209.681884765625,0.4999706298112869,0.19362254440784454,2215.18505859375,0.10144618153572083,0.6069983243942261,0.00039726308520774664
705,0.01867744792252779,213.68379974365234,0.49884772300720215,0.18112565577030182,2072.211181640625,0.100558340549469,0.6037091016769409,0.00039606578631408743
706,0.019175137393176556,219.37773895263672,0.49932141602039337,0.1900993287563324,2174.876953125,0.10122616589069366,0.6064620614051819,0.00039486937112109225
707,0.020279631949961185,232.01398468017578,0.4995303153991699,0.18675631284713745,2136.63037109375,0.10080823302268982,0.6047117710113525,0.00039367384782885685
708,0.018943858332931995,216.73172760009766,0.49946047365665436,0.17913994193077087,2049.493408203125,0.10030755400657654,0.602651834487915,0.0003924792246313637
709,0.018988238647580147,217.23946380615234,0.49842382967472076,0.19417239725589752,2221.475341796875,0.10105116665363312,0.6054202914237976,0.00039128550971642684
710,0.019429044798016548,222.28262329101562,0.49867217242717743,0.1854456663131714,2121.635498046875,0.10043970495462418,0.6025251746177673,0.0003900927112656345
711,0.019358438439667225,221.4748306274414,0.4979667216539383,0.1821509152650833,2083.94091796875,0.100211001932621,0.6033177375793457,0.0003889008374542935
712,0.018677061423659325,213.67935943603516,0.49833908677101135,0.19246773421764374,2201.97314453125,0.10087060928344727,0.6057600975036621,0.00038770989645137355
713,0.019057697616517544,218.0341339111328,0.4985954314470291,0.1791520118713379,2049.63134765625,0.10011112689971924,0.6020204424858093,0.0003865198964194513
714,0.019100729376077652,218.5264663696289,0.4992556571960449,0.18511797487735748,2117.88623046875,0.1006334125995636,0.604798436164856,0.0003853308455146533
715,0.018653790466487408,213.4131622314453,0.499473512172699,0.19017983973026276,2175.7978515625,0.10111409425735474,0.6061133146286011,0.0003841427518866014
716,0.018647737335413694,213.34387969970703,0.4990892857313156,0.1845630705356598,2111.537841796875,0.10062459111213684,0.6027244925498962,0.00038295562367835655
717,0.018435170873999596,210.9119873046875,0.49862435460090637,0.1858939677476883,2126.764404296875,0.10094256699085236,0.6044666767120361,0.00038176946902636225
718,0.018626293167471886,213.09854125976562,0.4987018406391144,0.18398790061473846,2104.95703125,0.1005716398358345,0.6047298908233643,0.00038058429606038985
719,0.018527165986597538,211.96446228027344,0.4998476356267929,0.18485379219055176,2114.86376953125,0.10011504590511322,0.6025136709213257,0.000379400112903482
720,0.018610868602991104,212.92208862304688,0.49889257550239563,0.18926607072353363,2165.34375,0.1005195826292038,0.6038235425949097,0.0003782169276718977
721,0.018639040179550648,213.24439239501953,0.4988822042942047,0.1860627979040146,2128.69580078125,0.10063503682613373,0.6045348644256592,0.00037703474847505596
722,0.0182763934135437,209.0954360961914,0.4990383982658386,0.1858236938714981,2125.960205078125,0.10058130323886871,0.6034175157546997,0.0003758535834154804
723,0.01836932823061943,210.1586685180664,0.49897362291812897,0.18725986778736115,2142.391357421875,0.1004626601934433,0.6039960384368896,0.00037467344058874426
724,0.018206819891929626,208.29946899414062,0.49857980012893677,0.1850874423980713,2117.536865234375,0.10014170408248901,0.603748619556427,0.0003734943280834145
725,0.01810366753488779,207.11933135986328,0.49880558252334595,0.1853385865688324,2120.410400390625,0.10029803216457367,0.6033453941345215,0.00037231625398099604
726,0.018234433606266975,208.6153793334961,0.49856823682785034,0.1871252804994583,2140.85107421875,0.10047908127307892,0.6035999655723572,0.00037113922635587674
727,0.017980297096073627,205.7078628540039,0.49868300557136536,0.1852366328239441,2119.243896484375,0.10052318125963211,0.6043131947517395,0.00036996325327527245
728,0.01801606547087431,206.11709594726562,0.4988929480314255,0.18565398454666138,2124.018798828125,0.10051007568836212,0.6038511991500854,0.0003687883427991707
729,0.018053313717246056,206.54324340820312,0.49851229786872864,0.18539124727249146,2121.012939453125,0.10043077915906906,0.6034097671508789,0.0003676145029802766
730,0.018066156655550003,206.69019317626953,0.4987715780735016,0.18662555515766144,2135.13427734375,0.10052083432674408,0.604325532913208,0.0003664417418639565
731,0.017964182421565056,205.52350616455078,0.49896955490112305,0.18601588904857635,2128.1591796875,0.10045449435710907,0.6036487221717834,0.00036527006748818426
732,0.01793763693422079,205.2198257446289,0.4986869841814041,0.18594904243946075,2127.394287109375,0.10037533938884735,0.6036420464515686,0.0003640994878834844
733,0.01793742273002863,205.21736907958984,0.4989728033542633,0.18959593772888184,2169.117431640625,0.10075266659259796,0.6049994230270386,0.00036293001107287875
734,0.01789951976388693,204.78372192382812,0.4989927262067795,0.18696586787700653,2139.02734375,0.1004655733704567,0.603373646736145,0.0003617616450718302
735,0.018176906742155552,207.9572296142578,0.49890220165252686,0.18723064661026,2142.056884765625,0.10037489235401154,0.6035106182098389,0.0003605943978881887
736,0.017767617478966713,203.27467346191406,0.49828019738197327,0.18778514862060547,2148.40087890625,0.10058705508708954,0.605352520942688,0.0003594282775221357
737,0.0180413955822587,206.40689849853516,0.4989631623029709,0.1861990988254547,2130.255126953125,0.10049020498991013,0.6046730875968933,0.00035826329196612944
738,0.017954670824110508,205.41470336914062,0.4986491948366165,0.19019527733325958,2175.974365234375,0.10044189542531967,0.6035561561584473,0.0003570994492048507
739,0.017950432375073433,205.36620330810547,0.4986245334148407,0.18751344084739685,2145.292236328125,0.10067829489707947,0.6048318147659302,0.00035593675721514747
740,0.01797865331172943,205.68905639648438,0.4989941418170929,0.1860239952802658,2128.251708984375,0.10085247457027435,0.6050510406494141,0.00035477522396598035
741,0.017942385748028755,205.27413177490234,0.49883684515953064,0.1881316602230072,2152.364990234375,0.10055556893348694,0.6037267446517944,0.000353614857418368
742,0.017934096045792103,205.17928314208984,0.49884213507175446,0.18804913759231567,2151.4208984375,0.10051704198122025,0.6042829155921936,0.0003524556655253332
743,0.017882026731967926,204.58360290527344,0.4988267421722412,0.18948672711849213,2167.8681640625,0.10037614405155182,0.6036360263824463,0.00035129765623184706
744,0.01790892891585827,204.89136505126953,0.4989854395389557,0.18747687339782715,2144.873779296875,0.10046631097793579,0.6042463183403015,0.000350140837474776
745,0.017800914123654366,203.65560913085938,0.4985132962465286,0.18764545023441315,2146.802490234375,0.10026299953460693,0.6034905910491943,0.00034898521718282566
746,0.017895890399813652,204.7422103881836,0.4984411299228668,0.1902237981557846,2176.300537109375,0.10037671029567719,0.6041524410247803,0.0003478308032764887
747,0.017885591834783554,204.62438201904297,0.4987946152687073,0.18943634629249573,2167.291748046875,0.10045848786830902,0.6045534610748291,0.0003466776036679885
748,0.017764379270374775,203.23763275146484,0.49834413826465607,0.18657176196575165,2134.518798828125,0.10025571286678314,0.6036067008972168,0.000345525626261226
749,0.017874990589916706,204.5030746459961,0.4983052611351013,0.18863166868686676,2158.085693359375,0.10067089647054672,0.6055301427841187,0.0003443748789517256
750,0.017929294146597385,205.1243667602539,0.5003334283828735,0.18714754283428192,2141.106201171875,0.10074600577354431,0.6065206527709961,0.00034322536962658033
751,0.01800151914358139,205.95066833496094,0.4980452358722687,0.18859530985355377,2157.66943359375,0.10034157335758209,0.6039406061172485,0.0003420771061643985
752,0.01803374383598566,206.31934356689453,0.4987839460372925,0.19050081074237823,2179.469970703125,0.10036730766296387,0.6036587953567505,0.0003409300964352491
753,0.017945362254977226,205.3082046508789,0.4977254271507263,0.184365913271904,2109.282470703125,0.10019602626562119,0.6038761138916016,0.00033978434830060866
754,0.017921174876391888,205.03147888183594,0.49912697076797485,0.18845263123512268,2156.037353515625,0.10093790292739868,0.607056736946106,0.00033863986961330634
755,0.017903524450957775,204.82953643798828,0.4992685914039612,0.18889109790325165,2161.0537109375,0.10072033107280731,0.605999231338501,0.0003374966682174711
756,0.017873741686344147,204.4888153076172,0.49880991876125336,0.1874968260526657,2145.102294921875,0.10045526921749115,0.6045668125152588,0.00033635475194847714
757,0.01789767388254404,204.76258850097656,0.4993108958005905,0.19095377624034882,2184.652099609375,0.10074718296527863,0.60573410987854,0.00033521412863289103
758,0.01791783608496189,204.99327087402344,0.49875274300575256,0.18747127056121826,2144.809814453125,0.10069414228200912,0.6048871874809265,0.000334074806088417
759,0.017826412804424763,203.94732666015625,0.4982798397541046,0.1895851492881775,2168.994384765625,0.10054770857095718,0.6044637560844421,0.0003329367921238441
760,0.01780337281525135,203.68373107910156,0.49867889285087585,0.19076700508594513,2182.515380859375,0.10042319446802139,0.6047059297561646,0.00033180009453899283
761,0.017801471054553986,203.66197204589844,0.49853724241256714,0.18755687773227692,2145.7890625,0.10065090656280518,0.6050810813903809,0.0003306647211246612
762,0.01783478632569313,204.04312896728516,0.49868446588516235,0.1879129558801651,2149.86279296875,0.10084650665521622,0.6060220003128052,0.0003295306796625715
763,0.017790918238461018,203.54122924804688,0.49884940683841705,0.1896636039018631,2169.891845703125,0.10050618648529053,0.6045000553131104,0.00032839797792531654
764,0.017781151458621025,203.42950439453125,0.49858634173870087,0.189361110329628,2166.43115234375,0.1002819687128067,0.6030540466308594,0.0003272666236763076
765,0.0177145479246974,202.66751861572266,0.4984503984451294,0.18941766023635864,2167.077880859375,0.10080654919147491,0.6055999994277954,0.0003261366246697199
766,0.017764892429113388,203.24349975585938,0.4988672137260437,0.18833956122398376,2154.74365234375,0.10089927911758423,0.6059701442718506,0.00032500798865044015
767,0.017702464945614338,202.52925872802734,0.49913206696510315,0.18871010839939117,2158.98291015625,0.10039512813091278,0.6041759252548218,0.00032388072335401294
768,0.01771827321499586,202.71009826660156,0.4985470175743103,0.19140133261680603,2189.7724609375,0.10061031579971313,0.6052073240280151,0.00032275483650658863
769,0.017748551443219185,203.05653381347656,0.49886101484298706,0.1876104474067688,2146.40185546875,0.1006898581981659,0.6052237749099731,0.0003216303358248698
770,0.017706796526908875,202.57884216308594,0.4987823963165283,0.1897379606962204,2170.7421875,0.1005827933549881,0.6045221090316772,0.0003205072290160579
771,0.017645545303821564,201.87805938720703,0.4984476864337921,0.1914101094007492,2189.873046875,0.10051536560058594,0.604351818561554,0.00031938552377780156
772,0.01756979525089264,201.0114288330078,0.49838799238204956,0.18857243657112122,2157.40771484375,0.10059355199337006,0.6049357056617737,0.0003182652277981427
773,0.017598380334675312,201.33847045898438,0.49868279695510864,0.1888495236635208,2160.578125,0.10059034824371338,0.6053714752197266,0.00031714634875546453
774,0.01763145811855793,201.71690368652344,0.49843694269657135,0.18963970243930817,2169.618408203125,0.10051557421684265,0.6046605706214905,0.0003160288943184385
775,0.01758679188787937,201.20590209960938,0.49852216243743896,0.18886394798755646,2160.7431640625,0.10059705376625061,0.6045016050338745,0.0003149128721459727
776,0.017681986093521118,202.29497528076172,0.4986306130886078,0.190338596701622,2177.6142578125,0.10076997429132462,0.6052643060684204,0.0003137982898871578
777,0.017584826797246933,201.1833953857422,0.49866482615470886,0.18908323347568512,2163.251953125,0.10052824765443802,0.6053227186203003,0.00031268515518121574
778,0.017599339596927166,201.34944915771484,0.49853119254112244,0.19088301062583923,2183.842529296875,0.10070536285638809,0.6054010987281799,0.00031157347565744745
779,0.017627068795263767,201.66668701171875,0.49748772382736206,0.19062265753746033,2180.8642578125,0.10058826208114624,0.6037840247154236,0.00031046325893517953
780,0.017597646452486515,201.330078125,0.4986175298690796,0.19060686230659485,2180.68310546875,0.10084688663482666,0.6056228876113892,0.0003093545126237135
781,0.017574427649378777,201.0644302368164,0.4986555129289627,0.19020026922225952,2176.03173828125,0.1006728783249855,0.6049966812133789,0.0003082472443222721
782,0.017670977860689163,202.16903686523438,0.49833838641643524,0.18917877972126007,2164.344970703125,0.1002410426735878,0.6032988429069519,0.0003071414616199486
783,0.017581047490239143,201.14016723632812,0.4979768395423889,0.1912480741739273,2188.01904296875,0.10059504956007004,0.6046197414398193,0.0003060371720956537
784,0.017670590430498123,202.1646270751953,0.4984967112541199,0.19054235517978668,2179.9453125,0.10071734338998795,0.6050758361816406,0.000304934383318064
785,0.017571428790688515,201.03013610839844,0.4985244572162628,0.1896296590566635,2169.503173828125,0.1004161685705185,0.6046110391616821,0.0003038331028455703
786,0.017662594094872475,202.07312774658203,0.4982726275920868,0.1910829395055771,2186.1298828125,0.10059156268835068,0.6051367521286011,0.00030273333822622596
787,0.017611151561141014,201.48458862304688,0.49852921068668365,0.19137947261333466,2189.5224609375,0.10060839354991913,0.6049720048904419,0.0003016350969976943
788,0.017583854496479034,201.17229461669922,0.4985138475894928,0.19278623163700104,2205.616455078125,0.10046184062957764,0.6034966111183167,0.0003005383866871976
789,0.017668675631284714,202.14270782470703,0.49808230996131897,0.18964089453220367,2169.632080078125,0.10053793340921402,0.6041713953018188,0.00029944321481146564
790,0.01758863776922226,201.2270050048828,0.4988362342119217,0.18920406699180603,2164.63427734375,0.10061509162187576,0.6056676506996155,0.0002983495888766842
791,0.017701069824397564,202.5133056640625,0.49867188930511475,0.19230826199054718,2200.1484375,0.10061272978782654,0.6046253442764282,0.0002972575163784426
792,0.017639254219830036,201.80609893798828,0.4977843761444092,0.19027234613895416,2176.856201171875,0.10007181018590927,0.6021037101745605,0.00029616700480168337
793,0.01755952462553978,200.8939208984375,0.49787595868110657,0.19068969786167145,2181.631103515625,0.10060390830039978,0.604699969291687,0.0002950780616206511
794,0.0176631361246109,202.07933044433594,0.4984036386013031,0.19040264189243317,2178.3466796875,0.10091748833656311,0.6063241958618164,0.0002939906942988402
795,0.01755221839994192,200.81034088134766,0.4978432059288025,0.1900884062051773,2174.751708984375,0.10040487349033356,0.6033113598823547,0.0002929049102889447
796,0.017574911005795002,201.0699691772461,0.4978148937225342,0.19310450553894043,2209.2578125,0.10043662786483765,0.6036703586578369,0.0002918207170328063
797,0.017533456906676292,200.59569549560547,0.49823471903800964,0.19032245874404907,2177.429443359375,0.10059453547000885,0.6049312353134155,0.00029073812196136464
798,0.0176007985137403,201.36612701416016,0.49867598712444305,0.18901467323303223,2162.46728515625,0.1007087379693985,0.6054881811141968,0.0002896571324946049
799,0.017560984008014202,200.9106216430664,0.49815595149993896,0.1926002949476242,2203.48974609375,0.10031475126743317,0.6033344268798828,0.00028857775604150754
800,0.017611233051866293,201.48550415039062,0.4974035322666168,0.19119088351726532,2187.364990234375,0.10041544586420059,0.6035628318786621,0.0002874999999999982
801,0.017447207123041153,199.60892486572266,0.4983094036579132,0.19112899899482727,2186.656982421875,0.10073245316743851,0.6052387356758118,0.0002864238717568964
802,0.017494368366897106,200.14850616455078,0.4982282221317291,0.19135549664497375,2189.248291015625,0.1007072776556015,0.6050440073013306,0.0002853493786878643
803,0.017493457533419132,200.13807678222656,0.49808114767074585,0.19107471406459808,2186.035888671875,0.10065042972564697,0.6046016216278076,0.0002842765281573569
804,0.017452345229685307,199.667724609375,0.4983651041984558,0.19130472838878632,2188.667236328125,0.10079820454120636,0.6055167317390442,0.0002832053275185721
805,0.017478915862739086,199.97171020507812,0.49832749366760254,0.19138921797275543,2189.63427734375,0.10059279948472977,0.6048626899719238,0.0002821357841133988
806,0.017447153106331825,199.60830688476562,0.49833473563194275,0.19091002643108368,2184.151611328125,0.10048941522836685,0.6039040088653564,0.00028106790527236784
807,0.01748870313167572,200.08367156982422,0.4979588985443115,0.19218528270721436,2198.7412109375,0.10071919858455658,0.6049835085868835,0.000280001698314601
808,0.01738438941538334,198.89025115966797,0.498325452208519,0.1912389099597931,2187.91455078125,0.10058598220348358,0.604289174079895,0.0002789371705477618
809,0.017419052310287952,199.2868194580078,0.49788470566272736,0.19085665047168732,2183.541015625,0.1005280464887619,0.6042134761810303,0.00027787432926800414
810,0.01741729862987995,199.26676177978516,0.49830982089042664,0.19109924137592316,2186.31640625,0.10048046708106995,0.6045931577682495,0.0002768131817599229
811,0.017393289599567652,198.99208068847656,0.4979926198720932,0.1905139833688736,2179.62060546875,0.10042771697044373,0.6040612459182739,0.0002757537352965046
812,0.017391030676662922,198.96623992919922,0.4978438466787338,0.1924298107624054,2201.5390625,0.10067515075206757,0.6046571731567383,0.0002746959971390768
813,0.017391848377883434,198.97557830810547,0.4979492127895355,0.19225402176380157,2199.5283203125,0.10042311251163483,0.6038075685501099,0.00027363997453725824
814,0.017369786277413368,198.72318267822266,0.49766668677330017,0.19134186208248138,2189.09228515625,0.10034433007240295,0.6037116050720215,0.0002725856747289093
815,0.01739149820059538,198.97159576416016,0.49758027493953705,0.19162583351135254,2192.3408203125,0.10059629380702972,0.6048555970191956,0.0002715331049400833
816,0.017410635016858578,199.1905059814453,0.4980486333370209,0.19140395522117615,2189.802734375,0.10070257633924484,0.6050426959991455,0.00027048227238497547
817,0.01737622730433941,198.79686737060547,0.49790506064891815,0.1907692402601242,2182.540771484375,0.10045479238033295,0.6042813062667847,0.0002694331842658745
818,0.01736296061426401,198.64510345458984,0.4983997941017151,0.19172002375125885,2193.418701171875,0.10053278505802155,0.6047790050506592,0.0002683858477731127
819,0.01736297272145748,198.6452178955078,0.4976785182952881,0.19092713296413422,2184.347412109375,0.10046645998954773,0.6039091348648071,0.00026734027008501753
820,0.017348756082355976,198.4825668334961,0.4979092478752136,0.19181375205516815,2194.49072265625,0.10064651072025299,0.6047214269638062,0.00026629645836786115
821,0.017319010570645332,198.14227294921875,0.49787554144859314,0.19265230000019073,2204.08447265625,0.10058055818080902,0.6043661832809448,0.00026525441977581207
822,0.01736597903072834,198.67961883544922,0.4979041516780853,0.1906248778104782,2180.889404296875,0.10027088224887848,0.6033900380134583,0.0002642141614508862
823,0.017352133989334106,198.52125549316406,0.4977226257324219,0.19118033349514008,2187.244140625,0.10036402940750122,0.603816032409668,0.00026317569052289796
824,0.01734802220016718,198.47418212890625,0.49744875729084015,0.19136500358581543,2189.35693359375,0.10054031014442444,0.6047759652137756,0.0002621390141094105
825,0.0173338009044528,198.3114776611328,0.4979425072669983,0.19200211763381958,2196.64599609375,0.10065774619579315,0.604690670967102,0.00026110413931568785
826,0.01735032442957163,198.50051879882812,0.49779778718948364,0.19205787777900696,2197.28369140625,0.10055074840784073,0.6041853427886963,0.00026007107323464617
827,0.01734831463545561,198.4775161743164,0.4976136386394501,0.19233576953411102,2200.46337890625,0.10042935609817505,0.6038872599601746,0.0002590398229468046
828,0.01734717469662428,198.46448516845703,0.4980236887931824,0.19190898537635803,2195.580810546875,0.10061964392662048,0.6045382022857666,0.0002580103955202371
829,0.01736913900822401,198.7157745361328,0.49758380651474,0.19214868545532227,2198.322998046875,0.10039421916007996,0.6035651564598083,0.00025698279801052387
830,0.01732707116752863,198.23448181152344,0.4974256157875061,0.1914750188589096,2190.61572265625,0.10022065043449402,0.6032698154449463,0.00025595703746070355
831,0.01730907615274191,198.02861785888672,0.4973294883966446,0.19217365980148315,2198.6083984375,0.10044734179973602,0.6042323708534241,0.00025493312090122365
832,0.017319140024483204,198.14376068115234,0.49769115447998047,0.1911325305700302,2186.697265625,0.10045991092920303,0.6042147278785706,0.00025391105534989405
833,0.01731965970247984,198.14969635009766,0.49770697951316833,0.19191940128803253,2195.69970703125,0.1003110334277153,0.6038727760314941,0.00025289084781183725
834,0.017328333109617233,198.24893951416016,0.49737241864204407,0.19158275425434113,2191.84814453125,0.10045964270830154,0.6044521331787109,0.0002518725052794418
835,0.01731295231729746,198.07295989990234,0.49761074781417847,0.19271861016750336,2204.84326171875,0.1004256084561348,0.6039146184921265,0.0002508560347323132
836,0.017302491702139378,197.95327758789062,0.4972618818283081,0.1927383989095688,2205.0693359375,0.10024318099021912,0.6029320955276489,0.00024984144313722667
837,0.017298332415521145,197.90570831298828,0.4975949376821518,0.1920882612466812,2197.631591796875,0.1003408208489418,0.6039326190948486,0.0002488287374480797
838,0.017313252203166485,198.07640075683594,0.49751920998096466,0.1915595829486847,2191.5830078125,0.10039404034614563,0.6042846441268921,0.0002478179246058435
839,0.01735665090382099,198.5728988647461,0.4976065754890442,0.19265173375606537,2204.077880859375,0.10034038871526718,0.6038187742233276,0.00024680901153851614
840,0.01729181408882141,197.83110809326172,0.4974203258752823,0.19098246097564697,2184.980224609375,0.10020911693572998,0.6031162738800049,0.00024580200516107463
841,0.017301357351243496,197.9403076171875,0.4974144399166107,0.1926487684249878,2204.044189453125,0.10032261908054352,0.6037178039550781,0.0002447969123754282
842,0.01729801669716835,197.9020767211914,0.49735787510871887,0.1929929554462433,2207.98193359375,0.10039926320314407,0.6042059063911438,0.00024379374007037007
843,0.01729972753673792,197.92166900634766,0.4979613423347473,0.1920042335987091,2196.669921875,0.10035296529531479,0.6034587621688843,0.0002427924951215309
844,0.017365639097988605,198.6757354736328,0.4974007308483124,0.19142206013202667,2190.009521484375,0.10039161890745163,0.6040927171707153,0.00024179318439133176
845,0.017332907766103745,198.30126190185547,0.49755069613456726,0.19271168112754822,2204.76416015625,0.10043831914663315,0.603981614112854,0.00024079581472893628
846,0.017378421500325203,198.82196807861328,0.4970487356185913,0.19172468781471252,2193.471923828125,0.10019731521606445,0.6025126576423645,0.00023980039297020447
847,0.01740597328171134,199.13720703125,0.49781283736228943,0.19195793569087982,2196.140625,0.10038748383522034,0.6044418811798096,0.00023880692593764542
848,0.017387421801686287,198.9249496459961,0.497968852519989,0.1935134083032608,2213.93603515625,0.1004161536693573,0.6043689250946045,0.0002378154204403713
849,0.017319816164672375,198.1514892578125,0.4977629780769348,0.1913330852985382,2188.99169921875,0.10000405460596085,0.6018577814102173,0.00023682588327404957
850,0.017318841069936752,198.1403350830078,0.4970260560512543,0.19233529269695282,2200.4580078125,0.10020613670349121,0.603133499622345,0.0002358383212208572
851,0.017269017174839973,197.5703125,0.49720774590969086,0.19347481429576874,2213.49462890625,0.10043324530124664,0.6041179895401001,0.00023485274104943372
852,0.017271012533456087,197.5931396484375,0.49721433222293854,0.19078436493873596,2182.714111328125,0.1002340316772461,0.6032236814498901,0.00023386914951483565
853,0.017286903224885464,197.77493286132812,0.49779805541038513,0.19178034365177155,2194.1083984375,0.10024183988571167,0.6035648584365845,0.00023288755335848884
854,0.017301269806921482,197.9392852783203,0.4973004162311554,0.19345217943191528,2213.235595703125,0.10023373365402222,0.6028792858123779,0.00023190795930814366
855,0.01723459828644991,197.176513671875,0.49712803959846497,0.19160057604312897,2192.05224609375,0.10029372572898865,0.6030706167221069,0.0002309303740778282
856,0.01727006398141384,197.58228302001953,0.4976152777671814,0.19283221662044525,2206.142822265625,0.10027536749839783,0.6034615635871887,0.00022995480436780198
857,0.01723144482821226,197.14047241210938,0.4970354586839676,0.19306696951389313,2208.828857421875,0.10005412995815277,0.6026647090911865,0.00022898125686451055
858,0.01728273741900921,197.72728729248047,0.49672985076904297,0.19215810298919678,2198.430908203125,0.09999194741249084,0.6024534702301025,0.0002280097382405394
859,0.017272431403398514,197.60936737060547,0.497004970908165,0.19363556802272797,2215.333984375,0.1002437025308609,0.6032643914222717,0.00022704025515456867
860,0.01732112467288971,198.16645050048828,0.4967312514781952,0.19286003708839417,2206.46142578125,0.10020584613084793,0.60262131690979,0.00022607281425132667
861,0.017211100086569786,196.9076919555664,0.49697133898735046,0.19104105234146118,2185.65087890625,0.10015711188316345,0.6030270457267761,0.0002251074221615451
862,0.017243380658328533,197.27701568603516,0.497128888964653,0.19234076142311096,2200.5205078125,0.10026977956295013,0.6041836738586426,0.0002241440855019131
863,0.017248019576072693,197.33008575439453,0.49730947613716125,0.19300423562526703,2208.111083984375,0.10025699436664581,0.6035752296447754,0.00022318281087503253
864,0.0172322578728199,197.14976501464844,0.49719852209091187,0.1925855427980423,2203.321044921875,0.10013878345489502,0.6027824878692627,0.00022222360486937176
865,0.01722361147403717,197.0508270263672,0.49702873826026917,0.1942489892244339,2222.35205078125,0.10017290711402893,0.6029655337333679,0.00022126647405922153
866,0.017245229333639145,197.2981719970703,0.49693408608436584,0.19301152229309082,2208.1943359375,0.10001376271247864,0.6026138663291931,0.00022031142500464942
867,0.017178542912006378,196.53521728515625,0.4968859404325485,0.1921188086271286,2197.98095703125,0.10006323456764221,0.6026139259338379,0.00021935846425145445
868,0.017201787792146206,196.80116271972656,0.4969806969165802,0.19369901716709137,2216.0595703125,0.10028713941574097,0.603394627571106,0.000218407598331123
869,0.017179018817842007,196.54066467285156,0.4971289485692978,0.19396312534809113,2219.081298828125,0.10022752732038498,0.6032811403274536,0.00021745883376078344
870,0.017201963812112808,196.80315399169922,0.4976744204759598,0.19362162053585052,2215.174072265625,0.10003386437892914,0.6022553443908691,0.00021651217704316225
871,0.017172190360724926,196.4625244140625,0.49687299132347107,0.19283272325992584,2206.1484375,0.10006657242774963,0.6028686761856079,0.00021556763466653835
872,0.017178731970489025,196.53736114501953,0.497065931558609,0.1933586150407791,2212.165283203125,0.10004158318042755,0.6027495861053467,0.0002146252131046995
873,0.0171889066696167,196.6537857055664,0.4970591068267822,0.19259074330329895,2203.38037109375,0.1001569926738739,0.6031680107116699,0.00021368491881689739
874,0.0171818770468235,196.5733413696289,0.497117280960083,0.19367872178554535,2215.82763671875,0.10012279450893402,0.6027179956436157,0.00021274675824780405
875,0.01717407163232565,196.4840545654297,0.49682022631168365,0.1932312697172165,2210.70849609375,0.10001403093338013,0.602387547492981,0.00021181073782746673
876,0.017157203517854214,196.29108428955078,0.4967096298933029,0.1933288425207138,2211.82470703125,0.10013414919376373,0.6032423973083496,0.0002108768639712647
877,0.017193082720041275,196.7015609741211,0.49721044301986694,0.1923312097787857,2200.4111328125,0.10026847571134567,0.6035791039466858,0.00020994514307986494
878,0.017166003584861755,196.39176177978516,0.4974640905857086,0.1935378462076187,2214.216064453125,0.10003064572811127,0.6022148132324219,0.00020901558153917806
879,0.01713026873767376,195.9829330444336,0.4966832399368286,0.19418111443519592,2221.5751953125,0.09994376450777054,0.6021733283996582,0.00020808818572031463
880,0.01712153758853674,195.8830337524414,0.49659228324890137,0.19346021115779877,2213.32763671875,0.09996654093265533,0.6024163365364075,0.00020716296197954175
881,0.017126773484051228,195.94292449951172,0.4968196749687195,0.19260497391223907,2203.54345703125,0.10001114010810852,0.602422297000885,0.00020623991665823956
882,0.017131930217146873,196.0019302368164,0.49619701504707336,0.19372613728046417,2216.369873046875,0.09992454946041107,0.6016964316368103,0.0002053190560828572
883,0.01717272214591503,196.4686279296875,0.49655038118362427,0.19436603784561157,2223.69091796875,0.09993072599172592,0.6020441055297852,0.0002044003865648699
884,0.017142239958047867,196.11988067626953,0.49690818786621094,0.19234877824783325,2200.612060546875,0.09997159242630005,0.6027846932411194,0.00020348391440073562
885,0.017224925570189953,197.06584930419922,0.49646374583244324,0.193789541721344,2217.095458984375,0.10004548728466034,0.6030281782150269,0.000202569645871852
886,0.01713271625339985,196.01092529296875,0.4966408461332321,0.19479702413082123,2228.6220703125,0.09997641295194626,0.6017966270446777,0.00020165758724451346
887,0.017164396587759256,196.37337493896484,0.4964340925216675,0.1932930052280426,2211.414794921875,0.09981925785541534,0.6009244918823242,0.00020074774476986729
888,0.01719838473945856,196.76222229003906,0.4965716302394867,0.19363783299922943,2215.35986328125,0.10000557452440262,0.6024346351623535,0.0001998401246838723
889,0.017187729477882385,196.64031219482422,0.4970000386238098,0.19323553144931793,2210.757080078125,0.10011516511440277,0.6033934354782104,0.0001989347332072547
890,0.01712305285036564,195.9003677368164,0.4969654232263565,0.19219407439231873,2198.842041015625,0.09984895586967468,0.6020042300224304,0.0001980315765454664
891,0.017162988893687725,196.3572540283203,0.49628230929374695,0.19418393075466156,2221.607421875,0.09995444864034653,0.6021786332130432,0.0001971306608886418
892,0.017141795717179775,196.1147918701172,0.4968148469924927,0.195077046751976,2231.82568359375,0.10019136965274811,0.603265106678009,0.00019623199241155628
893,0.017153517343103886,196.24890899658203,0.4968979209661484,0.19329765439033508,2211.4677734375,0.09999600797891617,0.6024028062820435,0.00019533557727358282
894,0.017159528099000454,196.31766510009766,0.4967012405395508,0.1935272067785263,2214.09375,0.09996697306632996,0.6023032665252686,0.00019444142161865034
895,0.01720339898020029,196.81958770751953,0.49696184694767,0.19398272037506104,2219.3056640625,0.10021713376045227,0.6031603813171387,0.0001935495315752015
896,0.017197931185364723,196.75704956054688,0.4971330910921097,0.19258944690227509,2203.36572265625,0.10004863142967224,0.6028503179550171,0.0001926599132561509
897,0.0171165456995368,195.82592010498047,0.4969518184661865,0.19359789788722992,2214.90283203125,0.0998414158821106,0.601686954498291,0.00019177257275884303
898,0.017145403660833836,196.1560516357422,0.496509850025177,0.19363822042942047,2215.3642578125,0.09989112615585327,0.6018825769424438,0.00019088751616501006
899,0.0171211464330554,195.87855529785156,0.4966571182012558,0.19349688291549683,2213.74755859375,0.09995627403259277,0.6025500297546387,0.00019000474954073107
900,0.01712772622704506,195.95384216308594,0.4968006908893585,0.19340290129184723,2212.67236328125,0.10012031346559525,0.6029810309410095,0.00018912427893638946
901,0.01714961603283882,196.2042694091797,0.4968092143535614,0.19451002776622772,2225.338134765625,0.09996643662452698,0.6018031239509583,0.0001882461103866322
902,0.017137671820819378,196.06763458251953,0.49643324315547943,0.19419509172439575,2221.7353515625,0.09987883269786835,0.6016151905059814,0.0001873702499103281
903,0.017100119031965733,195.63796997070312,0.49662111699581146,0.19361458718776703,2215.09375,0.09997573494911194,0.6028455495834351,0.00018649670351052704
904,0.017165559343993664,196.3866729736328,0.49674829840660095,0.19443337619304657,2224.46142578125,0.09997466951608658,0.6028367280960083,0.00018562547717441803
905,0.01707238145172596,195.32064056396484,0.4963580220937729,0.19403508305549622,2219.90478515625,0.09975050389766693,0.6012700796127319,0.00018475657687328892
906,0.01716122217476368,196.33705139160156,0.49664121866226196,0.19439548254013062,2224.028076171875,0.0997394546866417,0.6008127927780151,0.0001838900085624849
907,0.017075838521122932,195.36021423339844,0.4962901175022125,0.19501537084579468,2231.119873046875,0.09986644983291626,0.6018885970115662,0.0001830257781813683
908,0.017117640934884548,195.83844757080078,0.49639397859573364,0.1936957836151123,2216.022705078125,0.09982369840145111,0.6022816896438599,0.00018216389165327752
909,0.01708987168967724,195.52074432373047,0.49652598798274994,0.19377146661281586,2216.888671875,0.09991352260112762,0.6021585464477539,0.000181304354885486
910,0.017081850674003363,195.4289779663086,0.49650153517723083,0.19473828375339508,2227.949951171875,0.09989719092845917,0.6019315719604492,0.00018044717376916293
911,0.01707950234413147,195.40213012695312,0.49663037061691284,0.1945818066596985,2226.159423828125,0.09988372772932053,0.6017358303070068,0.00017959235417933138
912,0.017062007449567318,195.2019500732422,0.4969880133867264,0.19343531131744385,2213.042724609375,0.09977525472640991,0.6019561886787415,0.0001787399019748292
913,0.017066330648958683,195.25142669677734,0.49647286534309387,0.19431465864181519,2223.103271484375,0.09980524331331253,0.6017891764640808,0.00017788982299826814
914,0.017048933543264866,195.05240631103516,0.49628058075904846,0.19385115802288055,2217.80029296875,0.09982296824455261,0.6017167568206787,0.0001770421230759947
915,0.01703898049890995,194.93851470947266,0.49628885090351105,0.19379538297653198,2217.162353515625,0.09992635250091553,0.6020292043685913,0.00017619680801804905
916,0.017043176107108593,194.98651123046875,0.4964972138404846,0.1941145658493042,2220.81396484375,0.09986413270235062,0.6020456552505493,0.00017535388361812596
917,0.017041189596056938,194.9637908935547,0.49648529291152954,0.1940842866897583,2220.4677734375,0.09976308047771454,0.6019226312637329,0.0001745133556535347
918,0.017043096479028463,194.98560333251953,0.4962822198867798,0.19475848972797394,2228.180908203125,0.09971950203180313,0.6015881299972534,0.00017367522988516001
919,0.0170186972245574,194.70645141601562,0.4961252808570862,0.19460242986679077,2226.3955078125,0.09982806444168091,0.6017776131629944,0.00017283951205742212
920,0.017066551372408867,195.25395965576172,0.49644601345062256,0.19444702565670013,2224.617919921875,0.09995466470718384,0.6021941900253296,0.0001720062078982373
921,0.017027775291353464,194.81031799316406,0.49648067355155945,0.19403666257858276,2219.9228515625,0.09984756261110306,0.6022697687149048,0.0001711753231189792
922,0.01704624854028225,195.0216522216797,0.49644051492214203,0.1947593092918396,2228.1904296875,0.09991085529327393,0.6022440791130066,0.00017034686341443875
923,0.017016567289829254,194.6821060180664,0.49639807641506195,0.19405411183834076,2220.122314453125,0.09988311678171158,0.6018297672271729,0.00016952083446278627
924,0.01702110655605793,194.7340316772461,0.4963730722665787,0.1936444640159607,2215.435546875,0.09991973638534546,0.6020055413246155,0.0001686972419255314
925,0.01701084477826953,194.61661529541016,0.4965401589870453,0.19510585069656372,2232.155029296875,0.09996561706066132,0.6025614738464355,0.00016787609144748545
926,0.01702879276126623,194.82196807861328,0.49647174775600433,0.19493739306926727,2230.22802734375,0.09977822005748749,0.6017366647720337,0.00016705738865672182
927,0.017013946548104286,194.6521224975586,0.4963684678077698,0.19407092034816742,2220.314697265625,0.09964689612388611,0.6010295748710632,0.0001662411391645376
928,0.017011343501508236,194.62232971191406,0.49628376960754395,0.19497522711753845,2230.66064453125,0.09990003705024719,0.6020593047142029,0.00016542734856541546
929,0.01703928131610155,194.94196319580078,0.49636223912239075,0.19454391300678253,2225.72607421875,0.0999237596988678,0.6022120714187622,0.0001646160224369851
930,0.01701207645237446,194.6307144165039,0.49650537967681885,0.1940346360206604,2219.8994140625,0.09976979345083237,0.6018701791763306,0.00016380716633998502
931,0.016993132419884205,194.41397094726562,0.4963376224040985,0.19530870020389557,2234.4755859375,0.09979408979415894,0.6017909646034241,0.00016300078581822424
932,0.017035685945302248,194.90081787109375,0.49656420946121216,0.19473156332969666,2227.872802734375,0.09986793994903564,0.6019520163536072,0.0001621968863985447
933,0.016985644586384296,194.32830047607422,0.4958726465702057,0.19414247572422028,2221.13330078125,0.09968651086091995,0.6007865071296692,0.00016139547359078288
934,0.01701446995139122,194.65809631347656,0.4962518513202667,0.19528156518936157,2234.165283203125,0.09973157942295074,0.6009553670883179,0.00016059655288773252
935,0.016993184573948383,194.41458129882812,0.4958905726671219,0.19484299421310425,2229.147705078125,0.0997915267944336,0.6016770601272583,0.00015980012976510652
936,0.016996209509670734,194.4491958618164,0.4961186349391937,0.19373999536037445,2216.52880859375,0.09984096884727478,0.6022489666938782,0.00015900620968149992
937,0.017009091563522816,194.59656524658203,0.4966871738433838,0.19483166933059692,2229.01806640625,0.09985379874706268,0.6022674441337585,0.00015821479807835208
938,0.016965576447546482,194.09871673583984,0.4966551661491394,0.19591234624385834,2241.381591796875,0.09977240860462189,0.6012553572654724,0.00015742590037990937
939,0.01700408849865198,194.5393295288086,0.4961782544851303,0.19481122493743896,2228.7841796875,0.09975985437631607,0.6012563705444336,0.00015663952199318837
940,0.016984491609036922,194.31513214111328,0.49612773954868317,0.1948731243610382,2229.49267578125,0.09970660507678986,0.6013240218162537,0.00015585566830793863
941,0.016982493456453085,194.2922821044922,0.4961504489183426,0.19506290555000305,2231.66357421875,0.0998118594288826,0.602103590965271,0.00015507434469660543
942,0.01697682775557041,194.22744750976562,0.49639856815338135,0.19413377344608307,2221.03369140625,0.09981277585029602,0.602067232131958,0.00015429555651429316
943,0.016990745440125465,194.38668060302734,0.49652399122714996,0.1944778859615326,2224.970947265625,0.0998096689581871,0.6018053293228149,0.0001535193090987291
944,0.016987782903015614,194.35277557373047,0.49629104137420654,0.19569043815135956,2238.843017578125,0.09980065375566483,0.6020039319992065,0.00015274560777022597
945,0.016970192082226276,194.15151977539062,0.49622926115989685,0.19525866210460663,2233.9033203125,0.09978023916482925,0.6018193364143372,0.0001519744578316461
946,0.01695031300187111,193.92410278320312,0.49622102081775665,0.19435864686965942,2223.6064453125,0.09980763494968414,0.6017308831214905,0.00015120586456836467
947,0.016966003458946943,194.10360717773438,0.496203750371933,0.19492585957050323,2230.095947265625,0.09980181604623795,0.6016992330551147,0.00015043983324823402
948,0.016975484788417816,194.21206665039062,0.49618953466415405,0.19492007791996002,2230.029541015625,0.09990396350622177,0.6022918820381165,0.00014967636912154703
949,0.01695177797228098,193.94085693359375,0.4965090751647949,0.19478361308574677,2228.46826171875,0.0997447669506073,0.601515531539917,0.0001489154774210012
950,0.0169592360034585,194.02617645263672,0.4962560832500458,0.19471922516822815,2227.73193359375,0.0996558666229248,0.6013794541358948,0.00014815716336166314
951,0.016952073201537132,193.94422912597656,0.49626028537750244,0.19529980421066284,2234.3740234375,0.0997457206249237,0.6016348600387573,0.00014740143214093265
952,0.01694643869996071,193.87977600097656,0.49615395069122314,0.19520887732505798,2233.333740234375,0.09971083700656891,0.6015799045562744,0.00014664828893850676
953,0.016988619230687618,194.36235809326172,0.4959733784198761,0.19481591880321503,2228.838134765625,0.0997709184885025,0.6015034914016724,0.00014589773891634448
954,0.01696427632123232,194.0838623046875,0.4961119294166565,0.1947270631790161,2227.821533203125,0.09963390231132507,0.6011680364608765,0.00014514978721863196
955,0.01696724398061633,194.1177978515625,0.4960145801305771,0.19554582238197327,2237.188720703125,0.09964416176080704,0.6012001037597656,0.00014440443897174618
956,0.016963628120720387,194.0764389038086,0.4960540235042572,0.19454410672187805,2225.728271484375,0.09965811669826508,0.6013964414596558,0.00014366169928422062
957,0.016934357583522797,193.74156188964844,0.49617791175842285,0.19412417709827423,2220.924072265625,0.099754199385643,0.6018753051757812,0.00014292157324670982
958,0.016962893307209015,194.0680160522461,0.4963538646697998,0.19499808549880981,2230.921875,0.09985435754060745,0.6020570993423462,0.00014218406593195502
959,0.01696202903985977,194.0581512451172,0.4963535666465759,0.19535450637340546,2234.999755859375,0.09978847205638885,0.6017258167266846,0.0001414491823947486
960,0.016968168318271637,194.1283721923828,0.4961846321821213,0.19512133300304413,2232.33203125,0.09954559057950974,0.6008338928222656,0.00014071692767189998
961,0.016933093778789043,193.7270965576172,0.49595677852630615,0.19547712802886963,2236.40283203125,0.09968562424182892,0.6013321280479431,0.0001399873067822011
962,0.016951550729572773,193.9382781982422,0.4960423409938812,0.19517120718955994,2232.903076171875,0.0997258871793747,0.6015828251838684,0.00013926032472639198
963,0.016935128718614578,193.75038146972656,0.4961976706981659,0.19486004114151,2229.3427734375,0.09980259090662003,0.601751446723938,0.00013853598648712619
964,0.016943502239882946,193.84616088867188,0.49595674872398376,0.19539713859558105,2235.4873046875,0.09966117143630981,0.6011083126068115,0.00013781429702893668
965,0.01691331248730421,193.50078582763672,0.4960021525621414,0.19519488513469696,2233.173583984375,0.09965497255325317,0.6014773845672607,0.0001370952612982025
966,0.016921302303671837,193.5921859741211,0.49609239399433136,0.19478780031204224,2228.516357421875,0.09965542703866959,0.6016345024108887,0.00013637888422311393
967,0.016911965794861317,193.48538208007812,0.4963492304086685,0.1955195516347885,2236.887939453125,0.09964125603437424,0.6012170314788818,0.0001356651707136392
968,0.016911773942410946,193.48318481445312,0.49601542949676514,0.19544419646263123,2236.02587890625,0.09970066696405411,0.601486325263977,0.0001349541256614906
969,0.01689879223704338,193.33464813232422,0.4959924519062042,0.19554345309734344,2237.16162109375,0.09963782131671906,0.6012194156646729,0.00013424575394009169
970,0.016933151055127382,193.72775268554688,0.4959366172552109,0.19494874775409698,2230.357421875,0.09965118765830994,0.6011034250259399,0.0001335400604045427
971,0.016912613064050674,193.49279022216797,0.4959919899702072,0.1953955441713333,2235.469482421875,0.0996197834610939,0.6011838912963867,0.00013283704989158803
972,0.01690422184765339,193.39678192138672,0.4959404021501541,0.19544006884098053,2235.978759765625,0.09960328042507172,0.6011046171188354,0.00013213672721958315
973,0.01689834101125598,193.3295135498047,0.49591875076293945,0.19560708105564117,2237.88916015625,0.0996304303407669,0.6011639833450317,0.00013143909718846137
974,0.01689743995666504,193.31919860839844,0.49589382112026215,0.19565396010875702,2238.425537109375,0.09962299466133118,0.601210355758667,0.00013074416457970058
975,0.01689304504543543,193.2689208984375,0.49594515562057495,0.1949414610862732,2230.274658203125,0.09958438575267792,0.6011213660240173,0.00013005193415629106
976,0.016924421302974224,193.62789154052734,0.4961341917514801,0.19450360536575317,2225.2646484375,0.09959770739078522,0.6014502644538879,0.00012936241066270287
977,0.01692410232499242,193.6242218017578,0.4960417002439499,0.1952708512544632,2234.042724609375,0.09966246783733368,0.6014440059661865,0.00012867559882485266
978,0.01692556543275714,193.64096069335938,0.49610473215579987,0.19553859531879425,2237.10595703125,0.09957797825336456,0.6008061766624451,0.00012799150335007184
979,0.016916404478251934,193.53616333007812,0.4957732558250427,0.19553856551647186,2237.10595703125,0.09963901340961456,0.601381778717041,0.00012731012892707418
980,0.016884529031813145,193.17147827148438,0.4959701746702194,0.19548161327838898,2236.4541015625,0.09964831173419952,0.6014479398727417,0.00012663148022592377
981,0.01689291652292013,193.26742553710938,0.4961951822042465,0.1952940672636032,2234.308349609375,0.09960298240184784,0.6009600162506104,0.00012595556189800284
982,0.01689178217202425,193.25446319580078,0.49599260091781616,0.19525249302387238,2233.8330078125,0.09963599592447281,0.6011586785316467,0.00012528237857597978
983,0.016884567216038704,193.17193603515625,0.49585482478141785,0.19550220668315887,2236.689453125,0.09964584559202194,0.6012347936630249,0.00012461193487377773
984,0.016885497607290745,193.18256378173828,0.495893269777298,0.19553589820861816,2237.0751953125,0.09960660338401794,0.601118803024292,0.00012394423538654298
985,0.01688623335212469,193.19097900390625,0.4959360808134079,0.1958025097846985,2240.125,0.09961200505495071,0.6013072729110718,0.0001232792846906129
986,0.01687282044440508,193.03752899169922,0.49593621492385864,0.19556760787963867,2237.4375,0.09958820044994354,0.6011267900466919,0.000122617087343485
987,0.016896584071218967,193.30939483642578,0.4961317181587219,0.19514858722686768,2232.64404296875,0.09957066178321838,0.6013108491897583,0.00012195764788378597
988,0.016880344599485397,193.1236114501953,0.49588629603385925,0.19563497602939606,2238.20849609375,0.09957811236381531,0.6010814905166626,0.00012130097083123988
989,0.01687076035887003,193.01394653320312,0.4958517998456955,0.19537566602230072,2235.24169921875,0.09957128763198853,0.6009564399719238,0.00012064706068663775
990,0.01687733083963394,193.08911895751953,0.4957621395587921,0.19534118473529816,2234.847412109375,0.0995815247297287,0.6008257865905762,0.00011999592193180642
991,0.016861945390701294,192.91310119628906,0.49578115344047546,0.19549697637557983,2236.6298828125,0.0995422974228859,0.6008720993995667,0.0001193475590295782
992,0.016890822909772396,193.2434844970703,0.49572885036468506,0.19541636109352112,2235.707763671875,0.09948591887950897,0.6008889079093933,0.00011870197642375958
993,0.016895041801035404,193.29175567626953,0.4956539124250412,0.19497108459472656,2230.613037109375,0.09953665733337402,0.6011678576469421,0.00011805917853910158
994,0.01687799859791994,193.09676361083984,0.4958556741476059,0.1956065595149994,2237.883544921875,0.09951984882354736,0.6009214520454407,0.00011741916978126905
995,0.0168888783082366,193.2212371826172,0.49581995606422424,0.19585345685482025,2240.708251953125,0.0995766818523407,0.6009241342544556,0.00011678195453681021
996,0.016871746629476547,193.02521514892578,0.49578849971294403,0.1951318383216858,2232.4521484375,0.09946046024560928,0.6004551649093628,0.00011614753717312706
997,0.016867856960743666,192.98072814941406,0.49571722745895386,0.1951158046722412,2232.268798828125,0.09946108609437943,0.6007950305938721,0.00011551592203844503
998,0.01687632780522108,193.07764434814453,0.4958164691925049,0.19595025479793549,2241.8154296875,0.0995776355266571,0.6011303067207336,0.00011488711346178371
999,0.016874877735972404,193.06106567382812,0.49595117568969727,0.196065291762352,2243.131591796875,0.09958723932504654,0.6009059548377991,0.00011426111575292664
1000,0.016849668696522713,192.77265167236328,0.49578529596328735,0.1952572911977768,2233.8876953125,0.09955083578824997,0.6007763147354126,0.00011363793320239197
1001,0.016871400643140078,193.0212860107422,0.49577780067920685,0.1954842060804367,2236.4833984375,0.09964272379875183,0.6013809442520142,0.00011301757008140304
1002,0.016857161186635494,192.85836791992188,0.49629421532154083,0.1953871101140976,2235.37255859375,0.09961012005805969,0.601510763168335,0.00011240003064185949
1003,0.016879690811038017,193.11612701416016,0.49587711691856384,0.19553254544734955,2237.03662109375,0.09946383535861969,0.6008548736572266,0.00011178531911630718
1004,0.01685883104801178,192.8774871826172,0.495702788233757,0.19575034081935883,2239.528564453125,0.09950192272663116,0.6009430885314941,0.0001111734397179102
1005,0.016868220642209053,192.9849090576172,0.4960256814956665,0.1955363005399704,2237.079833984375,0.09959505498409271,0.6013652682304382,0.00011056439664042159
1006,0.016888370271772146,193.2154083251953,0.4957282394170761,0.195641428232193,2238.282470703125,0.09952914714813232,0.600654125213623,0.00010995819405815428
1007,0.01687365211546421,193.0470428466797,0.4955802857875824,0.19548839330673218,2236.531982421875,0.09941740334033966,0.6005051136016846,0.00010935483612595288
1008,0.016845361795276403,192.7233657836914,0.4956844449043274,0.19548089802265167,2236.446044921875,0.09948649257421494,0.6008328199386597,0.00010875432697916504
1009,0.016860931180417538,192.90149688720703,0.49576233327388763,0.19541966915130615,2235.745361328125,0.0995485931634903,0.6009334325790405,0.00010815667073361336
1010,0.016835876740515232,192.6148681640625,0.4957505762577057,0.19563637673854828,2238.224609375,0.09952283650636673,0.6008926630020142,0.00010756187148556673
1011,0.016843652352690697,192.7038116455078,0.49566036462783813,0.19574348628520966,2239.4501953125,0.09943875670433044,0.6007540225982666,0.00010696993331171266
1012,0.01683324808254838,192.58477783203125,0.495670348405838,0.19524934887886047,2233.79638671875,0.09947720915079117,0.6009571552276611,0.00010638086026912896
1013,0.01684041228145361,192.66675567626953,0.4957059174776077,0.19553405046463013,2237.0537109375,0.09950345754623413,0.6008508205413818,0.0001057946563952565
1014,0.016832221299409866,192.5730438232422,0.4956982135772705,0.19557814300060272,2237.558349609375,0.09950818121433258,0.6008978486061096,0.00010521132570787084
1015,0.016845726408064365,192.72754669189453,0.4957600384950638,0.1957801878452301,2239.869873046875,0.09950663894414902,0.6009901762008667,0.00010463087220505528
1016,0.016839000396430492,192.6505889892578,0.49568985402584076,0.19622647762298584,2244.9755859375,0.09947165101766586,0.6009163856506348,0.00010405329986517322
1017,0.016832970082759857,192.58162689208984,0.4956296682357788,0.19585521519184113,2240.728515625,0.09945319592952728,0.6005716323852539,0.00010347861264684072
1018,0.01683497056365013,192.60448455810547,0.49566490948200226,0.19543683528900146,2235.94189453125,0.09946496784687042,0.6003680229187012,0.00010290681448889955
1019,0.016833599656820297,192.58879852294922,0.495492160320282,0.19561463594436646,2237.97607421875,0.09953005611896515,0.6008185744285583,0.00010233790931039032
1020,0.016821647062897682,192.4520721435547,0.4956745058298111,0.19579386711120605,2240.0263671875,0.09949187934398651,0.6008937358856201,0.0001017719010105255
1021,0.016827384009957314,192.51769256591797,0.4956788569688797,0.19571174681186676,2239.087158203125,0.0994475781917572,0.6007270812988281,0.00010120879346866256
1022,0.01683978969231248,192.65962982177734,0.4955940693616867,0.1956726759672165,2238.64013671875,0.09946803748607635,0.6005885601043701,0.00010064859054427746
1023,0.01683664321899414,192.62362670898438,0.495633989572525,0.19579647481441498,2240.05615234375,0.09946552664041519,0.6006273031234741,0.00010009129607693832
1024,0.016823177225887775,192.46957397460938,0.4956764578819275,0.1959797441959381,2242.153076171875,0.09949120879173279,0.6006648540496826,9.953691388627918e-05
1025,0.016830160282552242,192.54944610595703,0.49567076563835144,0.19565382599830627,2238.424072265625,0.09948483109474182,0.6006908416748047,9.898544777197328e-05
1026,0.016829894855618477,192.54642486572266,0.49575382471084595,0.19517159461975098,2232.906982421875,0.0994495153427124,0.6008679866790771,9.843690151370771e-05
1027,0.016834561247378588,192.5998077392578,0.49558569490909576,0.19551032781600952,2236.78271484375,0.0994623601436615,0.6008955240249634,9.789127887115725e-05
1028,0.016828791238367558,192.5337905883789,0.49564382433891296,0.19573526084423065,2239.35595703125,0.09941026568412781,0.6005090475082397,9.734858358395826e-05
1029,0.016808449290692806,192.3010711669922,0.4954756647348404,0.19600506126880646,2242.44287109375,0.09943497180938721,0.6004654169082642,9.680881937168352e-05
1030,0.016836930066347122,192.62692260742188,0.49552135169506073,0.19612617790699005,2243.82861328125,0.09952643513679504,0.6007180213928223,9.627198993381637e-05
1031,0.016811136156320572,192.33181762695312,0.4955994188785553,0.19556446373462677,2237.402099609375,0.09948834776878357,0.6007174253463745,9.573809894972587e-05
1032,0.01681938860565424,192.42623138427734,0.49570177495479584,0.1952921599149704,2234.28662109375,0.0994301289319992,0.6008803248405457,9.520715007864097e-05
1033,0.0168210593983531,192.44532775878906,0.49563513696193695,0.19599823653697968,2242.364501953125,0.09946176409721375,0.600986123085022,9.46791469596257e-05
1034,0.01682519866153598,192.49271392822266,0.49558761715888977,0.1959899216890335,2242.269287109375,0.09944649040699005,0.6009880304336548,9.415409321155435e-05
1035,0.01681355107575655,192.35943603515625,0.4955107420682907,0.1956823170185089,2238.75,0.09938555210828781,0.6004283428192139,9.363199243308662e-05
1036,0.016819740179926157,192.43024444580078,0.49561333656311035,0.19557245075702667,2237.4931640625,0.09947898983955383,0.6007324457168579,9.31128482026426e-05
1037,0.016808983869850636,192.30718994140625,0.4956846833229065,0.19555485248565674,2237.2919921875,0.0994691401720047,0.6008801460266113,9.259666407837888e-05
1038,0.016801530495285988,192.22191619873047,0.4956575185060501,0.19558803737163544,2237.67138671875,0.09943218529224396,0.6007440090179443,9.208344359816365e-05
1039,0.01680321153253317,192.24115753173828,0.4955272674560547,0.19554899632930756,2237.22509765625,0.09938091784715652,0.6003551483154297,9.157319027955257e-05
1040,0.01681380160152912,192.3623046875,0.49547477066516876,0.19586199522018433,2240.805908203125,0.09935314208269119,0.6003753542900085,9.106590761976478e-05
1041,0.016810175962746143,192.3208236694336,0.495452418923378,0.19606748223304749,2243.156982421875,0.09939109534025192,0.6003110408782959,9.056159909565868e-05
1042,0.016813638620078564,192.36044311523438,0.4954519271850586,0.19578026235103607,2239.870361328125,0.09937675297260284,0.600297212600708,9.006026816370866e-05
1043,0.016805059742182493,192.26229095458984,0.495417982339859,0.19561009109020233,2237.923828125,0.09943652153015137,0.6007528901100159,8.956191825998066e-05
1044,0.016790837980806828,192.0995864868164,0.4955592304468155,0.1960218995809555,2242.635498046875,0.0994001030921936,0.6005791425704956,8.90665528001092e-05
1045,0.016809734981507063,192.31575775146484,0.4954770803451538,0.19596508145332336,2241.985107421875,0.09936778247356415,0.6005650162696838,8.85741751792735e-05
1046,0.016785613726824522,192.03981018066406,0.4953918159008026,0.19611816108226776,2243.736572265625,0.09928614646196365,0.5999933481216431,8.808478877217474e-05
1047,0.016791263595223427,192.10445404052734,0.49529585242271423,0.19620159268379211,2244.691162109375,0.09935413300991058,0.600127100944519,8.75983969330127e-05
1048,0.016817441675812006,192.40394592285156,0.49550144374370575,0.19617894291877747,2244.43212890625,0.09947377443313599,0.600506603717804,8.711500299546234e-05
1049,0.016791380010545254,192.10579681396484,0.49544641375541687,0.19609834253787994,2243.509765625,0.09937998652458191,0.6003292202949524,8.663461027265183e-05
1050,0.01678863912820816,192.07442474365234,0.49548114836215973,0.19584424793720245,2240.602783203125,0.09935665130615234,0.6004877686500549,8.615722205713893e-05
1051,0.016785745974630117,192.04132843017578,0.49545808136463165,0.19580645859241486,2240.17041015625,0.09932772070169449,0.6005245447158813,8.568284162088912e-05
1052,0.016785535030066967,192.0389175415039,0.495466023683548,0.19599470496177673,2242.323974609375,0.09937885403633118,0.6005614995956421,8.521147221525264e-05
1053,0.016782409511506557,192.00315856933594,0.4954671710729599,0.19586890935897827,2240.885009765625,0.09943073987960815,0.6006439328193665,8.474311707094275e-05
1054,0.01679363753646612,192.13160705566406,0.4955282211303711,0.19586199522018433,2240.80615234375,0.09943115711212158,0.6007184982299805,8.427777939801318e-05
1055,0.016785568557679653,192.03929901123047,0.495499387383461,0.19602274894714355,2242.64501953125,0.0993785411119461,0.6005416512489319,8.381546238583621e-05
1056,0.016776887234300375,191.9399642944336,0.4954944849014282,0.19598889350891113,2242.257568359375,0.09935224801301956,0.600475013256073,8.335616920308072e-05
1057,0.016783648170530796,192.01732635498047,0.49552540481090546,0.19600480794906616,2242.439697265625,0.09933054447174072,0.6002817153930664,8.289990299769094e-05
1058,0.016788300126791,192.07054901123047,0.4953814446926117,0.19605664908885956,2243.032958984375,0.09934407472610474,0.6003667712211609,8.244666689686438e-05
1059,0.016776669770479202,191.93749237060547,0.49541206657886505,0.19615136086940765,2244.116455078125,0.0993378758430481,0.6002887487411499,8.199646400703035e-05
1060,0.016780643723905087,191.98294830322266,0.49535976350307465,0.195841982960701,2240.576904296875,0.09932529926300049,0.6002740859985352,8.154929741382928e-05
1061,0.016765284352004528,191.8072280883789,0.4953592121601105,0.19564960896968842,2238.3759765625,0.09929629415273666,0.6002039909362793,8.110517018209074e-05
1062,0.01677208673208952,191.88506317138672,0.49541494250297546,0.19598335027694702,2242.1943359375,0.09935543686151505,0.6003388166427612,8.066408535581314e-05
1063,0.016779803205281496,191.9733428955078,0.49557994306087494,0.1963476687669754,2246.3623046875,0.09937360137701035,0.6003210544586182,8.022604595814239e-05
1064,0.016776548698544502,191.9361114501953,0.4954148530960083,0.1962125599384308,2244.81640625,0.09939277917146683,0.6006312370300293,7.979105499135165e-05
1065,0.016775956377387047,191.9293212890625,0.49538594484329224,0.19600510597229004,2242.44287109375,0.09933717548847198,0.600317120552063,7.935911543682016e-05
1066,0.0167719847522676,191.8839111328125,0.49524733424186707,0.19585394859313965,2240.713623046875,0.09929719567298889,0.6001165509223938,7.893023025501332e-05
1067,0.01676447968930006,191.7980194091797,0.49535682797431946,0.19579945504665375,2240.09033203125,0.09933172166347504,0.6002954244613647,7.850440238546205e-05
1068,0.01676789950579405,191.837158203125,0.49542436003685,0.1958833634853363,2241.050048828125,0.0993693470954895,0.6005363464355469,7.808163474674299e-05
1069,0.01677427999675274,191.9101333618164,0.4954492151737213,0.1959562748670578,2241.88427734375,0.09930549561977386,0.6002784371376038,7.766193023645818e-05
1070,0.016787700355052948,192.06368255615234,0.49533991515636444,0.19628174602985382,2245.608154296875,0.09923648834228516,0.5999094843864441,7.724529173121533e-05
1071,0.016774514690041542,191.912841796875,0.4953702986240387,0.1960504949092865,2242.962646484375,0.09931778907775879,0.6003872156143188,7.683172208660811e-05
1072,0.016773157753050327,191.8972930908203,0.4954100251197815,0.19583654403686523,2240.5146484375,0.09934964776039124,0.6004875898361206,7.64212241371966e-05
1073,0.016756909899413586,191.71143341064453,0.49539537727832794,0.19597135484218597,2242.056884765625,0.09931281954050064,0.6003265380859375,7.601380069648772e-05
1074,0.016759078949689865,191.73623657226562,0.4952853322029114,0.19626091420650482,2245.36962890625,0.09930151700973511,0.6001410484313965,7.560945455691606e-05
1075,0.016763688065111637,191.78897857666016,0.49538347125053406,0.1962866634130478,2245.6640625,0.09928494691848755,0.6001620292663574,7.520818848982493e-05
1076,0.01675539929419756,191.69415283203125,0.49535398185253143,0.19632282853126526,2246.078125,0.0992884561419487,0.6002848148345947,7.481000524544694e-05
1077,0.016757091507315636,191.7135009765625,0.4953114092350006,0.19634592533111572,2246.342529296875,0.09929658472537994,0.600333571434021,7.441490755288545e-05
1078,0.016767569817602634,191.8333740234375,0.49524112045764923,0.19631581008434296,2245.99755859375,0.09926629811525345,0.6000391244888306,7.40228981200958e-05
1079,0.016755961813032627,191.70057678222656,0.4953286349773407,0.196150541305542,2244.10693359375,0.09929613023996353,0.6002947092056274,7.363397963386676e-05
1080,0.016760501079261303,191.75251007080078,0.49534904956817627,0.19618454575538635,2244.49658203125,0.09934012591838837,0.6004163026809692,7.324815475980216e-05
1081,0.016757987439632416,191.72373962402344,0.495406836271286,0.19609172642230988,2243.43408203125,0.09929704666137695,0.6002343893051147,7.286542614230237e-05
1082,0.016758209094405174,191.7262725830078,0.4953310191631317,0.19586895406246185,2240.885498046875,0.09928280115127563,0.6001909375190735,7.248579640454658e-05
1083,0.016764608211815357,191.7994842529297,0.49534595012664795,0.19590474665164948,2241.295166015625,0.09929443895816803,0.6002752184867859,7.21092681484745e-05
1084,0.01676510088145733,191.80514526367188,0.49536246061325073,0.196335107088089,2246.21826171875,0.09932425618171692,0.6003801822662354,7.173584395476858e-05
1085,0.016763961873948574,191.79209899902344,0.4953959584236145,0.19608204066753387,2243.323486328125,0.09927894175052643,0.6002432107925415,7.136552638283643e-05
1086,0.016749785281717777,191.62991333007812,0.4953017681837082,0.19616898894309998,2244.31787109375,0.09925646334886551,0.5999922156333923,7.099831797079326e-05
1087,0.01675773411989212,191.7208480834961,0.495432049036026,0.19647014141082764,2247.763427734375,0.09924744069576263,0.5998473167419434,7.063422123544448e-05
1088,0.01674877107143402,191.61829376220703,0.49525992572307587,0.19637547433376312,2246.6806640625,0.09930737316608429,0.6001859903335571,7.027323867226813e-05
1089,0.01677212305366993,191.88546752929688,0.4952612519264221,0.19624686241149902,2245.208740234375,0.09922535717487335,0.6000550389289856,6.99153727553985e-05
1090,0.016748271882534027,191.6125946044922,0.49528782069683075,0.1962747722864151,2245.5283203125,0.09924036264419556,0.6000356078147888,6.956062593760838e-05
1091,0.016743413172662258,191.55702209472656,0.4952050745487213,0.19622904062271118,2245.00537109375,0.099250927567482,0.6000009775161743,6.920900065029282e-05
1092,0.016739346086978912,191.510498046875,0.49517910182476044,0.19635465741157532,2246.4423828125,0.09923102706670761,0.5999643802642822,6.886049930345211e-05
1093,0.016742710955440998,191.54898071289062,0.4952094852924347,0.19656194746494293,2248.81396484375,0.09926575422286987,0.6000676155090332,6.851512428567553e-05
1094,0.016742466017603874,191.5461654663086,0.49525660276412964,0.19653266668319702,2248.478759765625,0.09928639978170395,0.6001486778259277,6.817287796412468e-05
1095,0.016742580570280552,191.54747772216797,0.49527013301849365,0.19629059731960297,2245.70947265625,0.0992446318268776,0.5999740362167358,6.783376268451766e-05
1096,0.01674441620707512,191.56847381591797,0.49528634548187256,0.19599293172359467,2242.3037109375,0.09923865646123886,0.6001040935516357,6.749778077111247e-05
1097,0.01674364786595106,191.55968475341797,0.4952118396759033,0.19623637199401855,2245.089111328125,0.09919938445091248,0.5999867916107178,6.716493452669165e-05
1098,0.0167422816157341,191.54405975341797,0.49519483745098114,0.19646751880645752,2247.7333984375,0.09921342879533768,0.6001015901565552,6.683522623254604e-05
1099,0.016738991253077984,191.50643157958984,0.4952452778816223,0.19638866186141968,2246.8310546875,0.09924228489398956,0.6000845432281494,6.650865814845932e-05
1100,0.016741185449063778,191.53152465820312,0.4952017515897751,0.19631724059581757,2246.01416015625,0.09921997040510178,0.5999141335487366,6.618523251269263e-05
1101,0.016733909025788307,191.4482879638672,0.4952550232410431,0.1963115781545639,2245.94970703125,0.09924472868442535,0.6000427007675171,6.586495154196912e-05
1102,0.016729476861655712,191.3975830078125,0.4952322244644165,0.19635547697544098,2246.45166015625,0.09929445385932922,0.6003526449203491,6.554781743145862e-05
1103,0.016728434711694717,191.38565063476562,0.4952595680952072,0.19619959592819214,2244.66845703125,0.09928254038095474,0.6003943681716919,6.523383235476278e-05
1104,0.016732141375541687,191.42804718017578,0.49527743458747864,0.19625230133533478,2245.271240234375,0.09921671450138092,0.6000887155532837,6.49229984639003e-05
1105,0.016738299280405045,191.49849700927734,0.4951507896184921,0.196457639336586,2247.620361328125,0.0992048904299736,0.5998680591583252,6.461531788929177e-05
1106,0.016732946038246155,191.43726348876953,0.49517175555229187,0.1965433806180954,2248.60107421875,0.09922470152378082,0.5999341607093811,6.431079273974535e-05
1107,0.01673544431105256,191.46585083007812,0.49509647488594055,0.1963576078414917,2246.47607421875,0.09921950101852417,0.59989333152771,6.400942510244239e-05
1108,0.01672926265746355,191.39511108398438,0.4951448142528534,0.1961798518896103,2244.4423828125,0.09918836504220963,0.5999661684036255,6.371121704292297e-05
1109,0.016730718314647675,191.41177368164062,0.49517183005809784,0.19641128182411194,2247.09033203125,0.09919300675392151,0.5999823808670044,6.341617060507163e-05
1110,0.01672859862446785,191.3875274658203,0.49506714940071106,0.19641101360321045,2247.087158203125,0.09917224943637848,0.5997973084449768,6.312428781110369e-05
1111,0.016739418730139732,191.51131439208984,0.4951237887144089,0.19634106755256653,2246.28662109375,0.09916433691978455,0.5997211933135986,6.283557066155111e-05
1112,0.01673235185444355,191.4304656982422,0.49513277411460876,0.19634664058685303,2246.3505859375,0.0992644801735878,0.6001710891723633,6.255002113524892e-05
1113,0.016729125753045082,191.39354705810547,0.4952373206615448,0.19630661606788635,2245.892578125,0.0992916077375412,0.6002287864685059,6.226764118932163e-05
1114,0.016730451956391335,191.4087142944336,0.4952574670314789,0.19618670642375946,2244.52099609375,0.09928498417139053,0.6002455949783325,6.198843275916973e-05
1115,0.01675127912312746,191.64700317382812,0.49523746967315674,0.19637955725193024,2246.7275390625,0.09918084740638733,0.5998206734657288,6.171239775845655e-05
1116,0.01672855019569397,191.3869400024414,0.4951587915420532,0.19639785587787628,2246.936279296875,0.09915797412395477,0.5998215675354004,6.143953807909508e-05
1117,0.01672621490433812,191.36023712158203,0.4951116442680359,0.19640730321407318,2247.04443359375,0.09918136149644852,0.5999638438224792,6.116985559123498e-05
1118,0.016717487014830112,191.26038360595703,0.4951941817998886,0.19641320407390594,2247.112060546875,0.09918200969696045,0.600029468536377,6.090335214324984e-05
1119,0.016721379943192005,191.30492401123047,0.4951564073562622,0.19643858075141907,2247.40234375,0.09920273721218109,0.600023090839386,6.064002956172453e-05
1120,0.016728900372982025,191.3909912109375,0.4951755702495575,0.196533665060997,2248.490234375,0.09920984506607056,0.6000497937202454,6.037988965144241e-05
1121,0.016727011650800705,191.36937713623047,0.49530288577079773,0.19636555016040802,2246.567138671875,0.0992424339056015,0.6002086997032166,6.012293419537334e-05
1122,0.0167221175506711,191.3133773803711,0.495132252573967,0.19626595079898834,2245.42724609375,0.09922270476818085,0.6000044345855713,5.986916495466128e-05
1123,0.016724814660847187,191.34423065185547,0.4951343834400177,0.19617843627929688,2244.42626953125,0.0992160439491272,0.5999578237533569,5.961858366861222e-05
1124,0.01672001276165247,191.2892837524414,0.4952211380004883,0.19637630879878998,2246.68994140625,0.09922873973846436,0.6000934839248657,5.937119205468223e-05
1125,0.016716747544705868,191.2519302368164,0.49517016112804413,0.19678787887096405,2251.3984375,0.09922349452972412,0.6001072525978088,5.91269918084656e-05
1126,0.01672345120459795,191.32862854003906,0.4950491636991501,0.1967543065547943,2251.0146484375,0.09917573630809784,0.5998409390449524,5.8885984603683615e-05
1127,0.016714530996978283,191.2265853881836,0.4950934648513794,0.1963883936405182,2246.828125,0.09917910397052765,0.5999120473861694,5.864817209217264e-05
1128,0.016719759441912174,191.28638458251953,0.49513131380081177,0.19651223719120026,2248.244873046875,0.09917755424976349,0.5998607277870178,5.8413555903872954e-05
1129,0.016719600185751915,191.28457641601562,0.4951990842819214,0.19670113921165466,2250.40625,0.09921906888484955,0.6000145673751831,5.818213764681764e-05
1130,0.01671296264976263,191.20863342285156,0.4951147437095642,0.19654540717601776,2248.62451171875,0.09919898957014084,0.5998646020889282,5.795391890712165e-05
1131,0.016715710051357746,191.2400665283203,0.4950409084558487,0.19645392894744873,2247.577880859375,0.09914128482341766,0.5995233058929443,5.772890124897052e-05
1132,0.016713888384401798,191.21922302246094,0.4950178861618042,0.19624949991703033,2245.2392578125,0.09910687804222107,0.5995523929595947,5.750708621461015e-05
1133,0.016712320037186146,191.20127868652344,0.4950420707464218,0.19650663435459137,2248.180908203125,0.0991288498044014,0.5997954607009888,5.7288475324335926e-05
1134,0.016718300990760326,191.26972198486328,0.49503345787525177,0.19664263725280762,2249.73681640625,0.09914430230855942,0.5998502373695374,5.707307007648245e-05
1135,0.01670938916504383,191.1677474975586,0.4950902462005615,0.19631479680538177,2245.986328125,0.09914297610521317,0.5998828411102295,5.686087194741311e-05
1136,0.01671398337930441,191.22032165527344,0.495054692029953,0.19631367921829224,2245.9736328125,0.09913097321987152,0.599724531173706,5.665188239151017e-05
1137,0.016715831588953733,191.24144744873047,0.4951287508010864,0.19649790227413177,2248.080810546875,0.09919725358486176,0.5999457240104675,5.64461028411647e-05
1138,0.016715127043426037,191.2333984375,0.4951167404651642,0.19670261442661285,2250.42333984375,0.09918910264968872,0.5998964309692383,5.624353470676659e-05
1139,0.01671714335680008,191.2564697265625,0.4950748682022095,0.1965915709733963,2249.153076171875,0.0991712212562561,0.5998746156692505,5.604417937669519e-05
1140,0.016709321178495884,191.16697692871094,0.49506261944770813,0.19667381048202515,2250.09375,0.099167600274086,0.5999268889427185,5.5848038217309645e-05
1141,0.016708360984921455,191.15597534179688,0.4951014965772629,0.1967850774526596,2251.366455078125,0.09913589060306549,0.5998662710189819,5.565511257293943e-05
1142,0.01670558750629425,191.12425994873047,0.4950887858867645,0.19676774740219116,2251.16845703125,0.09913242608308792,0.5997453927993774,5.546540376587535e-05
1143,0.01670363638550043,191.1019287109375,0.49502553045749664,0.19684205949306488,2252.0185546875,0.09914416819810867,0.5997867584228516,5.5278913096360385e-05
1144,0.016703144647181034,191.0963134765625,0.49505768716335297,0.19676648080348969,2251.15380859375,0.09914339333772659,0.5998216867446899,5.509564184258057e-05
1145,0.016705774702131748,191.12641143798828,0.49504226446151733,0.1967039555311203,2250.4384765625,0.09914310276508331,0.599812388420105,5.491559126065666e-05
1146,0.01670309342443943,191.09574127197266,0.49503935873508453,0.19656269252300262,2248.822509765625,0.09914189577102661,0.599736213684082,5.473876258463519e-05
1147,0.016706368885934353,191.13318634033203,0.4950452446937561,0.1965082585811615,2248.19970703125,0.09910877794027328,0.5995101928710938,5.4565157026480045e-05
1148,0.01671087183058262,191.18472290039062,0.49507519602775574,0.1965366005897522,2248.52392578125,0.09911589324474335,0.5997021198272705,5.4394775776064313e-05
1149,0.01670385617762804,191.10446166992188,0.49505189061164856,0.19664953649044037,2249.815673828125,0.09919382631778717,0.6000640988349915,5.4227620001162025e-05
1150,0.016705986112356186,191.12881469726562,0.4951326549053192,0.19654853641986847,2248.66015625,0.09917767345905304,0.6000745296478271,5.406369084744009e-05
1151,0.016702947206795216,191.09403228759766,0.495088592171669,0.1965111643075943,2248.23291015625,0.09914486110210419,0.599900484085083,5.3902989438450625e-05
1152,0.01670105569064617,191.07240295410156,0.49503764510154724,0.1966128796339035,2249.396484375,0.09912244230508804,0.5997331142425537,5.374551687562308e-05
1153,0.01669600885361433,191.01467895507812,0.49496719241142273,0.19683197140693665,2251.903076171875,0.09911197423934937,0.5996303558349609,5.359127423825671e-05
1154,0.016705696936696768,191.1255111694336,0.49501660466194153,0.19662542641162872,2249.540283203125,0.09913549572229385,0.5998234152793884,5.344026258351339e-05
1155,0.016697646118700504,191.03340911865234,0.49501922726631165,0.19661226868629456,2249.3896484375,0.09912846237421036,0.599719762802124,5.3292482946410026e-05
1156,0.0166954742744565,191.008544921875,0.4949684739112854,0.19663763046264648,2249.6796875,0.09910868108272552,0.5995391607284546,5.31479363398117e-05
1157,0.016699799802154303,191.05803680419922,0.49486003816127777,0.1968669295310974,2252.302978515625,0.09909063577651978,0.5994042754173279,5.3006623754424726e-05
1158,0.01670641265809536,191.13372039794922,0.49492448568344116,0.19700899720191956,2253.928466796875,0.09908239543437958,0.5996242165565491,5.2868546158789644e-05
1159,0.016693722922354937,190.98851776123047,0.49496814608573914,0.19690720736980438,2252.763671875,0.09911787509918213,0.5997452139854431,5.2733704499274955e-05
1160,0.016686531715095043,190.90625,0.4949991703033447,0.19676193594932556,2251.1015625,0.09912942349910736,0.5998176336288452,5.260209970007019e-05
1161,0.01669425144791603,190.99456024169922,0.49497638642787933,0.19670367240905762,2250.435302734375,0.09912213683128357,0.599746584892273,5.2473732663179926e-05
1162,0.016693945042788982,190.9910659790039,0.4950294494628906,0.19670583307743073,2250.4599609375,0.0991247296333313,0.5997428894042969,5.234860426841754e-05
1163,0.016695493832230568,191.00878143310547,0.49499474465847015,0.1967746466398239,2251.24755859375,0.09910312294960022,0.5996778011322021,5.2226715373398944e-05
1164,0.01669298019260168,190.98001098632812,0.4949885308742523,0.196620374917984,2249.482421875,0.09909116476774216,0.5997543334960938,5.2108066813537e-05
1165,0.016688800416886806,190.9322052001953,0.4949883371591568,0.19648924469947815,2247.982177734375,0.09909658133983612,0.5998169183731079,5.199265940203566e-05
1166,0.016689520329236984,190.94044494628906,0.49501387774944305,0.19661694765090942,2249.44287109375,0.09912663698196411,0.5998945236206055,5.188049392988447e-05
1167,0.01669308729469776,190.98123931884766,0.4950365275144577,0.19672457873821259,2250.674560546875,0.09914064407348633,0.5998528003692627,5.1771571165852905e-05
1168,0.016691814176738262,190.96665954589844,0.49499601125717163,0.19678205251693726,2251.331787109375,0.09909042716026306,0.5996297597885132,5.1665891856485427e-05
1169,0.016685208305716515,190.89111328125,0.4949137568473816,0.19692829251289368,2253.005126953125,0.09907440841197968,0.5995166301727295,5.156345672609624e-05
1170,0.016696011647582054,191.01468658447266,0.49500545859336853,0.19704189896583557,2254.3046875,0.09907858073711395,0.5994633436203003,5.146426647676422e-05
1171,0.016686148941516876,190.90185546875,0.49488742649555206,0.19687944650650024,2252.4462890625,0.0990852415561676,0.5995678901672363,5.1368321788328216e-05
1172,0.016684724017977715,190.88556671142578,0.49491092562675476,0.19673040509223938,2250.7412109375,0.09908176958560944,0.5995631217956543,5.127562331838241e-05
1173,0.016685388050973415,190.89315795898438,0.4949105232954025,0.19646432995796204,2247.697021484375,0.09905850887298584,0.5995538234710693,5.118617170227173e-05
1174,0.0166905727237463,190.95248413085938,0.49491091072559357,0.19658894836902618,2249.122802734375,0.09903512895107269,0.5995083451271057,5.109996755308749e-05
1175,0.016682523302733898,190.8603973388672,0.4948962330818176,0.19693219661712646,2253.0498046875,0.0990472361445427,0.5995357036590576,5.101701146166335e-05
1176,0.016683805733919144,190.8750457763672,0.49491116404533386,0.19691656529903412,2252.870849609375,0.09905721247196198,0.599594235420227,5.093730399657101e-05
1177,0.016684535890817642,190.88340759277344,0.49497659504413605,0.19667895138263702,2250.15234375,0.0990818440914154,0.5997638702392578,5.086084570411652e-05
1178,0.016685549169778824,190.8949966430664,0.4950367510318756,0.19674570858478546,2250.916259765625,0.09909370541572571,0.5997166633605957,5.0787637108336547e-05
1179,0.016693128738552332,190.9817352294922,0.4950118213891983,0.1967701017856598,2251.1953125,0.09912353754043579,0.5998974442481995,5.071767871099448e-05
1180,0.016685270704329014,190.8918228149414,0.49501149356365204,0.19699889421463013,2253.8125,0.09907427430152893,0.5995845198631287,5.0650970991577424e-05
1181,0.016683919820934534,190.87637329101562,0.49489782750606537,0.19678449630737305,2251.360107421875,0.09902039170265198,0.5993286967277527,5.058751440729254e-05
1182,0.016680888831615448,190.84166717529297,0.4948536306619644,0.19676050543785095,2251.08544921875,0.09900418668985367,0.5992974042892456,5.0527309393064295e-05
1183,0.01667886320501566,190.81851959228516,0.4948350787162781,0.19703656435012817,2254.243896484375,0.09900989383459091,0.5993714928627014,5.047035636153093e-05
1184,0.016688254661858082,190.92595672607422,0.4947989732027054,0.19717344641685486,2255.81005859375,0.09904098510742188,0.5995535850524902,5.0416655703042264e-05
1185,0.01668874267488718,190.93154907226562,0.49488405883312225,0.1971612125635147,2255.669677734375,0.09904323518276215,0.5995869636535645,5.036620778565662e-05
1186,0.01667685993015766,190.79559326171875,0.4949309676885605,0.19695091247558594,2253.263671875,0.09903676807880402,0.5994731783866882,5.031901295513829e-05
1187,0.016678642481565475,190.8159942626953,0.49490539729595184,0.19678308069705963,2251.34375,0.09904327243566513,0.5995510816574097,5.027507153495538e-05
1188,0.01668062712997198,190.8386993408203,0.49497097730636597,0.1968984752893448,2252.6640625,0.0990573912858963,0.5996692180633545,5.023438382627749e-05
1189,0.016676466912031174,190.7910919189453,0.49495643377304077,0.1969621330499649,2253.39208984375,0.09905537962913513,0.5995419025421143,5.019695010797366e-05
1190,0.016678811982274055,190.81792449951172,0.49488116800785065,0.19695495069026947,2253.31005859375,0.09903445839881897,0.5993867516517639,5.01627706366103e-05
1191,0.01667741686105728,190.80197143554688,0.494838684797287,0.19683168828487396,2251.899658203125,0.09903480112552643,0.599371075630188,5.0131845646449734e-05
1192,0.01667831838130951,190.81228637695312,0.4948267489671707,0.1968635618686676,2252.2646484375,0.09901474416255951,0.5993724465370178,5.010417534944839e-05
1193,0.016675785183906555,190.78330993652344,0.4948243349790573,0.19710133969783783,2254.98486328125,0.09900681674480438,0.5994302034378052,5.0079759935255375e-05
1194,0.01667420519515872,190.76522827148438,0.4948290288448334,0.19710135459899902,2254.985107421875,0.09901976585388184,0.599471926689148,5.005859957121122e-05
1195,0.01668548258021474,190.8942413330078,0.4948306083679199,0.19711914658546448,2255.188720703125,0.09899141639471054,0.599376916885376,5.0040694402346674e-05
1196,0.01667394582182169,190.76226043701172,0.4948238134384155,0.19700057804584503,2253.83203125,0.09901536256074905,0.5994657278060913,5.0026044551381734e-05
1197,0.01666978606954217,190.71466064453125,0.4948348253965378,0.19680635631084442,2251.6103515625,0.09902369976043701,0.5994998216629028,5.001465011872491e-05
1198,0.016671014949679375,190.72872924804688,0.49484068155288696,0.19667907059192657,2250.15380859375,0.09901081025600433,0.5994117259979248,5.0006511182472296e-05
1199,0.016673489473760128,190.75701141357422,0.49483194947242737,0.19674193859100342,2250.873046875,0.09900043904781342,0.5994663238525391,5.000162779840723e-05
1200,0.016677929554134607,190.80783081054688,0.4948784112930298,0.19686128199100494,2252.238037109375,0.09905177354812622,0.5996403694152832,5e-05
